ets Jul 29 2019 12:21:46

rst:0x1 (POWERON_RESET),boot:0x12 (SPI_FAST_FLASH_BOOT)
configsip: 0, SPIWP:0xee
clk_drv:0x00,q_drv:0x00,d_drv:0x00,cs0_drv:0x00,hd_drv:0x00,wp_drv:0x00
mode:DIO, clock div:2
load:0x3fff0030,len:1184
load:0x40078000,len:13232
load:0x40080400,len:3028
entry 0x400805e4


============
CLIENT SETUP
============
[BOOT] RESET_REASON=1 POWERON
[INSTR-PREV];valid;0
[HEAP] 00:00:00 167928 165596 110580 (init)
[PSRM] 00:00:00 0
[EFUS]...Two Point: NOT supported
[EFUS]...Vref: NOT supported
[INIT]...initMheard
[INIT]...init_flash
[INIT]...build Sep 26 2026 / 14:21:13
[INIT]...FLASH layout 20260724 ok, build 20260909
[TIME]...Loaded time persistence: saved_time=0, mheard_time=0, msg_time=0
[QEMU]...headless defaults: web+console ON, wifiAP/gateway/extudp OFF
[QEMU]...virtual GPS enabled (bGPSON=true); NMEA expected on UART1
[INIT].._GW_ID: 00000000
[INIT]...Initialize clock: ok
[LoRa]...SX1268 chip Initializing ... success
[EXTRADIO] enabled, bridge 10.0.2.2:7000, auth=password
[LoRa]...All settings successfully changed
[BLE ]...Device started with BLE-Name <MC-0000-TE5T-1>
[QEMU]...BLE/NimBLE disabled (no backend in QEMU); BLE init skipped
[BLE ]...Waiting a client connection to notify...
==============
CLIENT STARTED
==============
[QEMU]...starting OpenETH (esp_eth_start)
[WIFI]...no connection possible
[QEMU]...OpenETH driver started
[QEMU]...OpenETH link connected
[GPS ]...QEMU virtual GPS on UART1 (synthetic RX=16 TX=17 @ 9600 baud; no hardware)
[QEMU]...dhcpc_start -> 0x5004 (0=started, 0x5004=already-running)
[QEMU]...OpenETH GOT_IP ip=10.0.2.15 mask=255.255.255.0 gw=10.0.2.5
[GPS ]...QEMU NMEA presence: 0 chars -> no data yet
[QEMU]...OpenETH connect OK
[WIFI];link;down;sta;0;status;255;down_s;0;last_reason;0;got_ip_n;0;ip;1;ms;14656
[CON ]...HMAC console init.
[CON ]...Console started on port 2323
[BOOT];ready;ms;14675;ip;1
[INSTR-LOOP] gap ms 2058 in wifi_connect section_ms 0 sections_ms 0
TimeClient no update possible --> CPU-Mode
[ 14677][E][WiFiUdp.cpp:221] parsePacket(): could not receive data: 9
[ 14687][E][WiFiUdp.cpp:221] parsePacket(): could not receive data: 9
[ 14695][E][WiFiUdp.cpp:221] parsePacket(): could not receive data: 9
[ 14700][E][WiFiUdp.cpp:221] parsePacket(): could not receive data: 9
[ 14705][E][WiFiUdp.cpp:221] parsePacket(): could not receive data: 9
[ 14710][E][WiFiUdp.cpp:221] parsePacket(): could not receive data: 9
[ 14715][E][WiFiUdp.cpp:221] parsePacket(): could not receive data: 9
[ 14721][E][WiFiUdp.cpp:221] parsePacket(): could not receive data: 9
[ 14727][E][WiFiUdp.cpp:221] parsePacket(): could not receive data: 9
[ 14733][E][WiFiUdp.cpp:221] parsePacket(): could not receive data: 9
[ 14738][E][WiFiUdp.cpp:221] parsePacket(): could not receive data: 9
[ 14745][E][WiFiUdp.cpp:221] parsePacket(): could not receive data: 9
[ 14750][E][WiFiUdp.cpp:221] parsePacket(): could not receive data: 9
[ 14757][E][WiFiUdp.cpp:221] parsePacket(): could not receive data: 9
[ 14762][E][WiFiUdp.cpp:221] parsePacket(): could not receive data: 9
[ 14769][E][WiFiUdp.cpp:221] parsePacket(): could not receive data: 9
[ 14775][E][WiFiUdp.cpp:221] parsePacket(): could not receive data: 9
[ 14780][E][WiFiUdp.cpp:221] parsePacket(): could not receive data: 9
[ 14786][E][WiFiUdp.cpp:221] parsePacket(): could not receive data: 9
[ 14792][E][WiFiUdp.cpp:221] parsePacket(): could not receive data: 9
[ 14798][E][WiFiUdp.cpp:221] parsePacket(): could not receive data: 9
[ 14804][E][WiFiUdp.cpp:221] parsePacket(): could not receive data: 9
[ 14809][E][WiFiUdp.cpp:221] parsePacket(): could not receive data: 9
[ 14814][E][WiFiUdp.cpp:221] parsePacket(): could not receive data: 9
[ 14819][E][WiFiUdp.cpp:221] parsePacket(): could not receive data: 9
[ 14824][E][WiFiUdp.cpp:221] parsePacket(): could not receive data: 9
[ 14829][E][WiFiUdp.cpp:221] parsePacket(): could not receive data: 9
[ 14834][E][WiFiUdp.cpp:221] parsePacket(): could not receive data: 9
[ 14839][E][WiFiUdp.cpp:221] parsePacket(): could not receive data: 9
[ 14846][E][WiFiUdp.cpp:221] parsePacket(): could not receive data: 9
[ 14852][E][WiFiUdp.cpp:221] parsePacket(): could not receive data: 9
[ 14858][E][WiFiUdp.cpp:221] parsePacket(): could not receive data: 9
[ 14864][E][WiFiUdp.cpp:221] parsePacket(): could not receive data: 9
[ 14869][E][WiFiUdp.cpp:221] parsePacket(): could not receive data: 9
[ 14875][E][WiFiUdp.cpp:221] parsePacket(): could not receive data: 9
[ 14882][E][WiFiUdp.cpp:221] parsePacket(): could not receive data: 9
[ 14888][E][WiFiUdp.cpp:221] parsePacket(): could not receive data: 9
[ 14893][E][WiFiUdp.cpp:221] parsePacket(): could not receive data: 9
[ 14898][E][WiFiUdp.cpp:221] parsePacket(): could not receive data: 9
[ 14903][E][WiFiUdp.cpp:221] parsePacket(): could not receive data: 9
[ 14909][E][WiFiUdp.cpp:221] parsePacket(): could not receive data: 9
[ 14916][E][WiFiUdp.cpp:221] parsePacket(): could not receive data: 9
[ 14923][E][WiFiUdp.cpp:221] parsePacket(): could not receive data: 9
[ 14929][E][WiFiUdp.cpp:221] parsePacket(): could not receive data: 9
[ 14935][E][WiFiUdp.cpp:221] parsePacket(): could not receive data: 9
[ 14942][E][WiFiUdp.cpp:221] parsePacket(): could not receive data: 9
[ 14948][E][WiFiUdp.cpp:221] parsePacket(): could not receive data: 9
[ 14955][E][WiFiUdp.cpp:221] parsePacket(): could not receive data: 9
[ 14961][E][WiFiUdp.cpp:221] parsePacket(): could not receive data: 9
[ 14969][E][WiFiUdp.cpp:221] parsePacket(): could not receive data: 9
[ 14975][E][WiFiUdp.cpp:221] parsePacket(): could not receive data: 9
[ 14981][E][WiFiUdp.cpp:221] parsePacket(): could not receive data: 9
[ 14987][E][WiFiUdp.cpp:221] parsePacket(): could not receive data: 9
[ 14994][E][WiFiUdp.cpp:221] parsePacket(): could not receive data: 9
[ 15000][E][WiFiUdp.cpp:221] parsePacket(): could not receive data: 9
[ 15006][E][WiFiUdp.cpp:221] parsePacket(): could not receive data: 9
[ 15013][E][WiFiUdp.cpp:221] parsePacket(): could not receive data: 9
[ 15020][E][WiFiUdp.cpp:221] parsePacket(): could not receive data: 9
[ 15028][E][WiFiUdp.cpp:221] parsePacket(): could not receive data: 9
[ 15033][E][WiFiUdp.cpp:221] parsePacket(): could not receive data: 9
[ 15039][E][WiFiUdp.cpp:221] parsePacket(): could not receive data: 9
[ 15046][E][WiFiUdp.cpp:221] parsePacket(): could not receive data: 9
[ 15051][E][WiFiUdp.cpp:221] parsePacket(): could not receive data: 9
[ 15058][E][WiFiUdp.cpp:221] parsePacket(): could not receive data: 9
[ 15064][E][WiFiUdp.cpp:221] parsePacket(): could not receive data: 9
[ 15069][E][WiFiUdp.cpp:221] parsePacket(): could not receive data: 9
[ 15075][E][WiFiUdp.cpp:221] parsePacket(): could not receive data: 9
[ 15081][E][WiFiUdp.cpp:221] parsePacket(): could not receive data: 9
[ 15087][E][WiFiUdp.cpp:221] parsePacket(): could not receive data: 9
[ 15095][E][WiFiUdp.cpp:221] parsePacket(): could not receive data: 9
[ 15101][E][WiFiUdp.cpp:221] parsePacket(): could not receive data: 9
[ 15107][E][WiFiUdp.cpp:221] parsePacket(): could not receive data: 9
[ 15113][E][WiFiUdp.cpp:221] parsePacket(): could not receive data: 9
[ 15118][E][WiFiUdp.cpp:221] parsePacket(): could not receive data: 9
[ 15124][E][WiFiUdp.cpp:221] parsePacket(): could not receive data: 9
[ 15130][E][WiFiUdp.cpp:221] parsePacket(): could not receive data: 9
[ 15136][E][WiFiUdp.cpp:221] parsePacket(): could not receive data: 9
[ 15143][E][WiFiUdp.cpp:221] parsePacket(): could not receive data: 9
[ 15149][E][WiFiUdp.cpp:221] parsePacket(): could not receive data: 9
[ 15154][E][WiFiUdp.cpp:221] parsePacket(): could not receive data: 9
[ 15161][E][WiFiUdp.cpp:221] parsePacket(): could not receive data: 9
[ 15167][E][WiFiUdp.cpp:221] parsePacket(): could not receive data: 9
[ 15173][E][WiFiUdp.cpp:221] parsePacket(): could not receive data: 9
[ 15180][E][WiFiUdp.cpp:221] parsePacket(): could not receive data: 9
[ 15186][E][WiFiUdp.cpp:221] parsePacket(): could not receive data: 9
[ 15193][E][WiFiUdp.cpp:221] parsePacket(): could not receive data: 9
[ 15198][E][WiFiUdp.cpp:221] parsePacket(): could not receive data: 9
[ 15205][E][WiFiUdp.cpp:221] parsePacket(): could not receive data: 9
[ 15212][E][WiFiUdp.cpp:221] parsePacket(): could not receive data: 9
[ 15218][E][WiFiUdp.cpp:221] parsePacket(): could not receive data: 9
[ 15223][E][WiFiUdp.cpp:221] parsePacket(): could not receive data: 9
[ 15230][E][WiFiUdp.cpp:221] parsePacket(): could not receive data: 9
[ 15237][E][WiFiUdp.cpp:221] parsePacket(): could not receive data: 9
[ 15244][E][WiFiUdp.cpp:221] parsePacket(): could not receive data: 9
[ 15249][E][WiFiUdp.cpp:221] parsePacket(): could not receive data: 9
[ 15255][E][WiFiUdp.cpp:221] parsePacket(): could not receive data: 9
[ 15261][E][WiFiUdp.cpp:221] parsePacket(): could not receive data: 9
[ 15268][E][WiFiUdp.cpp:221] parsePacket(): could not receive data: 9
[ 15274][E][WiFiUdp.cpp:221] parsePacket(): could not receive data: 9
[ 15280][E][WiFiUdp.cpp:221] parsePacket(): could not receive data: 9
[ 15286][E][WiFiUdp.cpp:221] parsePacket(): could not receive data: 9
[ 15291][E][WiFiUdp.cpp:221] parsePacket(): could not receive data: 9
[ 15298][E][WiFiUdp.cpp:221] parsePacket(): could not receive data: 9
[ 15306][E][WiFiUdp.cpp:221] parsePacket(): could not receive data: 9
[ 15314][E][WiFiUdp.cpp:221] parsePacket(): could not receive data: 9
[ 15321][E][WiFiUdp.cpp:221] parsePacket(): could not receive data: 9
[ 15328][E][WiFiUdp.cpp:221] parsePacket(): could not receive data: 9
[ 15334][E][WiFiUdp.cpp:221] parsePacket(): could not receive data: 9
[ 15342][E][WiFiUdp.cpp:221] parsePacket(): could not receive data: 9
[ 15350][E][WiFiUdp.cpp:221] parsePacket(): could not receive data: 9
[ 15357][E][WiFiUdp.cpp:221] parsePacket(): could not receive data: 9
[ 15363][E][WiFiUdp.cpp:221] parsePacket(): could not receive data: 9
[ 15368][E][WiFiUdp.cpp:221] parsePacket(): could not receive data: 9
[ 15374][E][WiFiUdp.cpp:221] parsePacket(): could not receive data: 9
[ 15381][E][WiFiUdp.cpp:221] parsePacket(): could not receive data: 9
[ 15386][E][WiFiUdp.cpp:221] parsePacket(): could not receive data: 9
[ 15393][E][WiFiUdp.cpp:221] parsePacket(): could not receive data: 9
[ 15401][E][WiFiUdp.cpp:221] parsePacket(): could not receive data: 9
[ 15407][E][WiFiUdp.cpp:221] parsePacket(): could not receive data: 9
[ 15413][E][WiFiUdp.cpp:221] parsePacket(): could not receive data: 9
[ 15418][E][WiFiUdp.cpp:221] parsePacket(): could not receive data: 9
[ 15424][E][WiFiUdp.cpp:221] parsePacket(): could not receive data: 9
[ 15431][E][WiFiUdp.cpp:221] parsePacket(): could not receive data: 9
[ 15436][E][WiFiUdp.cpp:221] parsePacket(): could not receive data: 9
[ 15442][E][WiFiUdp.cpp:221] parsePacket(): could not receive data: 9
[ 15448][E][WiFiUdp.cpp:221] parsePacket(): could not receive data: 9
[ 15454][E][WiFiUdp.cpp:221] parsePacket(): could not receive data: 9
[ 15460][E][WiFiUdp.cpp:221] parsePacket(): could not receive data: 9
[ 15467][E][WiFiUdp.cpp:221] parsePacket(): could not receive data: 9
[ 15473][E][WiFiUdp.cpp:221] parsePacket(): could not receive data: 9
[ 15479][E][WiFiUdp.cpp:221] parsePacket(): could not receive data: 9
[ 15484][E][WiFiUdp.cpp:221] parsePacket(): could not receive data: 9
[ 15490][E][WiFiUdp.cpp:221] parsePacket(): could not receive data: 9
[ 15497][E][WiFiUdp.cpp:221] parsePacket(): could not receive data: 9
[ 15502][E][WiFiUdp.cpp:221] parsePacket(): could not receive data: 9
[ 15509][E][WiFiUdp.cpp:221] parsePacket(): could not receive data: 9
[ 15516][E][WiFiUdp.cpp:221] parsePacket(): could not receive data: 9
[ 15522][E][WiFiUdp.cpp:221] parsePacket(): could not receive data: 9
[ 15527][E][WiFiUdp.cpp:221] parsePacket(): could not receive data: 9
[ 15533][E][WiFiUdp.cpp:221] parsePacket(): could not receive data: 9
[ 15539][E][WiFiUdp.cpp:221] parsePacket(): could not receive data: 9
[ 15545][E][WiFiUdp.cpp:221] parsePacket(): could not receive data: 9
[ 15552][E][WiFiUdp.cpp:221] parsePacket(): could not receive data: 9
[ 15557][E][WiFiUdp.cpp:221] parsePacket(): could not receive data: 9
[ 15563][E][WiFiUdp.cpp:221] parsePacket(): could not receive data: 9
[ 15569][E][WiFiUdp.cpp:221] parsePacket(): could not receive data: 9
[ 15575][E][WiFiUdp.cpp:221] parsePacket(): could not receive data: 9
[ 15581][E][WiFiUdp.cpp:221] parsePacket(): could not receive data: 9
[ 15587][E][WiFiUdp.cpp:221] parsePacket(): could not receive data: 9
[ 15593][E][WiFiUdp.cpp:221] parsePacket(): could not receive data: 9
[ 15600][E][WiFiUdp.cpp:221] parsePacket(): could not receive data: 9
[ 15605][E][WiFiUdp.cpp:221] parsePacket(): could not receive data: 9
[ 15611][E][WiFiUdp.cpp:221] parsePacket(): could not receive data: 9
[ 15617][E][WiFiUdp.cpp:221] parsePacket(): could not receive data: 9
[ 15624][E][WiFiUdp.cpp:221] parsePacket(): could not receive data: 9
[ 15631][E][WiFiUdp.cpp:221] parsePacket(): could not receive data: 9
[ 15638][E][WiFiUdp.cpp:221] parsePacket(): could not receive data: 9
[ 15645][E][WiFiUdp.cpp:221] parsePacket(): could not receive data: 9
[ 15652][E][WiFiUdp.cpp:221] parsePacket(): could not receive data: 9
[ 15658][E][WiFiUdp.cpp:221] parsePacket(): could not receive data: 9
[ 15664][E][WiFiUdp.cpp:221] parsePacket(): could not receive data: 9
[ 15670][E][WiFiUdp.cpp:221] parsePacket(): could not receive data: 9
[ 15677][E][WiFiUdp.cpp:221] parsePacket(): could not receive data: 9
[ 15684][E][WiFiUdp.cpp:221] parsePacket(): could not receive data: 9
[ 15691][E][WiFiUdp.cpp:221] parsePacket(): could not receive data: 9
[ 15706][E][WiFiUdp.cpp:221] parsePacket(): could not receive data: 9
[ 15713][E][WiFiUdp.cpp:221] parsePacket(): could not receive data: 9
[ 15722][E][WiFiUdp.cpp:221] parsePacket(): could not receive data: 9
[ 15728][E][WiFiUdp.cpp:221] parsePacket(): could not receive data: 9
[ 15735][E][WiFiUdp.cpp:221] parsePacket(): could not receive data: 9
[ 15742][E][WiFiUdp.cpp:221] parsePacket(): could not receive data: 9
[ 15748][E][WiFiUdp.cpp:221] parsePacket(): could not receive data: 9
[ 15753][E][WiFiUdp.cpp:221] parsePacket(): could not receive data: 9
[ 15760][E][WiFiUdp.cpp:221] parsePacket(): could not receive data: 9
[ 15766][E][WiFiUdp.cpp:221] parsePacket(): could not receive data: 9
[ 15772][E][WiFiUdp.cpp:221] parsePacket(): could not receive data: 9
[ 15780][E][WiFiUdp.cpp:221] parsePacket(): could not receive data: 9
[ 15787][E][WiFiUdp.cpp:221] parsePacket(): could not receive data: 9
[ 15793][E][WiFiUdp.cpp:221] parsePacket(): could not receive data: 9
[ 15800][E][WiFiUdp.cpp:221] parsePacket(): could not receive data: 9
[ 15807][E][WiFiUdp.cpp:221] parsePacket(): could not receive data: 9
[ 15813][E][WiFiUdp.cpp:221] parsePacket(): could not receive data: 9
[ 15819][E][WiFiUdp.cpp:221] parsePacket(): could not receive data: 9
[ 15826][E][WiFiUdp.cpp:221] parsePacket(): could not receive data: 9
[ 15832][E][WiFiUdp.cpp:221] parsePacket(): could not receive data: 9
[ 15838][E][WiFiUdp.cpp:221] parsePacket(): could not receive data: 9
[ 15844][E][WiFiUdp.cpp:221] parsePacket(): could not receive data: 9
[ 15850][E][WiFiUdp.cpp:221] parsePacket(): could not receive data: 9
[ 15856][E][WiFiUdp.cpp:221] parsePacket(): could not receive data: 9
[ 15863][E][WiFiUdp.cpp:221] parsePacket(): could not receive data: 9
[ 15870][E][WiFiUdp.cpp:221] parsePacket(): could not receive data: 9
[ 15876][E][WiFiUdp.cpp:221] parsePacket(): could not receive data: 9
[ 15883][E][WiFiUdp.cpp:221] parsePacket(): could not receive data: 9
[ 15888][E][WiFiUdp.cpp:221] parsePacket(): could not receive data: 9
[ 15893][E][WiFiUdp.cpp:221] parsePacket(): could not receive data: 9
[ 15898][E][WiFiUdp.cpp:221] parsePacket(): could not receive data: 9
[ 15903][E][WiFiUdp.cpp:221] parsePacket(): could not receive data: 9
[ 15908][E][WiFiUdp.cpp:221] parsePacket(): could not receive data: 9
[ 15913][E][WiFiUdp.cpp:221] parsePacket(): could not receive data: 9
[ 15918][E][WiFiUdp.cpp:221] parsePacket(): could not receive data: 9
[ 15924][E][WiFiUdp.cpp:221] parsePacket(): could not receive data: 9
[ 15930][E][WiFiUdp.cpp:221] parsePacket(): could not receive data: 9
[ 15938][E][WiFiUdp.cpp:221] parsePacket(): could not receive data: 9
[ 15945][E][WiFiUdp.cpp:221] parsePacket(): could not receive data: 9
[ 15952][E][WiFiUdp.cpp:221] parsePacket(): could not receive data: 9
[ 15957][E][WiFiUdp.cpp:221] parsePacket(): could not receive data: 9
[ 15964][E][WiFiUdp.cpp:221] parsePacket(): could not receive data: 9
[ 15969][E][WiFiUdp.cpp:221] parsePacket(): could not receive data: 9
[ 15975][E][WiFiUdp.cpp:221] parsePacket(): could not receive data: 9
[ 15980][E][WiFiUdp.cpp:221] parsePacket(): could not receive data: 9
[ 15985][E][WiFiUdp.cpp:221] parsePacket(): could not receive data: 9
[ 15990][E][WiFiUdp.cpp:221] parsePacket(): could not receive data: 9
[ 15997][E][WiFiUdp.cpp:221] parsePacket(): could not receive data: 9
[ 16003][E][WiFiUdp.cpp:221] parsePacket(): could not receive data: 9
[ 16008][E][WiFiUdp.cpp:221] parsePacket(): could not receive data: 9
[ 16014][E][WiFiUdp.cpp:221] parsePacket(): could not receive data: 9
[ 16020][E][WiFiUdp.cpp:221] parsePacket(): could not receive data: 9
[ 16027][E][WiFiUdp.cpp:221] parsePacket(): could not receive data: 9
[ 16033][E][WiFiUdp.cpp:221] parsePacket(): could not receive data: 9
[ 16039][E][WiFiUdp.cpp:221] parsePacket(): could not receive data: 9
[ 16045][E][WiFiUdp.cpp:221] parsePacket(): could not receive data: 9
[ 16051][E][WiFiUdp.cpp:221] parsePacket(): could not receive data: 9
[ 16058][E][WiFiUdp.cpp:221] parsePacket(): could not receive data: 9
[ 16064][E][WiFiUdp.cpp:221] parsePacket(): could not receive data: 9
[ 16070][E][WiFiUdp.cpp:221] parsePacket(): could not receive data: 9
[ 16076][E][WiFiUdp.cpp:221] parsePacket(): could not receive data: 9
[ 16082][E][WiFiUdp.cpp:221] parsePacket(): could not receive data: 9
[ 16088][E][WiFiUdp.cpp:221] parsePacket(): could not receive data: 9
[ 16094][E][WiFiUdp.cpp:221] parsePacket(): could not receive data: 9
[ 16100][E][WiFiUdp.cpp:221] parsePacket(): could not receive data: 9
[ 16106][E][WiFiUdp.cpp:221] parsePacket(): could not receive data: 9
[ 16112][E][WiFiUdp.cpp:221] parsePacket(): could not receive data: 9
[ 16119][E][WiFiUdp.cpp:221] parsePacket(): could not receive data: 9
[ 16124][E][WiFiUdp.cpp:221] parsePacket(): could not receive data: 9
[ 16130][E][WiFiUdp.cpp:221] parsePacket(): could not receive data: 9
[ 16137][E][WiFiUdp.cpp:221] parsePacket(): could not receive data: 9
[ 16143][E][WiFiUdp.cpp:221] parsePacket(): could not receive data: 9
[ 16149][E][WiFiUdp.cpp:221] parsePacket(): could not receive data: 9
[ 16156][E][WiFiUdp.cpp:221] parsePacket(): could not receive data: 9
[ 16161][E][WiFiUdp.cpp:221] parsePacket(): could not receive data: 9
[ 16168][E][WiFiUdp.cpp:221] parsePacket(): could not receive data: 9
[ 16174][E][WiFiUdp.cpp:221] parsePacket(): could not receive data: 9
[ 16180][E][WiFiUdp.cpp:221] parsePacket(): could not receive data: 9
[ 16186][E][WiFiUdp.cpp:221] parsePacket(): could not receive data: 9
[ 16191][E][WiFiUdp.cpp:221] parsePacket(): could not receive data: 9
[ 16197][E][WiFiUdp.cpp:221] parsePacket(): could not receive data: 9
[ 16202][E][WiFiUdp.cpp:221] parsePacket(): could not receive data: 9
[ 16207][E][WiFiUdp.cpp:221] parsePacket(): could not receive data: 9
[ 16213][E][WiFiUdp.cpp:221] parsePacket(): could not receive data: 9
[ 16220][E][WiFiUdp.cpp:221] parsePacket(): could not receive data: 9
[ 16225][E][WiFiUdp.cpp:221] parsePacket(): could not receive data: 9
[ 16231][E][WiFiUdp.cpp:221] parsePacket(): could not receive data: 9
[ 16237][E][WiFiUdp.cpp:221] parsePacket(): could not receive data: 9
[ 16244][E][WiFiUdp.cpp:221] parsePacket(): could not receive data: 9
[ 16249][E][WiFiUdp.cpp:221] parsePacket(): could not receive data: 9
[ 16256][E][WiFiUdp.cpp:221] parsePacket(): could not receive data: 9
[ 16263][E][WiFiUdp.cpp:221] parsePacket(): could not receive data: 9
[ 16268][E][WiFiUdp.cpp:221] parsePacket(): could not receive data: 9
[ 16274][E][WiFiUdp.cpp:221] parsePacket(): could not receive data: 9
[ 16281][E][WiFiUdp.cpp:221] parsePacket(): could not receive data: 9
[ 16286][E][WiFiUdp.cpp:221] parsePacket(): could not receive data: 9
[ 16294][E][WiFiUdp.cpp:221] parsePacket(): could not receive data: 9
[ 16301][E][WiFiUdp.cpp:221] parsePacket(): could not receive data: 9
[ 16308][E][WiFiUdp.cpp:221] parsePacket(): could not receive data: 9
[ 16315][E][WiFiUdp.cpp:221] parsePacket(): could not receive data: 9
[ 16320][E][WiFiUdp.cpp:221] parsePacket(): could not receive data: 9
[ 16326][E][WiFiUdp.cpp:221] parsePacket(): could not receive data: 9
[ 16333][E][WiFiUdp.cpp:221] parsePacket(): could not receive data: 9
[ 16339][E][WiFiUdp.cpp:221] parsePacket(): could not receive data: 9
[ 16345][E][WiFiUdp.cpp:221] parsePacket(): could not receive data: 9
[ 16352][E][WiFiUdp.cpp:221] parsePacket(): could not receive data: 9
[ 16357][E][WiFiUdp.cpp:221] parsePacket(): could not receive data: 9
[ 16363][E][WiFiUdp.cpp:221] parsePacket(): could not receive data: 9
[ 16369][E][WiFiUdp.cpp:221] parsePacket(): could not receive data: 9
[ 16375][E][WiFiUdp.cpp:221] parsePacket(): could not receive data: 9
[ 16381][E][WiFiUdp.cpp:221] parsePacket(): could not receive data: 9
[ 16387][E][WiFiUdp.cpp:221] parsePacket(): could not receive data: 9
[ 16393][E][WiFiUdp.cpp:221] parsePacket(): could not receive data: 9
[ 16399][E][WiFiUdp.cpp:221] parsePacket(): could not receive data: 9
[ 16405][E][WiFiUdp.cpp:221] parsePacket(): could not receive data: 9
[ 16411][E][WiFiUdp.cpp:221] parsePacket(): could not receive data: 9
[ 16418][E][WiFiUdp.cpp:221] parsePacket(): could not receive data: 9
[ 16423][E][WiFiUdp.cpp:221] parsePacket(): could not receive data: 9
[ 16430][E][WiFiUdp.cpp:221] parsePacket(): could not receive data: 9
[ 16437][E][WiFiUdp.cpp:221] parsePacket(): could not receive data: 9
[ 16443][E][WiFiUdp.cpp:221] parsePacket(): could not receive data: 9
[ 16450][E][WiFiUdp.cpp:221] parsePacket(): could not receive data: 9
[ 16455][E][WiFiUdp.cpp:221] parsePacket(): could not receive data: 9
[ 16461][E][WiFiUdp.cpp:221] parsePacket(): could not receive data: 9
[ 16467][E][WiFiUdp.cpp:221] parsePacket(): could not receive data: 9
[ 16473][E][WiFiUdp.cpp:221] parsePacket(): could not receive data: 9
[ 16479][E][WiFiUdp.cpp:221] parsePacket(): could not receive data: 9
[ 16485][E][WiFiUdp.cpp:221] parsePacket(): could not receive data: 9
[ 16490][E][WiFiUdp.cpp:221] parsePacket(): could not receive data: 9
[ 16495][E][WiFiUdp.cpp:221] parsePacket(): could not receive data: 9
[ 16500][E][WiFiUdp.cpp:221] parsePacket(): could not receive data: 9
[ 16507][E][WiFiUdp.cpp:221] parsePacket(): could not receive data: 9
[ 16514][E][WiFiUdp.cpp:221] parsePacket(): could not receive data: 9
[ 16520][E][WiFiUdp.cpp:221] parsePacket(): could not receive data: 9
[ 16526][E][WiFiUdp.cpp:221] parsePacket(): could not receive data: 9
[ 16531][E][WiFiUdp.cpp:221] parsePacket(): could not receive data: 9
[ 16538][E][WiFiUdp.cpp:221] parsePacket(): could not receive data: 9
[ 16545][E][WiFiUdp.cpp:221] parsePacket(): could not receive data: 9
[ 16552][E][WiFiUdp.cpp:221] parsePacket(): could not receive data: 9
[ 16557][E][WiFiUdp.cpp:221] parsePacket(): could not receive data: 9
[ 16563][E][WiFiUdp.cpp:221] parsePacket(): could not receive data: 9
[ 16569][E][WiFiUdp.cpp:221] parsePacket(): could not receive data: 9
[ 16576][E][WiFiUdp.cpp:221] parsePacket(): could not receive data: 9
[ 16581][E][WiFiUdp.cpp:221] parsePacket(): could not receive data: 9
[ 16589][E][WiFiUdp.cpp:221] parsePacket(): could not receive data: 9
[ 16595][E][WiFiUdp.cpp:221] parsePacket(): could not receive data: 9
[ 16601][E][WiFiUdp.cpp:221] parsePacket(): could not receive data: 9
[ 16607][E][WiFiUdp.cpp:221] parsePacket(): could not receive data: 9
[ 16614][E][WiFiUdp.cpp:221] parsePacket(): could not receive data: 9
[ 16619][E][WiFiUdp.cpp:221] parsePacket(): could not receive data: 9
[ 16626][E][WiFiUdp.cpp:221] parsePacket(): could not receive data: 9
[ 16632][E][WiFiUdp.cpp:221] parsePacket(): could not receive data: 9
[ 16638][E][WiFiUdp.cpp:221] parsePacket(): could not receive data: 9
[ 16645][E][WiFiUdp.cpp:221] parsePacket(): could not receive data: 9
[ 16652][E][WiFiUdp.cpp:221] parsePacket(): could not receive data: 9
[ 16657][E][WiFiUdp.cpp:221] parsePacket(): could not receive data: 9
[ 16663][E][WiFiUdp.cpp:221] parsePacket(): could not receive data: 9
[ 16670][E][WiFiUdp.cpp:221] parsePacket(): could not receive data: 9
[ 16676][E][WiFiUdp.cpp:221] parsePacket(): could not receive data: 9
[ 16682][E][WiFiUdp.cpp:221] parsePacket(): could not receive data: 9
[ 16688][E][WiFiUdp.cpp:221] parsePacket(): could not receive data: 9
[ 16697][E][WiFiUdp.cpp:221] parsePacket(): could not receive data: 9
[ 16704][E][WiFiUdp.cpp:221] parsePacket(): could not receive data: 9
[ 16710][E][WiFiUdp.cpp:221] parsePacket(): could not receive data: 9
[ 16717][E][WiFiUdp.cpp:221] parsePacket(): could not receive data: 9
[ 16724][E][WiFiUdp.cpp:221] parsePacket(): could not receive data: 9
[ 16731][E][WiFiUdp.cpp:221] parsePacket(): could not receive data: 9
[ 16738][E][WiFiUdp.cpp:221] parsePacket(): could not receive data: 9
[ 16744][E][WiFiUdp.cpp:221] parsePacket(): could not receive data: 9
[ 16751][E][WiFiUdp.cpp:221] parsePacket(): could not receive data: 9
[ 16758][E][WiFiUdp.cpp:221] parsePacket(): could not receive data: 9
[ 16767][E][WiFiUdp.cpp:221] parsePacket(): could not receive data: 9
[ 16774][E][WiFiUdp.cpp:221] parsePacket(): could not receive data: 9
[ 16780][E][WiFiUdp.cpp:221] parsePacket(): could not receive data: 9
[ 16785][E][WiFiUdp.cpp:221] parsePacket(): could not receive data: 9
[ 16791][E][WiFiUdp.cpp:221] parsePacket(): could not receive data: 9
[ 16797][E][WiFiUdp.cpp:221] parsePacket(): could not receive data: 9
[ 16803][E][WiFiUdp.cpp:221] parsePacket(): could not receive data: 9
[ 16809][E][WiFiUdp.cpp:221] parsePacket(): could not receive data: 9
[ 16815][E][WiFiUdp.cpp:221] parsePacket(): could not receive data: 9
[ 16822][E][WiFiUdp.cpp:221] parsePacket(): could not receive data: 9
[ 16829][E][WiFiUdp.cpp:221] parsePacket(): could not receive data: 9
[ 16836][E][WiFiUdp.cpp:221] parsePacket(): could not receive data: 9
[ 16843][E][WiFiUdp.cpp:221] parsePacket(): could not receive data: 9
[ 16849][E][WiFiUdp.cpp:221] parsePacket(): could not receive data: 9
[ 16855][E][WiFiUdp.cpp:221] parsePacket(): could not receive data: 9
[ 16862][E][WiFiUdp.cpp:221] parsePacket(): could not receive data: 9
[ 16869][E][WiFiUdp.cpp:221] parsePacket(): could not receive data: 9
[ 16875][E][WiFiUdp.cpp:221] parsePacket(): could not receive data: 9
[ 16881][E][WiFiUdp.cpp:221] parsePacket(): could not receive data: 9
[ 16887][E][WiFiUdp.cpp:221] parsePacket(): could not receive data: 9
[ 16892][E][WiFiUdp.cpp:221] parsePacket(): could not receive data: 9
[ 16899][E][WiFiUdp.cpp:221] parsePacket(): could not receive data: 9
[ 16905][E][WiFiUdp.cpp:221] parsePacket(): could not receive data: 9
[ 16910][E][WiFiUdp.cpp:221] parsePacket(): could not receive data: 9
[ 16916][E][WiFiUdp.cpp:221] parsePacket(): could not receive data: 9
[ 16922][E][WiFiUdp.cpp:221] parsePacket(): could not receive data: 9
[ 16929][E][WiFiUdp.cpp:221] parsePacket(): could not receive data: 9
[ 16935][E][WiFiUdp.cpp:221] parsePacket(): could not receive data: 9
[ 16941][E][WiFiUdp.cpp:221] parsePacket(): could not receive data: 9
[ 16948][E][WiFiUdp.cpp:221] parsePacket(): could not receive data: 9
[ 16953][E][WiFiUdp.cpp:221] parsePacket(): could not receive data: 9
[ 16960][E][WiFiUdp.cpp:221] parsePacket(): could not receive data: 9
[ 16966][E][WiFiUdp.cpp:221] parsePacket(): could not receive data: 9
[ 16973][E][WiFiUdp.cpp:221] parsePacket(): could not receive data: 9
[ 16979][E][WiFiUdp.cpp:221] parsePacket(): could not receive data: 9
[ 16984][E][WiFiUdp.cpp:221] parsePacket(): could not receive data: 9
[ 16990][E][WiFiUdp.cpp:221] parsePacket(): could not receive data: 9
[ 16996][E][WiFiUdp.cpp:221] parsePacket(): could not receive data: 9
[ 17003][E][WiFiUdp.cpp:221] parsePacket(): could not receive data: 9
[ 17009][E][WiFiUdp.cpp:221] parsePacket(): could not receive data: 9
[ 17016][E][WiFiUdp.cpp:221] parsePacket(): could not receive data: 9
[ 17024][E][WiFiUdp.cpp:221] parsePacket(): could not receive data: 9
[ 17031][E][WiFiUdp.cpp:221] parsePacket(): could not receive data: 9
[ 17036][E][WiFiUdp.cpp:221] parsePacket(): could not receive data: 9
[ 17042][E][WiFiUdp.cpp:221] parsePacket(): could not receive data: 9
[ 17048][E][WiFiUdp.cpp:221] parsePacket(): could not receive data: 9
[ 17054][E][WiFiUdp.cpp:221] parsePacket(): could not receive data: 9
[ 17060][E][WiFiUdp.cpp:221] parsePacket(): could not receive data: 9
[ 17066][E][WiFiUdp.cpp:221] parsePacket(): could not receive data: 9
[ 17072][E][WiFiUdp.cpp:221] parsePacket(): could not receive data: 9
[ 17080][E][WiFiUdp.cpp:221] parsePacket(): could not receive data: 9
[ 17087][E][WiFiUdp.cpp:221] parsePacket(): could not receive data: 9
[ 17095][E][WiFiUdp.cpp:221] parsePacket(): could not receive data: 9
[ 17101][E][WiFiUdp.cpp:221] parsePacket(): could not receive data: 9
[ 17108][E][WiFiUdp.cpp:221] parsePacket(): could not receive data: 9
[ 17116][E][WiFiUdp.cpp:221] parsePacket(): could not receive data: 9
[ 17123][E][WiFiUdp.cpp:221] parsePacket(): could not receive data: 9
[ 17128][E][WiFiUdp.cpp:221] parsePacket(): could not receive data: 9
[ 17135][E][WiFiUdp.cpp:221] parsePacket(): could not receive data: 9
[ 17140][E][WiFiUdp.cpp:221] parsePacket(): could not receive data: 9
[ 17146][E][WiFiUdp.cpp:221] parsePacket(): could not receive data: 9
[ 17152][E][WiFiUdp.cpp:221] parsePacket(): could not receive data: 9
[ 17158][E][WiFiUdp.cpp:221] parsePacket(): could not receive data: 9
[ 17164][E][WiFiUdp.cpp:221] parsePacket(): could not receive data: 9
[ 17170][E][WiFiUdp.cpp:221] parsePacket(): could not receive data: 9
[ 17176][E][WiFiUdp.cpp:221] parsePacket(): could not receive data: 9
[ 17183][E][WiFiUdp.cpp:221] parsePacket(): could not receive data: 9
[ 17189][E][WiFiUdp.cpp:221] parsePacket(): could not receive data: 9
[ 17195][E][WiFiUdp.cpp:221] parsePacket(): could not receive data: 9
[ 17200][E][WiFiUdp.cpp:221] parsePacket(): could not receive data: 9
[ 17206][E][WiFiUdp.cpp:221] parsePacket(): could not receive data: 9
[ 17212][E][WiFiUdp.cpp:221] parsePacket(): could not receive data: 9
[ 17219][E][WiFiUdp.cpp:221] parsePacket(): could not receive data: 9
[ 17228][E][WiFiUdp.cpp:221] parsePacket(): could not receive data: 9
[ 17234][E][WiFiUdp.cpp:221] parsePacket(): could not receive data: 9
[ 17241][E][WiFiUdp.cpp:221] parsePacket(): could not receive data: 9
[ 17246][E][WiFiUdp.cpp:221] parsePacket(): could not receive data: 9
[ 17251][E][WiFiUdp.cpp:221] parsePacket(): could not receive data: 9
[ 17257][E][WiFiUdp.cpp:221] parsePacket(): could not receive data: 9
[ 17264][E][WiFiUdp.cpp:221] parsePacket(): could not receive data: 9
[ 17271][E][WiFiUdp.cpp:221] parsePacket(): could not receive data: 9
[ 17276][E][WiFiUdp.cpp:221] parsePacket(): could not receive data: 9
[ 17283][E][WiFiUdp.cpp:221] parsePacket(): could not receive data: 9
[ 17289][E][WiFiUdp.cpp:221] parsePacket(): could not receive data: 9
[ 17295][E][WiFiUdp.cpp:221] parsePacket(): could not receive data: 9
[ 17302][E][WiFiUdp.cpp:221] parsePacket(): could not receive data: 9
[ 17308][E][WiFiUdp.cpp:221] parsePacket(): could not receive data: 9
[ 17315][E][WiFiUdp.cpp:221] parsePacket(): could not receive data: 9
[ 17321][E][WiFiUdp.cpp:221] parsePacket(): could not receive data: 9
[ 17328][E][WiFiUdp.cpp:221] parsePacket(): could not receive data: 9
[ 17334][E][WiFiUdp.cpp:221] parsePacket(): could not receive data: 9
[ 17339][E][WiFiUdp.cpp:221] parsePacket(): could not receive data: 9
[ 17345][E][WiFiUdp.cpp:221] parsePacket(): could not receive data: 9
[ 17352][E][WiFiUdp.cpp:221] parsePacket(): could not receive data: 9
[ 17357][E][WiFiUdp.cpp:221] parsePacket(): could not receive data: 9
[ 17363][E][WiFiUdp.cpp:221] parsePacket(): could not receive data: 9
[ 17369][E][WiFiUdp.cpp:221] parsePacket(): could not receive data: 9
[ 17375][E][WiFiUdp.cpp:221] parsePacket(): could not receive data: 9
[ 17381][E][WiFiUdp.cpp:221] parsePacket(): could not receive data: 9
[ 17387][E][WiFiUdp.cpp:221] parsePacket(): could not receive data: 9
[ 17394][E][WiFiUdp.cpp:221] parsePacket(): could not receive data: 9
[CON ]...accept() fd=50 free=132908
-[ 17409][E][WiFiUdp.cpp:221] parsePacket(): could not receive data: 9
[CON ]...Client authenticated on port 2323. free heap=126092
-[ 17416][E][WiFiUdp.cpp:221] parsePacket(): could not receive data: 9
i[ 17422][E][WiFiUdp.cpp:221] parsePacket(): could not receive data: 9
n[ 17429][E][WiFiUdp.cpp:221] parsePacket(): could not receive data: 9
f[ 17436][E][WiFiUdp.cpp:221] parsePacket(): could not receive data: 9
o[ 17444][E][WiFiUdp.cpp:221] parsePacket(): could not receive data: 9
[ 17452][E][WiFiUdp.cpp:221] parsePacket(): could not receive data: 9

--MeshCom 4.35t (build: Sep 26 2026 / 14:21:12)
...UPDATE: 
...Call: <TE5T-1> ...ID 00000000 ...NODE 39 <EBYTE_E22> ...UTC-OFF 1.000000 [CPU]
...BATT 4.10 V ...BATT 85 % ...MAXV 4.200 V
...TIME 17474 ms
...Flash-Version 20260724
...NOMSGALL off ...MESH off ...BUTTON (12) off ...SOFTSER off ... SOFTSERREAD off
...PASSWD <>
...DEBUG man ...DEBUG en
...DEBUG off ...LORADEBUG off ...GPSDEBUG off/0 ...SOFTSERDEBUG off
...WXDEBUG off ...BLEDEBUG off
...DisplayInfo off ...DisplayCont off ...DisplyLog off ...contrast 255 ...ackinfo off
...EXTUDP off ...EXT IP none ...NOPMOTHER off
...BTCODE 000000
...APRSMC: APRSMC
...ATXT: 
...NAME: 
...BLE : short
...DISPLAY on
...CTRY EU8
...FREQ 433.1750 MHz TXPWR 17 dBm RXBOOST off
...MAXHOP text 4 / pos 2

...Webserver  on / Webpwd <> / Gateway off 
...NETConsole on (port 2323)
...KISS/TCP   off / TX off / RxMeta off / Auth off
...WIFI-AP    off
...SSID <none> / PASSWORD <***>
...NETWORK Mode:WiFi
...hasIpAddress: yes
...IP address   : 10.0.2.15
...SUBNET-MASK  : 255.255.255.0
...GW address   : 10.0.2.5
...DNS address  : 
...UDP-HBeat : 17489
[ 17489][E][WiFiUdp.cpp:221] parsePacket(): could not receive data: 9
[ 17494][E][WiFiUdp.cpp:221] parsePacket(): could not receive data: 9
[ 17500][E][WiFiUdp.cpp:221] parsePacket(): could not receive data: 9
[ 17507][E][WiFiUdp.cpp:221] parsePacket(): could not receive data: 9
[ 17513][E][WiFiUdp.cpp:221] parsePacket(): could not receive data: 9
[ 17519][E][WiFiUdp.cpp:221] parsePacket(): could not receive data: 9
[ 17525][E][WiFiUdp.cpp:221] parsePacket(): could not receive data: 9
[ 17531][E][WiFiUdp.cpp:221] parsePacket(): could not receive data: 9
[ 17537][E][WiFiUdp.cpp:221] parsePacket(): could not receive data: 9
[ 17543][E][WiFiUdp.cpp:221] parsePacket(): could not receive data: 9
[ 17549][E][WiFiUdp.cpp:221] parsePacket(): could not receive data: 9
[ 17555][E][WiFiUdp.cpp:221] parsePacket(): could not receive data: 9
[ 17561][E][WiFiUdp.cpp:221] parsePacket(): could not receive data: 9
[ 17568][E][WiFiUdp.cpp:221] parsePacket(): could not receive data: 9
[ 17574][E][WiFiUdp.cpp:221] parsePacket(): could not receive data: 9
[ 17581][E][WiFiUdp.cpp:221] parsePacket(): could not receive data: 9
[ 17588][E][WiFiUdp.cpp:221] parsePacket(): could not receive data: 9
[ 17595][E][WiFiUdp.cpp:221] parsePacket(): could not receive data: 9
[ 17601][E][WiFiUdp.cpp:221] parsePacket(): could not receive data: 9
[ 17607][E][WiFiUdp.cpp:221] parsePacket(): could not receive data: 9
[ 17613][E][WiFiUdp.cpp:221] parsePacket(): could not receive data: 9
[ 17619][E][WiFiUdp.cpp:221] parsePacket(): could not receive data: 9
[ 17625][E][WiFiUdp.cpp:221] parsePacket(): could not receive data: 9
[ 17631][E][WiFiUdp.cpp:221] parsePacket(): could not receive data: 9
[ 17637][E][WiFiUdp.cpp:221] parsePacket(): could not receive data: 9
[ 17646][E][WiFiUdp.cpp:221] parsePacket(): could not receive data: 9
[ 17653][E][WiFiUdp.cpp:221] parsePacket(): could not receive data: 9
[ 17660][E][WiFiUdp.cpp:221] parsePacket(): could not receive data: 9
[ 17667][E][WiFiUdp.cpp:221] parsePacket(): could not receive data: 9
[ 17673][E][WiFiUdp.cpp:221] parsePacket(): could not receive data: 9
[ 17681][E][WiFiUdp.cpp:221] parsePacket(): could not receive data: 9
[ 17688][E][WiFiUdp.cpp:221] parsePacket(): could not receive data: 9
[ 17694][E][WiFiUdp.cpp:221] parsePacket(): could not receive data: 9
[ 17702][E][WiFiUdp.cpp:221] parsePacket(): could not receive data: 9
[ 17711][E][WiFiUdp.cpp:221] parsePacket(): could not receive data: 9
[ 17718][E][WiFiUdp.cpp:221] parsePacket(): could not receive data: 9
[ 17732][E][WiFiUdp.cpp:221] parsePacket(): could not receive data: 9
[ 17743][E][WiFiUdp.cpp:221] parsePacket(): could not receive data: 9
[ 17752][E][WiFiUdp.cpp:221] parsePacket(): could not receive data: 9
[ 17759][E][WiFiUdp.cpp:221] parsePacket(): could not receive data: 9
[ 17765][E][WiFiUdp.cpp:221] parsePacket(): could not receive data: 9
[ 17771][E][WiFiUdp.cpp:221] parsePacket(): could not receive data: 9
[ 17777][E][WiFiUdp.cpp:221] parsePacket(): could not receive data: 9
[ 17784][E][WiFiUdp.cpp:221] parsePacket(): could not receive data: 9
[ 17791][E][WiFiUdp.cpp:221] parsePacket(): could not receive data: 9
[ 17797][E][WiFiUdp.cpp:221] parsePacket(): could not receive data: 9
[ 17803][E][WiFiUdp.cpp:221] parsePacket(): could not receive data: 9
[ 17809][E][WiFiUdp.cpp:221] parsePacket(): could not receive data: 9
[ 17815][E][WiFiUdp.cpp:221] parsePacket(): could not receive data: 9
[ 17822][E][WiFiUdp.cpp:221] parsePacket(): could not receive data: 9
[ 17829][E][WiFiUdp.cpp:221] parsePacket(): could not receive data: 9
[ 17836][E][WiFiUdp.cpp:221] parsePacket(): could not receive data: 9
[ 17841][E][WiFiUdp.cpp:221] parsePacket(): could not receive data: 9
[ 17847][E][WiFiUdp.cpp:221] parsePacket(): could not receive data: 9
[ 17854][E][WiFiUdp.cpp:221] parsePacket(): could not receive data: 9
[ 17861][E][WiFiUdp.cpp:221] parsePacket(): could not receive data: 9
[ 17868][E][WiFiUdp.cpp:221] parsePacket(): could not receive data: 9
[ 17874][E][WiFiUdp.cpp:221] parsePacket(): could not receive data: 9
[ 17880][E][WiFiUdp.cpp:221] parsePacket(): could not receive data: 9
[ 17887][E][WiFiUdp.cpp:221] parsePacket(): could not receive data: 9
[ 17893][E][WiFiUdp.cpp:221] parsePacket(): could not receive data: 9
[ 17898][E][WiFiUdp.cpp:221] parsePacket(): could not receive data: 9
[ 17904][E][WiFiUdp.cpp:221] parsePacket(): could not receive data: 9
[ 17910][E][WiFiUdp.cpp:221] parsePacket(): could not receive data: 9
[ 17917][E][WiFiUdp.cpp:221] parsePacket(): could not receive data: 9
[ 17923][E][WiFiUdp.cpp:221] parsePacket(): could not receive data: 9
[ 17929][E][WiFiUdp.cpp:221] parsePacket(): could not receive data: 9
[ 17934][E][WiFiUdp.cpp:221] parsePacket(): could not receive data: 9
[ 17940][E][WiFiUdp.cpp:221] parsePacket(): could not receive data: 9
[ 17947][E][WiFiUdp.cpp:221] parsePacket(): could not receive data: 9
[ 17953][E][WiFiUdp.cpp:221] parsePacket(): could not receive data: 9
[ 17959][E][WiFiUdp.cpp:221] parsePacket(): could not receive data: 9
[ 17965][E][WiFiUdp.cpp:221] parsePacket(): could not receive data: 9
[ 17971][E][WiFiUdp.cpp:221] parsePacket(): could not receive data: 9
[ 17977][E][WiFiUdp.cpp:221] parsePacket(): could not receive data: 9
[ 17984][E][WiFiUdp.cpp:221] parsePacket(): could not receive data: 9
[ 17991][E][WiFiUdp.cpp:221] parsePacket(): could not receive data: 9
[ 17998][E][WiFiUdp.cpp:221] parsePacket(): could not receive data: 9
[ 18005][E][WiFiUdp.cpp:221] parsePacket(): could not receive data: 9
[ 18012][E][WiFiUdp.cpp:221] parsePacket(): could not receive data: 9
[ 18019][E][WiFiUdp.cpp:221] parsePacket(): could not receive data: 9
[ 18027][E][WiFiUdp.cpp:221] parsePacket(): could not receive data: 9
[ 18036][E][WiFiUdp.cpp:221] parsePacket(): could not receive data: 9
[ 18045][E][WiFiUdp.cpp:221] parsePacket(): could not receive data: 9
[ 18052][E][WiFiUdp.cpp:221] parsePacket(): could not receive data: 9
[ 18057][E][WiFiUdp.cpp:221] parsePacket(): could not receive data: 9
[ 18065][E][WiFiUdp.cpp:221] parsePacket(): could not receive data: 9
[ 18073][E][WiFiUdp.cpp:221] parsePacket(): could not receive data: 9
[ 18080][E][WiFiUdp.cpp:221] parsePacket(): could not receive data: 9
[ 18087][E][WiFiUdp.cpp:221] parsePacket(): could not receive data: 9
[ 18094][E][WiFiUdp.cpp:221] parsePacket(): could not receive data: 9
[ 18099][E][WiFiUdp.cpp:221] parsePacket(): could not receive data: 9
[ 18105][E][WiFiUdp.cpp:221] parsePacket(): could not receive data: 9
[ 18112][E][WiFiUdp.cpp:221] parsePacket(): could not receive data: 9
[ 18117][E][WiFiUdp.cpp:221] parsePacket(): could not receive data: 9
[ 18123][E][WiFiUdp.cpp:221] parsePacket(): could not receive data: 9
[ 18129][E][WiFiUdp.cpp:221] parsePacket(): could not receive data: 9
[ 18135][E][WiFiUdp.cpp:221] parsePacket(): could not receive data: 9
[ 18141][E][WiFiUdp.cpp:221] parsePacket(): could not receive data: 9
[ 18147][E][WiFiUdp.cpp:221] parsePacket(): could not receive data: 9
[ 18153][E][WiFiUdp.cpp:221] parsePacket(): could not receive data: 9
[ 18158][E][WiFiUdp.cpp:221] parsePacket(): could not receive data: 9
[ 18164][E][WiFiUdp.cpp:221] parsePacket(): could not receive data: 9
[ 18169][E][WiFiUdp.cpp:221] parsePacket(): could not receive data: 9
[ 18174][E][WiFiUdp.cpp:221] parsePacket(): could not receive data: 9
[ 18179][E][WiFiUdp.cpp:221] parsePacket(): could not receive data: 9
[ 18184][E][WiFiUdp.cpp:221] parsePacket(): could not receive data: 9
[ 18189][E][WiFiUdp.cpp:221] parsePacket(): could not receive data: 9
[ 18196][E][WiFiUdp.cpp:221] parsePacket(): could not receive data: 9
[ 18203][E][WiFiUdp.cpp:221] parsePacket(): could not receive data: 9
[ 18208][E][WiFiUdp.cpp:221] parsePacket(): could not receive data: 9
[ 18215][E][WiFiUdp.cpp:221] parsePacket(): could not receive data: 9
[ 18221][E][WiFiUdp.cpp:221] parsePacket(): could not receive data: 9
[ 18227][E][WiFiUdp.cpp:221] parsePacket(): could not receive data: 9
[ 18233][E][WiFiUdp.cpp:221] parsePacket(): could not receive data: 9
[ 18239][E][WiFiUdp.cpp:221] parsePacket(): could not receive data: 9
[ 18245][E][WiFiUdp.cpp:221] parsePacket(): could not receive data: 9
[ 18251][E][WiFiUdp.cpp:221] parsePacket(): could not receive data: 9
[ 18257][E][WiFiUdp.cpp:221] parsePacket(): could not receive data: 9
[ 18263][E][WiFiUdp.cpp:221] parsePacket(): could not receive data: 9
[ 18269][E][WiFiUdp.cpp:221] parsePacket(): could not receive data: 9
[ 18275][E][WiFiUdp.cpp:221] parsePacket(): could not receive data: 9
[ 18282][E][WiFiUdp.cpp:221] parsePacket(): could not receive data: 9
[ 18289][E][WiFiUdp.cpp:221] parsePacket(): could not receive data: 9
[ 18296][E][WiFiUdp.cpp:221] parsePacket(): could not receive data: 9
[ 18302][E][WiFiUdp.cpp:221] parsePacket(): could not receive data: 9
[ 18310][E][WiFiUdp.cpp:221] parsePacket(): could not receive data: 9
[ 18316][E][WiFiUdp.cpp:221] parsePacket(): could not receive data: 9
[ 18322][E][WiFiUdp.cpp:221] parsePacket(): could not receive data: 9
[ 18328][E][WiFiUdp.cpp:221] parsePacket(): could not receive data: 9
[ 18334][E][WiFiUdp.cpp:221] parsePacket(): could not receive data: 9
[ 18341][E][WiFiUdp.cpp:221] parsePacket(): could not receive data: 9
[ 18348][E][WiFiUdp.cpp:221] parsePacket(): could not receive data: 9
[ 18354][E][WiFiUdp.cpp:221] parsePacket(): could not receive data: 9
[ 18360][E][WiFiUdp.cpp:221] parsePacket(): could not receive data: 9
[ 18366][E][WiFiUdp.cpp:221] parsePacket(): could not receive data: 9
[ 18372][E][WiFiUdp.cpp:221] parsePacket(): could not receive data: 9
[ 18379][E][WiFiUdp.cpp:221] parsePacket(): could not receive data: 9
[ 18386][E][WiFiUdp.cpp:221] parsePacket(): could not receive data: 9
[ 18392][E][WiFiUdp.cpp:221] parsePacket(): could not receive data: 9
[ 18398][E][WiFiUdp.cpp:221] parsePacket(): could not receive data: 9
[ 18404][E][WiFiUdp.cpp:221] parsePacket(): could not receive data: 9
[ 18410][E][WiFiUdp.cpp:221] parsePacket(): could not receive data: 9
[ 18415][E][WiFiUdp.cpp:221] parsePacket(): could not receive data: 9
[ 18421][E][WiFiUdp.cpp:221] parsePacket(): could not receive data: 9
[ 18428][E][WiFiUdp.cpp:221] parsePacket(): could not receive data: 9
[ 18435][E][WiFiUdp.cpp:221] parsePacket(): could not receive data: 9
[ 18442][E][WiFiUdp.cpp:221] parsePacket(): could not receive data: 9
[ 18448][E][WiFiUdp.cpp:221] parsePacket(): could not receive data: 9
[ 18453][E][WiFiUdp.cpp:221] parsePacket(): could not receive data: 9
[ 18458][E][WiFiUdp.cpp:221] parsePacket(): could not receive data: 9
[ 18465][E][WiFiUdp.cpp:221] parsePacket(): could not receive data: 9
[ 18473][E][WiFiUdp.cpp:221] parsePacket(): could not receive data: 9
[ 18480][E][WiFiUdp.cpp:221] parsePacket(): could not receive data: 9
[ 18487][E][WiFiUdp.cpp:221] parsePacket(): could not receive data: 9
[ 18494][E][WiFiUdp.cpp:221] parsePacket(): could not receive data: 9
[ 18501][E][WiFiUdp.cpp:221] parsePacket(): could not receive data: 9
[ 18509][E][WiFiUdp.cpp:221] parsePacket(): could not receive data: 9
[ 18517][E][WiFiUdp.cpp:221] parsePacket(): could not receive data: 9
[ 18526][E][WiFiUdp.cpp:221] parsePacket(): could not receive data: 9
[ 18535][E][WiFiUdp.cpp:221] parsePacket(): could not receive data: 9
[ 18543][E][WiFiUdp.cpp:221] parsePacket(): could not receive data: 9
[ 18551][E][WiFiUdp.cpp:221] parsePacket(): could not receive data: 9
[ 18558][E][WiFiUdp.cpp:221] parsePacket(): could not receive data: 9
[ 18564][E][WiFiUdp.cpp:221] parsePacket(): could not receive data: 9
[ 18570][E][WiFiUdp.cpp:221] parsePacket(): could not receive data: 9
[ 18577][E][WiFiUdp.cpp:221] parsePacket(): could not receive data: 9
[ 18582][E][WiFiUdp.cpp:221] parsePacket(): could not receive data: 9
[ 18588][E][WiFiUdp.cpp:221] parsePacket(): could not receive data: 9
[ 18595][E][WiFiUdp.cpp:221] parsePacket(): could not receive data: 9
[ 18601][E][WiFiUdp.cpp:221] parsePacket(): could not receive data: 9
[ 18607][E][WiFiUdp.cpp:221] parsePacket(): could not receive data: 9
[ 18613][E][WiFiUdp.cpp:221] parsePacket(): could not receive data: 9
[ 18619][E][WiFiUdp.cpp:221] parsePacket(): could not receive data: 9
[ 18626][E][WiFiUdp.cpp:221] parsePacket(): could not receive data: 9
[ 18632][E][WiFiUdp.cpp:221] parsePacket(): could not receive data: 9
[ 18639][E][WiFiUdp.cpp:221] parsePacket(): could not receive data: 9
[ 18646][E][WiFiUdp.cpp:221] parsePacket(): could not receive data: 9
[ 18655][E][WiFiUdp.cpp:221] parsePacket(): could not receive data: 9
[ 18663][E][WiFiUdp.cpp:221] parsePacket(): could not receive data: 9
[ 18670][E][WiFiUdp.cpp:221] parsePacket(): could not receive data: 9
[ 18677][E][WiFiUdp.cpp:221] parsePacket(): could not receive data: 9
[ 18683][E][WiFiUdp.cpp:221] parsePacket(): could not receive data: 9
[ 18689][E][WiFiUdp.cpp:221] parsePacket(): could not receive data: 9
[ 18696][E][WiFiUdp.cpp:221] parsePacket(): could not receive data: 9
[ 18703][E][WiFiUdp.cpp:221] parsePacket(): could not receive data: 9
[ 18709][E][WiFiUdp.cpp:221] parsePacket(): could not receive data: 9
[ 18716][E][WiFiUdp.cpp:221] parsePacket(): could not receive data: 9
[ 18724][E][WiFiUdp.cpp:221] parsePacket(): could not receive data: 9
[ 18729][E][WiFiUdp.cpp:221] parsePacket(): could not receive data: 9
[ 18736][E][WiFiUdp.cpp:221] parsePacket(): could not receive data: 9
[ 18743][E][WiFiUdp.cpp:221] parsePacket(): could not receive data: 9
[ 18750][E][WiFiUdp.cpp:221] parsePacket(): could not receive data: 9
[ 18757][E][WiFiUdp.cpp:221] parsePacket(): could not receive data: 9
[ 18764][E][WiFiUdp.cpp:221] parsePacket(): could not receive data: 9
[ 18771][E][WiFiUdp.cpp:221] parsePacket(): could not receive data: 9
[ 18779][E][WiFiUdp.cpp:221] parsePacket(): could not receive data: 9
[ 18786][E][WiFiUdp.cpp:221] parsePacket(): could not receive data: 9
[ 18791][E][WiFiUdp.cpp:221] parsePacket(): could not receive data: 9
[ 18796][E][WiFiUdp.cpp:221] parsePacket(): could not receive data: 9
[ 18801][E][WiFiUdp.cpp:221] parsePacket(): could not receive data: 9
[ 18807][E][WiFiUdp.cpp:221] parsePacket(): could not receive data: 9
[ 18813][E][WiFiUdp.cpp:221] parsePacket(): could not receive data: 9
[ 18818][E][WiFiUdp.cpp:221] parsePacket(): could not receive data: 9
[ 18823][E][WiFiUdp.cpp:221] parsePacket(): could not receive data: 9
[ 18829][E][WiFiUdp.cpp:221] parsePacket(): could not receive data: 9
[ 18834][E][WiFiUdp.cpp:221] parsePacket(): could not receive data: 9
[ 18840][E][WiFiUdp.cpp:221] parsePacket(): could not receive data: 9
[ 18846][E][WiFiUdp.cpp:221] parsePacket(): could not receive data: 9
[ 18852][E][WiFiUdp.cpp:221] parsePacket(): could not receive data: 9
[ 18857][E][WiFiUdp.cpp:221] parsePacket(): could not receive data: 9
[ 18862][E][WiFiUdp.cpp:221] parsePacket(): could not receive data: 9
[ 18867][E][WiFiUdp.cpp:221] parsePacket(): could not receive data: 9
[ 18874][E][WiFiUdp.cpp:221] parsePacket(): could not receive data: 9
[ 18879][E][WiFiUdp.cpp:221] parsePacket(): could not receive data: 9
[ 18884][E][WiFiUdp.cpp:221] parsePacket(): could not receive data: 9
[ 18890][E][WiFiUdp.cpp:221] parsePacket(): could not receive data: 9
[ 18896][E][WiFiUdp.cpp:221] parsePacket(): could not receive data: 9
[ 18902][E][WiFiUdp.cpp:221] parsePacket(): could not receive data: 9
[ 18909][E][WiFiUdp.cpp:221] parsePacket(): could not receive data: 9
[ 18914][E][WiFiUdp.cpp:221] parsePacket(): could not receive data: 9
[ 18920][E][WiFiUdp.cpp:221] parsePacket(): could not receive data: 9
[ 18926][E][WiFiUdp.cpp:221] parsePacket(): could not receive data: 9
[ 18931][E][WiFiUdp.cpp:221] parsePacket(): could not receive data: 9
[ 18936][E][WiFiUdp.cpp:221] parsePacket(): could not receive data: 9
[ 18941][E][WiFiUdp.cpp:221] parsePacket(): could not receive data: 9
[ 18946][E][WiFiUdp.cpp:221] parsePacket(): could not receive data: 9
[ 18951][E][WiFiUdp.cpp:221] parsePacket(): could not receive data: 9
[ 18956][E][WiFiUdp.cpp:221] parsePacket(): could not receive data: 9
[ 18961][E][WiFiUdp.cpp:221] parsePacket(): could not receive data: 9
[ 18966][E][WiFiUdp.cpp:221] parsePacket(): could not receive data: 9
[ 18972][E][WiFiUdp.cpp:221] parsePacket(): could not receive data: 9
[ 18977][E][WiFiUdp.cpp:221] parsePacket(): could not receive data: 9
[ 18982][E][WiFiUdp.cpp:221] parsePacket(): could not receive data: 9
[ 18987][E][WiFiUdp.cpp:221] parsePacket(): could not receive data: 9
[ 18993][E][WiFiUdp.cpp:221] parsePacket(): could not receive data: 9
[ 18999][E][WiFiUdp.cpp:221] parsePacket(): could not receive data: 9
[ 19006][E][WiFiUdp.cpp:221] parsePacket(): could not receive data: 9
[ 19012][E][WiFiUdp.cpp:221] parsePacket(): could not receive data: 9
[ 19019][E][WiFiUdp.cpp:221] parsePacket(): could not receive data: 9
[ 19025][E][WiFiUdp.cpp:221] parsePacket(): could not receive data: 9
[ 19031][E][WiFiUdp.cpp:221] parsePacket(): could not receive data: 9
[ 19036][E][WiFiUdp.cpp:221] parsePacket(): could not receive data: 9
[ 19043][E][WiFiUdp.cpp:221] parsePacket(): could not receive data: 9
[ 19048][E][WiFiUdp.cpp:221] parsePacket(): could not receive data: 9
[ 19054][E][WiFiUdp.cpp:221] parsePacket(): could not receive data: 9
[ 19061][E][WiFiUdp.cpp:221] parsePacket(): could not receive data: 9
[ 19069][E][WiFiUdp.cpp:221] parsePacket(): could not receive data: 9
[ 19076][E][WiFiUdp.cpp:221] parsePacket(): could not receive data: 9
[ 19083][E][WiFiUdp.cpp:221] parsePacket(): could not receive data: 9
[ 19088][E][WiFiUdp.cpp:221] parsePacket(): could not receive data: 9
[ 19095][E][WiFiUdp.cpp:221] parsePacket(): could not receive data: 9
[ 19102][E][WiFiUdp.cpp:221] parsePacket(): could not receive data: 9
[ 19109][E][WiFiUdp.cpp:221] parsePacket(): could not receive data: 9
[ 19115][E][WiFiUdp.cpp:221] parsePacket(): could not receive data: 9
[ 19122][E][WiFiUdp.cpp:221] parsePacket(): could not receive data: 9
[ 19127][E][WiFiUdp.cpp:221] parsePacket(): could not receive data: 9
[ 19132][E][WiFiUdp.cpp:221] parsePacket(): could not receive data: 9
[ 19137][E][WiFiUdp.cpp:221] parsePacket(): could not receive data: 9
[ 19142][E][WiFiUdp.cpp:221] parsePacket(): could not receive data: 9
[ 19149][E][WiFiUdp.cpp:221] parsePacket(): could not receive data: 9
[ 19154][E][WiFiUdp.cpp:221] parsePacket(): could not receive data: 9
[ 19161][E][WiFiUdp.cpp:221] parsePacket(): could not receive data: 9
[ 19168][E][WiFiUdp.cpp:221] parsePacket(): could not receive data: 9
[ 19174][E][WiFiUdp.cpp:221] parsePacket(): could not receive data: 9
[ 19180][E][WiFiUdp.cpp:221] parsePacket(): could not receive data: 9
[ 19187][E][WiFiUdp.cpp:221] parsePacket(): could not receive data: 9
[ 19195][E][WiFiUdp.cpp:221] parsePacket(): could not receive data: 9
[ 19202][E][WiFiUdp.cpp:221] parsePacket(): could not receive data: 9
[ 19208][E][WiFiUdp.cpp:221] parsePacket(): could not receive data: 9
[ 19215][E][WiFiUdp.cpp:221] parsePacket(): could not receive data: 9
[ 19220][E][WiFiUdp.cpp:221] parsePacket(): could not receive data: 9
[ 19226][E][WiFiUdp.cpp:221] parsePacket(): could not receive data: 9
[ 19231][E][WiFiUdp.cpp:221] parsePacket(): could not receive data: 9
[ 19238][E][WiFiUdp.cpp:221] parsePacket(): could not receive data: 9
[ 19244][E][WiFiUdp.cpp:221] parsePacket(): could not receive data: 9
[ 19250][E][WiFiUdp.cpp:221] parsePacket(): could not receive data: 9
[ 19256][E][WiFiUdp.cpp:221] parsePacket(): could not receive data: 9
[ 19261][E][WiFiUdp.cpp:221] parsePacket(): could not receive data: 9
[ 19266][E][WiFiUdp.cpp:221] parsePacket(): could not receive data: 9
[ 19273][E][WiFiUdp.cpp:221] parsePacket(): could not receive data: 9
[ 19280][E][WiFiUdp.cpp:221] parsePacket(): could not receive data: 9
[ 19287][E][WiFiUdp.cpp:221] parsePacket(): could not receive data: 9
[ 19294][E][WiFiUdp.cpp:221] parsePacket(): could not receive data: 9
[ 19301][E][WiFiUdp.cpp:221] parsePacket(): could not receive data: 9
[ 19308][E][WiFiUdp.cpp:221] parsePacket(): could not receive data: 9
[ 19315][E][WiFiUdp.cpp:221] parsePacket(): could not receive data: 9
[ 19321][E][WiFiUdp.cpp:221] parsePacket(): could not receive data: 9
[ 19328][E][WiFiUdp.cpp:221] parsePacket(): could not receive data: 9
[ 19334][E][WiFiUdp.cpp:221] parsePacket(): could not receive data: 9
[ 19340][E][WiFiUdp.cpp:221] parsePacket(): could not receive data: 9
[ 19347][E][WiFiUdp.cpp:221] parsePacket(): could not receive data: 9
[ 19353][E][WiFiUdp.cpp:221] parsePacket(): could not receive data: 9
[ 19361][E][WiFiUdp.cpp:221] parsePacket(): could not receive data: 9
[ 19368][E][WiFiUdp.cpp:221] parsePacket(): could not receive data: 9
[ 19374][E][WiFiUdp.cpp:221] parsePacket(): could not receive data: 9
[ 19381][E][WiFiUdp.cpp:221] parsePacket(): could not receive data: 9
[ 19388][E][WiFiUdp.cpp:221] parsePacket(): could not receive data: 9
[ 19395][E][WiFiUdp.cpp:221] parsePacket(): could not receive data: 9
[ 19402][E][WiFiUdp.cpp:221] parsePacket(): could not receive data: 9
[ 19408][E][WiFiUdp.cpp:221] parsePacket(): could not receive data: 9
[ 19414][E][WiFiUdp.cpp:221] parsePacket(): could not receive data: 9
[ 19421][E][WiFiUdp.cpp:221] parsePacket(): could not receive data: 9
[ 19429][E][WiFiUdp.cpp:221] parsePacket(): could not receive data: 9
[ 19435][E][WiFiUdp.cpp:221] parsePacket(): could not receive data: 9
[ 19441][E][WiFiUdp.cpp:221] parsePacket(): could not receive data: 9
[ 19448][E][WiFiUdp.cpp:221] parsePacket(): could not receive data: 9
[ 19454][E][WiFiUdp.cpp:221] parsePacket(): could not receive data: 9
[ 19461][E][WiFiUdp.cpp:221] parsePacket(): could not receive data: 9
[ 19468][E][WiFiUdp.cpp:221] parsePacket(): could not receive data: 9
[ 19475][E][WiFiUdp.cpp:221] parsePacket(): could not receive data: 9
[ 19481][E][WiFiUdp.cpp:221] parsePacket(): could not receive data: 9
[ 19487][E][WiFiUdp.cpp:221] parsePacket(): could not receive data: 9
[ 19493][E][WiFiUdp.cpp:221] parsePacket(): could not receive data: 9
[ 19500][E][WiFiUdp.cpp:221] parsePacket(): could not receive data: 9
[ 19507][E][WiFiUdp.cpp:221] parsePacket(): could not receive data: 9
[ 19513][E][WiFiUdp.cpp:221] parsePacket(): could not receive data: 9
[ 19521][E][WiFiUdp.cpp:221] parsePacket(): could not receive data: 9
[ 19527][E][WiFiUdp.cpp:221] parsePacket(): could not receive data: 9
[ 19534][E][WiFiUdp.cpp:221] parsePacket(): could not receive data: 9
[ 19541][E][WiFiUdp.cpp:221] parsePacket(): could not receive data: 9
[ 19548][E][WiFiUdp.cpp:221] parsePacket(): could not receive data: 9
[ 19555][E][WiFiUdp.cpp:221] parsePacket(): could not receive data: 9
[ 19562][E][WiFiUdp.cpp:221] parsePacket(): could not receive data: 9
[ 19568][E][WiFiUdp.cpp:221] parsePacket(): could not receive data: 9
[ 19574][E][WiFiUdp.cpp:221] parsePacket(): could not receive data: 9
[ 19580][E][WiFiUdp.cpp:221] parsePacket(): could not receive data: 9
[ 19587][E][WiFiUdp.cpp:221] parsePacket(): could not receive data: 9
[ 19594][E][WiFiUdp.cpp:221] parsePacket(): could not receive data: 9
[ 19601][E][WiFiUdp.cpp:221] parsePacket(): could not receive data: 9
[ 19608][E][WiFiUdp.cpp:221] parsePacket(): could not receive data: 9
[ 19615][E][WiFiUdp.cpp:221] parsePacket(): could not receive data: 9
[ 19622][E][WiFiUdp.cpp:221] parsePacket(): could not receive data: 9
[ 19628][E][WiFiUdp.cpp:221] parsePacket(): could not receive data: 9
[ 19635][E][WiFiUdp.cpp:221] parsePacket(): could not receive data: 9
[ 19642][E][WiFiUdp.cpp:221] parsePacket(): could not receive data: 9
[ 19650][E][WiFiUdp.cpp:221] parsePacket(): could not receive data: 9
[ 19656][E][WiFiUdp.cpp:221] parsePacket(): could not receive data: 9
[ 19663][E][WiFiUdp.cpp:221] parsePacket(): could not receive data: 9
[ 19669][E][WiFiUdp.cpp:221] parsePacket(): could not receive data: 9
[ 19675][E][WiFiUdp.cpp:221] parsePacket(): could not receive data: 9
[ 19681][E][WiFiUdp.cpp:221] parsePacket(): could not receive data: 9
[ 19686][E][WiFiUdp.cpp:221] parsePacket(): could not receive data: 9
[ 19691][E][WiFiUdp.cpp:221] parsePacket(): could not receive data: 9
[ 19696][E][WiFiUdp.cpp:221] parsePacket(): could not receive data: 9
[ 19703][E][WiFiUdp.cpp:221] parsePacket(): could not receive data: 9
[ 19711][E][WiFiUdp.cpp:221] parsePacket(): could not receive data: 9
[ 19718][E][WiFiUdp.cpp:221] parsePacket(): could not receive data: 9
[ 19724][E][WiFiUdp.cpp:221] parsePacket(): could not receive data: 9
[ 19730][E][WiFiUdp.cpp:221] parsePacket(): could not receive data: 9
[ 19736][E][WiFiUdp.cpp:221] parsePacket(): could not receive data: 9
[ 19741][E][WiFiUdp.cpp:221] parsePacket(): could not receive data: 9
[ 19748][E][WiFiUdp.cpp:221] parsePacket(): could not receive data: 9
[ 19754][E][WiFiUdp.cpp:221] parsePacket(): could not receive data: 9
[ 19760][E][WiFiUdp.cpp:221] parsePacket(): could not receive data: 9
[ 19767][E][WiFiUdp.cpp:221] parsePacket(): could not receive data: 9
[ 19772][E][WiFiUdp.cpp:221] parsePacket(): could not receive data: 9
[ 19778][E][WiFiUdp.cpp:221] parsePacket(): could not receive data: 9
[ 19783][E][WiFiUdp.cpp:221] parsePacket(): could not receive data: 9
[ 19788][E][WiFiUdp.cpp:221] parsePacket(): could not receive data: 9
[ 19795][E][WiFiUdp.cpp:221] parsePacket(): could not receive data: 9
[ 19801][E][WiFiUdp.cpp:221] parsePacket(): could not receive data: 9
[ 19807][E][WiFiUdp.cpp:221] parsePacket(): could not receive data: 9
[ 19813][E][WiFiUdp.cpp:221] parsePacket(): could not receive data: 9
[ 19819][E][WiFiUdp.cpp:221] parsePacket(): could not receive data: 9
[ 19826][E][WiFiUdp.cpp:221] parsePacket(): could not receive data: 9
[ 19832][E][WiFiUdp.cpp:221] parsePacket(): could not receive data: 9
[ 19838][E][WiFiUdp.cpp:221] parsePacket(): could not receive data: 9
[ 19844][E][WiFiUdp.cpp:221] parsePacket(): could not receive data: 9
[ 19850][E][WiFiUdp.cpp:221] parsePacket(): could not receive data: 9
[ 19856][E][WiFiUdp.cpp:221] parsePacket(): could not receive data: 9
[ 19862][E][WiFiUdp.cpp:221] parsePacket(): could not receive data: 9
[ 19868][E][WiFiUdp.cpp:221] parsePacket(): could not receive data: 9
[ 19874][E][WiFiUdp.cpp:221] parsePacket(): could not receive data: 9
[ 19880][E][WiFiUdp.cpp:221] parsePacket(): could not receive data: 9
[ 19887][E][WiFiUdp.cpp:221] parsePacket(): could not receive data: 9
[ 19894][E][WiFiUdp.cpp:221] parsePacket(): could not receive data: 9
[ 19900][E][WiFiUdp.cpp:221] parsePacket(): could not receive data: 9
[ 19905][E][WiFiUdp.cpp:221] parsePacket(): could not receive data: 9
[ 19910][E][WiFiUdp.cpp:221] parsePacket(): could not receive data: 9
[ 19915][E][WiFiUdp.cpp:221] parsePacket(): could not receive data: 9
[ 19920][E][WiFiUdp.cpp:221] parsePacket(): could not receive data: 9
[ 19925][E][WiFiUdp.cpp:221] parsePacket(): could not receive data: 9
[ 19930][E][WiFiUdp.cpp:221] parsePacket(): could not receive data: 9
[ 19937][E][WiFiUdp.cpp:221] parsePacket(): could not receive data: 9
[ 19943][E][WiFiUdp.cpp:221] parsePacket(): could not receive data: 9
[ 19949][E][WiFiUdp.cpp:221] parsePacket(): could not receive data: 9
[ 19955][E][WiFiUdp.cpp:221] parsePacket(): could not receive data: 9
[ 19960][E][WiFiUdp.cpp:221] parsePacket(): could not receive data: 9
[ 19967][E][WiFiUdp.cpp:221] parsePacket(): could not receive data: 9
[ 19974][E][WiFiUdp.cpp:221] parsePacket(): could not receive data: 9
[ 19981][E][WiFiUdp.cpp:221] parsePacket(): could not receive data: 9
[ 19988][E][WiFiUdp.cpp:221] parsePacket(): could not receive data: 9
[ 19994][E][WiFiUdp.cpp:221] parsePacket(): could not receive data: 9
[ 20000][E][WiFiUdp.cpp:221] parsePacket(): could not receive data: 9
[ 20006][E][WiFiUdp.cpp:221] parsePacket(): could not receive data: 9
[ 20012][E][WiFiUdp.cpp:221] parsePacket(): could not receive data: 9
[ 20019][E][WiFiUdp.cpp:221] parsePacket(): could not receive data: 9
[ 20025][E][WiFiUdp.cpp:221] parsePacket(): could not receive data: 9
[ 20031][E][WiFiUdp.cpp:221] parsePacket(): could not receive data: 9
[ 20037][E][WiFiUdp.cpp:221] parsePacket(): could not receive data: 9
[ 20044][E][WiFiUdp.cpp:221] parsePacket(): could not receive data: 9
[ 20050][E][WiFiUdp.cpp:221] parsePacket(): could not receive data: 9
[ 20057][E][WiFiUdp.cpp:221] parsePacket(): could not receive data: 9
[ 20063][E][WiFiUdp.cpp:221] parsePacket(): could not receive data: 9
[ 20069][E][WiFiUdp.cpp:221] parsePacket(): could not receive data: 9
[ 20075][E][WiFiUdp.cpp:221] parsePacket(): could not receive data: 9
[ 20084][E][WiFiUdp.cpp:221] parsePacket(): could not receive data: 9
[ 20091][E][WiFiUdp.cpp:221] parsePacket(): could not receive data: 9
[ 20097][E][WiFiUdp.cpp:221] parsePacket(): could not receive data: 9
[ 20104][E][WiFiUdp.cpp:221] parsePacket(): could not receive data: 9
[ 20110][E][WiFiUdp.cpp:221] parsePacket(): could not receive data: 9
[ 20118][E][WiFiUdp.cpp:221] parsePacket(): could not receive data: 9
[ 20125][E][WiFiUdp.cpp:221] parsePacket(): could not receive data: 9
[ 20132][E][WiFiUdp.cpp:221] parsePacket(): could not receive data: 9
[ 20139][E][WiFiUdp.cpp:221] parsePacket(): could not receive data: 9
[ 20146][E][WiFiUdp.cpp:221] parsePacket(): could not receive data: 9
[ 20153][E][WiFiUdp.cpp:221] parsePacket(): could not receive data: 9
[ 20159][E][WiFiUdp.cpp:221] parsePacket(): could not receive data: 9
[ 20166][E][WiFiUdp.cpp:221] parsePacket(): could not receive data: 9
[ 20173][E][WiFiUdp.cpp:221] parsePacket(): could not receive data: 9
[ 20180][E][WiFiUdp.cpp:221] parsePacket(): could not receive data: 9
[ 20187][E][WiFiUdp.cpp:221] parsePacket(): could not receive data: 9
[ 20193][E][WiFiUdp.cpp:221] parsePacket(): could not receive data: 9
[ 20199][E][WiFiUdp.cpp:221] parsePacket(): could not receive data: 9
[ 20205][E][WiFiUdp.cpp:221] parsePacket(): could not receive data: 9
[ 20211][E][WiFiUdp.cpp:221] parsePacket(): could not receive data: 9
[ 20217][E][WiFiUdp.cpp:221] parsePacket(): could not receive data: 9
[ 20223][E][WiFiUdp.cpp:221] parsePacket(): could not receive data: 9
[ 20229][E][WiFiUdp.cpp:221] parsePacket(): could not receive data: 9
[ 20235][E][WiFiUdp.cpp:221] parsePacket(): could not receive data: 9
[ 20241][E][WiFiUdp.cpp:221] parsePacket(): could not receive data: 9
[ 20246][E][WiFiUdp.cpp:221] parsePacket(): could not receive data: 9
[ 20253][E][WiFiUdp.cpp:221] parsePacket(): could not receive data: 9
[ 20259][E][WiFiUdp.cpp:221] parsePacket(): could not receive data: 9
[ 20266][E][WiFiUdp.cpp:221] parsePacket(): could not receive data: 9
[ 20273][E][WiFiUdp.cpp:221] parsePacket(): could not receive data: 9
[ 20280][E][WiFiUdp.cpp:221] parsePacket(): could not receive data: 9
[ 20287][E][WiFiUdp.cpp:221] parsePacket(): could not receive data: 9
[ 20294][E][WiFiUdp.cpp:221] parsePacket(): could not receive data: 9
[ 20301][E][WiFiUdp.cpp:221] parsePacket(): could not receive data: 9
[ 20308][E][WiFiUdp.cpp:221] parsePacket(): could not receive data: 9
[ 20314][E][WiFiUdp.cpp:221] parsePacket(): could not receive data: 9
[ 20320][E][WiFiUdp.cpp:221] parsePacket(): could not receive data: 9
[ 20326][E][WiFiUdp.cpp:221] parsePacket(): could not receive data: 9
[ 20333][E][WiFiUdp.cpp:221] parsePacket(): could not receive data: 9
[ 20340][E][WiFiUdp.cpp:221] parsePacket(): could not receive data: 9
[ 20347][E][WiFiUdp.cpp:221] parsePacket(): could not receive data: 9
[ 20354][E][WiFiUdp.cpp:221] parsePacket(): could not receive data: 9
[ 20361][E][WiFiUdp.cpp:221] parsePacket(): could not receive data: 9
[ 20368][E][WiFiUdp.cpp:221] parsePacket(): could not receive data: 9
[ 20375][E][WiFiUdp.cpp:221] parsePacket(): could not receive data: 9
[ 20382][E][WiFiUdp.cpp:221] parsePacket(): could not receive data: 9
[ 20389][E][WiFiUdp.cpp:221] parsePacket(): could not receive data: 9
[ 20395][E][WiFiUdp.cpp:221] parsePacket(): could not receive data: 9
[ 20402][E][WiFiUdp.cpp:221] parsePacket(): could not receive data: 9
[ 20409][E][WiFiUdp.cpp:221] parsePacket(): could not receive data: 9
[ 20417][E][WiFiUdp.cpp:221] parsePacket(): could not receive data: 9
[ 20424][E][WiFiUdp.cpp:221] parsePacket(): could not receive data: 9
[ 20431][E][WiFiUdp.cpp:221] parsePacket(): could not receive data: 9
[ 20439][E][WiFiUdp.cpp:221] parsePacket(): could not receive data: 9
[ 20447][E][WiFiUdp.cpp:221] parsePacket(): could not receive data: 9
[ 20454][E][WiFiUdp.cpp:221] parsePacket(): could not receive data: 9
[ 20461][E][WiFiUdp.cpp:221] parsePacket(): could not receive data: 9
[ 20468][E][WiFiUdp.cpp:221] parsePacket(): could not receive data: 9
[ 20475][E][WiFiUdp.cpp:221] parsePacket(): could not receive data: 9
[ 20482][E][WiFiUdp.cpp:221] parsePacket(): could not receive data: 9
[ 20489][E][WiFiUdp.cpp:221] parsePacket(): could not receive data: 9
[CON ]...Client disconnected. free heap=132540
[ 20497][E][WiFiUdp.cpp:221] parsePacket(): could not receive data: 9
[CON ]...accept() fd=50 free=132540
[CON ]...Client authenticated on port 2323. free heap=128884
-[ 20508][E][WiFiUdp.cpp:221] parsePacket(): could not receive data: 9
-[ 20515][E][WiFiUdp.cpp:221] parsePacket(): could not receive data: 9
i[ 20521][E][WiFiUdp.cpp:221] parsePacket(): could not receive data: 9
n[ 20528][E][WiFiUdp.cpp:221] parsePacket(): could not receive data: 9
f[ 20536][E][WiFiUdp.cpp:221] parsePacket(): could not receive data: 9
o[ 20543][E][WiFiUdp.cpp:221] parsePacket(): could not receive data: 9
[ 20550][E][WiFiUdp.cpp:221] parsePacket(): could not receive data: 9

--MeshCom 4.35t (build: Sep 26 2026 / 14:21:12)
...UPDATE: 
...Call: <TE5T-1> ...ID 00000000 ...NODE 39 <EBYTE_E22> ...UTC-OFF 1.000000 [CPU]
...BATT 4.10 V ...BATT 85 % ...MAXV 4.200 V
...TIME 20558 ms
...Flash-Version 20260724
...NOMSGALL off ...MESH off ...BUTTON (12) off ...SOFTSER off ... SOFTSERREAD off
...PASSWD <>
...DEBUG man ...DEBUG en
...DEBUG off ...LORADEBUG off ...GPSDEBUG off/0 ...SOFTSERDEBUG off
...WXDEBUG off ...BLEDEBUG off
...DisplayInfo off ...DisplayCont off ...DisplyLog off ...contrast 255 ...ackinfo off
...EXTUDP off ...EXT IP none ...NOPMOTHER off
...BTCODE 000000
...APRSMC: APRSMC
...ATXT: 
...NAME: 
...BLE : short
...DISPLAY on
...CTRY EU8
...FREQ 433.1750 MHz TXPWR 17 dBm RXBOOST off
...MAXHOP text 4 / pos 2

...Webserver  on / Webpwd <> / Gateway off 
...NETConsole on (port 2323)
...KISS/TCP   off / TX off / RxMeta off / Auth off
...WIFI-AP    off
...SSID <none> / PASSWORD <***>
...NETWORK Mode:WiFi
...hasIpAddress: yes
...IP address   : 10.0.2.15
...SUBNET-MASK  : 255.255.255.0
...GW address   : 10.0.2.5
...DNS address  : 
...UDP-HBeat : 20570
[ 20570][E][WiFiUdp.cpp:221] parsePacket(): could not receive data: 9
[CON ]...Client disconnected. free heap=134576
[ 20576][E][WiFiUdp.cpp:221] parsePacket(): could not receive data: 9
[ 20581][E][WiFiUdp.cpp:221] parsePacket(): could not receive data: 9
[ 20586][E][WiFiUdp.cpp:221] parsePacket(): could not receive data: 9
[ 20591][E][WiFiUdp.cpp:221] parsePacket(): could not receive data: 9
[ 20597][E][WiFiUdp.cpp:221] parsePacket(): could not receive data: 9
[ 20603][E][WiFiUdp.cpp:221] parsePacket(): could not receive data: 9
[ 20609][E][WiFiUdp.cpp:221] parsePacket(): could not receive data: 9
[ 20616][E][WiFiUdp.cpp:221] parsePacket(): could not receive data: 9
[ 20622][E][WiFiUdp.cpp:221] parsePacket(): could not receive data: 9
[ 20629][E][WiFiUdp.cpp:221] parsePacket(): could not receive data: 9
[ 20634][E][WiFiUdp.cpp:221] parsePacket(): could not receive data: 9
[ 20640][E][WiFiUdp.cpp:221] parsePacket(): could not receive data: 9
[ 20647][E][WiFiUdp.cpp:221] parsePacket(): could not receive data: 9
[ 20654][E][WiFiUdp.cpp:221] parsePacket(): could not receive data: 9
[ 20660][E][WiFiUdp.cpp:221] parsePacket(): could not receive data: 9
[ 20666][E][WiFiUdp.cpp:221] parsePacket(): could not receive data: 9
[ 20671][E][WiFiUdp.cpp:221] parsePacket(): could not receive data: 9
[ 20676][E][WiFiUdp.cpp:221] parsePacket(): could not receive data: 9
[ 20681][E][WiFiUdp.cpp:221] parsePacket(): could not receive data: 9
[ 20686][E][WiFiUdp.cpp:221] parsePacket(): could not receive data: 9
[ 20691][E][WiFiUdp.cpp:221] parsePacket(): could not receive data: 9
[ 20697][E][WiFiUdp.cpp:221] parsePacket(): could not receive data: 9
[ 20703][E][WiFiUdp.cpp:221] parsePacket(): could not receive data: 9
[ 20709][E][WiFiUdp.cpp:221] parsePacket(): could not receive data: 9
[ 20715][E][WiFiUdp.cpp:221] parsePacket(): could not receive data: 9
[ 20722][E][WiFiUdp.cpp:221] parsePacket(): could not receive data: 9
[ 20728][E][WiFiUdp.cpp:221] parsePacket(): could not receive data: 9
[ 20735][E][WiFiUdp.cpp:221] parsePacket(): could not receive data: 9
[ 20740][E][WiFiUdp.cpp:221] parsePacket(): could not receive data: 9
[ 20746][E][WiFiUdp.cpp:221] parsePacket(): could not receive data: 9
[ 20752][E][WiFiUdp.cpp:221] parsePacket(): could not receive data: 9
[ 20759][E][WiFiUdp.cpp:221] parsePacket(): could not receive data: 9
[ 20765][E][WiFiUdp.cpp:221] parsePacket(): could not receive data: 9
[ 20770][E][WiFiUdp.cpp:221] parsePacket(): could not receive data: 9
[ 20776][E][WiFiUdp.cpp:221] parsePacket(): could not receive data: 9
[ 20783][E][WiFiUdp.cpp:221] parsePacket(): could not receive data: 9
[ 20789][E][WiFiUdp.cpp:221] parsePacket(): could not receive data: 9
[ 20796][E][WiFiUdp.cpp:221] parsePacket(): could not receive data: 9
[ 20801][E][WiFiUdp.cpp:221] parsePacket(): could not receive data: 9
[ 20808][E][WiFiUdp.cpp:221] parsePacket(): could not receive data: 9
[ 20814][E][WiFiUdp.cpp:221] parsePacket(): could not receive data: 9
[ 20819][E][WiFiUdp.cpp:221] parsePacket(): could not receive data: 9
[ 20827][E][WiFiUdp.cpp:221] parsePacket(): could not receive data: 9
[ 20833][E][WiFiUdp.cpp:221] parsePacket(): could not receive data: 9
[ 20838][E][WiFiUdp.cpp:221] parsePacket(): could not receive data: 9
[ 20844][E][WiFiUdp.cpp:221] parsePacket(): could not receive data: 9
[ 20851][E][WiFiUdp.cpp:221] parsePacket(): could not receive data: 9
[ 20857][E][WiFiUdp.cpp:221] parsePacket(): could not receive data: 9
[ 20862][E][WiFiUdp.cpp:221] parsePacket(): could not receive data: 9
[ 20870][E][WiFiUdp.cpp:221] parsePacket(): could not receive data: 9
[ 20878][E][WiFiUdp.cpp:221] parsePacket(): could not receive data: 9
[ 20885][E][WiFiUdp.cpp:221] parsePacket(): could not receive data: 9
[ 20891][E][WiFiUdp.cpp:221] parsePacket(): could not receive data: 9
[ 20896][E][WiFiUdp.cpp:221] parsePacket(): could not receive data: 9
[ 20902][E][WiFiUdp.cpp:221] parsePacket(): could not receive data: 9
[ 20909][E][WiFiUdp.cpp:221] parsePacket(): could not receive data: 9
[ 20915][E][WiFiUdp.cpp:221] parsePacket(): could not receive data: 9
[ 20921][E][WiFiUdp.cpp:221] parsePacket(): could not receive data: 9
[ 20928][E][WiFiUdp.cpp:221] parsePacket(): could not receive data: 9
[ 20936][E][WiFiUdp.cpp:221] parsePacket(): could not receive data: 9
[ 20944][E][WiFiUdp.cpp:221] parsePacket(): could not receive data: 9
[ 20952][E][WiFiUdp.cpp:221] parsePacket(): could not receive data: 9
[ 20958][E][WiFiUdp.cpp:221] parsePacket(): could not receive data: 9
[ 20965][E][WiFiUdp.cpp:221] parsePacket(): could not receive data: 9
[ 20973][E][WiFiUdp.cpp:221] parsePacket(): could not receive data: 9
[ 20980][E][WiFiUdp.cpp:221] parsePacket(): could not receive data: 9
[ 20986][E][WiFiUdp.cpp:221] parsePacket(): could not receive data: 9
[ 20991][E][WiFiUdp.cpp:221] parsePacket(): could not receive data: 9
[ 20997][E][WiFiUdp.cpp:221] parsePacket(): could not receive data: 9
[ 21003][E][WiFiUdp.cpp:221] parsePacket(): could not receive data: 9
[ 21008][E][WiFiUdp.cpp:221] parsePacket(): could not receive data: 9
[ 21013][E][WiFiUdp.cpp:221] parsePacket(): could not receive data: 9
[ 21018][E][WiFiUdp.cpp:221] parsePacket(): could not receive data: 9
[ 21023][E][WiFiUdp.cpp:221] parsePacket(): could not receive data: 9
[ 21029][E][WiFiUdp.cpp:221] parsePacket(): could not receive data: 9
[ 21035][E][WiFiUdp.cpp:221] parsePacket(): could not receive data: 9
[ 21040][E][WiFiUdp.cpp:221] parsePacket(): could not receive data: 9
[ 21046][E][WiFiUdp.cpp:221] parsePacket(): could not receive data: 9
[ 21053][E][WiFiUdp.cpp:221] parsePacket(): could not receive data: 9
[ 21059][E][WiFiUdp.cpp:221] parsePacket(): could not receive data: 9
[ 21067][E][WiFiUdp.cpp:221] parsePacket(): could not receive data: 9
[ 21074][E][WiFiUdp.cpp:221] parsePacket(): could not receive data: 9
[ 21080][E][WiFiUdp.cpp:221] parsePacket(): could not receive data: 9
[ 21086][E][WiFiUdp.cpp:221] parsePacket(): could not receive data: 9
[ 21092][E][WiFiUdp.cpp:221] parsePacket(): could not receive data: 9
[ 21097][E][WiFiUdp.cpp:221] parsePacket(): could not receive data: 9
[ 21102][E][WiFiUdp.cpp:221] parsePacket(): could not receive data: 9
[ 21107][E][WiFiUdp.cpp:221] parsePacket(): could not receive data: 9
[ 21113][E][WiFiUdp.cpp:221] parsePacket(): could not receive data: 9
[ 21120][E][WiFiUdp.cpp:221] parsePacket(): could not receive data: 9
[ 21128][E][WiFiUdp.cpp:221] parsePacket(): could not receive data: 9
[ 21136][E][WiFiUdp.cpp:221] parsePacket(): could not receive data: 9
[ 21142][E][WiFiUdp.cpp:221] parsePacket(): could not receive data: 9
[ 21148][E][WiFiUdp.cpp:221] parsePacket(): could not receive data: 9
[ 21154][E][WiFiUdp.cpp:221] parsePacket(): could not receive data: 9
[ 21161][E][WiFiUdp.cpp:221] parsePacket(): could not receive data: 9
[ 21167][E][WiFiUdp.cpp:221] parsePacket(): could not receive data: 9
[ 21173][E][WiFiUdp.cpp:221] parsePacket(): could not receive data: 9
[ 21179][E][WiFiUdp.cpp:221] parsePacket(): could not receive data: 9
[ 21184][E][WiFiUdp.cpp:221] parsePacket(): could not receive data: 9
[ 21190][E][WiFiUdp.cpp:221] parsePacket(): could not receive data: 9
[ 21196][E][WiFiUdp.cpp:221] parsePacket(): could not receive data: 9
[ 21201][E][WiFiUdp.cpp:221] parsePacket(): could not receive data: 9
[ 21206][E][WiFiUdp.cpp:221] parsePacket(): could not receive data: 9
[ 21214][E][WiFiUdp.cpp:221] parsePacket(): could not receive data: 9
[ 21221][E][WiFiUdp.cpp:221] parsePacket(): could not receive data: 9
[ 21228][E][WiFiUdp.cpp:221] parsePacket(): could not receive data: 9
[ 21233][E][WiFiUdp.cpp:221] parsePacket(): could not receive data: 9
[ 21239][E][WiFiUdp.cpp:221] parsePacket(): could not receive data: 9
[ 21246][E][WiFiUdp.cpp:221] parsePacket(): could not receive data: 9
[ 21251][E][WiFiUdp.cpp:221] parsePacket(): could not receive data: 9
[ 21257][E][WiFiUdp.cpp:221] parsePacket(): could not receive data: 9
[ 21262][E][WiFiUdp.cpp:221] parsePacket(): could not receive data: 9
[ 21268][E][WiFiUdp.cpp:221] parsePacket(): could not receive data: 9
[ 21274][E][WiFiUdp.cpp:221] parsePacket(): could not receive data: 9
[ 21280][E][WiFiUdp.cpp:221] parsePacket(): could not receive data: 9
[ 21286][E][WiFiUdp.cpp:221] parsePacket(): could not receive data: 9
[ 21293][E][WiFiUdp.cpp:221] parsePacket(): could not receive data: 9
[ 21300][E][WiFiUdp.cpp:221] parsePacket(): could not receive data: 9
[ 21307][E][WiFiUdp.cpp:221] parsePacket(): could not receive data: 9
[ 21314][E][WiFiUdp.cpp:221] parsePacket(): could not receive data: 9
[ 21321][E][WiFiUdp.cpp:221] parsePacket(): could not receive data: 9
[ 21327][E][WiFiUdp.cpp:221] parsePacket(): could not receive data: 9
[ 21333][E][WiFiUdp.cpp:221] parsePacket(): could not receive data: 9
[ 21341][E][WiFiUdp.cpp:221] parsePacket(): could not receive data: 9
[ 21349][E][WiFiUdp.cpp:221] parsePacket(): could not receive data: 9
[ 21356][E][WiFiUdp.cpp:221] parsePacket(): could not receive data: 9
[ 21362][E][WiFiUdp.cpp:221] parsePacket(): could not receive data: 9
[ 21367][E][WiFiUdp.cpp:221] parsePacket(): could not receive data: 9
[ 21374][E][WiFiUdp.cpp:221] parsePacket(): could not receive data: 9
[ 21382][E][WiFiUdp.cpp:221] parsePacket(): could not receive data: 9
[ 21390][E][WiFiUdp.cpp:221] parsePacket(): could not receive data: 9
[ 21397][E][WiFiUdp.cpp:221] parsePacket(): could not receive data: 9
[ 21403][E][WiFiUdp.cpp:221] parsePacket(): could not receive data: 9
[ 21409][E][WiFiUdp.cpp:221] parsePacket(): could not receive data: 9
[ 21415][E][WiFiUdp.cpp:221] parsePacket(): could not receive data: 9
[ 21420][E][WiFiUdp.cpp:221] parsePacket(): could not receive data: 9
[ 21428][E][WiFiUdp.cpp:221] parsePacket(): could not receive data: 9
[ 21436][E][WiFiUdp.cpp:221] parsePacket(): could not receive data: 9
[ 21444][E][WiFiUdp.cpp:221] parsePacket(): could not receive data: 9
[ 21450][E][WiFiUdp.cpp:221] parsePacket(): could not receive data: 9
[ 21455][E][WiFiUdp.cpp:221] parsePacket(): could not receive data: 9
[ 21461][E][WiFiUdp.cpp:221] parsePacket(): could not receive data: 9
[ 21466][E][WiFiUdp.cpp:221] parsePacket(): could not receive data: 9
[ 21471][E][WiFiUdp.cpp:221] parsePacket(): could not receive data: 9
[ 21477][E][WiFiUdp.cpp:221] parsePacket(): could not receive data: 9
[ 21484][E][WiFiUdp.cpp:221] parsePacket(): could not receive data: 9
[ 21490][E][WiFiUdp.cpp:221] parsePacket(): could not receive data: 9
[ 21496][E][WiFiUdp.cpp:221] parsePacket(): could not receive data: 9
[ 21502][E][WiFiUdp.cpp:221] parsePacket(): could not receive data: 9
[ 21508][E][WiFiUdp.cpp:221] parsePacket(): could not receive data: 9
[ 21515][E][WiFiUdp.cpp:221] parsePacket(): could not receive data: 9
[ 21521][E][WiFiUdp.cpp:221] parsePacket(): could not receive data: 9
[ 21527][E][WiFiUdp.cpp:221] parsePacket(): could not receive data: 9
[ 21533][E][WiFiUdp.cpp:221] parsePacket(): could not receive data: 9
[ 21540][E][WiFiUdp.cpp:221] parsePacket(): could not receive data: 9
[ 21545][E][WiFiUdp.cpp:221] parsePacket(): could not receive data: 9
[ 21551][E][WiFiUdp.cpp:221] parsePacket(): could not receive data: 9
[ 21558][E][WiFiUdp.cpp:221] parsePacket(): could not receive data: 9
[ 21565][E][WiFiUdp.cpp:221] parsePacket(): could not receive data: 9
[ 21571][E][WiFiUdp.cpp:221] parsePacket(): could not receive data: 9
[ 21576][E][WiFiUdp.cpp:221] parsePacket(): could not receive data: 9
[ 21583][E][WiFiUdp.cpp:221] parsePacket(): could not receive data: 9
[ 21588][E][WiFiUdp.cpp:221] parsePacket(): could not receive data: 9
[ 21594][E][WiFiUdp.cpp:221] parsePacket(): could not receive data: 9
[ 21601][E][WiFiUdp.cpp:221] parsePacket(): could not receive data: 9
[ 21607][E][WiFiUdp.cpp:221] parsePacket(): could not receive data: 9
[ 21613][E][WiFiUdp.cpp:221] parsePacket(): could not receive data: 9
[ 21619][E][WiFiUdp.cpp:221] parsePacket(): could not receive data: 9
[ 21624][E][WiFiUdp.cpp:221] parsePacket(): could not receive data: 9
[ 21631][E][WiFiUdp.cpp:221] parsePacket(): could not receive data: 9
[ 21636][E][WiFiUdp.cpp:221] parsePacket(): could not receive data: 9
[ 21643][E][WiFiUdp.cpp:221] parsePacket(): could not receive data: 9
[ 21649][E][WiFiUdp.cpp:221] parsePacket(): could not receive data: 9
[ 21654][E][WiFiUdp.cpp:221] parsePacket(): could not receive data: 9
[ 21661][E][WiFiUdp.cpp:221] parsePacket(): could not receive data: 9
[ 21667][E][WiFiUdp.cpp:221] parsePacket(): could not receive data: 9
[ 21673][E][WiFiUdp.cpp:221] parsePacket(): could not receive data: 9
[ 21679][E][WiFiUdp.cpp:221] parsePacket(): could not receive data: 9
[ 21684][E][WiFiUdp.cpp:221] parsePacket(): could not receive data: 9
[ 21691][E][WiFiUdp.cpp:221] parsePacket(): could not receive data: 9
[ 21698][E][WiFiUdp.cpp:221] parsePacket(): could not receive data: 9
[ 21706][E][WiFiUdp.cpp:221] parsePacket(): could not receive data: 9
[ 21712][E][WiFiUdp.cpp:221] parsePacket(): could not receive data: 9
[ 21719][E][WiFiUdp.cpp:221] parsePacket(): could not receive data: 9
[ 21726][E][WiFiUdp.cpp:221] parsePacket(): could not receive data: 9
[ 21733][E][WiFiUdp.cpp:221] parsePacket(): could not receive data: 9
[ 21740][E][WiFiUdp.cpp:221] parsePacket(): could not receive data: 9
[ 21747][E][WiFiUdp.cpp:221] parsePacket(): could not receive data: 9
[ 21758][E][WiFiUdp.cpp:221] parsePacket(): could not receive data: 9
[ 21768][E][WiFiUdp.cpp:221] parsePacket(): could not receive data: 9
[ 21777][E][WiFiUdp.cpp:221] parsePacket(): could not receive data: 9
[ 21784][E][WiFiUdp.cpp:221] parsePacket(): could not receive data: 9
[ 21791][E][WiFiUdp.cpp:221] parsePacket(): could not receive data: 9
[ 21796][E][WiFiUdp.cpp:221] parsePacket(): could not receive data: 9
[ 21803][E][WiFiUdp.cpp:221] parsePacket(): could not receive data: 9
[ 21810][E][WiFiUdp.cpp:221] parsePacket(): could not receive data: 9
[ 21816][E][WiFiUdp.cpp:221] parsePacket(): could not receive data: 9
[ 21823][E][WiFiUdp.cpp:221] parsePacket(): could not receive data: 9
[ 21829][E][WiFiUdp.cpp:221] parsePacket(): could not receive data: 9
[ 21835][E][WiFiUdp.cpp:221] parsePacket(): could not receive data: 9
[ 21841][E][WiFiUdp.cpp:221] parsePacket(): could not receive data: 9
[ 21848][E][WiFiUdp.cpp:221] parsePacket(): could not receive data: 9
[ 21853][E][WiFiUdp.cpp:221] parsePacket(): could not receive data: 9
[ 21859][E][WiFiUdp.cpp:221] parsePacket(): could not receive data: 9
[ 21866][E][WiFiUdp.cpp:221] parsePacket(): could not receive data: 9
[ 21872][E][WiFiUdp.cpp:221] parsePacket(): could not receive data: 9
[ 21881][E][WiFiUdp.cpp:221] parsePacket(): could not receive data: 9
[ 21888][E][WiFiUdp.cpp:221] parsePacket(): could not receive data: 9
[ 21894][E][WiFiUdp.cpp:221] parsePacket(): could not receive data: 9
[ 21901][E][WiFiUdp.cpp:221] parsePacket(): could not receive data: 9
[ 21909][E][WiFiUdp.cpp:221] parsePacket(): could not receive data: 9
[ 21915][E][WiFiUdp.cpp:221] parsePacket(): could not receive data: 9
[ 21922][E][WiFiUdp.cpp:221] parsePacket(): could not receive data: 9
[ 21929][E][WiFiUdp.cpp:221] parsePacket(): could not receive data: 9
[ 21935][E][WiFiUdp.cpp:221] parsePacket(): could not receive data: 9
[ 21942][E][WiFiUdp.cpp:221] parsePacket(): could not receive data: 9
[ 21949][E][WiFiUdp.cpp:221] parsePacket(): could not receive data: 9
[ 21955][E][WiFiUdp.cpp:221] parsePacket(): could not receive data: 9
[ 21961][E][WiFiUdp.cpp:221] parsePacket(): could not receive data: 9
[ 21967][E][WiFiUdp.cpp:221] parsePacket(): could not receive data: 9
[ 21972][E][WiFiUdp.cpp:221] parsePacket(): could not receive data: 9
[ 21977][E][WiFiUdp.cpp:221] parsePacket(): could not receive data: 9
[ 21982][E][WiFiUdp.cpp:221] parsePacket(): could not receive data: 9
[ 21987][E][WiFiUdp.cpp:221] parsePacket(): could not receive data: 9
[ 21992][E][WiFiUdp.cpp:221] parsePacket(): could not receive data: 9
[ 21997][E][WiFiUdp.cpp:221] parsePacket(): could not receive data: 9
[ 22004][E][WiFiUdp.cpp:221] parsePacket(): could not receive data: 9
[ 22010][E][WiFiUdp.cpp:221] parsePacket(): could not receive data: 9
[ 22015][E][WiFiUdp.cpp:221] parsePacket(): could not receive data: 9
[ 22022][E][WiFiUdp.cpp:221] parsePacket(): could not receive data: 9
[ 22028][E][WiFiUdp.cpp:221] parsePacket(): could not receive data: 9
[ 22035][E][WiFiUdp.cpp:221] parsePacket(): could not receive data: 9
[ 22041][E][WiFiUdp.cpp:221] parsePacket(): could not receive data: 9
[ 22047][E][WiFiUdp.cpp:221] parsePacket(): could not receive data: 9
[ 22053][E][WiFiUdp.cpp:221] parsePacket(): could not receive data: 9
[ 22059][E][WiFiUdp.cpp:221] parsePacket(): could not receive data: 9
[ 22065][E][WiFiUdp.cpp:221] parsePacket(): could not receive data: 9
[ 22071][E][WiFiUdp.cpp:221] parsePacket(): could not receive data: 9
[ 22076][E][WiFiUdp.cpp:221] parsePacket(): could not receive data: 9
[ 22081][E][WiFiUdp.cpp:221] parsePacket(): could not receive data: 9
[ 22086][E][WiFiUdp.cpp:221] parsePacket(): could not receive data: 9
[ 22091][E][WiFiUdp.cpp:221] parsePacket(): could not receive data: 9
[ 22096][E][WiFiUdp.cpp:221] parsePacket(): could not receive data: 9
[ 22101][E][WiFiUdp.cpp:221] parsePacket(): could not receive data: 9
[ 22107][E][WiFiUdp.cpp:221] parsePacket(): could not receive data: 9
[ 22113][E][WiFiUdp.cpp:221] parsePacket(): could not receive data: 9
[ 22120][E][WiFiUdp.cpp:221] parsePacket(): could not receive data: 9
[ 22126][E][WiFiUdp.cpp:221] parsePacket(): could not receive data: 9
[ 22133][E][WiFiUdp.cpp:221] parsePacket(): could not receive data: 9
[ 22140][E][WiFiUdp.cpp:221] parsePacket(): could not receive data: 9
[ 22145][E][WiFiUdp.cpp:221] parsePacket(): could not receive data: 9
[ 22151][E][WiFiUdp.cpp:221] parsePacket(): could not receive data: 9
[ 22157][E][WiFiUdp.cpp:221] parsePacket(): could not receive data: 9
[ 22164][E][WiFiUdp.cpp:221] parsePacket(): could not receive data: 9
[ 22169][E][WiFiUdp.cpp:221] parsePacket(): could not receive data: 9
[ 22176][E][WiFiUdp.cpp:221] parsePacket(): could not receive data: 9
[ 22183][E][WiFiUdp.cpp:221] parsePacket(): could not receive data: 9
[ 22189][E][WiFiUdp.cpp:221] parsePacket(): could not receive data: 9
[ 22196][E][WiFiUdp.cpp:221] parsePacket(): could not receive data: 9
[ 22203][E][WiFiUdp.cpp:221] parsePacket(): could not receive data: 9
[ 22209][E][WiFiUdp.cpp:221] parsePacket(): could not receive data: 9
[ 22216][E][WiFiUdp.cpp:221] parsePacket(): could not receive data: 9
[ 22222][E][WiFiUdp.cpp:221] parsePacket(): could not receive data: 9
[ 22227][E][WiFiUdp.cpp:221] parsePacket(): could not receive data: 9
[ 22233][E][WiFiUdp.cpp:221] parsePacket(): could not receive data: 9
[ 22239][E][WiFiUdp.cpp:221] parsePacket(): could not receive data: 9
[ 22245][E][WiFiUdp.cpp:221] parsePacket(): could not receive data: 9
[ 22251][E][WiFiUdp.cpp:221] parsePacket(): could not receive data: 9
[ 22257][E][WiFiUdp.cpp:221] parsePacket(): could not receive data: 9
[ 22264][E][WiFiUdp.cpp:221] parsePacket(): could not receive data: 9
[ 22270][E][WiFiUdp.cpp:221] parsePacket(): could not receive data: 9
[ 22276][E][WiFiUdp.cpp:221] parsePacket(): could not receive data: 9
[ 22281][E][WiFiUdp.cpp:221] parsePacket(): could not receive data: 9
[ 22288][E][WiFiUdp.cpp:221] parsePacket(): could not receive data: 9
[ 22294][E][WiFiUdp.cpp:221] parsePacket(): could not receive data: 9
[ 22299][E][WiFiUdp.cpp:221] parsePacket(): could not receive data: 9
[ 22305][E][WiFiUdp.cpp:221] parsePacket(): could not receive data: 9
[ 22311][E][WiFiUdp.cpp:221] parsePacket(): could not receive data: 9
[ 22318][E][WiFiUdp.cpp:221] parsePacket(): could not receive data: 9
[ 22323][E][WiFiUdp.cpp:221] parsePacket(): could not receive data: 9
[ 22329][E][WiFiUdp.cpp:221] parsePacket(): could not receive data: 9
[ 22335][E][WiFiUdp.cpp:221] parsePacket(): could not receive data: 9
[ 22341][E][WiFiUdp.cpp:221] parsePacket(): could not receive data: 9
[ 22347][E][WiFiUdp.cpp:221] parsePacket(): could not receive data: 9
[ 22353][E][WiFiUdp.cpp:221] parsePacket(): could not receive data: 9
[ 22360][E][WiFiUdp.cpp:221] parsePacket(): could not receive data: 9
[ 22366][E][WiFiUdp.cpp:221] parsePacket(): could not receive data: 9
[ 22373][E][WiFiUdp.cpp:221] parsePacket(): could not receive data: 9
[ 22378][E][WiFiUdp.cpp:221] parsePacket(): could not receive data: 9
[ 22386][E][WiFiUdp.cpp:221] parsePacket(): could not receive data: 9
[ 22392][E][WiFiUdp.cpp:221] parsePacket(): could not receive data: 9
[ 22399][E][WiFiUdp.cpp:221] parsePacket(): could not receive data: 9
[ 22405][E][WiFiUdp.cpp:221] parsePacket(): could not receive data: 9
[ 22410][E][WiFiUdp.cpp:221] parsePacket(): could not receive data: 9
[ 22417][E][WiFiUdp.cpp:221] parsePacket(): could not receive data: 9
[ 22422][E][WiFiUdp.cpp:221] parsePacket(): could not receive data: 9
[ 22428][E][WiFiUdp.cpp:221] parsePacket(): could not receive data: 9
[ 22435][E][WiFiUdp.cpp:221] parsePacket(): could not receive data: 9
[ 22440][E][WiFiUdp.cpp:221] parsePacket(): could not receive data: 9
[ 22445][E][WiFiUdp.cpp:221] parsePacket(): could not receive data: 9
[ 22450][E][WiFiUdp.cpp:221] parsePacket(): could not receive data: 9
[ 22455][E][WiFiUdp.cpp:221] parsePacket(): could not receive data: 9
[ 22460][E][WiFiUdp.cpp:221] parsePacket(): could not receive data: 9
[ 22465][E][WiFiUdp.cpp:221] parsePacket(): could not receive data: 9
[ 22470][E][WiFiUdp.cpp:221] parsePacket(): could not receive data: 9
[ 22475][E][WiFiUdp.cpp:221] parsePacket(): could not receive data: 9
[ 22480][E][WiFiUdp.cpp:221] parsePacket(): could not receive data: 9
[ 22485][E][WiFiUdp.cpp:221] parsePacket(): could not receive data: 9
[ 22490][E][WiFiUdp.cpp:221] parsePacket(): could not receive data: 9
[ 22495][E][WiFiUdp.cpp:221] parsePacket(): could not receive data: 9
[ 22500][E][WiFiUdp.cpp:221] parsePacket(): could not receive data: 9
[ 22505][E][WiFiUdp.cpp:221] parsePacket(): could not receive data: 9
[ 22510][E][WiFiUdp.cpp:221] parsePacket(): could not receive data: 9
[ 22515][E][WiFiUdp.cpp:221] parsePacket(): could not receive data: 9
[ 22521][E][WiFiUdp.cpp:221] parsePacket(): could not receive data: 9
[ 22527][E][WiFiUdp.cpp:221] parsePacket(): could not receive data: 9
[ 22533][E][WiFiUdp.cpp:221] parsePacket(): could not receive data: 9
[ 22539][E][WiFiUdp.cpp:221] parsePacket(): could not receive data: 9
[ 22545][E][WiFiUdp.cpp:221] parsePacket(): could not receive data: 9
[ 22551][E][WiFiUdp.cpp:221] parsePacket(): could not receive data: 9
[ 22557][E][WiFiUdp.cpp:221] parsePacket(): could not receive data: 9
[ 22564][E][WiFiUdp.cpp:221] parsePacket(): could not receive data: 9
[ 22570][E][WiFiUdp.cpp:221] parsePacket(): could not receive data: 9
[ 22576][E][WiFiUdp.cpp:221] parsePacket(): could not receive data: 9
[ 22582][E][WiFiUdp.cpp:221] parsePacket(): could not receive data: 9
[ 22588][E][WiFiUdp.cpp:221] parsePacket(): could not receive data: 9
[ 22594][E][WiFiUdp.cpp:221] parsePacket(): could not receive data: 9
[ 22599][E][WiFiUdp.cpp:221] parsePacket(): could not receive data: 9
[ 22605][E][WiFiUdp.cpp:221] parsePacket(): could not receive data: 9
[ 22611][E][WiFiUdp.cpp:221] parsePacket(): could not receive data: 9
[ 22616][E][WiFiUdp.cpp:221] parsePacket(): could not receive data: 9
[ 22622][E][WiFiUdp.cpp:221] parsePacket(): could not receive data: 9
[ 22628][E][WiFiUdp.cpp:221] parsePacket(): could not receive data: 9
[ 22634][E][WiFiUdp.cpp:221] parsePacket(): could not receive data: 9
[ 22640][E][WiFiUdp.cpp:221] parsePacket(): could not receive data: 9
[ 22646][E][WiFiUdp.cpp:221] parsePacket(): could not receive data: 9
[ 22652][E][WiFiUdp.cpp:221] parsePacket(): could not receive data: 9
[ 22658][E][WiFiUdp.cpp:221] parsePacket(): could not receive data: 9
[ 22665][E][WiFiUdp.cpp:221] parsePacket(): could not receive data: 9
[ 22670][E][WiFiUdp.cpp:221] parsePacket(): could not receive data: 9
[ 22677][E][WiFiUdp.cpp:221] parsePacket(): could not receive data: 9
[ 22682][E][WiFiUdp.cpp:221] parsePacket(): could not receive data: 9
[ 22689][E][WiFiUdp.cpp:221] parsePacket(): could not receive data: 9
[ 22694][E][WiFiUdp.cpp:221] parsePacket(): could not receive data: 9
[ 22701][E][WiFiUdp.cpp:221] parsePacket(): could not receive data: 9
[ 22706][E][WiFiUdp.cpp:221] parsePacket(): could not receive data: 9
[ 22713][E][WiFiUdp.cpp:221] parsePacket(): could not receive data: 9
[ 22718][E][WiFiUdp.cpp:221] parsePacket(): could not receive data: 9
[ 22726][E][WiFiUdp.cpp:221] parsePacket(): could not receive data: 9
[ 22732][E][WiFiUdp.cpp:221] parsePacket(): could not receive data: 9
[ 22737][E][WiFiUdp.cpp:221] parsePacket(): could not receive data: 9
[ 22743][E][WiFiUdp.cpp:221] parsePacket(): could not receive data: 9
[ 22749][E][WiFiUdp.cpp:221] parsePacket(): could not receive data: 9
[ 22755][E][WiFiUdp.cpp:221] parsePacket(): could not receive data: 9
[ 22761][E][WiFiUdp.cpp:221] parsePacket(): could not receive data: 9
[ 22768][E][WiFiUdp.cpp:221] parsePacket(): could not receive data: 9
[ 22774][E][WiFiUdp.cpp:221] parsePacket(): could not receive data: 9
[ 22780][E][WiFiUdp.cpp:221] parsePacket(): could not receive data: 9
[ 22787][E][WiFiUdp.cpp:221] parsePacket(): could not receive data: 9
[ 22793][E][WiFiUdp.cpp:221] parsePacket(): could not receive data: 9
[ 22799][E][WiFiUdp.cpp:221] parsePacket(): could not receive data: 9
[ 22806][E][WiFiUdp.cpp:221] parsePacket(): could not receive data: 9
[ 22813][E][WiFiUdp.cpp:221] parsePacket(): could not receive data: 9
[ 22820][E][WiFiUdp.cpp:221] parsePacket(): could not receive data: 9
[ 22825][E][WiFiUdp.cpp:221] parsePacket(): could not receive data: 9
[ 22832][E][WiFiUdp.cpp:221] parsePacket(): could not receive data: 9
[ 22840][E][WiFiUdp.cpp:221] parsePacket(): could not receive data: 9
[ 22847][E][WiFiUdp.cpp:221] parsePacket(): could not receive data: 9
[ 22852][E][WiFiUdp.cpp:221] parsePacket(): could not receive data: 9
[ 22857][E][WiFiUdp.cpp:221] parsePacket(): could not receive data: 9
[ 22862][E][WiFiUdp.cpp:221] parsePacket(): could not receive data: 9
[ 22867][E][WiFiUdp.cpp:221] parsePacket(): could not receive data: 9
[ 22873][E][WiFiUdp.cpp:221] parsePacket(): could not receive data: 9
[ 22879][E][WiFiUdp.cpp:221] parsePacket(): could not receive data: 9
[ 22886][E][WiFiUdp.cpp:221] parsePacket(): could not receive data: 9
[ 22893][E][WiFiUdp.cpp:221] parsePacket(): could not receive data: 9
[ 22899][E][WiFiUdp.cpp:221] parsePacket(): could not receive data: 9
[ 22905][E][WiFiUdp.cpp:221] parsePacket(): could not receive data: 9
[ 22911][E][WiFiUdp.cpp:221] parsePacket(): could not receive data: 9
[ 22918][E][WiFiUdp.cpp:221] parsePacket(): could not receive data: 9
[ 22924][E][WiFiUdp.cpp:221] parsePacket(): could not receive data: 9
[ 22931][E][WiFiUdp.cpp:221] parsePacket(): could not receive data: 9
[ 22936][E][WiFiUdp.cpp:221] parsePacket(): could not receive data: 9
[ 22943][E][WiFiUdp.cpp:221] parsePacket(): could not receive data: 9
[ 22949][E][WiFiUdp.cpp:221] parsePacket(): could not receive data: 9
[ 22955][E][WiFiUdp.cpp:221] parsePacket(): could not receive data: 9
[ 22962][E][WiFiUdp.cpp:221] parsePacket(): could not receive data: 9
[ 22970][E][WiFiUdp.cpp:221] parsePacket(): could not receive data: 9
[ 22978][E][WiFiUdp.cpp:221] parsePacket(): could not receive data: 9
[ 22986][E][WiFiUdp.cpp:221] parsePacket(): could not receive data: 9
[ 22993][E][WiFiUdp.cpp:221] parsePacket(): could not receive data: 9
[ 22999][E][WiFiUdp.cpp:221] parsePacket(): could not receive data: 9
[ 23005][E][WiFiUdp.cpp:221] parsePacket(): could not receive data: 9
[ 23010][E][WiFiUdp.cpp:221] parsePacket(): could not receive data: 9
[ 23017][E][WiFiUdp.cpp:221] parsePacket(): could not receive data: 9
[ 23023][E][WiFiUdp.cpp:221] parsePacket(): could not receive data: 9
[ 23030][E][WiFiUdp.cpp:221] parsePacket(): could not receive data: 9
[ 23036][E][WiFiUdp.cpp:221] parsePacket(): could not receive data: 9
[ 23042][E][WiFiUdp.cpp:221] parsePacket(): could not receive data: 9
[ 23047][E][WiFiUdp.cpp:221] parsePacket(): could not receive data: 9
[ 23054][E][WiFiUdp.cpp:221] parsePacket(): could not receive data: 9
[ 23059][E][WiFiUdp.cpp:221] parsePacket(): could not receive data: 9
[ 23066][E][WiFiUdp.cpp:221] parsePacket(): could not receive data: 9
[ 23071][E][WiFiUdp.cpp:221] parsePacket(): could not receive data: 9
[ 23077][E][WiFiUdp.cpp:221] parsePacket(): could not receive data: 9
[ 23084][E][WiFiUdp.cpp:221] parsePacket(): could not receive data: 9
[ 23091][E][WiFiUdp.cpp:221] parsePacket(): could not receive data: 9
[ 23097][E][WiFiUdp.cpp:221] parsePacket(): could not receive data: 9
[ 23104][E][WiFiUdp.cpp:221] parsePacket(): could not receive data: 9
[ 23111][E][WiFiUdp.cpp:221] parsePacket(): could not receive data: 9
[ 23117][E][WiFiUdp.cpp:221] parsePacket(): could not receive data: 9
[ 23123][E][WiFiUdp.cpp:221] parsePacket(): could not receive data: 9
[ 23130][E][WiFiUdp.cpp:221] parsePacket(): could not receive data: 9
[ 23135][E][WiFiUdp.cpp:221] parsePacket(): could not receive data: 9
[ 23141][E][WiFiUdp.cpp:221] parsePacket(): could not receive data: 9
[ 23147][E][WiFiUdp.cpp:221] parsePacket(): could not receive data: 9
[ 23154][E][WiFiUdp.cpp:221] parsePacket(): could not receive data: 9
[ 23159][E][WiFiUdp.cpp:221] parsePacket(): could not receive data: 9
[ 23165][E][WiFiUdp.cpp:221] parsePacket(): could not receive data: 9
[ 23171][E][WiFiUdp.cpp:221] parsePacket(): could not receive data: 9
[ 23177][E][WiFiUdp.cpp:221] parsePacket(): could not receive data: 9
[ 23183][E][WiFiUdp.cpp:221] parsePacket(): could not receive data: 9
[ 23189][E][WiFiUdp.cpp:221] parsePacket(): could not receive data: 9
[ 23195][E][WiFiUdp.cpp:221] parsePacket(): could not receive data: 9
[ 23201][E][WiFiUdp.cpp:221] parsePacket(): could not receive data: 9
[ 23207][E][WiFiUdp.cpp:221] parsePacket(): could not receive data: 9
[ 23214][E][WiFiUdp.cpp:221] parsePacket(): could not receive data: 9
[ 23221][E][WiFiUdp.cpp:221] parsePacket(): could not receive data: 9
[ 23229][E][WiFiUdp.cpp:221] parsePacket(): could not receive data: 9
[ 23237][E][WiFiUdp.cpp:221] parsePacket(): could not receive data: 9
[ 23244][E][WiFiUdp.cpp:221] parsePacket(): could not receive data: 9
[ 23250][E][WiFiUdp.cpp:221] parsePacket(): could not receive data: 9
[ 23256][E][WiFiUdp.cpp:221] parsePacket(): could not receive data: 9
[ 23261][E][WiFiUdp.cpp:221] parsePacket(): could not receive data: 9
[ 23267][E][WiFiUdp.cpp:221] parsePacket(): could not receive data: 9
[ 23272][E][WiFiUdp.cpp:221] parsePacket(): could not receive data: 9
[ 23277][E][WiFiUdp.cpp:221] parsePacket(): could not receive data: 9
[ 23284][E][WiFiUdp.cpp:221] parsePacket(): could not receive data: 9
[ 23290][E][WiFiUdp.cpp:221] parsePacket(): could not receive data: 9
[ 23298][E][WiFiUdp.cpp:221] parsePacket(): could not receive data: 9
[ 23306][E][WiFiUdp.cpp:221] parsePacket(): could not receive data: 9
[ 23314][E][WiFiUdp.cpp:221] parsePacket(): could not receive data: 9
[ 23320][E][WiFiUdp.cpp:221] parsePacket(): could not receive data: 9
[ 23325][E][WiFiUdp.cpp:221] parsePacket(): could not receive data: 9
[ 23331][E][WiFiUdp.cpp:221] parsePacket(): could not receive data: 9
[ 23337][E][WiFiUdp.cpp:221] parsePacket(): could not receive data: 9
[ 23344][E][WiFiUdp.cpp:221] parsePacket(): could not receive data: 9
[ 23349][E][WiFiUdp.cpp:221] parsePacket(): could not receive data: 9
[ 23356][E][WiFiUdp.cpp:221] parsePacket(): could not receive data: 9
[ 23361][E][WiFiUdp.cpp:221] parsePacket(): could not receive data: 9
[ 23368][E][WiFiUdp.cpp:221] parsePacket(): could not receive data: 9
[ 23375][E][WiFiUdp.cpp:221] parsePacket(): could not receive data: 9
[ 23382][E][WiFiUdp.cpp:221] parsePacket(): could not receive data: 9
[ 23388][E][WiFiUdp.cpp:221] parsePacket(): could not receive data: 9
[ 23394][E][WiFiUdp.cpp:221] parsePacket(): could not receive data: 9
[ 23401][E][WiFiUdp.cpp:221] parsePacket(): could not receive data: 9
[ 23406][E][WiFiUdp.cpp:221] parsePacket(): could not receive data: 9
[ 23413][E][WiFiUdp.cpp:221] parsePacket(): could not receive data: 9
[ 23420][E][WiFiUdp.cpp:221] parsePacket(): could not receive data: 9
[ 23426][E][WiFiUdp.cpp:221] parsePacket(): could not receive data: 9
[ 23432][E][WiFiUdp.cpp:221] parsePacket(): could not receive data: 9
[ 23439][E][WiFiUdp.cpp:221] parsePacket(): could not receive data: 9
[ 23446][E][WiFiUdp.cpp:221] parsePacket(): could not receive data: 9
[ 23452][E][WiFiUdp.cpp:221] parsePacket(): could not receive data: 9
[ 23458][E][WiFiUdp.cpp:221] parsePacket(): could not receive data: 9
[ 23465][E][WiFiUdp.cpp:221] parsePacket(): could not receive data: 9
[ 23472][E][WiFiUdp.cpp:221] parsePacket(): could not receive data: 9
[ 23478][E][WiFiUdp.cpp:221] parsePacket(): could not receive data: 9
[ 23485][E][WiFiUdp.cpp:221] parsePacket(): could not receive data: 9
[ 23491][E][WiFiUdp.cpp:221] parsePacket(): could not receive data: 9
[ 23498][E][WiFiUdp.cpp:221] parsePacket(): could not receive data: 9
[ 23503][E][WiFiUdp.cpp:221] parsePacket(): could not receive data: 9
[ 23510][E][WiFiUdp.cpp:221] parsePacket(): could not receive data: 9
[ 23516][E][WiFiUdp.cpp:221] parsePacket(): could not receive data: 9
[ 23521][E][WiFiUdp.cpp:221] parsePacket(): could not receive data: 9
[ 23527][E][WiFiUdp.cpp:221] parsePacket(): could not receive data: 9
[ 23534][E][WiFiUdp.cpp:221] parsePacket(): could not receive data: 9
[ 23540][E][WiFiUdp.cpp:221] parsePacket(): could not receive data: 9
[ 23545][E][WiFiUdp.cpp:221] parsePacket(): could not receive data: 9
[ 23553][E][WiFiUdp.cpp:221] parsePacket(): could not receive data: 9
[ 23558][E][WiFiUdp.cpp:221] parsePacket(): could not receive data: 9
[ 23565][E][WiFiUdp.cpp:221] parsePacket(): could not receive data: 9
[ 23570][E][WiFiUdp.cpp:221] parsePacket(): could not receive data: 9
[ 23577][E][WiFiUdp.cpp:221] parsePacket(): could not receive data: 9
[ 23584][E][WiFiUdp.cpp:221] parsePacket(): could not receive data: 9
[ 23589][E][WiFiUdp.cpp:221] parsePacket(): could not receive data: 9
[ 23596][E][WiFiUdp.cpp:221] parsePacket(): could not receive data: 9
[ 23601][E][WiFiUdp.cpp:221] parsePacket(): could not receive data: 9
[ 23607][E][WiFiUdp.cpp:221] parsePacket(): could not receive data: 9
[ 23614][E][WiFiUdp.cpp:221] parsePacket(): could not receive data: 9
[ 23620][E][WiFiUdp.cpp:221] parsePacket(): could not receive data: 9
[ 23625][E][WiFiUdp.cpp:221] parsePacket(): could not receive data: 9
[ 23632][E][WiFiUdp.cpp:221] parsePacket(): could not receive data: 9
[ 23638][E][WiFiUdp.cpp:221] parsePacket(): could not receive data: 9
[ 23646][E][WiFiUdp.cpp:221] parsePacket(): could not receive data: 9
[ 23654][E][WiFiUdp.cpp:221] parsePacket(): could not receive data: 9
[ 23661][E][WiFiUdp.cpp:221] parsePacket(): could not receive data: 9
[ 23666][E][WiFiUdp.cpp:221] parsePacket(): could not receive data: 9
[ 23671][E][WiFiUdp.cpp:221] parsePacket(): could not receive data: 9
[ 23676][E][WiFiUdp.cpp:221] parsePacket(): could not receive data: 9
[ 23681][E][WiFiUdp.cpp:221] parsePacket(): could not receive data: 9
[ 23686][E][WiFiUdp.cpp:221] parsePacket(): could not receive data: 9
[ 23691][E][WiFiUdp.cpp:221] parsePacket(): could not receive data: 9
[ 23697][E][WiFiUdp.cpp:221] parsePacket(): could not receive data: 9
[ 23704][E][WiFiUdp.cpp:221] parsePacket(): could not receive data: 9
[ 23711][E][WiFiUdp.cpp:221] parsePacket(): could not receive data: 9
[ 23718][E][WiFiUdp.cpp:221] parsePacket(): could not receive data: 9
[ 23724][E][WiFiUdp.cpp:221] parsePacket(): could not receive data: 9
[ 23730][E][WiFiUdp.cpp:221] parsePacket(): could not receive data: 9
[ 23738][E][WiFiUdp.cpp:221] parsePacket(): could not receive data: 9
[ 23745][E][WiFiUdp.cpp:221] parsePacket(): could not receive data: 9
[ 23751][E][WiFiUdp.cpp:221] parsePacket(): could not receive data: 9
[ 23758][E][WiFiUdp.cpp:221] parsePacket(): could not receive data: 9
[ 23764][E][WiFiUdp.cpp:221] parsePacket(): could not receive data: 9
[ 23771][E][WiFiUdp.cpp:221] parsePacket(): could not receive data: 9
[ 23776][E][WiFiUdp.cpp:221] parsePacket(): could not receive data: 9
[ 23783][E][WiFiUdp.cpp:221] parsePacket(): could not receive data: 9
[ 23789][E][WiFiUdp.cpp:221] parsePacket(): could not receive data: 9
[ 23796][E][WiFiUdp.cpp:221] parsePacket(): could not receive data: 9
[ 23802][E][WiFiUdp.cpp:221] parsePacket(): could not receive data: 9
[ 23807][E][WiFiUdp.cpp:221] parsePacket(): could not receive data: 9
[ 23813][E][WiFiUdp.cpp:221] parsePacket(): could not receive data: 9
[ 23820][E][WiFiUdp.cpp:221] parsePacket(): could not receive data: 9
[ 23825][E][WiFiUdp.cpp:221] parsePacket(): could not receive data: 9
[ 23831][E][WiFiUdp.cpp:221] parsePacket(): could not receive data: 9
[ 23837][E][WiFiUdp.cpp:221] parsePacket(): could not receive data: 9
[ 23843][E][WiFiUdp.cpp:221] parsePacket(): could not receive data: 9
[ 23850][E][WiFiUdp.cpp:221] parsePacket(): could not receive data: 9
[ 23855][E][WiFiUdp.cpp:221] parsePacket(): could not receive data: 9
[ 23861][E][WiFiUdp.cpp:221] parsePacket(): could not receive data: 9
[ 23867][E][WiFiUdp.cpp:221] parsePacket(): could not receive data: 9
[ 23873][E][WiFiUdp.cpp:221] parsePacket(): could not receive data: 9
[ 23878][E][WiFiUdp.cpp:221] parsePacket(): could not receive data: 9
[ 23883][E][WiFiUdp.cpp:221] parsePacket(): could not receive data: 9
[ 23889][E][WiFiUdp.cpp:221] parsePacket(): could not receive data: 9
[ 23894][E][WiFiUdp.cpp:221] parsePacket(): could not receive data: 9
[ 23899][E][WiFiUdp.cpp:221] parsePacket(): could not receive data: 9
[ 23905][E][WiFiUdp.cpp:221] parsePacket(): could not receive data: 9
[ 23911][E][WiFiUdp.cpp:221] parsePacket(): could not receive data: 9
[ 23917][E][WiFiUdp.cpp:221] parsePacket(): could not receive data: 9
[ 23923][E][WiFiUdp.cpp:221] parsePacket(): could not receive data: 9
[ 23928][E][WiFiUdp.cpp:221] parsePacket(): could not receive data: 9
[ 23933][E][WiFiUdp.cpp:221] parsePacket(): could not receive data: 9
[ 23938][E][WiFiUdp.cpp:221] parsePacket(): could not receive data: 9
[ 23944][E][WiFiUdp.cpp:221] parsePacket(): could not receive data: 9
[ 23951][E][WiFiUdp.cpp:221] parsePacket(): could not receive data: 9
[ 23957][E][WiFiUdp.cpp:221] parsePacket(): could not receive data: 9
[ 23963][E][WiFiUdp.cpp:221] parsePacket(): could not receive data: 9
[ 23970][E][WiFiUdp.cpp:221] parsePacket(): could not receive data: 9
[ 23975][E][WiFiUdp.cpp:221] parsePacket(): could not receive data: 9
[ 23982][E][WiFiUdp.cpp:221] parsePacket(): could not receive data: 9
[ 23989][E][WiFiUdp.cpp:221] parsePacket(): could not receive data: 9
[ 23997][E][WiFiUdp.cpp:221] parsePacket(): could not receive data: 9
[ 24005][E][WiFiUdp.cpp:221] parsePacket(): could not receive data: 9
[ 24013][E][WiFiUdp.cpp:221] parsePacket(): could not receive data: 9
[ 24021][E][WiFiUdp.cpp:221] parsePacket(): could not receive data: 9
[ 24028][E][WiFiUdp.cpp:221] parsePacket(): could not receive data: 9
[ 24033][E][WiFiUdp.cpp:221] parsePacket(): could not receive data: 9
[ 24040][E][WiFiUdp.cpp:221] parsePacket(): could not receive data: 9
[ 24046][E][WiFiUdp.cpp:221] parsePacket(): could not receive data: 9
[ 24052][E][WiFiUdp.cpp:221] parsePacket(): could not receive data: 9
[ 24059][E][WiFiUdp.cpp:221] parsePacket(): could not receive data: 9
[ 24064][E][WiFiUdp.cpp:221] parsePacket(): could not receive data: 9
[ 24070][E][WiFiUdp.cpp:221] parsePacket(): could not receive data: 9
[ 24075][E][WiFiUdp.cpp:221] parsePacket(): could not receive data: 9
[ 24080][E][WiFiUdp.cpp:221] parsePacket(): could not receive data: 9
[ 24085][E][WiFiUdp.cpp:221] parsePacket(): could not receive data: 9
[ 24090][E][WiFiUdp.cpp:221] parsePacket(): could not receive data: 9
[ 24096][E][WiFiUdp.cpp:221] parsePacket(): could not receive data: 9
[ 24102][E][WiFiUdp.cpp:221] parsePacket(): could not receive data: 9
[ 24108][E][WiFiUdp.cpp:221] parsePacket(): could not receive data: 9
[ 24115][E][WiFiUdp.cpp:221] parsePacket(): could not receive data: 9
[ 24123][E][WiFiUdp.cpp:221] parsePacket(): could not receive data: 9
[ 24131][E][WiFiUdp.cpp:221] parsePacket(): could not receive data: 9
[ 24139][E][WiFiUdp.cpp:221] parsePacket(): could not receive data: 9
[ 24147][E][WiFiUdp.cpp:221] parsePacket(): could not receive data: 9
[ 24154][E][WiFiUdp.cpp:221] parsePacket(): could not receive data: 9
[ 24159][E][WiFiUdp.cpp:221] parsePacket(): could not receive data: 9
[ 24166][E][WiFiUdp.cpp:221] parsePacket(): could not receive data: 9
[ 24172][E][WiFiUdp.cpp:221] parsePacket(): could not receive data: 9
[ 24177][E][WiFiUdp.cpp:221] parsePacket(): could not receive data: 9
[ 24184][E][WiFiUdp.cpp:221] parsePacket(): could not receive data: 9
[ 24189][E][WiFiUdp.cpp:221] parsePacket(): could not receive data: 9
[ 24195][E][WiFiUdp.cpp:221] parsePacket(): could not receive data: 9
[ 24201][E][WiFiUdp.cpp:221] parsePacket(): could not receive data: 9
[ 24207][E][WiFiUdp.cpp:221] parsePacket(): could not receive data: 9
[ 24214][E][WiFiUdp.cpp:221] parsePacket(): could not receive data: 9
[ 24219][E][WiFiUdp.cpp:221] parsePacket(): could not receive data: 9
[ 24226][E][WiFiUdp.cpp:221] parsePacket(): could not receive data: 9
[ 24231][E][WiFiUdp.cpp:221] parsePacket(): could not receive data: 9
[ 24237][E][WiFiUdp.cpp:221] parsePacket(): could not receive data: 9
[ 24244][E][WiFiUdp.cpp:221] parsePacket(): could not receive data: 9
[ 24251][E][WiFiUdp.cpp:221] parsePacket(): could not receive data: 9
[ 24259][E][WiFiUdp.cpp:221] parsePacket(): could not receive data: 9
[ 24267][E][WiFiUdp.cpp:221] parsePacket(): could not receive data: 9
[ 24275][E][WiFiUdp.cpp:221] parsePacket(): could not receive data: 9
[ 24282][E][WiFiUdp.cpp:221] parsePacket(): could not receive data: 9
[ 24290][E][WiFiUdp.cpp:221] parsePacket(): could not receive data: 9
[ 24298][E][WiFiUdp.cpp:221] parsePacket(): could not receive data: 9
[ 24305][E][WiFiUdp.cpp:221] parsePacket(): could not receive data: 9
[ 24311][E][WiFiUdp.cpp:221] parsePacket(): could not receive data: 9
[ 24317][E][WiFiUdp.cpp:221] parsePacket(): could not receive data: 9
[ 24322][E][WiFiUdp.cpp:221] parsePacket(): could not receive data: 9
[ 24329][E][WiFiUdp.cpp:221] parsePacket(): could not receive data: 9
[ 24337][E][WiFiUdp.cpp:221] parsePacket(): could not receive data: 9
[ 24345][E][WiFiUdp.cpp:221] parsePacket(): could not receive data: 9
[ 24352][E][WiFiUdp.cpp:221] parsePacket(): could not receive data: 9
[ 24358][E][WiFiUdp.cpp:221] parsePacket(): could not receive data: 9
[ 24364][E][WiFiUdp.cpp:221] parsePacket(): could not receive data: 9
[ 24372][E][WiFiUdp.cpp:221] parsePacket(): could not receive data: 9
[ 24378][E][WiFiUdp.cpp:221] parsePacket(): could not receive data: 9
[ 24385][E][WiFiUdp.cpp:221] parsePacket(): could not receive data: 9
[ 24392][E][WiFiUdp.cpp:221] parsePacket(): could not receive data: 9
[ 24399][E][WiFiUdp.cpp:221] parsePacket(): could not receive data: 9
[ 24406][E][WiFiUdp.cpp:221] parsePacket(): could not receive data: 9
[ 24411][E][WiFiUdp.cpp:221] parsePacket(): could not receive data: 9
[ 24418][E][WiFiUdp.cpp:221] parsePacket(): could not receive data: 9
[ 24425][E][WiFiUdp.cpp:221] parsePacket(): could not receive data: 9
[ 24430][E][WiFiUdp.cpp:221] parsePacket(): could not receive data: 9
[ 24436][E][WiFiUdp.cpp:221] parsePacket(): could not receive data: 9
[ 24443][E][WiFiUdp.cpp:221] parsePacket(): could not receive data: 9
[ 24449][E][WiFiUdp.cpp:221] parsePacket(): could not receive data: 9
[ 24454][E][WiFiUdp.cpp:221] parsePacket(): could not receive data: 9
[ 24460][E][WiFiUdp.cpp:221] parsePacket(): could not receive data: 9
[ 24466][E][WiFiUdp.cpp:221] parsePacket(): could not receive data: 9
[ 24473][E][WiFiUdp.cpp:221] parsePacket(): could not receive data: 9
[ 24479][E][WiFiUdp.cpp:221] parsePacket(): could not receive data: 9
[ 24485][E][WiFiUdp.cpp:221] parsePacket(): could not receive data: 9
[ 24490][E][WiFiUdp.cpp:221] parsePacket(): could not receive data: 9
[ 24495][E][WiFiUdp.cpp:221] parsePacket(): could not receive data: 9