ets Jul 29 2019 12:21:46

rst:0x1 (POWERON_RESET),boot:0x12 (SPI_FAST_FLASH_BOOT)
configsip: 0, SPIWP:0xee
clk_drv:0x00,q_drv:0x00,d_drv:0x00,cs0_drv:0x00,hd_drv:0x00,wp_drv:0x00
mode:DIO, clock div:2
load:0x3fff0030,len:1184
load:0x40078000,len:13232
load:0x40080400,len:3028
entry 0x400805e4


============
CLIENT SETUP
============
[BOOT] RESET_REASON=1 POWERON
[HEAP] 00:00:00 159576 157416 110580 (init)
[PSRM] 00:00:00 0
[EFUS]...Two Point: NOT supported
[EFUS]...Vref: NOT supported
[INIT]...initMheard
[INIT]...init_flash
[  2145][E][Preferences.cpp:483] getString(): nvs_get_str len fail: node_call NOT_FOUND
[  2147][E][Preferences.cpp:483] getString(): nvs_get_str len fail: node_short NOT_FOUND
[  2147][E][Preferences.cpp:503] getBytesLength(): nvs_get_blob len fail: node_lat NOT_FOUND
[  2149][E][Preferences.cpp:503] getBytesLength(): nvs_get_blob len fail: node_lon NOT_FOUND
[  2149][E][Preferences.cpp:503] getBytesLength(): nvs_get_blob len fail: node_temp NOT_FOUND
[  2149][E][Preferences.cpp:503] getBytesLength(): nvs_get_blob len fail: node_hum NOT_FOUND
[  2149][E][Preferences.cpp:503] getBytesLength(): nvs_get_blob len fail: node_press NOT_FOUND
[  2150][E][Preferences.cpp:483] getString(): nvs_get_str len fail: node_ssid NOT_FOUND
[  2150][E][Preferences.cpp:483] getString(): nvs_get_str len fail: node_pwd NOT_FOUND
[  2150][E][Preferences.cpp:503] getBytesLength(): nvs_get_blob len fail: node_maxv NOT_FOUND
[  2150][E][Preferences.cpp:483] getString(): nvs_get_str len fail: node_extern NOT_FOUND
[  2151][E][Preferences.cpp:503] getBytesLength(): nvs_get_blob len fail: node_freq NOT_FOUND
[  2151][E][Preferences.cpp:503] getBytesLength(): nvs_get_blob len fail: node_bw NOT_FOUND
[  2151][E][Preferences.cpp:483] getString(): nvs_get_str len fail: node_atxt NOT_FOUND
[  2151][E][Preferences.cpp:503] getBytesLength(): nvs_get_blob len fail: node_temp2 NOT_FOUND
[  2152][E][Preferences.cpp:503] getBytesLength(): nvs_get_blob len fail: node_utcof NOT_FOUND
[  2152][E][Preferences.cpp:503] getBytesLength(): nvs_get_blob len fail: node_gas NOT_FOUND
[  2152][E][Preferences.cpp:503] getBytesLength(): nvs_get_blob len fail: node_co2 NOT_FOUND
[  2152][E][Preferences.cpp:483] getString(): nvs_get_str len fail: node_mcp170 NOT_FOUND
[  2152][E][Preferences.cpp:483] getString(): nvs_get_str len fail: node_mcp171 NOT_FOUND
[  2153][E][Preferences.cpp:483] getString(): nvs_get_str len fail: node_mcp172 NOT_FOUND
[  2153][E][Preferences.cpp:483] getString(): nvs_get_str len fail: node_mcp173 NOT_FOUND
[  2153][E][Preferences.cpp:483] getString(): nvs_get_str len fail: node_mcp174 NOT_FOUND
[  2153][E][Preferences.cpp:483] getString(): nvs_get_str len fail: node_mcp175 NOT_FOUND
[  2154][E][Preferences.cpp:483] getString(): nvs_get_str len fail: node_mcp176 NOT_FOUND
[  2154][E][Preferences.cpp:483] getString(): nvs_get_str len fail: node_mcp177 NOT_FOUND
[  2154][E][Preferences.cpp:483] getString(): nvs_get_str len fail: node_mcp178 NOT_FOUND
[  2154][E][Preferences.cpp:483] getString(): nvs_get_str len fail: node_mcp179 NOT_FOUND
[  2154][E][Preferences.cpp:483] getString(): nvs_get_str len fail: node_mcp1710 NOT_FOUND
[  2155][E][Preferences.cpp:483] getString(): nvs_get_str len fail: node_mcp1711 NOT_FOUND
[  2155][E][Preferences.cpp:483] getString(): nvs_get_str len fail: node_mcp1712 NOT_FOUND
[  2155][E][Preferences.cpp:483] getString(): nvs_get_str len fail: node_mcp1713 NOT_FOUND
[  2155][E][Preferences.cpp:483] getString(): nvs_get_str len fail: node_mcp1714 NOT_FOUND
[  2156][E][Preferences.cpp:483] getString(): nvs_get_str len fail: node_mcp1715 NOT_FOUND
[  2158][E][Preferences.cpp:503] getBytesLength(): nvs_get_blob len fail: node_track NOT_FOUND
[  2163][E][Preferences.cpp:483] getString(): nvs_get_str len fail: node_passwd NOT_FOUND
[  2164][E][Preferences.cpp:483] getString(): nvs_get_str len fail: node_ownip NOT_FOUND
[  2164][E][Preferences.cpp:483] getString(): nvs_get_str len fail: node_owngw NOT_FOUND
[  2164][E][Preferences.cpp:483] getString(): nvs_get_str len fail: node_ownms NOT_FOUND
[  2164][E][Preferences.cpp:483] getString(): nvs_get_str len fail: node_name NOT_FOUND
[  2165][E][Preferences.cpp:483] getString(): nvs_get_str len fail: node_webpwd NOT_FOUND
[  2165][E][Preferences.cpp:483] getString(): nvs_get_str len fail: node_lssid NOT_FOUND
[  2165][E][Preferences.cpp:483] getString(): nvs_get_str len fail: node_lpwd NOT_FOUND
[  2166][E][Preferences.cpp:503] getBytesLength(): nvs_get_blob len fail: node_afakt NOT_FOUND
[  2166][E][Preferences.cpp:483] getString(): nvs_get_str len fail: node_parm NOT_FOUND
[  2166][E][Preferences.cpp:483] getString(): nvs_get_str len fail: node_unit NOT_FOUND
[  2166][E][Preferences.cpp:483] getString(): nvs_get_str len fail: node_format NOT_FOUND
[  2167][E][Preferences.cpp:483] getString(): nvs_get_str len fail: node_eqns NOT_FOUND
[  2167][E][Preferences.cpp:483] getString(): nvs_get_str len fail: node_values NOT_FOUND
[  2167][E][Preferences.cpp:503] getBytesLength(): nvs_get_blob len fail: node_spstart NOT_FOUND
[  2167][E][Preferences.cpp:503] getBytesLength(): nvs_get_blob len fail: node_spend NOT_FOUND
[  2167][E][Preferences.cpp:503] getBytesLength(): nvs_get_blob len fail: node_spstep NOT_FOUND
[  2168][E][Preferences.cpp:503] getBytesLength(): nvs_get_blob len fail: node_bfakt NOT_FOUND
[  2168][E][Preferences.cpp:483] getString(): nvs_get_str len fail: node_ucall NOT_FOUND
[  2168][E][Preferences.cpp:503] getBytesLength(): nvs_get_blob len fail: node_aak NOT_FOUND
[  2168][E][Preferences.cpp:503] getBytesLength(): nvs_get_blob len fail: node_aslo NOT_FOUND
[  2168][E][Preferences.cpp:503] getBytesLength(): nvs_get_blob len fail: node_aoff NOT_FOUND
[  2169][E][Preferences.cpp:503] getBytesLength(): nvs_get_blob len fail: node_atten NOT_FOUND
[  2169][E][Preferences.cpp:483] getString(): nvs_get_str len fail: node_gwsrv NOT_FOUND
[  2169][E][Preferences.cpp:503] getBytesLength(): nvs_get_blob len fail: node_tmpiof NOT_FOUND
[  2169][E][Preferences.cpp:503] getBytesLength(): nvs_get_blob len fail: node_tmpoof NOT_FOUND
[  2170][E][Preferences.cpp:503] getBytesLength(): nvs_get_blob len fail: node_shunt NOT_FOUND
[  2170][E][Preferences.cpp:503] getBytesLength(): nvs_get_blob len fail: node_imax NOT_FOUND
[  2170][E][Preferences.cpp:483] getString(): nvs_get_str len fail: node_owndns NOT_FOUND
[  2170][E][Preferences.cpp:483] getString(): nvs_get_str len fail: node_ownntp NOT_FOUND
[  2171][E][Preferences.cpp:483] getString(): nvs_get_str len fail: node_fwversion NOT_FOUND
[  2171][E][Preferences.cpp:483] getString(): nvs_get_str len fail: node_via NOT_FOUND
[  2171][E][Preferences.cpp:483] getString(): nvs_get_str len fail: node_aprsmc NOT_FOUND
[  2171][E][Preferences.cpp:483] getString(): nvs_get_str len fail: node_pingcall NOT_FOUND
[INIT]...build Sep 26 2026 / 23:12:40
[INIT]...FLASH cleared, Settings-Layout 0 -> 20260724
[INIT]...FLASH #entries 628 bevor clear
[INIT]...FLASH #entries 628 after clear
[TIME]...Loaded time persistence: saved_time=0, mheard_time=0, msg_time=0
[INIT]...WIFIAP starting...
[INIT]...WEBServer starting...
[QEMU]...headless defaults: web+console ON, wifiAP/gateway/extudp OFF
[QEMU]...virtual GPS enabled (bGPSON=true); NMEA expected on UART1
[INIT].._GW_ID: 00000000
[INIT]...Initialize clock: ok
[LoRa]...SX1268 chip Initializing ... success
[EXTRADIO] enabled, bridge 10.0.2.2:7000, auth=password
[LoRa]...All settings successfully changed
[BLE ]...Device started with BLE-Name <MC-0000-XX0XXX-00>
[BLE ]...disabled (DISABLE_BLE)
==============
CLIENT STARTED
==============
[QEMU]...starting OpenETH (esp_eth_start)
[WIFI]...no connection possible
[QEMU]...OpenETH driver started
[QEMU]...OpenETH link connected
[QEMU]...dhcpc_start -> 0x5004 (0=started, 0x5004=already-running)
[GPS ]...QEMU virtual GPS on UART1 (synthetic RX=16 TX=17 @ 9600 baud; no hardware)
[QEMU]...OpenETH GOT_IP ip=10.0.2.15 mask=255.255.255.0 gw=10.0.2.5
[GPS ]...QEMU NMEA presence: 0 chars -> no data yet
[QEMU]...OpenETH connect OK
[WIFI];link;down;sta;0;status;255;down_s;0;last_reason;0;got_ip_n;0;ip;1;ms;14333
[CON ]...HMAC console init.
[CON ]...Console started on port 2323
[BOOT];ready;ms;14349;ip;1
TimeClient no update possible --> CPU-Mode
[ 14351][E][WiFiUdp.cpp:221] parsePacket(): could not receive data: 9
[ 14361][E][WiFiUdp.cpp:221] parsePacket(): could not receive data: 9
[ 14369][E][WiFiUdp.cpp:221] parsePacket(): could not receive data: 9
[ 14374][E][WiFiUdp.cpp:221] parsePacket(): could not receive data: 9
[ 14379][E][WiFiUdp.cpp:221] parsePacket(): could not receive data: 9
[ 14385][E][WiFiUdp.cpp:221] parsePacket(): could not receive data: 9
[CON ]...accept() fd=50 free=124132
[CON ]...Client authenticated on port 2323. free heap=118928
-[ 14393][E][WiFiUdp.cpp:221] parsePacket(): could not receive data: 9
-[ 14399][E][WiFiUdp.cpp:221] parsePacket(): could not receive data: 9
i[ 14405][E][WiFiUdp.cpp:221] parsePacket(): could not receive data: 9
n[ 14411][E][WiFiUdp.cpp:221] parsePacket(): could not receive data: 9
f[ 14417][E][WiFiUdp.cpp:221] parsePacket(): could not receive data: 9
o[ 14423][E][WiFiUdp.cpp:221] parsePacket(): could not receive data: 9
[ 14428][E][WiFiUdp.cpp:221] parsePacket(): could not receive data: 9

--MeshCom 4.35t (build: Sep 26 2026 / 23:12:40)
...UPDATE: 
...Call: <XX0XXX-00> ...ID 00000000 ...NODE 39 <EBYTE_E22> ...UTC-OFF 1.000000 [CPU]
...BATT 0.00 V ...BATT 0 % ...MAXV 4.200 V
...TIME 14439 ms
...Flash-Version 20260724
...NOMSGALL off ...MESH off ...BUTTON (12) off ...SOFTSER off ... SOFTSERREAD off
...PASSWD <>
...DEBUG man ...DEBUG en
...DEBUG off ...LORADEBUG off ...GPSDEBUG off/0 ...SOFTSERDEBUG off
...WXDEBUG off ...BLEDEBUG off
...DisplayInfo off ...DisplayCont off ...DisplyLog off ...contrast 255 ...ackinfo off
...EXTUDP off ...EXT IP none ...NOPMOTHER off
...BTCODE 000000
...APRSMC: APRSMC
...ATXT: 
...NAME: 
...BLE : short
...DISPLAY on
...CTRY EU8
...FREQ 433.1750 MHz TXPWR 17 dBm RXBOOST off
...MAXHOP text 4 / pos 2

...Webserver  on / Webpwd <> / Gateway off 
...NETConsole on (port 2323)
...KISS/TCP   off / TX off / RxMeta off / Auth off
...WIFI-AP    off
...SSID <none> / PASSWORD <***>
...NETWORK Mode:ETH
...hasIpAddress: yes
...IP address   : 10.0.2.15
...SUBNET-MASK  : 255.255.255.0
...GW address   : 10.0.2.5
...DNS address  : 
...UDP-HBeat : 14458
[ 14459][E][WiFiUdp.cpp:221] parsePacket(): could not receive data: 9
[ 14464][E][WiFiUdp.cpp:221] parsePacket(): could not receive data: 9
[ 14470][E][WiFiUdp.cpp:221] parsePacket(): could not receive data: 9
[ 14475][E][WiFiUdp.cpp:221] parsePacket(): could not receive data: 9
[ 14480][E][WiFiUdp.cpp:221] parsePacket(): could not receive data: 9
[ 14485][E][WiFiUdp.cpp:221] parsePacket(): could not receive data: 9
[ 14490][E][WiFiUdp.cpp:221] parsePacket(): could not receive data: 9
[ 14495][E][WiFiUdp.cpp:221] parsePacket(): could not receive data: 9
[ 14500][E][WiFiUdp.cpp:221] parsePacket(): could not receive data: 9
[ 14505][E][WiFiUdp.cpp:221] parsePacket(): could not receive data: 9
[ 14510][E][WiFiUdp.cpp:221] parsePacket(): could not receive data: 9
[ 14515][E][WiFiUdp.cpp:221] parsePacket(): could not receive data: 9
[ 14520][E][WiFiUdp.cpp:221] parsePacket(): could not receive data: 9
[ 14525][E][WiFiUdp.cpp:221] parsePacket(): could not receive data: 9
[ 14530][E][WiFiUdp.cpp:221] parsePacket(): could not receive data: 9
[ 14535][E][WiFiUdp.cpp:221] parsePacket(): could not receive data: 9
[ 14540][E][WiFiUdp.cpp:221] parsePacket(): could not receive data: 9
[ 14545][E][WiFiUdp.cpp:221] parsePacket(): could not receive data: 9
[ 14550][E][WiFiUdp.cpp:221] parsePacket(): could not receive data: 9
[ 14555][E][WiFiUdp.cpp:221] parsePacket(): could not receive data: 9
[ 14560][E][WiFiUdp.cpp:221] parsePacket(): could not receive data: 9
[ 14565][E][WiFiUdp.cpp:221] parsePacket(): could not receive data: 9
[ 14570][E][WiFiUdp.cpp:221] parsePacket(): could not receive data: 9
[ 14575][E][WiFiUdp.cpp:221] parsePacket(): could not receive data: 9
[ 14580][E][WiFiUdp.cpp:221] parsePacket(): could not receive data: 9
[ 14585][E][WiFiUdp.cpp:221] parsePacket(): could not receive data: 9
[ 14590][E][WiFiUdp.cpp:221] parsePacket(): could not receive data: 9
[ 14595][E][WiFiUdp.cpp:221] parsePacket(): could not receive data: 9
[ 14600][E][WiFiUdp.cpp:221] parsePacket(): could not receive data: 9
[ 14605][E][WiFiUdp.cpp:221] parsePacket(): could not receive data: 9
[ 14610][E][WiFiUdp.cpp:221] parsePacket(): could not receive data: 9
[ 14615][E][WiFiUdp.cpp:221] parsePacket(): could not receive data: 9
[ 14620][E][WiFiUdp.cpp:221] parsePacket(): could not receive data: 9
[ 14625][E][WiFiUdp.cpp:221] parsePacket(): could not receive data: 9
[ 14630][E][WiFiUdp.cpp:221] parsePacket(): could not receive data: 9
[ 14635][E][WiFiUdp.cpp:221] parsePacket(): could not receive data: 9
[ 14640][E][WiFiUdp.cpp:221] parsePacket(): could not receive data: 9
[ 14645][E][WiFiUdp.cpp:221] parsePacket(): could not receive data: 9
[ 14650][E][WiFiUdp.cpp:221] parsePacket(): could not receive data: 9
[ 14655][E][WiFiUdp.cpp:221] parsePacket(): could not receive data: 9
[ 14660][E][WiFiUdp.cpp:221] parsePacket(): could not receive data: 9
[ 14665][E][WiFiUdp.cpp:221] parsePacket(): could not receive data: 9
[ 14670][E][WiFiUdp.cpp:221] parsePacket(): could not receive data: 9
[ 14675][E][WiFiUdp.cpp:221] parsePacket(): could not receive data: 9
[ 14681][E][WiFiUdp.cpp:221] parsePacket(): could not receive data: 9
[ 14686][E][WiFiUdp.cpp:221] parsePacket(): could not receive data: 9
[ 14691][E][WiFiUdp.cpp:221] parsePacket(): could not receive data: 9
[ 14696][E][WiFiUdp.cpp:221] parsePacket(): could not receive data: 9
[ 14701][E][WiFiUdp.cpp:221] parsePacket(): could not receive data: 9
[ 14706][E][WiFiUdp.cpp:221] parsePacket(): could not receive data: 9
[ 14711][E][WiFiUdp.cpp:221] parsePacket(): could not receive data: 9
[ 14716][E][WiFiUdp.cpp:221] parsePacket(): could not receive data: 9
[ 14721][E][WiFiUdp.cpp:221] parsePacket(): could not receive data: 9
[ 14726][E][WiFiUdp.cpp:221] parsePacket(): could not receive data: 9
[ 14731][E][WiFiUdp.cpp:221] parsePacket(): could not receive data: 9
[ 14736][E][WiFiUdp.cpp:221] parsePacket(): could not receive data: 9
[ 14741][E][WiFiUdp.cpp:221] parsePacket(): could not receive data: 9
[ 14746][E][WiFiUdp.cpp:221] parsePacket(): could not receive data: 9
[ 14751][E][WiFiUdp.cpp:221] parsePacket(): could not receive data: 9
[ 14756][E][WiFiUdp.cpp:221] parsePacket(): could not receive data: 9
[ 14761][E][WiFiUdp.cpp:221] parsePacket(): could not receive data: 9
[ 14766][E][WiFiUdp.cpp:221] parsePacket(): could not receive data: 9
[ 14771][E][WiFiUdp.cpp:221] parsePacket(): could not receive data: 9
[ 14776][E][WiFiUdp.cpp:221] parsePacket(): could not receive data: 9
[ 14781][E][WiFiUdp.cpp:221] parsePacket(): could not receive data: 9
[ 14786][E][WiFiUdp.cpp:221] parsePacket(): could not receive data: 9
[ 14791][E][WiFiUdp.cpp:221] parsePacket(): could not receive data: 9
[ 14796][E][WiFiUdp.cpp:221] parsePacket(): could not receive data: 9
[ 14801][E][WiFiUdp.cpp:221] parsePacket(): could not receive data: 9
[ 14806][E][WiFiUdp.cpp:221] parsePacket(): could not receive data: 9
[ 14811][E][WiFiUdp.cpp:221] parsePacket(): could not receive data: 9
[ 14816][E][WiFiUdp.cpp:221] parsePacket(): could not receive data: 9
[ 14821][E][WiFiUdp.cpp:221] parsePacket(): could not receive data: 9
[ 14826][E][WiFiUdp.cpp:221] parsePacket(): could not receive data: 9
[ 14831][E][WiFiUdp.cpp:221] parsePacket(): could not receive data: 9
[ 14836][E][WiFiUdp.cpp:221] parsePacket(): could not receive data: 9
[ 14841][E][WiFiUdp.cpp:221] parsePacket(): could not receive data: 9
[ 14846][E][WiFiUdp.cpp:221] parsePacket(): could not receive data: 9
[ 14851][E][WiFiUdp.cpp:221] parsePacket(): could not receive data: 9
[ 14856][E][WiFiUdp.cpp:221] parsePacket(): could not receive data: 9
[ 14861][E][WiFiUdp.cpp:221] parsePacket(): could not receive data: 9
[ 14866][E][WiFiUdp.cpp:221] parsePacket(): could not receive data: 9
[ 14871][E][WiFiUdp.cpp:221] parsePacket(): could not receive data: 9
[ 14876][E][WiFiUdp.cpp:221] parsePacket(): could not receive data: 9
[ 14881][E][WiFiUdp.cpp:221] parsePacket(): could not receive data: 9
[ 14886][E][WiFiUdp.cpp:221] parsePacket(): could not receive data: 9
[ 14891][E][WiFiUdp.cpp:221] parsePacket(): could not receive data: 9
[ 14896][E][WiFiUdp.cpp:221] parsePacket(): could not receive data: 9
[ 14901][E][WiFiUdp.cpp:221] parsePacket(): could not receive data: 9
[ 14906][E][WiFiUdp.cpp:221] parsePacket(): could not receive data: 9
[ 14911][E][WiFiUdp.cpp:221] parsePacket(): could not receive data: 9
[ 14916][E][WiFiUdp.cpp:221] parsePacket(): could not receive data: 9
[ 14921][E][WiFiUdp.cpp:221] parsePacket(): could not receive data: 9
[ 14926][E][WiFiUdp.cpp:221] parsePacket(): could not receive data: 9
[ 14931][E][WiFiUdp.cpp:221] parsePacket(): could not receive data: 9
[ 14936][E][WiFiUdp.cpp:221] parsePacket(): could not receive data: 9
[ 14941][E][WiFiUdp.cpp:221] parsePacket(): could not receive data: 9
[ 14946][E][WiFiUdp.cpp:221] parsePacket(): could not receive data: 9
[ 14951][E][WiFiUdp.cpp:221] parsePacket(): could not receive data: 9
[ 14956][E][WiFiUdp.cpp:221] parsePacket(): could not receive data: 9
[ 14961][E][WiFiUdp.cpp:221] parsePacket(): could not receive data: 9
[ 14966][E][WiFiUdp.cpp:221] parsePacket(): could not receive data: 9
[ 14971][E][WiFiUdp.cpp:221] parsePacket(): could not receive data: 9
[ 14976][E][WiFiUdp.cpp:221] parsePacket(): could not receive data: 9
[ 14981][E][WiFiUdp.cpp:221] parsePacket(): could not receive data: 9
[ 14986][E][WiFiUdp.cpp:221] parsePacket(): could not receive data: 9
[ 14991][E][WiFiUdp.cpp:221] parsePacket(): could not receive data: 9
[ 14996][E][WiFiUdp.cpp:221] parsePacket(): could not receive data: 9
[ 15001][E][WiFiUdp.cpp:221] parsePacket(): could not receive data: 9
[ 15006][E][WiFiUdp.cpp:221] parsePacket(): could not receive data: 9
[ 15011][E][WiFiUdp.cpp:221] parsePacket(): could not receive data: 9
[ 15016][E][WiFiUdp.cpp:221] parsePacket(): could not receive data: 9
[ 15021][E][WiFiUdp.cpp:221] parsePacket(): could not receive data: 9
[ 15026][E][WiFiUdp.cpp:221] parsePacket(): could not receive data: 9
[ 15031][E][WiFiUdp.cpp:221] parsePacket(): could not receive data: 9
[ 15036][E][WiFiUdp.cpp:221] parsePacket(): could not receive data: 9
[ 15041][E][WiFiUdp.cpp:221] parsePacket(): could not receive data: 9
[ 15046][E][WiFiUdp.cpp:221] parsePacket(): could not receive data: 9
[ 15051][E][WiFiUdp.cpp:221] parsePacket(): could not receive data: 9
[ 15056][E][WiFiUdp.cpp:221] parsePacket(): could not receive data: 9
[ 15061][E][WiFiUdp.cpp:221] parsePacket(): could not receive data: 9
[ 15066][E][WiFiUdp.cpp:221] parsePacket(): could not receive data: 9
[ 15071][E][WiFiUdp.cpp:221] parsePacket(): could not receive data: 9
[ 15076][E][WiFiUdp.cpp:221] parsePacket(): could not receive data: 9
[ 15081][E][WiFiUdp.cpp:221] parsePacket(): could not receive data: 9
[ 15086][E][WiFiUdp.cpp:221] parsePacket(): could not receive data: 9
[ 15091][E][WiFiUdp.cpp:221] parsePacket(): could not receive data: 9
[ 15096][E][WiFiUdp.cpp:221] parsePacket(): could not receive data: 9
[ 15101][E][WiFiUdp.cpp:221] parsePacket(): could not receive data: 9
[ 15106][E][WiFiUdp.cpp:221] parsePacket(): could not receive data: 9
[ 15111][E][WiFiUdp.cpp:221] parsePacket(): could not receive data: 9
[ 15117][E][WiFiUdp.cpp:221] parsePacket(): could not receive data: 9
[ 15122][E][WiFiUdp.cpp:221] parsePacket(): could not receive data: 9
[ 15127][E][WiFiUdp.cpp:221] parsePacket(): could not receive data: 9
[ 15132][E][WiFiUdp.cpp:221] parsePacket(): could not receive data: 9
[ 15137][E][WiFiUdp.cpp:221] parsePacket(): could not receive data: 9
[ 15142][E][WiFiUdp.cpp:221] parsePacket(): could not receive data: 9
[ 15147][E][WiFiUdp.cpp:221] parsePacket(): could not receive data: 9
[ 15152][E][WiFiUdp.cpp:221] parsePacket(): could not receive data: 9
[ 15157][E][WiFiUdp.cpp:221] parsePacket(): could not receive data: 9
[ 15162][E][WiFiUdp.cpp:221] parsePacket(): could not receive data: 9
[ 15167][E][WiFiUdp.cpp:221] parsePacket(): could not receive data: 9
[ 15172][E][WiFiUdp.cpp:221] parsePacket(): could not receive data: 9
[ 15177][E][WiFiUdp.cpp:221] parsePacket(): could not receive data: 9
[ 15182][E][WiFiUdp.cpp:221] parsePacket(): could not receive data: 9
[ 15187][E][WiFiUdp.cpp:221] parsePacket(): could not receive data: 9
[ 15192][E][WiFiUdp.cpp:221] parsePacket(): could not receive data: 9
[ 15197][E][WiFiUdp.cpp:221] parsePacket(): could not receive data: 9
[ 15202][E][WiFiUdp.cpp:221] parsePacket(): could not receive data: 9
[ 15207][E][WiFiUdp.cpp:221] parsePacket(): could not receive data: 9
[ 15212][E][WiFiUdp.cpp:221] parsePacket(): could not receive data: 9
[ 15217][E][WiFiUdp.cpp:221] parsePacket(): could not receive data: 9
[ 15222][E][WiFiUdp.cpp:221] parsePacket(): could not receive data: 9
[ 15227][E][WiFiUdp.cpp:221] parsePacket(): could not receive data: 9
[ 15232][E][WiFiUdp.cpp:221] parsePacket(): could not receive data: 9
[ 15237][E][WiFiUdp.cpp:221] parsePacket(): could not receive data: 9
[ 15242][E][WiFiUdp.cpp:221] parsePacket(): could not receive data: 9
[ 15247][E][WiFiUdp.cpp:221] parsePacket(): could not receive data: 9
[ 15252][E][WiFiUdp.cpp:221] parsePacket(): could not receive data: 9
[ 15257][E][WiFiUdp.cpp:221] parsePacket(): could not receive data: 9
[ 15262][E][WiFiUdp.cpp:221] parsePacket(): could not receive data: 9
[ 15267][E][WiFiUdp.cpp:221] parsePacket(): could not receive data: 9
[ 15272][E][WiFiUdp.cpp:221] parsePacket(): could not receive data: 9
[ 15277][E][WiFiUdp.cpp:221] parsePacket(): could not receive data: 9
[ 15282][E][WiFiUdp.cpp:221] parsePacket(): could not receive data: 9
[ 15287][E][WiFiUdp.cpp:221] parsePacket(): could not receive data: 9
[ 15292][E][WiFiUdp.cpp:221] parsePacket(): could not receive data: 9
[ 15297][E][WiFiUdp.cpp:221] parsePacket(): could not receive data: 9
[ 15302][E][WiFiUdp.cpp:221] parsePacket(): could not receive data: 9
[ 15307][E][WiFiUdp.cpp:221] parsePacket(): could not receive data: 9
[ 15312][E][WiFiUdp.cpp:221] parsePacket(): could not receive data: 9
[ 15317][E][WiFiUdp.cpp:221] parsePacket(): could not receive data: 9
[ 15322][E][WiFiUdp.cpp:221] parsePacket(): could not receive data: 9
[ 15327][E][WiFiUdp.cpp:221] parsePacket(): could not receive data: 9
[ 15332][E][WiFiUdp.cpp:221] parsePacket(): could not receive data: 9
[ 15337][E][WiFiUdp.cpp:221] parsePacket(): could not receive data: 9
[ 15342][E][WiFiUdp.cpp:221] parsePacket(): could not receive data: 9
[ 15347][E][WiFiUdp.cpp:221] parsePacket(): could not receive data: 9
[ 15352][E][WiFiUdp.cpp:221] parsePacket(): could not receive data: 9
[ 15357][E][WiFiUdp.cpp:221] parsePacket(): could not receive data: 9
[ 15362][E][WiFiUdp.cpp:221] parsePacket(): could not receive data: 9
[ 15370][E][WiFiUdp.cpp:221] parsePacket(): could not receive data: 9
[ 15375][E][WiFiUdp.cpp:221] parsePacket(): could not receive data: 9
[ 15381][E][WiFiUdp.cpp:221] parsePacket(): could not receive data: 9
[ 15386][E][WiFiUdp.cpp:221] parsePacket(): could not receive data: 9
[ 15391][E][WiFiUdp.cpp:221] parsePacket(): could not receive data: 9
[ 15396][E][WiFiUdp.cpp:221] parsePacket(): could not receive data: 9
[ 15401][E][WiFiUdp.cpp:221] parsePacket(): could not receive data: 9
[ 15406][E][WiFiUdp.cpp:221] parsePacket(): could not receive data: 9
[ 15411][E][WiFiUdp.cpp:221] parsePacket(): could not receive data: 9
[ 15416][E][WiFiUdp.cpp:221] parsePacket(): could not receive data: 9
[ 15421][E][WiFiUdp.cpp:221] parsePacket(): could not receive data: 9
[ 15426][E][WiFiUdp.cpp:221] parsePacket(): could not receive data: 9
[ 15431][E][WiFiUdp.cpp:221] parsePacket(): could not receive data: 9
[ 15436][E][WiFiUdp.cpp:221] parsePacket(): could not receive data: 9
[ 15441][E][WiFiUdp.cpp:221] parsePacket(): could not receive data: 9
[ 15446][E][WiFiUdp.cpp:221] parsePacket(): could not receive data: 9
[ 15451][E][WiFiUdp.cpp:221] parsePacket(): could not receive data: 9
[ 15456][E][WiFiUdp.cpp:221] parsePacket(): could not receive data: 9
[ 15461][E][WiFiUdp.cpp:221] parsePacket(): could not receive data: 9
[ 15466][E][WiFiUdp.cpp:221] parsePacket(): could not receive data: 9
[ 15471][E][WiFiUdp.cpp:221] parsePacket(): could not receive data: 9
[ 15476][E][WiFiUdp.cpp:221] parsePacket(): could not receive data: 9
[ 15481][E][WiFiUdp.cpp:221] parsePacket(): could not receive data: 9
[ 15486][E][WiFiUdp.cpp:221] parsePacket(): could not receive data: 9
[ 15491][E][WiFiUdp.cpp:221] parsePacket(): could not receive data: 9
[ 15496][E][WiFiUdp.cpp:221] parsePacket(): could not receive data: 9
[ 15501][E][WiFiUdp.cpp:221] parsePacket(): could not receive data: 9
[ 15506][E][WiFiUdp.cpp:221] parsePacket(): could not receive data: 9
[ 15511][E][WiFiUdp.cpp:221] parsePacket(): could not receive data: 9
[ 15516][E][WiFiUdp.cpp:221] parsePacket(): could not receive data: 9
[ 15521][E][WiFiUdp.cpp:221] parsePacket(): could not receive data: 9
[ 15526][E][WiFiUdp.cpp:221] parsePacket(): could not receive data: 9
[ 15531][E][WiFiUdp.cpp:221] parsePacket(): could not receive data: 9
[ 15536][E][WiFiUdp.cpp:221] parsePacket(): could not receive data: 9
[ 15541][E][WiFiUdp.cpp:221] parsePacket(): could not receive data: 9
[ 15547][E][WiFiUdp.cpp:221] parsePacket(): could not receive data: 9
[ 15553][E][WiFiUdp.cpp:221] parsePacket(): could not receive data: 9
[ 15560][E][WiFiUdp.cpp:221] parsePacket(): could not receive data: 9
[ 15566][E][WiFiUdp.cpp:221] parsePacket(): could not receive data: 9
[ 15571][E][WiFiUdp.cpp:221] parsePacket(): could not receive data: 9
[ 15577][E][WiFiUdp.cpp:221] parsePacket(): could not receive data: 9
[ 15583][E][WiFiUdp.cpp:221] parsePacket(): could not receive data: 9
[ 15589][E][WiFiUdp.cpp:221] parsePacket(): could not receive data: 9
[ 15595][E][WiFiUdp.cpp:221] parsePacket(): could not receive data: 9
[ 15601][E][WiFiUdp.cpp:221] parsePacket(): could not receive data: 9
[ 15607][E][WiFiUdp.cpp:221] parsePacket(): could not receive data: 9
[ 15613][E][WiFiUdp.cpp:221] parsePacket(): could not receive data: 9
[ 15619][E][WiFiUdp.cpp:221] parsePacket(): could not receive data: 9
[ 15625][E][WiFiUdp.cpp:221] parsePacket(): could not receive data: 9
[ 15631][E][WiFiUdp.cpp:221] parsePacket(): could not receive data: 9
[ 15637][E][WiFiUdp.cpp:221] parsePacket(): could not receive data: 9
[ 15643][E][WiFiUdp.cpp:221] parsePacket(): could not receive data: 9
[ 15649][E][WiFiUdp.cpp:221] parsePacket(): could not receive data: 9
[ 15654][E][WiFiUdp.cpp:221] parsePacket(): could not receive data: 9
[ 15659][E][WiFiUdp.cpp:221] parsePacket(): could not receive data: 9
[ 15664][E][WiFiUdp.cpp:221] parsePacket(): could not receive data: 9
[ 15669][E][WiFiUdp.cpp:221] parsePacket(): could not receive data: 9
[ 15674][E][WiFiUdp.cpp:221] parsePacket(): could not receive data: 9
[ 15679][E][WiFiUdp.cpp:221] parsePacket(): could not receive data: 9
[ 15684][E][WiFiUdp.cpp:221] parsePacket(): could not receive data: 9
[ 15690][E][WiFiUdp.cpp:221] parsePacket(): could not receive data: 9
[ 15695][E][WiFiUdp.cpp:221] parsePacket(): could not receive data: 9
[ 15701][E][WiFiUdp.cpp:221] parsePacket(): could not receive data: 9
[ 15707][E][WiFiUdp.cpp:221] parsePacket(): could not receive data: 9
[ 15712][E][WiFiUdp.cpp:221] parsePacket(): could not receive data: 9
[ 15717][E][WiFiUdp.cpp:221] parsePacket(): could not receive data: 9
[ 15722][E][WiFiUdp.cpp:221] parsePacket(): could not receive data: 9
[ 15727][E][WiFiUdp.cpp:221] parsePacket(): could not receive data: 9
[ 15732][E][WiFiUdp.cpp:221] parsePacket(): could not receive data: 9
[ 15737][E][WiFiUdp.cpp:221] parsePacket(): could not receive data: 9
[ 15742][E][WiFiUdp.cpp:221] parsePacket(): could not receive data: 9
[ 15748][E][WiFiUdp.cpp:221] parsePacket(): could not receive data: 9
[ 15754][E][WiFiUdp.cpp:221] parsePacket(): could not receive data: 9
[ 15760][E][WiFiUdp.cpp:221] parsePacket(): could not receive data: 9
[ 15766][E][WiFiUdp.cpp:221] parsePacket(): could not receive data: 9
[ 15772][E][WiFiUdp.cpp:221] parsePacket(): could not receive data: 9
[ 15778][E][WiFiUdp.cpp:221] parsePacket(): could not receive data: 9
[ 15784][E][WiFiUdp.cpp:221] parsePacket(): could not receive data: 9
[ 15789][E][WiFiUdp.cpp:221] parsePacket(): could not receive data: 9
[ 15794][E][WiFiUdp.cpp:221] parsePacket(): could not receive data: 9
[ 15801][E][WiFiUdp.cpp:221] parsePacket(): could not receive data: 9
[ 15806][E][WiFiUdp.cpp:221] parsePacket(): could not receive data: 9
[ 15811][E][WiFiUdp.cpp:221] parsePacket(): could not receive data: 9
[ 15816][E][WiFiUdp.cpp:221] parsePacket(): could not receive data: 9
[ 15821][E][WiFiUdp.cpp:221] parsePacket(): could not receive data: 9
[ 15826][E][WiFiUdp.cpp:221] parsePacket(): could not receive data: 9
[ 15831][E][WiFiUdp.cpp:221] parsePacket(): could not receive data: 9
[ 15836][E][WiFiUdp.cpp:221] parsePacket(): could not receive data: 9
[ 15841][E][WiFiUdp.cpp:221] parsePacket(): could not receive data: 9
[ 15846][E][WiFiUdp.cpp:221] parsePacket(): could not receive data: 9
[ 15851][E][WiFiUdp.cpp:221] parsePacket(): could not receive data: 9
[ 15856][E][WiFiUdp.cpp:221] parsePacket(): could not receive data: 9
[ 15862][E][WiFiUdp.cpp:221] parsePacket(): could not receive data: 9
[ 15868][E][WiFiUdp.cpp:221] parsePacket(): could not receive data: 9
[ 15874][E][WiFiUdp.cpp:221] parsePacket(): could not receive data: 9
[ 15879][E][WiFiUdp.cpp:221] parsePacket(): could not receive data: 9
[ 15885][E][WiFiUdp.cpp:221] parsePacket(): could not receive data: 9
[ 15890][E][WiFiUdp.cpp:221] parsePacket(): could not receive data: 9
[ 15895][E][WiFiUdp.cpp:221] parsePacket(): could not receive data: 9
[ 15901][E][WiFiUdp.cpp:221] parsePacket(): could not receive data: 9
[ 15907][E][WiFiUdp.cpp:221] parsePacket(): could not receive data: 9
[ 15912][E][WiFiUdp.cpp:221] parsePacket(): could not receive data: 9
[ 15917][E][WiFiUdp.cpp:221] parsePacket(): could not receive data: 9
[ 15922][E][WiFiUdp.cpp:221] parsePacket(): could not receive data: 9
[ 15927][E][WiFiUdp.cpp:221] parsePacket(): could not receive data: 9
[ 15932][E][WiFiUdp.cpp:221] parsePacket(): could not receive data: 9
[ 15937][E][WiFiUdp.cpp:221] parsePacket(): could not receive data: 9
[ 15942][E][WiFiUdp.cpp:221] parsePacket(): could not receive data: 9
[ 15948][E][WiFiUdp.cpp:221] parsePacket(): could not receive data: 9
[ 15954][E][WiFiUdp.cpp:221] parsePacket(): could not receive data: 9
[ 15960][E][WiFiUdp.cpp:221] parsePacket(): could not receive data: 9
[ 15966][E][WiFiUdp.cpp:221] parsePacket(): could not receive data: 9
[ 15972][E][WiFiUdp.cpp:221] parsePacket(): could not receive data: 9
[ 15978][E][WiFiUdp.cpp:221] parsePacket(): could not receive data: 9
[ 15983][E][WiFiUdp.cpp:221] parsePacket(): could not receive data: 9
[ 15988][E][WiFiUdp.cpp:221] parsePacket(): could not receive data: 9
[ 15993][E][WiFiUdp.cpp:221] parsePacket(): could not receive data: 9
[ 15998][E][WiFiUdp.cpp:221] parsePacket(): could not receive data: 9
[ 16003][E][WiFiUdp.cpp:221] parsePacket(): could not receive data: 9
[ 16008][E][WiFiUdp.cpp:221] parsePacket(): could not receive data: 9
[ 16013][E][WiFiUdp.cpp:221] parsePacket(): could not receive data: 9
[ 16018][E][WiFiUdp.cpp:221] parsePacket(): could not receive data: 9
[ 16023][E][WiFiUdp.cpp:221] parsePacket(): could not receive data: 9
[ 16028][E][WiFiUdp.cpp:221] parsePacket(): could not receive data: 9
[ 16033][E][WiFiUdp.cpp:221] parsePacket(): could not receive data: 9
[ 16038][E][WiFiUdp.cpp:221] parsePacket(): could not receive data: 9
[ 16043][E][WiFiUdp.cpp:221] parsePacket(): could not receive data: 9
[ 16048][E][WiFiUdp.cpp:221] parsePacket(): could not receive data: 9
[ 16053][E][WiFiUdp.cpp:221] parsePacket(): could not receive data: 9
[ 16058][E][WiFiUdp.cpp:221] parsePacket(): could not receive data: 9
[ 16063][E][WiFiUdp.cpp:221] parsePacket(): could not receive data: 9
[ 16068][E][WiFiUdp.cpp:221] parsePacket(): could not receive data: 9
[ 16073][E][WiFiUdp.cpp:221] parsePacket(): could not receive data: 9
[ 16078][E][WiFiUdp.cpp:221] parsePacket(): could not receive data: 9
[ 16083][E][WiFiUdp.cpp:221] parsePacket(): could not receive data: 9
[ 16088][E][WiFiUdp.cpp:221] parsePacket(): could not receive data: 9
[ 16093][E][WiFiUdp.cpp:221] parsePacket(): could not receive data: 9
[ 16098][E][WiFiUdp.cpp:221] parsePacket(): could not receive data: 9
[ 16103][E][WiFiUdp.cpp:221] parsePacket(): could not receive data: 9
[ 16108][E][WiFiUdp.cpp:221] parsePacket(): could not receive data: 9
[ 16113][E][WiFiUdp.cpp:221] parsePacket(): could not receive data: 9
[ 16118][E][WiFiUdp.cpp:221] parsePacket(): could not receive data: 9
[ 16123][E][WiFiUdp.cpp:221] parsePacket(): could not receive data: 9
[ 16128][E][WiFiUdp.cpp:221] parsePacket(): could not receive data: 9
[ 16133][E][WiFiUdp.cpp:221] parsePacket(): could not receive data: 9
[ 16138][E][WiFiUdp.cpp:221] parsePacket(): could not receive data: 9
[ 16143][E][WiFiUdp.cpp:221] parsePacket(): could not receive data: 9
[ 16148][E][WiFiUdp.cpp:221] parsePacket(): could not receive data: 9
[ 16154][E][WiFiUdp.cpp:221] parsePacket(): could not receive data: 9
[ 16159][E][WiFiUdp.cpp:221] parsePacket(): could not receive data: 9
[ 16164][E][WiFiUdp.cpp:221] parsePacket(): could not receive data: 9
[ 16169][E][WiFiUdp.cpp:221] parsePacket(): could not receive data: 9
[ 16174][E][WiFiUdp.cpp:221] parsePacket(): could not receive data: 9
[ 16179][E][WiFiUdp.cpp:221] parsePacket(): could not receive data: 9
[ 16184][E][WiFiUdp.cpp:221] parsePacket(): could not receive data: 9
[ 16189][E][WiFiUdp.cpp:221] parsePacket(): could not receive data: 9
[ 16194][E][WiFiUdp.cpp:221] parsePacket(): could not receive data: 9
[ 16199][E][WiFiUdp.cpp:221] parsePacket(): could not receive data: 9
[ 16204][E][WiFiUdp.cpp:221] parsePacket(): could not receive data: 9
[ 16209][E][WiFiUdp.cpp:221] parsePacket(): could not receive data: 9
[ 16214][E][WiFiUdp.cpp:221] parsePacket(): could not receive data: 9
[ 16219][E][WiFiUdp.cpp:221] parsePacket(): could not receive data: 9
[ 16224][E][WiFiUdp.cpp:221] parsePacket(): could not receive data: 9
[ 16230][E][WiFiUdp.cpp:221] parsePacket(): could not receive data: 9
[ 16235][E][WiFiUdp.cpp:221] parsePacket(): could not receive data: 9
[ 16240][E][WiFiUdp.cpp:221] parsePacket(): could not receive data: 9
[ 16245][E][WiFiUdp.cpp:221] parsePacket(): could not receive data: 9
[ 16250][E][WiFiUdp.cpp:221] parsePacket(): could not receive data: 9
[ 16255][E][WiFiUdp.cpp:221] parsePacket(): could not receive data: 9
[ 16260][E][WiFiUdp.cpp:221] parsePacket(): could not receive data: 9
[ 16266][E][WiFiUdp.cpp:221] parsePacket(): could not receive data: 9
[ 16271][E][WiFiUdp.cpp:221] parsePacket(): could not receive data: 9
[ 16276][E][WiFiUdp.cpp:221] parsePacket(): could not receive data: 9
[ 16282][E][WiFiUdp.cpp:221] parsePacket(): could not receive data: 9
[ 16287][E][WiFiUdp.cpp:221] parsePacket(): could not receive data: 9
[ 16293][E][WiFiUdp.cpp:221] parsePacket(): could not receive data: 9
[ 16299][E][WiFiUdp.cpp:221] parsePacket(): could not receive data: 9
[ 16305][E][WiFiUdp.cpp:221] parsePacket(): could not receive data: 9
[ 16311][E][WiFiUdp.cpp:221] parsePacket(): could not receive data: 9
[ 16317][E][WiFiUdp.cpp:221] parsePacket(): could not receive data: 9
[ 16323][E][WiFiUdp.cpp:221] parsePacket(): could not receive data: 9
[ 16328][E][WiFiUdp.cpp:221] parsePacket(): could not receive data: 9
[ 16333][E][WiFiUdp.cpp:221] parsePacket(): could not receive data: 9
[ 16339][E][WiFiUdp.cpp:221] parsePacket(): could not receive data: 9
[ 16344][E][WiFiUdp.cpp:221] parsePacket(): could not receive data: 9
[ 16350][E][WiFiUdp.cpp:221] parsePacket(): could not receive data: 9
[ 16355][E][WiFiUdp.cpp:221] parsePacket(): could not receive data: 9
[ 16360][E][WiFiUdp.cpp:221] parsePacket(): could not receive data: 9
[ 16365][E][WiFiUdp.cpp:221] parsePacket(): could not receive data: 9
[ 16370][E][WiFiUdp.cpp:221] parsePacket(): could not receive data: 9
[ 16376][E][WiFiUdp.cpp:221] parsePacket(): could not receive data: 9
[ 16382][E][WiFiUdp.cpp:221] parsePacket(): could not receive data: 9
[ 16388][E][WiFiUdp.cpp:221] parsePacket(): could not receive data: 9
[ 16394][E][WiFiUdp.cpp:221] parsePacket(): could not receive data: 9
[ 16400][E][WiFiUdp.cpp:221] parsePacket(): could not receive data: 9
[ 16405][E][WiFiUdp.cpp:221] parsePacket(): could not receive data: 9
[ 16410][E][WiFiUdp.cpp:221] parsePacket(): could not receive data: 9
[ 16415][E][WiFiUdp.cpp:221] parsePacket(): could not receive data: 9
[ 16420][E][WiFiUdp.cpp:221] parsePacket(): could not receive data: 9
[ 16426][E][WiFiUdp.cpp:221] parsePacket(): could not receive data: 9
[ 16432][E][WiFiUdp.cpp:221] parsePacket(): could not receive data: 9
[ 16438][E][WiFiUdp.cpp:221] parsePacket(): could not receive data: 9
[ 16443][E][WiFiUdp.cpp:221] parsePacket(): could not receive data: 9
[ 16449][E][WiFiUdp.cpp:221] parsePacket(): could not receive data: 9
[ 16454][E][WiFiUdp.cpp:221] parsePacket(): could not receive data: 9
[ 16459][E][WiFiUdp.cpp:221] parsePacket(): could not receive data: 9
[ 16464][E][WiFiUdp.cpp:221] parsePacket(): could not receive data: 9
[ 16470][E][WiFiUdp.cpp:221] parsePacket(): could not receive data: 9
[ 16476][E][WiFiUdp.cpp:221] parsePacket(): could not receive data: 9
[ 16482][E][WiFiUdp.cpp:221] parsePacket(): could not receive data: 9
[ 16488][E][WiFiUdp.cpp:221] parsePacket(): could not receive data: 9
[ 16494][E][WiFiUdp.cpp:221] parsePacket(): could not receive data: 9
[ 16499][E][WiFiUdp.cpp:221] parsePacket(): could not receive data: 9
[ 16504][E][WiFiUdp.cpp:221] parsePacket(): could not receive data: 9
[ 16509][E][WiFiUdp.cpp:221] parsePacket(): could not receive data: 9
[ 16514][E][WiFiUdp.cpp:221] parsePacket(): could not receive data: 9
[ 16519][E][WiFiUdp.cpp:221] parsePacket(): could not receive data: 9
[ 16525][E][WiFiUdp.cpp:221] parsePacket(): could not receive data: 9
[ 16530][E][WiFiUdp.cpp:221] parsePacket(): could not receive data: 9
[ 16535][E][WiFiUdp.cpp:221] parsePacket(): could not receive data: 9
[ 16541][E][WiFiUdp.cpp:221] parsePacket(): could not receive data: 9
[ 16547][E][WiFiUdp.cpp:221] parsePacket(): could not receive data: 9
[ 16553][E][WiFiUdp.cpp:221] parsePacket(): could not receive data: 9
[ 16559][E][WiFiUdp.cpp:221] parsePacket(): could not receive data: 9
[ 16565][E][WiFiUdp.cpp:221] parsePacket(): could not receive data: 9
[ 16571][E][WiFiUdp.cpp:221] parsePacket(): could not receive data: 9
[ 16577][E][WiFiUdp.cpp:221] parsePacket(): could not receive data: 9
[ 16582][E][WiFiUdp.cpp:221] parsePacket(): could not receive data: 9
[ 16587][E][WiFiUdp.cpp:221] parsePacket(): could not receive data: 9
[ 16592][E][WiFiUdp.cpp:221] parsePacket(): could not receive data: 9
[ 16597][E][WiFiUdp.cpp:221] parsePacket(): could not receive data: 9
[ 16602][E][WiFiUdp.cpp:221] parsePacket(): could not receive data: 9
[ 16607][E][WiFiUdp.cpp:221] parsePacket(): could not receive data: 9
[ 16612][E][WiFiUdp.cpp:221] parsePacket(): could not receive data: 9
[ 16617][E][WiFiUdp.cpp:221] parsePacket(): could not receive data: 9
[ 16622][E][WiFiUdp.cpp:221] parsePacket(): could not receive data: 9
[ 16627][E][WiFiUdp.cpp:221] parsePacket(): could not receive data: 9
[ 16632][E][WiFiUdp.cpp:221] parsePacket(): could not receive data: 9
[ 16637][E][WiFiUdp.cpp:221] parsePacket(): could not receive data: 9
[ 16642][E][WiFiUdp.cpp:221] parsePacket(): could not receive data: 9
[ 16647][E][WiFiUdp.cpp:221] parsePacket(): could not receive data: 9
[ 16652][E][WiFiUdp.cpp:221] parsePacket(): could not receive data: 9
[ 16657][E][WiFiUdp.cpp:221] parsePacket(): could not receive data: 9
[ 16663][E][WiFiUdp.cpp:221] parsePacket(): could not receive data: 9
[ 16669][E][WiFiUdp.cpp:221] parsePacket(): could not receive data: 9
[ 16675][E][WiFiUdp.cpp:221] parsePacket(): could not receive data: 9
[ 16681][E][WiFiUdp.cpp:221] parsePacket(): could not receive data: 9
[ 16687][E][WiFiUdp.cpp:221] parsePacket(): could not receive data: 9
[ 16693][E][WiFiUdp.cpp:221] parsePacket(): could not receive data: 9
[ 16699][E][WiFiUdp.cpp:221] parsePacket(): could not receive data: 9
[ 16705][E][WiFiUdp.cpp:221] parsePacket(): could not receive data: 9
[ 16711][E][WiFiUdp.cpp:221] parsePacket(): could not receive data: 9
[ 16717][E][WiFiUdp.cpp:221] parsePacket(): could not receive data: 9
[ 16724][E][WiFiUdp.cpp:221] parsePacket(): could not receive data: 9
[ 16729][E][WiFiUdp.cpp:221] parsePacket(): could not receive data: 9
[ 16735][E][WiFiUdp.cpp:221] parsePacket(): could not receive data: 9
[ 16740][E][WiFiUdp.cpp:221] parsePacket(): could not receive data: 9
[ 16745][E][WiFiUdp.cpp:221] parsePacket(): could not receive data: 9
[ 16750][E][WiFiUdp.cpp:221] parsePacket(): could not receive data: 9
[ 16755][E][WiFiUdp.cpp:221] parsePacket(): could not receive data: 9
[ 16762][E][WiFiUdp.cpp:221] parsePacket(): could not receive data: 9
[ 16768][E][WiFiUdp.cpp:221] parsePacket(): could not receive data: 9
[ 16773][E][WiFiUdp.cpp:221] parsePacket(): could not receive data: 9
[ 16779][E][WiFiUdp.cpp:221] parsePacket(): could not receive data: 9
[ 16784][E][WiFiUdp.cpp:221] parsePacket(): could not receive data: 9
[ 16789][E][WiFiUdp.cpp:221] parsePacket(): could not receive data: 9
[ 16794][E][WiFiUdp.cpp:221] parsePacket(): could not receive data: 9
[ 16799][E][WiFiUdp.cpp:221] parsePacket(): could not receive data: 9
[ 16804][E][WiFiUdp.cpp:221] parsePacket(): could not receive data: 9
[ 16809][E][WiFiUdp.cpp:221] parsePacket(): could not receive data: 9
[ 16814][E][WiFiUdp.cpp:221] parsePacket(): could not receive data: 9
[ 16819][E][WiFiUdp.cpp:221] parsePacket(): could not receive data: 9
[ 16824][E][WiFiUdp.cpp:221] parsePacket(): could not receive data: 9
[ 16829][E][WiFiUdp.cpp:221] parsePacket(): could not receive data: 9
[ 16834][E][WiFiUdp.cpp:221] parsePacket(): could not receive data: 9
[ 16839][E][WiFiUdp.cpp:221] parsePacket(): could not receive data: 9
[ 16844][E][WiFiUdp.cpp:221] parsePacket(): could not receive data: 9
[ 16849][E][WiFiUdp.cpp:221] parsePacket(): could not receive data: 9
[ 16854][E][WiFiUdp.cpp:221] parsePacket(): could not receive data: 9
[ 16859][E][WiFiUdp.cpp:221] parsePacket(): could not receive data: 9
[ 16864][E][WiFiUdp.cpp:221] parsePacket(): could not receive data: 9
[ 16869][E][WiFiUdp.cpp:221] parsePacket(): could not receive data: 9
[ 16874][E][WiFiUdp.cpp:221] parsePacket(): could not receive data: 9
[ 16880][E][WiFiUdp.cpp:221] parsePacket(): could not receive data: 9
[ 16885][E][WiFiUdp.cpp:221] parsePacket(): could not receive data: 9
[ 16890][E][WiFiUdp.cpp:221] parsePacket(): could not receive data: 9
[ 16895][E][WiFiUdp.cpp:221] parsePacket(): could not receive data: 9
[ 16900][E][WiFiUdp.cpp:221] parsePacket(): could not receive data: 9
[ 16905][E][WiFiUdp.cpp:221] parsePacket(): could not receive data: 9
[ 16910][E][WiFiUdp.cpp:221] parsePacket(): could not receive data: 9
[ 16915][E][WiFiUdp.cpp:221] parsePacket(): could not receive data: 9
[ 16920][E][WiFiUdp.cpp:221] parsePacket(): could not receive data: 9
[ 16925][E][WiFiUdp.cpp:221] parsePacket(): could not receive data: 9
[ 16930][E][WiFiUdp.cpp:221] parsePacket(): could not receive data: 9
[ 16935][E][WiFiUdp.cpp:221] parsePacket(): could not receive data: 9
[ 16940][E][WiFiUdp.cpp:221] parsePacket(): could not receive data: 9
[ 16945][E][WiFiUdp.cpp:221] parsePacket(): could not receive data: 9
[ 16950][E][WiFiUdp.cpp:221] parsePacket(): could not receive data: 9
[ 16955][E][WiFiUdp.cpp:221] parsePacket(): could not receive data: 9
[ 16960][E][WiFiUdp.cpp:221] parsePacket(): could not receive data: 9
[ 16965][E][WiFiUdp.cpp:221] parsePacket(): could not receive data: 9
[ 16970][E][WiFiUdp.cpp:221] parsePacket(): could not receive data: 9
[ 16975][E][WiFiUdp.cpp:221] parsePacket(): could not receive data: 9
[ 16980][E][WiFiUdp.cpp:221] parsePacket(): could not receive data: 9
[ 16985][E][WiFiUdp.cpp:221] parsePacket(): could not receive data: 9
[ 16990][E][WiFiUdp.cpp:221] parsePacket(): could not receive data: 9
[ 16995][E][WiFiUdp.cpp:221] parsePacket(): could not receive data: 9
[ 17000][E][WiFiUdp.cpp:221] parsePacket(): could not receive data: 9
[ 17005][E][WiFiUdp.cpp:221] parsePacket(): could not receive data: 9
[ 17010][E][WiFiUdp.cpp:221] parsePacket(): could not receive data: 9
[ 17015][E][WiFiUdp.cpp:221] parsePacket(): could not receive data: 9
[ 17020][E][WiFiUdp.cpp:221] parsePacket(): could not receive data: 9
[ 17025][E][WiFiUdp.cpp:221] parsePacket(): could not receive data: 9
[ 17030][E][WiFiUdp.cpp:221] parsePacket(): could not receive data: 9
[ 17036][E][WiFiUdp.cpp:221] parsePacket(): could not receive data: 9
[ 17042][E][WiFiUdp.cpp:221] parsePacket(): could not receive data: 9
[ 17048][E][WiFiUdp.cpp:221] parsePacket(): could not receive data: 9
[ 17054][E][WiFiUdp.cpp:221] parsePacket(): could not receive data: 9
[ 17060][E][WiFiUdp.cpp:221] parsePacket(): could not receive data: 9
[ 17066][E][WiFiUdp.cpp:221] parsePacket(): could not receive data: 9
[ 17072][E][WiFiUdp.cpp:221] parsePacket(): could not receive data: 9
[ 17078][E][WiFiUdp.cpp:221] parsePacket(): could not receive data: 9
[ 17084][E][WiFiUdp.cpp:221] parsePacket(): could not receive data: 9
[ 17090][E][WiFiUdp.cpp:221] parsePacket(): could not receive data: 9
[ 17096][E][WiFiUdp.cpp:221] parsePacket(): could not receive data: 9
[ 17102][E][WiFiUdp.cpp:221] parsePacket(): could not receive data: 9
[ 17108][E][WiFiUdp.cpp:221] parsePacket(): could not receive data: 9
[ 17114][E][WiFiUdp.cpp:221] parsePacket(): could not receive data: 9
[ 17119][E][WiFiUdp.cpp:221] parsePacket(): could not receive data: 9
[ 17125][E][WiFiUdp.cpp:221] parsePacket(): could not receive data: 9
[ 17131][E][WiFiUdp.cpp:221] parsePacket(): could not receive data: 9
[ 17137][E][WiFiUdp.cpp:221] parsePacket(): could not receive data: 9
[ 17143][E][WiFiUdp.cpp:221] parsePacket(): could not receive data: 9
[ 17149][E][WiFiUdp.cpp:221] parsePacket(): could not receive data: 9
[ 17155][E][WiFiUdp.cpp:221] parsePacket(): could not receive data: 9
[ 17160][E][WiFiUdp.cpp:221] parsePacket(): could not receive data: 9
[ 17166][E][WiFiUdp.cpp:221] parsePacket(): could not receive data: 9
[ 17171][E][WiFiUdp.cpp:221] parsePacket(): could not receive data: 9
[ 17178][E][WiFiUdp.cpp:221] parsePacket(): could not receive data: 9
[ 17183][E][WiFiUdp.cpp:221] parsePacket(): could not receive data: 9
[ 17188][E][WiFiUdp.cpp:221] parsePacket(): could not receive data: 9
[ 17195][E][WiFiUdp.cpp:221] parsePacket(): could not receive data: 9
[ 17200][E][WiFiUdp.cpp:221] parsePacket(): could not receive data: 9
[ 17206][E][WiFiUdp.cpp:221] parsePacket(): could not receive data: 9
[ 17212][E][WiFiUdp.cpp:221] parsePacket(): could not receive data: 9
[ 17218][E][WiFiUdp.cpp:221] parsePacket(): could not receive data: 9
[ 17223][E][WiFiUdp.cpp:221] parsePacket(): could not receive data: 9
[ 17228][E][WiFiUdp.cpp:221] parsePacket(): could not receive data: 9
[ 17234][E][WiFiUdp.cpp:221] parsePacket(): could not receive data: 9
[ 17239][E][WiFiUdp.cpp:221] parsePacket(): could not receive data: 9
[ 17245][E][WiFiUdp.cpp:221] parsePacket(): could not receive data: 9
[ 17251][E][WiFiUdp.cpp:221] parsePacket(): could not receive data: 9
[ 17257][E][WiFiUdp.cpp:221] parsePacket(): could not receive data: 9
[ 17263][E][WiFiUdp.cpp:221] parsePacket(): could not receive data: 9
[ 17268][E][WiFiUdp.cpp:221] parsePacket(): could not receive data: 9
[ 17273][E][WiFiUdp.cpp:221] parsePacket(): could not receive data: 9
[ 17278][E][WiFiUdp.cpp:221] parsePacket(): could not receive data: 9
[ 17283][E][WiFiUdp.cpp:221] parsePacket(): could not receive data: 9
[ 17288][E][WiFiUdp.cpp:221] parsePacket(): could not receive data: 9
[ 17294][E][WiFiUdp.cpp:221] parsePacket(): could not receive data: 9
[ 17299][E][WiFiUdp.cpp:221] parsePacket(): could not receive data: 9
[ 17305][E][WiFiUdp.cpp:221] parsePacket(): could not receive data: 9
[ 17311][E][WiFiUdp.cpp:221] parsePacket(): could not receive data: 9
[ 17317][E][WiFiUdp.cpp:221] parsePacket(): could not receive data: 9
[ 17323][E][WiFiUdp.cpp:221] parsePacket(): could not receive data: 9
[ 17329][E][WiFiUdp.cpp:221] parsePacket(): could not receive data: 9
[ 17334][E][WiFiUdp.cpp:221] parsePacket(): could not receive data: 9
[ 17340][E][WiFiUdp.cpp:221] parsePacket(): could not receive data: 9
[ 17346][E][WiFiUdp.cpp:221] parsePacket(): could not receive data: 9
[ 17353][E][WiFiUdp.cpp:221] parsePacket(): could not receive data: 9
[ 17359][E][WiFiUdp.cpp:221] parsePacket(): could not receive data: 9
[ 17364][E][WiFiUdp.cpp:221] parsePacket(): could not receive data: 9
[ 17370][E][WiFiUdp.cpp:221] parsePacket(): could not receive data: 9
[ 17376][E][WiFiUdp.cpp:221] parsePacket(): could not receive data: 9
[ 17383][E][WiFiUdp.cpp:221] parsePacket(): could not receive data: 9
[ 17390][E][WiFiUdp.cpp:221] parsePacket(): could not receive data: 9
[ 17396][E][WiFiUdp.cpp:221] parsePacket(): could not receive data: 9
[ 17401][E][WiFiUdp.cpp:221] parsePacket(): could not receive data: 9
[ 17406][E][WiFiUdp.cpp:221] parsePacket(): could not receive data: 9
[ 17412][E][WiFiUdp.cpp:221] parsePacket(): could not receive data: 9
[ 17417][E][WiFiUdp.cpp:221] parsePacket(): could not receive data: 9
[ 17424][E][WiFiUdp.cpp:221] parsePacket(): could not receive data: 9
[ 17429][E][WiFiUdp.cpp:221] parsePacket(): could not receive data: 9
[ 17435][E][WiFiUdp.cpp:221] parsePacket(): could not receive data: 9
[ 17441][E][WiFiUdp.cpp:221] parsePacket(): could not receive data: 9
[ 17448][E][WiFiUdp.cpp:221] parsePacket(): could not receive data: 9
[ 17453][E][WiFiUdp.cpp:221] parsePacket(): could not receive data: 9
[ 17459][E][WiFiUdp.cpp:221] parsePacket(): could not receive data: 9
[CON ]...Client disconnected. free heap=123768
[ 17467][E][WiFiUdp.cpp:221] parsePacket(): could not receive data: 9
[CON ]...accept() fd=50 free=123768
[CON ]...Client authenticated on port 2323. free heap=118560
-[ 17473][E][WiFiUdp.cpp:221] parsePacket(): could not receive data: 9
-[ 17479][E][WiFiUdp.cpp:221] parsePacket(): could not receive data: 9
x[ 17485][E][WiFiUdp.cpp:221] parsePacket(): could not receive data: 9
m[ 17491][E][WiFiUdp.cpp:221] parsePacket(): could not receive data: 9
l[ 17497][E][WiFiUdp.cpp:221] parsePacket(): could not receive data: 9
t[ 17503][E][WiFiUdp.cpp:221] parsePacket(): could not receive data: 9
z[ 17509][E][WiFiUdp.cpp:221] parsePacket(): could not receive data: 9
 [ 17515][E][WiFiUdp.cpp:221] parsePacket(): could not receive data: 9
+[ 17521][E][WiFiUdp.cpp:221] parsePacket(): could not receive data: 9
0[ 17527][E][WiFiUdp.cpp:221] parsePacket(): could not receive data: 9
3[ 17533][E][WiFiUdp.cpp:221] parsePacket(): could not receive data: 9
:[ 17539][E][WiFiUdp.cpp:221] parsePacket(): could not receive data: 9
3[ 17545][E][WiFiUdp.cpp:221] parsePacket(): could not receive data: 9
0[ 17551][E][WiFiUdp.cpp:221] parsePacket(): could not receive data: 9
[ 17556][E][WiFiUdp.cpp:221] parsePacket(): could not receive data: 9

[TEST] xml timezone +03:30 -> node_utcoff 3.50
[ 20350][E][WiFiUdp.cpp:221] parsePacket(): could not receive data: 9
[ 20364][E][WiFiUdp.cpp:221] parsePacket(): could not receive data: 9
[ 20369][E][WiFiUdp.cpp:221] parsePacket(): could not receive data: 9
[ 20375][E][WiFiUdp.cpp:221] parsePacket(): could not receive data: 9
[ 20382][E][WiFiUdp.cpp:221] parsePacket(): could not receive data: 9
[ 20388][E][WiFiUdp.cpp:221] parsePacket(): could not receive data: 9
[ 20394][E][WiFiUdp.cpp:221] parsePacket(): could not receive data: 9
[ 20400][E][WiFiUdp.cpp:221] parsePacket(): could not receive data: 9
[ 20406][E][WiFiUdp.cpp:221] parsePacket(): could not receive data: 9
[ 20412][E][WiFiUdp.cpp:221] parsePacket(): could not receive data: 9
[ 20417][E][WiFiUdp.cpp:221] parsePacket(): could not receive data: 9
[ 20423][E][WiFiUdp.cpp:221] parsePacket(): could not receive data: 9
[ 20428][E][WiFiUdp.cpp:221] parsePacket(): could not receive data: 9
[ 20433][E][WiFiUdp.cpp:221] parsePacket(): could not receive data: 9
[ 20438][E][WiFiUdp.cpp:221] parsePacket(): could not receive data: 9
[ 20444][E][WiFiUdp.cpp:221] parsePacket(): could not receive data: 9
[ 20451][E][WiFiUdp.cpp:221] parsePacket(): could not receive data: 9
[ 20457][E][WiFiUdp.cpp:221] parsePacket(): could not receive data: 9
[ 20463][E][WiFiUdp.cpp:221] parsePacket(): could not receive data: 9
[ 20469][E][WiFiUdp.cpp:221] parsePacket(): could not receive data: 9
[ 20475][E][WiFiUdp.cpp:221] parsePacket(): could not receive data: 9
[ 20481][E][WiFiUdp.cpp:221] parsePacket(): could not receive data: 9
[ 20487][E][WiFiUdp.cpp:221] parsePacket(): could not receive data: 9
[ 20493][E][WiFiUdp.cpp:221] parsePacket(): could not receive data: 9
[ 20499][E][WiFiUdp.cpp:221] parsePacket(): could not receive data: 9
[ 20505][E][WiFiUdp.cpp:221] parsePacket(): could not receive data: 9
[ 20511][E][WiFiUdp.cpp:221] parsePacket(): could not receive data: 9
[ 20517][E][WiFiUdp.cpp:221] parsePacket(): could not receive data: 9
[ 20523][E][WiFiUdp.cpp:221] parsePacket(): could not receive data: 9
[ 20530][E][WiFiUdp.cpp:221] parsePacket(): could not receive data: 9
[ 20537][E][WiFiUdp.cpp:221] parsePacket(): could not receive data: 9
[ 20544][E][WiFiUdp.cpp:221] parsePacket(): could not receive data: 9
[ 20551][E][WiFiUdp.cpp:221] parsePacket(): could not receive data: 9
[ 20558][E][WiFiUdp.cpp:221] parsePacket(): could not receive data: 9
[ 20565][E][WiFiUdp.cpp:221] parsePacket(): could not receive data: 9
[ 20572][E][WiFiUdp.cpp:221] parsePacket(): could not receive data: 9
[ 20579][E][WiFiUdp.cpp:221] parsePacket(): could not receive data: 9
[ 20585][E][WiFiUdp.cpp:221] parsePacket(): could not receive data: 9
[ 20591][E][WiFiUdp.cpp:221] parsePacket(): could not receive data: 9
[ 20597][E][WiFiUdp.cpp:221] parsePacket(): could not receive data: 9
[ 20604][E][WiFiUdp.cpp:221] parsePacket(): could not receive data: 9
[ 20610][E][WiFiUdp.cpp:221] parsePacket(): could not receive data: 9
[ 20616][E][WiFiUdp.cpp:221] parsePacket(): could not receive data: 9
[ 20622][E][WiFiUdp.cpp:221] parsePacket(): could not receive data: 9
[ 20629][E][WiFiUdp.cpp:221] parsePacket(): could not receive data: 9
[ 20636][E][WiFiUdp.cpp:221] parsePacket(): could not receive data: 9
[ 20643][E][WiFiUdp.cpp:221] parsePacket(): could not receive data: 9
[ 20650][E][WiFiUdp.cpp:221] parsePacket(): could not receive data: 9
[ 20656][E][WiFiUdp.cpp:221] parsePacket(): could not receive data: 9
[ 20662][E][WiFiUdp.cpp:221] parsePacket(): could not receive data: 9
[ 20668][E][WiFiUdp.cpp:221] parsePacket(): could not receive data: 9
[ 20674][E][WiFiUdp.cpp:221] parsePacket(): could not receive data: 9
[ 20680][E][WiFiUdp.cpp:221] parsePacket(): could not receive data: 9
[ 20686][E][WiFiUdp.cpp:221] parsePacket(): could not receive data: 9
[ 20692][E][WiFiUdp.cpp:221] parsePacket(): could not receive data: 9
[ 20700][E][WiFiUdp.cpp:221] parsePacket(): could not receive data: 9
[ 20707][E][WiFiUdp.cpp:221] parsePacket(): could not receive data: 9
[ 20714][E][WiFiUdp.cpp:221] parsePacket(): could not receive data: 9
[ 20720][E][WiFiUdp.cpp:221] parsePacket(): could not receive data: 9
[ 20727][E][WiFiUdp.cpp:221] parsePacket(): could not receive data: 9
[ 20734][E][WiFiUdp.cpp:221] parsePacket(): could not receive data: 9
[ 20741][E][WiFiUdp.cpp:221] parsePacket(): could not receive data: 9
[ 20748][E][WiFiUdp.cpp:221] parsePacket(): could not receive data: 9
[ 20755][E][WiFiUdp.cpp:221] parsePacket(): could not receive data: 9
[ 20762][E][WiFiUdp.cpp:221] parsePacket(): could not receive data: 9
[ 20769][E][WiFiUdp.cpp:221] parsePacket(): could not receive data: 9
[ 20778][E][WiFiUdp.cpp:221] parsePacket(): could not receive data: 9
[ 20785][E][WiFiUdp.cpp:221] parsePacket(): could not receive data: 9
[ 20791][E][WiFiUdp.cpp:221] parsePacket(): could not receive data: 9
[ 20798][E][WiFiUdp.cpp:221] parsePacket(): could not receive data: 9
[ 20805][E][WiFiUdp.cpp:221] parsePacket(): could not receive data: 9
[ 20812][E][WiFiUdp.cpp:221] parsePacket(): could not receive data: 9
[ 20819][E][WiFiUdp.cpp:221] parsePacket(): could not receive data: 9
[ 20826][E][WiFiUdp.cpp:221] parsePacket(): could not receive data: 9
[ 20833][E][WiFiUdp.cpp:221] parsePacket(): could not receive data: 9
[ 20840][E][WiFiUdp.cpp:221] parsePacket(): could not receive data: 9
[ 20846][E][WiFiUdp.cpp:221] parsePacket(): could not receive data: 9
[ 20853][E][WiFiUdp.cpp:221] parsePacket(): could not receive data: 9
[ 20859][E][WiFiUdp.cpp:221] parsePacket(): could not receive data: 9
[ 20866][E][WiFiUdp.cpp:221] parsePacket(): could not receive data: 9
[ 20873][E][WiFiUdp.cpp:221] parsePacket(): could not receive data: 9
[ 20878][E][WiFiUdp.cpp:221] parsePacket(): could not receive data: 9
[ 20883][E][WiFiUdp.cpp:221] parsePacket(): could not receive data: 9
[ 20888][E][WiFiUdp.cpp:221] parsePacket(): could not receive data: 9
[ 20895][E][WiFiUdp.cpp:221] parsePacket(): could not receive data: 9
[ 20901][E][WiFiUdp.cpp:221] parsePacket(): could not receive data: 9
[ 20907][E][WiFiUdp.cpp:221] parsePacket(): could not receive data: 9
[ 20913][E][WiFiUdp.cpp:221] parsePacket(): could not receive data: 9
[ 20919][E][WiFiUdp.cpp:221] parsePacket(): could not receive data: 9
[ 20925][E][WiFiUdp.cpp:221] parsePacket(): could not receive data: 9
[ 20931][E][WiFiUdp.cpp:221] parsePacket(): could not receive data: 9
[ 20937][E][WiFiUdp.cpp:221] parsePacket(): could not receive data: 9
[ 20943][E][WiFiUdp.cpp:221] parsePacket(): could not receive data: 9
[ 20949][E][WiFiUdp.cpp:221] parsePacket(): could not receive data: 9
[ 20955][E][WiFiUdp.cpp:221] parsePacket(): could not receive data: 9
[ 20961][E][WiFiUdp.cpp:221] parsePacket(): could not receive data: 9
[ 20967][E][WiFiUdp.cpp:221] parsePacket(): could not receive data: 9
[ 20973][E][WiFiUdp.cpp:221] parsePacket(): could not receive data: 9
[ 20979][E][WiFiUdp.cpp:221] parsePacket(): could not receive data: 9
[ 20985][E][WiFiUdp.cpp:221] parsePacket(): could not receive data: 9
[ 20992][E][WiFiUdp.cpp:221] parsePacket(): could not receive data: 9
[ 20998][E][WiFiUdp.cpp:221] parsePacket(): could not receive data: 9
[ 21005][E][WiFiUdp.cpp:221] parsePacket(): could not receive data: 9
[ 21012][E][WiFiUdp.cpp:221] parsePacket(): could not receive data: 9
[ 21019][E][WiFiUdp.cpp:221] parsePacket(): could not receive data: 9
[ 21026][E][WiFiUdp.cpp:221] parsePacket(): could not receive data: 9
[ 21033][E][WiFiUdp.cpp:221] parsePacket(): could not receive data: 9
[ 21040][E][WiFiUdp.cpp:221] parsePacket(): could not receive data: 9
[ 21047][E][WiFiUdp.cpp:221] parsePacket(): could not receive data: 9
[ 21054][E][WiFiUdp.cpp:221] parsePacket(): could not receive data: 9
[ 21061][E][WiFiUdp.cpp:221] parsePacket(): could not receive data: 9
[ 21067][E][WiFiUdp.cpp:221] parsePacket(): could not receive data: 9
[ 21073][E][WiFiUdp.cpp:221] parsePacket(): could not receive data: 9
[ 21078][E][WiFiUdp.cpp:221] parsePacket(): could not receive data: 9
[ 21084][E][WiFiUdp.cpp:221] parsePacket(): could not receive data: 9
[ 21091][E][WiFiUdp.cpp:221] parsePacket(): could not receive data: 9
[ 21096][E][WiFiUdp.cpp:221] parsePacket(): could not receive data: 9
[ 21102][E][WiFiUdp.cpp:221] parsePacket(): could not receive data: 9
[ 21107][E][WiFiUdp.cpp:221] parsePacket(): could not receive data: 9
[ 21113][E][WiFiUdp.cpp:221] parsePacket(): could not receive data: 9
[ 21120][E][WiFiUdp.cpp:221] parsePacket(): could not receive data: 9
[ 21125][E][WiFiUdp.cpp:221] parsePacket(): could not receive data: 9
[ 21132][E][WiFiUdp.cpp:221] parsePacket(): could not receive data: 9
[ 21138][E][WiFiUdp.cpp:221] parsePacket(): could not receive data: 9
[ 21144][E][WiFiUdp.cpp:221] parsePacket(): could not receive data: 9
[ 21150][E][WiFiUdp.cpp:221] parsePacket(): could not receive data: 9
[ 21156][E][WiFiUdp.cpp:221] parsePacket(): could not receive data: 9
[ 21162][E][WiFiUdp.cpp:221] parsePacket(): could not receive data: 9
[ 21168][E][WiFiUdp.cpp:221] parsePacket(): could not receive data: 9
[ 21174][E][WiFiUdp.cpp:221] parsePacket(): could not receive data: 9
[ 21180][E][WiFiUdp.cpp:221] parsePacket(): could not receive data: 9
[ 21186][E][WiFiUdp.cpp:221] parsePacket(): could not receive data: 9
[ 21192][E][WiFiUdp.cpp:221] parsePacket(): could not receive data: 9
[ 21198][E][WiFiUdp.cpp:221] parsePacket(): could not receive data: 9
[ 21204][E][WiFiUdp.cpp:221] parsePacket(): could not receive data: 9
[ 21211][E][WiFiUdp.cpp:221] parsePacket(): could not receive data: 9
[ 21217][E][WiFiUdp.cpp:221] parsePacket(): could not receive data: 9
[ 21223][E][WiFiUdp.cpp:221] parsePacket(): could not receive data: 9
[ 21229][E][WiFiUdp.cpp:221] parsePacket(): could not receive data: 9
[ 21235][E][WiFiUdp.cpp:221] parsePacket(): could not receive data: 9
[ 21241][E][WiFiUdp.cpp:221] parsePacket(): could not receive data: 9
[ 21247][E][WiFiUdp.cpp:221] parsePacket(): could not receive data: 9
[ 21253][E][WiFiUdp.cpp:221] parsePacket(): could not receive data: 9
[ 21259][E][WiFiUdp.cpp:221] parsePacket(): could not receive data: 9
[ 21265][E][WiFiUdp.cpp:221] parsePacket(): could not receive data: 9
[ 21271][E][WiFiUdp.cpp:221] parsePacket(): could not receive data: 9
[ 21277][E][WiFiUdp.cpp:221] parsePacket(): could not receive data: 9
[ 21283][E][WiFiUdp.cpp:221] parsePacket(): could not receive data: 9
[ 21289][E][WiFiUdp.cpp:221] parsePacket(): could not receive data: 9
[ 21294][E][WiFiUdp.cpp:221] parsePacket(): could not receive data: 9
[ 21300][E][WiFiUdp.cpp:221] parsePacket(): could not receive data: 9
[ 21306][E][WiFiUdp.cpp:221] parsePacket(): could not receive data: 9
[ 21311][E][WiFiUdp.cpp:221] parsePacket(): could not receive data: 9
[ 21316][E][WiFiUdp.cpp:221] parsePacket(): could not receive data: 9
[ 21321][E][WiFiUdp.cpp:221] parsePacket(): could not receive data: 9
[ 21326][E][WiFiUdp.cpp:221] parsePacket(): could not receive data: 9
[ 21331][E][WiFiUdp.cpp:221] parsePacket(): could not receive data: 9
[ 21336][E][WiFiUdp.cpp:221] parsePacket(): could not receive data: 9
[ 21341][E][WiFiUdp.cpp:221] parsePacket(): could not receive data: 9
[ 21346][E][WiFiUdp.cpp:221] parsePacket(): could not receive data: 9
[ 21351][E][WiFiUdp.cpp:221] parsePacket(): could not receive data: 9
[ 21356][E][WiFiUdp.cpp:221] parsePacket(): could not receive data: 9
[ 21363][E][WiFiUdp.cpp:221] parsePacket(): could not receive data: 9
[ 21369][E][WiFiUdp.cpp:221] parsePacket(): could not receive data: 9
[ 21381][E][WiFiUdp.cpp:221] parsePacket(): could not receive data: 9
[ 21390][E][WiFiUdp.cpp:221] parsePacket(): could not receive data: 9
[ 21418][E][WiFiUdp.cpp:221] parsePacket(): could not receive data: 9
[ 21430][E][WiFiUdp.cpp:221] parsePacket(): could not receive data: 9
[ 21443][E][WiFiUdp.cpp:221] parsePacket(): could not receive data: 9
[ 21450][E][WiFiUdp.cpp:221] parsePacket(): could not receive data: 9
[ 21456][E][WiFiUdp.cpp:221] parsePacket(): could not receive data: 9
[ 21462][E][WiFiUdp.cpp:221] parsePacket(): could not receive data: 9
[ 21469][E][WiFiUdp.cpp:221] parsePacket(): could not receive data: 9
[ 21475][E][WiFiUdp.cpp:221] parsePacket(): could not receive data: 9
[ 21482][E][WiFiUdp.cpp:221] parsePacket(): could not receive data: 9
[ 21488][E][WiFiUdp.cpp:221] parsePacket(): could not receive data: 9
[ 21494][E][WiFiUdp.cpp:221] parsePacket(): could not receive data: 9
[ 21500][E][WiFiUdp.cpp:221] parsePacket(): could not receive data: 9
[ 21506][E][WiFiUdp.cpp:221] parsePacket(): could not receive data: 9
[ 21512][E][WiFiUdp.cpp:221] parsePacket(): could not receive data: 9
[ 21519][E][WiFiUdp.cpp:221] parsePacket(): could not receive data: 9
[ 21525][E][WiFiUdp.cpp:221] parsePacket(): could not receive data: 9
[ 21533][E][WiFiUdp.cpp:221] parsePacket(): could not receive data: 9
[ 21540][E][WiFiUdp.cpp:221] parsePacket(): could not receive data: 9
[ 21547][E][WiFiUdp.cpp:221] parsePacket(): could not receive data: 9
[ 21553][E][WiFiUdp.cpp:221] parsePacket(): could not receive data: 9
[ 21560][E][WiFiUdp.cpp:221] parsePacket(): could not receive data: 9
[ 21569][E][WiFiUdp.cpp:221] parsePacket(): could not receive data: 9
[ 21576][E][WiFiUdp.cpp:221] parsePacket(): could not receive data: 9
[ 21583][E][WiFiUdp.cpp:221] parsePacket(): could not receive data: 9
[ 21589][E][WiFiUdp.cpp:221] parsePacket(): could not receive data: 9
[ 21595][E][WiFiUdp.cpp:221] parsePacket(): could not receive data: 9
[ 21601][E][WiFiUdp.cpp:221] parsePacket(): could not receive data: 9
[ 21607][E][WiFiUdp.cpp:221] parsePacket(): could not receive data: 9
[ 21613][E][WiFiUdp.cpp:221] parsePacket(): could not receive data: 9
[ 21619][E][WiFiUdp.cpp:221] parsePacket(): could not receive data: 9
[ 21625][E][WiFiUdp.cpp:221] parsePacket(): could not receive data: 9
[ 21631][E][WiFiUdp.cpp:221] parsePacket(): could not receive data: 9
[ 21637][E][WiFiUdp.cpp:221] parsePacket(): could not receive data: 9
[ 21643][E][WiFiUdp.cpp:221] parsePacket(): could not receive data: 9
[ 21649][E][WiFiUdp.cpp:221] parsePacket(): could not receive data: 9
[ 21655][E][WiFiUdp.cpp:221] parsePacket(): could not receive data: 9
[ 21661][E][WiFiUdp.cpp:221] parsePacket(): could not receive data: 9
[ 21667][E][WiFiUdp.cpp:221] parsePacket(): could not receive data: 9
[ 21674][E][WiFiUdp.cpp:221] parsePacket(): could not receive data: 9
[ 21680][E][WiFiUdp.cpp:221] parsePacket(): could not receive data: 9
[ 21689][E][WiFiUdp.cpp:221] parsePacket(): could not receive data: 9
[ 21697][E][WiFiUdp.cpp:221] parsePacket(): could not receive data: 9
[ 21703][E][WiFiUdp.cpp:221] parsePacket(): could not receive data: 9
[ 21709][E][WiFiUdp.cpp:221] parsePacket(): could not receive data: 9
[ 21716][E][WiFiUdp.cpp:221] parsePacket(): could not receive data: 9
[ 21723][E][WiFiUdp.cpp:221] parsePacket(): could not receive data: 9
[ 21730][E][WiFiUdp.cpp:221] parsePacket(): could not receive data: 9
[ 21736][E][WiFiUdp.cpp:221] parsePacket(): could not receive data: 9
[ 21743][E][WiFiUdp.cpp:221] parsePacket(): could not receive data: 9
[ 21748][E][WiFiUdp.cpp:221] parsePacket(): could not receive data: 9
[ 21754][E][WiFiUdp.cpp:221] parsePacket(): could not receive data: 9
[ 21760][E][WiFiUdp.cpp:221] parsePacket(): could not receive data: 9
[ 21766][E][WiFiUdp.cpp:221] parsePacket(): could not receive data: 9
[ 21772][E][WiFiUdp.cpp:221] parsePacket(): could not receive data: 9
[ 21779][E][WiFiUdp.cpp:221] parsePacket(): could not receive data: 9
[ 21785][E][WiFiUdp.cpp:221] parsePacket(): could not receive data: 9
[ 21791][E][WiFiUdp.cpp:221] parsePacket(): could not receive data: 9
[ 21797][E][WiFiUdp.cpp:221] parsePacket(): could not receive data: 9
[ 21804][E][WiFiUdp.cpp:221] parsePacket(): could not receive data: 9
[ 21811][E][WiFiUdp.cpp:221] parsePacket(): could not receive data: 9
[ 21817][E][WiFiUdp.cpp:221] parsePacket(): could not receive data: 9
[ 21824][E][WiFiUdp.cpp:221] parsePacket(): could not receive data: 9
[ 21829][E][WiFiUdp.cpp:221] parsePacket(): could not receive data: 9
[ 21835][E][WiFiUdp.cpp:221] parsePacket(): could not receive data: 9
[ 21841][E][WiFiUdp.cpp:221] parsePacket(): could not receive data: 9
[ 21848][E][WiFiUdp.cpp:221] parsePacket(): could not receive data: 9
[ 21853][E][WiFiUdp.cpp:221] parsePacket(): could not receive data: 9
[ 21859][E][WiFiUdp.cpp:221] parsePacket(): could not receive data: 9
[ 21865][E][WiFiUdp.cpp:221] parsePacket(): could not receive data: 9
[ 21870][E][WiFiUdp.cpp:221] parsePacket(): could not receive data: 9
[ 21875][E][WiFiUdp.cpp:221] parsePacket(): could not receive data: 9
[ 21880][E][WiFiUdp.cpp:221] parsePacket(): could not receive data: 9
[ 21885][E][WiFiUdp.cpp:221] parsePacket(): could not receive data: 9
[ 21890][E][WiFiUdp.cpp:221] parsePacket(): could not receive data: 9
[ 21895][E][WiFiUdp.cpp:221] parsePacket(): could not receive data: 9
[ 21901][E][WiFiUdp.cpp:221] parsePacket(): could not receive data: 9
[ 21906][E][WiFiUdp.cpp:221] parsePacket(): could not receive data: 9
[ 21912][E][WiFiUdp.cpp:221] parsePacket(): could not receive data: 9
[ 21919][E][WiFiUdp.cpp:221] parsePacket(): could not receive data: 9
[ 21925][E][WiFiUdp.cpp:221] parsePacket(): could not receive data: 9
[ 21931][E][WiFiUdp.cpp:221] parsePacket(): could not receive data: 9
[ 21937][E][WiFiUdp.cpp:221] parsePacket(): could not receive data: 9
[ 21943][E][WiFiUdp.cpp:221] parsePacket(): could not receive data: 9
[ 21949][E][WiFiUdp.cpp:221] parsePacket(): could not receive data: 9
[ 21955][E][WiFiUdp.cpp:221] parsePacket(): could not receive data: 9
[ 21961][E][WiFiUdp.cpp:221] parsePacket(): could not receive data: 9
[ 21967][E][WiFiUdp.cpp:221] parsePacket(): could not receive data: 9
[ 21973][E][WiFiUdp.cpp:221] parsePacket(): could not receive data: 9
[ 21979][E][WiFiUdp.cpp:221] parsePacket(): could not receive data: 9
[ 21985][E][WiFiUdp.cpp:221] parsePacket(): could not receive data: 9
[ 21991][E][WiFiUdp.cpp:221] parsePacket(): could not receive data: 9
[ 21998][E][WiFiUdp.cpp:221] parsePacket(): could not receive data: 9
[ 22005][E][WiFiUdp.cpp:221] parsePacket(): could not receive data: 9
[ 22011][E][WiFiUdp.cpp:221] parsePacket(): could not receive data: 9
[ 22017][E][WiFiUdp.cpp:221] parsePacket(): could not receive data: 9
[ 22023][E][WiFiUdp.cpp:221] parsePacket(): could not receive data: 9
[ 22029][E][WiFiUdp.cpp:221] parsePacket(): could not receive data: 9
[ 22035][E][WiFiUdp.cpp:221] parsePacket(): could not receive data: 9
[ 22041][E][WiFiUdp.cpp:221] parsePacket(): could not receive data: 9
[ 22048][E][WiFiUdp.cpp:221] parsePacket(): could not receive data: 9
[ 22054][E][WiFiUdp.cpp:221] parsePacket(): could not receive data: 9
[ 22060][E][WiFiUdp.cpp:221] parsePacket(): could not receive data: 9
[ 22066][E][WiFiUdp.cpp:221] parsePacket(): could not receive data: 9
[ 22072][E][WiFiUdp.cpp:221] parsePacket(): could not receive data: 9
[ 22078][E][WiFiUdp.cpp:221] parsePacket(): could not receive data: 9
[ 22086][E][WiFiUdp.cpp:221] parsePacket(): could not receive data: 9
[ 22092][E][WiFiUdp.cpp:221] parsePacket(): could not receive data: 9
[ 22098][E][WiFiUdp.cpp:221] parsePacket(): could not receive data: 9
[ 22105][E][WiFiUdp.cpp:221] parsePacket(): could not receive data: 9
[ 22113][E][WiFiUdp.cpp:221] parsePacket(): could not receive data: 9
[ 22119][E][WiFiUdp.cpp:221] parsePacket(): could not receive data: 9
[ 22125][E][WiFiUdp.cpp:221] parsePacket(): could not receive data: 9
[ 22132][E][WiFiUdp.cpp:221] parsePacket(): could not receive data: 9
[ 22138][E][WiFiUdp.cpp:221] parsePacket(): could not receive data: 9
[ 22144][E][WiFiUdp.cpp:221] parsePacket(): could not receive data: 9
[ 22150][E][WiFiUdp.cpp:221] parsePacket(): could not receive data: 9
[ 22156][E][WiFiUdp.cpp:221] parsePacket(): could not receive data: 9
[ 22162][E][WiFiUdp.cpp:221] parsePacket(): could not receive data: 9
[ 22168][E][WiFiUdp.cpp:221] parsePacket(): could not receive data: 9
[ 22174][E][WiFiUdp.cpp:221] parsePacket(): could not receive data: 9
[ 22181][E][WiFiUdp.cpp:221] parsePacket(): could not receive data: 9
[ 22188][E][WiFiUdp.cpp:221] parsePacket(): could not receive data: 9
[ 22195][E][WiFiUdp.cpp:221] parsePacket(): could not receive data: 9
[ 22201][E][WiFiUdp.cpp:221] parsePacket(): could not receive data: 9
[ 22207][E][WiFiUdp.cpp:221] parsePacket(): could not receive data: 9
[ 22213][E][WiFiUdp.cpp:221] parsePacket(): could not receive data: 9
[ 22220][E][WiFiUdp.cpp:221] parsePacket(): could not receive data: 9
[ 22227][E][WiFiUdp.cpp:221] parsePacket(): could not receive data: 9
[ 22236][E][WiFiUdp.cpp:221] parsePacket(): could not receive data: 9
[ 22243][E][WiFiUdp.cpp:221] parsePacket(): could not receive data: 9
[ 22252][E][WiFiUdp.cpp:221] parsePacket(): could not receive data: 9
[ 22258][E][WiFiUdp.cpp:221] parsePacket(): could not receive data: 9
[ 22264][E][WiFiUdp.cpp:221] parsePacket(): could not receive data: 9
[ 22270][E][WiFiUdp.cpp:221] parsePacket(): could not receive data: 9
[ 22276][E][WiFiUdp.cpp:221] parsePacket(): could not receive data: 9
[ 22283][E][WiFiUdp.cpp:221] parsePacket(): could not receive data: 9
[ 22289][E][WiFiUdp.cpp:221] parsePacket(): could not receive data: 9
[ 22296][E][WiFiUdp.cpp:221] parsePacket(): could not receive data: 9
[ 22302][E][WiFiUdp.cpp:221] parsePacket(): could not receive data: 9
[ 22308][E][WiFiUdp.cpp:221] parsePacket(): could not receive data: 9
[ 22314][E][WiFiUdp.cpp:221] parsePacket(): could not receive data: 9
[ 22321][E][WiFiUdp.cpp:221] parsePacket(): could not receive data: 9
[ 22328][E][WiFiUdp.cpp:221] parsePacket(): could not receive data: 9
[ 22337][E][WiFiUdp.cpp:221] parsePacket(): could not receive data: 9
[ 22345][E][WiFiUdp.cpp:221] parsePacket(): could not receive data: 9
[ 22353][E][WiFiUdp.cpp:221] parsePacket(): could not receive data: 9
[ 22360][E][WiFiUdp.cpp:221] parsePacket(): could not receive data: 9
[ 22367][E][WiFiUdp.cpp:221] parsePacket(): could not receive data: 9
[ 22374][E][WiFiUdp.cpp:221] parsePacket(): could not receive data: 9
[ 22381][E][WiFiUdp.cpp:221] parsePacket(): could not receive data: 9
[ 22388][E][WiFiUdp.cpp:221] parsePacket(): could not receive data: 9
[ 22395][E][WiFiUdp.cpp:221] parsePacket(): could not receive data: 9
[ 22402][E][WiFiUdp.cpp:221] parsePacket(): could not receive data: 9
[ 22408][E][WiFiUdp.cpp:221] parsePacket(): could not receive data: 9
[ 22414][E][WiFiUdp.cpp:221] parsePacket(): could not receive data: 9
[ 22420][E][WiFiUdp.cpp:221] parsePacket(): could not receive data: 9
[ 22426][E][WiFiUdp.cpp:221] parsePacket(): could not receive data: 9
[ 22432][E][WiFiUdp.cpp:221] parsePacket(): could not receive data: 9
[ 22438][E][WiFiUdp.cpp:221] parsePacket(): could not receive data: 9
[ 22445][E][WiFiUdp.cpp:221] parsePacket(): could not receive data: 9
[ 22452][E][WiFiUdp.cpp:221] parsePacket(): could not receive data: 9
[ 22459][E][WiFiUdp.cpp:221] parsePacket(): could not receive data: 9
[ 22466][E][WiFiUdp.cpp:221] parsePacket(): could not receive data: 9
[ 22473][E][WiFiUdp.cpp:221] parsePacket(): could not receive data: 9
[ 22479][E][WiFiUdp.cpp:221] parsePacket(): could not receive data: 9
[ 22485][E][WiFiUdp.cpp:221] parsePacket(): could not receive data: 9
[ 22491][E][WiFiUdp.cpp:221] parsePacket(): could not receive data: 9
[ 22497][E][WiFiUdp.cpp:221] parsePacket(): could not receive data: 9
[ 22503][E][WiFiUdp.cpp:221] parsePacket(): could not receive data: 9
[ 22509][E][WiFiUdp.cpp:221] parsePacket(): could not receive data: 9
[ 22515][E][WiFiUdp.cpp:221] parsePacket(): could not receive data: 9
[ 22522][E][WiFiUdp.cpp:221] parsePacket(): could not receive data: 9
[ 22528][E][WiFiUdp.cpp:221] parsePacket(): could not receive data: 9
[ 22534][E][WiFiUdp.cpp:221] parsePacket(): could not receive data: 9
[ 22540][E][WiFiUdp.cpp:221] parsePacket(): could not receive data: 9
[ 22546][E][WiFiUdp.cpp:221] parsePacket(): could not receive data: 9
[ 22552][E][WiFiUdp.cpp:221] parsePacket(): could not receive data: 9
[ 22558][E][WiFiUdp.cpp:221] parsePacket(): could not receive data: 9
[ 22564][E][WiFiUdp.cpp:221] parsePacket(): could not receive data: 9
[ 22570][E][WiFiUdp.cpp:221] parsePacket(): could not receive data: 9
[ 22576][E][WiFiUdp.cpp:221] parsePacket(): could not receive data: 9
[ 22582][E][WiFiUdp.cpp:221] parsePacket(): could not receive data: 9
[ 22588][E][WiFiUdp.cpp:221] parsePacket(): could not receive data: 9
[ 22594][E][WiFiUdp.cpp:221] parsePacket(): could not receive data: 9
[ 22600][E][WiFiUdp.cpp:221] parsePacket(): could not receive data: 9
[ 22606][E][WiFiUdp.cpp:221] parsePacket(): could not receive data: 9
[ 22612][E][WiFiUdp.cpp:221] parsePacket(): could not receive data: 9
[ 22618][E][WiFiUdp.cpp:221] parsePacket(): could not receive data: 9
[ 22625][E][WiFiUdp.cpp:221] parsePacket(): could not receive data: 9
[ 22631][E][WiFiUdp.cpp:221] parsePacket(): could not receive data: 9
[ 22637][E][WiFiUdp.cpp:221] parsePacket(): could not receive data: 9
[ 22643][E][WiFiUdp.cpp:221] parsePacket(): could not receive data: 9
[ 22650][E][WiFiUdp.cpp:221] parsePacket(): could not receive data: 9
[ 22657][E][WiFiUdp.cpp:221] parsePacket(): could not receive data: 9
[ 22664][E][WiFiUdp.cpp:221] parsePacket(): could not receive data: 9
[ 22670][E][WiFiUdp.cpp:221] parsePacket(): could not receive data: 9
[ 22676][E][WiFiUdp.cpp:221] parsePacket(): could not receive data: 9
[ 22681][E][WiFiUdp.cpp:221] parsePacket(): could not receive data: 9
[ 22687][E][WiFiUdp.cpp:221] parsePacket(): could not receive data: 9
[ 22692][E][WiFiUdp.cpp:221] parsePacket(): could not receive data: 9
[ 22697][E][WiFiUdp.cpp:221] parsePacket(): could not receive data: 9
[ 22702][E][WiFiUdp.cpp:221] parsePacket(): could not receive data: 9
[ 22707][E][WiFiUdp.cpp:221] parsePacket(): could not receive data: 9
[ 22712][E][WiFiUdp.cpp:221] parsePacket(): could not receive data: 9
[ 22717][E][WiFiUdp.cpp:221] parsePacket(): could not receive data: 9
[ 22722][E][WiFiUdp.cpp:221] parsePacket(): could not receive data: 9
[ 22727][E][WiFiUdp.cpp:221] parsePacket(): could not receive data: 9
[ 22732][E][WiFiUdp.cpp:221] parsePacket(): could not receive data: 9
[ 22739][E][WiFiUdp.cpp:221] parsePacket(): could not receive data: 9
[ 22745][E][WiFiUdp.cpp:221] parsePacket(): could not receive data: 9
[ 22753][E][WiFiUdp.cpp:221] parsePacket(): could not receive data: 9
[ 22761][E][WiFiUdp.cpp:221] parsePacket(): could not receive data: 9
[ 22769][E][WiFiUdp.cpp:221] parsePacket(): could not receive data: 9
[ 22776][E][WiFiUdp.cpp:221] parsePacket(): could not receive data: 9
[ 22782][E][WiFiUdp.cpp:221] parsePacket(): could not receive data: 9
[ 22789][E][WiFiUdp.cpp:221] parsePacket(): could not receive data: 9
[ 22796][E][WiFiUdp.cpp:221] parsePacket(): could not receive data: 9
[ 22803][E][WiFiUdp.cpp:221] parsePacket(): could not receive data: 9
[ 22809][E][WiFiUdp.cpp:221] parsePacket(): could not receive data: 9
[ 22816][E][WiFiUdp.cpp:221] parsePacket(): could not receive data: 9
[ 22822][E][WiFiUdp.cpp:221] parsePacket(): could not receive data: 9
[ 22828][E][WiFiUdp.cpp:221] parsePacket(): could not receive data: 9
[ 22834][E][WiFiUdp.cpp:221] parsePacket(): could not receive data: 9
[ 22841][E][WiFiUdp.cpp:221] parsePacket(): could not receive data: 9
[ 22847][E][WiFiUdp.cpp:221] parsePacket(): could not receive data: 9
[ 22854][E][WiFiUdp.cpp:221] parsePacket(): could not receive data: 9
[ 22861][E][WiFiUdp.cpp:221] parsePacket(): could not receive data: 9
[ 22867][E][WiFiUdp.cpp:221] parsePacket(): could not receive data: 9
[ 22873][E][WiFiUdp.cpp:221] parsePacket(): could not receive data: 9
[ 22880][E][WiFiUdp.cpp:221] parsePacket(): could not receive data: 9
[ 22885][E][WiFiUdp.cpp:221] parsePacket(): could not receive data: 9
[ 22890][E][WiFiUdp.cpp:221] parsePacket(): could not receive data: 9
[ 22895][E][WiFiUdp.cpp:221] parsePacket(): could not receive data: 9
[ 22900][E][WiFiUdp.cpp:221] parsePacket(): could not receive data: 9
[ 22905][E][WiFiUdp.cpp:221] parsePacket(): could not receive data: 9
[ 22910][E][WiFiUdp.cpp:221] parsePacket(): could not receive data: 9
[ 22917][E][WiFiUdp.cpp:221] parsePacket(): could not receive data: 9
[ 22924][E][WiFiUdp.cpp:221] parsePacket(): could not receive data: 9
[ 22930][E][WiFiUdp.cpp:221] parsePacket(): could not receive data: 9
[ 22937][E][WiFiUdp.cpp:221] parsePacket(): could not receive data: 9
[ 22942][E][WiFiUdp.cpp:221] parsePacket(): could not receive data: 9
[ 22948][E][WiFiUdp.cpp:221] parsePacket(): could not receive data: 9
[ 22954][E][WiFiUdp.cpp:221] parsePacket(): could not receive data: 9
[ 22960][E][WiFiUdp.cpp:221] parsePacket(): could not receive data: 9
[ 22965][E][WiFiUdp.cpp:221] parsePacket(): could not receive data: 9
[ 22970][E][WiFiUdp.cpp:221] parsePacket(): could not receive data: 9
[ 22975][E][WiFiUdp.cpp:221] parsePacket(): could not receive data: 9
[ 22980][E][WiFiUdp.cpp:221] parsePacket(): could not receive data: 9
[ 22985][E][WiFiUdp.cpp:221] parsePacket(): could not receive data: 9
[ 22991][E][WiFiUdp.cpp:221] parsePacket(): could not receive data: 9
[ 22996][E][WiFiUdp.cpp:221] parsePacket(): could not receive data: 9
[ 23001][E][WiFiUdp.cpp:221] parsePacket(): could not receive data: 9
[ 23006][E][WiFiUdp.cpp:221] parsePacket(): could not receive data: 9
[ 23011][E][WiFiUdp.cpp:221] parsePacket(): could not receive data: 9
[ 23016][E][WiFiUdp.cpp:221] parsePacket(): could not receive data: 9
[ 23022][E][WiFiUdp.cpp:221] parsePacket(): could not receive data: 9
[ 23027][E][WiFiUdp.cpp:221] parsePacket(): could not receive data: 9
[ 23032][E][WiFiUdp.cpp:221] parsePacket(): could not receive data: 9
[ 23037][E][WiFiUdp.cpp:221] parsePacket(): could not receive data: 9
[ 23042][E][WiFiUdp.cpp:221] parsePacket(): could not receive data: 9
[ 23047][E][WiFiUdp.cpp:221] parsePacket(): could not receive data: 9
[ 23052][E][WiFiUdp.cpp:221] parsePacket(): could not receive data: 9
[ 23057][E][WiFiUdp.cpp:221] parsePacket(): could not receive data: 9
[ 23063][E][WiFiUdp.cpp:221] parsePacket(): could not receive data: 9
[ 23068][E][WiFiUdp.cpp:221] parsePacket(): could not receive data: 9
[ 23073][E][WiFiUdp.cpp:221] parsePacket(): could not receive data: 9
[ 23078][E][WiFiUdp.cpp:221] parsePacket(): could not receive data: 9
[ 23083][E][WiFiUdp.cpp:221] parsePacket(): could not receive data: 9
[ 23088][E][WiFiUdp.cpp:221] parsePacket(): could not receive data: 9
[ 23093][E][WiFiUdp.cpp:221] parsePacket(): could not receive data: 9
[ 23098][E][WiFiUdp.cpp:221] parsePacket(): could not receive data: 9
[ 23103][E][WiFiUdp.cpp:221] parsePacket(): could not receive data: 9
[ 23108][E][WiFiUdp.cpp:221] parsePacket(): could not receive data: 9
[ 23113][E][WiFiUdp.cpp:221] parsePacket(): could not receive data: 9
[ 23118][E][WiFiUdp.cpp:221] parsePacket(): could not receive data: 9
[ 23123][E][WiFiUdp.cpp:221] parsePacket(): could not receive data: 9
[ 23128][E][WiFiUdp.cpp:221] parsePacket(): could not receive data: 9
[ 23133][E][WiFiUdp.cpp:221] parsePacket(): could not receive data: 9
[ 23138][E][WiFiUdp.cpp:221] parsePacket(): could not receive data: 9
[ 23143][E][WiFiUdp.cpp:221] parsePacket(): could not receive data: 9
[ 23148][E][WiFiUdp.cpp:221] parsePacket(): could not receive data: 9
[ 23153][E][WiFiUdp.cpp:221] parsePacket(): could not receive data: 9
[ 23158][E][WiFiUdp.cpp:221] parsePacket(): could not receive data: 9
[ 23163][E][WiFiUdp.cpp:221] parsePacket(): could not receive data: 9
[ 23168][E][WiFiUdp.cpp:221] parsePacket(): could not receive data: 9
[ 23173][E][WiFiUdp.cpp:221] parsePacket(): could not receive data: 9
[ 23178][E][WiFiUdp.cpp:221] parsePacket(): could not receive data: 9
[ 23183][E][WiFiUdp.cpp:221] parsePacket(): could not receive data: 9
[ 23188][E][WiFiUdp.cpp:221] parsePacket(): could not receive data: 9
[ 23193][E][WiFiUdp.cpp:221] parsePacket(): could not receive data: 9
[ 23198][E][WiFiUdp.cpp:221] parsePacket(): could not receive data: 9
[ 23203][E][WiFiUdp.cpp:221] parsePacket(): could not receive data: 9
[ 23209][E][WiFiUdp.cpp:221] parsePacket(): could not receive data: 9
[ 23216][E][WiFiUdp.cpp:221] parsePacket(): could not receive data: 9
[ 23221][E][WiFiUdp.cpp:221] parsePacket(): could not receive data: 9
[ 23226][E][WiFiUdp.cpp:221] parsePacket(): could not receive data: 9
[ 23233][E][WiFiUdp.cpp:221] parsePacket(): could not receive data: 9
[ 23239][E][WiFiUdp.cpp:221] parsePacket(): could not receive data: 9
[ 23245][E][WiFiUdp.cpp:221] parsePacket(): could not receive data: 9
[ 23253][E][WiFiUdp.cpp:221] parsePacket(): could not receive data: 9
[ 23261][E][WiFiUdp.cpp:221] parsePacket(): could not receive data: 9
[ 23267][E][WiFiUdp.cpp:221] parsePacket(): could not receive data: 9
[ 23274][E][WiFiUdp.cpp:221] parsePacket(): could not receive data: 9
[ 23282][E][WiFiUdp.cpp:221] parsePacket(): could not receive data: 9
[ 23289][E][WiFiUdp.cpp:221] parsePacket(): could not receive data: 9
[ 23296][E][WiFiUdp.cpp:221] parsePacket(): could not receive data: 9
[ 23302][E][WiFiUdp.cpp:221] parsePacket(): could not receive data: 9
[ 23308][E][WiFiUdp.cpp:221] parsePacket(): could not receive data: 9
[ 23314][E][WiFiUdp.cpp:221] parsePacket(): could not receive data: 9
[ 23319][E][WiFiUdp.cpp:221] parsePacket(): could not receive data: 9
[ 23326][E][WiFiUdp.cpp:221] parsePacket(): could not receive data: 9
[ 23332][E][WiFiUdp.cpp:221] parsePacket(): could not receive data: 9
[ 23338][E][WiFiUdp.cpp:221] parsePacket(): could not receive data: 9
[ 23345][E][WiFiUdp.cpp:221] parsePacket(): could not receive data: 9
[ 23351][E][WiFiUdp.cpp:221] parsePacket(): could not receive data: 9
[ 23360][E][WiFiUdp.cpp:221] parsePacket(): could not receive data: 9
[ 23368][E][WiFiUdp.cpp:221] parsePacket(): could not receive data: 9
[ 23376][E][WiFiUdp.cpp:221] parsePacket(): could not receive data: 9
[ 23383][E][WiFiUdp.cpp:221] parsePacket(): could not receive data: 9
[ 23389][E][WiFiUdp.cpp:221] parsePacket(): could not receive data: 9
[ 23396][E][WiFiUdp.cpp:221] parsePacket(): could not receive data: 9
[ 23405][E][WiFiUdp.cpp:221] parsePacket(): could not receive data: 9
[ 23410][E][WiFiUdp.cpp:221] parsePacket(): could not receive data: 9
[ 23417][E][WiFiUdp.cpp:221] parsePacket(): could not receive data: 9
[ 23423][E][WiFiUdp.cpp:221] parsePacket(): could not receive data: 9
[ 23429][E][WiFiUdp.cpp:221] parsePacket(): could not receive data: 9
[ 23437][E][WiFiUdp.cpp:221] parsePacket(): could not receive data: 9
[ 23444][E][WiFiUdp.cpp:221] parsePacket(): could not receive data: 9
[ 23451][E][WiFiUdp.cpp:221] parsePacket(): could not receive data: 9
[ 23458][E][WiFiUdp.cpp:221] parsePacket(): could not receive data: 9
[ 23464][E][WiFiUdp.cpp:221] parsePacket(): could not receive data: 9
[ 23470][E][WiFiUdp.cpp:221] parsePacket(): could not receive data: 9
[ 23476][E][WiFiUdp.cpp:221] parsePacket(): could not receive data: 9
[ 23482][E][WiFiUdp.cpp:221] parsePacket(): could not receive data: 9
[ 23488][E][WiFiUdp.cpp:221] parsePacket(): could not receive data: 9
[ 23494][E][WiFiUdp.cpp:221] parsePacket(): could not receive data: 9
[ 23500][E][WiFiUdp.cpp:221] parsePacket(): could not receive data: 9
[ 23506][E][WiFiUdp.cpp:221] parsePacket(): could not receive data: 9
[ 23512][E][WiFiUdp.cpp:221] parsePacket(): could not receive data: 9
[ 23518][E][WiFiUdp.cpp:221] parsePacket(): could not receive data: 9
[ 23525][E][WiFiUdp.cpp:221] parsePacket(): could not receive data: 9
[ 23531][E][WiFiUdp.cpp:221] parsePacket(): could not receive data: 9
[ 23537][E][WiFiUdp.cpp:221] parsePacket(): could not receive data: 9
[ 23543][E][WiFiUdp.cpp:221] parsePacket(): could not receive data: 9
[ 23549][E][WiFiUdp.cpp:221] parsePacket(): could not receive data: 9
[ 23555][E][WiFiUdp.cpp:221] parsePacket(): could not receive data: 9
[ 23561][E][WiFiUdp.cpp:221] parsePacket(): could not receive data: 9
[ 23567][E][WiFiUdp.cpp:221] parsePacket(): could not receive data: 9
[ 23573][E][WiFiUdp.cpp:221] parsePacket(): could not receive data: 9
[ 23579][E][WiFiUdp.cpp:221] parsePacket(): could not receive data: 9
[ 23585][E][WiFiUdp.cpp:221] parsePacket(): could not receive data: 9
[ 23591][E][WiFiUdp.cpp:221] parsePacket(): could not receive data: 9
[ 23597][E][WiFiUdp.cpp:221] parsePacket(): could not receive data: 9
[ 23603][E][WiFiUdp.cpp:221] parsePacket(): could not receive data: 9
[ 23609][E][WiFiUdp.cpp:221] parsePacket(): could not receive data: 9
[ 23615][E][WiFiUdp.cpp:221] parsePacket(): could not receive data: 9
[ 23621][E][WiFiUdp.cpp:221] parsePacket(): could not receive data: 9
[ 23627][E][WiFiUdp.cpp:221] parsePacket(): could not receive data: 9
[ 23634][E][WiFiUdp.cpp:221] parsePacket(): could not receive data: 9
[ 23640][E][WiFiUdp.cpp:221] parsePacket(): could not receive data: 9
[ 23646][E][WiFiUdp.cpp:221] parsePacket(): could not receive data: 9
[ 23652][E][WiFiUdp.cpp:221] parsePacket(): could not receive data: 9
[ 23659][E][WiFiUdp.cpp:221] parsePacket(): could not receive data: 9
[ 23665][E][WiFiUdp.cpp:221] parsePacket(): could not receive data: 9
[ 23671][E][WiFiUdp.cpp:221] parsePacket(): could not receive data: 9
[ 23677][E][WiFiUdp.cpp:221] parsePacket(): could not receive data: 9
[ 23684][E][WiFiUdp.cpp:221] parsePacket(): could not receive data: 9
[ 23690][E][WiFiUdp.cpp:221] parsePacket(): could not receive data: 9
[ 23696][E][WiFiUdp.cpp:221] parsePacket(): could not receive data: 9
[ 23703][E][WiFiUdp.cpp:221] parsePacket(): could not receive data: 9
[ 23709][E][WiFiUdp.cpp:221] parsePacket(): could not receive data: 9
[ 23715][E][WiFiUdp.cpp:221] parsePacket(): could not receive data: 9
[ 23722][E][WiFiUdp.cpp:221] parsePacket(): could not receive data: 9
[ 23729][E][WiFiUdp.cpp:221] parsePacket(): could not receive data: 9
[ 23735][E][WiFiUdp.cpp:221] parsePacket(): could not receive data: 9
[ 23740][E][WiFiUdp.cpp:221] parsePacket(): could not receive data: 9
[ 23747][E][WiFiUdp.cpp:221] parsePacket(): could not receive data: 9
[ 23752][E][WiFiUdp.cpp:221] parsePacket(): could not receive data: 9
[ 23758][E][WiFiUdp.cpp:221] parsePacket(): could not receive data: 9
[ 23764][E][WiFiUdp.cpp:221] parsePacket(): could not receive data: 9
[ 23770][E][WiFiUdp.cpp:221] parsePacket(): could not receive data: 9
[ 23776][E][WiFiUdp.cpp:221] parsePacket(): could not receive data: 9
[ 23782][E][WiFiUdp.cpp:221] parsePacket(): could not receive data: 9
[ 23789][E][WiFiUdp.cpp:221] parsePacket(): could not receive data: 9
[ 23795][E][WiFiUdp.cpp:221] parsePacket(): could not receive data: 9
[ 23802][E][WiFiUdp.cpp:221] parsePacket(): could not receive data: 9
[ 23809][E][WiFiUdp.cpp:221] parsePacket(): could not receive data: 9
[ 23816][E][WiFiUdp.cpp:221] parsePacket(): could not receive data: 9
[ 23822][E][WiFiUdp.cpp:221] parsePacket(): could not receive data: 9
[ 23828][E][WiFiUdp.cpp:221] parsePacket(): could not receive data: 9
[ 23834][E][WiFiUdp.cpp:221] parsePacket(): could not receive data: 9
[ 23840][E][WiFiUdp.cpp:221] parsePacket(): could not receive data: 9
[ 23846][E][WiFiUdp.cpp:221] parsePacket(): could not receive data: 9
[ 23852][E][WiFiUdp.cpp:221] parsePacket(): could not receive data: 9
[CON ]...Client disconnected. free heap=108704
[ 23864][E][WiFiUdp.cpp:221] parsePacket(): could not receive data: 9
[CON ]...accept() fd=50 free=108704
[ 23876][E][WiFiUdp.cpp:221] parsePacket(): could not receive data: 9
[CON ]...Client authenticated on port 2323. free heap=105076
-[ 23885][E][WiFiUdp.cpp:221] parsePacket(): could not receive data: 9
-[ 23891][E][WiFiUdp.cpp:221] parsePacket(): could not receive data: 9
i[ 23897][E][WiFiUdp.cpp:221] parsePacket(): could not receive data: 9
n[ 23902][E][WiFiUdp.cpp:221] parsePacket(): could not receive data: 9
f[ 23908][E][WiFiUdp.cpp:221] parsePacket(): could not receive data: 9
o[ 23914][E][WiFiUdp.cpp:221] parsePacket(): could not receive data: 9
[ 23920][E][WiFiUdp.cpp:221] parsePacket(): could not receive data: 9

--MeshCom 4.35t (build: Sep 26 2026 / 23:12:40)
...UPDATE: 
...Call: <XX0XXX-00> ...ID 00000000 ...NODE 39 <EBYTE_E22> ...UTC-OFF 3.500000 [CPU]
...BATT 0.00 V ...BATT 0 % ...MAXV 4.200 V
...TIME 23938 ms
...Flash-Version 20260724
...NOMSGALL off ...MESH off ...BUTTON (12) off ...SOFTSER off ... SOFTSERREAD off
...PASSWD <>
...DEBUG man ...DEBUG en
...DEBUG off ...LORADEBUG off ...GPSDEBUG off/0 ...SOFTSERDEBUG off
...WXDEBUG off ...BLEDEBUG off
...DisplayInfo off ...DisplayCont off ...DisplyLog off ...contrast 255 ...ackinfo off
...EXTUDP off ...EXT IP none ...NOPMOTHER off
...BTCODE 000000
...APRSMC: APRSMC
...ATXT: 
...NAME: 
...BLE : short
...DISPLAY on
...CTRY EU8
...FREQ 433.1750 MHz TXPWR 17 dBm RXBOOST off
...MAXHOP text 4 / pos 2

...Webserver  on / Webpwd <> / Gateway off 
...NETConsole on (port 2323)
...KISS/TCP   off / TX off / RxMeta off / Auth off
...WIFI-AP    off
...SSID <none> / PASSWORD <***>
...NETWORK Mode:ETH
...hasIpAddress: yes
...IP address   : 10.0.2.15
...SUBNET-MASK  : 255.255.255.0
...GW address   : 10.0.2.5
...DNS address  : 
...UDP-HBeat : 23947
[ 23948][E][WiFiUdp.cpp:221] parsePacket(): could not receive data: 9
[CON ]...Client disconnected. free heap=110740
[ 23953][E][WiFiUdp.cpp:221] parsePacket(): could not receive data: 9
[ 23958][E][WiFiUdp.cpp:221] parsePacket(): could not receive data: 9
[ 23965][E][WiFiUdp.cpp:221] parsePacket(): could not receive data: 9
[ 23971][E][WiFiUdp.cpp:221] parsePacket(): could not receive data: 9
[ 23976][E][WiFiUdp.cpp:221] parsePacket(): could not receive data: 9
[ 23983][E][WiFiUdp.cpp:221] parsePacket(): could not receive data: 9
[ 23989][E][WiFiUdp.cpp:221] parsePacket(): could not receive data: 9
[ 23995][E][WiFiUdp.cpp:221] parsePacket(): could not receive data: 9
[ 24001][E][WiFiUdp.cpp:221] parsePacket(): could not receive data: 9
[ 24007][E][WiFiUdp.cpp:221] parsePacket(): could not receive data: 9
[ 24012][E][WiFiUdp.cpp:221] parsePacket(): could not receive data: 9
[ 24017][E][WiFiUdp.cpp:221] parsePacket(): could not receive data: 9
[ 24023][E][WiFiUdp.cpp:221] parsePacket(): could not receive data: 9
[ 24030][E][WiFiUdp.cpp:221] parsePacket(): could not receive data: 9
[ 24036][E][WiFiUdp.cpp:221] parsePacket(): could not receive data: 9
[ 24043][E][WiFiUdp.cpp:221] parsePacket(): could not receive data: 9
[ 24049][E][WiFiUdp.cpp:221] parsePacket(): could not receive data: 9
[ 24055][E][WiFiUdp.cpp:221] parsePacket(): could not receive data: 9
[ 24061][E][WiFiUdp.cpp:221] parsePacket(): could not receive data: 9
[ 24069][E][WiFiUdp.cpp:221] parsePacket(): could not receive data: 9
[ 24076][E][WiFiUdp.cpp:221] parsePacket(): could not receive data: 9
[ 24082][E][WiFiUdp.cpp:221] parsePacket(): could not receive data: 9
[ 24088][E][WiFiUdp.cpp:221] parsePacket(): could not receive data: 9
[ 24097][E][WiFiUdp.cpp:221] parsePacket(): could not receive data: 9
[ 24103][E][WiFiUdp.cpp:221] parsePacket(): could not receive data: 9
[ 24108][E][WiFiUdp.cpp:221] parsePacket(): could not receive data: 9
[ 24114][E][WiFiUdp.cpp:221] parsePacket(): could not receive data: 9
[ 24120][E][WiFiUdp.cpp:221] parsePacket(): could not receive data: 9
[ 24126][E][WiFiUdp.cpp:221] parsePacket(): could not receive data: 9
[ 24133][E][WiFiUdp.cpp:221] parsePacket(): could not receive data: 9
[ 24138][E][WiFiUdp.cpp:221] parsePacket(): could not receive data: 9
[ 24145][E][WiFiUdp.cpp:221] parsePacket(): could not receive data: 9
[ 24151][E][WiFiUdp.cpp:221] parsePacket(): could not receive data: 9
[ 24157][E][WiFiUdp.cpp:221] parsePacket(): could not receive data: 9
[ 24163][E][WiFiUdp.cpp:221] parsePacket(): could not receive data: 9
[ 24170][E][WiFiUdp.cpp:221] parsePacket(): could not receive data: 9
[ 24178][E][WiFiUdp.cpp:221] parsePacket(): could not receive data: 9
[ 24186][E][WiFiUdp.cpp:221] parsePacket(): could not receive data: 9
[ 24193][E][WiFiUdp.cpp:221] parsePacket(): could not receive data: 9
[ 24199][E][WiFiUdp.cpp:221] parsePacket(): could not receive data: 9
[ 24205][E][WiFiUdp.cpp:221] parsePacket(): could not receive data: 9
[ 24211][E][WiFiUdp.cpp:221] parsePacket(): could not receive data: 9
[ 24217][E][WiFiUdp.cpp:221] parsePacket(): could not receive data: 9
[ 24223][E][WiFiUdp.cpp:221] parsePacket(): could not receive data: 9
[ 24229][E][WiFiUdp.cpp:221] parsePacket(): could not receive data: 9
[ 24235][E][WiFiUdp.cpp:221] parsePacket(): could not receive data: 9
[ 24241][E][WiFiUdp.cpp:221] parsePacket(): could not receive data: 9
[ 24247][E][WiFiUdp.cpp:221] parsePacket(): could not receive data: 9
[ 24252][E][WiFiUdp.cpp:221] parsePacket(): could not receive data: 9
[ 24258][E][WiFiUdp.cpp:221] parsePacket(): could not receive data: 9
[ 24264][E][WiFiUdp.cpp:221] parsePacket(): could not receive data: 9
[ 24270][E][WiFiUdp.cpp:221] parsePacket(): could not receive data: 9
[ 24275][E][WiFiUdp.cpp:221] parsePacket(): could not receive data: 9
[ 24280][E][WiFiUdp.cpp:221] parsePacket(): could not receive data: 9
[ 24285][E][WiFiUdp.cpp:221] parsePacket(): could not receive data: 9
[ 24290][E][WiFiUdp.cpp:221] parsePacket(): could not receive data: 9
[ 24296][E][WiFiUdp.cpp:221] parsePacket(): could not receive data: 9
[ 24301][E][WiFiUdp.cpp:221] parsePacket(): could not receive data: 9
[ 24306][E][WiFiUdp.cpp:221] parsePacket(): could not receive data: 9
[ 24312][E][WiFiUdp.cpp:221] parsePacket(): could not receive data: 9
[ 24317][E][WiFiUdp.cpp:221] parsePacket(): could not receive data: 9
[ 24322][E][WiFiUdp.cpp:221] parsePacket(): could not receive data: 9
[ 24328][E][WiFiUdp.cpp:221] parsePacket(): could not receive data: 9
[ 24334][E][WiFiUdp.cpp:221] parsePacket(): could not receive data: 9
[ 24339][E][WiFiUdp.cpp:221] parsePacket(): could not receive data: 9
[ 24344][E][WiFiUdp.cpp:221] parsePacket(): could not receive data: 9
[ 24350][E][WiFiUdp.cpp:221] parsePacket(): could not receive data: 9
[ 24355][E][WiFiUdp.cpp:221] parsePacket(): could not receive data: 9
[ 24361][E][WiFiUdp.cpp:221] parsePacket(): could not receive data: 9
[ 24368][E][WiFiUdp.cpp:221] parsePacket(): could not receive data: 9
[ 24374][E][WiFiUdp.cpp:221] parsePacket(): could not receive data: 9
[ 24380][E][WiFiUdp.cpp:221] parsePacket(): could not receive data: 9
[ 24386][E][WiFiUdp.cpp:221] parsePacket(): could not receive data: 9
[ 24392][E][WiFiUdp.cpp:221] parsePacket(): could not receive data: 9
[ 24398][E][WiFiUdp.cpp:221] parsePacket(): could not receive data: 9
[ 24404][E][WiFiUdp.cpp:221] parsePacket(): could not receive data: 9
[ 24410][E][WiFiUdp.cpp:221] parsePacket(): could not receive data: 9
[ 24416][E][WiFiUdp.cpp:221] parsePacket(): could not receive data: 9
[ 24422][E][WiFiUdp.cpp:221] parsePacket(): could not receive data: 9
[ 24428][E][WiFiUdp.cpp:221] parsePacket(): could not receive data: 9
[ 24435][E][WiFiUdp.cpp:221] parsePacket(): could not receive data: 9
[ 24443][E][WiFiUdp.cpp:221] parsePacket(): could not receive data: 9
[ 24451][E][WiFiUdp.cpp:221] parsePacket(): could not receive data: 9
[ 24457][E][WiFiUdp.cpp:221] parsePacket(): could not receive data: 9
[ 24463][E][WiFiUdp.cpp:221] parsePacket(): could not receive data: 9
[ 24469][E][WiFiUdp.cpp:221] parsePacket(): could not receive data: 9
[ 24476][E][WiFiUdp.cpp:221] parsePacket(): could not receive data: 9
[ 24482][E][WiFiUdp.cpp:221] parsePacket(): could not receive data: 9
[ 24489][E][WiFiUdp.cpp:221] parsePacket(): could not receive data: 9
[ 24495][E][WiFiUdp.cpp:221] parsePacket(): could not receive data: 9
[ 24501][E][WiFiUdp.cpp:221] parsePacket(): could not receive data: 9
[ 24507][E][WiFiUdp.cpp:221] parsePacket(): could not receive data: 9
[ 24513][E][WiFiUdp.cpp:221] parsePacket(): could not receive data: 9
[ 24519][E][WiFiUdp.cpp:221] parsePacket(): could not receive data: 9
[ 24528][E][WiFiUdp.cpp:221] parsePacket(): could not receive data: 9
[ 24536][E][WiFiUdp.cpp:221] parsePacket(): could not receive data: 9
[ 24544][E][WiFiUdp.cpp:221] parsePacket(): could not receive data: 9
[ 24552][E][WiFiUdp.cpp:221] parsePacket(): could not receive data: 9
[ 24559][E][WiFiUdp.cpp:221] parsePacket(): could not receive data: 9
[ 24565][E][WiFiUdp.cpp:221] parsePacket(): could not receive data: 9
[ 24571][E][WiFiUdp.cpp:221] parsePacket(): could not receive data: 9
[ 24579][E][WiFiUdp.cpp:221] parsePacket(): could not receive data: 9
[ 24586][E][WiFiUdp.cpp:221] parsePacket(): could not receive data: 9
[ 24593][E][WiFiUdp.cpp:221] parsePacket(): could not receive data: 9
[ 24600][E][WiFiUdp.cpp:221] parsePacket(): could not receive data: 9
[ 24606][E][WiFiUdp.cpp:221] parsePacket(): could not receive data: 9
[ 24613][E][WiFiUdp.cpp:221] parsePacket(): could not receive data: 9
[ 24620][E][WiFiUdp.cpp:221] parsePacket(): could not receive data: 9
[ 24628][E][WiFiUdp.cpp:221] parsePacket(): could not receive data: 9
[ 24634][E][WiFiUdp.cpp:221] parsePacket(): could not receive data: 9
[ 24640][E][WiFiUdp.cpp:221] parsePacket(): could not receive data: 9
[ 24646][E][WiFiUdp.cpp:221] parsePacket(): could not receive data: 9
[ 24652][E][WiFiUdp.cpp:221] parsePacket(): could not receive data: 9
[ 24660][E][WiFiUdp.cpp:221] parsePacket(): could not receive data: 9
[ 24668][E][WiFiUdp.cpp:221] parsePacket(): could not receive data: 9
[ 24676][E][WiFiUdp.cpp:221] parsePacket(): could not receive data: 9
[ 24683][E][WiFiUdp.cpp:221] parsePacket(): could not receive data: 9
[ 24689][E][WiFiUdp.cpp:221] parsePacket(): could not receive data: 9
[ 24695][E][WiFiUdp.cpp:221] parsePacket(): could not receive data: 9
[ 24701][E][WiFiUdp.cpp:221] parsePacket(): could not receive data: 9
[ 24706][E][WiFiUdp.cpp:221] parsePacket(): could not receive data: 9
[ 24713][E][WiFiUdp.cpp:221] parsePacket(): could not receive data: 9
[ 24719][E][WiFiUdp.cpp:221] parsePacket(): could not receive data: 9
[ 24725][E][WiFiUdp.cpp:221] parsePacket(): could not receive data: 9
[ 24731][E][WiFiUdp.cpp:221] parsePacket(): could not receive data: 9
[ 24737][E][WiFiUdp.cpp:221] parsePacket(): could not receive data: 9
[ 24743][E][WiFiUdp.cpp:221] parsePacket(): could not receive data: 9
[ 24750][E][WiFiUdp.cpp:221] parsePacket(): could not receive data: 9
[ 24756][E][WiFiUdp.cpp:221] parsePacket(): could not receive data: 9
[ 24762][E][WiFiUdp.cpp:221] parsePacket(): could not receive data: 9
[ 24768][E][WiFiUdp.cpp:221] parsePacket(): could not receive data: 9
[ 24774][E][WiFiUdp.cpp:221] parsePacket(): could not receive data: 9
[ 24780][E][WiFiUdp.cpp:221] parsePacket(): could not receive data: 9
[ 24788][E][WiFiUdp.cpp:221] parsePacket(): could not receive data: 9
[ 24795][E][WiFiUdp.cpp:221] parsePacket(): could not receive data: 9
[ 24801][E][WiFiUdp.cpp:221] parsePacket(): could not receive data: 9
[ 24807][E][WiFiUdp.cpp:221] parsePacket(): could not receive data: 9
[ 24813][E][WiFiUdp.cpp:221] parsePacket(): could not receive data: 9
[ 24819][E][WiFiUdp.cpp:221] parsePacket(): could not receive data: 9
[ 24825][E][WiFiUdp.cpp:221] parsePacket(): could not receive data: 9
[ 24831][E][WiFiUdp.cpp:221] parsePacket(): could not receive data: 9
[ 24837][E][WiFiUdp.cpp:221] parsePacket(): could not receive data: 9
[ 24843][E][WiFiUdp.cpp:221] parsePacket(): could not receive data: 9
[ 24849][E][WiFiUdp.cpp:221] parsePacket(): could not receive data: 9
[ 24855][E][WiFiUdp.cpp:221] parsePacket(): could not receive data: 9
[ 24861][E][WiFiUdp.cpp:221] parsePacket(): could not receive data: 9
[ 24866][E][WiFiUdp.cpp:221] parsePacket(): could not receive data: 9
[ 24872][E][WiFiUdp.cpp:221] parsePacket(): could not receive data: 9
[ 24878][E][WiFiUdp.cpp:221] parsePacket(): could not receive data: 9
[ 24883][E][WiFiUdp.cpp:221] parsePacket(): could not receive data: 9
[ 24888][E][WiFiUdp.cpp:221] parsePacket(): could not receive data: 9
[ 24893][E][WiFiUdp.cpp:221] parsePacket(): could not receive data: 9
[ 24898][E][WiFiUdp.cpp:221] parsePacket(): could not receive data: 9
[ 24903][E][WiFiUdp.cpp:221] parsePacket(): could not receive data: 9
[ 24908][E][WiFiUdp.cpp:221] parsePacket(): could not receive data: 9
[ 24913][E][WiFiUdp.cpp:221] parsePacket(): could not receive data: 9
[ 24918][E][WiFiUdp.cpp:221] parsePacket(): could not receive data: 9
[ 24923][E][WiFiUdp.cpp:221] parsePacket(): could not receive data: 9
[ 24928][E][WiFiUdp.cpp:221] parsePacket(): could not receive data: 9
[ 24933][E][WiFiUdp.cpp:221] parsePacket(): could not receive data: 9
[ 24938][E][WiFiUdp.cpp:221] parsePacket(): could not receive data: 9
[ 24943][E][WiFiUdp.cpp:221] parsePacket(): could not receive data: 9
[ 24950][E][WiFiUdp.cpp:221] parsePacket(): could not receive data: 9
[ 24956][E][WiFiUdp.cpp:221] parsePacket(): could not receive data: 9
[ 24962][E][WiFiUdp.cpp:221] parsePacket(): could not receive data: 9
[ 24968][E][WiFiUdp.cpp:221] parsePacket(): could not receive data: 9
[ 24974][E][WiFiUdp.cpp:221] parsePacket(): could not receive data: 9
[ 24980][E][WiFiUdp.cpp:221] parsePacket(): could not receive data: 9
[ 24986][E][WiFiUdp.cpp:221] parsePacket(): could not receive data: 9
[ 24994][E][WiFiUdp.cpp:221] parsePacket(): could not receive data: 9
[ 25001][E][WiFiUdp.cpp:221] parsePacket(): could not receive data: 9
[ 25009][E][WiFiUdp.cpp:221] parsePacket(): could not receive data: 9
[ 25017][E][WiFiUdp.cpp:221] parsePacket(): could not receive data: 9
[ 25024][E][WiFiUdp.cpp:221] parsePacket(): could not receive data: 9
[ 25031][E][WiFiUdp.cpp:221] parsePacket(): could not receive data: 9
[ 25037][E][WiFiUdp.cpp:221] parsePacket(): could not receive data: 9
[ 25042][E][WiFiUdp.cpp:221] parsePacket(): could not receive data: 9
[ 25049][E][WiFiUdp.cpp:221] parsePacket(): could not receive data: 9
[ 25054][E][WiFiUdp.cpp:221] parsePacket(): could not receive data: 9
[ 25059][E][WiFiUdp.cpp:221] parsePacket(): could not receive data: 9
[ 25066][E][WiFiUdp.cpp:221] parsePacket(): could not receive data: 9
[ 25072][E][WiFiUdp.cpp:221] parsePacket(): could not receive data: 9
[ 25078][E][WiFiUdp.cpp:221] parsePacket(): could not receive data: 9
[ 25084][E][WiFiUdp.cpp:221] parsePacket(): could not receive data: 9
[ 25090][E][WiFiUdp.cpp:221] parsePacket(): could not receive data: 9
[ 25096][E][WiFiUdp.cpp:221] parsePacket(): could not receive data: 9
[ 25102][E][WiFiUdp.cpp:221] parsePacket(): could not receive data: 9
[ 25108][E][WiFiUdp.cpp:221] parsePacket(): could not receive data: 9
[ 25114][E][WiFiUdp.cpp:221] parsePacket(): could not receive data: 9
[ 25121][E][WiFiUdp.cpp:221] parsePacket(): could not receive data: 9
[ 25127][E][WiFiUdp.cpp:221] parsePacket(): could not receive data: 9
[ 25132][E][WiFiUdp.cpp:221] parsePacket(): could not receive data: 9
[ 25137][E][WiFiUdp.cpp:221] parsePacket(): could not receive data: 9
[ 25144][E][WiFiUdp.cpp:221] parsePacket(): could not receive data: 9
[ 25152][E][WiFiUdp.cpp:221] parsePacket(): could not receive data: 9
[ 25159][E][WiFiUdp.cpp:221] parsePacket(): could not receive data: 9
[ 25165][E][WiFiUdp.cpp:221] parsePacket(): could not receive data: 9
[ 25172][E][WiFiUdp.cpp:221] parsePacket(): could not receive data: 9
[ 25178][E][WiFiUdp.cpp:221] parsePacket(): could not receive data: 9
[ 25184][E][WiFiUdp.cpp:221] parsePacket(): could not receive data: 9
[ 25190][E][WiFiUdp.cpp:221] parsePacket(): could not receive data: 9
[ 25197][E][WiFiUdp.cpp:221] parsePacket(): could not receive data: 9
[ 25203][E][WiFiUdp.cpp:221] parsePacket(): could not receive data: 9
[ 25209][E][WiFiUdp.cpp:221] parsePacket(): could not receive data: 9
[ 25215][E][WiFiUdp.cpp:221] parsePacket(): could not receive data: 9
[ 25223][E][WiFiUdp.cpp:221] parsePacket(): could not receive data: 9
[ 25229][E][WiFiUdp.cpp:221] parsePacket(): could not receive data: 9
[ 25236][E][WiFiUdp.cpp:221] parsePacket(): could not receive data: 9
[ 25243][E][WiFiUdp.cpp:221] parsePacket(): could not receive data: 9
[ 25248][E][WiFiUdp.cpp:221] parsePacket(): could not receive data: 9
[ 25254][E][WiFiUdp.cpp:221] parsePacket(): could not receive data: 9
[ 25260][E][WiFiUdp.cpp:221] parsePacket(): could not receive data: 9
[ 25267][E][WiFiUdp.cpp:221] parsePacket(): could not receive data: 9
[ 25274][E][WiFiUdp.cpp:221] parsePacket(): could not receive data: 9
[ 25281][E][WiFiUdp.cpp:221] parsePacket(): could not receive data: 9
[ 25288][E][WiFiUdp.cpp:221] parsePacket(): could not receive data: 9
[ 25295][E][WiFiUdp.cpp:221] parsePacket(): could not receive data: 9
[ 25303][E][WiFiUdp.cpp:221] parsePacket(): could not receive data: 9
[ 25310][E][WiFiUdp.cpp:221] parsePacket(): could not receive data: 9
[ 25317][E][WiFiUdp.cpp:221] parsePacket(): could not receive data: 9
[ 25323][E][WiFiUdp.cpp:221] parsePacket(): could not receive data: 9
[ 25329][E][WiFiUdp.cpp:221] parsePacket(): could not receive data: 9
[ 25335][E][WiFiUdp.cpp:221] parsePacket(): could not receive data: 9
[ 25343][E][WiFiUdp.cpp:221] parsePacket(): could not receive data: 9
[ 25350][E][WiFiUdp.cpp:221] parsePacket(): could not receive data: 9
[ 25357][E][WiFiUdp.cpp:221] parsePacket(): could not receive data: 9
[ 25363][E][WiFiUdp.cpp:221] parsePacket(): could not receive data: 9
[ 25370][E][WiFiUdp.cpp:221] parsePacket(): could not receive data: 9
[ 25376][E][WiFiUdp.cpp:221] parsePacket(): could not receive data: 9
[ 25382][E][WiFiUdp.cpp:221] parsePacket(): could not receive data: 9
[ 25388][E][WiFiUdp.cpp:221] parsePacket(): could not receive data: 9
[ 25394][E][WiFiUdp.cpp:221] parsePacket(): could not receive data: 9
[ 25400][E][WiFiUdp.cpp:221] parsePacket(): could not receive data: 9
[ 25405][E][WiFiUdp.cpp:221] parsePacket(): could not receive data: 9
[ 25411][E][WiFiUdp.cpp:221] parsePacket(): could not receive data: 9
[ 25416][E][WiFiUdp.cpp:221] parsePacket(): could not receive data: 9
[ 25423][E][WiFiUdp.cpp:221] parsePacket(): could not receive data: 9
[ 25429][E][WiFiUdp.cpp:221] parsePacket(): could not receive data: 9
[ 25435][E][WiFiUdp.cpp:221] parsePacket(): could not receive data: 9
[ 25441][E][WiFiUdp.cpp:221] parsePacket(): could not receive data: 9
[ 25447][E][WiFiUdp.cpp:221] parsePacket(): could not receive data: 9
[ 25452][E][WiFiUdp.cpp:221] parsePacket(): could not receive data: 9
[ 25458][E][WiFiUdp.cpp:221] parsePacket(): could not receive data: 9
[ 25464][E][WiFiUdp.cpp:221] parsePacket(): could not receive data: 9
[ 25471][E][WiFiUdp.cpp:221] parsePacket(): could not receive data: 9
[ 25477][E][WiFiUdp.cpp:221] parsePacket(): could not receive data: 9
[ 25482][E][WiFiUdp.cpp:221] parsePacket(): could not receive data: 9
[ 25487][E][WiFiUdp.cpp:221] parsePacket(): could not receive data: 9
[ 25492][E][WiFiUdp.cpp:221] parsePacket(): could not receive data: 9
[ 25497][E][WiFiUdp.cpp:221] parsePacket(): could not receive data: 9
[ 25502][E][WiFiUdp.cpp:221] parsePacket(): could not receive data: 9
[ 25507][E][WiFiUdp.cpp:221] parsePacket(): could not receive data: 9
[ 25513][E][WiFiUdp.cpp:221] parsePacket(): could not receive data: 9
[ 25518][E][WiFiUdp.cpp:221] parsePacket(): could not receive data: 9
[ 25523][E][WiFiUdp.cpp:221] parsePacket(): could not receive data: 9
[ 25528][E][WiFiUdp.cpp:221] parsePacket(): could not receive data: 9
[ 25534][E][WiFiUdp.cpp:221] parsePacket(): could not receive data: 9
[ 25541][E][WiFiUdp.cpp:221] parsePacket(): could not receive data: 9
[ 25548][E][WiFiUdp.cpp:221] parsePacket(): could not receive data: 9
[ 25553][E][WiFiUdp.cpp:221] parsePacket(): could not receive data: 9
[ 25560][E][WiFiUdp.cpp:221] parsePacket(): could not receive data: 9
[ 25566][E][WiFiUdp.cpp:221] parsePacket(): could not receive data: 9
[ 25574][E][WiFiUdp.cpp:221] parsePacket(): could not receive data: 9
[ 25582][E][WiFiUdp.cpp:221] parsePacket(): could not receive data: 9
[ 25588][E][WiFiUdp.cpp:221] parsePacket(): could not receive data: 9
[ 25594][E][WiFiUdp.cpp:221] parsePacket(): could not receive data: 9
[ 25600][E][WiFiUdp.cpp:221] parsePacket(): could not receive data: 9
[ 25606][E][WiFiUdp.cpp:221] parsePacket(): could not receive data: 9
[ 25612][E][WiFiUdp.cpp:221] parsePacket(): could not receive data: 9
[ 25618][E][WiFiUdp.cpp:221] parsePacket(): could not receive data: 9
[ 25624][E][WiFiUdp.cpp:221] parsePacket(): could not receive data: 9
[ 25630][E][WiFiUdp.cpp:221] parsePacket(): could not receive data: 9
[ 25636][E][WiFiUdp.cpp:221] parsePacket(): could not receive data: 9
[ 25642][E][WiFiUdp.cpp:221] parsePacket(): could not receive data: 9
[ 25647][E][WiFiUdp.cpp:221] parsePacket(): could not receive data: 9
[ 25653][E][WiFiUdp.cpp:221] parsePacket(): could not receive data: 9
[ 25659][E][WiFiUdp.cpp:221] parsePacket(): could not receive data: 9
[ 25665][E][WiFiUdp.cpp:221] parsePacket(): could not receive data: 9
[ 25672][E][WiFiUdp.cpp:221] parsePacket(): could not receive data: 9
[ 25680][E][WiFiUdp.cpp:221] parsePacket(): could not receive data: 9
[ 25688][E][WiFiUdp.cpp:221] parsePacket(): could not receive data: 9
[ 25695][E][WiFiUdp.cpp:221] parsePacket(): could not receive data: 9
[ 25703][E][WiFiUdp.cpp:221] parsePacket(): could not receive data: 9
[ 25710][E][WiFiUdp.cpp:221] parsePacket(): could not receive data: 9
[ 25716][E][WiFiUdp.cpp:221] parsePacket(): could not receive data: 9
[ 25724][E][WiFiUdp.cpp:221] parsePacket(): could not receive data: 9
[ 25731][E][WiFiUdp.cpp:221] parsePacket(): could not receive data: 9
[ 25737][E][WiFiUdp.cpp:221] parsePacket(): could not receive data: 9
[ 25743][E][WiFiUdp.cpp:221] parsePacket(): could not receive data: 9
[ 25749][E][WiFiUdp.cpp:221] parsePacket(): could not receive data: 9
[ 25755][E][WiFiUdp.cpp:221] parsePacket(): could not receive data: 9
[ 25761][E][WiFiUdp.cpp:221] parsePacket(): could not receive data: 9
[ 25768][E][WiFiUdp.cpp:221] parsePacket(): could not receive data: 9
[ 25774][E][WiFiUdp.cpp:221] parsePacket(): could not receive data: 9
[ 25782][E][WiFiUdp.cpp:221] parsePacket(): could not receive data: 9
[ 25790][E][WiFiUdp.cpp:221] parsePacket(): could not receive data: 9
[ 25797][E][WiFiUdp.cpp:221] parsePacket(): could not receive data: 9
[ 25804][E][WiFiUdp.cpp:221] parsePacket(): could not receive data: 9
[ 25811][E][WiFiUdp.cpp:221] parsePacket(): could not receive data: 9
[ 25817][E][WiFiUdp.cpp:221] parsePacket(): could not receive data: 9
[ 25824][E][WiFiUdp.cpp:221] parsePacket(): could not receive data: 9
[ 25831][E][WiFiUdp.cpp:221] parsePacket(): could not receive data: 9
[ 25838][E][WiFiUdp.cpp:221] parsePacket(): could not receive data: 9
[ 25844][E][WiFiUdp.cpp:221] parsePacket(): could not receive data: 9
[ 25850][E][WiFiUdp.cpp:221] parsePacket(): could not receive data: 9
[ 25856][E][WiFiUdp.cpp:221] parsePacket(): could not receive data: 9
[ 25862][E][WiFiUdp.cpp:221] parsePacket(): could not receive data: 9
[ 25869][E][WiFiUdp.cpp:221] parsePacket(): could not receive data: 9
[ 25875][E][WiFiUdp.cpp:221] parsePacket(): could not receive data: 9
[ 25881][E][WiFiUdp.cpp:221] parsePacket(): could not receive data: 9
[ 25889][E][WiFiUdp.cpp:221] parsePacket(): could not receive data: 9
[ 25897][E][WiFiUdp.cpp:221] parsePacket(): could not receive data: 9
[ 25904][E][WiFiUdp.cpp:221] parsePacket(): could not receive data: 9
[ 25910][E][WiFiUdp.cpp:221] parsePacket(): could not receive data: 9
[ 25916][E][WiFiUdp.cpp:221] parsePacket(): could not receive data: 9
[ 25922][E][WiFiUdp.cpp:221] parsePacket(): could not receive data: 9
[ 25928][E][WiFiUdp.cpp:221] parsePacket(): could not receive data: 9
[ 25934][E][WiFiUdp.cpp:221] parsePacket(): could not receive data: 9
[ 25941][E][WiFiUdp.cpp:221] parsePacket(): could not receive data: 9
[ 25947][E][WiFiUdp.cpp:221] parsePacket(): could not receive data: 9
[ 25953][E][WiFiUdp.cpp:221] parsePacket(): could not receive data: 9
[ 25959][E][WiFiUdp.cpp:221] parsePacket(): could not receive data: 9
[ 25966][E][WiFiUdp.cpp:221] parsePacket(): could not receive data: 9
[ 25973][E][WiFiUdp.cpp:221] parsePacket(): could not receive data: 9
[ 25980][E][WiFiUdp.cpp:221] parsePacket(): could not receive data: 9
[ 25986][E][WiFiUdp.cpp:221] parsePacket(): could not receive data: 9
[ 25991][E][WiFiUdp.cpp:221] parsePacket(): could not receive data: 9
[ 25996][E][WiFiUdp.cpp:221] parsePacket(): could not receive data: 9
[ 26003][E][WiFiUdp.cpp:221] parsePacket(): could not receive data: 9
[ 26008][E][WiFiUdp.cpp:221] parsePacket(): could not receive data: 9
[ 26014][E][WiFiUdp.cpp:221] parsePacket(): could not receive data: 9
[ 26019][E][WiFiUdp.cpp:221] parsePacket(): could not receive data: 9
[ 26024][E][WiFiUdp.cpp:221] parsePacket(): could not receive data: 9
[ 26031][E][WiFiUdp.cpp:221] parsePacket(): could not receive data: 9
[ 26036][E][WiFiUdp.cpp:221] parsePacket(): could not receive data: 9
[ 26042][E][WiFiUdp.cpp:221] parsePacket(): could not receive data: 9
[ 26048][E][WiFiUdp.cpp:221] parsePacket(): could not receive data: 9
[ 26053][E][WiFiUdp.cpp:221] parsePacket(): could not receive data: 9
[ 26059][E][WiFiUdp.cpp:221] parsePacket(): could not receive data: 9
[ 26065][E][WiFiUdp.cpp:221] parsePacket(): could not receive data: 9
[ 26070][E][WiFiUdp.cpp:221] parsePacket(): could not receive data: 9
[ 26076][E][WiFiUdp.cpp:221] parsePacket(): could not receive data: 9
[ 26081][E][WiFiUdp.cpp:221] parsePacket(): could not receive data: 9
[ 26086][E][WiFiUdp.cpp:221] parsePacket(): could not receive data: 9
[ 26091][E][WiFiUdp.cpp:221] parsePacket(): could not receive data: 9
[ 26096][E][WiFiUdp.cpp:221] parsePacket(): could not receive data: 9
[ 26101][E][WiFiUdp.cpp:221] parsePacket(): could not receive data: 9
[ 26106][E][WiFiUdp.cpp:221] parsePacket(): could not receive data: 9
[ 26113][E][WiFiUdp.cpp:221] parsePacket(): could not receive data: 9
[ 26118][E][WiFiUdp.cpp:221] parsePacket(): could not receive data: 9
[ 26124][E][WiFiUdp.cpp:221] parsePacket(): could not receive data: 9
[ 26129][E][WiFiUdp.cpp:221] parsePacket(): could not receive data: 9
[ 26134][E][WiFiUdp.cpp:221] parsePacket(): could not receive data: 9
[ 26139][E][WiFiUdp.cpp:221] parsePacket(): could not receive data: 9
[ 26144][E][WiFiUdp.cpp:221] parsePacket(): could not receive data: 9
[ 26150][E][WiFiUdp.cpp:221] parsePacket(): could not receive data: 9
[ 26157][E][WiFiUdp.cpp:221] parsePacket(): could not receive data: 9
[ 26163][E][WiFiUdp.cpp:221] parsePacket(): could not receive data: 9
[ 26169][E][WiFiUdp.cpp:221] parsePacket(): could not receive data: 9
[ 26175][E][WiFiUdp.cpp:221] parsePacket(): could not receive data: 9
[ 26180][E][WiFiUdp.cpp:221] parsePacket(): could not receive data: 9
[ 26186][E][WiFiUdp.cpp:221] parsePacket(): could not receive data: 9
[ 26193][E][WiFiUdp.cpp:221] parsePacket(): could not receive data: 9
[ 26198][E][WiFiUdp.cpp:221] parsePacket(): could not receive data: 9
[ 26204][E][WiFiUdp.cpp:221] parsePacket(): could not receive data: 9
[ 26210][E][WiFiUdp.cpp:221] parsePacket(): could not receive data: 9
[ 26215][E][WiFiUdp.cpp:221] parsePacket(): could not receive data: 9
[ 26220][E][WiFiUdp.cpp:221] parsePacket(): could not receive data: 9
[ 26225][E][WiFiUdp.cpp:221] parsePacket(): could not receive data: 9
[ 26231][E][WiFiUdp.cpp:221] parsePacket(): could not receive data: 9
[ 26236][E][WiFiUdp.cpp:221] parsePacket(): could not receive data: 9
[ 26241][E][WiFiUdp.cpp:221] parsePacket(): could not receive data: 9
[ 26246][E][WiFiUdp.cpp:221] parsePacket(): could not receive data: 9
[ 26251][E][WiFiUdp.cpp:221] parsePacket(): could not receive data: 9
[ 26257][E][WiFiUdp.cpp:221] parsePacket(): could not receive data: 9
[ 26263][E][WiFiUdp.cpp:221] parsePacket(): could not receive data: 9
[ 26268][E][WiFiUdp.cpp:221] parsePacket(): could not receive data: 9
[ 26273][E][WiFiUdp.cpp:221] parsePacket(): could not receive data: 9
[ 26278][E][WiFiUdp.cpp:221] parsePacket(): could not receive data: 9
[ 26283][E][WiFiUdp.cpp:221] parsePacket(): could not receive data: 9
[ 26288][E][WiFiUdp.cpp:221] parsePacket(): could not receive data: 9
[ 26294][E][WiFiUdp.cpp:221] parsePacket(): could not receive data: 9
[ 26300][E][WiFiUdp.cpp:221] parsePacket(): could not receive data: 9
[ 26306][E][WiFiUdp.cpp:221] parsePacket(): could not receive data: 9
[ 26312][E][WiFiUdp.cpp:221] parsePacket(): could not receive data: 9
[ 26318][E][WiFiUdp.cpp:221] parsePacket(): could not receive data: 9
[ 26324][E][WiFiUdp.cpp:221] parsePacket(): could not receive data: 9
[ 26330][E][WiFiUdp.cpp:221] parsePacket(): could not receive data: 9
[ 26336][E][WiFiUdp.cpp:221] parsePacket(): could not receive data: 9
[ 26342][E][WiFiUdp.cpp:221] parsePacket(): could not receive data: 9
[ 26348][E][WiFiUdp.cpp:221] parsePacket(): could not receive data: 9
[ 26354][E][WiFiUdp.cpp:221] parsePacket(): could not receive data: 9
[ 26360][E][WiFiUdp.cpp:221] parsePacket(): could not receive data: 9
[ 26366][E][WiFiUdp.cpp:221] parsePacket(): could not receive data: 9
[ 26372][E][WiFiUdp.cpp:221] parsePacket(): could not receive data: 9
[ 26379][E][WiFiUdp.cpp:221] parsePacket(): could not receive data: 9
[ 26385][E][WiFiUdp.cpp:221] parsePacket(): could not receive data: 9
[ 26392][E][WiFiUdp.cpp:221] parsePacket(): could not receive data: 9
[ 26401][E][WiFiUdp.cpp:221] parsePacket(): could not receive data: 9
[ 26409][E][WiFiUdp.cpp:221] parsePacket(): could not receive data: 9
[ 26417][E][WiFiUdp.cpp:221] parsePacket(): could not receive data: 9
[ 26424][E][WiFiUdp.cpp:221] parsePacket(): could not receive data: 9
[ 26430][E][WiFiUdp.cpp:221] parsePacket(): could not receive data: 9
[ 26435][E][WiFiUdp.cpp:221] parsePacket(): could not receive data: 9
[ 26442][E][WiFiUdp.cpp:221] parsePacket(): could not receive data: 9
[ 26448][E][WiFiUdp.cpp:221] parsePacket(): could not receive data: 9
[ 26455][E][WiFiUdp.cpp:221] parsePacket(): could not receive data: 9
[ 26463][E][WiFiUdp.cpp:221] parsePacket(): could not receive data: 9
[ 26471][E][WiFiUdp.cpp:221] parsePacket(): could not receive data: 9
[ 26479][E][WiFiUdp.cpp:221] parsePacket(): could not receive data: 9
[ 26487][E][WiFiUdp.cpp:221] parsePacket(): could not receive data: 9
[ 26494][E][WiFiUdp.cpp:221] parsePacket(): could not receive data: 9
[ 26501][E][WiFiUdp.cpp:221] parsePacket(): could not receive data: 9
[ 26507][E][WiFiUdp.cpp:221] parsePacket(): could not receive data: 9
[ 26513][E][WiFiUdp.cpp:221] parsePacket(): could not receive data: 9
[ 26519][E][WiFiUdp.cpp:221] parsePacket(): could not receive data: 9
[ 26526][E][WiFiUdp.cpp:221] parsePacket(): could not receive data: 9
[ 26532][E][WiFiUdp.cpp:221] parsePacket(): could not receive data: 9
[ 26539][E][WiFiUdp.cpp:221] parsePacket(): could not receive data: 9
[ 26545][E][WiFiUdp.cpp:221] parsePacket(): could not receive data: 9
[ 26551][E][WiFiUdp.cpp:221] parsePacket(): could not receive data: 9
[ 26558][E][WiFiUdp.cpp:221] parsePacket(): could not receive data: 9
[ 26564][E][WiFiUdp.cpp:221] parsePacket(): could not receive data: 9
[ 26571][E][WiFiUdp.cpp:221] parsePacket(): could not receive data: 9
[ 26578][E][WiFiUdp.cpp:221] parsePacket(): could not receive data: 9
[ 26585][E][WiFiUdp.cpp:221] parsePacket(): could not receive data: 9
[ 26591][E][WiFiUdp.cpp:221] parsePacket(): could not receive data: 9
[ 26597][E][WiFiUdp.cpp:221] parsePacket(): could not receive data: 9
[ 26603][E][WiFiUdp.cpp:221] parsePacket(): could not receive data: 9
[ 26609][E][WiFiUdp.cpp:221] parsePacket(): could not receive data: 9
[ 26615][E][WiFiUdp.cpp:221] parsePacket(): could not receive data: 9
[ 26621][E][WiFiUdp.cpp:221] parsePacket(): could not receive data: 9
[ 26630][E][WiFiUdp.cpp:221] parsePacket(): could not receive data: 9
[ 26638][E][WiFiUdp.cpp:221] parsePacket(): could not receive data: 9
[ 26645][E][WiFiUdp.cpp:221] parsePacket(): could not receive data: 9
[ 26651][E][WiFiUdp.cpp:221] parsePacket(): could not receive data: 9
[ 26657][E][WiFiUdp.cpp:221] parsePacket(): could not receive data: 9
[ 26664][E][WiFiUdp.cpp:221] parsePacket(): could not receive data: 9
[ 26670][E][WiFiUdp.cpp:221] parsePacket(): could not receive data: 9
[ 26677][E][WiFiUdp.cpp:221] parsePacket(): could not receive data: 9
[ 26682][E][WiFiUdp.cpp:221] parsePacket(): could not receive data: 9
[ 26689][E][WiFiUdp.cpp:221] parsePacket(): could not receive data: 9
[ 26696][E][WiFiUdp.cpp:221] parsePacket(): could not receive data: 9
[ 26703][E][WiFiUdp.cpp:221] parsePacket(): could not receive data: 9
[ 26710][E][WiFiUdp.cpp:221] parsePacket(): could not receive data: 9
[ 26718][E][WiFiUdp.cpp:221] parsePacket(): could not receive data: 9
[ 26726][E][WiFiUdp.cpp:221] parsePacket(): could not receive data: 9
[ 26733][E][WiFiUdp.cpp:221] parsePacket(): could not receive data: 9
[ 26739][E][WiFiUdp.cpp:221] parsePacket(): could not receive data: 9
[ 26745][E][WiFiUdp.cpp:221] parsePacket(): could not receive data: 9
[ 26750][E][WiFiUdp.cpp:221] parsePacket(): could not receive data: 9
[ 26757][E][WiFiUdp.cpp:221] parsePacket(): could not receive data: 9
[ 26763][E][WiFiUdp.cpp:221] parsePacket(): could not receive data: 9
[ 26770][E][WiFiUdp.cpp:221] parsePacket(): could not receive data: 9
[ 26776][E][WiFiUdp.cpp:221] parsePacket(): could not receive data: 9
[ 26782][E][WiFiUdp.cpp:221] parsePacket(): could not receive data: 9
[ 26788][E][WiFiUdp.cpp:221] parsePacket(): could not receive data: 9
[ 26794][E][WiFiUdp.cpp:221] parsePacket(): could not receive data: 9
[ 26800][E][WiFiUdp.cpp:221] parsePacket(): could not receive data: 9
[ 26807][E][WiFiUdp.cpp:221] parsePacket(): could not receive data: 9
[ 26813][E][WiFiUdp.cpp:221] parsePacket(): could not receive data: 9
[ 26821][E][WiFiUdp.cpp:221] parsePacket(): could not receive data: 9
[ 26829][E][WiFiUdp.cpp:221] parsePacket(): could not receive data: 9
[ 26837][E][WiFiUdp.cpp:221] parsePacket(): could not receive data: 9
[ 26843][E][WiFiUdp.cpp:221] parsePacket(): could not receive data: 9
[ 26849][E][WiFiUdp.cpp:221] parsePacket(): could not receive data: 9
