ets Jul 29 2019 12:21:46

rst:0x1 (POWERON_RESET),boot:0x12 (SPI_FAST_FLASH_BOOT)
configsip: 0, SPIWP:0xee
clk_drv:0x00,q_drv:0x00,d_drv:0x00,cs0_drv:0x00,hd_drv:0x00,wp_drv:0x00
mode:DIO, clock div:2
load:0x3fff0030,len:1184
load:0x40078000,len:13232
load:0x40080400,len:3028
entry 0x400805e4


============
CLIENT SETUP
============
[BOOT] RESET_REASON=1 POWERON
[HEAP] 00:00:00 169368 164352 110580 (init)
[PSRM] 00:00:00 0
[EFUS]...Two Point: NOT supported
[EFUS]...Vref: NOT supported
[INIT]...initMheard
[INIT]...init_flash
[  2163][E][Preferences.cpp:483] getString(): nvs_get_str len fail: node_call NOT_FOUND
[  2167][E][Preferences.cpp:483] getString(): nvs_get_str len fail: node_short NOT_FOUND
[  2168][E][Preferences.cpp:503] getBytesLength(): nvs_get_blob len fail: node_lat NOT_FOUND
[  2168][E][Preferences.cpp:503] getBytesLength(): nvs_get_blob len fail: node_lon NOT_FOUND
[  2169][E][Preferences.cpp:503] getBytesLength(): nvs_get_blob len fail: node_temp NOT_FOUND
[  2169][E][Preferences.cpp:503] getBytesLength(): nvs_get_blob len fail: node_hum NOT_FOUND
[  2169][E][Preferences.cpp:503] getBytesLength(): nvs_get_blob len fail: node_press NOT_FOUND
[  2169][E][Preferences.cpp:483] getString(): nvs_get_str len fail: node_ssid NOT_FOUND
[  2170][E][Preferences.cpp:483] getString(): nvs_get_str len fail: node_pwd NOT_FOUND
[  2170][E][Preferences.cpp:503] getBytesLength(): nvs_get_blob len fail: node_maxv NOT_FOUND
[  2170][E][Preferences.cpp:483] getString(): nvs_get_str len fail: node_extern NOT_FOUND
[  2170][E][Preferences.cpp:503] getBytesLength(): nvs_get_blob len fail: node_freq NOT_FOUND
[  2171][E][Preferences.cpp:503] getBytesLength(): nvs_get_blob len fail: node_bw NOT_FOUND
[  2171][E][Preferences.cpp:483] getString(): nvs_get_str len fail: node_atxt NOT_FOUND
[  2171][E][Preferences.cpp:503] getBytesLength(): nvs_get_blob len fail: node_temp2 NOT_FOUND
[  2172][E][Preferences.cpp:503] getBytesLength(): nvs_get_blob len fail: node_utcof NOT_FOUND
[  2172][E][Preferences.cpp:503] getBytesLength(): nvs_get_blob len fail: node_gas NOT_FOUND
[  2172][E][Preferences.cpp:503] getBytesLength(): nvs_get_blob len fail: node_co2 NOT_FOUND
[  2172][E][Preferences.cpp:483] getString(): nvs_get_str len fail: node_mcp170 NOT_FOUND
[  2173][E][Preferences.cpp:483] getString(): nvs_get_str len fail: node_mcp171 NOT_FOUND
[  2173][E][Preferences.cpp:483] getString(): nvs_get_str len fail: node_mcp172 NOT_FOUND
[  2173][E][Preferences.cpp:483] getString(): nvs_get_str len fail: node_mcp173 NOT_FOUND
[  2173][E][Preferences.cpp:483] getString(): nvs_get_str len fail: node_mcp174 NOT_FOUND
[  2174][E][Preferences.cpp:483] getString(): nvs_get_str len fail: node_mcp175 NOT_FOUND
[  2174][E][Preferences.cpp:483] getString(): nvs_get_str len fail: node_mcp176 NOT_FOUND
[  2174][E][Preferences.cpp:483] getString(): nvs_get_str len fail: node_mcp177 NOT_FOUND
[  2175][E][Preferences.cpp:483] getString(): nvs_get_str len fail: node_mcp178 NOT_FOUND
[  2175][E][Preferences.cpp:483] getString(): nvs_get_str len fail: node_mcp179 NOT_FOUND
[  2175][E][Preferences.cpp:483] getString(): nvs_get_str len fail: node_mcp1710 NOT_FOUND
[  2176][E][Preferences.cpp:483] getString(): nvs_get_str len fail: node_mcp1711 NOT_FOUND
[  2177][E][Preferences.cpp:483] getString(): nvs_get_str len fail: node_mcp1712 NOT_FOUND
[  2177][E][Preferences.cpp:483] getString(): nvs_get_str len fail: node_mcp1713 NOT_FOUND
[  2177][E][Preferences.cpp:483] getString(): nvs_get_str len fail: node_mcp1714 NOT_FOUND
[  2178][E][Preferences.cpp:483] getString(): nvs_get_str len fail: node_mcp1715 NOT_FOUND
[  2180][E][Preferences.cpp:503] getBytesLength(): nvs_get_blob len fail: node_track NOT_FOUND
[  2184][E][Preferences.cpp:483] getString(): nvs_get_str len fail: node_passwd NOT_FOUND
[  2185][E][Preferences.cpp:483] getString(): nvs_get_str len fail: node_ownip NOT_FOUND
[  2185][E][Preferences.cpp:483] getString(): nvs_get_str len fail: node_owngw NOT_FOUND
[  2185][E][Preferences.cpp:483] getString(): nvs_get_str len fail: node_ownms NOT_FOUND
[  2186][E][Preferences.cpp:483] getString(): nvs_get_str len fail: node_name NOT_FOUND
[  2186][E][Preferences.cpp:483] getString(): nvs_get_str len fail: node_webpwd NOT_FOUND
[  2186][E][Preferences.cpp:483] getString(): nvs_get_str len fail: node_lssid NOT_FOUND
[  2187][E][Preferences.cpp:483] getString(): nvs_get_str len fail: node_lpwd NOT_FOUND
[  2187][E][Preferences.cpp:503] getBytesLength(): nvs_get_blob len fail: node_afakt NOT_FOUND
[  2187][E][Preferences.cpp:483] getString(): nvs_get_str len fail: node_parm NOT_FOUND
[  2187][E][Preferences.cpp:483] getString(): nvs_get_str len fail: node_unit NOT_FOUND
[  2188][E][Preferences.cpp:483] getString(): nvs_get_str len fail: node_format NOT_FOUND
[  2188][E][Preferences.cpp:483] getString(): nvs_get_str len fail: node_eqns NOT_FOUND
[  2188][E][Preferences.cpp:483] getString(): nvs_get_str len fail: node_values NOT_FOUND
[  2189][E][Preferences.cpp:503] getBytesLength(): nvs_get_blob len fail: node_spstart NOT_FOUND
[  2189][E][Preferences.cpp:503] getBytesLength(): nvs_get_blob len fail: node_spend NOT_FOUND
[  2189][E][Preferences.cpp:503] getBytesLength(): nvs_get_blob len fail: node_spstep NOT_FOUND
[  2189][E][Preferences.cpp:503] getBytesLength(): nvs_get_blob len fail: node_bfakt NOT_FOUND
[  2190][E][Preferences.cpp:483] getString(): nvs_get_str len fail: node_ucall NOT_FOUND
[  2190][E][Preferences.cpp:503] getBytesLength(): nvs_get_blob len fail: node_aak NOT_FOUND
[  2190][E][Preferences.cpp:503] getBytesLength(): nvs_get_blob len fail: node_aslo NOT_FOUND
[  2191][E][Preferences.cpp:503] getBytesLength(): nvs_get_blob len fail: node_aoff NOT_FOUND
[  2191][E][Preferences.cpp:503] getBytesLength(): nvs_get_blob len fail: node_atten NOT_FOUND
[  2191][E][Preferences.cpp:483] getString(): nvs_get_str len fail: node_gwsrv NOT_FOUND
[  2191][E][Preferences.cpp:503] getBytesLength(): nvs_get_blob len fail: node_tmpiof NOT_FOUND
[  2192][E][Preferences.cpp:503] getBytesLength(): nvs_get_blob len fail: node_tmpoof NOT_FOUND
[  2192][E][Preferences.cpp:503] getBytesLength(): nvs_get_blob len fail: node_shunt NOT_FOUND
[  2192][E][Preferences.cpp:503] getBytesLength(): nvs_get_blob len fail: node_imax NOT_FOUND
[  2192][E][Preferences.cpp:483] getString(): nvs_get_str len fail: node_owndns NOT_FOUND
[  2193][E][Preferences.cpp:483] getString(): nvs_get_str len fail: node_ownntp NOT_FOUND
[  2193][E][Preferences.cpp:483] getString(): nvs_get_str len fail: node_fwversion NOT_FOUND
[  2194][E][Preferences.cpp:483] getString(): nvs_get_str len fail: node_via NOT_FOUND
[  2194][E][Preferences.cpp:483] getString(): nvs_get_str len fail: node_aprsmc NOT_FOUND
[  2194][E][Preferences.cpp:483] getString(): nvs_get_str len fail: node_pingcall NOT_FOUND
[INIT]...build Sep 26 2026 / 22:38:58
[INIT]...FLASH cleared, Settings-Layout 0 -> 20260724
[INIT]...FLASH #entries 628 bevor clear
[INIT]...FLASH #entries 628 after clear
[TIME]...Loaded time persistence: saved_time=0, mheard_time=0, msg_time=0
[INIT]...WIFIAP starting...
[INIT]...WEBServer starting...
[QEMU]...headless defaults: web+console ON, wifiAP/gateway/extudp OFF
[QEMU]...virtual GPS enabled (bGPSON=true); NMEA expected on UART1
[INIT].._GW_ID: 00000000
[INIT]...Initialize clock: ok
[LoRa]...SX1268 chip Initializing ... success
[EXTRADIO] enabled, bridge 10.0.2.2:7000, auth=password
[LoRa]...All settings successfully changed
[BLE ]...Device started with BLE-Name <MC-0000-XX0XXX-00>
[QEMU]...BLE/NimBLE disabled (no backend in QEMU); BLE init skipped
[BLE ]...Waiting a client connection to notify...
==============
CLIENT STARTED
[TEST] custom shortname CUST5 saved
==============
[QEMU]...starting OpenETH (esp_eth_start)
[WIFI]...no connection possible
[QEMU]...OpenETH driver started
[QEMU]...OpenETH link connected
[QEMU]...dhcpc_start -> 0x5004 (0=started, 0x5004=already-running)
[GPS ]...QEMU virtual GPS on UART1 (synthetic RX=16 TX=17 @ 9600 baud; no hardware)
[QEMU]...OpenETH GOT_IP ip=10.0.2.15 mask=255.255.255.0 gw=10.0.2.5
[GPS ]...QEMU NMEA presence: 0 chars -> no data yet
[QEMU]...OpenETH connect OK
[WIFI];link;down;sta;0;status;255;down_s;0;last_reason;0;got_ip_n;0;ip;1;ms;17039
[CON ]...HMAC console init.
[CON ]...Console started on port 2323
[BOOT];ready;ms;17061;ip;1
TimeClient no update possible --> CPU-Mode
[ 17063][E][WiFiUdp.cpp:221] parsePacket(): could not receive data: 9
[ 17071][E][WiFiUdp.cpp:221] parsePacket(): could not receive data: 9
[ 17079][E][WiFiUdp.cpp:221] parsePacket(): could not receive data: 9
[ 17084][E][WiFiUdp.cpp:221] parsePacket(): could not receive data: 9
[ 17089][E][WiFiUdp.cpp:221] parsePacket(): could not receive data: 9
[ 17094][E][WiFiUdp.cpp:221] parsePacket(): could not receive data: 9
[ 17099][E][WiFiUdp.cpp:221] parsePacket(): could not receive data: 9
[ 17104][E][WiFiUdp.cpp:221] parsePacket(): could not receive data: 9
[ 17109][E][WiFiUdp.cpp:221] parsePacket(): could not receive data: 9
[ 17114][E][WiFiUdp.cpp:221] parsePacket(): could not receive data: 9
[ 17119][E][WiFiUdp.cpp:221] parsePacket(): could not receive data: 9
[ 17124][E][WiFiUdp.cpp:221] parsePacket(): could not receive data: 9
[ 17129][E][WiFiUdp.cpp:221] parsePacket(): could not receive data: 9
[ 17134][E][WiFiUdp.cpp:221] parsePacket(): could not receive data: 9
[ 17139][E][WiFiUdp.cpp:221] parsePacket(): could not receive data: 9
[ 17144][E][WiFiUdp.cpp:221] parsePacket(): could not receive data: 9
[ 17149][E][WiFiUdp.cpp:221] parsePacket(): could not receive data: 9
[ 17154][E][WiFiUdp.cpp:221] parsePacket(): could not receive data: 9
[ 17159][E][WiFiUdp.cpp:221] parsePacket(): could not receive data: 9
[ 17164][E][WiFiUdp.cpp:221] parsePacket(): could not receive data: 9
[ 17169][E][WiFiUdp.cpp:221] parsePacket(): could not receive data: 9
[ 17174][E][WiFiUdp.cpp:221] parsePacket(): could not receive data: 9
[ 17179][E][WiFiUdp.cpp:221] parsePacket(): could not receive data: 9
[ 17184][E][WiFiUdp.cpp:221] parsePacket(): could not receive data: 9
[ 17189][E][WiFiUdp.cpp:221] parsePacket(): could not receive data: 9
[ 17194][E][WiFiUdp.cpp:221] parsePacket(): could not receive data: 9
[ 17199][E][WiFiUdp.cpp:221] parsePacket(): could not receive data: 9
[ 17204][E][WiFiUdp.cpp:221] parsePacket(): could not receive data: 9
[ 17209][E][WiFiUdp.cpp:221] parsePacket(): could not receive data: 9
[ 17214][E][WiFiUdp.cpp:221] parsePacket(): could not receive data: 9
[ 17219][E][WiFiUdp.cpp:221] parsePacket(): could not receive data: 9
[ 17224][E][WiFiUdp.cpp:221] parsePacket(): could not receive data: 9
[ 17229][E][WiFiUdp.cpp:221] parsePacket(): could not receive data: 9
[ 17234][E][WiFiUdp.cpp:221] parsePacket(): could not receive data: 9
[ 17239][E][WiFiUdp.cpp:221] parsePacket(): could not receive data: 9
[ 17244][E][WiFiUdp.cpp:221] parsePacket(): could not receive data: 9
[ 17249][E][WiFiUdp.cpp:221] parsePacket(): could not receive data: 9
[ 17254][E][WiFiUdp.cpp:221] parsePacket(): could not receive data: 9
[ 17259][E][WiFiUdp.cpp:221] parsePacket(): could not receive data: 9
[ 17264][E][WiFiUdp.cpp:221] parsePacket(): could not receive data: 9
[ 17269][E][WiFiUdp.cpp:221] parsePacket(): could not receive data: 9
[ 17274][E][WiFiUdp.cpp:221] parsePacket(): could not receive data: 9
[ 17279][E][WiFiUdp.cpp:221] parsePacket(): could not receive data: 9
[ 17284][E][WiFiUdp.cpp:221] parsePacket(): could not receive data: 9
[ 17289][E][WiFiUdp.cpp:221] parsePacket(): could not receive data: 9
[ 17294][E][WiFiUdp.cpp:221] parsePacket(): could not receive data: 9
[ 17299][E][WiFiUdp.cpp:221] parsePacket(): could not receive data: 9
[ 17304][E][WiFiUdp.cpp:221] parsePacket(): could not receive data: 9
[ 17310][E][WiFiUdp.cpp:221] parsePacket(): could not receive data: 9
[ 17316][E][WiFiUdp.cpp:221] parsePacket(): could not receive data: 9
[ 17323][E][WiFiUdp.cpp:221] parsePacket(): could not receive data: 9
[ 17328][E][WiFiUdp.cpp:221] parsePacket(): could not receive data: 9
[ 17334][E][WiFiUdp.cpp:221] parsePacket(): could not receive data: 9
[ 17339][E][WiFiUdp.cpp:221] parsePacket(): could not receive data: 9
[ 17345][E][WiFiUdp.cpp:221] parsePacket(): could not receive data: 9
[ 17350][E][WiFiUdp.cpp:221] parsePacket(): could not receive data: 9
[ 17355][E][WiFiUdp.cpp:221] parsePacket(): could not receive data: 9
[ 17360][E][WiFiUdp.cpp:221] parsePacket(): could not receive data: 9
[ 17365][E][WiFiUdp.cpp:221] parsePacket(): could not receive data: 9
[ 17370][E][WiFiUdp.cpp:221] parsePacket(): could not receive data: 9
[ 17375][E][WiFiUdp.cpp:221] parsePacket(): could not receive data: 9
[ 17380][E][WiFiUdp.cpp:221] parsePacket(): could not receive data: 9
[ 17385][E][WiFiUdp.cpp:221] parsePacket(): could not receive data: 9
[ 17390][E][WiFiUdp.cpp:221] parsePacket(): could not receive data: 9
[ 17395][E][WiFiUdp.cpp:221] parsePacket(): could not receive data: 9
[ 17401][E][WiFiUdp.cpp:221] parsePacket(): could not receive data: 9
[ 17406][E][WiFiUdp.cpp:221] parsePacket(): could not receive data: 9
[ 17412][E][WiFiUdp.cpp:221] parsePacket(): could not receive data: 9
[ 17417][E][WiFiUdp.cpp:221] parsePacket(): could not receive data: 9
[ 17422][E][WiFiUdp.cpp:221] parsePacket(): could not receive data: 9
[ 17427][E][WiFiUdp.cpp:221] parsePacket(): could not receive data: 9
[ 17432][E][WiFiUdp.cpp:221] parsePacket(): could not receive data: 9
[ 17438][E][WiFiUdp.cpp:221] parsePacket(): could not receive data: 9
[ 17443][E][WiFiUdp.cpp:221] parsePacket(): could not receive data: 9
[ 17448][E][WiFiUdp.cpp:221] parsePacket(): could not receive data: 9
[ 17453][E][WiFiUdp.cpp:221] parsePacket(): could not receive data: 9
[ 17458][E][WiFiUdp.cpp:221] parsePacket(): could not receive data: 9
[ 17463][E][WiFiUdp.cpp:221] parsePacket(): could not receive data: 9
[ 17468][E][WiFiUdp.cpp:221] parsePacket(): could not receive data: 9
[ 17474][E][WiFiUdp.cpp:221] parsePacket(): could not receive data: 9
[ 17479][E][WiFiUdp.cpp:221] parsePacket(): could not receive data: 9
[ 17485][E][WiFiUdp.cpp:221] parsePacket(): could not receive data: 9
[ 17490][E][WiFiUdp.cpp:221] parsePacket(): could not receive data: 9
[ 17495][E][WiFiUdp.cpp:221] parsePacket(): could not receive data: 9
[ 17500][E][WiFiUdp.cpp:221] parsePacket(): could not receive data: 9
[ 17505][E][WiFiUdp.cpp:221] parsePacket(): could not receive data: 9
[ 17510][E][WiFiUdp.cpp:221] parsePacket(): could not receive data: 9
[ 17515][E][WiFiUdp.cpp:221] parsePacket(): could not receive data: 9
[ 17520][E][WiFiUdp.cpp:221] parsePacket(): could not receive data: 9
[ 17525][E][WiFiUdp.cpp:221] parsePacket(): could not receive data: 9
[ 17531][E][WiFiUdp.cpp:221] parsePacket(): could not receive data: 9
[ 17536][E][WiFiUdp.cpp:221] parsePacket(): could not receive data: 9
[ 17541][E][WiFiUdp.cpp:221] parsePacket(): could not receive data: 9
[ 17546][E][WiFiUdp.cpp:221] parsePacket(): could not receive data: 9
[ 17551][E][WiFiUdp.cpp:221] parsePacket(): could not receive data: 9
[ 17556][E][WiFiUdp.cpp:221] parsePacket(): could not receive data: 9
[ 17561][E][WiFiUdp.cpp:221] parsePacket(): could not receive data: 9
[ 17566][E][WiFiUdp.cpp:221] parsePacket(): could not receive data: 9
[ 17571][E][WiFiUdp.cpp:221] parsePacket(): could not receive data: 9
[ 17577][E][WiFiUdp.cpp:221] parsePacket(): could not receive data: 9
[ 17582][E][WiFiUdp.cpp:221] parsePacket(): could not receive data: 9
[ 17587][E][WiFiUdp.cpp:221] parsePacket(): could not receive data: 9
[ 17592][E][WiFiUdp.cpp:221] parsePacket(): could not receive data: 9
[ 17597][E][WiFiUdp.cpp:221] parsePacket(): could not receive data: 9
[ 17602][E][WiFiUdp.cpp:221] parsePacket(): could not receive data: 9
[ 17609][E][WiFiUdp.cpp:221] parsePacket(): could not receive data: 9
[ 17614][E][WiFiUdp.cpp:221] parsePacket(): could not receive data: 9
[ 17619][E][WiFiUdp.cpp:221] parsePacket(): could not receive data: 9
[ 17625][E][WiFiUdp.cpp:221] parsePacket(): could not receive data: 9
[ 17630][E][WiFiUdp.cpp:221] parsePacket(): could not receive data: 9
[ 17635][E][WiFiUdp.cpp:221] parsePacket(): could not receive data: 9
[ 17640][E][WiFiUdp.cpp:221] parsePacket(): could not receive data: 9
[ 17646][E][WiFiUdp.cpp:221] parsePacket(): could not receive data: 9
[ 17651][E][WiFiUdp.cpp:221] parsePacket(): could not receive data: 9
[ 17657][E][WiFiUdp.cpp:221] parsePacket(): could not receive data: 9
[ 17663][E][WiFiUdp.cpp:221] parsePacket(): could not receive data: 9
[ 17669][E][WiFiUdp.cpp:221] parsePacket(): could not receive data: 9
[ 17674][E][WiFiUdp.cpp:221] parsePacket(): could not receive data: 9
[ 17680][E][WiFiUdp.cpp:221] parsePacket(): could not receive data: 9
[ 17685][E][WiFiUdp.cpp:221] parsePacket(): could not receive data: 9
[ 17691][E][WiFiUdp.cpp:221] parsePacket(): could not receive data: 9
[ 17697][E][WiFiUdp.cpp:221] parsePacket(): could not receive data: 9
[ 17702][E][WiFiUdp.cpp:221] parsePacket(): could not receive data: 9
[ 17707][E][WiFiUdp.cpp:221] parsePacket(): could not receive data: 9
[ 17712][E][WiFiUdp.cpp:221] parsePacket(): could not receive data: 9
[ 17717][E][WiFiUdp.cpp:221] parsePacket(): could not receive data: 9
[ 17722][E][WiFiUdp.cpp:221] parsePacket(): could not receive data: 9
[ 17727][E][WiFiUdp.cpp:221] parsePacket(): could not receive data: 9
[ 17732][E][WiFiUdp.cpp:221] parsePacket(): could not receive data: 9
[ 17737][E][WiFiUdp.cpp:221] parsePacket(): could not receive data: 9
[ 17742][E][WiFiUdp.cpp:221] parsePacket(): could not receive data: 9
[ 17748][E][WiFiUdp.cpp:221] parsePacket(): could not receive data: 9
[ 17753][E][WiFiUdp.cpp:221] parsePacket(): could not receive data: 9
[ 17758][E][WiFiUdp.cpp:221] parsePacket(): could not receive data: 9
[ 17763][E][WiFiUdp.cpp:221] parsePacket(): could not receive data: 9
[ 17768][E][WiFiUdp.cpp:221] parsePacket(): could not receive data: 9
[ 17773][E][WiFiUdp.cpp:221] parsePacket(): could not receive data: 9
[ 17778][E][WiFiUdp.cpp:221] parsePacket(): could not receive data: 9
[ 17783][E][WiFiUdp.cpp:221] parsePacket(): could not receive data: 9
[ 17788][E][WiFiUdp.cpp:221] parsePacket(): could not receive data: 9
[ 17793][E][WiFiUdp.cpp:221] parsePacket(): could not receive data: 9
[ 17798][E][WiFiUdp.cpp:221] parsePacket(): could not receive data: 9
[ 17803][E][WiFiUdp.cpp:221] parsePacket(): could not receive data: 9
[ 17808][E][WiFiUdp.cpp:221] parsePacket(): could not receive data: 9
[ 17813][E][WiFiUdp.cpp:221] parsePacket(): could not receive data: 9
[ 17818][E][WiFiUdp.cpp:221] parsePacket(): could not receive data: 9
[ 17824][E][WiFiUdp.cpp:221] parsePacket(): could not receive data: 9
[ 17829][E][WiFiUdp.cpp:221] parsePacket(): could not receive data: 9
[ 17835][E][WiFiUdp.cpp:221] parsePacket(): could not receive data: 9
[ 17841][E][WiFiUdp.cpp:221] parsePacket(): could not receive data: 9
[ 17846][E][WiFiUdp.cpp:221] parsePacket(): could not receive data: 9
[ 17851][E][WiFiUdp.cpp:221] parsePacket(): could not receive data: 9
[ 17856][E][WiFiUdp.cpp:221] parsePacket(): could not receive data: 9
[ 17861][E][WiFiUdp.cpp:221] parsePacket(): could not receive data: 9
[ 17866][E][WiFiUdp.cpp:221] parsePacket(): could not receive data: 9
[ 17871][E][WiFiUdp.cpp:221] parsePacket(): could not receive data: 9
[ 17876][E][WiFiUdp.cpp:221] parsePacket(): could not receive data: 9
[ 17881][E][WiFiUdp.cpp:221] parsePacket(): could not receive data: 9
[ 17886][E][WiFiUdp.cpp:221] parsePacket(): could not receive data: 9
[ 17891][E][WiFiUdp.cpp:221] parsePacket(): could not receive data: 9
[ 17896][E][WiFiUdp.cpp:221] parsePacket(): could not receive data: 9
[ 17901][E][WiFiUdp.cpp:221] parsePacket(): could not receive data: 9
[ 17906][E][WiFiUdp.cpp:221] parsePacket(): could not receive data: 9
[ 17911][E][WiFiUdp.cpp:221] parsePacket(): could not receive data: 9
[ 17916][E][WiFiUdp.cpp:221] parsePacket(): could not receive data: 9
[ 17921][E][WiFiUdp.cpp:221] parsePacket(): could not receive data: 9
[ 17926][E][WiFiUdp.cpp:221] parsePacket(): could not receive data: 9
[ 17931][E][WiFiUdp.cpp:221] parsePacket(): could not receive data: 9
[ 17936][E][WiFiUdp.cpp:221] parsePacket(): could not receive data: 9
[ 17941][E][WiFiUdp.cpp:221] parsePacket(): could not receive data: 9
[ 17946][E][WiFiUdp.cpp:221] parsePacket(): could not receive data: 9
[ 17951][E][WiFiUdp.cpp:221] parsePacket(): could not receive data: 9
[ 17956][E][WiFiUdp.cpp:221] parsePacket(): could not receive data: 9
[ 17962][E][WiFiUdp.cpp:221] parsePacket(): could not receive data: 9
[ 17967][E][WiFiUdp.cpp:221] parsePacket(): could not receive data: 9
[ 17972][E][WiFiUdp.cpp:221] parsePacket(): could not receive data: 9
[ 17977][E][WiFiUdp.cpp:221] parsePacket(): could not receive data: 9
[ 17982][E][WiFiUdp.cpp:221] parsePacket(): could not receive data: 9
[ 17987][E][WiFiUdp.cpp:221] parsePacket(): could not receive data: 9
[ 17992][E][WiFiUdp.cpp:221] parsePacket(): could not receive data: 9
[ 17997][E][WiFiUdp.cpp:221] parsePacket(): could not receive data: 9
[ 18002][E][WiFiUdp.cpp:221] parsePacket(): could not receive data: 9
[ 18007][E][WiFiUdp.cpp:221] parsePacket(): could not receive data: 9
[ 18012][E][WiFiUdp.cpp:221] parsePacket(): could not receive data: 9
[ 18017][E][WiFiUdp.cpp:221] parsePacket(): could not receive data: 9
[ 18022][E][WiFiUdp.cpp:221] parsePacket(): could not receive data: 9
[ 18027][E][WiFiUdp.cpp:221] parsePacket(): could not receive data: 9
[ 18032][E][WiFiUdp.cpp:221] parsePacket(): could not receive data: 9
[ 18037][E][WiFiUdp.cpp:221] parsePacket(): could not receive data: 9
[ 18042][E][WiFiUdp.cpp:221] parsePacket(): could not receive data: 9
[ 18047][E][WiFiUdp.cpp:221] parsePacket(): could not receive data: 9
[ 18052][E][WiFiUdp.cpp:221] parsePacket(): could not receive data: 9
[ 18057][E][WiFiUdp.cpp:221] parsePacket(): could not receive data: 9
[ 18062][E][WiFiUdp.cpp:221] parsePacket(): could not receive data: 9
[ 18067][E][WiFiUdp.cpp:221] parsePacket(): could not receive data: 9
[ 18073][E][WiFiUdp.cpp:221] parsePacket(): could not receive data: 9
[ 18080][E][WiFiUdp.cpp:221] parsePacket(): could not receive data: 9
[ 18086][E][WiFiUdp.cpp:221] parsePacket(): could not receive data: 9
[ 18092][E][WiFiUdp.cpp:221] parsePacket(): could not receive data: 9
[ 18098][E][WiFiUdp.cpp:221] parsePacket(): could not receive data: 9
[ 18103][E][WiFiUdp.cpp:221] parsePacket(): could not receive data: 9
[ 18109][E][WiFiUdp.cpp:221] parsePacket(): could not receive data: 9
[ 18114][E][WiFiUdp.cpp:221] parsePacket(): could not receive data: 9
[ 18119][E][WiFiUdp.cpp:221] parsePacket(): could not receive data: 9
[ 18124][E][WiFiUdp.cpp:221] parsePacket(): could not receive data: 9
[ 18129][E][WiFiUdp.cpp:221] parsePacket(): could not receive data: 9
[ 18134][E][WiFiUdp.cpp:221] parsePacket(): could not receive data: 9
[ 18139][E][WiFiUdp.cpp:221] parsePacket(): could not receive data: 9
[ 18144][E][WiFiUdp.cpp:221] parsePacket(): could not receive data: 9
[ 18149][E][WiFiUdp.cpp:221] parsePacket(): could not receive data: 9
[ 18154][E][WiFiUdp.cpp:221] parsePacket(): could not receive data: 9
[ 18159][E][WiFiUdp.cpp:221] parsePacket(): could not receive data: 9
[ 18165][E][WiFiUdp.cpp:221] parsePacket(): could not receive data: 9
[ 18170][E][WiFiUdp.cpp:221] parsePacket(): could not receive data: 9
[ 18175][E][WiFiUdp.cpp:221] parsePacket(): could not receive data: 9
[ 18180][E][WiFiUdp.cpp:221] parsePacket(): could not receive data: 9
[ 18185][E][WiFiUdp.cpp:221] parsePacket(): could not receive data: 9
[ 18190][E][WiFiUdp.cpp:221] parsePacket(): could not receive data: 9
[ 18195][E][WiFiUdp.cpp:221] parsePacket(): could not receive data: 9
[ 18200][E][WiFiUdp.cpp:221] parsePacket(): could not receive data: 9
[ 18205][E][WiFiUdp.cpp:221] parsePacket(): could not receive data: 9
[ 18210][E][WiFiUdp.cpp:221] parsePacket(): could not receive data: 9
[ 18215][E][WiFiUdp.cpp:221] parsePacket(): could not receive data: 9
[ 18220][E][WiFiUdp.cpp:221] parsePacket(): could not receive data: 9
[ 18225][E][WiFiUdp.cpp:221] parsePacket(): could not receive data: 9
[ 18230][E][WiFiUdp.cpp:221] parsePacket(): could not receive data: 9
[ 18235][E][WiFiUdp.cpp:221] parsePacket(): could not receive data: 9
[ 18240][E][WiFiUdp.cpp:221] parsePacket(): could not receive data: 9
[ 18245][E][WiFiUdp.cpp:221] parsePacket(): could not receive data: 9
[ 18250][E][WiFiUdp.cpp:221] parsePacket(): could not receive data: 9
[ 18255][E][WiFiUdp.cpp:221] parsePacket(): could not receive data: 9
[ 18260][E][WiFiUdp.cpp:221] parsePacket(): could not receive data: 9
[ 18265][E][WiFiUdp.cpp:221] parsePacket(): could not receive data: 9
[ 18270][E][WiFiUdp.cpp:221] parsePacket(): could not receive data: 9
[ 18275][E][WiFiUdp.cpp:221] parsePacket(): could not receive data: 9
[ 18280][E][WiFiUdp.cpp:221] parsePacket(): could not receive data: 9
[ 18285][E][WiFiUdp.cpp:221] parsePacket(): could not receive data: 9
[ 18290][E][WiFiUdp.cpp:221] parsePacket(): could not receive data: 9
[ 18295][E][WiFiUdp.cpp:221] parsePacket(): could not receive data: 9
[ 18300][E][WiFiUdp.cpp:221] parsePacket(): could not receive data: 9
[ 18305][E][WiFiUdp.cpp:221] parsePacket(): could not receive data: 9
[ 18310][E][WiFiUdp.cpp:221] parsePacket(): could not receive data: 9
[ 18315][E][WiFiUdp.cpp:221] parsePacket(): could not receive data: 9
[ 18320][E][WiFiUdp.cpp:221] parsePacket(): could not receive data: 9
[ 18325][E][WiFiUdp.cpp:221] parsePacket(): could not receive data: 9
[ 18331][E][WiFiUdp.cpp:221] parsePacket(): could not receive data: 9
[ 18337][E][WiFiUdp.cpp:221] parsePacket(): could not receive data: 9
[ 18343][E][WiFiUdp.cpp:221] parsePacket(): could not receive data: 9
[ 18348][E][WiFiUdp.cpp:221] parsePacket(): could not receive data: 9
[ 18353][E][WiFiUdp.cpp:221] parsePacket(): could not receive data: 9
[ 18358][E][WiFiUdp.cpp:221] parsePacket(): could not receive data: 9
[ 18363][E][WiFiUdp.cpp:221] parsePacket(): could not receive data: 9
[ 18368][E][WiFiUdp.cpp:221] parsePacket(): could not receive data: 9
[ 18373][E][WiFiUdp.cpp:221] parsePacket(): could not receive data: 9
[ 18379][E][WiFiUdp.cpp:221] parsePacket(): could not receive data: 9
[ 18384][E][WiFiUdp.cpp:221] parsePacket(): could not receive data: 9
[ 18389][E][WiFiUdp.cpp:221] parsePacket(): could not receive data: 9
[ 18395][E][WiFiUdp.cpp:221] parsePacket(): could not receive data: 9
[ 18400][E][WiFiUdp.cpp:221] parsePacket(): could not receive data: 9
[ 18405][E][WiFiUdp.cpp:221] parsePacket(): could not receive data: 9
[ 18410][E][WiFiUdp.cpp:221] parsePacket(): could not receive data: 9
[ 18415][E][WiFiUdp.cpp:221] parsePacket(): could not receive data: 9
[ 18420][E][WiFiUdp.cpp:221] parsePacket(): could not receive data: 9
[ 18425][E][WiFiUdp.cpp:221] parsePacket(): could not receive data: 9
[ 18430][E][WiFiUdp.cpp:221] parsePacket(): could not receive data: 9
[ 18435][E][WiFiUdp.cpp:221] parsePacket(): could not receive data: 9
[ 18440][E][WiFiUdp.cpp:221] parsePacket(): could not receive data: 9
[ 18445][E][WiFiUdp.cpp:221] parsePacket(): could not receive data: 9
[ 18450][E][WiFiUdp.cpp:221] parsePacket(): could not receive data: 9
[ 18455][E][WiFiUdp.cpp:221] parsePacket(): could not receive data: 9
[ 18460][E][WiFiUdp.cpp:221] parsePacket(): could not receive data: 9
[ 18465][E][WiFiUdp.cpp:221] parsePacket(): could not receive data: 9
[ 18470][E][WiFiUdp.cpp:221] parsePacket(): could not receive data: 9
[ 18475][E][WiFiUdp.cpp:221] parsePacket(): could not receive data: 9
[ 18480][E][WiFiUdp.cpp:221] parsePacket(): could not receive data: 9
[ 18485][E][WiFiUdp.cpp:221] parsePacket(): could not receive data: 9
[ 18490][E][WiFiUdp.cpp:221] parsePacket(): could not receive data: 9
[ 18495][E][WiFiUdp.cpp:221] parsePacket(): could not receive data: 9
[ 18500][E][WiFiUdp.cpp:221] parsePacket(): could not receive data: 9
[ 18505][E][WiFiUdp.cpp:221] parsePacket(): could not receive data: 9
[ 18510][E][WiFiUdp.cpp:221] parsePacket(): could not receive data: 9
[ 18515][E][WiFiUdp.cpp:221] parsePacket(): could not receive data: 9
[ 18520][E][WiFiUdp.cpp:221] parsePacket(): could not receive data: 9
[ 18525][E][WiFiUdp.cpp:221] parsePacket(): could not receive data: 9
[ 18530][E][WiFiUdp.cpp:221] parsePacket(): could not receive data: 9
[ 18535][E][WiFiUdp.cpp:221] parsePacket(): could not receive data: 9
[ 18540][E][WiFiUdp.cpp:221] parsePacket(): could not receive data: 9
[ 18545][E][WiFiUdp.cpp:221] parsePacket(): could not receive data: 9
[ 18550][E][WiFiUdp.cpp:221] parsePacket(): could not receive data: 9
[ 18555][E][WiFiUdp.cpp:221] parsePacket(): could not receive data: 9
[ 18560][E][WiFiUdp.cpp:221] parsePacket(): could not receive data: 9
[ 18565][E][WiFiUdp.cpp:221] parsePacket(): could not receive data: 9
[ 18570][E][WiFiUdp.cpp:221] parsePacket(): could not receive data: 9
[ 18575][E][WiFiUdp.cpp:221] parsePacket(): could not receive data: 9
[ 18580][E][WiFiUdp.cpp:221] parsePacket(): could not receive data: 9
[ 18585][E][WiFiUdp.cpp:221] parsePacket(): could not receive data: 9
[ 18590][E][WiFiUdp.cpp:221] parsePacket(): could not receive data: 9
[ 18596][E][WiFiUdp.cpp:221] parsePacket(): could not receive data: 9
[ 18602][E][WiFiUdp.cpp:221] parsePacket(): could not receive data: 9
[ 18608][E][WiFiUdp.cpp:221] parsePacket(): could not receive data: 9
[ 18614][E][WiFiUdp.cpp:221] parsePacket(): could not receive data: 9
[ 18619][E][WiFiUdp.cpp:221] parsePacket(): could not receive data: 9
[ 18624][E][WiFiUdp.cpp:221] parsePacket(): could not receive data: 9
[ 18629][E][WiFiUdp.cpp:221] parsePacket(): could not receive data: 9
[ 18634][E][WiFiUdp.cpp:221] parsePacket(): could not receive data: 9
[ 18639][E][WiFiUdp.cpp:221] parsePacket(): could not receive data: 9
[ 18644][E][WiFiUdp.cpp:221] parsePacket(): could not receive data: 9
[ 18649][E][WiFiUdp.cpp:221] parsePacket(): could not receive data: 9
[ 18654][E][WiFiUdp.cpp:221] parsePacket(): could not receive data: 9
[ 18659][E][WiFiUdp.cpp:221] parsePacket(): could not receive data: 9
[ 18664][E][WiFiUdp.cpp:221] parsePacket(): could not receive data: 9
[ 18669][E][WiFiUdp.cpp:221] parsePacket(): could not receive data: 9
[ 18674][E][WiFiUdp.cpp:221] parsePacket(): could not receive data: 9
[ 18679][E][WiFiUdp.cpp:221] parsePacket(): could not receive data: 9
[ 18684][E][WiFiUdp.cpp:221] parsePacket(): could not receive data: 9
[ 18689][E][WiFiUdp.cpp:221] parsePacket(): could not receive data: 9
[ 18694][E][WiFiUdp.cpp:221] parsePacket(): could not receive data: 9
[ 18699][E][WiFiUdp.cpp:221] parsePacket(): could not receive data: 9
[ 18704][E][WiFiUdp.cpp:221] parsePacket(): could not receive data: 9
[ 18709][E][WiFiUdp.cpp:221] parsePacket(): could not receive data: 9
[ 18714][E][WiFiUdp.cpp:221] parsePacket(): could not receive data: 9
[ 18719][E][WiFiUdp.cpp:221] parsePacket(): could not receive data: 9
[ 18724][E][WiFiUdp.cpp:221] parsePacket(): could not receive data: 9
[ 18729][E][WiFiUdp.cpp:221] parsePacket(): could not receive data: 9
[ 18734][E][WiFiUdp.cpp:221] parsePacket(): could not receive data: 9
[ 18739][E][WiFiUdp.cpp:221] parsePacket(): could not receive data: 9
[ 18744][E][WiFiUdp.cpp:221] parsePacket(): could not receive data: 9
[ 18749][E][WiFiUdp.cpp:221] parsePacket(): could not receive data: 9
[ 18754][E][WiFiUdp.cpp:221] parsePacket(): could not receive data: 9
[ 18759][E][WiFiUdp.cpp:221] parsePacket(): could not receive data: 9
[ 18764][E][WiFiUdp.cpp:221] parsePacket(): could not receive data: 9
[ 18769][E][WiFiUdp.cpp:221] parsePacket(): could not receive data: 9
[ 18774][E][WiFiUdp.cpp:221] parsePacket(): could not receive data: 9
[ 18779][E][WiFiUdp.cpp:221] parsePacket(): could not receive data: 9
[ 18784][E][WiFiUdp.cpp:221] parsePacket(): could not receive data: 9
[ 18789][E][WiFiUdp.cpp:221] parsePacket(): could not receive data: 9
[ 18794][E][WiFiUdp.cpp:221] parsePacket(): could not receive data: 9
[ 18799][E][WiFiUdp.cpp:221] parsePacket(): could not receive data: 9
[ 18804][E][WiFiUdp.cpp:221] parsePacket(): could not receive data: 9
[ 18809][E][WiFiUdp.cpp:221] parsePacket(): could not receive data: 9
[ 18814][E][WiFiUdp.cpp:221] parsePacket(): could not receive data: 9
[ 18819][E][WiFiUdp.cpp:221] parsePacket(): could not receive data: 9
[ 18824][E][WiFiUdp.cpp:221] parsePacket(): could not receive data: 9
[ 18829][E][WiFiUdp.cpp:221] parsePacket(): could not receive data: 9
[ 18834][E][WiFiUdp.cpp:221] parsePacket(): could not receive data: 9
[ 18839][E][WiFiUdp.cpp:221] parsePacket(): could not receive data: 9
[ 18844][E][WiFiUdp.cpp:221] parsePacket(): could not receive data: 9
[ 18849][E][WiFiUdp.cpp:221] parsePacket(): could not receive data: 9
[ 18854][E][WiFiUdp.cpp:221] parsePacket(): could not receive data: 9
[ 18859][E][WiFiUdp.cpp:221] parsePacket(): could not receive data: 9
[ 18864][E][WiFiUdp.cpp:221] parsePacket(): could not receive data: 9
[ 18869][E][WiFiUdp.cpp:221] parsePacket(): could not receive data: 9
[ 18874][E][WiFiUdp.cpp:221] parsePacket(): could not receive data: 9
[ 18879][E][WiFiUdp.cpp:221] parsePacket(): could not receive data: 9
[ 18884][E][WiFiUdp.cpp:221] parsePacket(): could not receive data: 9
[ 18889][E][WiFiUdp.cpp:221] parsePacket(): could not receive data: 9
[ 18894][E][WiFiUdp.cpp:221] parsePacket(): could not receive data: 9
[ 18899][E][WiFiUdp.cpp:221] parsePacket(): could not receive data: 9
[ 18904][E][WiFiUdp.cpp:221] parsePacket(): could not receive data: 9
[ 18909][E][WiFiUdp.cpp:221] parsePacket(): could not receive data: 9
[ 18914][E][WiFiUdp.cpp:221] parsePacket(): could not receive data: 9
[ 18919][E][WiFiUdp.cpp:221] parsePacket(): could not receive data: 9
[ 18924][E][WiFiUdp.cpp:221] parsePacket(): could not receive data: 9
[ 18930][E][WiFiUdp.cpp:221] parsePacket(): could not receive data: 9
[ 18935][E][WiFiUdp.cpp:221] parsePacket(): could not receive data: 9
[ 18941][E][WiFiUdp.cpp:221] parsePacket(): could not receive data: 9
[ 18946][E][WiFiUdp.cpp:221] parsePacket(): could not receive data: 9
[ 18951][E][WiFiUdp.cpp:221] parsePacket(): could not receive data: 9
[ 18956][E][WiFiUdp.cpp:221] parsePacket(): could not receive data: 9
[ 18962][E][WiFiUdp.cpp:221] parsePacket(): could not receive data: 9
[ 18968][E][WiFiUdp.cpp:221] parsePacket(): could not receive data: 9
[ 18973][E][WiFiUdp.cpp:221] parsePacket(): could not receive data: 9
[ 18978][E][WiFiUdp.cpp:221] parsePacket(): could not receive data: 9
[ 18983][E][WiFiUdp.cpp:221] parsePacket(): could not receive data: 9
[ 18988][E][WiFiUdp.cpp:221] parsePacket(): could not receive data: 9
[ 18993][E][WiFiUdp.cpp:221] parsePacket(): could not receive data: 9
[ 18998][E][WiFiUdp.cpp:221] parsePacket(): could not receive data: 9
[ 19003][E][WiFiUdp.cpp:221] parsePacket(): could not receive data: 9
[ 19010][E][WiFiUdp.cpp:221] parsePacket(): could not receive data: 9
[ 19014][E][WiFiUdp.cpp:221] parsePacket(): could not receive data: 9
[ 19020][E][WiFiUdp.cpp:221] parsePacket(): could not receive data: 9
[ 19026][E][WiFiUdp.cpp:221] parsePacket(): could not receive data: 9
[ 19031][E][WiFiUdp.cpp:221] parsePacket(): could not receive data: 9
[ 19036][E][WiFiUdp.cpp:221] parsePacket(): could not receive data: 9
[ 19041][E][WiFiUdp.cpp:221] parsePacket(): could not receive data: 9
[ 19047][E][WiFiUdp.cpp:221] parsePacket(): could not receive data: 9
[ 19052][E][WiFiUdp.cpp:221] parsePacket(): could not receive data: 9
[ 19057][E][WiFiUdp.cpp:221] parsePacket(): could not receive data: 9
[ 19064][E][WiFiUdp.cpp:221] parsePacket(): could not receive data: 9
[ 19069][E][WiFiUdp.cpp:221] parsePacket(): could not receive data: 9
[ 19077][E][WiFiUdp.cpp:221] parsePacket(): could not receive data: 9
[ 19082][E][WiFiUdp.cpp:221] parsePacket(): could not receive data: 9
[ 19087][E][WiFiUdp.cpp:221] parsePacket(): could not receive data: 9
[ 19092][E][WiFiUdp.cpp:221] parsePacket(): could not receive data: 9
[ 19097][E][WiFiUdp.cpp:221] parsePacket(): could not receive data: 9
[ 19102][E][WiFiUdp.cpp:221] parsePacket(): could not receive data: 9
[ 19107][E][WiFiUdp.cpp:221] parsePacket(): could not receive data: 9
[ 19113][E][WiFiUdp.cpp:221] parsePacket(): could not receive data: 9
[ 19119][E][WiFiUdp.cpp:221] parsePacket(): could not receive data: 9
[ 19124][E][WiFiUdp.cpp:221] parsePacket(): could not receive data: 9
[ 19130][E][WiFiUdp.cpp:221] parsePacket(): could not receive data: 9
[ 19136][E][WiFiUdp.cpp:221] parsePacket(): could not receive data: 9
[ 19142][E][WiFiUdp.cpp:221] parsePacket(): could not receive data: 9
[ 19148][E][WiFiUdp.cpp:221] parsePacket(): could not receive data: 9
[ 19153][E][WiFiUdp.cpp:221] parsePacket(): could not receive data: 9
[ 19158][E][WiFiUdp.cpp:221] parsePacket(): could not receive data: 9
[ 19163][E][WiFiUdp.cpp:221] parsePacket(): could not receive data: 9
[ 19168][E][WiFiUdp.cpp:221] parsePacket(): could not receive data: 9
[ 19173][E][WiFiUdp.cpp:221] parsePacket(): could not receive data: 9
[ 19178][E][WiFiUdp.cpp:221] parsePacket(): could not receive data: 9
[ 19183][E][WiFiUdp.cpp:221] parsePacket(): could not receive data: 9
[ 19188][E][WiFiUdp.cpp:221] parsePacket(): could not receive data: 9
[ 19193][E][WiFiUdp.cpp:221] parsePacket(): could not receive data: 9
[ 19198][E][WiFiUdp.cpp:221] parsePacket(): could not receive data: 9
[ 19203][E][WiFiUdp.cpp:221] parsePacket(): could not receive data: 9
[ 19208][E][WiFiUdp.cpp:221] parsePacket(): could not receive data: 9
[ 19213][E][WiFiUdp.cpp:221] parsePacket(): could not receive data: 9
[ 19218][E][WiFiUdp.cpp:221] parsePacket(): could not receive data: 9
[ 19223][E][WiFiUdp.cpp:221] parsePacket(): could not receive data: 9
[ 19228][E][WiFiUdp.cpp:221] parsePacket(): could not receive data: 9
[ 19233][E][WiFiUdp.cpp:221] parsePacket(): could not receive data: 9
[ 19238][E][WiFiUdp.cpp:221] parsePacket(): could not receive data: 9
[ 19243][E][WiFiUdp.cpp:221] parsePacket(): could not receive data: 9
[ 19248][E][WiFiUdp.cpp:221] parsePacket(): could not receive data: 9
[ 19253][E][WiFiUdp.cpp:221] parsePacket(): could not receive data: 9
[ 19258][E][WiFiUdp.cpp:221] parsePacket(): could not receive data: 9
[ 19263][E][WiFiUdp.cpp:221] parsePacket(): could not receive data: 9
[ 19268][E][WiFiUdp.cpp:221] parsePacket(): could not receive data: 9
[ 19273][E][WiFiUdp.cpp:221] parsePacket(): could not receive data: 9
[ 19278][E][WiFiUdp.cpp:221] parsePacket(): could not receive data: 9
[ 19283][E][WiFiUdp.cpp:221] parsePacket(): could not receive data: 9
[ 19288][E][WiFiUdp.cpp:221] parsePacket(): could not receive data: 9
[ 19293][E][WiFiUdp.cpp:221] parsePacket(): could not receive data: 9
[ 19298][E][WiFiUdp.cpp:221] parsePacket(): could not receive data: 9
[ 19303][E][WiFiUdp.cpp:221] parsePacket(): could not receive data: 9
[ 19309][E][WiFiUdp.cpp:221] parsePacket(): could not receive data: 9
[ 19315][E][WiFiUdp.cpp:221] parsePacket(): could not receive data: 9
[ 19321][E][WiFiUdp.cpp:221] parsePacket(): could not receive data: 9
[ 19326][E][WiFiUdp.cpp:221] parsePacket(): could not receive data: 9
[ 19331][E][WiFiUdp.cpp:221] parsePacket(): could not receive data: 9
[ 19336][E][WiFiUdp.cpp:221] parsePacket(): could not receive data: 9
[ 19341][E][WiFiUdp.cpp:221] parsePacket(): could not receive data: 9
[ 19346][E][WiFiUdp.cpp:221] parsePacket(): could not receive data: 9
[ 19351][E][WiFiUdp.cpp:221] parsePacket(): could not receive data: 9
[ 19356][E][WiFiUdp.cpp:221] parsePacket(): could not receive data: 9
[ 19361][E][WiFiUdp.cpp:221] parsePacket(): could not receive data: 9
[ 19366][E][WiFiUdp.cpp:221] parsePacket(): could not receive data: 9
[ 19371][E][WiFiUdp.cpp:221] parsePacket(): could not receive data: 9
[ 19376][E][WiFiUdp.cpp:221] parsePacket(): could not receive data: 9
[ 19381][E][WiFiUdp.cpp:221] parsePacket(): could not receive data: 9
[ 19386][E][WiFiUdp.cpp:221] parsePacket(): could not receive data: 9
[ 19391][E][WiFiUdp.cpp:221] parsePacket(): could not receive data: 9
[ 19396][E][WiFiUdp.cpp:221] parsePacket(): could not receive data: 9
[ 19401][E][WiFiUdp.cpp:221] parsePacket(): could not receive data: 9
[ 19406][E][WiFiUdp.cpp:221] parsePacket(): could not receive data: 9
[ 19411][E][WiFiUdp.cpp:221] parsePacket(): could not receive data: 9
[ 19416][E][WiFiUdp.cpp:221] parsePacket(): could not receive data: 9
[ 19421][E][WiFiUdp.cpp:221] parsePacket(): could not receive data: 9
[ 19426][E][WiFiUdp.cpp:221] parsePacket(): could not receive data: 9
[ 19431][E][WiFiUdp.cpp:221] parsePacket(): could not receive data: 9
[ 19436][E][WiFiUdp.cpp:221] parsePacket(): could not receive data: 9
[ 19441][E][WiFiUdp.cpp:221] parsePacket(): could not receive data: 9
[ 19446][E][WiFiUdp.cpp:221] parsePacket(): could not receive data: 9
[ 19451][E][WiFiUdp.cpp:221] parsePacket(): could not receive data: 9
[ 19457][E][WiFiUdp.cpp:221] parsePacket(): could not receive data: 9
[ 19463][E][WiFiUdp.cpp:221] parsePacket(): could not receive data: 9
[ 19468][E][WiFiUdp.cpp:221] parsePacket(): could not receive data: 9
[ 19474][E][WiFiUdp.cpp:221] parsePacket(): could not receive data: 9
[ 19479][E][WiFiUdp.cpp:221] parsePacket(): could not receive data: 9
[ 19484][E][WiFiUdp.cpp:221] parsePacket(): could not receive data: 9
[ 19489][E][WiFiUdp.cpp:221] parsePacket(): could not receive data: 9
[ 19494][E][WiFiUdp.cpp:221] parsePacket(): could not receive data: 9
[ 19499][E][WiFiUdp.cpp:221] parsePacket(): could not receive data: 9
[ 19504][E][WiFiUdp.cpp:221] parsePacket(): could not receive data: 9
[ 19509][E][WiFiUdp.cpp:221] parsePacket(): could not receive data: 9
[ 19514][E][WiFiUdp.cpp:221] parsePacket(): could not receive data: 9
[ 19519][E][WiFiUdp.cpp:221] parsePacket(): could not receive data: 9
[ 19524][E][WiFiUdp.cpp:221] parsePacket(): could not receive data: 9
[ 19529][E][WiFiUdp.cpp:221] parsePacket(): could not receive data: 9
[ 19534][E][WiFiUdp.cpp:221] parsePacket(): could not receive data: 9
[ 19539][E][WiFiUdp.cpp:221] parsePacket(): could not receive data: 9
[ 19544][E][WiFiUdp.cpp:221] parsePacket(): could not receive data: 9
[ 19549][E][WiFiUdp.cpp:221] parsePacket(): could not receive data: 9
[ 19554][E][WiFiUdp.cpp:221] parsePacket(): could not receive data: 9
[ 19559][E][WiFiUdp.cpp:221] parsePacket(): could not receive data: 9
[ 19564][E][WiFiUdp.cpp:221] parsePacket(): could not receive data: 9
[ 19569][E][WiFiUdp.cpp:221] parsePacket(): could not receive data: 9
[ 19574][E][WiFiUdp.cpp:221] parsePacket(): could not receive data: 9
[ 19579][E][WiFiUdp.cpp:221] parsePacket(): could not receive data: 9
[ 19585][E][WiFiUdp.cpp:221] parsePacket(): could not receive data: 9
[ 19590][E][WiFiUdp.cpp:221] parsePacket(): could not receive data: 9
[ 19596][E][WiFiUdp.cpp:221] parsePacket(): could not receive data: 9
[ 19603][E][WiFiUdp.cpp:221] parsePacket(): could not receive data: 9
[ 19608][E][WiFiUdp.cpp:221] parsePacket(): could not receive data: 9
[ 19614][E][WiFiUdp.cpp:221] parsePacket(): could not receive data: 9
[ 19619][E][WiFiUdp.cpp:221] parsePacket(): could not receive data: 9
[ 19624][E][WiFiUdp.cpp:221] parsePacket(): could not receive data: 9
[ 19630][E][WiFiUdp.cpp:221] parsePacket(): could not receive data: 9
[ 19636][E][WiFiUdp.cpp:221] parsePacket(): could not receive data: 9
[ 19642][E][WiFiUdp.cpp:221] parsePacket(): could not receive data: 9
[ 19647][E][WiFiUdp.cpp:221] parsePacket(): could not receive data: 9
[ 19653][E][WiFiUdp.cpp:221] parsePacket(): could not receive data: 9
[ 19659][E][WiFiUdp.cpp:221] parsePacket(): could not receive data: 9
[ 19665][E][WiFiUdp.cpp:221] parsePacket(): could not receive data: 9
[ 19670][E][WiFiUdp.cpp:221] parsePacket(): could not receive data: 9
[ 19675][E][WiFiUdp.cpp:221] parsePacket(): could not receive data: 9
[ 19680][E][WiFiUdp.cpp:221] parsePacket(): could not receive data: 9
[ 19687][E][WiFiUdp.cpp:221] parsePacket(): could not receive data: 9
[ 19692][E][WiFiUdp.cpp:221] parsePacket(): could not receive data: 9
[ 19698][E][WiFiUdp.cpp:221] parsePacket(): could not receive data: 9
[ 19704][E][WiFiUdp.cpp:221] parsePacket(): could not receive data: 9
[ 19711][E][WiFiUdp.cpp:221] parsePacket(): could not receive data: 9
[ 19718][E][WiFiUdp.cpp:221] parsePacket(): could not receive data: 9
[ 19726][E][WiFiUdp.cpp:221] parsePacket(): could not receive data: 9
[ 19734][E][WiFiUdp.cpp:221] parsePacket(): could not receive data: 9
[ 19741][E][WiFiUdp.cpp:221] parsePacket(): could not receive data: 9
[ 19746][E][WiFiUdp.cpp:221] parsePacket(): could not receive data: 9
[ 19752][E][WiFiUdp.cpp:221] parsePacket(): could not receive data: 9
[ 19757][E][WiFiUdp.cpp:221] parsePacket(): could not receive data: 9
[ 19762][E][WiFiUdp.cpp:221] parsePacket(): could not receive data: 9
[ 19767][E][WiFiUdp.cpp:221] parsePacket(): could not receive data: 9
[ 19772][E][WiFiUdp.cpp:221] parsePacket(): could not receive data: 9
[ 19777][E][WiFiUdp.cpp:221] parsePacket(): could not receive data: 9
[ 19782][E][WiFiUdp.cpp:221] parsePacket(): could not receive data: 9
[ 19787][E][WiFiUdp.cpp:221] parsePacket(): could not receive data: 9
[ 19792][E][WiFiUdp.cpp:221] parsePacket(): could not receive data: 9
[ 19797][E][WiFiUdp.cpp:221] parsePacket(): could not receive data: 9
[ 19802][E][WiFiUdp.cpp:221] parsePacket(): could not receive data: 9
[ 19809][E][WiFiUdp.cpp:221] parsePacket(): could not receive data: 9
[ 19816][E][WiFiUdp.cpp:221] parsePacket(): could not receive data: 9
[ 19822][E][WiFiUdp.cpp:221] parsePacket(): could not receive data: 9
[ 19828][E][WiFiUdp.cpp:221] parsePacket(): could not receive data: 9
[ 19836][E][WiFiUdp.cpp:221] parsePacket(): could not receive data: 9
[ 19843][E][WiFiUdp.cpp:221] parsePacket(): could not receive data: 9
[ 19849][E][WiFiUdp.cpp:221] parsePacket(): could not receive data: 9
[ 19855][E][WiFiUdp.cpp:221] parsePacket(): could not receive data: 9
[ 19861][E][WiFiUdp.cpp:221] parsePacket(): could not receive data: 9
[ 19867][E][WiFiUdp.cpp:221] parsePacket(): could not receive data: 9
[ 19873][E][WiFiUdp.cpp:221] parsePacket(): could not receive data: 9
[ 19879][E][WiFiUdp.cpp:221] parsePacket(): could not receive data: 9
[ 19887][E][WiFiUdp.cpp:221] parsePacket(): could not receive data: 9
[ 19894][E][WiFiUdp.cpp:221] parsePacket(): could not receive data: 9
[ 19900][E][WiFiUdp.cpp:221] parsePacket(): could not receive data: 9
[ 19907][E][WiFiUdp.cpp:221] parsePacket(): could not receive data: 9
[ 19914][E][WiFiUdp.cpp:221] parsePacket(): could not receive data: 9
[ 19920][E][WiFiUdp.cpp:221] parsePacket(): could not receive data: 9
[CON ]...accept() fd=50 free=133352
[ 19932][E][WiFiUdp.cpp:221] parsePacket(): could not receive data: 9
[CON ]...Client authenticated on port 2323. free heap=129620
-[ 19946][E][WiFiUdp.cpp:221] parsePacket(): could not receive data: 9
-[ 19952][E][WiFiUdp.cpp:221] parsePacket(): could not receive data: 9
i[ 19959][E][WiFiUdp.cpp:221] parsePacket(): could not receive data: 9
n[ 19966][E][WiFiUdp.cpp:221] parsePacket(): could not receive data: 9
f[ 19973][E][WiFiUdp.cpp:221] parsePacket(): could not receive data: 9
o[ 19978][E][WiFiUdp.cpp:221] parsePacket(): could not receive data: 9
[ 19983][E][WiFiUdp.cpp:221] parsePacket(): could not receive data: 9

--MeshCom 4.35t (build: Sep 26 2026 / 22:38:56)
...UPDATE: 
...Call: <XX0XXX-00> ...ID 00000000 ...NODE 39 <EBYTE_E22> ...UTC-OFF 1.000000 [CPU]
...BATT 4.10 V ...BATT 85 % ...MAXV 4.200 V
...TIME 19993 ms
...Flash-Version 20260724
...NOMSGALL off ...MESH off ...BUTTON (12) off ...SOFTSER off ... SOFTSERREAD off
...PASSWD <>
...DEBUG man ...DEBUG en
...DEBUG off ...LORADEBUG off ...GPSDEBUG off/0 ...SOFTSERDEBUG off
...WXDEBUG off ...BLEDEBUG off
...DisplayInfo off ...DisplayCont off ...DisplyLog off ...contrast 255 ...ackinfo off
...EXTUDP off ...EXT IP none ...NOPMOTHER off
...BTCODE 000000
...APRSMC: APRSMC
...ATXT: 
...NAME: 
...BLE : short
...DISPLAY on
...CTRY EU8
...FREQ 433.1750 MHz TXPWR 17 dBm RXBOOST off
...MAXHOP text 4 / pos 2

...Webserver  on / Webpwd <> / Gateway off 
...NETConsole on (port 2323)
...KISS/TCP   off / TX off / RxMeta off / Auth off
...WIFI-AP    off
...SSID <none> / PASSWORD <***>
...NETWORK Mode:WiFi
...hasIpAddress: yes
...IP address   : 10.0.2.15
...SUBNET-MASK  : 255.255.255.0
...GW address   : 10.0.2.5
...DNS address  : 
...UDP-HBeat : 20002
[ 20002][E][WiFiUdp.cpp:221] parsePacket(): could not receive data: 9
[CON ]...Client disconnected. free heap=135120
[ 20008][E][WiFiUdp.cpp:221] parsePacket(): could not receive data: 9
[ 20013][E][WiFiUdp.cpp:221] parsePacket(): could not receive data: 9
[ 20018][E][WiFiUdp.cpp:221] parsePacket(): could not receive data: 9
[ 20025][E][WiFiUdp.cpp:221] parsePacket(): could not receive data: 9
[ 20032][E][WiFiUdp.cpp:221] parsePacket(): could not receive data: 9
[ 20039][E][WiFiUdp.cpp:221] parsePacket(): could not receive data: 9
[ 20046][E][WiFiUdp.cpp:221] parsePacket(): could not receive data: 9
[ 20052][E][WiFiUdp.cpp:221] parsePacket(): could not receive data: 9
[ 20058][E][WiFiUdp.cpp:221] parsePacket(): could not receive data: 9
[ 20066][E][WiFiUdp.cpp:221] parsePacket(): could not receive data: 9
[ 20073][E][WiFiUdp.cpp:221] parsePacket(): could not receive data: 9
[ 20080][E][WiFiUdp.cpp:221] parsePacket(): could not receive data: 9
[ 20086][E][WiFiUdp.cpp:221] parsePacket(): could not receive data: 9
[ 20103][E][WiFiUdp.cpp:221] parsePacket(): could not receive data: 9
[ 20111][E][WiFiUdp.cpp:221] parsePacket(): could not receive data: 9
[ 20117][E][WiFiUdp.cpp:221] parsePacket(): could not receive data: 9
[ 20122][E][WiFiUdp.cpp:221] parsePacket(): could not receive data: 9
[ 20127][E][WiFiUdp.cpp:221] parsePacket(): could not receive data: 9
[ 20132][E][WiFiUdp.cpp:221] parsePacket(): could not receive data: 9
[ 20137][E][WiFiUdp.cpp:221] parsePacket(): could not receive data: 9
[ 20142][E][WiFiUdp.cpp:221] parsePacket(): could not receive data: 9
[ 20147][E][WiFiUdp.cpp:221] parsePacket(): could not receive data: 9
[ 20152][E][WiFiUdp.cpp:221] parsePacket(): could not receive data: 9
[ 20157][E][WiFiUdp.cpp:221] parsePacket(): could not receive data: 9
[ 20162][E][WiFiUdp.cpp:221] parsePacket(): could not receive data: 9
[ 20167][E][WiFiUdp.cpp:221] parsePacket(): could not receive data: 9
[ 20172][E][WiFiUdp.cpp:221] parsePacket(): could not receive data: 9
[ 20178][E][WiFiUdp.cpp:221] parsePacket(): could not receive data: 9
[ 20183][E][WiFiUdp.cpp:221] parsePacket(): could not receive data: 9
[ 20188][E][WiFiUdp.cpp:221] parsePacket(): could not receive data: 9
[ 20193][E][WiFiUdp.cpp:221] parsePacket(): could not receive data: 9
[ 20198][E][WiFiUdp.cpp:221] parsePacket(): could not receive data: 9
[ 20203][E][WiFiUdp.cpp:221] parsePacket(): could not receive data: 9
[ 20208][E][WiFiUdp.cpp:221] parsePacket(): could not receive data: 9
[ 20213][E][WiFiUdp.cpp:221] parsePacket(): could not receive data: 9
[ 20219][E][WiFiUdp.cpp:221] parsePacket(): could not receive data: 9
[ 20224][E][WiFiUdp.cpp:221] parsePacket(): could not receive data: 9
[ 20230][E][WiFiUdp.cpp:221] parsePacket(): could not receive data: 9
[ 20235][E][WiFiUdp.cpp:221] parsePacket(): could not receive data: 9
[ 20241][E][WiFiUdp.cpp:221] parsePacket(): could not receive data: 9
[ 20246][E][WiFiUdp.cpp:221] parsePacket(): could not receive data: 9
[ 20251][E][WiFiUdp.cpp:221] parsePacket(): could not receive data: 9
[ 20256][E][WiFiUdp.cpp:221] parsePacket(): could not receive data: 9
[ 20261][E][WiFiUdp.cpp:221] parsePacket(): could not receive data: 9
[ 20266][E][WiFiUdp.cpp:221] parsePacket(): could not receive data: 9
[ 20272][E][WiFiUdp.cpp:221] parsePacket(): could not receive data: 9
[ 20278][E][WiFiUdp.cpp:221] parsePacket(): could not receive data: 9
[ 20283][E][WiFiUdp.cpp:221] parsePacket(): could not receive data: 9
[ 20288][E][WiFiUdp.cpp:221] parsePacket(): could not receive data: 9
[ 20294][E][WiFiUdp.cpp:221] parsePacket(): could not receive data: 9
[ 20299][E][WiFiUdp.cpp:221] parsePacket(): could not receive data: 9
[ 20304][E][WiFiUdp.cpp:221] parsePacket(): could not receive data: 9
[ 20309][E][WiFiUdp.cpp:221] parsePacket(): could not receive data: 9
[ 20314][E][WiFiUdp.cpp:221] parsePacket(): could not receive data: 9
[ 20319][E][WiFiUdp.cpp:221] parsePacket(): could not receive data: 9
[ 20325][E][WiFiUdp.cpp:221] parsePacket(): could not receive data: 9
[ 20331][E][WiFiUdp.cpp:221] parsePacket(): could not receive data: 9
[ 20336][E][WiFiUdp.cpp:221] parsePacket(): could not receive data: 9
[ 20341][E][WiFiUdp.cpp:221] parsePacket(): could not receive data: 9
[ 20346][E][WiFiUdp.cpp:221] parsePacket(): could not receive data: 9
[ 20351][E][WiFiUdp.cpp:221] parsePacket(): could not receive data: 9
[ 20356][E][WiFiUdp.cpp:221] parsePacket(): could not receive data: 9
[ 20361][E][WiFiUdp.cpp:221] parsePacket(): could not receive data: 9
[ 20366][E][WiFiUdp.cpp:221] parsePacket(): could not receive data: 9
[ 20372][E][WiFiUdp.cpp:221] parsePacket(): could not receive data: 9
[CON ]...accept() fd=50 free=133088
[CON ]...Client authenticated on port 2323. free heap=127876
-[ 20379][E][WiFiUdp.cpp:221] parsePacket(): could not receive data: 9
-[ 20385][E][WiFiUdp.cpp:221] parsePacket(): could not receive data: 9
i[ 20391][E][WiFiUdp.cpp:221] parsePacket(): could not receive data: 9
n[ 20397][E][WiFiUdp.cpp:221] parsePacket(): could not receive data: 9
f[ 20403][E][WiFiUdp.cpp:221] parsePacket(): could not receive data: 9
o[ 20409][E][WiFiUdp.cpp:221] parsePacket(): could not receive data: 9
[ 20415][E][WiFiUdp.cpp:221] parsePacket(): could not receive data: 9

--MeshCom 4.35t (build: Sep 26 2026 / 22:38:56)
...UPDATE: 
...Call: <XX0XXX-00> ...ID 00000000 ...NODE 39 <EBYTE_E22> ...UTC-OFF 1.000000 [CPU]
...BATT 4.10 V ...BATT 85 % ...MAXV 4.200 V
...TIME 20421 ms
...Flash-Version 20260724
...NOMSGALL off ...MESH off ...BUTTON (12) off ...SOFTSER off ... SOFTSERREAD off
...PASSWD <>
...DEBUG man ...DEBUG en
...DEBUG off ...LORADEBUG off ...GPSDEBUG off/0 ...SOFTSERDEBUG off
...WXDEBUG off ...BLEDEBUG off
...DisplayInfo off ...DisplayCont off ...DisplyLog off ...contrast 255 ...ackinfo off
...EXTUDP off ...EXT IP none ...NOPMOTHER off
...BTCODE 000000
...APRSMC: APRSMC
...ATXT: 
...NAME: 
...BLE : short
...DISPLAY on
...CTRY EU8
...FREQ 433.1750 MHz TXPWR 17 dBm RXBOOST off
...MAXHOP text 4 / pos 2

...Webserver  on / Webpwd <> / Gateway off 
...NETConsole on (port 2323)
...KISS/TCP   off / TX off / RxMeta off / Auth off
...WIFI-AP    off
...SSID <none> / PASSWORD <***>
...NETWORK Mode:WiFi
...hasIpAddress: yes
...IP address   : 10.0.2.15
...SUBNET-MASK  : 255.255.255.0
...GW address   : 10.0.2.5
...DNS address  : 
...UDP-HBeat : 20431
[ 20432][E][WiFiUdp.cpp:221] parsePacket(): could not receive data: 9
[ 20437][E][WiFiUdp.cpp:221] parsePacket(): could not receive data: 9
[ 20442][E][WiFiUdp.cpp:221] parsePacket(): could not receive data: 9
[ 20447][E][WiFiUdp.cpp:221] parsePacket(): could not receive data: 9
[ 20452][E][WiFiUdp.cpp:221] parsePacket(): could not receive data: 9
[ 20457][E][WiFiUdp.cpp:221] parsePacket(): could not receive data: 9
[ 20462][E][WiFiUdp.cpp:221] parsePacket(): could not receive data: 9
[ 20467][E][WiFiUdp.cpp:221] parsePacket(): could not receive data: 9
[ 20472][E][WiFiUdp.cpp:221] parsePacket(): could not receive data: 9
[ 20477][E][WiFiUdp.cpp:221] parsePacket(): could not receive data: 9
[ 20482][E][WiFiUdp.cpp:221] parsePacket(): could not receive data: 9
[ 20487][E][WiFiUdp.cpp:221] parsePacket(): could not receive data: 9
[ 20492][E][WiFiUdp.cpp:221] parsePacket(): could not receive data: 9
[ 20497][E][WiFiUdp.cpp:221] parsePacket(): could not receive data: 9
[ 20502][E][WiFiUdp.cpp:221] parsePacket(): could not receive data: 9
[ 20507][E][WiFiUdp.cpp:221] parsePacket(): could not receive data: 9
[ 20512][E][WiFiUdp.cpp:221] parsePacket(): could not receive data: 9
[ 20517][E][WiFiUdp.cpp:221] parsePacket(): could not receive data: 9
[ 20522][E][WiFiUdp.cpp:221] parsePacket(): could not receive data: 9
[ 20527][E][WiFiUdp.cpp:221] parsePacket(): could not receive data: 9
[ 20532][E][WiFiUdp.cpp:221] parsePacket(): could not receive data: 9
[ 20537][E][WiFiUdp.cpp:221] parsePacket(): could not receive data: 9
[ 20542][E][WiFiUdp.cpp:221] parsePacket(): could not receive data: 9
[ 20547][E][WiFiUdp.cpp:221] parsePacket(): could not receive data: 9
[ 20552][E][WiFiUdp.cpp:221] parsePacket(): could not receive data: 9
[ 20557][E][WiFiUdp.cpp:221] parsePacket(): could not receive data: 9
[ 20562][E][WiFiUdp.cpp:221] parsePacket(): could not receive data: 9
[ 20567][E][WiFiUdp.cpp:221] parsePacket(): could not receive data: 9
[ 20572][E][WiFiUdp.cpp:221] parsePacket(): could not receive data: 9
[ 20577][E][WiFiUdp.cpp:221] parsePacket(): could not receive data: 9
[ 20583][E][WiFiUdp.cpp:221] parsePacket(): could not receive data: 9
[ 20588][E][WiFiUdp.cpp:221] parsePacket(): could not receive data: 9
[ 20593][E][WiFiUdp.cpp:221] parsePacket(): could not receive data: 9
[ 20598][E][WiFiUdp.cpp:221] parsePacket(): could not receive data: 9
[ 20603][E][WiFiUdp.cpp:221] parsePacket(): could not receive data: 9
[ 20608][E][WiFiUdp.cpp:221] parsePacket(): could not receive data: 9
[ 20613][E][WiFiUdp.cpp:221] parsePacket(): could not receive data: 9
[ 20618][E][WiFiUdp.cpp:221] parsePacket(): could not receive data: 9
[ 20623][E][WiFiUdp.cpp:221] parsePacket(): could not receive data: 9
[ 20628][E][WiFiUdp.cpp:221] parsePacket(): could not receive data: 9
[ 20633][E][WiFiUdp.cpp:221] parsePacket(): could not receive data: 9
[ 20638][E][WiFiUdp.cpp:221] parsePacket(): could not receive data: 9
[ 20643][E][WiFiUdp.cpp:221] parsePacket(): could not receive data: 9
[ 20648][E][WiFiUdp.cpp:221] parsePacket(): could not receive data: 9
[ 20653][E][WiFiUdp.cpp:221] parsePacket(): could not receive data: 9
[ 20658][E][WiFiUdp.cpp:221] parsePacket(): could not receive data: 9
[ 20664][E][WiFiUdp.cpp:221] parsePacket(): could not receive data: 9
[ 20669][E][WiFiUdp.cpp:221] parsePacket(): could not receive data: 9
[ 20674][E][WiFiUdp.cpp:221] parsePacket(): could not receive data: 9
[ 20680][E][WiFiUdp.cpp:221] parsePacket(): could not receive data: 9
[ 20685][E][WiFiUdp.cpp:221] parsePacket(): could not receive data: 9
[ 20690][E][WiFiUdp.cpp:221] parsePacket(): could not receive data: 9
[ 20695][E][WiFiUdp.cpp:221] parsePacket(): could not receive data: 9
[ 20700][E][WiFiUdp.cpp:221] parsePacket(): could not receive data: 9
[ 20705][E][WiFiUdp.cpp:221] parsePacket(): could not receive data: 9
[ 20710][E][WiFiUdp.cpp:221] parsePacket(): could not receive data: 9
[ 20715][E][WiFiUdp.cpp:221] parsePacket(): could not receive data: 9
[ 20721][E][WiFiUdp.cpp:221] parsePacket(): could not receive data: 9
[ 20726][E][WiFiUdp.cpp:221] parsePacket(): could not receive data: 9
[ 20731][E][WiFiUdp.cpp:221] parsePacket(): could not receive data: 9
[ 20736][E][WiFiUdp.cpp:221] parsePacket(): could not receive data: 9
[ 20741][E][WiFiUdp.cpp:221] parsePacket(): could not receive data: 9
[ 20746][E][WiFiUdp.cpp:221] parsePacket(): could not receive data: 9
[ 20751][E][WiFiUdp.cpp:221] parsePacket(): could not receive data: 9
[ 20756][E][WiFiUdp.cpp:221] parsePacket(): could not receive data: 9
[ 20761][E][WiFiUdp.cpp:221] parsePacket(): could not receive data: 9
[ 20766][E][WiFiUdp.cpp:221] parsePacket(): could not receive data: 9
[ 20771][E][WiFiUdp.cpp:221] parsePacket(): could not receive data: 9
[ 20776][E][WiFiUdp.cpp:221] parsePacket(): could not receive data: 9
[ 20781][E][WiFiUdp.cpp:221] parsePacket(): could not receive data: 9
[ 20786][E][WiFiUdp.cpp:221] parsePacket(): could not receive data: 9
[ 20791][E][WiFiUdp.cpp:221] parsePacket(): could not receive data: 9
[ 20796][E][WiFiUdp.cpp:221] parsePacket(): could not receive data: 9
[ 20801][E][WiFiUdp.cpp:221] parsePacket(): could not receive data: 9
[ 20806][E][WiFiUdp.cpp:221] parsePacket(): could not receive data: 9
[ 20811][E][WiFiUdp.cpp:221] parsePacket(): could not receive data: 9
[ 20817][E][WiFiUdp.cpp:221] parsePacket(): could not receive data: 9
[ 20822][E][WiFiUdp.cpp:221] parsePacket(): could not receive data: 9
[ 20828][E][WiFiUdp.cpp:221] parsePacket(): could not receive data: 9
[ 20834][E][WiFiUdp.cpp:221] parsePacket(): could not receive data: 9
[ 20839][E][WiFiUdp.cpp:221] parsePacket(): could not receive data: 9
[ 20845][E][WiFiUdp.cpp:221] parsePacket(): could not receive data: 9
[ 20850][E][WiFiUdp.cpp:221] parsePacket(): could not receive data: 9
[ 20855][E][WiFiUdp.cpp:221] parsePacket(): could not receive data: 9
[ 20860][E][WiFiUdp.cpp:221] parsePacket(): could not receive data: 9
[ 20866][E][WiFiUdp.cpp:221] parsePacket(): could not receive data: 9
[ 20871][E][WiFiUdp.cpp:221] parsePacket(): could not receive data: 9
[ 20876][E][WiFiUdp.cpp:221] parsePacket(): could not receive data: 9
[ 20881][E][WiFiUdp.cpp:221] parsePacket(): could not receive data: 9
[ 20886][E][WiFiUdp.cpp:221] parsePacket(): could not receive data: 9
[ 20891][E][WiFiUdp.cpp:221] parsePacket(): could not receive data: 9
[ 20896][E][WiFiUdp.cpp:221] parsePacket(): could not receive data: 9
[ 20901][E][WiFiUdp.cpp:221] parsePacket(): could not receive data: 9
[ 20906][E][WiFiUdp.cpp:221] parsePacket(): could not receive data: 9
[ 20911][E][WiFiUdp.cpp:221] parsePacket(): could not receive data: 9
[ 20916][E][WiFiUdp.cpp:221] parsePacket(): could not receive data: 9
[ 20921][E][WiFiUdp.cpp:221] parsePacket(): could not receive data: 9
[ 20926][E][WiFiUdp.cpp:221] parsePacket(): could not receive data: 9
[ 20931][E][WiFiUdp.cpp:221] parsePacket(): could not receive data: 9
[ 20936][E][WiFiUdp.cpp:221] parsePacket(): could not receive data: 9
[ 20941][E][WiFiUdp.cpp:221] parsePacket(): could not receive data: 9
[ 20946][E][WiFiUdp.cpp:221] parsePacket(): could not receive data: 9
[ 20951][E][WiFiUdp.cpp:221] parsePacket(): could not receive data: 9
[ 20956][E][WiFiUdp.cpp:221] parsePacket(): could not receive data: 9
[ 20962][E][WiFiUdp.cpp:221] parsePacket(): could not receive data: 9
[ 20967][E][WiFiUdp.cpp:221] parsePacket(): could not receive data: 9
[ 20972][E][WiFiUdp.cpp:221] parsePacket(): could not receive data: 9
[ 20977][E][WiFiUdp.cpp:221] parsePacket(): could not receive data: 9
[ 20984][E][WiFiUdp.cpp:221] parsePacket(): could not receive data: 9
[ 20989][E][WiFiUdp.cpp:221] parsePacket(): could not receive data: 9
[ 20995][E][WiFiUdp.cpp:221] parsePacket(): could not receive data: 9
[ 21001][E][WiFiUdp.cpp:221] parsePacket(): could not receive data: 9
[ 21006][E][WiFiUdp.cpp:221] parsePacket(): could not receive data: 9
[ 21011][E][WiFiUdp.cpp:221] parsePacket(): could not receive data: 9
[ 21016][E][WiFiUdp.cpp:221] parsePacket(): could not receive data: 9
[ 21021][E][WiFiUdp.cpp:221] parsePacket(): could not receive data: 9
[ 21026][E][WiFiUdp.cpp:221] parsePacket(): could not receive data: 9
[ 21031][E][WiFiUdp.cpp:221] parsePacket(): could not receive data: 9
[ 21036][E][WiFiUdp.cpp:221] parsePacket(): could not receive data: 9
[ 21041][E][WiFiUdp.cpp:221] parsePacket(): could not receive data: 9
[ 21047][E][WiFiUdp.cpp:221] parsePacket(): could not receive data: 9
[ 21052][E][WiFiUdp.cpp:221] parsePacket(): could not receive data: 9
[ 21057][E][WiFiUdp.cpp:221] parsePacket(): could not receive data: 9
[ 21063][E][WiFiUdp.cpp:221] parsePacket(): could not receive data: 9
[ 21068][E][WiFiUdp.cpp:221] parsePacket(): could not receive data: 9
[ 21074][E][WiFiUdp.cpp:221] parsePacket(): could not receive data: 9
[ 21080][E][WiFiUdp.cpp:221] parsePacket(): could not receive data: 9
[ 21085][E][WiFiUdp.cpp:221] parsePacket(): could not receive data: 9
[ 21090][E][WiFiUdp.cpp:221] parsePacket(): could not receive data: 9
[ 21096][E][WiFiUdp.cpp:221] parsePacket(): could not receive data: 9
[ 21102][E][WiFiUdp.cpp:221] parsePacket(): could not receive data: 9
[ 21108][E][WiFiUdp.cpp:221] parsePacket(): could not receive data: 9
[ 21113][E][WiFiUdp.cpp:221] parsePacket(): could not receive data: 9
[ 21118][E][WiFiUdp.cpp:221] parsePacket(): could not receive data: 9
[ 21123][E][WiFiUdp.cpp:221] parsePacket(): could not receive data: 9
[ 21128][E][WiFiUdp.cpp:221] parsePacket(): could not receive data: 9
[ 21133][E][WiFiUdp.cpp:221] parsePacket(): could not receive data: 9
[ 21138][E][WiFiUdp.cpp:221] parsePacket(): could not receive data: 9
[ 21143][E][WiFiUdp.cpp:221] parsePacket(): could not receive data: 9
[ 21148][E][WiFiUdp.cpp:221] parsePacket(): could not receive data: 9
[ 21153][E][WiFiUdp.cpp:221] parsePacket(): could not receive data: 9
[ 21158][E][WiFiUdp.cpp:221] parsePacket(): could not receive data: 9
[ 21163][E][WiFiUdp.cpp:221] parsePacket(): could not receive data: 9
[ 21168][E][WiFiUdp.cpp:221] parsePacket(): could not receive data: 9
[ 21173][E][WiFiUdp.cpp:221] parsePacket(): could not receive data: 9
[ 21178][E][WiFiUdp.cpp:221] parsePacket(): could not receive data: 9
[ 21183][E][WiFiUdp.cpp:221] parsePacket(): could not receive data: 9
[ 21188][E][WiFiUdp.cpp:221] parsePacket(): could not receive data: 9
[ 21193][E][WiFiUdp.cpp:221] parsePacket(): could not receive data: 9
[ 21198][E][WiFiUdp.cpp:221] parsePacket(): could not receive data: 9
[ 21203][E][WiFiUdp.cpp:221] parsePacket(): could not receive data: 9
[ 21208][E][WiFiUdp.cpp:221] parsePacket(): could not receive data: 9
[ 21213][E][WiFiUdp.cpp:221] parsePacket(): could not receive data: 9
[ 21218][E][WiFiUdp.cpp:221] parsePacket(): could not receive data: 9
[ 21223][E][WiFiUdp.cpp:221] parsePacket(): could not receive data: 9
[ 21228][E][WiFiUdp.cpp:221] parsePacket(): could not receive data: 9
[ 21233][E][WiFiUdp.cpp:221] parsePacket(): could not receive data: 9
[ 21238][E][WiFiUdp.cpp:221] parsePacket(): could not receive data: 9
[ 21243][E][WiFiUdp.cpp:221] parsePacket(): could not receive data: 9
[ 21248][E][WiFiUdp.cpp:221] parsePacket(): could not receive data: 9
[ 21253][E][WiFiUdp.cpp:221] parsePacket(): could not receive data: 9
[ 21258][E][WiFiUdp.cpp:221] parsePacket(): could not receive data: 9
[ 21263][E][WiFiUdp.cpp:221] parsePacket(): could not receive data: 9
[ 21268][E][WiFiUdp.cpp:221] parsePacket(): could not receive data: 9
[ 21273][E][WiFiUdp.cpp:221] parsePacket(): could not receive data: 9
[ 21278][E][WiFiUdp.cpp:221] parsePacket(): could not receive data: 9
[ 21283][E][WiFiUdp.cpp:221] parsePacket(): could not receive data: 9
[ 21288][E][WiFiUdp.cpp:221] parsePacket(): could not receive data: 9
[ 21293][E][WiFiUdp.cpp:221] parsePacket(): could not receive data: 9
[ 21298][E][WiFiUdp.cpp:221] parsePacket(): could not receive data: 9
[ 21303][E][WiFiUdp.cpp:221] parsePacket(): could not receive data: 9
[ 21308][E][WiFiUdp.cpp:221] parsePacket(): could not receive data: 9
[ 21313][E][WiFiUdp.cpp:221] parsePacket(): could not receive data: 9
[ 21318][E][WiFiUdp.cpp:221] parsePacket(): could not receive data: 9
[ 21323][E][WiFiUdp.cpp:221] parsePacket(): could not receive data: 9
[ 21328][E][WiFiUdp.cpp:221] parsePacket(): could not receive data: 9
[ 21333][E][WiFiUdp.cpp:221] parsePacket(): could not receive data: 9
[ 21338][E][WiFiUdp.cpp:221] parsePacket(): could not receive data: 9
[ 21343][E][WiFiUdp.cpp:221] parsePacket(): could not receive data: 9
[ 21348][E][WiFiUdp.cpp:221] parsePacket(): could not receive data: 9
[ 21353][E][WiFiUdp.cpp:221] parsePacket(): could not receive data: 9
[ 21358][E][WiFiUdp.cpp:221] parsePacket(): could not receive data: 9
[ 21363][E][WiFiUdp.cpp:221] parsePacket(): could not receive data: 9
[ 21368][E][WiFiUdp.cpp:221] parsePacket(): could not receive data: 9
[ 21374][E][WiFiUdp.cpp:221] parsePacket(): could not receive data: 9
[ 21379][E][WiFiUdp.cpp:221] parsePacket(): could not receive data: 9
[ 21384][E][WiFiUdp.cpp:221] parsePacket(): could not receive data: 9
[ 21390][E][WiFiUdp.cpp:221] parsePacket(): could not receive data: 9
[ 21395][E][WiFiUdp.cpp:221] parsePacket(): could not receive data: 9
[ 21400][E][WiFiUdp.cpp:221] parsePacket(): could not receive data: 9
[ 21406][E][WiFiUdp.cpp:221] parsePacket(): could not receive data: 9
[ 21411][E][WiFiUdp.cpp:221] parsePacket(): could not receive data: 9
[ 21417][E][WiFiUdp.cpp:221] parsePacket(): could not receive data: 9
[ 21422][E][WiFiUdp.cpp:221] parsePacket(): could not receive data: 9
[ 21428][E][WiFiUdp.cpp:221] parsePacket(): could not receive data: 9
[ 21433][E][WiFiUdp.cpp:221] parsePacket(): could not receive data: 9
[ 21438][E][WiFiUdp.cpp:221] parsePacket(): could not receive data: 9
[ 21443][E][WiFiUdp.cpp:221] parsePacket(): could not receive data: 9
[ 21448][E][WiFiUdp.cpp:221] parsePacket(): could not receive data: 9
[ 21455][E][WiFiUdp.cpp:221] parsePacket(): could not receive data: 9
[ 21460][E][WiFiUdp.cpp:221] parsePacket(): could not receive data: 9
[ 21464][E][WiFiUdp.cpp:221] parsePacket(): could not receive data: 9
[ 21469][E][WiFiUdp.cpp:221] parsePacket(): could not receive data: 9
[ 21474][E][WiFiUdp.cpp:221] parsePacket(): could not receive data: 9
[ 21479][E][WiFiUdp.cpp:221] parsePacket(): could not receive data: 9
[ 21484][E][WiFiUdp.cpp:221] parsePacket(): could not receive data: 9
[ 21489][E][WiFiUdp.cpp:221] parsePacket(): could not receive data: 9
[ 21494][E][WiFiUdp.cpp:221] parsePacket(): could not receive data: 9
[ 21499][E][WiFiUdp.cpp:221] parsePacket(): could not receive data: 9
[ 21504][E][WiFiUdp.cpp:221] parsePacket(): could not receive data: 9
[ 21510][E][WiFiUdp.cpp:221] parsePacket(): could not receive data: 9
[ 21516][E][WiFiUdp.cpp:221] parsePacket(): could not receive data: 9
[ 21521][E][WiFiUdp.cpp:221] parsePacket(): could not receive data: 9
[ 21526][E][WiFiUdp.cpp:221] parsePacket(): could not receive data: 9
[ 21531][E][WiFiUdp.cpp:221] parsePacket(): could not receive data: 9
[ 21536][E][WiFiUdp.cpp:221] parsePacket(): could not receive data: 9
[ 21541][E][WiFiUdp.cpp:221] parsePacket(): could not receive data: 9
[ 21546][E][WiFiUdp.cpp:221] parsePacket(): could not receive data: 9
[ 21551][E][WiFiUdp.cpp:221] parsePacket(): could not receive data: 9
[ 21556][E][WiFiUdp.cpp:221] parsePacket(): could not receive data: 9
[ 21561][E][WiFiUdp.cpp:221] parsePacket(): could not receive data: 9
[ 21566][E][WiFiUdp.cpp:221] parsePacket(): could not receive data: 9
[ 21571][E][WiFiUdp.cpp:221] parsePacket(): could not receive data: 9
[ 21576][E][WiFiUdp.cpp:221] parsePacket(): could not receive data: 9
[ 21581][E][WiFiUdp.cpp:221] parsePacket(): could not receive data: 9
[ 21586][E][WiFiUdp.cpp:221] parsePacket(): could not receive data: 9
[ 21591][E][WiFiUdp.cpp:221] parsePacket(): could not receive data: 9
[ 21596][E][WiFiUdp.cpp:221] parsePacket(): could not receive data: 9
[ 21601][E][WiFiUdp.cpp:221] parsePacket(): could not receive data: 9
[ 21606][E][WiFiUdp.cpp:221] parsePacket(): could not receive data: 9
[ 21611][E][WiFiUdp.cpp:221] parsePacket(): could not receive data: 9
[ 21616][E][WiFiUdp.cpp:221] parsePacket(): could not receive data: 9
[ 21621][E][WiFiUdp.cpp:221] parsePacket(): could not receive data: 9
[ 21626][E][WiFiUdp.cpp:221] parsePacket(): could not receive data: 9
[ 21631][E][WiFiUdp.cpp:221] parsePacket(): could not receive data: 9
[ 21636][E][WiFiUdp.cpp:221] parsePacket(): could not receive data: 9
[ 21641][E][WiFiUdp.cpp:221] parsePacket(): could not receive data: 9
[ 21646][E][WiFiUdp.cpp:221] parsePacket(): could not receive data: 9
[ 21651][E][WiFiUdp.cpp:221] parsePacket(): could not receive data: 9
[ 21656][E][WiFiUdp.cpp:221] parsePacket(): could not receive data: 9
[ 21661][E][WiFiUdp.cpp:221] parsePacket(): could not receive data: 9
[ 21666][E][WiFiUdp.cpp:221] parsePacket(): could not receive data: 9
[ 21671][E][WiFiUdp.cpp:221] parsePacket(): could not receive data: 9
[ 21676][E][WiFiUdp.cpp:221] parsePacket(): could not receive data: 9
[ 21681][E][WiFiUdp.cpp:221] parsePacket(): could not receive data: 9
[ 21686][E][WiFiUdp.cpp:221] parsePacket(): could not receive data: 9
[ 21691][E][WiFiUdp.cpp:221] parsePacket(): could not receive data: 9
[ 21696][E][WiFiUdp.cpp:221] parsePacket(): could not receive data: 9
[ 21701][E][WiFiUdp.cpp:221] parsePacket(): could not receive data: 9
[ 21706][E][WiFiUdp.cpp:221] parsePacket(): could not receive data: 9
[ 21711][E][WiFiUdp.cpp:221] parsePacket(): could not receive data: 9
[ 21716][E][WiFiUdp.cpp:221] parsePacket(): could not receive data: 9
[ 21721][E][WiFiUdp.cpp:221] parsePacket(): could not receive data: 9
[ 21726][E][WiFiUdp.cpp:221] parsePacket(): could not receive data: 9
[ 21731][E][WiFiUdp.cpp:221] parsePacket(): could not receive data: 9
[ 21736][E][WiFiUdp.cpp:221] parsePacket(): could not receive data: 9
[ 21741][E][WiFiUdp.cpp:221] parsePacket(): could not receive data: 9
[ 21746][E][WiFiUdp.cpp:221] parsePacket(): could not receive data: 9
[ 21751][E][WiFiUdp.cpp:221] parsePacket(): could not receive data: 9
[ 21756][E][WiFiUdp.cpp:221] parsePacket(): could not receive data: 9
[ 21761][E][WiFiUdp.cpp:221] parsePacket(): could not receive data: 9
[ 21766][E][WiFiUdp.cpp:221] parsePacket(): could not receive data: 9
[ 21771][E][WiFiUdp.cpp:221] parsePacket(): could not receive data: 9
[ 21776][E][WiFiUdp.cpp:221] parsePacket(): could not receive data: 9
[ 21781][E][WiFiUdp.cpp:221] parsePacket(): could not receive data: 9
[ 21786][E][WiFiUdp.cpp:221] parsePacket(): could not receive data: 9
[ 21791][E][WiFiUdp.cpp:221] parsePacket(): could not receive data: 9
[ 21796][E][WiFiUdp.cpp:221] parsePacket(): could not receive data: 9
[ 21801][E][WiFiUdp.cpp:221] parsePacket(): could not receive data: 9
[ 21806][E][WiFiUdp.cpp:221] parsePacket(): could not receive data: 9
[ 21811][E][WiFiUdp.cpp:221] parsePacket(): could not receive data: 9
[ 21816][E][WiFiUdp.cpp:221] parsePacket(): could not receive data: 9
[ 21821][E][WiFiUdp.cpp:221] parsePacket(): could not receive data: 9
[ 21826][E][WiFiUdp.cpp:221] parsePacket(): could not receive data: 9
[ 21831][E][WiFiUdp.cpp:221] parsePacket(): could not receive data: 9
[ 21836][E][WiFiUdp.cpp:221] parsePacket(): could not receive data: 9
[ 21841][E][WiFiUdp.cpp:221] parsePacket(): could not receive data: 9
[ 21846][E][WiFiUdp.cpp:221] parsePacket(): could not receive data: 9
[ 21851][E][WiFiUdp.cpp:221] parsePacket(): could not receive data: 9
[ 21856][E][WiFiUdp.cpp:221] parsePacket(): could not receive data: 9
[ 21861][E][WiFiUdp.cpp:221] parsePacket(): could not receive data: 9
[ 21866][E][WiFiUdp.cpp:221] parsePacket(): could not receive data: 9
[ 21871][E][WiFiUdp.cpp:221] parsePacket(): could not receive data: 9
[ 21876][E][WiFiUdp.cpp:221] parsePacket(): could not receive data: 9
[ 21881][E][WiFiUdp.cpp:221] parsePacket(): could not receive data: 9
[ 21886][E][WiFiUdp.cpp:221] parsePacket(): could not receive data: 9
[ 21891][E][WiFiUdp.cpp:221] parsePacket(): could not receive data: 9
[ 21896][E][WiFiUdp.cpp:221] parsePacket(): could not receive data: 9
[ 21901][E][WiFiUdp.cpp:221] parsePacket(): could not receive data: 9
[ 21906][E][WiFiUdp.cpp:221] parsePacket(): could not receive data: 9
[ 21911][E][WiFiUdp.cpp:221] parsePacket(): could not receive data: 9
[ 21916][E][WiFiUdp.cpp:221] parsePacket(): could not receive data: 9
[ 21921][E][WiFiUdp.cpp:221] parsePacket(): could not receive data: 9
[ 21926][E][WiFiUdp.cpp:221] parsePacket(): could not receive data: 9
[ 21931][E][WiFiUdp.cpp:221] parsePacket(): could not receive data: 9
[ 21936][E][WiFiUdp.cpp:221] parsePacket(): could not receive data: 9
[ 21941][E][WiFiUdp.cpp:221] parsePacket(): could not receive data: 9
[ 21946][E][WiFiUdp.cpp:221] parsePacket(): could not receive data: 9
[ 21951][E][WiFiUdp.cpp:221] parsePacket(): could not receive data: 9
[ 21957][E][WiFiUdp.cpp:221] parsePacket(): could not receive data: 9
[ 21962][E][WiFiUdp.cpp:221] parsePacket(): could not receive data: 9
[ 21967][E][WiFiUdp.cpp:221] parsePacket(): could not receive data: 9
[ 21973][E][WiFiUdp.cpp:221] parsePacket(): could not receive data: 9
[ 21979][E][WiFiUdp.cpp:221] parsePacket(): could not receive data: 9
[ 21984][E][WiFiUdp.cpp:221] parsePacket(): could not receive data: 9
[ 21989][E][WiFiUdp.cpp:221] parsePacket(): could not receive data: 9
[ 21994][E][WiFiUdp.cpp:221] parsePacket(): could not receive data: 9
[ 21999][E][WiFiUdp.cpp:221] parsePacket(): could not receive data: 9
[ 22004][E][WiFiUdp.cpp:221] parsePacket(): could not receive data: 9
[ 22009][E][WiFiUdp.cpp:221] parsePacket(): could not receive data: 9
[ 22014][E][WiFiUdp.cpp:221] parsePacket(): could not receive data: 9
[ 22019][E][WiFiUdp.cpp:221] parsePacket(): could not receive data: 9
[ 22024][E][WiFiUdp.cpp:221] parsePacket(): could not receive data: 9
[ 22029][E][WiFiUdp.cpp:221] parsePacket(): could not receive data: 9
[ 22034][E][WiFiUdp.cpp:221] parsePacket(): could not receive data: 9
[ 22039][E][WiFiUdp.cpp:221] parsePacket(): could not receive data: 9
[ 22044][E][WiFiUdp.cpp:221] parsePacket(): could not receive data: 9
[ 22049][E][WiFiUdp.cpp:221] parsePacket(): could not receive data: 9
[ 22054][E][WiFiUdp.cpp:221] parsePacket(): could not receive data: 9
[ 22059][E][WiFiUdp.cpp:221] parsePacket(): could not receive data: 9
[ 22064][E][WiFiUdp.cpp:221] parsePacket(): could not receive data: 9
[ 22069][E][WiFiUdp.cpp:221] parsePacket(): could not receive data: 9
[ 22074][E][WiFiUdp.cpp:221] parsePacket(): could not receive data: 9
[ 22080][E][WiFiUdp.cpp:221] parsePacket(): could not receive data: 9
[ 22085][E][WiFiUdp.cpp:221] parsePacket(): could not receive data: 9
[ 22090][E][WiFiUdp.cpp:221] parsePacket(): could not receive data: 9
[ 22097][E][WiFiUdp.cpp:221] parsePacket(): could not receive data: 9
[ 22102][E][WiFiUdp.cpp:221] parsePacket(): could not receive data: 9
[ 22108][E][WiFiUdp.cpp:221] parsePacket(): could not receive data: 9
[ 22113][E][WiFiUdp.cpp:221] parsePacket(): could not receive data: 9
[ 22118][E][WiFiUdp.cpp:221] parsePacket(): could not receive data: 9
[ 22123][E][WiFiUdp.cpp:221] parsePacket(): could not receive data: 9
[ 22128][E][WiFiUdp.cpp:221] parsePacket(): could not receive data: 9
[ 22133][E][WiFiUdp.cpp:221] parsePacket(): could not receive data: 9
[ 22138][E][WiFiUdp.cpp:221] parsePacket(): could not receive data: 9
[ 22143][E][WiFiUdp.cpp:221] parsePacket(): could not receive data: 9
[ 22149][E][WiFiUdp.cpp:221] parsePacket(): could not receive data: 9
[ 22154][E][WiFiUdp.cpp:221] parsePacket(): could not receive data: 9
[ 22159][E][WiFiUdp.cpp:221] parsePacket(): could not receive data: 9
[ 22164][E][WiFiUdp.cpp:221] parsePacket(): could not receive data: 9
[ 22169][E][WiFiUdp.cpp:221] parsePacket(): could not receive data: 9
[ 22174][E][WiFiUdp.cpp:221] parsePacket(): could not receive data: 9
[ 22179][E][WiFiUdp.cpp:221] parsePacket(): could not receive data: 9
[ 22184][E][WiFiUdp.cpp:221] parsePacket(): could not receive data: 9
[ 22189][E][WiFiUdp.cpp:221] parsePacket(): could not receive data: 9
[ 22194][E][WiFiUdp.cpp:221] parsePacket(): could not receive data: 9
[ 22199][E][WiFiUdp.cpp:221] parsePacket(): could not receive data: 9
[ 22204][E][WiFiUdp.cpp:221] parsePacket(): could not receive data: 9
[ 22209][E][WiFiUdp.cpp:221] parsePacket(): could not receive data: 9
[ 22214][E][WiFiUdp.cpp:221] parsePacket(): could not receive data: 9
[ 22219][E][WiFiUdp.cpp:221] parsePacket(): could not receive data: 9
[ 22225][E][WiFiUdp.cpp:221] parsePacket(): could not receive data: 9
[ 22230][E][WiFiUdp.cpp:221] parsePacket(): could not receive data: 9
[ 22235][E][WiFiUdp.cpp:221] parsePacket(): could not receive data: 9
[ 22240][E][WiFiUdp.cpp:221] parsePacket(): could not receive data: 9
[ 22245][E][WiFiUdp.cpp:221] parsePacket(): could not receive data: 9
[ 22250][E][WiFiUdp.cpp:221] parsePacket(): could not receive data: 9
[ 22255][E][WiFiUdp.cpp:221] parsePacket(): could not receive data: 9
[ 22260][E][WiFiUdp.cpp:221] parsePacket(): could not receive data: 9
[ 22265][E][WiFiUdp.cpp:221] parsePacket(): could not receive data: 9
[ 22270][E][WiFiUdp.cpp:221] parsePacket(): could not receive data: 9
[ 22275][E][WiFiUdp.cpp:221] parsePacket(): could not receive data: 9
[ 22280][E][WiFiUdp.cpp:221] parsePacket(): could not receive data: 9
[ 22285][E][WiFiUdp.cpp:221] parsePacket(): could not receive data: 9
[ 22290][E][WiFiUdp.cpp:221] parsePacket(): could not receive data: 9
[ 22295][E][WiFiUdp.cpp:221] parsePacket(): could not receive data: 9
[ 22300][E][WiFiUdp.cpp:221] parsePacket(): could not receive data: 9
[ 22305][E][WiFiUdp.cpp:221] parsePacket(): could not receive data: 9
[ 22310][E][WiFiUdp.cpp:221] parsePacket(): could not receive data: 9
[ 22315][E][WiFiUdp.cpp:221] parsePacket(): could not receive data: 9
[ 22320][E][WiFiUdp.cpp:221] parsePacket(): could not receive data: 9
[ 22325][E][WiFiUdp.cpp:221] parsePacket(): could not receive data: 9
[ 22330][E][WiFiUdp.cpp:221] parsePacket(): could not receive data: 9
[ 22335][E][WiFiUdp.cpp:221] parsePacket(): could not receive data: 9
[ 22340][E][WiFiUdp.cpp:221] parsePacket(): could not receive data: 9
[ 22345][E][WiFiUdp.cpp:221] parsePacket(): could not receive data: 9
[ 22350][E][WiFiUdp.cpp:221] parsePacket(): could not receive data: 9
[ 22355][E][WiFiUdp.cpp:221] parsePacket(): could not receive data: 9
[ 22360][E][WiFiUdp.cpp:221] parsePacket(): could not receive data: 9
[ 22365][E][WiFiUdp.cpp:221] parsePacket(): could not receive data: 9
[ 22370][E][WiFiUdp.cpp:221] parsePacket(): could not receive data: 9
[ 22375][E][WiFiUdp.cpp:221] parsePacket(): could not receive data: 9
[ 22380][E][WiFiUdp.cpp:221] parsePacket(): could not receive data: 9
[ 22385][E][WiFiUdp.cpp:221] parsePacket(): could not receive data: 9
[ 22390][E][WiFiUdp.cpp:221] parsePacket(): could not receive data: 9
[ 22395][E][WiFiUdp.cpp:221] parsePacket(): could not receive data: 9
[ 22400][E][WiFiUdp.cpp:221] parsePacket(): could not receive data: 9
[ 22405][E][WiFiUdp.cpp:221] parsePacket(): could not receive data: 9
[ 22410][E][WiFiUdp.cpp:221] parsePacket(): could not receive data: 9
[ 22415][E][WiFiUdp.cpp:221] parsePacket(): could not receive data: 9
[ 22420][E][WiFiUdp.cpp:221] parsePacket(): could not receive data: 9
[ 22425][E][WiFiUdp.cpp:221] parsePacket(): could not receive data: 9
[ 22430][E][WiFiUdp.cpp:221] parsePacket(): could not receive data: 9
[ 22436][E][WiFiUdp.cpp:221] parsePacket(): could not receive data: 9
[ 22442][E][WiFiUdp.cpp:221] parsePacket(): could not receive data: 9
[ 22447][E][WiFiUdp.cpp:221] parsePacket(): could not receive data: 9
[ 22452][E][WiFiUdp.cpp:221] parsePacket(): could not receive data: 9
[ 22457][E][WiFiUdp.cpp:221] parsePacket(): could not receive data: 9
[ 22462][E][WiFiUdp.cpp:221] parsePacket(): could not receive data: 9
[ 22467][E][WiFiUdp.cpp:221] parsePacket(): could not receive data: 9
[ 22473][E][WiFiUdp.cpp:221] parsePacket(): could not receive data: 9
[ 22479][E][WiFiUdp.cpp:221] parsePacket(): could not receive data: 9
[ 22484][E][WiFiUdp.cpp:221] parsePacket(): could not receive data: 9
[ 22490][E][WiFiUdp.cpp:221] parsePacket(): could not receive data: 9
[ 22496][E][WiFiUdp.cpp:221] parsePacket(): could not receive data: 9
[ 22501][E][WiFiUdp.cpp:221] parsePacket(): could not receive data: 9
[ 22507][E][WiFiUdp.cpp:221] parsePacket(): could not receive data: 9
[ 22513][E][WiFiUdp.cpp:221] parsePacket(): could not receive data: 9
[ 22518][E][WiFiUdp.cpp:221] parsePacket(): could not receive data: 9
[ 22523][E][WiFiUdp.cpp:221] parsePacket(): could not receive data: 9
[ 22528][E][WiFiUdp.cpp:221] parsePacket(): could not receive data: 9
[ 22533][E][WiFiUdp.cpp:221] parsePacket(): could not receive data: 9
[ 22538][E][WiFiUdp.cpp:221] parsePacket(): could not receive data: 9
[ 22543][E][WiFiUdp.cpp:221] parsePacket(): could not receive data: 9
[ 22548][E][WiFiUdp.cpp:221] parsePacket(): could not receive data: 9
[ 22553][E][WiFiUdp.cpp:221] parsePacket(): could not receive data: 9
[ 22558][E][WiFiUdp.cpp:221] parsePacket(): could not receive data: 9
[ 22563][E][WiFiUdp.cpp:221] parsePacket(): could not receive data: 9
[ 22568][E][WiFiUdp.cpp:221] parsePacket(): could not receive data: 9
[ 22573][E][WiFiUdp.cpp:221] parsePacket(): could not receive data: 9
[ 22578][E][WiFiUdp.cpp:221] parsePacket(): could not receive data: 9
[ 22583][E][WiFiUdp.cpp:221] parsePacket(): could not receive data: 9
[ 22588][E][WiFiUdp.cpp:221] parsePacket(): could not receive data: 9
[ 22593][E][WiFiUdp.cpp:221] parsePacket(): could not receive data: 9
[ 22598][E][WiFiUdp.cpp:221] parsePacket(): could not receive data: 9
[ 22603][E][WiFiUdp.cpp:221] parsePacket(): could not receive data: 9
[ 22609][E][WiFiUdp.cpp:221] parsePacket(): could not receive data: 9
[ 22614][E][WiFiUdp.cpp:221] parsePacket(): could not receive data: 9
[ 22619][E][WiFiUdp.cpp:221] parsePacket(): could not receive data: 9
[ 22624][E][WiFiUdp.cpp:221] parsePacket(): could not receive data: 9
[ 22629][E][WiFiUdp.cpp:221] parsePacket(): could not receive data: 9
[ 22634][E][WiFiUdp.cpp:221] parsePacket(): could not receive data: 9
[ 22639][E][WiFiUdp.cpp:221] parsePacket(): could not receive data: 9
[ 22644][E][WiFiUdp.cpp:221] parsePacket(): could not receive data: 9
[ 22649][E][WiFiUdp.cpp:221] parsePacket(): could not receive data: 9
[ 22654][E][WiFiUdp.cpp:221] parsePacket(): could not receive data: 9
[ 22659][E][WiFiUdp.cpp:221] parsePacket(): could not receive data: 9
[ 22664][E][WiFiUdp.cpp:221] parsePacket(): could not receive data: 9
[ 22669][E][WiFiUdp.cpp:221] parsePacket(): could not receive data: 9
[ 22674][E][WiFiUdp.cpp:221] parsePacket(): could not receive data: 9
[ 22679][E][WiFiUdp.cpp:221] parsePacket(): could not receive data: 9
[ 22684][E][WiFiUdp.cpp:221] parsePacket(): could not receive data: 9
[ 22689][E][WiFiUdp.cpp:221] parsePacket(): could not receive data: 9
[ 22694][E][WiFiUdp.cpp:221] parsePacket(): could not receive data: 9
[ 22699][E][WiFiUdp.cpp:221] parsePacket(): could not receive data: 9
[ 22704][E][WiFiUdp.cpp:221] parsePacket(): could not receive data: 9
[ 22709][E][WiFiUdp.cpp:221] parsePacket(): could not receive data: 9
[ 22714][E][WiFiUdp.cpp:221] parsePacket(): could not receive data: 9
[ 22719][E][WiFiUdp.cpp:221] parsePacket(): could not receive data: 9
[ 22724][E][WiFiUdp.cpp:221] parsePacket(): could not receive data: 9
[ 22729][E][WiFiUdp.cpp:221] parsePacket(): could not receive data: 9
[ 22734][E][WiFiUdp.cpp:221] parsePacket(): could not receive data: 9
[ 22739][E][WiFiUdp.cpp:221] parsePacket(): could not receive data: 9
[ 22744][E][WiFiUdp.cpp:221] parsePacket(): could not receive data: 9
[ 22749][E][WiFiUdp.cpp:221] parsePacket(): could not receive data: 9
[ 22754][E][WiFiUdp.cpp:221] parsePacket(): could not receive data: 9
[ 22759][E][WiFiUdp.cpp:221] parsePacket(): could not receive data: 9
[ 22764][E][WiFiUdp.cpp:221] parsePacket(): could not receive data: 9
[ 22769][E][WiFiUdp.cpp:221] parsePacket(): could not receive data: 9
[ 22774][E][WiFiUdp.cpp:221] parsePacket(): could not receive data: 9
[ 22780][E][WiFiUdp.cpp:221] parsePacket(): could not receive data: 9
[ 22785][E][WiFiUdp.cpp:221] parsePacket(): could not receive data: 9
[ 22790][E][WiFiUdp.cpp:221] parsePacket(): could not receive data: 9
[ 22795][E][WiFiUdp.cpp:221] parsePacket(): could not receive data: 9
[ 22800][E][WiFiUdp.cpp:221] parsePacket(): could not receive data: 9
[ 22805][E][WiFiUdp.cpp:221] parsePacket(): could not receive data: 9
[ 22810][E][WiFiUdp.cpp:221] parsePacket(): could not receive data: 9
[ 22815][E][WiFiUdp.cpp:221] parsePacket(): could not receive data: 9
[ 22820][E][WiFiUdp.cpp:221] parsePacket(): could not receive data: 9
[ 22825][E][WiFiUdp.cpp:221] parsePacket(): could not receive data: 9
[ 22830][E][WiFiUdp.cpp:221] parsePacket(): could not receive data: 9
[ 22835][E][WiFiUdp.cpp:221] parsePacket(): could not receive data: 9
[ 22840][E][WiFiUdp.cpp:221] parsePacket(): could not receive data: 9
[ 22845][E][WiFiUdp.cpp:221] parsePacket(): could not receive data: 9
[ 22850][E][WiFiUdp.cpp:221] parsePacket(): could not receive data: 9
[ 22855][E][WiFiUdp.cpp:221] parsePacket(): could not receive data: 9
[ 22860][E][WiFiUdp.cpp:221] parsePacket(): could not receive data: 9
[ 22865][E][WiFiUdp.cpp:221] parsePacket(): could not receive data: 9
[ 22870][E][WiFiUdp.cpp:221] parsePacket(): could not receive data: 9
[ 22875][E][WiFiUdp.cpp:221] parsePacket(): could not receive data: 9
[ 22880][E][WiFiUdp.cpp:221] parsePacket(): could not receive data: 9
[ 22885][E][WiFiUdp.cpp:221] parsePacket(): could not receive data: 9
[ 22890][E][WiFiUdp.cpp:221] parsePacket(): could not receive data: 9
[ 22895][E][WiFiUdp.cpp:221] parsePacket(): could not receive data: 9
[ 22900][E][WiFiUdp.cpp:221] parsePacket(): could not receive data: 9
[ 22906][E][WiFiUdp.cpp:221] parsePacket(): could not receive data: 9
[ 22911][E][WiFiUdp.cpp:221] parsePacket(): could not receive data: 9
[ 22916][E][WiFiUdp.cpp:221] parsePacket(): could not receive data: 9
[ 22921][E][WiFiUdp.cpp:221] parsePacket(): could not receive data: 9
[ 22926][E][WiFiUdp.cpp:221] parsePacket(): could not receive data: 9
[ 22931][E][WiFiUdp.cpp:221] parsePacket(): could not receive data: 9
[ 22936][E][WiFiUdp.cpp:221] parsePacket(): could not receive data: 9
[ 22941][E][WiFiUdp.cpp:221] parsePacket(): could not receive data: 9
[ 22946][E][WiFiUdp.cpp:221] parsePacket(): could not receive data: 9
[ 22951][E][WiFiUdp.cpp:221] parsePacket(): could not receive data: 9
[ 22956][E][WiFiUdp.cpp:221] parsePacket(): could not receive data: 9
[ 22961][E][WiFiUdp.cpp:221] parsePacket(): could not receive data: 9
[ 22966][E][WiFiUdp.cpp:221] parsePacket(): could not receive data: 9
[ 22971][E][WiFiUdp.cpp:221] parsePacket(): could not receive data: 9
[ 22976][E][WiFiUdp.cpp:221] parsePacket(): could not receive data: 9
[ 22981][E][WiFiUdp.cpp:221] parsePacket(): could not receive data: 9
[ 22986][E][WiFiUdp.cpp:221] parsePacket(): could not receive data: 9
[ 22991][E][WiFiUdp.cpp:221] parsePacket(): could not receive data: 9
[ 22996][E][WiFiUdp.cpp:221] parsePacket(): could not receive data: 9
[ 23001][E][WiFiUdp.cpp:221] parsePacket(): could not receive data: 9
[ 23006][E][WiFiUdp.cpp:221] parsePacket(): could not receive data: 9
[ 23011][E][WiFiUdp.cpp:221] parsePacket(): could not receive data: 9
[ 23016][E][WiFiUdp.cpp:221] parsePacket(): could not receive data: 9
[ 23021][E][WiFiUdp.cpp:221] parsePacket(): could not receive data: 9
[ 23026][E][WiFiUdp.cpp:221] parsePacket(): could not receive data: 9
[ 23031][E][WiFiUdp.cpp:221] parsePacket(): could not receive data: 9
[ 23036][E][WiFiUdp.cpp:221] parsePacket(): could not receive data: 9
[ 23041][E][WiFiUdp.cpp:221] parsePacket(): could not receive data: 9
[ 23046][E][WiFiUdp.cpp:221] parsePacket(): could not receive data: 9
[ 23051][E][WiFiUdp.cpp:221] parsePacket(): could not receive data: 9
[ 23056][E][WiFiUdp.cpp:221] parsePacket(): could not receive data: 9
[ 23061][E][WiFiUdp.cpp:221] parsePacket(): could not receive data: 9
[ 23067][E][WiFiUdp.cpp:221] parsePacket(): could not receive data: 9
[ 23074][E][WiFiUdp.cpp:221] parsePacket(): could not receive data: 9
[ 23079][E][WiFiUdp.cpp:221] parsePacket(): could not receive data: 9
[ 23085][E][WiFiUdp.cpp:221] parsePacket(): could not receive data: 9
[ 23091][E][WiFiUdp.cpp:221] parsePacket(): could not receive data: 9
[ 23097][E][WiFiUdp.cpp:221] parsePacket(): could not receive data: 9
[ 23105][E][WiFiUdp.cpp:221] parsePacket(): could not receive data: 9
[ 23110][E][WiFiUdp.cpp:221] parsePacket(): could not receive data: 9
[ 23115][E][WiFiUdp.cpp:221] parsePacket(): could not receive data: 9
[ 23122][E][WiFiUdp.cpp:221] parsePacket(): could not receive data: 9
[ 23127][E][WiFiUdp.cpp:221] parsePacket(): could not receive data: 9
[ 23134][E][WiFiUdp.cpp:221] parsePacket(): could not receive data: 9
[ 23140][E][WiFiUdp.cpp:221] parsePacket(): could not receive data: 9
[ 23146][E][WiFiUdp.cpp:221] parsePacket(): could not receive data: 9
[ 23152][E][WiFiUdp.cpp:221] parsePacket(): could not receive data: 9
[ 23159][E][WiFiUdp.cpp:221] parsePacket(): could not receive data: 9
[ 23165][E][WiFiUdp.cpp:221] parsePacket(): could not receive data: 9
[ 23171][E][WiFiUdp.cpp:221] parsePacket(): could not receive data: 9
[ 23178][E][WiFiUdp.cpp:221] parsePacket(): could not receive data: 9
[ 23184][E][WiFiUdp.cpp:221] parsePacket(): could not receive data: 9
[ 23190][E][WiFiUdp.cpp:221] parsePacket(): could not receive data: 9
[ 23195][E][WiFiUdp.cpp:221] parsePacket(): could not receive data: 9
[ 23200][E][WiFiUdp.cpp:221] parsePacket(): could not receive data: 9
[ 23206][E][WiFiUdp.cpp:221] parsePacket(): could not receive data: 9
[ 23211][E][WiFiUdp.cpp:221] parsePacket(): could not receive data: 9
[ 23217][E][WiFiUdp.cpp:221] parsePacket(): could not receive data: 9
[ 23223][E][WiFiUdp.cpp:221] parsePacket(): could not receive data: 9
[ 23228][E][WiFiUdp.cpp:221] parsePacket(): could not receive data: 9
[ 23233][E][WiFiUdp.cpp:221] parsePacket(): could not receive data: 9
[ 23238][E][WiFiUdp.cpp:221] parsePacket(): could not receive data: 9
[ 23243][E][WiFiUdp.cpp:221] parsePacket(): could not receive data: 9
[ 23249][E][WiFiUdp.cpp:221] parsePacket(): could not receive data: 9
[ 23255][E][WiFiUdp.cpp:221] parsePacket(): could not receive data: 9
[ 23260][E][WiFiUdp.cpp:221] parsePacket(): could not receive data: 9
[ 23265][E][WiFiUdp.cpp:221] parsePacket(): could not receive data: 9
[ 23271][E][WiFiUdp.cpp:221] parsePacket(): could not receive data: 9
[ 23278][E][WiFiUdp.cpp:221] parsePacket(): could not receive data: 9
[ 23284][E][WiFiUdp.cpp:221] parsePacket(): could not receive data: 9
[ 23291][E][WiFiUdp.cpp:221] parsePacket(): could not receive data: 9
[ 23297][E][WiFiUdp.cpp:221] parsePacket(): could not receive data: 9
[ 23304][E][WiFiUdp.cpp:221] parsePacket(): could not receive data: 9
[ 23310][E][WiFiUdp.cpp:221] parsePacket(): could not receive data: 9
[ 23316][E][WiFiUdp.cpp:221] parsePacket(): could not receive data: 9
[ 23321][E][WiFiUdp.cpp:221] parsePacket(): could not receive data: 9
[ 23326][E][WiFiUdp.cpp:221] parsePacket(): could not receive data: 9
[ 23331][E][WiFiUdp.cpp:221] parsePacket(): could not receive data: 9
[ 23336][E][WiFiUdp.cpp:221] parsePacket(): could not receive data: 9
[ 23341][E][WiFiUdp.cpp:221] parsePacket(): could not receive data: 9
[ 23346][E][WiFiUdp.cpp:221] parsePacket(): could not receive data: 9
[ 23351][E][WiFiUdp.cpp:221] parsePacket(): could not receive data: 9
[ 23357][E][WiFiUdp.cpp:221] parsePacket(): could not receive data: 9
[ 23362][E][WiFiUdp.cpp:221] parsePacket(): could not receive data: 9
[ 23368][E][WiFiUdp.cpp:221] parsePacket(): could not receive data: 9
[ 23373][E][WiFiUdp.cpp:221] parsePacket(): could not receive data: 9
[ 23378][E][WiFiUdp.cpp:221] parsePacket(): could not receive data: 9
[ 23383][E][WiFiUdp.cpp:221] parsePacket(): could not receive data: 9
[ 23388][E][WiFiUdp.cpp:221] parsePacket(): could not receive data: 9
[ 23393][E][WiFiUdp.cpp:221] parsePacket(): could not receive data: 9
[ 23398][E][WiFiUdp.cpp:221] parsePacket(): could not receive data: 9
[ 23403][E][WiFiUdp.cpp:221] parsePacket(): could not receive data: 9
[ 23409][E][WiFiUdp.cpp:221] parsePacket(): could not receive data: 9
[ 23415][E][WiFiUdp.cpp:221] parsePacket(): could not receive data: 9
[ 23420][E][WiFiUdp.cpp:221] parsePacket(): could not receive data: 9
[ 23425][E][WiFiUdp.cpp:221] parsePacket(): could not receive data: 9
[ 23431][E][WiFiUdp.cpp:221] parsePacket(): could not receive data: 9
[CON ]...Client disconnected. free heap=131464
[ 23439][E][WiFiUdp.cpp:221] parsePacket(): could not receive data: 9
[CON ]...accept() fd=50 free=133080
[CON ]...Client authenticated on port 2323. free heap=127872
-[ 23448][E][WiFiUdp.cpp:221] parsePacket(): could not receive data: 9
-[ 23456][E][WiFiUdp.cpp:221] parsePacket(): could not receive data: 9
s[ 23465][E][WiFiUdp.cpp:221] parsePacket(): could not receive data: 9
e[ 23473][E][WiFiUdp.cpp:221] parsePacket(): could not receive data: 9
t[ 23480][E][WiFiUdp.cpp:221] parsePacket(): could not receive data: 9
c[ 23488][E][WiFiUdp.cpp:221] parsePacket(): could not receive data: 9
a[ 23496][E][WiFiUdp.cpp:221] parsePacket(): could not receive data: 9
l[ 23504][E][WiFiUdp.cpp:221] parsePacket(): could not receive data: 9
l[ 23512][E][WiFiUdp.cpp:221] parsePacket(): could not receive data: 9
 [ 23520][E][WiFiUdp.cpp:221] parsePacket(): could not receive data: 9
T[ 23526][E][WiFiUdp.cpp:221] parsePacket(): could not receive data: 9
E[ 23532][E][WiFiUdp.cpp:221] parsePacket(): could not receive data: 9
5[ 23538][E][WiFiUdp.cpp:221] parsePacket(): could not receive data: 9
T[ 23544][E][WiFiUdp.cpp:221] parsePacket(): could not receive data: 9
-[ 23550][E][WiFiUdp.cpp:221] parsePacket(): could not receive data: 9
1[ 23556][E][WiFiUdp.cpp:221] parsePacket(): could not receive data: 9
[ 23563][E][WiFiUdp.cpp:221] parsePacket(): could not receive data: 9

Call:TE5T-1 Short:E5T40 set
[ 26104][E][WiFiUdp.cpp:221] parsePacket(): could not receive data: 9
[ 26128][E][WiFiUdp.cpp:221] parsePacket(): could not receive data: 9
[ 26137][E][WiFiUdp.cpp:221] parsePacket(): could not receive data: 9
[ 26145][E][WiFiUdp.cpp:221] parsePacket(): could not receive data: 9
[ 26151][E][WiFiUdp.cpp:221] parsePacket(): could not receive data: 9
[ 26158][E][WiFiUdp.cpp:221] parsePacket(): could not receive data: 9
[ 26164][E][WiFiUdp.cpp:221] parsePacket(): could not receive data: 9
[ 26170][E][WiFiUdp.cpp:221] parsePacket(): could not receive data: 9
[ 26176][E][WiFiUdp.cpp:221] parsePacket(): could not receive data: 9
[ 26185][E][WiFiUdp.cpp:221] parsePacket(): could not receive data: 9
[ 26192][E][WiFiUdp.cpp:221] parsePacket(): could not receive data: 9
[ 26200][E][WiFiUdp.cpp:221] parsePacket(): could not receive data: 9
[ 26206][E][WiFiUdp.cpp:221] parsePacket(): could not receive data: 9
[ 26212][E][WiFiUdp.cpp:221] parsePacket(): could not receive data: 9
[ 26219][E][WiFiUdp.cpp:221] parsePacket(): could not receive data: 9
[ 26226][E][WiFiUdp.cpp:221] parsePacket(): could not receive data: 9
[ 26232][E][WiFiUdp.cpp:221] parsePacket(): could not receive data: 9
[ 26238][E][WiFiUdp.cpp:221] parsePacket(): could not receive data: 9
[ 26245][E][WiFiUdp.cpp:221] parsePacket(): could not receive data: 9
[ 26251][E][WiFiUdp.cpp:221] parsePacket(): could not receive data: 9
[ 26257][E][WiFiUdp.cpp:221] parsePacket(): could not receive data: 9
[ 26263][E][WiFiUdp.cpp:221] parsePacket(): could not receive data: 9
[ 26269][E][WiFiUdp.cpp:221] parsePacket(): could not receive data: 9
[ 26275][E][WiFiUdp.cpp:221] parsePacket(): could not receive data: 9
[ 26282][E][WiFiUdp.cpp:221] parsePacket(): could not receive data: 9
[ 26288][E][WiFiUdp.cpp:221] parsePacket(): could not receive data: 9
[ 26296][E][WiFiUdp.cpp:221] parsePacket(): could not receive data: 9
[ 26304][E][WiFiUdp.cpp:221] parsePacket(): could not receive data: 9
[ 26312][E][WiFiUdp.cpp:221] parsePacket(): could not receive data: 9
[ 26319][E][WiFiUdp.cpp:221] parsePacket(): could not receive data: 9
[ 26326][E][WiFiUdp.cpp:221] parsePacket(): could not receive data: 9
[ 26333][E][WiFiUdp.cpp:221] parsePacket(): could not receive data: 9
[ 26340][E][WiFiUdp.cpp:221] parsePacket(): could not receive data: 9
[ 26348][E][WiFiUdp.cpp:221] parsePacket(): could not receive data: 9
[ 26356][E][WiFiUdp.cpp:221] parsePacket(): could not receive data: 9
[ 26363][E][WiFiUdp.cpp:221] parsePacket(): could not receive data: 9
[ 26370][E][WiFiUdp.cpp:221] parsePacket(): could not receive data: 9
[ 26377][E][WiFiUdp.cpp:221] parsePacket(): could not receive data: 9
[ 26384][E][WiFiUdp.cpp:221] parsePacket(): could not receive data: 9
[ 26391][E][WiFiUdp.cpp:221] parsePacket(): could not receive data: 9
[ 26398][E][WiFiUdp.cpp:221] parsePacket(): could not receive data: 9
[ 26405][E][WiFiUdp.cpp:221] parsePacket(): could not receive data: 9
[ 26411][E][WiFiUdp.cpp:221] parsePacket(): could not receive data: 9
[ 26418][E][WiFiUdp.cpp:221] parsePacket(): could not receive data: 9
[ 26423][E][WiFiUdp.cpp:221] parsePacket(): could not receive data: 9
[ 26430][E][WiFiUdp.cpp:221] parsePacket(): could not receive data: 9
[ 26435][E][WiFiUdp.cpp:221] parsePacket(): could not receive data: 9
[ 26441][E][WiFiUdp.cpp:221] parsePacket(): could not receive data: 9
[ 26448][E][WiFiUdp.cpp:221] parsePacket(): could not receive data: 9
[ 26454][E][WiFiUdp.cpp:221] parsePacket(): could not receive data: 9
[ 26460][E][WiFiUdp.cpp:221] parsePacket(): could not receive data: 9
[ 26467][E][WiFiUdp.cpp:221] parsePacket(): could not receive data: 9
[ 26475][E][WiFiUdp.cpp:221] parsePacket(): could not receive data: 9
[ 26483][E][WiFiUdp.cpp:221] parsePacket(): could not receive data: 9
[ 26490][E][WiFiUdp.cpp:221] parsePacket(): could not receive data: 9
[ 26497][E][WiFiUdp.cpp:221] parsePacket(): could not receive data: 9
[ 26504][E][WiFiUdp.cpp:221] parsePacket(): could not receive data: 9
[ 26510][E][WiFiUdp.cpp:221] parsePacket(): could not receive data: 9
[ 26517][E][WiFiUdp.cpp:221] parsePacket(): could not receive data: 9
[ 26524][E][WiFiUdp.cpp:221] parsePacket(): could not receive data: 9
[ 26531][E][WiFiUdp.cpp:221] parsePacket(): could not receive data: 9
[ 26538][E][WiFiUdp.cpp:221] parsePacket(): could not receive data: 9
[ 26545][E][WiFiUdp.cpp:221] parsePacket(): could not receive data: 9
[ 26552][E][WiFiUdp.cpp:221] parsePacket(): could not receive data: 9
[ 26559][E][WiFiUdp.cpp:221] parsePacket(): could not receive data: 9
[ 26566][E][WiFiUdp.cpp:221] parsePacket(): could not receive data: 9
[ 26572][E][WiFiUdp.cpp:221] parsePacket(): could not receive data: 9
[ 26578][E][WiFiUdp.cpp:221] parsePacket(): could not receive data: 9
[ 26584][E][WiFiUdp.cpp:221] parsePacket(): could not receive data: 9
[ 26590][E][WiFiUdp.cpp:221] parsePacket(): could not receive data: 9
[ 26596][E][WiFiUdp.cpp:221] parsePacket(): could not receive data: 9
[ 26603][E][WiFiUdp.cpp:221] parsePacket(): could not receive data: 9
[ 26610][E][WiFiUdp.cpp:221] parsePacket(): could not receive data: 9
[ 26617][E][WiFiUdp.cpp:221] parsePacket(): could not receive data: 9
[ 26624][E][WiFiUdp.cpp:221] parsePacket(): could not receive data: 9
[ 26631][E][WiFiUdp.cpp:221] parsePacket(): could not receive data: 9
[ 26637][E][WiFiUdp.cpp:221] parsePacket(): could not receive data: 9
[ 26643][E][WiFiUdp.cpp:221] parsePacket(): could not receive data: 9
[ 26649][E][WiFiUdp.cpp:221] parsePacket(): could not receive data: 9
[ 26655][E][WiFiUdp.cpp:221] parsePacket(): could not receive data: 9
[ 26662][E][WiFiUdp.cpp:221] parsePacket(): could not receive data: 9
[ 26670][E][WiFiUdp.cpp:221] parsePacket(): could not receive data: 9
[ 26677][E][WiFiUdp.cpp:221] parsePacket(): could not receive data: 9
[ 26684][E][WiFiUdp.cpp:221] parsePacket(): could not receive data: 9
[ 26690][E][WiFiUdp.cpp:221] parsePacket(): could not receive data: 9
[ 26697][E][WiFiUdp.cpp:221] parsePacket(): could not receive data: 9
[ 26705][E][WiFiUdp.cpp:221] parsePacket(): could not receive data: 9
[ 26712][E][WiFiUdp.cpp:221] parsePacket(): could not receive data: 9
[ 26718][E][WiFiUdp.cpp:221] parsePacket(): could not receive data: 9
[ 26724][E][WiFiUdp.cpp:221] parsePacket(): could not receive data: 9
[ 26730][E][WiFiUdp.cpp:221] parsePacket(): could not receive data: 9
[ 26736][E][WiFiUdp.cpp:221] parsePacket(): could not receive data: 9
[ 26742][E][WiFiUdp.cpp:221] parsePacket(): could not receive data: 9
[ 26748][E][WiFiUdp.cpp:221] parsePacket(): could not receive data: 9
[ 26754][E][WiFiUdp.cpp:221] parsePacket(): could not receive data: 9
[ 26760][E][WiFiUdp.cpp:221] parsePacket(): could not receive data: 9
[ 26768][E][WiFiUdp.cpp:221] parsePacket(): could not receive data: 9
[ 26776][E][WiFiUdp.cpp:221] parsePacket(): could not receive data: 9
[ 26783][E][WiFiUdp.cpp:221] parsePacket(): could not receive data: 9
[ 26789][E][WiFiUdp.cpp:221] parsePacket(): could not receive data: 9
[ 26795][E][WiFiUdp.cpp:221] parsePacket(): could not receive data: 9
[ 26801][E][WiFiUdp.cpp:221] parsePacket(): could not receive data: 9
[ 26807][E][WiFiUdp.cpp:221] parsePacket(): could not receive data: 9
[ 26813][E][WiFiUdp.cpp:221] parsePacket(): could not receive data: 9
[ 26819][E][WiFiUdp.cpp:221] parsePacket(): could not receive data: 9
[ 26825][E][WiFiUdp.cpp:221] parsePacket(): could not receive data: 9
[ 26833][E][WiFiUdp.cpp:221] parsePacket(): could not receive data: 9
[ 26841][E][WiFiUdp.cpp:221] parsePacket(): could not receive data: 9
[ 26849][E][WiFiUdp.cpp:221] parsePacket(): could not receive data: 9
[ 26856][E][WiFiUdp.cpp:221] parsePacket(): could not receive data: 9
[ 26863][E][WiFiUdp.cpp:221] parsePacket(): could not receive data: 9
[ 26870][E][WiFiUdp.cpp:221] parsePacket(): could not receive data: 9
[ 26876][E][WiFiUdp.cpp:221] parsePacket(): could not receive data: 9
[ 26883][E][WiFiUdp.cpp:221] parsePacket(): could not receive data: 9
[ 26889][E][WiFiUdp.cpp:221] parsePacket(): could not receive data: 9
[ 26896][E][WiFiUdp.cpp:221] parsePacket(): could not receive data: 9
[ 26902][E][WiFiUdp.cpp:221] parsePacket(): could not receive data: 9
[ 26909][E][WiFiUdp.cpp:221] parsePacket(): could not receive data: 9
[ 26915][E][WiFiUdp.cpp:221] parsePacket(): could not receive data: 9
[ 26922][E][WiFiUdp.cpp:221] parsePacket(): could not receive data: 9
[ 26929][E][WiFiUdp.cpp:221] parsePacket(): could not receive data: 9
[ 26936][E][WiFiUdp.cpp:221] parsePacket(): could not receive data: 9
[ 26943][E][WiFiUdp.cpp:221] parsePacket(): could not receive data: 9
[ 26950][E][WiFiUdp.cpp:221] parsePacket(): could not receive data: 9
[ 26956][E][WiFiUdp.cpp:221] parsePacket(): could not receive data: 9
[ 26963][E][WiFiUdp.cpp:221] parsePacket(): could not receive data: 9
[ 26969][E][WiFiUdp.cpp:221] parsePacket(): could not receive data: 9
[ 26975][E][WiFiUdp.cpp:221] parsePacket(): could not receive data: 9
[ 26981][E][WiFiUdp.cpp:221] parsePacket(): could not receive data: 9
[ 26988][E][WiFiUdp.cpp:221] parsePacket(): could not receive data: 9
[ 26995][E][WiFiUdp.cpp:221] parsePacket(): could not receive data: 9
[ 27001][E][WiFiUdp.cpp:221] parsePacket(): could not receive data: 9
[ 27007][E][WiFiUdp.cpp:221] parsePacket(): could not receive data: 9
[ 27013][E][WiFiUdp.cpp:221] parsePacket(): could not receive data: 9
[ 27019][E][WiFiUdp.cpp:221] parsePacket(): could not receive data: 9
[ 27026][E][WiFiUdp.cpp:221] parsePacket(): could not receive data: 9
[ 27033][E][WiFiUdp.cpp:221] parsePacket(): could not receive data: 9
[ 27040][E][WiFiUdp.cpp:221] parsePacket(): could not receive data: 9
[ 27047][E][WiFiUdp.cpp:221] parsePacket(): could not receive data: 9
[ 27054][E][WiFiUdp.cpp:221] parsePacket(): could not receive data: 9
[ 27061][E][WiFiUdp.cpp:221] parsePacket(): could not receive data: 9
[ 27069][E][WiFiUdp.cpp:221] parsePacket(): could not receive data: 9
[ 27077][E][WiFiUdp.cpp:221] parsePacket(): could not receive data: 9
[ 27086][E][WiFiUdp.cpp:221] parsePacket(): could not receive data: 9
[ 27094][E][WiFiUdp.cpp:221] parsePacket(): could not receive data: 9
[ 27101][E][WiFiUdp.cpp:221] parsePacket(): could not receive data: 9
[ 27107][E][WiFiUdp.cpp:221] parsePacket(): could not receive data: 9
[ 27112][E][WiFiUdp.cpp:221] parsePacket(): could not receive data: 9
[ 27117][E][WiFiUdp.cpp:221] parsePacket(): could not receive data: 9
[ 27122][E][WiFiUdp.cpp:221] parsePacket(): could not receive data: 9
[ 27129][E][WiFiUdp.cpp:221] parsePacket(): could not receive data: 9
[ 27135][E][WiFiUdp.cpp:221] parsePacket(): could not receive data: 9
[ 27142][E][WiFiUdp.cpp:221] parsePacket(): could not receive data: 9
[ 27149][E][WiFiUdp.cpp:221] parsePacket(): could not receive data: 9
[ 27155][E][WiFiUdp.cpp:221] parsePacket(): could not receive data: 9
[ 27161][E][WiFiUdp.cpp:221] parsePacket(): could not receive data: 9
[ 27166][E][WiFiUdp.cpp:221] parsePacket(): could not receive data: 9
[ 27172][E][WiFiUdp.cpp:221] parsePacket(): could not receive data: 9
[ 27178][E][WiFiUdp.cpp:221] parsePacket(): could not receive data: 9
[ 27184][E][WiFiUdp.cpp:221] parsePacket(): could not receive data: 9
[ 27189][E][WiFiUdp.cpp:221] parsePacket(): could not receive data: 9
[ 27195][E][WiFiUdp.cpp:221] parsePacket(): could not receive data: 9
[ 27200][E][WiFiUdp.cpp:221] parsePacket(): could not receive data: 9
[ 27206][E][WiFiUdp.cpp:221] parsePacket(): could not receive data: 9
[ 27211][E][WiFiUdp.cpp:221] parsePacket(): could not receive data: 9
[ 27217][E][WiFiUdp.cpp:221] parsePacket(): could not receive data: 9
[ 27222][E][WiFiUdp.cpp:221] parsePacket(): could not receive data: 9
[ 27227][E][WiFiUdp.cpp:221] parsePacket(): could not receive data: 9
[ 27232][E][WiFiUdp.cpp:221] parsePacket(): could not receive data: 9
[ 27238][E][WiFiUdp.cpp:221] parsePacket(): could not receive data: 9
[ 27243][E][WiFiUdp.cpp:221] parsePacket(): could not receive data: 9
[ 27249][E][WiFiUdp.cpp:221] parsePacket(): could not receive data: 9
[ 27254][E][WiFiUdp.cpp:221] parsePacket(): could not receive data: 9
[ 27259][E][WiFiUdp.cpp:221] parsePacket(): could not receive data: 9
[ 27264][E][WiFiUdp.cpp:221] parsePacket(): could not receive data: 9
[ 27269][E][WiFiUdp.cpp:221] parsePacket(): could not receive data: 9
[ 27274][E][WiFiUdp.cpp:221] parsePacket(): could not receive data: 9
[ 27279][E][WiFiUdp.cpp:221] parsePacket(): could not receive data: 9
[ 27284][E][WiFiUdp.cpp:221] parsePacket(): could not receive data: 9
[ 27289][E][WiFiUdp.cpp:221] parsePacket(): could not receive data: 9
[ 27294][E][WiFiUdp.cpp:221] parsePacket(): could not receive data: 9
[ 27299][E][WiFiUdp.cpp:221] parsePacket(): could not receive data: 9
[ 27304][E][WiFiUdp.cpp:221] parsePacket(): could not receive data: 9
[ 27309][E][WiFiUdp.cpp:221] parsePacket(): could not receive data: 9
[ 27314][E][WiFiUdp.cpp:221] parsePacket(): could not receive data: 9
[ 27319][E][WiFiUdp.cpp:221] parsePacket(): could not receive data: 9
[ 27324][E][WiFiUdp.cpp:221] parsePacket(): could not receive data: 9
[ 27329][E][WiFiUdp.cpp:221] parsePacket(): could not receive data: 9
[ 27334][E][WiFiUdp.cpp:221] parsePacket(): could not receive data: 9
[ 27339][E][WiFiUdp.cpp:221] parsePacket(): could not receive data: 9
[ 27344][E][WiFiUdp.cpp:221] parsePacket(): could not receive data: 9
[ 27349][E][WiFiUdp.cpp:221] parsePacket(): could not receive data: 9
[ 27355][E][WiFiUdp.cpp:221] parsePacket(): could not receive data: 9
[ 27360][E][WiFiUdp.cpp:221] parsePacket(): could not receive data: 9
[ 27365][E][WiFiUdp.cpp:221] parsePacket(): could not receive data: 9
[ 27371][E][WiFiUdp.cpp:221] parsePacket(): could not receive data: 9
[ 27376][E][WiFiUdp.cpp:221] parsePacket(): could not receive data: 9
[ 27382][E][WiFiUdp.cpp:221] parsePacket(): could not receive data: 9
[ 27387][E][WiFiUdp.cpp:221] parsePacket(): could not receive data: 9
[ 27392][E][WiFiUdp.cpp:221] parsePacket(): could not receive data: 9
[ 27397][E][WiFiUdp.cpp:221] parsePacket(): could not receive data: 9
[ 27402][E][WiFiUdp.cpp:221] parsePacket(): could not receive data: 9
[ 27407][E][WiFiUdp.cpp:221] parsePacket(): could not receive data: 9
[ 27412][E][WiFiUdp.cpp:221] parsePacket(): could not receive data: 9
[ 27417][E][WiFiUdp.cpp:221] parsePacket(): could not receive data: 9
[ 27423][E][WiFiUdp.cpp:221] parsePacket(): could not receive data: 9
[ 27428][E][WiFiUdp.cpp:221] parsePacket(): could not receive data: 9
[ 27433][E][WiFiUdp.cpp:221] parsePacket(): could not receive data: 9
[ 27438][E][WiFiUdp.cpp:221] parsePacket(): could not receive data: 9
[ 27443][E][WiFiUdp.cpp:221] parsePacket(): could not receive data: 9
[ 27448][E][WiFiUdp.cpp:221] parsePacket(): could not receive data: 9
[ 27453][E][WiFiUdp.cpp:221] parsePacket(): could not receive data: 9
[ 27458][E][WiFiUdp.cpp:221] parsePacket(): could not receive data: 9
[ 27463][E][WiFiUdp.cpp:221] parsePacket(): could not receive data: 9
[ 27468][E][WiFiUdp.cpp:221] parsePacket(): could not receive data: 9
[ 27473][E][WiFiUdp.cpp:221] parsePacket(): could not receive data: 9
[ 27478][E][WiFiUdp.cpp:221] parsePacket(): could not receive data: 9
[ 27483][E][WiFiUdp.cpp:221] parsePacket(): could not receive data: 9
[ 27488][E][WiFiUdp.cpp:221] parsePacket(): could not receive data: 9
[ 27493][E][WiFiUdp.cpp:221] parsePacket(): could not receive data: 9
[ 27498][E][WiFiUdp.cpp:221] parsePacket(): could not receive data: 9
[ 27503][E][WiFiUdp.cpp:221] parsePacket(): could not receive data: 9
[ 27508][E][WiFiUdp.cpp:221] parsePacket(): could not receive data: 9
[ 27514][E][WiFiUdp.cpp:221] parsePacket(): could not receive data: 9
[ 27519][E][WiFiUdp.cpp:221] parsePacket(): could not receive data: 9
[ 27525][E][WiFiUdp.cpp:221] parsePacket(): could not receive data: 9
[ 27531][E][WiFiUdp.cpp:221] parsePacket(): could not receive data: 9
[ 27537][E][WiFiUdp.cpp:221] parsePacket(): could not receive data: 9
[ 27543][E][WiFiUdp.cpp:221] parsePacket(): could not receive data: 9
[ 27549][E][WiFiUdp.cpp:221] parsePacket(): could not receive data: 9
[ 27555][E][WiFiUdp.cpp:221] parsePacket(): could not receive data: 9
[ 27561][E][WiFiUdp.cpp:221] parsePacket(): could not receive data: 9
[ 27567][E][WiFiUdp.cpp:221] parsePacket(): could not receive data: 9
[ 27573][E][WiFiUdp.cpp:221] parsePacket(): could not receive data: 9
[ 27579][E][WiFiUdp.cpp:221] parsePacket(): could not receive data: 9
[ 27584][E][WiFiUdp.cpp:221] parsePacket(): could not receive data: 9
[ 27589][E][WiFiUdp.cpp:221] parsePacket(): could not receive data: 9
[ 27595][E][WiFiUdp.cpp:221] parsePacket(): could not receive data: 9
[ 27600][E][WiFiUdp.cpp:221] parsePacket(): could not receive data: 9
[ 27605][E][WiFiUdp.cpp:221] parsePacket(): could not receive data: 9
[ 27610][E][WiFiUdp.cpp:221] parsePacket(): could not receive data: 9
[ 27615][E][WiFiUdp.cpp:221] parsePacket(): could not receive data: 9
[ 27622][E][WiFiUdp.cpp:221] parsePacket(): could not receive data: 9
[ 27627][E][WiFiUdp.cpp:221] parsePacket(): could not receive data: 9
[ 27632][E][WiFiUdp.cpp:221] parsePacket(): could not receive data: 9
[ 27638][E][WiFiUdp.cpp:221] parsePacket(): could not receive data: 9
[ 27643][E][WiFiUdp.cpp:221] parsePacket(): could not receive data: 9
[ 27649][E][WiFiUdp.cpp:221] parsePacket(): could not receive data: 9
[ 27654][E][WiFiUdp.cpp:221] parsePacket(): could not receive data: 9
[ 27659][E][WiFiUdp.cpp:221] parsePacket(): could not receive data: 9
[ 27664][E][WiFiUdp.cpp:221] parsePacket(): could not receive data: 9
[ 27669][E][WiFiUdp.cpp:221] parsePacket(): could not receive data: 9
[ 27674][E][WiFiUdp.cpp:221] parsePacket(): could not receive data: 9
[ 27680][E][WiFiUdp.cpp:221] parsePacket(): could not receive data: 9
[ 27685][E][WiFiUdp.cpp:221] parsePacket(): could not receive data: 9
[ 27690][E][WiFiUdp.cpp:221] parsePacket(): could not receive data: 9
[ 27696][E][WiFiUdp.cpp:221] parsePacket(): could not receive data: 9
[ 27701][E][WiFiUdp.cpp:221] parsePacket(): could not receive data: 9
[ 27706][E][WiFiUdp.cpp:221] parsePacket(): could not receive data: 9
[ 27711][E][WiFiUdp.cpp:221] parsePacket(): could not receive data: 9
[ 27716][E][WiFiUdp.cpp:221] parsePacket(): could not receive data: 9
[ 27721][E][WiFiUdp.cpp:221] parsePacket(): could not receive data: 9
[ 27726][E][WiFiUdp.cpp:221] parsePacket(): could not receive data: 9
[ 27731][E][WiFiUdp.cpp:221] parsePacket(): could not receive data: 9
[ 27736][E][WiFiUdp.cpp:221] parsePacket(): could not receive data: 9
[ 27741][E][WiFiUdp.cpp:221] parsePacket(): could not receive data: 9
[ 27746][E][WiFiUdp.cpp:221] parsePacket(): could not receive data: 9
[ 27751][E][WiFiUdp.cpp:221] parsePacket(): could not receive data: 9
[ 27756][E][WiFiUdp.cpp:221] parsePacket(): could not receive data: 9
[ 27761][E][WiFiUdp.cpp:221] parsePacket(): could not receive data: 9
[ 27766][E][WiFiUdp.cpp:221] parsePacket(): could not receive data: 9
[ 27771][E][WiFiUdp.cpp:221] parsePacket(): could not receive data: 9
[ 27776][E][WiFiUdp.cpp:221] parsePacket(): could not receive data: 9
[ 27781][E][WiFiUdp.cpp:221] parsePacket(): could not receive data: 9
[ 27788][E][WiFiUdp.cpp:221] parsePacket(): could not receive data: 9
[ 27794][E][WiFiUdp.cpp:221] parsePacket(): could not receive data: 9
[ 27799][E][WiFiUdp.cpp:221] parsePacket(): could not receive data: 9
[ 27804][E][WiFiUdp.cpp:221] parsePacket(): could not receive data: 9
[ 27809][E][WiFiUdp.cpp:221] parsePacket(): could not receive data: 9
[ 27814][E][WiFiUdp.cpp:221] parsePacket(): could not receive data: 9
[ 27819][E][WiFiUdp.cpp:221] parsePacket(): could not receive data: 9
[ 27824][E][WiFiUdp.cpp:221] parsePacket(): could not receive data: 9
[ 27829][E][WiFiUdp.cpp:221] parsePacket(): could not receive data: 9
[ 27834][E][WiFiUdp.cpp:221] parsePacket(): could not receive data: 9
[ 27839][E][WiFiUdp.cpp:221] parsePacket(): could not receive data: 9
[ 27844][E][WiFiUdp.cpp:221] parsePacket(): could not receive data: 9
[ 27849][E][WiFiUdp.cpp:221] parsePacket(): could not receive data: 9
[ 27854][E][WiFiUdp.cpp:221] parsePacket(): could not receive data: 9
[ 27859][E][WiFiUdp.cpp:221] parsePacket(): could not receive data: 9
[ 27864][E][WiFiUdp.cpp:221] parsePacket(): could not receive data: 9
[ 27869][E][WiFiUdp.cpp:221] parsePacket(): could not receive data: 9
[ 27874][E][WiFiUdp.cpp:221] parsePacket(): could not receive data: 9
[ 27879][E][WiFiUdp.cpp:221] parsePacket(): could not receive data: 9
[ 27884][E][WiFiUdp.cpp:221] parsePacket(): could not receive data: 9
[ 27889][E][WiFiUdp.cpp:221] parsePacket(): could not receive data: 9
[ 27894][E][WiFiUdp.cpp:221] parsePacket(): could not receive data: 9
[ 27899][E][WiFiUdp.cpp:221] parsePacket(): could not receive data: 9
[ 27904][E][WiFiUdp.cpp:221] parsePacket(): could not receive data: 9
[ 27909][E][WiFiUdp.cpp:221] parsePacket(): could not receive data: 9
[ 27914][E][WiFiUdp.cpp:221] parsePacket(): could not receive data: 9
[ 27919][E][WiFiUdp.cpp:221] parsePacket(): could not receive data: 9
[ 27924][E][WiFiUdp.cpp:221] parsePacket(): could not receive data: 9
[ 27929][E][WiFiUdp.cpp:221] parsePacket(): could not receive data: 9
[ 27934][E][WiFiUdp.cpp:221] parsePacket(): could not receive data: 9
[ 27939][E][WiFiUdp.cpp:221] parsePacket(): could not receive data: 9
[ 27945][E][WiFiUdp.cpp:221] parsePacket(): could not receive data: 9
[ 27952][E][WiFiUdp.cpp:221] parsePacket(): could not receive data: 9
[ 27959][E][WiFiUdp.cpp:221] parsePacket(): could not receive data: 9
[ 27966][E][WiFiUdp.cpp:221] parsePacket(): could not receive data: 9
[ 27972][E][WiFiUdp.cpp:221] parsePacket(): could not receive data: 9
[ 27978][E][WiFiUdp.cpp:221] parsePacket(): could not receive data: 9
[ 27985][E][WiFiUdp.cpp:221] parsePacket(): could not receive data: 9
[ 27991][E][WiFiUdp.cpp:221] parsePacket(): could not receive data: 9
[ 27997][E][WiFiUdp.cpp:221] parsePacket(): could not receive data: 9
[ 28003][E][WiFiUdp.cpp:221] parsePacket(): could not receive data: 9
[ 28010][E][WiFiUdp.cpp:221] parsePacket(): could not receive data: 9
[ 28015][E][WiFiUdp.cpp:221] parsePacket(): could not receive data: 9
[ 28020][E][WiFiUdp.cpp:221] parsePacket(): could not receive data: 9
[ 28026][E][WiFiUdp.cpp:221] parsePacket(): could not receive data: 9
[ 28031][E][WiFiUdp.cpp:221] parsePacket(): could not receive data: 9
[ 28036][E][WiFiUdp.cpp:221] parsePacket(): could not receive data: 9
[ 28041][E][WiFiUdp.cpp:221] parsePacket(): could not receive data: 9
[ 28046][E][WiFiUdp.cpp:221] parsePacket(): could not receive data: 9
[ 28051][E][WiFiUdp.cpp:221] parsePacket(): could not receive data: 9
[ 28056][E][WiFiUdp.cpp:221] parsePacket(): could not receive data: 9
[ 28061][E][WiFiUdp.cpp:221] parsePacket(): could not receive data: 9
[ 28066][E][WiFiUdp.cpp:221] parsePacket(): could not receive data: 9
[ 28071][E][WiFiUdp.cpp:221] parsePacket(): could not receive data: 9
[ 28076][E][WiFiUdp.cpp:221] parsePacket(): could not receive data: 9
[ 28081][E][WiFiUdp.cpp:221] parsePacket(): could not receive data: 9
[ 28086][E][WiFiUdp.cpp:221] parsePacket(): could not receive data: 9
[ 28091][E][WiFiUdp.cpp:221] parsePacket(): could not receive data: 9
[ 28096][E][WiFiUdp.cpp:221] parsePacket(): could not receive data: 9
[ 28101][E][WiFiUdp.cpp:221] parsePacket(): could not receive data: 9
[ 28106][E][WiFiUdp.cpp:221] parsePacket(): could not receive data: 9
[ 28111][E][WiFiUdp.cpp:221] parsePacket(): could not receive data: 9
[ 28116][E][WiFiUdp.cpp:221] parsePacket(): could not receive data: 9
[ 28122][E][WiFiUdp.cpp:221] parsePacket(): could not receive data: 9
[ 28128][E][WiFiUdp.cpp:221] parsePacket(): could not receive data: 9
[ 28134][E][WiFiUdp.cpp:221] parsePacket(): could not receive data: 9
[ 28140][E][WiFiUdp.cpp:221] parsePacket(): could not receive data: 9
[ 28146][E][WiFiUdp.cpp:221] parsePacket(): could not receive data: 9
[ 28151][E][WiFiUdp.cpp:221] parsePacket(): could not receive data: 9
[ 28157][E][WiFiUdp.cpp:221] parsePacket(): could not receive data: 9
[ 28162][E][WiFiUdp.cpp:221] parsePacket(): could not receive data: 9
[ 28167][E][WiFiUdp.cpp:221] parsePacket(): could not receive data: 9
[ 28172][E][WiFiUdp.cpp:221] parsePacket(): could not receive data: 9
[ 28178][E][WiFiUdp.cpp:221] parsePacket(): could not receive data: 9
[ 28185][E][WiFiUdp.cpp:221] parsePacket(): could not receive data: 9
[ 28192][E][WiFiUdp.cpp:221] parsePacket(): could not receive data: 9
[ 28199][E][WiFiUdp.cpp:221] parsePacket(): could not receive data: 9
[ 28204][E][WiFiUdp.cpp:221] parsePacket(): could not receive data: 9
[ 28209][E][WiFiUdp.cpp:221] parsePacket(): could not receive data: 9
[ 28215][E][WiFiUdp.cpp:221] parsePacket(): could not receive data: 9
[ 28221][E][WiFiUdp.cpp:221] parsePacket(): could not receive data: 9
[ 28227][E][WiFiUdp.cpp:221] parsePacket(): could not receive data: 9
[ 28232][E][WiFiUdp.cpp:221] parsePacket(): could not receive data: 9
[ 28237][E][WiFiUdp.cpp:221] parsePacket(): could not receive data: 9
[ 28242][E][WiFiUdp.cpp:221] parsePacket(): could not receive data: 9
[ 28247][E][WiFiUdp.cpp:221] parsePacket(): could not receive data: 9
[ 28252][E][WiFiUdp.cpp:221] parsePacket(): could not receive data: 9
[ 28257][E][WiFiUdp.cpp:221] parsePacket(): could not receive data: 9
[ 28262][E][WiFiUdp.cpp:221] parsePacket(): could not receive data: 9
[ 28267][E][WiFiUdp.cpp:221] parsePacket(): could not receive data: 9
[ 28272][E][WiFiUdp.cpp:221] parsePacket(): could not receive data: 9
[ 28277][E][WiFiUdp.cpp:221] parsePacket(): could not receive data: 9
[ 28282][E][WiFiUdp.cpp:221] parsePacket(): could not receive data: 9
[ 28287][E][WiFiUdp.cpp:221] parsePacket(): could not receive data: 9
[ 28292][E][WiFiUdp.cpp:221] parsePacket(): could not receive data: 9
[ 28297][E][WiFiUdp.cpp:221] parsePacket(): could not receive data: 9
[ 28302][E][WiFiUdp.cpp:221] parsePacket(): could not receive data: 9
[ 28307][E][WiFiUdp.cpp:221] parsePacket(): could not receive data: 9
[ 28312][E][WiFiUdp.cpp:221] parsePacket(): could not receive data: 9
[ 28317][E][WiFiUdp.cpp:221] parsePacket(): could not receive data: 9
[ 28322][E][WiFiUdp.cpp:221] parsePacket(): could not receive data: 9
[ 28327][E][WiFiUdp.cpp:221] parsePacket(): could not receive data: 9
[ 28332][E][WiFiUdp.cpp:221] parsePacket(): could not receive data: 9
[ 28337][E][WiFiUdp.cpp:221] parsePacket(): could not receive data: 9
[ 28342][E][WiFiUdp.cpp:221] parsePacket(): could not receive data: 9
[ 28347][E][WiFiUdp.cpp:221] parsePacket(): could not receive data: 9
[ 28353][E][WiFiUdp.cpp:221] parsePacket(): could not receive data: 9
[ 28360][E][WiFiUdp.cpp:221] parsePacket(): could not receive data: 9
[ 28366][E][WiFiUdp.cpp:221] parsePacket(): could not receive data: 9
[ 28373][E][WiFiUdp.cpp:221] parsePacket(): could not receive data: 9
[ 28379][E][WiFiUdp.cpp:221] parsePacket(): could not receive data: 9
[ 28386][E][WiFiUdp.cpp:221] parsePacket(): could not receive data: 9
[ 28391][E][WiFiUdp.cpp:221] parsePacket(): could not receive data: 9
[ 28396][E][WiFiUdp.cpp:221] parsePacket(): could not receive data: 9
[ 28401][E][WiFiUdp.cpp:221] parsePacket(): could not receive data: 9
[ 28408][E][WiFiUdp.cpp:221] parsePacket(): could not receive data: 9
[ 28414][E][WiFiUdp.cpp:221] parsePacket(): could not receive data: 9
[ 28420][E][WiFiUdp.cpp:221] parsePacket(): could not receive data: 9
[ 28427][E][WiFiUdp.cpp:221] parsePacket(): could not receive data: 9
[ 28433][E][WiFiUdp.cpp:221] parsePacket(): could not receive data: 9
[ 28438][E][WiFiUdp.cpp:221] parsePacket(): could not receive data: 9
[ 28444][E][WiFiUdp.cpp:221] parsePacket(): could not receive data: 9
[ 28449][E][WiFiUdp.cpp:221] parsePacket(): could not receive data: 9
[ 28456][E][WiFiUdp.cpp:221] parsePacket(): could not receive data: 9
[ 28461][E][WiFiUdp.cpp:221] parsePacket(): could not receive data: 9
[ 28466][E][WiFiUdp.cpp:221] parsePacket(): could not receive data: 9
[ 28471][E][WiFiUdp.cpp:221] parsePacket(): could not receive data: 9
[ 28476][E][WiFiUdp.cpp:221] parsePacket(): could not receive data: 9
[ 28481][E][WiFiUdp.cpp:221] parsePacket(): could not receive data: 9
[ 28486][E][WiFiUdp.cpp:221] parsePacket(): could not receive data: 9
[ 28491][E][WiFiUdp.cpp:221] parsePacket(): could not receive data: 9
[ 28497][E][WiFiUdp.cpp:221] parsePacket(): could not receive data: 9
[ 28502][E][WiFiUdp.cpp:221] parsePacket(): could not receive data: 9
[ 28507][E][WiFiUdp.cpp:221] parsePacket(): could not receive data: 9
[ 28512][E][WiFiUdp.cpp:221] parsePacket(): could not receive data: 9
[ 28517][E][WiFiUdp.cpp:221] parsePacket(): could not receive data: 9
[ 28522][E][WiFiUdp.cpp:221] parsePacket(): could not receive data: 9
[ 28527][E][WiFiUdp.cpp:221] parsePacket(): could not receive data: 9
[ 28532][E][WiFiUdp.cpp:221] parsePacket(): could not receive data: 9
[ 28537][E][WiFiUdp.cpp:221] parsePacket(): could not receive data: 9
[ 28542][E][WiFiUdp.cpp:221] parsePacket(): could not receive data: 9
[ 28549][E][WiFiUdp.cpp:221] parsePacket(): could not receive data: 9
[ 28555][E][WiFiUdp.cpp:221] parsePacket(): could not receive data: 9
[ 28561][E][WiFiUdp.cpp:221] parsePacket(): could not receive data: 9
[ 28566][E][WiFiUdp.cpp:221] parsePacket(): could not receive data: 9
[ 28572][E][WiFiUdp.cpp:221] parsePacket(): could not receive data: 9
[ 28577][E][WiFiUdp.cpp:221] parsePacket(): could not receive data: 9
[CON ]...Client disconnected. free heap=132916
[ 28584][E][WiFiUdp.cpp:221] parsePacket(): could not receive data: 9
[CON ]...accept() fd=50 free=132916
[CON ]...Client authenticated on port 2323. free heap=129296
-[ 28595][E][WiFiUdp.cpp:221] parsePacket(): could not receive data: 9
-[ 28601][E][WiFiUdp.cpp:221] parsePacket(): could not receive data: 9
i[ 28607][E][WiFiUdp.cpp:221] parsePacket(): could not receive data: 9
n[ 28613][E][WiFiUdp.cpp:221] parsePacket(): could not receive data: 9
f[ 28619][E][WiFiUdp.cpp:221] parsePacket(): could not receive data: 9
o[ 28623][E][WiFiUdp.cpp:221] parsePacket(): could not receive data: 9
[ 28628][E][WiFiUdp.cpp:221] parsePacket(): could not receive data: 9

--MeshCom 4.35t (build: Sep 26 2026 / 22:38:56)
...UPDATE: 
...Call: <TE5T-1> ...ID 00000000 ...NODE 39 <EBYTE_E22> ...UTC-OFF 1.000000 [CPU]
...BATT 4.10 V ...BATT 85 % ...MAXV 4.200 V
...TIME 28637 ms
...Flash-Version 20260724
...NOMSGALL off ...MESH off ...BUTTON (12) off ...SOFTSER off ... SOFTSERREAD off
...PASSWD <>
...DEBUG man ...DEBUG en
...DEBUG off ...LORADEBUG off ...GPSDEBUG off/0 ...SOFTSERDEBUG off
...WXDEBUG off ...BLEDEBUG off
...DisplayInfo off ...DisplayCont off ...DisplyLog off ...contrast 255 ...ackinfo off
...EXTUDP off ...EXT IP none ...NOPMOTHER off
...BTCODE 000000
...APRSMC: APRSMC
...ATXT: 
...NAME: 
...BLE : short
...DISPLAY on
...CTRY EU8
...FREQ 433.1750 MHz TXPWR 17 dBm RXBOOST off
...MAXHOP text 4 / pos 2

...Webserver  on / Webpwd <> / Gateway off 
...NETConsole on (port 2323)
...KISS/TCP   off / TX off / RxMeta off / Auth off
...WIFI-AP    off
...SSID <none> / PASSWORD <***>
...NETWORK Mode:WiFi
...hasIpAddress: yes
...IP address   : 10.0.2.15
...SUBNET-MASK  : 255.255.255.0
...GW address   : 10.0.2.5
...DNS address  : 
...UDP-HBeat : 28645
[ 28645][E][WiFiUdp.cpp:221] parsePacket(): could not receive data: 9
[CON ]...Client disconnected. free heap=134960
[ 28651][E][WiFiUdp.cpp:221] parsePacket(): could not receive data: 9
[ 28656][E][WiFiUdp.cpp:221] parsePacket(): could not receive data: 9
[ 28661][E][WiFiUdp.cpp:221] parsePacket(): could not receive data: 9
[ 28666][E][WiFiUdp.cpp:221] parsePacket(): could not receive data: 9
[ 28671][E][WiFiUdp.cpp:221] parsePacket(): could not receive data: 9
[ 28676][E][WiFiUdp.cpp:221] parsePacket(): could not receive data: 9
[ 28681][E][WiFiUdp.cpp:221] parsePacket(): could not receive data: 9
[ 28686][E][WiFiUdp.cpp:221] parsePacket(): could not receive data: 9
[ 28691][E][WiFiUdp.cpp:221] parsePacket(): could not receive data: 9
[ 28696][E][WiFiUdp.cpp:221] parsePacket(): could not receive data: 9
[ 28701][E][WiFiUdp.cpp:221] parsePacket(): could not receive data: 9
[ 28706][E][WiFiUdp.cpp:221] parsePacket(): could not receive data: 9
[ 28711][E][WiFiUdp.cpp:221] parsePacket(): could not receive data: 9
[ 28717][E][WiFiUdp.cpp:221] parsePacket(): could not receive data: 9
[ 28723][E][WiFiUdp.cpp:221] parsePacket(): could not receive data: 9
[ 28728][E][WiFiUdp.cpp:221] parsePacket(): could not receive data: 9
[ 28733][E][WiFiUdp.cpp:221] parsePacket(): could not receive data: 9
[ 28738][E][WiFiUdp.cpp:221] parsePacket(): could not receive data: 9
[ 28743][E][WiFiUdp.cpp:221] parsePacket(): could not receive data: 9
[ 28748][E][WiFiUdp.cpp:221] parsePacket(): could not receive data: 9
[ 28753][E][WiFiUdp.cpp:221] parsePacket(): could not receive data: 9
[ 28758][E][WiFiUdp.cpp:221] parsePacket(): could not receive data: 9
[ 28763][E][WiFiUdp.cpp:221] parsePacket(): could not receive data: 9
[ 28769][E][WiFiUdp.cpp:221] parsePacket(): could not receive data: 9
[ 28774][E][WiFiUdp.cpp:221] parsePacket(): could not receive data: 9
[ 28780][E][WiFiUdp.cpp:221] parsePacket(): could not receive data: 9
[ 28785][E][WiFiUdp.cpp:221] parsePacket(): could not receive data: 9
[ 28790][E][WiFiUdp.cpp:221] parsePacket(): could not receive data: 9
[ 28795][E][WiFiUdp.cpp:221] parsePacket(): could not receive data: 9
[ 28800][E][WiFiUdp.cpp:221] parsePacket(): could not receive data: 9
[ 28805][E][WiFiUdp.cpp:221] parsePacket(): could not receive data: 9
[ 28811][E][WiFiUdp.cpp:221] parsePacket(): could not receive data: 9
[ 28817][E][WiFiUdp.cpp:221] parsePacket(): could not receive data: 9
[ 28823][E][WiFiUdp.cpp:221] parsePacket(): could not receive data: 9
[ 28830][E][WiFiUdp.cpp:221] parsePacket(): could not receive data: 9
[ 28836][E][WiFiUdp.cpp:221] parsePacket(): could not receive data: 9
[ 28841][E][WiFiUdp.cpp:221] parsePacket(): could not receive data: 9
[ 28846][E][WiFiUdp.cpp:221] parsePacket(): could not receive data: 9
[ 28851][E][WiFiUdp.cpp:221] parsePacket(): could not receive data: 9
[ 28856][E][WiFiUdp.cpp:221] parsePacket(): could not receive data: 9
[ 28861][E][WiFiUdp.cpp:221] parsePacket(): could not receive data: 9
[ 28866][E][WiFiUdp.cpp:221] parsePacket(): could not receive data: 9
[ 28871][E][WiFiUdp.cpp:221] parsePacket(): could not receive data: 9
[ 28876][E][WiFiUdp.cpp:221] parsePacket(): could not receive data: 9
[ 28881][E][WiFiUdp.cpp:221] parsePacket(): could not receive data: 9
[ 28886][E][WiFiUdp.cpp:221] parsePacket(): could not receive data: 9
[ 28891][E][WiFiUdp.cpp:221] parsePacket(): could not receive data: 9
[ 28896][E][WiFiUdp.cpp:221] parsePacket(): could not receive data: 9
[ 28901][E][WiFiUdp.cpp:221] parsePacket(): could not receive data: 9
[ 28906][E][WiFiUdp.cpp:221] parsePacket(): could not receive data: 9
[ 28911][E][WiFiUdp.cpp:221] parsePacket(): could not receive data: 9
[ 28916][E][WiFiUdp.cpp:221] parsePacket(): could not receive data: 9
[ 28921][E][WiFiUdp.cpp:221] parsePacket(): could not receive data: 9
[ 28927][E][WiFiUdp.cpp:221] parsePacket(): could not receive data: 9
[ 28933][E][WiFiUdp.cpp:221] parsePacket(): could not receive data: 9
[ 28938][E][WiFiUdp.cpp:221] parsePacket(): could not receive data: 9
[ 28943][E][WiFiUdp.cpp:221] parsePacket(): could not receive data: 9
[ 28948][E][WiFiUdp.cpp:221] parsePacket(): could not receive data: 9
[ 28953][E][WiFiUdp.cpp:221] parsePacket(): could not receive data: 9
[ 28958][E][WiFiUdp.cpp:221] parsePacket(): could not receive data: 9
[ 28964][E][WiFiUdp.cpp:221] parsePacket(): could not receive data: 9
[ 28971][E][WiFiUdp.cpp:221] parsePacket(): could not receive data: 9
[ 28977][E][WiFiUdp.cpp:221] parsePacket(): could not receive data: 9
[ 28982][E][WiFiUdp.cpp:221] parsePacket(): could not receive data: 9
[ 28988][E][WiFiUdp.cpp:221] parsePacket(): could not receive data: 9
[ 28993][E][WiFiUdp.cpp:221] parsePacket(): could not receive data: 9
[ 28998][E][WiFiUdp.cpp:221] parsePacket(): could not receive data: 9
[ 29003][E][WiFiUdp.cpp:221] parsePacket(): could not receive data: 9
[ 29008][E][WiFiUdp.cpp:221] parsePacket(): could not receive data: 9
[ 29013][E][WiFiUdp.cpp:221] parsePacket(): could not receive data: 9
[ 29019][E][WiFiUdp.cpp:221] parsePacket(): could not receive data: 9
[ 29026][E][WiFiUdp.cpp:221] parsePacket(): could not receive data: 9
[ 29031][E][WiFiUdp.cpp:221] parsePacket(): could not receive data: 9
[ 29036][E][WiFiUdp.cpp:221] parsePacket(): could not receive data: 9
[ 29041][E][WiFiUdp.cpp:221] parsePacket(): could not receive data: 9
[ 29046][E][WiFiUdp.cpp:221] parsePacket(): could not receive data: 9
[ 29051][E][WiFiUdp.cpp:221] parsePacket(): could not receive data: 9
[ 29056][E][WiFiUdp.cpp:221] parsePacket(): could not receive data: 9
[ 29062][E][WiFiUdp.cpp:221] parsePacket(): could not receive data: 9
[ 29067][E][WiFiUdp.cpp:221] parsePacket(): could not receive data: 9
[ 29073][E][WiFiUdp.cpp:221] parsePacket(): could not receive data: 9
[ 29078][E][WiFiUdp.cpp:221] parsePacket(): could not receive data: 9
[ 29083][E][WiFiUdp.cpp:221] parsePacket(): could not receive data: 9
[ 29088][E][WiFiUdp.cpp:221] parsePacket(): could not receive data: 9
[ 29093][E][WiFiUdp.cpp:221] parsePacket(): could not receive data: 9
[ 29099][E][WiFiUdp.cpp:221] parsePacket(): could not receive data: 9
[ 29104][E][WiFiUdp.cpp:221] parsePacket(): could not receive data: 9
[ 29110][E][WiFiUdp.cpp:221] parsePacket(): could not receive data: 9
[ 29115][E][WiFiUdp.cpp:221] parsePacket(): could not receive data: 9
[ 29120][E][WiFiUdp.cpp:221] parsePacket(): could not receive data: 9
[ 29126][E][WiFiUdp.cpp:221] parsePacket(): could not receive data: 9
[ 29131][E][WiFiUdp.cpp:221] parsePacket(): could not receive data: 9
[ 29136][E][WiFiUdp.cpp:221] parsePacket(): could not receive data: 9
[ 29141][E][WiFiUdp.cpp:221] parsePacket(): could not receive data: 9
[ 29146][E][WiFiUdp.cpp:221] parsePacket(): could not receive data: 9
[ 29151][E][WiFiUdp.cpp:221] parsePacket(): could not receive data: 9
[ 29157][E][WiFiUdp.cpp:221] parsePacket(): could not receive data: 9
[ 29162][E][WiFiUdp.cpp:221] parsePacket(): could not receive data: 9
[ 29167][E][WiFiUdp.cpp:221] parsePacket(): could not receive data: 9
[ 29173][E][WiFiUdp.cpp:221] parsePacket(): could not receive data: 9
[ 29179][E][WiFiUdp.cpp:221] parsePacket(): could not receive data: 9
[ 29185][E][WiFiUdp.cpp:221] parsePacket(): could not receive data: 9
[ 29191][E][WiFiUdp.cpp:221] parsePacket(): could not receive data: 9
[ 29197][E][WiFiUdp.cpp:221] parsePacket(): could not receive data: 9
[ 29202][E][WiFiUdp.cpp:221] parsePacket(): could not receive data: 9
[ 29208][E][WiFiUdp.cpp:221] parsePacket(): could not receive data: 9
[ 29213][E][WiFiUdp.cpp:221] parsePacket(): could not receive data: 9
[ 29218][E][WiFiUdp.cpp:221] parsePacket(): could not receive data: 9
[ 29223][E][WiFiUdp.cpp:221] parsePacket(): could not receive data: 9
[ 29228][E][WiFiUdp.cpp:221] parsePacket(): could not receive data: 9
[ 29234][E][WiFiUdp.cpp:221] parsePacket(): could not receive data: 9
[ 29240][E][WiFiUdp.cpp:221] parsePacket(): could not receive data: 9
[ 29246][E][WiFiUdp.cpp:221] parsePacket(): could not receive data: 9
[ 29251][E][WiFiUdp.cpp:221] parsePacket(): could not receive data: 9
[ 29256][E][WiFiUdp.cpp:221] parsePacket(): could not receive data: 9
[ 29261][E][WiFiUdp.cpp:221] parsePacket(): could not receive data: 9
[ 29266][E][WiFiUdp.cpp:221] parsePacket(): could not receive data: 9
[ 29271][E][WiFiUdp.cpp:221] parsePacket(): could not receive data: 9
[ 29276][E][WiFiUdp.cpp:221] parsePacket(): could not receive data: 9
[ 29281][E][WiFiUdp.cpp:221] parsePacket(): could not receive data: 9
[ 29286][E][WiFiUdp.cpp:221] parsePacket(): could not receive data: 9
[ 29291][E][WiFiUdp.cpp:221] parsePacket(): could not receive data: 9
[ 29296][E][WiFiUdp.cpp:221] parsePacket(): could not receive data: 9
[ 29301][E][WiFiUdp.cpp:221] parsePacket(): could not receive data: 9
[ 29306][E][WiFiUdp.cpp:221] parsePacket(): could not receive data: 9
[ 29311][E][WiFiUdp.cpp:221] parsePacket(): could not receive data: 9
[ 29316][E][WiFiUdp.cpp:221] parsePacket(): could not receive data: 9
[ 29321][E][WiFiUdp.cpp:221] parsePacket(): could not receive data: 9
[ 29326][E][WiFiUdp.cpp:221] parsePacket(): could not receive data: 9
[ 29331][E][WiFiUdp.cpp:221] parsePacket(): could not receive data: 9
[ 29336][E][WiFiUdp.cpp:221] parsePacket(): could not receive data: 9
[ 29341][E][WiFiUdp.cpp:221] parsePacket(): could not receive data: 9
[ 29346][E][WiFiUdp.cpp:221] parsePacket(): could not receive data: 9
[ 29351][E][WiFiUdp.cpp:221] parsePacket(): could not receive data: 9
[ 29356][E][WiFiUdp.cpp:221] parsePacket(): could not receive data: 9
[ 29361][E][WiFiUdp.cpp:221] parsePacket(): could not receive data: 9
[ 29366][E][WiFiUdp.cpp:221] parsePacket(): could not receive data: 9
[ 29371][E][WiFiUdp.cpp:221] parsePacket(): could not receive data: 9
[ 29376][E][WiFiUdp.cpp:221] parsePacket(): could not receive data: 9
[ 29381][E][WiFiUdp.cpp:221] parsePacket(): could not receive data: 9
[ 29386][E][WiFiUdp.cpp:221] parsePacket(): could not receive data: 9
[ 29393][E][WiFiUdp.cpp:221] parsePacket(): could not receive data: 9
[ 29398][E][WiFiUdp.cpp:221] parsePacket(): could not receive data: 9
[ 29404][E][WiFiUdp.cpp:221] parsePacket(): could not receive data: 9
[ 29409][E][WiFiUdp.cpp:221] parsePacket(): could not receive data: 9
[ 29414][E][WiFiUdp.cpp:221] parsePacket(): could not receive data: 9
[ 29419][E][WiFiUdp.cpp:221] parsePacket(): could not receive data: 9
[ 29424][E][WiFiUdp.cpp:221] parsePacket(): could not receive data: 9
[ 29431][E][WiFiUdp.cpp:221] parsePacket(): could not receive data: 9
[ 29438][E][WiFiUdp.cpp:221] parsePacket(): could not receive data: 9
[ 29445][E][WiFiUdp.cpp:221] parsePacket(): could not receive data: 9
[ 29453][E][WiFiUdp.cpp:221] parsePacket(): could not receive data: 9
[ 29459][E][WiFiUdp.cpp:221] parsePacket(): could not receive data: 9
[ 29465][E][WiFiUdp.cpp:221] parsePacket(): could not receive data: 9
[ 29471][E][WiFiUdp.cpp:221] parsePacket(): could not receive data: 9
[ 29477][E][WiFiUdp.cpp:221] parsePacket(): could not receive data: 9
[ 29483][E][WiFiUdp.cpp:221] parsePacket(): could not receive data: 9
[ 29489][E][WiFiUdp.cpp:221] parsePacket(): could not receive data: 9
[ 29495][E][WiFiUdp.cpp:221] parsePacket(): could not receive data: 9
[ 29500][E][WiFiUdp.cpp:221] parsePacket(): could not receive data: 9
[ 29506][E][WiFiUdp.cpp:221] parsePacket(): could not receive data: 9
[ 29512][E][WiFiUdp.cpp:221] parsePacket(): could not receive data: 9
[ 29518][E][WiFiUdp.cpp:221] parsePacket(): could not receive data: 9
[ 29523][E][WiFiUdp.cpp:221] parsePacket(): could not receive data: 9
[ 29528][E][WiFiUdp.cpp:221] parsePacket(): could not receive data: 9
[ 29533][E][WiFiUdp.cpp:221] parsePacket(): could not receive data: 9
[ 29539][E][WiFiUdp.cpp:221] parsePacket(): could not receive data: 9
[ 29545][E][WiFiUdp.cpp:221] parsePacket(): could not receive data: 9
[ 29551][E][WiFiUdp.cpp:221] parsePacket(): could not receive data: 9
[ 29556][E][WiFiUdp.cpp:221] parsePacket(): could not receive data: 9
[ 29561][E][WiFiUdp.cpp:221] parsePacket(): could not receive data: 9
[ 29566][E][WiFiUdp.cpp:221] parsePacket(): could not receive data: 9
[ 29571][E][WiFiUdp.cpp:221] parsePacket(): could not receive data: 9
[ 29576][E][WiFiUdp.cpp:221] parsePacket(): could not receive data: 9
[ 29581][E][WiFiUdp.cpp:221] parsePacket(): could not receive data: 9
[ 29586][E][WiFiUdp.cpp:221] parsePacket(): could not receive data: 9
[ 29591][E][WiFiUdp.cpp:221] parsePacket(): could not receive data: 9
[ 29598][E][WiFiUdp.cpp:221] parsePacket(): could not receive data: 9
[ 29603][E][WiFiUdp.cpp:221] parsePacket(): could not receive data: 9
[ 29609][E][WiFiUdp.cpp:221] parsePacket(): could not receive data: 9
[ 29617][E][WiFiUdp.cpp:221] parsePacket(): could not receive data: 9
[ 29624][E][WiFiUdp.cpp:221] parsePacket(): could not receive data: 9
[ 29632][E][WiFiUdp.cpp:221] parsePacket(): could not receive data: 9
[ 29639][E][WiFiUdp.cpp:221] parsePacket(): could not receive data: 9
[ 29645][E][WiFiUdp.cpp:221] parsePacket(): could not receive data: 9
[ 29651][E][WiFiUdp.cpp:221] parsePacket(): could not receive data: 9
[ 29657][E][WiFiUdp.cpp:221] parsePacket(): could not receive data: 9
[ 29665][E][WiFiUdp.cpp:221] parsePacket(): could not receive data: 9
[ 29673][E][WiFiUdp.cpp:221] parsePacket(): could not receive data: 9
[ 29679][E][WiFiUdp.cpp:221] parsePacket(): could not receive data: 9
[ 29684][E][WiFiUdp.cpp:221] parsePacket(): could not receive data: 9
[ 29689][E][WiFiUdp.cpp:221] parsePacket(): could not receive data: 9
[ 29694][E][WiFiUdp.cpp:221] parsePacket(): could not receive data: 9
[ 29699][E][WiFiUdp.cpp:221] parsePacket(): could not receive data: 9
[ 29704][E][WiFiUdp.cpp:221] parsePacket(): could not receive data: 9
[ 29709][E][WiFiUdp.cpp:221] parsePacket(): could not receive data: 9
[ 29715][E][WiFiUdp.cpp:221] parsePacket(): could not receive data: 9
[ 29720][E][WiFiUdp.cpp:221] parsePacket(): could not receive data: 9
[ 29725][E][WiFiUdp.cpp:221] parsePacket(): could not receive data: 9
[ 29731][E][WiFiUdp.cpp:221] parsePacket(): could not receive data: 9
[ 29737][E][WiFiUdp.cpp:221] parsePacket(): could not receive data: 9
[ 29742][E][WiFiUdp.cpp:221] parsePacket(): could not receive data: 9
[ 29747][E][WiFiUdp.cpp:221] parsePacket(): could not receive data: 9
[ 29752][E][WiFiUdp.cpp:221] parsePacket(): could not receive data: 9
[ 29757][E][WiFiUdp.cpp:221] parsePacket(): could not receive data: 9
[ 29762][E][WiFiUdp.cpp:221] parsePacket(): could not receive data: 9
[ 29767][E][WiFiUdp.cpp:221] parsePacket(): could not receive data: 9
[ 29772][E][WiFiUdp.cpp:221] parsePacket(): could not receive data: 9
[ 29777][E][WiFiUdp.cpp:221] parsePacket(): could not receive data: 9
[ 29782][E][WiFiUdp.cpp:221] parsePacket(): could not receive data: 9
[ 29787][E][WiFiUdp.cpp:221] parsePacket(): could not receive data: 9
[ 29792][E][WiFiUdp.cpp:221] parsePacket(): could not receive data: 9
[ 29797][E][WiFiUdp.cpp:221] parsePacket(): could not receive data: 9
[ 29802][E][WiFiUdp.cpp:221] parsePacket(): could not receive data: 9
[ 29807][E][WiFiUdp.cpp:221] parsePacket(): could not receive data: 9
[ 29813][E][WiFiUdp.cpp:221] parsePacket(): could not receive data: 9
[ 29820][E][WiFiUdp.cpp:221] parsePacket(): could not receive data: 9
[ 29826][E][WiFiUdp.cpp:221] parsePacket(): could not receive data: 9
[ 29832][E][WiFiUdp.cpp:221] parsePacket(): could not receive data: 9
[ 29837][E][WiFiUdp.cpp:221] parsePacket(): could not receive data: 9
[ 29843][E][WiFiUdp.cpp:221] parsePacket(): could not receive data: 9
[ 29849][E][WiFiUdp.cpp:221] parsePacket(): could not receive data: 9
[ 29855][E][WiFiUdp.cpp:221] parsePacket(): could not receive data: 9
[ 29861][E][WiFiUdp.cpp:221] parsePacket(): could not receive data: 9
[ 29868][E][WiFiUdp.cpp:221] parsePacket(): could not receive data: 9
[ 29875][E][WiFiUdp.cpp:221] parsePacket(): could not receive data: 9
[ 29881][E][WiFiUdp.cpp:221] parsePacket(): could not receive data: 9
[ 29887][E][WiFiUdp.cpp:221] parsePacket(): could not receive data: 9
[ 29892][E][WiFiUdp.cpp:221] parsePacket(): could not receive data: 9
[ 29897][E][WiFiUdp.cpp:221] parsePacket(): could not receive data: 9
[ 29902][E][WiFiUdp.cpp:221] parsePacket(): could not receive data: 9
[ 29907][E][WiFiUdp.cpp:221] parsePacket(): could not receive data: 9
[ 29912][E][WiFiUdp.cpp:221] parsePacket(): could not receive data: 9
[ 29917][E][WiFiUdp.cpp:221] parsePacket(): could not receive data: 9
[ 29923][E][WiFiUdp.cpp:221] parsePacket(): could not receive data: 9
[ 29928][E][WiFiUdp.cpp:221] parsePacket(): could not receive data: 9
[ 29934][E][WiFiUdp.cpp:221] parsePacket(): could not receive data: 9
[ 29939][E][WiFiUdp.cpp:221] parsePacket(): could not receive data: 9
[ 29944][E][WiFiUdp.cpp:221] parsePacket(): could not receive data: 9
[ 29949][E][WiFiUdp.cpp:221] parsePacket(): could not receive data: 9
[ 29954][E][WiFiUdp.cpp:221] parsePacket(): could not receive data: 9
[ 29959][E][WiFiUdp.cpp:221] parsePacket(): could not receive data: 9
[ 29964][E][WiFiUdp.cpp:221] parsePacket(): could not receive data: 9
[ 29969][E][WiFiUdp.cpp:221] parsePacket(): could not receive data: 9
[ 29974][E][WiFiUdp.cpp:221] parsePacket(): could not receive data: 9
[ 29979][E][WiFiUdp.cpp:221] parsePacket(): could not receive data: 9
[ 29984][E][WiFiUdp.cpp:221] parsePacket(): could not receive data: 9
[ 29989][E][WiFiUdp.cpp:221] parsePacket(): could not receive data: 9
[ 29995][E][WiFiUdp.cpp:221] parsePacket(): could not receive data: 9
[ 32981][E][WiFiUdp.cpp:221] parsePacket(): could not receive data: 9
[CON ]...accept() fd=50 free=132928
[CON ]...Client authenticated on port 2323. free heap=126096
-[ 33003][E][WiFiUdp.cpp:221] parsePacket(): could not receive data: 9
-[ 33009][E][WiFiUdp.cpp:221] parsePacket(): could not receive data: 9
i[ 33014][E][WiFiUdp.cpp:221] parsePacket(): could not receive data: 9
n[ 33019][E][WiFiUdp.cpp:221] parsePacket(): could not receive data: 9
f[ 33025][E][WiFiUdp.cpp:221] parsePacket(): could not receive data: 9
o[ 33030][E][WiFiUdp.cpp:221] parsePacket(): could not receive data: 9
[ 33035][E][WiFiUdp.cpp:221] parsePacket(): could not receive data: 9

--MeshCom 4.35t (build: Sep 26 2026 / 22:38:56)
...UPDATE: 
...Call: <TE5T-1> ...ID 00000000 ...NODE 39 <EBYTE_E22> ...UTC-OFF 1.000000 [CPU]
...BATT 4.10 V ...BATT 85 % ...MAXV 4.200 V
...TIME 33047 ms
...Flash-Version 20260724
...NOMSGALL off ...MESH off ...BUTTON (12) off ...SOFTSER off ... SOFTSERREAD off
...PASSWD <>
...DEBUG man ...DEBUG en
...DEBUG off ...LORADEBUG off ...GPSDEBUG off/0 ...SOFTSERDEBUG off
...WXDEBUG off ...BLEDEBUG off
...DisplayInfo off ...DisplayCont off ...DisplyLog off ...contrast 255 ...ackinfo off
...EXTUDP off ...EXT IP none ...NOPMOTHER off
...BTCODE 000000
...APRSMC: APRSMC
...ATXT: 
...NAME: 
...BLE : short
...DISPLAY on
...CTRY EU8
...FREQ 433.1750 MHz TXPWR 17 dBm RXBOOST off
...MAXHOP text 4 / pos 2

...Webserver  on / Webpwd <> / Gateway off 
...NETConsole on (port 2323)
...KISS/TCP   off / TX off / RxMeta off / Auth off
...WIFI-AP    off
...SSID <none> / PASSWORD <***>
...NETWORK Mode:WiFi
...hasIpAddress: yes
...IP address   : 10.0.2.15
...SUBNET-MASK  : 255.255.255.0
...GW address   : 10.0.2.5
...DNS address  : 
...UDP-HBeat : 33059
[ 33059][E][WiFiUdp.cpp:221] parsePacket(): could not receive data: 9
[CON ]...Client disconnected. free heap=134960
[ 33065][E][WiFiUdp.cpp:221] parsePacket(): could not receive data: 9
[ 33070][E][WiFiUdp.cpp:221] parsePacket(): could not receive data: 9
[ 33076][E][WiFiUdp.cpp:221] parsePacket(): could not receive data: 9
[ 33081][E][WiFiUdp.cpp:221] parsePacket(): could not receive data: 9
[ 33087][E][WiFiUdp.cpp:221] parsePacket(): could not receive data: 9
[ 33093][E][WiFiUdp.cpp:221] parsePacket(): could not receive data: 9
[ 33099][E][WiFiUdp.cpp:221] parsePacket(): could not receive data: 9
[ 33106][E][WiFiUdp.cpp:221] parsePacket(): could not receive data: 9
[ 33114][E][WiFiUdp.cpp:221] parsePacket(): could not receive data: 9
[ 33120][E][WiFiUdp.cpp:221] parsePacket(): could not receive data: 9
[ 33126][E][WiFiUdp.cpp:221] parsePacket(): could not receive data: 9
[ 33132][E][WiFiUdp.cpp:221] parsePacket(): could not receive data: 9
[ 33138][E][WiFiUdp.cpp:221] parsePacket(): could not receive data: 9
[ 33144][E][WiFiUdp.cpp:221] parsePacket(): could not receive data: 9
[ 33149][E][WiFiUdp.cpp:221] parsePacket(): could not receive data: 9
[ 33154][E][WiFiUdp.cpp:221] parsePacket(): could not receive data: 9
[ 33159][E][WiFiUdp.cpp:221] parsePacket(): could not receive data: 9
[ 33164][E][WiFiUdp.cpp:221] parsePacket(): could not receive data: 9
[ 33169][E][WiFiUdp.cpp:221] parsePacket(): could not receive data: 9
[ 33174][E][WiFiUdp.cpp:221] parsePacket(): could not receive data: 9
[ 33179][E][WiFiUdp.cpp:221] parsePacket(): could not receive data: 9
[ 33184][E][WiFiUdp.cpp:221] parsePacket(): could not receive data: 9
[ 33189][E][WiFiUdp.cpp:221] parsePacket(): could not receive data: 9
[ 33194][E][WiFiUdp.cpp:221] parsePacket(): could not receive data: 9
[ 33199][E][WiFiUdp.cpp:221] parsePacket(): could not receive data: 9
[ 33204][E][WiFiUdp.cpp:221] parsePacket(): could not receive data: 9
[ 33209][E][WiFiUdp.cpp:221] parsePacket(): could not receive data: 9
[ 33214][E][WiFiUdp.cpp:221] parsePacket(): could not receive data: 9
[ 33219][E][WiFiUdp.cpp:221] parsePacket(): could not receive data: 9
[ 33224][E][WiFiUdp.cpp:221] parsePacket(): could not receive data: 9
[ 33229][E][WiFiUdp.cpp:221] parsePacket(): could not receive data: 9
[ 33234][E][WiFiUdp.cpp:221] parsePacket(): could not receive data: 9
[ 33239][E][WiFiUdp.cpp:221] parsePacket(): could not receive data: 9
[ 33244][E][WiFiUdp.cpp:221] parsePacket(): could not receive data: 9
[ 33249][E][WiFiUdp.cpp:221] parsePacket(): could not receive data: 9
[ 33254][E][WiFiUdp.cpp:221] parsePacket(): could not receive data: 9
[ 33259][E][WiFiUdp.cpp:221] parsePacket(): could not receive data: 9
[ 33264][E][WiFiUdp.cpp:221] parsePacket(): could not receive data: 9
[ 33269][E][WiFiUdp.cpp:221] parsePacket(): could not receive data: 9
[ 33276][E][WiFiUdp.cpp:221] parsePacket(): could not receive data: 9
[ 33283][E][WiFiUdp.cpp:221] parsePacket(): could not receive data: 9
[ 33289][E][WiFiUdp.cpp:221] parsePacket(): could not receive data: 9
[ 33295][E][WiFiUdp.cpp:221] parsePacket(): could not receive data: 9
[ 33300][E][WiFiUdp.cpp:221] parsePacket(): could not receive data: 9
[ 33305][E][WiFiUdp.cpp:221] parsePacket(): could not receive data: 9
[ 33310][E][WiFiUdp.cpp:221] parsePacket(): could not receive data: 9
[ 33315][E][WiFiUdp.cpp:221] parsePacket(): could not receive data: 9
[ 33320][E][WiFiUdp.cpp:221] parsePacket(): could not receive data: 9
[ 33325][E][WiFiUdp.cpp:221] parsePacket(): could not receive data: 9
[ 33330][E][WiFiUdp.cpp:221] parsePacket(): could not receive data: 9
[ 33336][E][WiFiUdp.cpp:221] parsePacket(): could not receive data: 9
[ 33343][E][WiFiUdp.cpp:221] parsePacket(): could not receive data: 9
[ 33348][E][WiFiUdp.cpp:221] parsePacket(): could not receive data: 9
[ 33354][E][WiFiUdp.cpp:221] parsePacket(): could not receive data: 9
[ 33359][E][WiFiUdp.cpp:221] parsePacket(): could not receive data: 9
[ 33364][E][WiFiUdp.cpp:221] parsePacket(): could not receive data: 9
[ 33369][E][WiFiUdp.cpp:221] parsePacket(): could not receive data: 9
[ 33374][E][WiFiUdp.cpp:221] parsePacket(): could not receive data: 9
[ 33380][E][WiFiUdp.cpp:221] parsePacket(): could not receive data: 9
[ 33385][E][WiFiUdp.cpp:221] parsePacket(): could not receive data: 9
[ 33390][E][WiFiUdp.cpp:221] parsePacket(): could not receive data: 9
[ 33396][E][WiFiUdp.cpp:221] parsePacket(): could not receive data: 9
[ 33402][E][WiFiUdp.cpp:221] parsePacket(): could not receive data: 9
[ 33407][E][WiFiUdp.cpp:221] parsePacket(): could not receive data: 9
[ 33412][E][WiFiUdp.cpp:221] parsePacket(): could not receive data: 9
[ 33417][E][WiFiUdp.cpp:221] parsePacket(): could not receive data: 9
[ 33422][E][WiFiUdp.cpp:221] parsePacket(): could not receive data: 9
[ 33427][E][WiFiUdp.cpp:221] parsePacket(): could not receive data: 9
[ 33432][E][WiFiUdp.cpp:221] parsePacket(): could not receive data: 9
[ 33437][E][WiFiUdp.cpp:221] parsePacket(): could not receive data: 9
[ 33442][E][WiFiUdp.cpp:221] parsePacket(): could not receive data: 9
[ 33447][E][WiFiUdp.cpp:221] parsePacket(): could not receive data: 9
[ 33452][E][WiFiUdp.cpp:221] parsePacket(): could not receive data: 9
[ 33457][E][WiFiUdp.cpp:221] parsePacket(): could not receive data: 9
[ 33462][E][WiFiUdp.cpp:221] parsePacket(): could not receive data: 9
[ 33467][E][WiFiUdp.cpp:221] parsePacket(): could not receive data: 9
[ 33472][E][WiFiUdp.cpp:221] parsePacket(): could not receive data: 9
[ 33477][E][WiFiUdp.cpp:221] parsePacket(): could not receive data: 9
[ 33482][E][WiFiUdp.cpp:221] parsePacket(): could not receive data: 9
[ 33487][E][WiFiUdp.cpp:221] parsePacket(): could not receive data: 9
[ 33492][E][WiFiUdp.cpp:221] parsePacket(): could not receive data: 9
[ 33497][E][WiFiUdp.cpp:221] parsePacket(): could not receive data: 9
[ 33502][E][WiFiUdp.cpp:221] parsePacket(): could not receive data: 9
[ 33507][E][WiFiUdp.cpp:221] parsePacket(): could not receive data: 9
[ 33512][E][WiFiUdp.cpp:221] parsePacket(): could not receive data: 9
[ 33517][E][WiFiUdp.cpp:221] parsePacket(): could not receive data: 9
[ 33522][E][WiFiUdp.cpp:221] parsePacket(): could not receive data: 9
[ 33527][E][WiFiUdp.cpp:221] parsePacket(): could not receive data: 9
[ 33533][E][WiFiUdp.cpp:221] parsePacket(): could not receive data: 9
[ 33538][E][WiFiUdp.cpp:221] parsePacket(): could not receive data: 9
[ 33543][E][WiFiUdp.cpp:221] parsePacket(): could not receive data: 9
[ 33548][E][WiFiUdp.cpp:221] parsePacket(): could not receive data: 9
[ 33553][E][WiFiUdp.cpp:221] parsePacket(): could not receive data: 9
[ 33558][E][WiFiUdp.cpp:221] parsePacket(): could not receive data: 9
[ 33563][E][WiFiUdp.cpp:221] parsePacket(): could not receive data: 9
[ 33569][E][WiFiUdp.cpp:221] parsePacket(): could not receive data: 9
[ 33576][E][WiFiUdp.cpp:221] parsePacket(): could not receive data: 9
[ 33582][E][WiFiUdp.cpp:221] parsePacket(): could not receive data: 9
[ 33589][E][WiFiUdp.cpp:221] parsePacket(): could not receive data: 9
[ 33595][E][WiFiUdp.cpp:221] parsePacket(): could not receive data: 9
[ 33601][E][WiFiUdp.cpp:221] parsePacket(): could not receive data: 9
[ 33606][E][WiFiUdp.cpp:221] parsePacket(): could not receive data: 9
[ 33611][E][WiFiUdp.cpp:221] parsePacket(): could not receive data: 9
[ 33617][E][WiFiUdp.cpp:221] parsePacket(): could not receive data: 9
[ 33623][E][WiFiUdp.cpp:221] parsePacket(): could not receive data: 9
[ 33628][E][WiFiUdp.cpp:221] parsePacket(): could not receive data: 9
[ 33633][E][WiFiUdp.cpp:221] parsePacket(): could not receive data: 9
[ 33638][E][WiFiUdp.cpp:221] parsePacket(): could not receive data: 9
[ 33644][E][WiFiUdp.cpp:221] parsePacket(): could not receive data: 9
[ 33649][E][WiFiUdp.cpp:221] parsePacket(): could not receive data: 9
[ 33654][E][WiFiUdp.cpp:221] parsePacket(): could not receive data: 9
[ 33660][E][WiFiUdp.cpp:221] parsePacket(): could not receive data: 9
[ 33665][E][WiFiUdp.cpp:221] parsePacket(): could not receive data: 9
[ 33670][E][WiFiUdp.cpp:221] parsePacket(): could not receive data: 9
[ 33675][E][WiFiUdp.cpp:221] parsePacket(): could not receive data: 9
[ 33680][E][WiFiUdp.cpp:221] parsePacket(): could not receive data: 9
[ 33686][E][WiFiUdp.cpp:221] parsePacket(): could not receive data: 9
[ 33692][E][WiFiUdp.cpp:221] parsePacket(): could not receive data: 9
[ 33697][E][WiFiUdp.cpp:221] parsePacket(): could not receive data: 9
[ 33702][E][WiFiUdp.cpp:221] parsePacket(): could not receive data: 9
[ 33707][E][WiFiUdp.cpp:221] parsePacket(): could not receive data: 9
[ 33712][E][WiFiUdp.cpp:221] parsePacket(): could not receive data: 9
[ 33717][E][WiFiUdp.cpp:221] parsePacket(): could not receive data: 9
[ 33722][E][WiFiUdp.cpp:221] parsePacket(): could not receive data: 9
[ 33728][E][WiFiUdp.cpp:221] parsePacket(): could not receive data: 9
[ 33734][E][WiFiUdp.cpp:221] parsePacket(): could not receive data: 9
[ 33739][E][WiFiUdp.cpp:221] parsePacket(): could not receive data: 9
[ 33744][E][WiFiUdp.cpp:221] parsePacket(): could not receive data: 9
[ 33750][E][WiFiUdp.cpp:221] parsePacket(): could not receive data: 9
[ 33757][E][WiFiUdp.cpp:221] parsePacket(): could not receive data: 9
[ 33762][E][WiFiUdp.cpp:221] parsePacket(): could not receive data: 9
[ 33768][E][WiFiUdp.cpp:221] parsePacket(): could not receive data: 9
[ 33774][E][WiFiUdp.cpp:221] parsePacket(): could not receive data: 9
[ 33780][E][WiFiUdp.cpp:221] parsePacket(): could not receive data: 9
[ 33785][E][WiFiUdp.cpp:221] parsePacket(): could not receive data: 9
[ 33790][E][WiFiUdp.cpp:221] parsePacket(): could not receive data: 9
[ 33797][E][WiFiUdp.cpp:221] parsePacket(): could not receive data: 9
[ 33803][E][WiFiUdp.cpp:221] parsePacket(): could not receive data: 9
[ 33809][E][WiFiUdp.cpp:221] parsePacket(): could not receive data: 9
[ 33817][E][WiFiUdp.cpp:221] parsePacket(): could not receive data: 9
[ 33823][E][WiFiUdp.cpp:221] parsePacket(): could not receive data: 9
[ 33829][E][WiFiUdp.cpp:221] parsePacket(): could not receive data: 9
[ 33835][E][WiFiUdp.cpp:221] parsePacket(): could not receive data: 9
[ 33840][E][WiFiUdp.cpp:221] parsePacket(): could not receive data: 9
[ 33846][E][WiFiUdp.cpp:221] parsePacket(): could not receive data: 9
[ 33852][E][WiFiUdp.cpp:221] parsePacket(): could not receive data: 9
[ 33857][E][WiFiUdp.cpp:221] parsePacket(): could not receive data: 9
[ 33862][E][WiFiUdp.cpp:221] parsePacket(): could not receive data: 9
[ 33868][E][WiFiUdp.cpp:221] parsePacket(): could not receive data: 9
[ 33874][E][WiFiUdp.cpp:221] parsePacket(): could not receive data: 9
[ 33878][E][WiFiUdp.cpp:221] parsePacket(): could not receive data: 9
[ 33883][E][WiFiUdp.cpp:221] parsePacket(): could not receive data: 9
[ 33888][E][WiFiUdp.cpp:221] parsePacket(): could not receive data: 9
[ 33893][E][WiFiUdp.cpp:221] parsePacket(): could not receive data: 9
[ 33898][E][WiFiUdp.cpp:221] parsePacket(): could not receive data: 9
[ 33903][E][WiFiUdp.cpp:221] parsePacket(): could not receive data: 9
[ 33908][E][WiFiUdp.cpp:221] parsePacket(): could not receive data: 9
[ 33913][E][WiFiUdp.cpp:221] parsePacket(): could not receive data: 9
[ 33919][E][WiFiUdp.cpp:221] parsePacket(): could not receive data: 9
[ 33924][E][WiFiUdp.cpp:221] parsePacket(): could not receive data: 9
[ 33929][E][WiFiUdp.cpp:221] parsePacket(): could not receive data: 9
[ 33935][E][WiFiUdp.cpp:221] parsePacket(): could not receive data: 9
[ 33941][E][WiFiUdp.cpp:221] parsePacket(): could not receive data: 9
[ 33947][E][WiFiUdp.cpp:221] parsePacket(): could not receive data: 9
[ 33953][E][WiFiUdp.cpp:221] parsePacket(): could not receive data: 9
[ 33959][E][WiFiUdp.cpp:221] parsePacket(): could not receive data: 9
[ 33965][E][WiFiUdp.cpp:221] parsePacket(): could not receive data: 9
[ 33971][E][WiFiUdp.cpp:221] parsePacket(): could not receive data: 9
[ 33977][E][WiFiUdp.cpp:221] parsePacket(): could not receive data: 9
[ 33982][E][WiFiUdp.cpp:221] parsePacket(): could not receive data: 9
[ 33987][E][WiFiUdp.cpp:221] parsePacket(): could not receive data: 9
[ 33992][E][WiFiUdp.cpp:221] parsePacket(): could not receive data: 9
[ 33997][E][WiFiUdp.cpp:221] parsePacket(): could not receive data: 9
[ 34002][E][WiFiUdp.cpp:221] parsePacket(): could not receive data: 9
[ 34007][E][WiFiUdp.cpp:221] parsePacket(): could not receive data: 9
[ 34012][E][WiFiUdp.cpp:221] parsePacket(): could not receive data: 9
[ 34017][E][WiFiUdp.cpp:221] parsePacket(): could not receive data: 9
[ 34023][E][WiFiUdp.cpp:221] parsePacket(): could not receive data: 9
[ 34029][E][WiFiUdp.cpp:221] parsePacket(): could not receive data: 9
[ 34036][E][WiFiUdp.cpp:221] parsePacket(): could not receive data: 9
[ 34041][E][WiFiUdp.cpp:221] parsePacket(): could not receive data: 9
[ 34046][E][WiFiUdp.cpp:221] parsePacket(): could not receive data: 9
[ 34051][E][WiFiUdp.cpp:221] parsePacket(): could not receive data: 9
[ 34056][E][WiFiUdp.cpp:221] parsePacket(): could not receive data: 9
[ 34061][E][WiFiUdp.cpp:221] parsePacket(): could not receive data: 9
[ 34066][E][WiFiUdp.cpp:221] parsePacket(): could not receive data: 9
[ 34071][E][WiFiUdp.cpp:221] parsePacket(): could not receive data: 9
[ 34076][E][WiFiUdp.cpp:221] parsePacket(): could not receive data: 9
[ 34081][E][WiFiUdp.cpp:221] parsePacket(): could not receive data: 9
[ 34086][E][WiFiUdp.cpp:221] parsePacket(): could not receive data: 9
[ 34091][E][WiFiUdp.cpp:221] parsePacket(): could not receive data: 9
[ 34096][E][WiFiUdp.cpp:221] parsePacket(): could not receive data: 9
[ 34101][E][WiFiUdp.cpp:221] parsePacket(): could not receive data: 9
[ 34106][E][WiFiUdp.cpp:221] parsePacket(): could not receive data: 9
[ 34112][E][WiFiUdp.cpp:221] parsePacket(): could not receive data: 9
[ 34117][E][WiFiUdp.cpp:221] parsePacket(): could not receive data: 9
[ 34122][E][WiFiUdp.cpp:221] parsePacket(): could not receive data: 9
[ 34127][E][WiFiUdp.cpp:221] parsePacket(): could not receive data: 9
[ 34132][E][WiFiUdp.cpp:221] parsePacket(): could not receive data: 9
[ 34137][E][WiFiUdp.cpp:221] parsePacket(): could not receive data: 9
[ 34142][E][WiFiUdp.cpp:221] parsePacket(): could not receive data: 9
[ 34167][E][WiFiUdp.cpp:221] parsePacket(): could not receive data: 9
[ 34186][E][WiFiUdp.cpp:221] parsePacket(): could not receive data: 9
[ 34198][E][WiFiUdp.cpp:221] parsePacket(): could not receive data: 9
[ 34205][E][WiFiUdp.cpp:221] parsePacket(): could not receive data: 9
[ 34212][E][WiFiUdp.cpp:221] parsePacket(): could not receive data: 9
[ 34218][E][WiFiUdp.cpp:221] parsePacket(): could not receive data: 9
[ 34224][E][WiFiUdp.cpp:221] parsePacket(): could not receive data: 9
[ 34231][E][WiFiUdp.cpp:221] parsePacket(): could not receive data: 9
[ 34236][E][WiFiUdp.cpp:221] parsePacket(): could not receive data: 9
[ 34243][E][WiFiUdp.cpp:221] parsePacket(): could not receive data: 9
[ 34248][E][WiFiUdp.cpp:221] parsePacket(): could not receive data: 9
[ 34253][E][WiFiUdp.cpp:221] parsePacket(): could not receive data: 9
[ 34258][E][WiFiUdp.cpp:221] parsePacket(): could not receive data: 9
[ 34263][E][WiFiUdp.cpp:221] parsePacket(): could not receive data: 9
[ 34268][E][WiFiUdp.cpp:221] parsePacket(): could not receive data: 9
[ 34273][E][WiFiUdp.cpp:221] parsePacket(): could not receive data: 9
[ 34278][E][WiFiUdp.cpp:221] parsePacket(): could not receive data: 9
[ 34283][E][WiFiUdp.cpp:221] parsePacket(): could not receive data: 9
[ 34288][E][WiFiUdp.cpp:221] parsePacket(): could not receive data: 9
[ 34293][E][WiFiUdp.cpp:221] parsePacket(): could not receive data: 9
[ 34298][E][WiFiUdp.cpp:221] parsePacket(): could not receive data: 9
[ 34303][E][WiFiUdp.cpp:221] parsePacket(): could not receive data: 9
[ 34308][E][WiFiUdp.cpp:221] parsePacket(): could not receive data: 9
[ 34313][E][WiFiUdp.cpp:221] parsePacket(): could not receive data: 9
[ 34318][E][WiFiUdp.cpp:221] parsePacket(): could not receive data: 9
[ 34323][E][WiFiUdp.cpp:221] parsePacket(): could not receive data: 9
[ 34329][E][WiFiUdp.cpp:221] parsePacket(): could not receive data: 9
[ 34334][E][WiFiUdp.cpp:221] parsePacket(): could not receive data: 9
[ 34339][E][WiFiUdp.cpp:221] parsePacket(): could not receive data: 9
[ 34344][E][WiFiUdp.cpp:221] parsePacket(): could not receive data: 9
[ 34350][E][WiFiUdp.cpp:221] parsePacket(): could not receive data: 9
[ 34356][E][WiFiUdp.cpp:221] parsePacket(): could not receive data: 9
[ 34361][E][WiFiUdp.cpp:221] parsePacket(): could not receive data: 9
[ 34367][E][WiFiUdp.cpp:221] parsePacket(): could not receive data: 9
[ 34373][E][WiFiUdp.cpp:221] parsePacket(): could not receive data: 9
[ 34379][E][WiFiUdp.cpp:221] parsePacket(): could not receive data: 9
[ 34385][E][WiFiUdp.cpp:221] parsePacket(): could not receive data: 9
[ 34390][E][WiFiUdp.cpp:221] parsePacket(): could not receive data: 9
[ 34396][E][WiFiUdp.cpp:221] parsePacket(): could not receive data: 9
[ 34403][E][WiFiUdp.cpp:221] parsePacket(): could not receive data: 9
[ 34410][E][WiFiUdp.cpp:221] parsePacket(): could not receive data: 9
[ 34417][E][WiFiUdp.cpp:221] parsePacket(): could not receive data: 9
[ 34423][E][WiFiUdp.cpp:221] parsePacket(): could not receive data: 9
[ 34430][E][WiFiUdp.cpp:221] parsePacket(): could not receive data: 9
[ 34436][E][WiFiUdp.cpp:221] parsePacket(): could not receive data: 9
[ 34442][E][WiFiUdp.cpp:221] parsePacket(): could not receive data: 9
[ 34448][E][WiFiUdp.cpp:221] parsePacket(): could not receive data: 9
[ 34454][E][WiFiUdp.cpp:221] parsePacket(): could not receive data: 9
[ 34460][E][WiFiUdp.cpp:221] parsePacket(): could not receive data: 9
[ 34465][E][WiFiUdp.cpp:221] parsePacket(): could not receive data: 9
[ 34471][E][WiFiUdp.cpp:221] parsePacket(): could not receive data: 9
[ 34477][E][WiFiUdp.cpp:221] parsePacket(): could not receive data: 9
[ 34483][E][WiFiUdp.cpp:221] parsePacket(): could not receive data: 9
[ 34490][E][WiFiUdp.cpp:221] parsePacket(): could not receive data: 9
[ 34496][E][WiFiUdp.cpp:221] parsePacket(): could not receive data: 9
[ 34501][E][WiFiUdp.cpp:221] parsePacket(): could not receive data: 9
[ 34506][E][WiFiUdp.cpp:221] parsePacket(): could not receive data: 9
[ 34512][E][WiFiUdp.cpp:221] parsePacket(): could not receive data: 9
[ 34518][E][WiFiUdp.cpp:221] parsePacket(): could not receive data: 9
[ 34523][E][WiFiUdp.cpp:221] parsePacket(): could not receive data: 9
[ 34528][E][WiFiUdp.cpp:221] parsePacket(): could not receive data: 9
[ 34533][E][WiFiUdp.cpp:221] parsePacket(): could not receive data: 9
[ 34538][E][WiFiUdp.cpp:221] parsePacket(): could not receive data: 9
[ 34543][E][WiFiUdp.cpp:221] parsePacket(): could not receive data: 9
[ 34548][E][WiFiUdp.cpp:221] parsePacket(): could not receive data: 9
[ 34553][E][WiFiUdp.cpp:221] parsePacket(): could not receive data: 9
[ 34558][E][WiFiUdp.cpp:221] parsePacket(): could not receive data: 9
[ 34564][E][WiFiUdp.cpp:221] parsePacket(): could not receive data: 9
[ 34569][E][WiFiUdp.cpp:221] parsePacket(): could not receive data: 9
[ 34574][E][WiFiUdp.cpp:221] parsePacket(): could not receive data: 9
[ 34579][E][WiFiUdp.cpp:221] parsePacket(): could not receive data: 9
[ 34584][E][WiFiUdp.cpp:221] parsePacket(): could not receive data: 9
[ 34589][E][WiFiUdp.cpp:221] parsePacket(): could not receive data: 9
[ 34594][E][WiFiUdp.cpp:221] parsePacket(): could not receive data: 9
[ 34599][E][WiFiUdp.cpp:221] parsePacket(): could not receive data: 9
[ 34604][E][WiFiUdp.cpp:221] parsePacket(): could not receive data: 9
[ 34609][E][WiFiUdp.cpp:221] parsePacket(): could not receive data: 9
[ 34615][E][WiFiUdp.cpp:221] parsePacket(): could not receive data: 9
[ 34621][E][WiFiUdp.cpp:221] parsePacket(): could not receive data: 9
[ 34627][E][WiFiUdp.cpp:221] parsePacket(): could not receive data: 9
[ 34633][E][WiFiUdp.cpp:221] parsePacket(): could not receive data: 9
[ 34639][E][WiFiUdp.cpp:221] parsePacket(): could not receive data: 9
[ 34645][E][WiFiUdp.cpp:221] parsePacket(): could not receive data: 9
[ 34650][E][WiFiUdp.cpp:221] parsePacket(): could not receive data: 9
[ 34655][E][WiFiUdp.cpp:221] parsePacket(): could not receive data: 9
[ 34660][E][WiFiUdp.cpp:221] parsePacket(): could not receive data: 9
[ 34665][E][WiFiUdp.cpp:221] parsePacket(): could not receive data: 9
[ 34670][E][WiFiUdp.cpp:221] parsePacket(): could not receive data: 9
[ 34675][E][WiFiUdp.cpp:221] parsePacket(): could not receive data: 9
[ 34680][E][WiFiUdp.cpp:221] parsePacket(): could not receive data: 9
[ 34685][E][WiFiUdp.cpp:221] parsePacket(): could not receive data: 9
[ 34691][E][WiFiUdp.cpp:221] parsePacket(): could not receive data: 9
[ 34697][E][WiFiUdp.cpp:221] parsePacket(): could not receive data: 9
[ 34703][E][WiFiUdp.cpp:221] parsePacket(): could not receive data: 9
[ 34708][E][WiFiUdp.cpp:221] parsePacket(): could not receive data: 9
[ 34713][E][WiFiUdp.cpp:221] parsePacket(): could not receive data: 9
[ 34718][E][WiFiUdp.cpp:221] parsePacket(): could not receive data: 9
[ 34724][E][WiFiUdp.cpp:221] parsePacket(): could not receive data: 9
[ 34730][E][WiFiUdp.cpp:221] parsePacket(): could not receive data: 9
[ 34735][E][WiFiUdp.cpp:221] parsePacket(): could not receive data: 9
[ 34740][E][WiFiUdp.cpp:221] parsePacket(): could not receive data: 9
[ 34745][E][WiFiUdp.cpp:221] parsePacket(): could not receive data: 9
[ 34750][E][WiFiUdp.cpp:221] parsePacket(): could not receive data: 9
[ 34755][E][WiFiUdp.cpp:221] parsePacket(): could not receive data: 9
[ 34760][E][WiFiUdp.cpp:221] parsePacket(): could not receive data: 9
[ 34766][E][WiFiUdp.cpp:221] parsePacket(): could not receive data: 9
[ 34771][E][WiFiUdp.cpp:221] parsePacket(): could not receive data: 9
[ 34776][E][WiFiUdp.cpp:221] parsePacket(): could not receive data: 9
[ 34781][E][WiFiUdp.cpp:221] parsePacket(): could not receive data: 9
[ 34786][E][WiFiUdp.cpp:221] parsePacket(): could not receive data: 9
[ 34791][E][WiFiUdp.cpp:221] parsePacket(): could not receive data: 9
[ 34796][E][WiFiUdp.cpp:221] parsePacket(): could not receive data: 9
[ 34802][E][WiFiUdp.cpp:221] parsePacket(): could not receive data: 9
[ 34807][E][WiFiUdp.cpp:221] parsePacket(): could not receive data: 9
[ 34813][E][WiFiUdp.cpp:221] parsePacket(): could not receive data: 9
[ 34818][E][WiFiUdp.cpp:221] parsePacket(): could not receive data: 9
[ 34823][E][WiFiUdp.cpp:221] parsePacket(): could not receive data: 9
[ 34828][E][WiFiUdp.cpp:221] parsePacket(): could not receive data: 9
[ 34833][E][WiFiUdp.cpp:221] parsePacket(): could not receive data: 9
[ 34839][E][WiFiUdp.cpp:221] parsePacket(): could not receive data: 9
[ 34845][E][WiFiUdp.cpp:221] parsePacket(): could not receive data: 9
[ 34850][E][WiFiUdp.cpp:221] parsePacket(): could not receive data: 9
[ 34855][E][WiFiUdp.cpp:221] parsePacket(): could not receive data: 9
[ 34860][E][WiFiUdp.cpp:221] parsePacket(): could not receive data: 9
[ 34865][E][WiFiUdp.cpp:221] parsePacket(): could not receive data: 9
[ 34870][E][WiFiUdp.cpp:221] parsePacket(): could not receive data: 9
[ 34875][E][WiFiUdp.cpp:221] parsePacket(): could not receive data: 9
[ 34880][E][WiFiUdp.cpp:221] parsePacket(): could not receive data: 9
[ 34885][E][WiFiUdp.cpp:221] parsePacket(): could not receive data: 9
[ 34890][E][WiFiUdp.cpp:221] parsePacket(): could not receive data: 9
[ 34896][E][WiFiUdp.cpp:221] parsePacket(): could not receive data: 9
[ 34901][E][WiFiUdp.cpp:221] parsePacket(): could not receive data: 9
[ 34906][E][WiFiUdp.cpp:221] parsePacket(): could not receive data: 9
[ 34912][E][WiFiUdp.cpp:221] parsePacket(): could not receive data: 9
[ 34917][E][WiFiUdp.cpp:221] parsePacket(): could not receive data: 9
[ 34923][E][WiFiUdp.cpp:221] parsePacket(): could not receive data: 9
[ 34928][E][WiFiUdp.cpp:221] parsePacket(): could not receive data: 9
[ 34933][E][WiFiUdp.cpp:221] parsePacket(): could not receive data: 9
[ 34939][E][WiFiUdp.cpp:221] parsePacket(): could not receive data: 9
[ 34944][E][WiFiUdp.cpp:221] parsePacket(): could not receive data: 9
[ 34949][E][WiFiUdp.cpp:221] parsePacket(): could not receive data: 9
[ 34954][E][WiFiUdp.cpp:221] parsePacket(): could not receive data: 9
[ 34959][E][WiFiUdp.cpp:221] parsePacket(): could not receive data: 9
[ 34964][E][WiFiUdp.cpp:221] parsePacket(): could not receive data: 9
[ 34969][E][WiFiUdp.cpp:221] parsePacket(): could not receive data: 9
[ 34974][E][WiFiUdp.cpp:221] parsePacket(): could not receive data: 9
[ 34979][E][WiFiUdp.cpp:221] parsePacket(): could not receive data: 9
[ 34985][E][WiFiUdp.cpp:221] parsePacket(): could not receive data: 9
[ 34990][E][WiFiUdp.cpp:221] parsePacket(): could not receive data: 9
[ 34996][E][WiFiUdp.cpp:221] parsePacket(): could not receive data: 9
[ 35002][E][WiFiUdp.cpp:221] parsePacket(): could not receive data: 9
[ 35008][E][WiFiUdp.cpp:221] parsePacket(): could not receive data: 9
[ 35015][E][WiFiUdp.cpp:221] parsePacket(): could not receive data: 9
[ 35022][E][WiFiUdp.cpp:221] parsePacket(): could not receive data: 9
[ 35030][E][WiFiUdp.cpp:221] parsePacket(): could not receive data: 9
[ 35035][E][WiFiUdp.cpp:221] parsePacket(): could not receive data: 9
[ 35040][E][WiFiUdp.cpp:221] parsePacket(): could not receive data: 9
[ 35045][E][WiFiUdp.cpp:221] parsePacket(): could not receive data: 9
[ 35050][E][WiFiUdp.cpp:221] parsePacket(): could not receive data: 9
[ 35055][E][WiFiUdp.cpp:221] parsePacket(): could not receive data: 9
[ 35061][E][WiFiUdp.cpp:221] parsePacket(): could not receive data: 9
[ 35068][E][WiFiUdp.cpp:221] parsePacket(): could not receive data: 9
[ 35074][E][WiFiUdp.cpp:221] parsePacket(): could not receive data: 9
[ 35080][E][WiFiUdp.cpp:221] parsePacket(): could not receive data: 9
[ 35086][E][WiFiUdp.cpp:221] parsePacket(): could not receive data: 9
[ 35091][E][WiFiUdp.cpp:221] parsePacket(): could not receive data: 9
[ 35097][E][WiFiUdp.cpp:221] parsePacket(): could not receive data: 9
[ 35103][E][WiFiUdp.cpp:221] parsePacket(): could not receive data: 9
[ 35108][E][WiFiUdp.cpp:221] parsePacket(): could not receive data: 9
[ 35113][E][WiFiUdp.cpp:221] parsePacket(): could not receive data: 9
[ 35118][E][WiFiUdp.cpp:221] parsePacket(): could not receive data: 9
[ 35123][E][WiFiUdp.cpp:221] parsePacket(): could not receive data: 9
[ 35129][E][WiFiUdp.cpp:221] parsePacket(): could not receive data: 9
[ 35134][E][WiFiUdp.cpp:221] parsePacket(): could not receive data: 9
[ 35139][E][WiFiUdp.cpp:221] parsePacket(): could not receive data: 9
[ 35145][E][WiFiUdp.cpp:221] parsePacket(): could not receive data: 9
[ 35150][E][WiFiUdp.cpp:221] parsePacket(): could not receive data: 9
[ 35156][E][WiFiUdp.cpp:221] parsePacket(): could not receive data: 9
[ 35162][E][WiFiUdp.cpp:221] parsePacket(): could not receive data: 9
[ 35167][E][WiFiUdp.cpp:221] parsePacket(): could not receive data: 9
[ 35173][E][WiFiUdp.cpp:221] parsePacket(): could not receive data: 9
[ 35179][E][WiFiUdp.cpp:221] parsePacket(): could not receive data: 9
[ 35185][E][WiFiUdp.cpp:221] parsePacket(): could not receive data: 9
[ 35190][E][WiFiUdp.cpp:221] parsePacket(): could not receive data: 9
[ 35196][E][WiFiUdp.cpp:221] parsePacket(): could not receive data: 9
[ 35202][E][WiFiUdp.cpp:221] parsePacket(): could not receive data: 9
[ 35208][E][WiFiUdp.cpp:221] parsePacket(): could not receive data: 9
[ 35214][E][WiFiUdp.cpp:221] parsePacket(): could not receive data: 9
[ 35220][E][WiFiUdp.cpp:221] parsePacket(): could not receive data: 9
[ 35226][E][WiFiUdp.cpp:221] parsePacket(): could not receive data: 9
[ 35232][E][WiFiUdp.cpp:221] parsePacket(): could not receive data: 9
[ 35237][E][WiFiUdp.cpp:221] parsePacket(): could not receive data: 9
[ 35243][E][WiFiUdp.cpp:221] parsePacket(): could not receive data: 9
[ 35248][E][WiFiUdp.cpp:221] parsePacket(): could not receive data: 9
[ 35253][E][WiFiUdp.cpp:221] parsePacket(): could not receive data: 9
[ 35260][E][WiFiUdp.cpp:221] parsePacket(): could not receive data: 9
[ 35266][E][WiFiUdp.cpp:221] parsePacket(): could not receive data: 9
[ 35272][E][WiFiUdp.cpp:221] parsePacket(): could not receive data: 9
[ 35277][E][WiFiUdp.cpp:221] parsePacket(): could not receive data: 9
[ 35283][E][WiFiUdp.cpp:221] parsePacket(): could not receive data: 9
[ 35288][E][WiFiUdp.cpp:221] parsePacket(): could not receive data: 9
[ 35293][E][WiFiUdp.cpp:221] parsePacket(): could not receive data: 9
[ 35299][E][WiFiUdp.cpp:221] parsePacket(): could not receive data: 9
[ 35304][E][WiFiUdp.cpp:221] parsePacket(): could not receive data: 9
[ 35309][E][WiFiUdp.cpp:221] parsePacket(): could not receive data: 9
[ 35314][E][WiFiUdp.cpp:221] parsePacket(): could not receive data: 9
[ 35319][E][WiFiUdp.cpp:221] parsePacket(): could not receive data: 9
[ 35324][E][WiFiUdp.cpp:221] parsePacket(): could not receive data: 9
[ 35329][E][WiFiUdp.cpp:221] parsePacket(): could not receive data: 9
[ 35334][E][WiFiUdp.cpp:221] parsePacket(): could not receive data: 9
[ 35339][E][WiFiUdp.cpp:221] parsePacket(): could not receive data: 9
[ 35344][E][WiFiUdp.cpp:221] parsePacket(): could not receive data: 9
[ 35349][E][WiFiUdp.cpp:221] parsePacket(): could not receive data: 9
[ 35354][E][WiFiUdp.cpp:221] parsePacket(): could not receive data: 9
[ 35359][E][WiFiUdp.cpp:221] parsePacket(): could not receive data: 9
[ 35364][E][WiFiUdp.cpp:221] parsePacket(): could not receive data: 9
[ 35369][E][WiFiUdp.cpp:221] parsePacket(): could not receive data: 9
[ 35374][E][WiFiUdp.cpp:221] parsePacket(): could not receive data: 9
[ 35379][E][WiFiUdp.cpp:221] parsePacket(): could not receive data: 9
[ 35384][E][WiFiUdp.cpp:221] parsePacket(): could not receive data: 9
[ 35389][E][WiFiUdp.cpp:221] parsePacket(): could not receive data: 9
[ 35394][E][WiFiUdp.cpp:221] parsePacket(): could not receive data: 9
[ 35399][E][WiFiUdp.cpp:221] parsePacket(): could not receive data: 9
[ 35404][E][WiFiUdp.cpp:221] parsePacket(): could not receive data: 9
[ 35410][E][WiFiUdp.cpp:221] parsePacket(): could not receive data: 9
[ 35416][E][WiFiUdp.cpp:221] parsePacket(): could not receive data: 9
[ 35423][E][WiFiUdp.cpp:221] parsePacket(): could not receive data: 9
[ 35431][E][WiFiUdp.cpp:221] parsePacket(): could not receive data: 9
[ 35438][E][WiFiUdp.cpp:221] parsePacket(): could not receive data: 9
[ 35443][E][WiFiUdp.cpp:221] parsePacket(): could not receive data: 9
[ 35449][E][WiFiUdp.cpp:221] parsePacket(): could not receive data: 9
[ 35455][E][WiFiUdp.cpp:221] parsePacket(): could not receive data: 9
[ 35460][E][WiFiUdp.cpp:221] parsePacket(): could not receive data: 9
[ 35465][E][WiFiUdp.cpp:221] parsePacket(): could not receive data: 9
[ 35471][E][WiFiUdp.cpp:221] parsePacket(): could not receive data: 9
[ 35477][E][WiFiUdp.cpp:221] parsePacket(): could not receive data: 9
[ 35484][E][WiFiUdp.cpp:221] parsePacket(): could not receive data: 9
[ 35489][E][WiFiUdp.cpp:221] parsePacket(): could not receive data: 9
[ 35494][E][WiFiUdp.cpp:221] parsePacket(): could not receive data: 9
[ 35499][E][WiFiUdp.cpp:221] parsePacket(): could not receive data: 9
[ 35504][E][WiFiUdp.cpp:221] parsePacket(): could not receive data: 9
[ 35509][E][WiFiUdp.cpp:221] parsePacket(): could not receive data: 9
[ 35514][E][WiFiUdp.cpp:221] parsePacket(): could not receive data: 9
[ 35519][E][WiFiUdp.cpp:221] parsePacket(): could not receive data: 9
[ 35524][E][WiFiUdp.cpp:221] parsePacket(): could not receive data: 9
[ 35529][E][WiFiUdp.cpp:221] parsePacket(): could not receive data: 9
[ 35534][E][WiFiUdp.cpp:221] parsePacket(): could not receive data: 9
[ 35539][E][WiFiUdp.cpp:221] parsePacket(): could not receive data: 9
[ 35544][E][WiFiUdp.cpp:221] parsePacket(): could not receive data: 9
[ 35549][E][WiFiUdp.cpp:221] parsePacket(): could not receive data: 9
[ 35554][E][WiFiUdp.cpp:221] parsePacket(): could not receive data: 9
[ 35559][E][WiFiUdp.cpp:221] parsePacket(): could not receive data: 9
[ 35564][E][WiFiUdp.cpp:221] parsePacket(): could not receive data: 9
[ 35569][E][WiFiUdp.cpp:221] parsePacket(): could not receive data: 9
[ 35575][E][WiFiUdp.cpp:221] parsePacket(): could not receive data: 9
[ 35580][E][WiFiUdp.cpp:221] parsePacket(): could not receive data: 9
[ 35585][E][WiFiUdp.cpp:221] parsePacket(): could not receive data: 9
[ 35590][E][WiFiUdp.cpp:221] parsePacket(): could not receive data: 9
[ 35595][E][WiFiUdp.cpp:221] parsePacket(): could not receive data: 9
[ 35600][E][WiFiUdp.cpp:221] parsePacket(): could not receive data: 9
[ 35605][E][WiFiUdp.cpp:221] parsePacket(): could not receive data: 9
[ 35610][E][WiFiUdp.cpp:221] parsePacket(): could not receive data: 9
[ 35615][E][WiFiUdp.cpp:221] parsePacket(): could not receive data: 9
[ 35620][E][WiFiUdp.cpp:221] parsePacket(): could not receive data: 9
[ 35625][E][WiFiUdp.cpp:221] parsePacket(): could not receive data: 9
[ 35631][E][WiFiUdp.cpp:221] parsePacket(): could not receive data: 9
[ 35637][E][WiFiUdp.cpp:221] parsePacket(): could not receive data: 9
[ 35642][E][WiFiUdp.cpp:221] parsePacket(): could not receive data: 9
[ 35648][E][WiFiUdp.cpp:221] parsePacket(): could not receive data: 9
[ 35654][E][WiFiUdp.cpp:221] parsePacket(): could not receive data: 9
[ 35659][E][WiFiUdp.cpp:221] parsePacket(): could not receive data: 9
[ 35664][E][WiFiUdp.cpp:221] parsePacket(): could not receive data: 9
[ 35669][E][WiFiUdp.cpp:221] parsePacket(): could not receive data: 9
[ 35675][E][WiFiUdp.cpp:221] parsePacket(): could not receive data: 9
[ 35681][E][WiFiUdp.cpp:221] parsePacket(): could not receive data: 9
[ 35686][E][WiFiUdp.cpp:221] parsePacket(): could not receive data: 9
[ 35692][E][WiFiUdp.cpp:221] parsePacket(): could not receive data: 9
[ 35697][E][WiFiUdp.cpp:221] parsePacket(): could not receive data: 9
[ 35703][E][WiFiUdp.cpp:221] parsePacket(): could not receive data: 9
[ 35708][E][WiFiUdp.cpp:221] parsePacket(): could not receive data: 9
[ 35713][E][WiFiUdp.cpp:221] parsePacket(): could not receive data: 9
[ 35718][E][WiFiUdp.cpp:221] parsePacket(): could not receive data: 9
[ 35723][E][WiFiUdp.cpp:221] parsePacket(): could not receive data: 9
[ 35728][E][WiFiUdp.cpp:221] parsePacket(): could not receive data: 9
[ 35733][E][WiFiUdp.cpp:221] parsePacket(): could not receive data: 9
[ 35738][E][WiFiUdp.cpp:221] parsePacket(): could not receive data: 9
[ 35743][E][WiFiUdp.cpp:221] parsePacket(): could not receive data: 9
[ 35748][E][WiFiUdp.cpp:221] parsePacket(): could not receive data: 9
[ 35753][E][WiFiUdp.cpp:221] parsePacket(): could not receive data: 9
[ 35758][E][WiFiUdp.cpp:221] parsePacket(): could not receive data: 9
[ 35763][E][WiFiUdp.cpp:221] parsePacket(): could not receive data: 9
[ 35768][E][WiFiUdp.cpp:221] parsePacket(): could not receive data: 9
[ 35773][E][WiFiUdp.cpp:221] parsePacket(): could not receive data: 9
[ 35778][E][WiFiUdp.cpp:221] parsePacket(): could not receive data: 9
[ 35783][E][WiFiUdp.cpp:221] parsePacket(): could not receive data: 9
[ 35788][E][WiFiUdp.cpp:221] parsePacket(): could not receive data: 9
[ 35793][E][WiFiUdp.cpp:221] parsePacket(): could not receive data: 9
[ 35799][E][WiFiUdp.cpp:221] parsePacket(): could not receive data: 9
[ 35804][E][WiFiUdp.cpp:221] parsePacket(): could not receive data: 9
[ 35810][E][WiFiUdp.cpp:221] parsePacket(): could not receive data: 9
[ 35815][E][WiFiUdp.cpp:221] parsePacket(): could not receive data: 9
[ 35820][E][WiFiUdp.cpp:221] parsePacket(): could not receive data: 9
[ 35825][E][WiFiUdp.cpp:221] parsePacket(): could not receive data: 9
[ 35830][E][WiFiUdp.cpp:221] parsePacket(): could not receive data: 9
[ 35835][E][WiFiUdp.cpp:221] parsePacket(): could not receive data: 9
[ 35840][E][WiFiUdp.cpp:221] parsePacket(): could not receive data: 9
[ 35846][E][WiFiUdp.cpp:221] parsePacket(): could not receive data: 9
[ 35853][E][WiFiUdp.cpp:221] parsePacket(): could not receive data: 9
[ 35859][E][WiFiUdp.cpp:221] parsePacket(): could not receive data: 9
[ 35865][E][WiFiUdp.cpp:221] parsePacket(): could not receive data: 9
[ 35872][E][WiFiUdp.cpp:221] parsePacket(): could not receive data: 9
[ 35877][E][WiFiUdp.cpp:221] parsePacket(): could not receive data: 9
[ 35883][E][WiFiUdp.cpp:221] parsePacket(): could not receive data: 9
[ 35889][E][WiFiUdp.cpp:221] parsePacket(): could not receive data: 9
[ 35894][E][WiFiUdp.cpp:221] parsePacket(): could not receive data: 9
[ 35900][E][WiFiUdp.cpp:221] parsePacket(): could not receive data: 9
[ 35906][E][WiFiUdp.cpp:221] parsePacket(): could not receive data: 9
[ 35911][E][WiFiUdp.cpp:221] parsePacket(): could not receive data: 9
[ 35917][E][WiFiUdp.cpp:221] parsePacket(): could not receive data: 9
[ 35922][E][WiFiUdp.cpp:221] parsePacket(): could not receive data: 9
[ 35927][E][WiFiUdp.cpp:221] parsePacket(): could not receive data: 9
[ 35932][E][WiFiUdp.cpp:221] parsePacket(): could not receive data: 9
[ 35937][E][WiFiUdp.cpp:221] parsePacket(): could not receive data: 9
[ 35942][E][WiFiUdp.cpp:221] parsePacket(): could not receive data: 9
[ 35947][E][WiFiUdp.cpp:221] parsePacket(): could not receive data: 9
[ 35952][E][WiFiUdp.cpp:221] parsePacket(): could not receive data: 9
[ 35957][E][WiFiUdp.cpp:221] parsePacket(): could not receive data: 9
[ 35962][E][WiFiUdp.cpp:221] parsePacket(): could not receive data: 9
[ 35967][E][WiFiUdp.cpp:221] parsePacket(): could not receive data: 9
[ 35972][E][WiFiUdp.cpp:221] parsePacket(): could not receive data: 9
[ 35977][E][WiFiUdp.cpp:221] parsePacket(): could not receive data: 9
[ 35982][E][WiFiUdp.cpp:221] parsePacket(): could not receive data: 9
[ 35987][E][WiFiUdp.cpp:221] parsePacket(): could not receive data: 9
[ 35992][E][WiFiUdp.cpp:221] parsePacket(): could not receive data: 9
[ 35997][E][WiFiUdp.cpp:221] parsePacket(): could not receive data: 9
[ 36002][E][WiFiUdp.cpp:221] parsePacket(): could not receive data: 9
[ 36007][E][WiFiUdp.cpp:221] parsePacket(): could not receive data: 9
[ 36012][E][WiFiUdp.cpp:221] parsePacket(): could not receive data: 9
[ 36017][E][WiFiUdp.cpp:221] parsePacket(): could not receive data: 9
[ 36022][E][WiFiUdp.cpp:221] parsePacket(): could not receive data: 9
[ 36027][E][WiFiUdp.cpp:221] parsePacket(): could not receive data: 9
[ 36032][E][WiFiUdp.cpp:221] parsePacket(): could not receive data: 9
[ 36037][E][WiFiUdp.cpp:221] parsePacket(): could not receive data: 9
[ 36043][E][WiFiUdp.cpp:221] parsePacket(): could not receive data: 9
[ 36049][E][WiFiUdp.cpp:221] parsePacket(): could not receive data: 9
[ 36056][E][WiFiUdp.cpp:221] parsePacket(): could not receive data: 9
[ 36061][E][WiFiUdp.cpp:221] parsePacket(): could not receive data: 9
[ 36067][E][WiFiUdp.cpp:221] parsePacket(): could not receive data: 9
[ 36074][E][WiFiUdp.cpp:221] parsePacket(): could not receive data: 9
[ 36080][E][WiFiUdp.cpp:221] parsePacket(): could not receive data: 9
[ 36086][E][WiFiUdp.cpp:221] parsePacket(): could not receive data: 9
[ 36092][E][WiFiUdp.cpp:221] parsePacket(): could not receive data: 9
[ 36098][E][WiFiUdp.cpp:221] parsePacket(): could not receive data: 9
[ 36104][E][WiFiUdp.cpp:221] parsePacket(): could not receive data: 9
[ 36110][E][WiFiUdp.cpp:221] parsePacket(): could not receive data: 9
[ 36116][E][WiFiUdp.cpp:221] parsePacket(): could not receive data: 9
[ 36121][E][WiFiUdp.cpp:221] parsePacket(): could not receive data: 9
[ 36126][E][WiFiUdp.cpp:221] parsePacket(): could not receive data: 9
[ 36131][E][WiFiUdp.cpp:221] parsePacket(): could not receive data: 9
[ 36136][E][WiFiUdp.cpp:221] parsePacket(): could not receive data: 9
[ 36141][E][WiFiUdp.cpp:221] parsePacket(): could not receive data: 9
[ 36146][E][WiFiUdp.cpp:221] parsePacket(): could not receive data: 9
[ 36151][E][WiFiUdp.cpp:221] parsePacket(): could not receive data: 9
[ 36156][E][WiFiUdp.cpp:221] parsePacket(): could not receive data: 9
[ 36161][E][WiFiUdp.cpp:221] parsePacket(): could not receive data: 9
[ 36166][E][WiFiUdp.cpp:221] parsePacket(): could not receive data: 9
[ 36171][E][WiFiUdp.cpp:221] parsePacket(): could not receive data: 9
[ 36176][E][WiFiUdp.cpp:221] parsePacket(): could not receive data: 9
[ 36181][E][WiFiUdp.cpp:221] parsePacket(): could not receive data: 9
[ 36186][E][WiFiUdp.cpp:221] parsePacket(): could not receive data: 9
[ 36191][E][WiFiUdp.cpp:221] parsePacket(): could not receive data: 9
[ 36196][E][WiFiUdp.cpp:221] parsePacket(): could not receive data: 9
[ 36201][E][WiFiUdp.cpp:221] parsePacket(): could not receive data: 9
[ 36206][E][WiFiUdp.cpp:221] parsePacket(): could not receive data: 9
[ 36211][E][WiFiUdp.cpp:221] parsePacket(): could not receive data: 9
[ 36216][E][WiFiUdp.cpp:221] parsePacket(): could not receive data: 9
[ 36221][E][WiFiUdp.cpp:221] parsePacket(): could not receive data: 9
[ 36226][E][WiFiUdp.cpp:221] parsePacket(): could not receive data: 9
[ 36232][E][WiFiUdp.cpp:221] parsePacket(): could not receive data: 9
[ 36239][E][WiFiUdp.cpp:221] parsePacket(): could not receive data: 9
[ 36246][E][WiFiUdp.cpp:221] parsePacket(): could not receive data: 9
[ 36253][E][WiFiUdp.cpp:221] parsePacket(): could not receive data: 9
[ 36259][E][WiFiUdp.cpp:221] parsePacket(): could not receive data: 9
[ 36265][E][WiFiUdp.cpp:221] parsePacket(): could not receive data: 9
[ 36272][E][WiFiUdp.cpp:221] parsePacket(): could not receive data: 9
[ 36277][E][WiFiUdp.cpp:221] parsePacket(): could not receive data: 9
[ 36284][E][WiFiUdp.cpp:221] parsePacket(): could not receive data: 9
[ 36291][E][WiFiUdp.cpp:221] parsePacket(): could not receive data: 9
[ 36297][E][WiFiUdp.cpp:221] parsePacket(): could not receive data: 9
[ 36304][E][WiFiUdp.cpp:221] parsePacket(): could not receive data: 9
[ 36310][E][WiFiUdp.cpp:221] parsePacket(): could not receive data: 9
[ 36315][E][WiFiUdp.cpp:221] parsePacket(): could not receive data: 9
[ 36321][E][WiFiUdp.cpp:221] parsePacket(): could not receive data: 9
[ 36326][E][WiFiUdp.cpp:221] parsePacket(): could not receive data: 9
[ 36331][E][WiFiUdp.cpp:221] parsePacket(): could not receive data: 9
[ 36336][E][WiFiUdp.cpp:221] parsePacket(): could not receive data: 9
[ 36341][E][WiFiUdp.cpp:221] parsePacket(): could not receive data: 9
[ 36346][E][WiFiUdp.cpp:221] parsePacket(): could not receive data: 9
[ 36351][E][WiFiUdp.cpp:221] parsePacket(): could not receive data: 9
[ 36356][E][WiFiUdp.cpp:221] parsePacket(): could not receive data: 9
[ 36361][E][WiFiUdp.cpp:221] parsePacket(): could not receive data: 9
[ 36366][E][WiFiUdp.cpp:221] parsePacket(): could not receive data: 9
[ 36371][E][WiFiUdp.cpp:221] parsePacket(): could not receive data: 9
[ 36377][E][WiFiUdp.cpp:221] parsePacket(): could not receive data: 9
[ 36382][E][WiFiUdp.cpp:221] parsePacket(): could not receive data: 9
[ 36387][E][WiFiUdp.cpp:221] parsePacket(): could not receive data: 9
[ 36392][E][WiFiUdp.cpp:221] parsePacket(): could not receive data: 9
[ 36397][E][WiFiUdp.cpp:221] parsePacket(): could not receive data: 9
[ 36402][E][WiFiUdp.cpp:221] parsePacket(): could not receive data: 9
[ 36407][E][WiFiUdp.cpp:221] parsePacket(): could not receive data: 9
[ 36413][E][WiFiUdp.cpp:221] parsePacket(): could not receive data: 9
[ 36418][E][WiFiUdp.cpp:221] parsePacket(): could not receive data: 9
[ 36424][E][WiFiUdp.cpp:221] parsePacket(): could not receive data: 9
[ 36430][E][WiFiUdp.cpp:221] parsePacket(): could not receive data: 9
[ 36435][E][WiFiUdp.cpp:221] parsePacket(): could not receive data: 9
[ 36440][E][WiFiUdp.cpp:221] parsePacket(): could not receive data: 9
[ 36445][E][WiFiUdp.cpp:221] parsePacket(): could not receive data: 9
[ 36450][E][WiFiUdp.cpp:221] parsePacket(): could not receive data: 9
[ 36456][E][WiFiUdp.cpp:221] parsePacket(): could not receive data: 9
[ 36461][E][WiFiUdp.cpp:221] parsePacket(): could not receive data: 9
[ 36466][E][WiFiUdp.cpp:221] parsePacket(): could not receive data: 9
[ 36472][E][WiFiUdp.cpp:221] parsePacket(): could not receive data: 9
[ 36478][E][WiFiUdp.cpp:221] parsePacket(): could not receive data: 9
[ 36483][E][WiFiUdp.cpp:221] parsePacket(): could not receive data: 9
[ 36488][E][WiFiUdp.cpp:221] parsePacket(): could not receive data: 9
[ 36493][E][WiFiUdp.cpp:221] parsePacket(): could not receive data: 9
[ 36498][E][WiFiUdp.cpp:221] parsePacket(): could not receive data: 9
[ 36503][E][WiFiUdp.cpp:221] parsePacket(): could not receive data: 9
[ 36508][E][WiFiUdp.cpp:221] parsePacket(): could not receive data: 9
[ 36513][E][WiFiUdp.cpp:221] parsePacket(): could not receive data: 9
[ 36519][E][WiFiUdp.cpp:221] parsePacket(): could not receive data: 9
[ 36524][E][WiFiUdp.cpp:221] parsePacket(): could not receive data: 9
[ 36530][E][WiFiUdp.cpp:221] parsePacket(): could not receive data: 9
[ 36536][E][WiFiUdp.cpp:221] parsePacket(): could not receive data: 9
[ 36542][E][WiFiUdp.cpp:221] parsePacket(): could not receive data: 9
[ 36548][E][WiFiUdp.cpp:221] parsePacket(): could not receive data: 9
[ 36553][E][WiFiUdp.cpp:221] parsePacket(): could not receive data: 9
[ 36559][E][WiFiUdp.cpp:221] parsePacket(): could not receive data: 9
[ 36564][E][WiFiUdp.cpp:221] parsePacket(): could not receive data: 9
[ 36570][E][WiFiUdp.cpp:221] parsePacket(): could not receive data: 9
[ 36577][E][WiFiUdp.cpp:221] parsePacket(): could not receive data: 9
[ 36582][E][WiFiUdp.cpp:221] parsePacket(): could not receive data: 9
[ 36588][E][WiFiUdp.cpp:221] parsePacket(): could not receive data: 9
[ 36594][E][WiFiUdp.cpp:221] parsePacket(): could not receive data: 9
[ 36600][E][WiFiUdp.cpp:221] parsePacket(): could not receive data: 9
[ 36605][E][WiFiUdp.cpp:221] parsePacket(): could not receive data: 9
[ 36611][E][WiFiUdp.cpp:221] parsePacket(): could not receive data: 9
[ 36617][E][WiFiUdp.cpp:221] parsePacket(): could not receive data: 9
[ 36623][E][WiFiUdp.cpp:221] parsePacket(): could not receive data: 9
[ 36629][E][WiFiUdp.cpp:221] parsePacket(): could not receive data: 9
[ 36635][E][WiFiUdp.cpp:221] parsePacket(): could not receive data: 9
[ 36640][E][WiFiUdp.cpp:221] parsePacket(): could not receive data: 9
[ 36645][E][WiFiUdp.cpp:221] parsePacket(): could not receive data: 9
[ 36650][E][WiFiUdp.cpp:221] parsePacket(): could not receive data: 9
[ 36655][E][WiFiUdp.cpp:221] parsePacket(): could not receive data: 9
[ 36660][E][WiFiUdp.cpp:221] parsePacket(): could not receive data: 9
[ 36665][E][WiFiUdp.cpp:221] parsePacket(): could not receive data: 9
[ 36670][E][WiFiUdp.cpp:221] parsePacket(): could not receive data: 9
[ 36675][E][WiFiUdp.cpp:221] parsePacket(): could not receive data: 9
[ 36680][E][WiFiUdp.cpp:221] parsePacket(): could not receive data: 9
[ 36685][E][WiFiUdp.cpp:221] parsePacket(): could not receive data: 9
[ 36691][E][WiFiUdp.cpp:221] parsePacket(): could not receive data: 9
[ 36698][E][WiFiUdp.cpp:221] parsePacket(): could not receive data: 9
[ 36705][E][WiFiUdp.cpp:221] parsePacket(): could not receive data: 9
[ 36713][E][WiFiUdp.cpp:221] parsePacket(): could not receive data: 9
[ 36720][E][WiFiUdp.cpp:221] parsePacket(): could not receive data: 9
[ 36726][E][WiFiUdp.cpp:221] parsePacket(): could not receive data: 9
[ 36732][E][WiFiUdp.cpp:221] parsePacket(): could not receive data: 9
[ 36738][E][WiFiUdp.cpp:221] parsePacket(): could not receive data: 9
[ 36743][E][WiFiUdp.cpp:221] parsePacket(): could not receive data: 9
[ 36748][E][WiFiUdp.cpp:221] parsePacket(): could not receive data: 9
[ 36753][E][WiFiUdp.cpp:221] parsePacket(): could not receive data: 9
[ 36758][E][WiFiUdp.cpp:221] parsePacket(): could not receive data: 9
[ 36763][E][WiFiUdp.cpp:221] parsePacket(): could not receive data: 9
[ 36768][E][WiFiUdp.cpp:221] parsePacket(): could not receive data: 9
[ 36773][E][WiFiUdp.cpp:221] parsePacket(): could not receive data: 9
[ 36778][E][WiFiUdp.cpp:221] parsePacket(): could not receive data: 9
[ 36783][E][WiFiUdp.cpp:221] parsePacket(): could not receive data: 9
[ 36788][E][WiFiUdp.cpp:221] parsePacket(): could not receive data: 9
[ 36793][E][WiFiUdp.cpp:221] parsePacket(): could not receive data: 9
[ 36798][E][WiFiUdp.cpp:221] parsePacket(): could not receive data: 9
[ 36804][E][WiFiUdp.cpp:221] parsePacket(): could not receive data: 9
[ 36810][E][WiFiUdp.cpp:221] parsePacket(): could not receive data: 9
[ 36815][E][WiFiUdp.cpp:221] parsePacket(): could not receive data: 9
[ 36820][E][WiFiUdp.cpp:221] parsePacket(): could not receive data: 9
[ 36826][E][WiFiUdp.cpp:221] parsePacket(): could not receive data: 9
[ 36831][E][WiFiUdp.cpp:221] parsePacket(): could not receive data: 9
[ 36837][E][WiFiUdp.cpp:221] parsePacket(): could not receive data: 9
[ 36843][E][WiFiUdp.cpp:221] parsePacket(): could not receive data: 9
[ 36848][E][WiFiUdp.cpp:221] parsePacket(): could not receive data: 9
[ 36853][E][WiFiUdp.cpp:221] parsePacket(): could not receive data: 9
[ 36858][E][WiFiUdp.cpp:221] parsePacket(): could not receive data: 9
[ 36863][E][WiFiUdp.cpp:221] parsePacket(): could not receive data: 9
[ 36868][E][WiFiUdp.cpp:221] parsePacket(): could not receive data: 9
[ 36873][E][WiFiUdp.cpp:221] parsePacket(): could not receive data: 9
[ 36880][E][WiFiUdp.cpp:221] parsePacket(): could not receive data: 9
[ 36887][E][WiFiUdp.cpp:221] parsePacket(): could not receive data: 9
[ 36894][E][WiFiUdp.cpp:221] parsePacket(): could not receive data: 9
[ 36900][E][WiFiUdp.cpp:221] parsePacket(): could not receive data: 9
[ 36906][E][WiFiUdp.cpp:221] parsePacket(): could not receive data: 9
[ 36912][E][WiFiUdp.cpp:221] parsePacket(): could not receive data: 9
[ 36917][E][WiFiUdp.cpp:221] parsePacket(): could not receive data: 9
[ 36922][E][WiFiUdp.cpp:221] parsePacket(): could not receive data: 9
[ 36929][E][WiFiUdp.cpp:221] parsePacket(): could not receive data: 9
[ 36935][E][WiFiUdp.cpp:221] parsePacket(): could not receive data: 9
[ 36941][E][WiFiUdp.cpp:221] parsePacket(): could not receive data: 9
[ 36946][E][WiFiUdp.cpp:221] parsePacket(): could not receive data: 9
[ 36951][E][WiFiUdp.cpp:221] parsePacket(): could not receive data: 9
[ 36956][E][WiFiUdp.cpp:221] parsePacket(): could not receive data: 9
[ 36961][E][WiFiUdp.cpp:221] parsePacket(): could not receive data: 9
[ 36966][E][WiFiUdp.cpp:221] parsePacket(): could not receive data: 9
[ 36971][E][WiFiUdp.cpp:221] parsePacket(): could not receive data: 9
[ 36976][E][WiFiUdp.cpp:221] parsePacket(): could not receive data: 9
[ 36981][E][WiFiUdp.cpp:221] parsePacket(): could not receive data: 9
[ 36986][E][WiFiUdp.cpp:221] parsePacket(): could not receive data: 9
[ 36991][E][WiFiUdp.cpp:221] parsePacket(): could not receive data: 9
[ 36996][E][WiFiUdp.cpp:221] parsePacket(): could not receive data: 9
[ 37001][E][WiFiUdp.cpp:221] parsePacket(): could not receive data: 9
[ 37006][E][WiFiUdp.cpp:221] parsePacket(): could not receive data: 9
[ 37011][E][WiFiUdp.cpp:221] parsePacket(): could not receive data: 9
[ 37017][E][WiFiUdp.cpp:221] parsePacket(): could not receive data: 9
[ 37022][E][WiFiUdp.cpp:221] parsePacket(): could not receive data: 9
[ 37027][E][WiFiUdp.cpp:221] parsePacket(): could not receive data: 9
[ 37032][E][WiFiUdp.cpp:221] parsePacket(): could not receive data: 9
[ 37037][E][WiFiUdp.cpp:221] parsePacket(): could not receive data: 9
[ 37042][E][WiFiUdp.cpp:221] parsePacket(): could not receive data: 9
[ 37047][E][WiFiUdp.cpp:221] parsePacket(): could not receive data: 9
[ 37052][E][WiFiUdp.cpp:221] parsePacket(): could not receive data: 9
[ 37057][E][WiFiUdp.cpp:221] parsePacket(): could not receive data: 9
[ 37062][E][WiFiUdp.cpp:221] parsePacket(): could not receive data: 9
[ 37067][E][WiFiUdp.cpp:221] parsePacket(): could not receive data: 9
[ 37073][E][WiFiUdp.cpp:221] parsePacket(): could not receive data: 9
[ 37079][E][WiFiUdp.cpp:221] parsePacket(): could not receive data: 9
[ 37084][E][WiFiUdp.cpp:221] parsePacket(): could not receive data: 9
[ 37091][E][WiFiUdp.cpp:221] parsePacket(): could not receive data: 9
[ 37096][E][WiFiUdp.cpp:221] parsePacket(): could not receive data: 9
[ 37102][E][WiFiUdp.cpp:221] parsePacket(): could not receive data: 9
[ 37107][E][WiFiUdp.cpp:221] parsePacket(): could not receive data: 9
[ 37112][E][WiFiUdp.cpp:221] parsePacket(): could not receive data: 9
[ 37117][E][WiFiUdp.cpp:221] parsePacket(): could not receive data: 9
[ 37122][E][WiFiUdp.cpp:221] parsePacket(): could not receive data: 9
[ 37127][E][WiFiUdp.cpp:221] parsePacket(): could not receive data: 9
[ 37132][E][WiFiUdp.cpp:221] parsePacket(): could not receive data: 9
[ 37138][E][WiFiUdp.cpp:221] parsePacket(): could not receive data: 9
[ 37145][E][WiFiUdp.cpp:221] parsePacket(): could not receive data: 9
[ 37151][E][WiFiUdp.cpp:221] parsePacket(): could not receive data: 9
[ 37156][E][WiFiUdp.cpp:221] parsePacket(): could not receive data: 9
[ 37162][E][WiFiUdp.cpp:221] parsePacket(): could not receive data: 9
[ 37168][E][WiFiUdp.cpp:221] parsePacket(): could not receive data: 9
[ 37173][E][WiFiUdp.cpp:221] parsePacket(): could not receive data: 9
[ 37178][E][WiFiUdp.cpp:221] parsePacket(): could not receive data: 9
[ 37183][E][WiFiUdp.cpp:221] parsePacket(): could not receive data: 9
[ 37188][E][WiFiUdp.cpp:221] parsePacket(): could not receive data: 9
[ 37193][E][WiFiUdp.cpp:221] parsePacket(): could not receive data: 9
[ 37198][E][WiFiUdp.cpp:221] parsePacket(): could not receive data: 9
[ 37203][E][WiFiUdp.cpp:221] parsePacket(): could not receive data: 9
[ 37208][E][WiFiUdp.cpp:221] parsePacket(): could not receive data: 9
[ 37213][E][WiFiUdp.cpp:221] parsePacket(): could not receive data: 9
[ 37218][E][WiFiUdp.cpp:221] parsePacket(): could not receive data: 9
[ 37223][E][WiFiUdp.cpp:221] parsePacket(): could not receive data: 9
[ 37228][E][WiFiUdp.cpp:221] parsePacket(): could not receive data: 9
[ 37233][E][WiFiUdp.cpp:221] parsePacket(): could not receive data: 9
[ 37238][E][WiFiUdp.cpp:221] parsePacket(): could not receive data: 9
[ 37243][E][WiFiUdp.cpp:221] parsePacket(): could not receive data: 9
[ 37248][E][WiFiUdp.cpp:221] parsePacket(): could not receive data: 9
[ 37253][E][WiFiUdp.cpp:221] parsePacket(): could not receive data: 9
[ 37258][E][WiFiUdp.cpp:221] parsePacket(): could not receive data: 9
[ 37264][E][WiFiUdp.cpp:221] parsePacket(): could not receive data: 9
[ 37269][E][WiFiUdp.cpp:221] parsePacket(): could not receive data: 9
[ 37274][E][WiFiUdp.cpp:221] parsePacket(): could not receive data: 9
[ 37279][E][WiFiUdp.cpp:221] parsePacket(): could not receive data: 9
[ 37284][E][WiFiUdp.cpp:221] parsePacket(): could not receive data: 9
[ 37289][E][WiFiUdp.cpp:221] parsePacket(): could not receive data: 9
[ 37294][E][WiFiUdp.cpp:221] parsePacket(): could not receive data: 9
[ 37299][E][WiFiUdp.cpp:221] parsePacket(): could not receive data: 9
[ 37304][E][WiFiUdp.cpp:221] parsePacket(): could not receive data: 9
[ 37310][E][WiFiUdp.cpp:221] parsePacket(): could not receive data: 9
[ 37317][E][WiFiUdp.cpp:221] parsePacket(): could not receive data: 9
[ 37324][E][WiFiUdp.cpp:221] parsePacket(): could not receive data: 9
[ 37330][E][WiFiUdp.cpp:221] parsePacket(): could not receive data: 9
[ 37335][E][WiFiUdp.cpp:221] parsePacket(): could not receive data: 9
[ 37341][E][WiFiUdp.cpp:221] parsePacket(): could not receive data: 9
[ 37346][E][WiFiUdp.cpp:221] parsePacket(): could not receive data: 9
[ 37351][E][WiFiUdp.cpp:221] parsePacket(): could not receive data: 9
[ 37356][E][WiFiUdp.cpp:221] parsePacket(): could not receive data: 9
[ 37361][E][WiFiUdp.cpp:221] parsePacket(): could not receive data: 9
[ 37366][E][WiFiUdp.cpp:221] parsePacket(): could not receive data: 9
[ 37371][E][WiFiUdp.cpp:221] parsePacket(): could not receive data: 9
[ 37376][E][WiFiUdp.cpp:221] parsePacket(): could not receive data: 9
[ 37381][E][WiFiUdp.cpp:221] parsePacket(): could not receive data: 9
[ 37386][E][WiFiUdp.cpp:221] parsePacket(): could not receive data: 9
[ 37391][E][WiFiUdp.cpp:221] parsePacket(): could not receive data: 9
[ 37396][E][WiFiUdp.cpp:221] parsePacket(): could not receive data: 9
[ 37401][E][WiFiUdp.cpp:221] parsePacket(): could not receive data: 9
[ 37406][E][WiFiUdp.cpp:221] parsePacket(): could not receive data: 9
[ 37411][E][WiFiUdp.cpp:221] parsePacket(): could not receive data: 9
[ 37416][E][WiFiUdp.cpp:221] parsePacket(): could not receive data: 9
[ 37421][E][WiFiUdp.cpp:221] parsePacket(): could not receive data: 9
[ 37427][E][WiFiUdp.cpp:221] parsePacket(): could not receive data: 9
[ 37432][E][WiFiUdp.cpp:221] parsePacket(): could not receive data: 9
[ 37438][E][WiFiUdp.cpp:221] parsePacket(): could not receive data: 9
[ 37443][E][WiFiUdp.cpp:221] parsePacket(): could not receive data: 9
[ 37448][E][WiFiUdp.cpp:221] parsePacket(): could not receive data: 9
[ 37453][E][WiFiUdp.cpp:221] parsePacket(): could not receive data: 9
[ 37458][E][WiFiUdp.cpp:221] parsePacket(): could not receive data: 9
[ 37463][E][WiFiUdp.cpp:221] parsePacket(): could not receive data: 9
[ 37469][E][WiFiUdp.cpp:221] parsePacket(): could not receive data: 9
[ 37474][E][WiFiUdp.cpp:221] parsePacket(): could not receive data: 9
[ 37479][E][WiFiUdp.cpp:221] parsePacket(): could not receive data: 9
[ 37484][E][WiFiUdp.cpp:221] parsePacket(): could not receive data: 9
[ 37489][E][WiFiUdp.cpp:221] parsePacket(): could not receive data: 9
[ 37495][E][WiFiUdp.cpp:221] parsePacket(): could not receive data: 9
[ 37501][E][WiFiUdp.cpp:221] parsePacket(): could not receive data: 9
[ 37508][E][WiFiUdp.cpp:221] parsePacket(): could not receive data: 9
[ 37513][E][WiFiUdp.cpp:221] parsePacket(): could not receive data: 9
[ 37519][E][WiFiUdp.cpp:221] parsePacket(): could not receive data: 9
[ 37524][E][WiFiUdp.cpp:221] parsePacket(): could not receive data: 9
[ 37529][E][WiFiUdp.cpp:221] parsePacket(): could not receive data: 9
[ 37534][E][WiFiUdp.cpp:221] parsePacket(): could not receive data: 9
[ 37539][E][WiFiUdp.cpp:221] parsePacket(): could not receive data: 9
[ 37544][E][WiFiUdp.cpp:221] parsePacket(): could not receive data: 9
[ 37549][E][WiFiUdp.cpp:221] parsePacket(): could not receive data: 9
[ 37555][E][WiFiUdp.cpp:221] parsePacket(): could not receive data: 9
[ 37562][E][WiFiUdp.cpp:221] parsePacket(): could not receive data: 9
[ 37567][E][WiFiUdp.cpp:221] parsePacket(): could not receive data: 9
[ 37572][E][WiFiUdp.cpp:221] parsePacket(): could not receive data: 9
[ 37577][E][WiFiUdp.cpp:221] parsePacket(): could not receive data: 9
[ 37582][E][WiFiUdp.cpp:221] parsePacket(): could not receive data: 9
[ 37587][E][WiFiUdp.cpp:221] parsePacket(): could not receive data: 9
[ 37592][E][WiFiUdp.cpp:221] parsePacket(): could not receive data: 9
[ 37597][E][WiFiUdp.cpp:221] parsePacket(): could not receive data: 9
[ 37602][E][WiFiUdp.cpp:221] parsePacket(): could not receive data: 9
[ 37607][E][WiFiUdp.cpp:221] parsePacket(): could not receive data: 9
[ 37612][E][WiFiUdp.cpp:221] parsePacket(): could not receive data: 9
[ 37617][E][WiFiUdp.cpp:221] parsePacket(): could not receive data: 9
[ 37622][E][WiFiUdp.cpp:221] parsePacket(): could not receive data: 9
[ 37627][E][WiFiUdp.cpp:221] parsePacket(): could not receive data: 9
[ 37632][E][WiFiUdp.cpp:221] parsePacket(): could not receive data: 9
[ 37637][E][WiFiUdp.cpp:221] parsePacket(): could not receive data: 9
[ 37642][E][WiFiUdp.cpp:221] parsePacket(): could not receive data: 9
[ 37647][E][WiFiUdp.cpp:221] parsePacket(): could not receive data: 9
[ 37652][E][WiFiUdp.cpp:221] parsePacket(): could not receive data: 9
[ 37657][E][WiFiUdp.cpp:221] parsePacket(): could not receive data: 9
[ 37662][E][WiFiUdp.cpp:221] parsePacket(): could not receive data: 9
[ 37667][E][WiFiUdp.cpp:221] parsePacket(): could not receive data: 9
[ 37672][E][WiFiUdp.cpp:221] parsePacket(): could not receive data: 9
[ 37677][E][WiFiUdp.cpp:221] parsePacket(): could not receive data: 9
[ 37682][E][WiFiUdp.cpp:221] parsePacket(): could not receive data: 9
[ 37688][E][WiFiUdp.cpp:221] parsePacket(): could not receive data: 9
[ 37693][E][WiFiUdp.cpp:221] parsePacket(): could not receive data: 9
[ 37699][E][WiFiUdp.cpp:221] parsePacket(): could not receive data: 9
[ 37705][E][WiFiUdp.cpp:221] parsePacket(): could not receive data: 9
[ 37711][E][WiFiUdp.cpp:221] parsePacket(): could not receive data: 9
[ 37717][E][WiFiUdp.cpp:221] parsePacket(): could not receive data: 9
[ 37723][E][WiFiUdp.cpp:221] parsePacket(): could not receive data: 9
[ 37729][E][WiFiUdp.cpp:221] parsePacket(): could not receive data: 9
[ 37736][E][WiFiUdp.cpp:221] parsePacket(): could not receive data: 9
[ 37742][E][WiFiUdp.cpp:221] parsePacket(): could not receive data: 9
[ 37747][E][WiFiUdp.cpp:221] parsePacket(): could not receive data: 9
[ 37752][E][WiFiUdp.cpp:221] parsePacket(): could not receive data: 9
[ 37757][E][WiFiUdp.cpp:221] parsePacket(): could not receive data: 9
[ 37763][E][WiFiUdp.cpp:221] parsePacket(): could not receive data: 9
[ 37768][E][WiFiUdp.cpp:221] parsePacket(): could not receive data: 9
[ 37773][E][WiFiUdp.cpp:221] parsePacket(): could not receive data: 9
[ 37778][E][WiFiUdp.cpp:221] parsePacket(): could not receive data: 9
[ 37783][E][WiFiUdp.cpp:221] parsePacket(): could not receive data: 9
[ 37788][E][WiFiUdp.cpp:221] parsePacket(): could not receive data: 9
[ 37794][E][WiFiUdp.cpp:221] parsePacket(): could not receive data: 9
[ 37799][E][WiFiUdp.cpp:221] parsePacket(): could not receive data: 9
[ 37804][E][WiFiUdp.cpp:221] parsePacket(): could not receive data: 9
[ 37809][E][WiFiUdp.cpp:221] parsePacket(): could not receive data: 9
[ 37815][E][WiFiUdp.cpp:221] parsePacket(): could not receive data: 9
[ 37820][E][WiFiUdp.cpp:221] parsePacket(): could not receive data: 9
[ 37825][E][WiFiUdp.cpp:221] parsePacket(): could not receive data: 9
[ 37830][E][WiFiUdp.cpp:221] parsePacket(): could not receive data: 9
[ 37835][E][WiFiUdp.cpp:221] parsePacket(): could not receive data: 9
[ 37840][E][WiFiUdp.cpp:221] parsePacket(): could not receive data: 9
[ 37845][E][WiFiUdp.cpp:221] parsePacket(): could not receive data: 9
[ 37850][E][WiFiUdp.cpp:221] parsePacket(): could not receive data: 9
[ 37855][E][WiFiUdp.cpp:221] parsePacket(): could not receive data: 9
[ 37860][E][WiFiUdp.cpp:221] parsePacket(): could not receive data: 9
[ 37865][E][WiFiUdp.cpp:221] parsePacket(): could not receive data: 9
[ 37870][E][WiFiUdp.cpp:221] parsePacket(): could not receive data: 9
[ 37875][E][WiFiUdp.cpp:221] parsePacket(): could not receive data: 9
[ 37880][E][WiFiUdp.cpp:221] parsePacket(): could not receive data: 9
[ 37885][E][WiFiUdp.cpp:221] parsePacket(): could not receive data: 9
[ 37890][E][WiFiUdp.cpp:221] parsePacket(): could not receive data: 9
[ 37895][E][WiFiUdp.cpp:221] parsePacket(): could not receive data: 9
[ 37900][E][WiFiUdp.cpp:221] parsePacket(): could not receive data: 9
[ 37905][E][WiFiUdp.cpp:221] parsePacket(): could not receive data: 9
[ 37910][E][WiFiUdp.cpp:221] parsePacket(): could not receive data: 9
[ 37917][E][WiFiUdp.cpp:221] parsePacket(): could not receive data: 9
[ 37923][E][WiFiUdp.cpp:221] parsePacket(): could not receive data: 9
[ 37929][E][WiFiUdp.cpp:221] parsePacket(): could not receive data: 9
[ 37934][E][WiFiUdp.cpp:221] parsePacket(): could not receive data: 9
[ 37940][E][WiFiUdp.cpp:221] parsePacket(): could not receive data: 9
[ 37945][E][WiFiUdp.cpp:221] parsePacket(): could not receive data: 9
[ 37950][E][WiFiUdp.cpp:221] parsePacket(): could not receive data: 9
[ 37955][E][WiFiUdp.cpp:221] parsePacket(): could not receive data: 9
[ 37960][E][WiFiUdp.cpp:221] parsePacket(): could not receive data: 9
[ 37965][E][WiFiUdp.cpp:221] parsePacket(): could not receive data: 9
[ 37971][E][WiFiUdp.cpp:221] parsePacket(): could not receive data: 9
[ 37978][E][WiFiUdp.cpp:221] parsePacket(): could not receive data: 9
[ 37984][E][WiFiUdp.cpp:221] parsePacket(): could not receive data: 9
[ 37990][E][WiFiUdp.cpp:221] parsePacket(): could not receive data: 9
[ 37995][E][WiFiUdp.cpp:221] parsePacket(): could not receive data: 9
[ 38000][E][WiFiUdp.cpp:221] parsePacket(): could not receive data: 9
[ 38005][E][WiFiUdp.cpp:221] parsePacket(): could not receive data: 9
[ 38010][E][WiFiUdp.cpp:221] parsePacket(): could not receive data: 9
[ 38016][E][WiFiUdp.cpp:221] parsePacket(): could not receive data: 9
[ 38021][E][WiFiUdp.cpp:221] parsePacket(): could not receive data: 9
[ 38026][E][WiFiUdp.cpp:221] parsePacket(): could not receive data: 9
[ 38031][E][WiFiUdp.cpp:221] parsePacket(): could not receive data: 9
[ 38036][E][WiFiUdp.cpp:221] parsePacket(): could not receive data: 9
[ 38041][E][WiFiUdp.cpp:221] parsePacket(): could not receive data: 9
[ 38046][E][WiFiUdp.cpp:221] parsePacket(): could not receive data: 9
[ 38051][E][WiFiUdp.cpp:221] parsePacket(): could not receive data: 9
[ 38056][E][WiFiUdp.cpp:221] parsePacket(): could not receive data: 9
[ 38061][E][WiFiUdp.cpp:221] parsePacket(): could not receive data: 9
[ 38066][E][WiFiUdp.cpp:221] parsePacket(): could not receive data: 9
[ 38071][E][WiFiUdp.cpp:221] parsePacket(): could not receive data: 9
[ 38076][E][WiFiUdp.cpp:221] parsePacket(): could not receive data: 9
[ 38081][E][WiFiUdp.cpp:221] parsePacket(): could not receive data: 9
[ 38086][E][WiFiUdp.cpp:221] parsePacket(): could not receive data: 9
[ 38091][E][WiFiUdp.cpp:221] parsePacket(): could not receive data: 9
[ 38096][E][WiFiUdp.cpp:221] parsePacket(): could not receive data: 9
[ 38101][E][WiFiUdp.cpp:221] parsePacket(): could not receive data: 9
[ 38106][E][WiFiUdp.cpp:221] parsePacket(): could not receive data: 9
[ 38111][E][WiFiUdp.cpp:221] parsePacket(): could not receive data: 9
[ 38116][E][WiFiUdp.cpp:221] parsePacket(): could not receive data: 9
[ 38121][E][WiFiUdp.cpp:221] parsePacket(): could not receive data: 9
[ 38126][E][WiFiUdp.cpp:221] parsePacket(): could not receive data: 9
[ 38131][E][WiFiUdp.cpp:221] parsePacket(): could not receive data: 9
[ 38136][E][WiFiUdp.cpp:221] parsePacket(): could not receive data: 9
[ 38141][E][WiFiUdp.cpp:221] parsePacket(): could not receive data: 9
[ 38147][E][WiFiUdp.cpp:221] parsePacket(): could not receive data: 9
[ 38153][E][WiFiUdp.cpp:221] parsePacket(): could not receive data: 9
[ 38160][E][WiFiUdp.cpp:221] parsePacket(): could not receive data: 9
[ 38165][E][WiFiUdp.cpp:221] parsePacket(): could not receive data: 9
[ 38171][E][WiFiUdp.cpp:221] parsePacket(): could not receive data: 9
[ 38176][E][WiFiUdp.cpp:221] parsePacket(): could not receive data: 9
[ 38181][E][WiFiUdp.cpp:221] parsePacket(): could not receive data: 9
[ 38186][E][WiFiUdp.cpp:221] parsePacket(): could not receive data: 9
[ 38191][E][WiFiUdp.cpp:221] parsePacket(): could not receive data: 9
[ 38196][E][WiFiUdp.cpp:221] parsePacket(): could not receive data: 9
[ 38201][E][WiFiUdp.cpp:221] parsePacket(): could not receive data: 9
[ 38206][E][WiFiUdp.cpp:221] parsePacket(): could not receive data: 9
[ 38211][E][WiFiUdp.cpp:221] parsePacket(): could not receive data: 9
[ 38216][E][WiFiUdp.cpp:221] parsePacket(): could not receive data: 9
[ 38221][E][WiFiUdp.cpp:221] parsePacket(): could not receive data: 9
[ 38226][E][WiFiUdp.cpp:221] parsePacket(): could not receive data: 9
[ 38231][E][WiFiUdp.cpp:221] parsePacket(): could not receive data: 9
[ 38236][E][WiFiUdp.cpp:221] parsePacket(): could not receive data: 9
[ 38241][E][WiFiUdp.cpp:221] parsePacket(): could not receive data: 9
[ 38246][E][WiFiUdp.cpp:221] parsePacket(): could not receive data: 9
[ 38251][E][WiFiUdp.cpp:221] parsePacket(): could not receive data: 9
[ 38256][E][WiFiUdp.cpp:221] parsePacket(): could not receive data: 9
[ 38261][E][WiFiUdp.cpp:221] parsePacket(): could not receive data: 9
[ 38266][E][WiFiUdp.cpp:221] parsePacket(): could not receive data: 9
[ 38271][E][WiFiUdp.cpp:221] parsePacket(): could not receive data: 9
[ 38276][E][WiFiUdp.cpp:221] parsePacket(): could not receive data: 9
[ 38281][E][WiFiUdp.cpp:221] parsePacket(): could not receive data: 9
[ 38286][E][WiFiUdp.cpp:221] parsePacket(): could not receive data: 9
[ 38291][E][WiFiUdp.cpp:221] parsePacket(): could not receive data: 9
[ 38296][E][WiFiUdp.cpp:221] parsePacket(): could not receive data: 9
[ 38301][E][WiFiUdp.cpp:221] parsePacket(): could not receive data: 9
[ 38306][E][WiFiUdp.cpp:221] parsePacket(): could not receive data: 9
[ 38312][E][WiFiUdp.cpp:221] parsePacket(): could not receive data: 9
[ 38317][E][WiFiUdp.cpp:221] parsePacket(): could not receive data: 9
[ 38324][E][WiFiUdp.cpp:221] parsePacket(): could not receive data: 9
[ 38330][E][WiFiUdp.cpp:221] parsePacket(): could not receive data: 9
[ 38335][E][WiFiUdp.cpp:221] parsePacket(): could not receive data: 9
[ 38341][E][WiFiUdp.cpp:221] parsePacket(): could not receive data: 9
[ 38346][E][WiFiUdp.cpp:221] parsePacket(): could not receive data: 9
[ 38351][E][WiFiUdp.cpp:221] parsePacket(): could not receive data: 9
[ 38356][E][WiFiUdp.cpp:221] parsePacket(): could not receive data: 9
[ 38361][E][WiFiUdp.cpp:221] parsePacket(): could not receive data: 9
[ 38366][E][WiFiUdp.cpp:221] parsePacket(): could not receive data: 9
[ 38373][E][WiFiUdp.cpp:221] parsePacket(): could not receive data: 9
[ 38378][E][WiFiUdp.cpp:221] parsePacket(): could not receive data: 9
[ 38384][E][WiFiUdp.cpp:221] parsePacket(): could not receive data: 9
[ 38391][E][WiFiUdp.cpp:221] parsePacket(): could not receive data: 9
[ 38399][E][WiFiUdp.cpp:221] parsePacket(): could not receive data: 9
[ 38404][E][WiFiUdp.cpp:221] parsePacket(): could not receive data: 9
[ 38409][E][WiFiUdp.cpp:221] parsePacket(): could not receive data: 9
[ 38414][E][WiFiUdp.cpp:221] parsePacket(): could not receive data: 9
[ 38419][E][WiFiUdp.cpp:221] parsePacket(): could not receive data: 9
[ 38424][E][WiFiUdp.cpp:221] parsePacket(): could not receive data: 9
[ 38429][E][WiFiUdp.cpp:221] parsePacket(): could not receive data: 9
[ 38434][E][WiFiUdp.cpp:221] parsePacket(): could not receive data: 9
[ 38439][E][WiFiUdp.cpp:221] parsePacket(): could not receive data: 9
[ 38444][E][WiFiUdp.cpp:221] parsePacket(): could not receive data: 9
[ 38449][E][WiFiUdp.cpp:221] parsePacket(): could not receive data: 9
[ 38454][E][WiFiUdp.cpp:221] parsePacket(): could not receive data: 9
[ 38459][E][WiFiUdp.cpp:221] parsePacket(): could not receive data: 9
[ 38464][E][WiFiUdp.cpp:221] parsePacket(): could not receive data: 9
[ 38469][E][WiFiUdp.cpp:221] parsePacket(): could not receive data: 9
[ 38474][E][WiFiUdp.cpp:221] parsePacket(): could not receive data: 9
[ 38479][E][WiFiUdp.cpp:221] parsePacket(): could not receive data: 9
[ 38484][E][WiFiUdp.cpp:221] parsePacket(): could not receive data: 9
[ 38489][E][WiFiUdp.cpp:221] parsePacket(): could not receive data: 9
[ 38495][E][WiFiUdp.cpp:221] parsePacket(): could not receive data: 9
[ 38500][E][WiFiUdp.cpp:221] parsePacket(): could not receive data: 9
[ 38505][E][WiFiUdp.cpp:221] parsePacket(): could not receive data: 9
[ 38510][E][WiFiUdp.cpp:221] parsePacket(): could not receive data: 9
[ 38515][E][WiFiUdp.cpp:221] parsePacket(): could not receive data: 9
[ 38520][E][WiFiUdp.cpp:221] parsePacket(): could not receive data: 9
[ 38525][E][WiFiUdp.cpp:221] parsePacket(): could not receive data: 9
[ 38531][E][WiFiUdp.cpp:221] parsePacket(): could not receive data: 9
[ 38538][E][WiFiUdp.cpp:221] parsePacket(): could not receive data: 9
[ 38544][E][WiFiUdp.cpp:221] parsePacket(): could not receive data: 9
[ 38551][E][WiFiUdp.cpp:221] parsePacket(): could not receive data: 9
[ 38557][E][WiFiUdp.cpp:221] parsePacket(): could not receive data: 9
[ 38562][E][WiFiUdp.cpp:221] parsePacket(): could not receive data: 9
[ 38568][E][WiFiUdp.cpp:221] parsePacket(): could not receive data: 9
[ 38573][E][WiFiUdp.cpp:221] parsePacket(): could not receive data: 9
[ 38578][E][WiFiUdp.cpp:221] parsePacket(): could not receive data: 9
[ 38583][E][WiFiUdp.cpp:221] parsePacket(): could not receive data: 9
[ 38588][E][WiFiUdp.cpp:221] parsePacket(): could not receive data: 9
[ 38593][E][WiFiUdp.cpp:221] parsePacket(): could not receive data: 9
[ 38598][E][WiFiUdp.cpp:221] parsePacket(): could not receive data: 9
[ 38605][E][WiFiUdp.cpp:221] parsePacket(): could not receive data: 9
[ 38610][E][WiFiUdp.cpp:221] parsePacket(): could not receive data: 9
[ 38616][E][WiFiUdp.cpp:221] parsePacket(): could not receive data: 9
[ 38621][E][WiFiUdp.cpp:221] parsePacket(): could not receive data: 9
[ 38626][E][WiFiUdp.cpp:221] parsePacket(): could not receive data: 9
[ 38631][E][WiFiUdp.cpp:221] parsePacket(): could not receive data: 9
[ 38637][E][WiFiUdp.cpp:221] parsePacket(): could not receive data: 9
[ 38642][E][WiFiUdp.cpp:221] parsePacket(): could not receive data: 9
[ 38647][E][WiFiUdp.cpp:221] parsePacket(): could not receive data: 9
[ 38652][E][WiFiUdp.cpp:221] parsePacket(): could not receive data: 9
[ 38657][E][WiFiUdp.cpp:221] parsePacket(): could not receive data: 9
[ 38662][E][WiFiUdp.cpp:221] parsePacket(): could not receive data: 9
[ 38668][E][WiFiUdp.cpp:221] parsePacket(): could not receive data: 9
[ 38673][E][WiFiUdp.cpp:221] parsePacket(): could not receive data: 9
[ 38678][E][WiFiUdp.cpp:221] parsePacket(): could not receive data: 9
[ 38683][E][WiFiUdp.cpp:221] parsePacket(): could not receive data: 9
[ 38688][E][WiFiUdp.cpp:221] parsePacket(): could not receive data: 9
[ 38693][E][WiFiUdp.cpp:221] parsePacket(): could not receive data: 9
[ 38698][E][WiFiUdp.cpp:221] parsePacket(): could not receive data: 9
[ 38703][E][WiFiUdp.cpp:221] parsePacket(): could not receive data: 9
[ 38708][E][WiFiUdp.cpp:221] parsePacket(): could not receive data: 9
[ 38714][E][WiFiUdp.cpp:221] parsePacket(): could not receive data: 9
[ 38719][E][WiFiUdp.cpp:221] parsePacket(): could not receive data: 9
[ 38724][E][WiFiUdp.cpp:221] parsePacket(): could not receive data: 9
[ 38729][E][WiFiUdp.cpp:221] parsePacket(): could not receive data: 9
[ 38734][E][WiFiUdp.cpp:221] parsePacket(): could not receive data: 9
[ 38739][E][WiFiUdp.cpp:221] parsePacket(): could not receive data: 9
[ 38744][E][WiFiUdp.cpp:221] parsePacket(): could not receive data: 9
[ 38750][E][WiFiUdp.cpp:221] parsePacket(): could not receive data: 9
[ 38757][E][WiFiUdp.cpp:221] parsePacket(): could not receive data: 9
[ 38763][E][WiFiUdp.cpp:221] parsePacket(): could not receive data: 9
[ 38769][E][WiFiUdp.cpp:221] parsePacket(): could not receive data: 9
[ 38777][E][WiFiUdp.cpp:221] parsePacket(): could not receive data: 9
[ 38784][E][WiFiUdp.cpp:221] parsePacket(): could not receive data: 9
[ 38790][E][WiFiUdp.cpp:221] parsePacket(): could not receive data: 9
[ 38797][E][WiFiUdp.cpp:221] parsePacket(): could not receive data: 9
[ 38803][E][WiFiUdp.cpp:221] parsePacket(): could not receive data: 9
[ 38809][E][WiFiUdp.cpp:221] parsePacket(): could not receive data: 9
[ 38816][E][WiFiUdp.cpp:221] parsePacket(): could not receive data: 9
[ 38822][E][WiFiUdp.cpp:221] parsePacket(): could not receive data: 9
[ 38830][E][WiFiUdp.cpp:221] parsePacket(): could not receive data: 9
[ 38835][E][WiFiUdp.cpp:221] parsePacket(): could not receive data: 9
[ 38840][E][WiFiUdp.cpp:221] parsePacket(): could not receive data: 9
[ 38845][E][WiFiUdp.cpp:221] parsePacket(): could not receive data: 9
[ 38850][E][WiFiUdp.cpp:221] parsePacket(): could not receive data: 9
[ 38855][E][WiFiUdp.cpp:221] parsePacket(): could not receive data: 9
[ 38860][E][WiFiUdp.cpp:221] parsePacket(): could not receive data: 9
[ 38865][E][WiFiUdp.cpp:221] parsePacket(): could not receive data: 9
[ 38870][E][WiFiUdp.cpp:221] parsePacket(): could not receive data: 9
[ 38876][E][WiFiUdp.cpp:221] parsePacket(): could not receive data: 9
[ 38881][E][WiFiUdp.cpp:221] parsePacket(): could not receive data: 9
[ 38886][E][WiFiUdp.cpp:221] parsePacket(): could not receive data: 9
[ 38891][E][WiFiUdp.cpp:221] parsePacket(): could not receive data: 9
[ 38897][E][WiFiUdp.cpp:221] parsePacket(): could not receive data: 9
[ 38902][E][WiFiUdp.cpp:221] parsePacket(): could not receive data: 9
[ 38907][E][WiFiUdp.cpp:221] parsePacket(): could not receive data: 9
[ 38912][E][WiFiUdp.cpp:221] parsePacket(): could not receive data: 9
[ 38917][E][WiFiUdp.cpp:221] parsePacket(): could not receive data: 9
[ 38922][E][WiFiUdp.cpp:221] parsePacket(): could not receive data: 9
[ 38927][E][WiFiUdp.cpp:221] parsePacket(): could not receive data: 9
[ 38932][E][WiFiUdp.cpp:221] parsePacket(): could not receive data: 9
[ 38937][E][WiFiUdp.cpp:221] parsePacket(): could not receive data: 9
[ 38943][E][WiFiUdp.cpp:221] parsePacket(): could not receive data: 9
[ 38948][E][WiFiUdp.cpp:221] parsePacket(): could not receive data: 9
[ 38954][E][WiFiUdp.cpp:221] parsePacket(): could not receive data: 9
[ 38959][E][WiFiUdp.cpp:221] parsePacket(): could not receive data: 9
[ 38965][E][WiFiUdp.cpp:221] parsePacket(): could not receive data: 9
[ 38971][E][WiFiUdp.cpp:221] parsePacket(): could not receive data: 9
[ 38977][E][WiFiUdp.cpp:221] parsePacket(): could not receive data: 9
[ 38984][E][WiFiUdp.cpp:221] parsePacket(): could not receive data: 9
[ 38990][E][WiFiUdp.cpp:221] parsePacket(): could not receive data: 9
[ 38995][E][WiFiUdp.cpp:221] parsePacket(): could not receive data: 9
[ 39001][E][WiFiUdp.cpp:221] parsePacket(): could not receive data: 9
[ 39006][E][WiFiUdp.cpp:221] parsePacket(): could not receive data: 9
[ 39011][E][WiFiUdp.cpp:221] parsePacket(): could not receive data: 9
[ 39016][E][WiFiUdp.cpp:221] parsePacket(): could not receive data: 9
[ 39021][E][WiFiUdp.cpp:221] parsePacket(): could not receive data: 9
[ 39027][E][WiFiUdp.cpp:221] parsePacket(): could not receive data: 9
[ 39032][E][WiFiUdp.cpp:221] parsePacket(): could not receive data: 9
[ 39037][E][WiFiUdp.cpp:221] parsePacket(): could not receive data: 9
[ 39042][E][WiFiUdp.cpp:221] parsePacket(): could not receive data: 9
[ 39047][E][WiFiUdp.cpp:221] parsePacket(): could not receive data: 9
[ 39052][E][WiFiUdp.cpp:221] parsePacket(): could not receive data: 9
[ 39057][E][WiFiUdp.cpp:221] parsePacket(): could not receive data: 9
[ 39062][E][WiFiUdp.cpp:221] parsePacket(): could not receive data: 9
[ 39067][E][WiFiUdp.cpp:221] parsePacket(): could not receive data: 9
[ 39073][E][WiFiUdp.cpp:221] parsePacket(): could not receive data: 9
[ 39080][E][WiFiUdp.cpp:221] parsePacket(): could not receive data: 9
[ 39085][E][WiFiUdp.cpp:221] parsePacket(): could not receive data: 9
[ 39090][E][WiFiUdp.cpp:221] parsePacket(): could not receive data: 9
[ 39095][E][WiFiUdp.cpp:221] parsePacket(): could not receive data: 9
[ 39100][E][WiFiUdp.cpp:221] parsePacket(): could not receive data: 9
[ 39105][E][WiFiUdp.cpp:221] parsePacket(): could not receive data: 9
[ 39110][E][WiFiUdp.cpp:221] parsePacket(): could not receive data: 9
[ 39115][E][WiFiUdp.cpp:221] parsePacket(): could not receive data: 9
[ 39120][E][WiFiUdp.cpp:221] parsePacket(): could not receive data: 9
[ 39125][E][WiFiUdp.cpp:221] parsePacket(): could not receive data: 9
[ 39130][E][WiFiUdp.cpp:221] parsePacket(): could not receive data: 9
[ 39135][E][WiFiUdp.cpp:221] parsePacket(): could not receive data: 9
[ 39140][E][WiFiUdp.cpp:221] parsePacket(): could not receive data: 9
[ 39145][E][WiFiUdp.cpp:221] parsePacket(): could not receive data: 9
[ 39150][E][WiFiUdp.cpp:221] parsePacket(): could not receive data: 9
[ 39155][E][WiFiUdp.cpp:221] parsePacket(): could not receive data: 9
[ 39160][E][WiFiUdp.cpp:221] parsePacket(): could not receive data: 9
[ 39167][E][WiFiUdp.cpp:221] parsePacket(): could not receive data: 9
[ 39172][E][WiFiUdp.cpp:221] parsePacket(): could not receive data: 9
[ 39179][E][WiFiUdp.cpp:221] parsePacket(): could not receive data: 9
[ 39184][E][WiFiUdp.cpp:221] parsePacket(): could not receive data: 9
[ 39191][E][WiFiUdp.cpp:221] parsePacket(): could not receive data: 9
[ 39198][E][WiFiUdp.cpp:221] parsePacket(): could not receive data: 9
[ 39203][E][WiFiUdp.cpp:221] parsePacket(): could not receive data: 9
[ 39208][E][WiFiUdp.cpp:221] parsePacket(): could not receive data: 9
[ 39214][E][WiFiUdp.cpp:221] parsePacket(): could not receive data: 9
[ 39220][E][WiFiUdp.cpp:221] parsePacket(): could not receive data: 9
[ 39227][E][WiFiUdp.cpp:221] parsePacket(): could not receive data: 9
[ 39233][E][WiFiUdp.cpp:221] parsePacket(): could not receive data: 9
[ 39239][E][WiFiUdp.cpp:221] parsePacket(): could not receive data: 9
[ 39245][E][WiFiUdp.cpp:221] parsePacket(): could not receive data: 9
[ 39250][E][WiFiUdp.cpp:221] parsePacket(): could not receive data: 9
[ 39255][E][WiFiUdp.cpp:221] parsePacket(): could not receive data: 9
[ 39260][E][WiFiUdp.cpp:221] parsePacket(): could not receive data: 9
[ 39265][E][WiFiUdp.cpp:221] parsePacket(): could not receive data: 9
[ 39270][E][WiFiUdp.cpp:221] parsePacket(): could not receive data: 9
[ 39275][E][WiFiUdp.cpp:221] parsePacket(): could not receive data: 9
[ 39280][E][WiFiUdp.cpp:221] parsePacket(): could not receive data: 9
[ 39285][E][WiFiUdp.cpp:221] parsePacket(): could not receive data: 9
[ 39290][E][WiFiUdp.cpp:221] parsePacket(): could not receive data: 9
[ 39295][E][WiFiUdp.cpp:221] parsePacket(): could not receive data: 9
[ 39300][E][WiFiUdp.cpp:221] parsePacket(): could not receive data: 9
[ 39305][E][WiFiUdp.cpp:221] parsePacket(): could not receive data: 9
[ 39310][E][WiFiUdp.cpp:221] parsePacket(): could not receive data: 9
[ 39315][E][WiFiUdp.cpp:221] parsePacket(): could not receive data: 9
[ 39320][E][WiFiUdp.cpp:221] parsePacket(): could not receive data: 9
[ 39325][E][WiFiUdp.cpp:221] parsePacket(): could not receive data: 9
[ 39330][E][WiFiUdp.cpp:221] parsePacket(): could not receive data: 9
[ 39335][E][WiFiUdp.cpp:221] parsePacket(): could not receive data: 9
[ 39340][E][WiFiUdp.cpp:221] parsePacket(): could not receive data: 9
[ 39345][E][WiFiUdp.cpp:221] parsePacket(): could not receive data: 9
[ 39350][E][WiFiUdp.cpp:221] parsePacket(): could not receive data: 9
[ 39356][E][WiFiUdp.cpp:221] parsePacket(): could not receive data: 9
[ 39361][E][WiFiUdp.cpp:221] parsePacket(): could not receive data: 9
[ 39367][E][WiFiUdp.cpp:221] parsePacket(): could not receive data: 9
[ 39373][E][WiFiUdp.cpp:221] parsePacket(): could not receive data: 9
[ 39378][E][WiFiUdp.cpp:221] parsePacket(): could not receive data: 9
[ 39385][E][WiFiUdp.cpp:221] parsePacket(): could not receive data: 9
[ 39391][E][WiFiUdp.cpp:221] parsePacket(): could not receive data: 9
[ 39396][E][WiFiUdp.cpp:221] parsePacket(): could not receive data: 9
[ 39402][E][WiFiUdp.cpp:221] parsePacket(): could not receive data: 9
[ 39409][E][WiFiUdp.cpp:221] parsePacket(): could not receive data: 9
[ 39414][E][WiFiUdp.cpp:221] parsePacket(): could not receive data: 9
[ 39420][E][WiFiUdp.cpp:221] parsePacket(): could not receive data: 9
[ 39425][E][WiFiUdp.cpp:221] parsePacket(): could not receive data: 9
[ 39430][E][WiFiUdp.cpp:221] parsePacket(): could not receive data: 9
[ 39436][E][WiFiUdp.cpp:221] parsePacket(): could not receive data: 9
[ 39442][E][WiFiUdp.cpp:221] parsePacket(): could not receive data: 9
[ 39448][E][WiFiUdp.cpp:221] parsePacket(): could not receive data: 9
[ 39454][E][WiFiUdp.cpp:221] parsePacket(): could not receive data: 9
[ 39459][E][WiFiUdp.cpp:221] parsePacket(): could not receive data: 9
[ 39464][E][WiFiUdp.cpp:221] parsePacket(): could not receive data: 9
[ 39469][E][WiFiUdp.cpp:221] parsePacket(): could not receive data: 9
[ 39474][E][WiFiUdp.cpp:221] parsePacket(): could not receive data: 9
[ 39479][E][WiFiUdp.cpp:221] parsePacket(): could not receive data: 9
[ 39485][E][WiFiUdp.cpp:221] parsePacket(): could not receive data: 9
[ 39490][E][WiFiUdp.cpp:221] parsePacket(): could not receive data: 9
[ 39495][E][WiFiUdp.cpp:221] parsePacket(): could not receive data: 9
[ 39501][E][WiFiUdp.cpp:221] parsePacket(): could not receive data: 9
[ 39507][E][WiFiUdp.cpp:221] parsePacket(): could not receive data: 9
[ 39513][E][WiFiUdp.cpp:221] parsePacket(): could not receive data: 9
[ 39519][E][WiFiUdp.cpp:221] parsePacket(): could not receive data: 9
[ 39524][E][WiFiUdp.cpp:221] parsePacket(): could not receive data: 9
[ 39529][E][WiFiUdp.cpp:221] parsePacket(): could not receive data: 9
[ 39534][E][WiFiUdp.cpp:221] parsePacket(): could not receive data: 9
[ 39539][E][WiFiUdp.cpp:221] parsePacket(): could not receive data: 9
[ 39544][E][WiFiUdp.cpp:221] parsePacket(): could not receive data: 9
[ 39550][E][WiFiUdp.cpp:221] parsePacket(): could not receive data: 9
[ 39555][E][WiFiUdp.cpp:221] parsePacket(): could not receive data: 9
[ 39560][E][WiFiUdp.cpp:221] parsePacket(): could not receive data: 9
[ 39565][E][WiFiUdp.cpp:221] parsePacket(): could not receive data: 9
[ 39570][E][WiFiUdp.cpp:221] parsePacket(): could not receive data: 9
[ 39575][E][WiFiUdp.cpp:221] parsePacket(): could not receive data: 9
[ 39581][E][WiFiUdp.cpp:221] parsePacket(): could not receive data: 9
[ 39588][E][WiFiUdp.cpp:221] parsePacket(): could not receive data: 9
[ 39595][E][WiFiUdp.cpp:221] parsePacket(): could not receive data: 9
[ 39602][E][WiFiUdp.cpp:221] parsePacket(): could not receive data: 9
[ 39607][E][WiFiUdp.cpp:221] parsePacket(): could not receive data: 9
[ 39614][E][WiFiUdp.cpp:221] parsePacket(): could not receive data: 9
[ 39620][E][WiFiUdp.cpp:221] parsePacket(): could not receive data: 9
[ 39626][E][WiFiUdp.cpp:221] parsePacket(): could not receive data: 9
[ 39633][E][WiFiUdp.cpp:221] parsePacket(): could not receive data: 9
[ 39638][E][WiFiUdp.cpp:221] parsePacket(): could not receive data: 9
[ 39645][E][WiFiUdp.cpp:221] parsePacket(): could not receive data: 9
[ 39652][E][WiFiUdp.cpp:221] parsePacket(): could not receive data: 9
[ 39657][E][WiFiUdp.cpp:221] parsePacket(): could not receive data: 9
[ 39663][E][WiFiUdp.cpp:221] parsePacket(): could not receive data: 9
[ 39668][E][WiFiUdp.cpp:221] parsePacket(): could not receive data: 9
[ 39673][E][WiFiUdp.cpp:221] parsePacket(): could not receive data: 9
[ 39678][E][WiFiUdp.cpp:221] parsePacket(): could not receive data: 9
[ 39683][E][WiFiUdp.cpp:221] parsePacket(): could not receive data: 9
[ 39689][E][WiFiUdp.cpp:221] parsePacket(): could not receive data: 9
[ 39694][E][WiFiUdp.cpp:221] parsePacket(): could not receive data: 9
[ 39699][E][WiFiUdp.cpp:221] parsePacket(): could not receive data: 9
[ 39704][E][WiFiUdp.cpp:221] parsePacket(): could not receive data: 9
[ 39710][E][WiFiUdp.cpp:221] parsePacket(): could not receive data: 9
[ 39715][E][WiFiUdp.cpp:221] parsePacket(): could not receive data: 9
[ 39720][E][WiFiUdp.cpp:221] parsePacket(): could not receive data: 9
[ 39725][E][WiFiUdp.cpp:221] parsePacket(): could not receive data: 9
[ 39730][E][WiFiUdp.cpp:221] parsePacket(): could not receive data: 9
[ 39735][E][WiFiUdp.cpp:221] parsePacket(): could not receive data: 9
[ 39740][E][WiFiUdp.cpp:221] parsePacket(): could not receive data: 9
[ 39745][E][WiFiUdp.cpp:221] parsePacket(): could not receive data: 9
[ 39750][E][WiFiUdp.cpp:221] parsePacket(): could not receive data: 9
[ 39755][E][WiFiUdp.cpp:221] parsePacket(): could not receive data: 9
[ 39760][E][WiFiUdp.cpp:221] parsePacket(): could not receive data: 9
[ 39765][E][WiFiUdp.cpp:221] parsePacket(): could not receive data: 9
[ 39770][E][WiFiUdp.cpp:221] parsePacket(): could not receive data: 9
[ 39775][E][WiFiUdp.cpp:221] parsePacket(): could not receive data: 9
[ 39780][E][WiFiUdp.cpp:221] parsePacket(): could not receive data: 9
[ 39785][E][WiFiUdp.cpp:221] parsePacket(): could not receive data: 9
[ 39790][E][WiFiUdp.cpp:221] parsePacket(): could not receive data: 9
[ 39795][E][WiFiUdp.cpp:221] parsePacket(): could not receive data: 9
[ 39802][E][WiFiUdp.cpp:221] parsePacket(): could not receive data: 9
[ 39807][E][WiFiUdp.cpp:221] parsePacket(): could not receive data: 9
[ 39813][E][WiFiUdp.cpp:221] parsePacket(): could not receive data: 9
[ 39820][E][WiFiUdp.cpp:221] parsePacket(): could not receive data: 9
[ 39826][E][WiFiUdp.cpp:221] parsePacket(): could not receive data: 9
[ 39831][E][WiFiUdp.cpp:221] parsePacket(): could not receive data: 9
[ 39837][E][WiFiUdp.cpp:221] parsePacket(): could not receive data: 9
[ 39842][E][WiFiUdp.cpp:221] parsePacket(): could not receive data: 9
[ 39847][E][WiFiUdp.cpp:221] parsePacket(): could not receive data: 9
[ 39852][E][WiFiUdp.cpp:221] parsePacket(): could not receive data: 9
[ 39857][E][WiFiUdp.cpp:221] parsePacket(): could not receive data: 9
[ 39862][E][WiFiUdp.cpp:221] parsePacket(): could not receive data: 9
[ 39867][E][WiFiUdp.cpp:221] parsePacket(): could not receive data: 9
[ 39872][E][WiFiUdp.cpp:221] parsePacket(): could not receive data: 9
[ 39877][E][WiFiUdp.cpp:221] parsePacket(): could not receive data: 9
[ 39882][E][WiFiUdp.cpp:221] parsePacket(): could not receive data: 9
[ 39887][E][WiFiUdp.cpp:221] parsePacket(): could not receive data: 9
[ 39892][E][WiFiUdp.cpp:221] parsePacket(): could not receive data: 9
[ 39897][E][WiFiUdp.cpp:221] parsePacket(): could not receive data: 9
[ 39902][E][WiFiUdp.cpp:221] parsePacket(): could not receive data: 9
[ 39907][E][WiFiUdp.cpp:221] parsePacket(): could not receive data: 9
[ 39912][E][WiFiUdp.cpp:221] parsePacket(): could not receive data: 9
[ 39917][E][WiFiUdp.cpp:221] parsePacket(): could not receive data: 9
[ 39922][E][WiFiUdp.cpp:221] parsePacket(): could not receive data: 9
[ 39927][E][WiFiUdp.cpp:221] parsePacket(): could not receive data: 9
[ 39932][E][WiFiUdp.cpp:221] parsePacket(): could not receive data: 9
[ 39937][E][WiFiUdp.cpp:221] parsePacket(): could not receive data: 9
[ 39942][E][WiFiUdp.cpp:221] parsePacket(): could not receive data: 9
[ 39947][E][WiFiUdp.cpp:221] parsePacket(): could not receive data: 9
[ 39952][E][WiFiUdp.cpp:221] parsePacket(): could not receive data: 9
[ 39957][E][WiFiUdp.cpp:221] parsePacket(): could not receive data: 9
[ 39962][E][WiFiUdp.cpp:221] parsePacket(): could not receive data: 9
[ 39968][E][WiFiUdp.cpp:221] parsePacket(): could not receive data: 9
[ 39973][E][WiFiUdp.cpp:221] parsePacket(): could not receive data: 9
[ 39978][E][WiFiUdp.cpp:221] parsePacket(): could not receive data: 9
[ 39983][E][WiFiUdp.cpp:221] parsePacket(): could not receive data: 9
[ 39988][E][WiFiUdp.cpp:221] parsePacket(): could not receive data: 9
[ 39993][E][WiFiUdp.cpp:221] parsePacket(): could not receive data: 9
[ 39998][E][WiFiUdp.cpp:221] parsePacket(): could not receive data: 9
[ 40003][E][WiFiUdp.cpp:221] parsePacket(): could not receive data: 9
[ 40008][E][WiFiUdp.cpp:221] parsePacket(): could not receive data: 9
[ 40013][E][WiFiUdp.cpp:221] parsePacket(): could not receive data: 9
[ 40018][E][WiFiUdp.cpp:221] parsePacket(): could not receive data: 9
[ 40023][E][WiFiUdp.cpp:221] parsePacket(): could not receive data: 9
[ 40029][E][WiFiUdp.cpp:221] parsePacket(): could not receive data: 9
[ 40034][E][WiFiUdp.cpp:221] parsePacket(): could not receive data: 9
[ 40039][E][WiFiUdp.cpp:221] parsePacket(): could not receive data: 9
[ 40044][E][WiFiUdp.cpp:221] parsePacket(): could not receive data: 9
[ 40050][E][WiFiUdp.cpp:221] parsePacket(): could not receive data: 9
[ 40056][E][WiFiUdp.cpp:221] parsePacket(): could not receive data: 9
[ 40062][E][WiFiUdp.cpp:221] parsePacket(): could not receive data: 9
[ 40067][E][WiFiUdp.cpp:221] parsePacket(): could not receive data: 9
[ 40072][E][WiFiUdp.cpp:221] parsePacket(): could not receive data: 9
[ 40077][E][WiFiUdp.cpp:221] parsePacket(): could not receive data: 9
[ 40082][E][WiFiUdp.cpp:221] parsePacket(): could not receive data: 9
[ 40087][E][WiFiUdp.cpp:221] parsePacket(): could not receive data: 9
[ 40092][E][WiFiUdp.cpp:221] parsePacket(): could not receive data: 9
[ 40097][E][WiFiUdp.cpp:221] parsePacket(): could not receive data: 9
[ 40102][E][WiFiUdp.cpp:221] parsePacket(): could not receive data: 9
[ 40108][E][WiFiUdp.cpp:221] parsePacket(): could not receive data: 9
[ 40114][E][WiFiUdp.cpp:221] parsePacket(): could not receive data: 9
[ 40120][E][WiFiUdp.cpp:221] parsePacket(): could not receive data: 9
[ 40125][E][WiFiUdp.cpp:221] parsePacket(): could not receive data: 9
[ 40130][E][WiFiUdp.cpp:221] parsePacket(): could not receive data: 9
[ 40135][E][WiFiUdp.cpp:221] parsePacket(): could not receive data: 9
[ 40140][E][WiFiUdp.cpp:221] parsePacket(): could not receive data: 9
[ 40146][E][WiFiUdp.cpp:221] parsePacket(): could not receive data: 9
[ 40151][E][WiFiUdp.cpp:221] parsePacket(): could not receive data: 9
[ 40156][E][WiFiUdp.cpp:221] parsePacket(): could not receive data: 9
[ 40161][E][WiFiUdp.cpp:221] parsePacket(): could not receive data: 9
[ 40167][E][WiFiUdp.cpp:221] parsePacket(): could not receive data: 9
[ 40172][E][WiFiUdp.cpp:221] parsePacket(): could not receive data: 9
[ 40177][E][WiFiUdp.cpp:221] parsePacket(): could not receive data: 9
[ 40182][E][WiFiUdp.cpp:221] parsePacket(): could not receive data: 9
[ 40187][E][WiFiUdp.cpp:221] parsePacket(): could not receive data: 9
[ 40192][E][WiFiUdp.cpp:221] parsePacket(): could not receive data: 9
[ 40197][E][WiFiUdp.cpp:221] parsePacket(): could not receive data: 9
[ 40203][E][WiFiUdp.cpp:221] parsePacket(): could not receive data: 9
[ 40209][E][WiFiUdp.cpp:221] parsePacket(): could not receive data: 9
[ 40216][E][WiFiUdp.cpp:221] parsePacket(): could not receive data: 9
[ 40223][E][WiFiUdp.cpp:221] parsePacket(): could not receive data: 9
[ 40228][E][WiFiUdp.cpp:221] parsePacket(): could not receive data: 9
[ 40234][E][WiFiUdp.cpp:221] parsePacket(): could not receive data: 9
[ 40240][E][WiFiUdp.cpp:221] parsePacket(): could not receive data: 9
[ 40245][E][WiFiUdp.cpp:221] parsePacket(): could not receive data: 9
[ 40250][E][WiFiUdp.cpp:221] parsePacket(): could not receive data: 9
[ 40255][E][WiFiUdp.cpp:221] parsePacket(): could not receive data: 9
[ 40260][E][WiFiUdp.cpp:221] parsePacket(): could not receive data: 9
[ 40265][E][WiFiUdp.cpp:221] parsePacket(): could not receive data: 9
[ 40270][E][WiFiUdp.cpp:221] parsePacket(): could not receive data: 9
[ 40275][E][WiFiUdp.cpp:221] parsePacket(): could not receive data: 9
[ 40281][E][WiFiUdp.cpp:221] parsePacket(): could not receive data: 9
[ 40286][E][WiFiUdp.cpp:221] parsePacket(): could not receive data: 9
[ 40292][E][WiFiUdp.cpp:221] parsePacket(): could not receive data: 9
[ 40297][E][WiFiUdp.cpp:221] parsePacket(): could not receive data: 9
[ 40303][E][WiFiUdp.cpp:221] parsePacket(): could not receive data: 9
[ 40308][E][WiFiUdp.cpp:221] parsePacket(): could not receive data: 9
[ 40313][E][WiFiUdp.cpp:221] parsePacket(): could not receive data: 9
[ 40318][E][WiFiUdp.cpp:221] parsePacket(): could not receive data: 9
[ 40323][E][WiFiUdp.cpp:221] parsePacket(): could not receive data: 9
[ 40328][E][WiFiUdp.cpp:221] parsePacket(): could not receive data: 9
[ 40334][E][WiFiUdp.cpp:221] parsePacket(): could not receive data: 9
[ 40339][E][WiFiUdp.cpp:221] parsePacket(): could not receive data: 9
[ 40344][E][WiFiUdp.cpp:221] parsePacket(): could not receive data: 9
[ 40349][E][WiFiUdp.cpp:221] parsePacket(): could not receive data: 9
[ 40354][E][WiFiUdp.cpp:221] parsePacket(): could not receive data: 9
[ 40359][E][WiFiUdp.cpp:221] parsePacket(): could not receive data: 9
[ 40364][E][WiFiUdp.cpp:221] parsePacket(): could not receive data: 9
[ 40369][E][WiFiUdp.cpp:221] parsePacket(): could not receive data: 9
[ 40374][E][WiFiUdp.cpp:221] parsePacket(): could not receive data: 9
[ 40379][E][WiFiUdp.cpp:221] parsePacket(): could not receive data: 9
[ 40384][E][WiFiUdp.cpp:221] parsePacket(): could not receive data: 9
[ 40389][E][WiFiUdp.cpp:221] parsePacket(): could not receive data: 9
[ 40394][E][WiFiUdp.cpp:221] parsePacket(): could not receive data: 9
[ 40399][E][WiFiUdp.cpp:221] parsePacket(): could not receive data: 9
[ 40404][E][WiFiUdp.cpp:221] parsePacket(): could not receive data: 9
[ 40410][E][WiFiUdp.cpp:221] parsePacket(): could not receive data: 9
[ 40416][E][WiFiUdp.cpp:221] parsePacket(): could not receive data: 9
[ 40421][E][WiFiUdp.cpp:221] parsePacket(): could not receive data: 9
[ 40426][E][WiFiUdp.cpp:221] parsePacket(): could not receive data: 9
[ 40431][E][WiFiUdp.cpp:221] parsePacket(): could not receive data: 9
[ 40436][E][WiFiUdp.cpp:221] parsePacket(): could not receive data: 9
[ 40441][E][WiFiUdp.cpp:221] parsePacket(): could not receive data: 9
[ 40446][E][WiFiUdp.cpp:221] parsePacket(): could not receive data: 9
[ 40451][E][WiFiUdp.cpp:221] parsePacket(): could not receive data: 9
[ 40457][E][WiFiUdp.cpp:221] parsePacket(): could not receive data: 9
[ 40463][E][WiFiUdp.cpp:221] parsePacket(): could not receive data: 9
[ 40469][E][WiFiUdp.cpp:221] parsePacket(): could not receive data: 9
[ 40474][E][WiFiUdp.cpp:221] parsePacket(): could not receive data: 9
[ 40479][E][WiFiUdp.cpp:221] parsePacket(): could not receive data: 9
[ 40484][E][WiFiUdp.cpp:221] parsePacket(): could not receive data: 9
[ 40489][E][WiFiUdp.cpp:221] parsePacket(): could not receive data: 9
[ 40494][E][WiFiUdp.cpp:221] parsePacket(): could not receive data: 9
[ 40499][E][WiFiUdp.cpp:221] parsePacket(): could not receive data: 9
[ 40504][E][WiFiUdp.cpp:221] parsePacket(): could not receive data: 9
[ 40510][E][WiFiUdp.cpp:221] parsePacket(): could not receive data: 9
[ 40516][E][WiFiUdp.cpp:221] parsePacket(): could not receive data: 9
[ 40521][E][WiFiUdp.cpp:221] parsePacket(): could not receive data: 9
[ 40526][E][WiFiUdp.cpp:221] parsePacket(): could not receive data: 9
[ 40531][E][WiFiUdp.cpp:221] parsePacket(): could not receive data: 9
[ 40536][E][WiFiUdp.cpp:221] parsePacket(): could not receive data: 9
[ 40541][E][WiFiUdp.cpp:221] parsePacket(): could not receive data: 9
[ 40547][E][WiFiUdp.cpp:221] parsePacket(): could not receive data: 9
[ 40552][E][WiFiUdp.cpp:221] parsePacket(): could not receive data: 9
[ 40557][E][WiFiUdp.cpp:221] parsePacket(): could not receive data: 9
[ 40562][E][WiFiUdp.cpp:221] parsePacket(): could not receive data: 9
[ 40567][E][WiFiUdp.cpp:221] parsePacket(): could not receive data: 9
[ 40572][E][WiFiUdp.cpp:221] parsePacket(): could not receive data: 9
[ 40577][E][WiFiUdp.cpp:221] parsePacket(): could not receive data: 9
[ 40582][E][WiFiUdp.cpp:221] parsePacket(): could not receive data: 9
[ 40587][E][WiFiUdp.cpp:221] parsePacket(): could not receive data: 9
[ 40592][E][WiFiUdp.cpp:221] parsePacket(): could not receive data: 9
[ 40597][E][WiFiUdp.cpp:221] parsePacket(): could not receive data: 9
[ 40602][E][WiFiUdp.cpp:221] parsePacket(): could not receive data: 9
[ 40607][E][WiFiUdp.cpp:221] parsePacket(): could not receive data: 9
[ 40612][E][WiFiUdp.cpp:221] parsePacket(): could not receive data: 9
[ 40617][E][WiFiUdp.cpp:221] parsePacket(): could not receive data: 9
[ 40622][E][WiFiUdp.cpp:221] parsePacket(): could not receive data: 9
[ 40627][E][WiFiUdp.cpp:221] parsePacket(): could not receive data: 9
[ 40632][E][WiFiUdp.cpp:221] parsePacket(): could not receive data: 9
[ 40637][E][WiFiUdp.cpp:221] parsePacket(): could not receive data: 9
[ 40642][E][WiFiUdp.cpp:221] parsePacket(): could not receive data: 9
[ 40647][E][WiFiUdp.cpp:221] parsePacket(): could not receive data: 9
[ 40652][E][WiFiUdp.cpp:221] parsePacket(): could not receive data: 9
[ 40657][E][WiFiUdp.cpp:221] parsePacket(): could not receive data: 9
[ 40662][E][WiFiUdp.cpp:221] parsePacket(): could not receive data: 9
[ 40667][E][WiFiUdp.cpp:221] parsePacket(): could not receive data: 9
[ 40672][E][WiFiUdp.cpp:221] parsePacket(): could not receive data: 9
[ 40678][E][WiFiUdp.cpp:221] parsePacket(): could not receive data: 9
[ 40684][E][WiFiUdp.cpp:221] parsePacket(): could not receive data: 9
[ 40691][E][WiFiUdp.cpp:221] parsePacket(): could not receive data: 9
[ 40696][E][WiFiUdp.cpp:221] parsePacket(): could not receive data: 9
[ 40702][E][WiFiUdp.cpp:221] parsePacket(): could not receive data: 9
[ 40707][E][WiFiUdp.cpp:221] parsePacket(): could not receive data: 9
[ 40712][E][WiFiUdp.cpp:221] parsePacket(): could not receive data: 9
[ 40717][E][WiFiUdp.cpp:221] parsePacket(): could not receive data: 9
[ 40722][E][WiFiUdp.cpp:221] parsePacket(): could not receive data: 9
[ 40727][E][WiFiUdp.cpp:221] parsePacket(): could not receive data: 9
[ 40732][E][WiFiUdp.cpp:221] parsePacket(): could not receive data: 9
[ 40738][E][WiFiUdp.cpp:221] parsePacket(): could not receive data: 9
[ 40743][E][WiFiUdp.cpp:221] parsePacket(): could not receive data: 9
[ 40748][E][WiFiUdp.cpp:221] parsePacket(): could not receive data: 9
[ 40753][E][WiFiUdp.cpp:221] parsePacket(): could not receive data: 9
[ 40758][E][WiFiUdp.cpp:221] parsePacket(): could not receive data: 9
[ 40763][E][WiFiUdp.cpp:221] parsePacket(): could not receive data: 9
[ 40768][E][WiFiUdp.cpp:221] parsePacket(): could not receive data: 9
[ 40773][E][WiFiUdp.cpp:221] parsePacket(): could not receive data: 9
[ 40779][E][WiFiUdp.cpp:221] parsePacket(): could not receive data: 9
[ 40784][E][WiFiUdp.cpp:221] parsePacket(): could not receive data: 9
[ 40789][E][WiFiUdp.cpp:221] parsePacket(): could not receive data: 9
[ 40795][E][WiFiUdp.cpp:221] parsePacket(): could not receive data: 9
[ 40800][E][WiFiUdp.cpp:221] parsePacket(): could not receive data: 9
[ 40805][E][WiFiUdp.cpp:221] parsePacket(): could not receive data: 9
[ 40810][E][WiFiUdp.cpp:221] parsePacket(): could not receive data: 9
[ 40815][E][WiFiUdp.cpp:221] parsePacket(): could not receive data: 9
[ 40820][E][WiFiUdp.cpp:221] parsePacket(): could not receive data: 9
[ 40825][E][WiFiUdp.cpp:221] parsePacket(): could not receive data: 9
[ 40830][E][WiFiUdp.cpp:221] parsePacket(): could not receive data: 9
[ 40835][E][WiFiUdp.cpp:221] parsePacket(): could not receive data: 9
[ 40840][E][WiFiUdp.cpp:221] parsePacket(): could not receive data: 9
[ 40845][E][WiFiUdp.cpp:221] parsePacket(): could not receive data: 9
[ 40851][E][WiFiUdp.cpp:221] parsePacket(): could not receive data: 9
[ 40856][E][WiFiUdp.cpp:221] parsePacket(): could not receive data: 9
[ 40861][E][WiFiUdp.cpp:221] parsePacket(): could not receive data: 9
[ 40866][E][WiFiUdp.cpp:221] parsePacket(): could not receive data: 9
[ 40871][E][WiFiUdp.cpp:221] parsePacket(): could not receive data: 9
[ 40876][E][WiFiUdp.cpp:221] parsePacket(): could not receive data: 9
[ 40881][E][WiFiUdp.cpp:221] parsePacket(): could not receive data: 9
[ 40886][E][WiFiUdp.cpp:221] parsePacket(): could not receive data: 9
[ 40891][E][WiFiUdp.cpp:221] parsePacket(): could not receive data: 9
[ 40896][E][WiFiUdp.cpp:221] parsePacket(): could not receive data: 9
[ 40901][E][WiFiUdp.cpp:221] parsePacket(): could not receive data: 9
[ 40906][E][WiFiUdp.cpp:221] parsePacket(): could not receive data: 9
[ 40911][E][WiFiUdp.cpp:221] parsePacket(): could not receive data: 9
[ 40916][E][WiFiUdp.cpp:221] parsePacket(): could not receive data: 9
[ 40921][E][WiFiUdp.cpp:221] parsePacket(): could not receive data: 9
[ 40926][E][WiFiUdp.cpp:221] parsePacket(): could not receive data: 9
[ 40931][E][WiFiUdp.cpp:221] parsePacket(): could not receive data: 9
[ 40936][E][WiFiUdp.cpp:221] parsePacket(): could not receive data: 9
[ 40941][E][WiFiUdp.cpp:221] parsePacket(): could not receive data: 9
[ 40946][E][WiFiUdp.cpp:221] parsePacket(): could not receive data: 9
[ 40951][E][WiFiUdp.cpp:221] parsePacket(): could not receive data: 9
[ 40956][E][WiFiUdp.cpp:221] parsePacket(): could not receive data: 9
[ 40961][E][WiFiUdp.cpp:221] parsePacket(): could not receive data: 9
[ 40966][E][WiFiUdp.cpp:221] parsePacket(): could not receive data: 9
[ 40971][E][WiFiUdp.cpp:221] parsePacket(): could not receive data: 9
[ 40976][E][WiFiUdp.cpp:221] parsePacket(): could not receive data: 9
[ 40982][E][WiFiUdp.cpp:221] parsePacket(): could not receive data: 9
[ 40987][E][WiFiUdp.cpp:221] parsePacket(): could not receive data: 9
[ 40992][E][WiFiUdp.cpp:221] parsePacket(): could not receive data: 9
[ 40998][E][WiFiUdp.cpp:221] parsePacket(): could not receive data: 9
[ 41004][E][WiFiUdp.cpp:221] parsePacket(): could not receive data: 9
[ 41009][E][WiFiUdp.cpp:221] parsePacket(): could not receive data: 9
[ 41015][E][WiFiUdp.cpp:221] parsePacket(): could not receive data: 9
[ 41021][E][WiFiUdp.cpp:221] parsePacket(): could not receive data: 9
[ 41026][E][WiFiUdp.cpp:221] parsePacket(): could not receive data: 9
[ 41031][E][WiFiUdp.cpp:221] parsePacket(): could not receive data: 9
[ 41036][E][WiFiUdp.cpp:221] parsePacket(): could not receive data: 9
[ 41042][E][WiFiUdp.cpp:221] parsePacket(): could not receive data: 9
[ 41047][E][WiFiUdp.cpp:221] parsePacket(): could not receive data: 9
[ 41053][E][WiFiUdp.cpp:221] parsePacket(): could not receive data: 9
[ 41058][E][WiFiUdp.cpp:221] parsePacket(): could not receive data: 9
[ 41064][E][WiFiUdp.cpp:221] parsePacket(): could not receive data: 9
[ 41070][E][WiFiUdp.cpp:221] parsePacket(): could not receive data: 9
[ 41076][E][WiFiUdp.cpp:221] parsePacket(): could not receive data: 9
[ 41082][E][WiFiUdp.cpp:221] parsePacket(): could not receive data: 9
[ 41087][E][WiFiUdp.cpp:221] parsePacket(): could not receive data: 9
[ 41092][E][WiFiUdp.cpp:221] parsePacket(): could not receive data: 9
[ 41098][E][WiFiUdp.cpp:221] parsePacket(): could not receive data: 9
[ 41104][E][WiFiUdp.cpp:221] parsePacket(): could not receive data: 9
[QEMU]...auto-reboot suppressed (guest reset wedges QEMU); settings saved
[ 41110][E][WiFiUdp.cpp:221] parsePacket(): could not receive data: 9
[ 41115][E][WiFiUdp.cpp:221] parsePacket(): could not receive data: 9
[ 41120][E][WiFiUdp.cpp:221] parsePacket(): could not receive data: 9
[ 41125][E][WiFiUdp.cpp:221] parsePacket(): could not receive data: 9
[ 41130][E][WiFiUdp.cpp:221] parsePacket(): could not receive data: 9
[ 41135][E][WiFiUdp.cpp:221] parsePacket(): could not receive data: 9
[ 41140][E][WiFiUdp.cpp:221] parsePacket(): could not receive data: 9
[ 41146][E][WiFiUdp.cpp:221] parsePacket(): could not receive data: 9
[ 41152][E][WiFiUdp.cpp:221] parsePacket(): could not receive data: 9
[ 41158][E][WiFiUdp.cpp:221] parsePacket(): could not receive data: 9
[ 41164][E][WiFiUdp.cpp:221] parsePacket(): could not receive data: 9
[ 41170][E][WiFiUdp.cpp:221] parsePacket(): could not receive data: 9
[ 41176][E][WiFiUdp.cpp:221] parsePacket(): could not receive data: 9
[ 41181][E][WiFiUdp.cpp:221] parsePacket(): could not receive data: 9
[ 41186][E][WiFiUdp.cpp:221] parsePacket(): could not receive data: 9
[ 41191][E][WiFiUdp.cpp:221] parsePacket(): could not receive data: 9
[ 41196][E][WiFiUdp.cpp:221] parsePacket(): could not receive data: 9
[ 41201][E][WiFiUdp.cpp:221] parsePacket(): could not receive data: 9
[ 41206][E][WiFiUdp.cpp:221] parsePacket(): could not receive data: 9
[ 41211][E][WiFiUdp.cpp:221] parsePacket(): could not receive data: 9
[ 41216][E][WiFiUdp.cpp:221] parsePacket(): could not receive data: 9
[ 41221][E][WiFiUdp.cpp:221] parsePacket(): could not receive data: 9
[ 41226][E][WiFiUdp.cpp:221] parsePacket(): could not receive data: 9
[ 41231][E][WiFiUdp.cpp:221] parsePacket(): could not receive data: 9
[ 41236][E][WiFiUdp.cpp:221] parsePacket(): could not receive data: 9
[ 41241][E][WiFiUdp.cpp:221] parsePacket(): could not receive data: 9
[ 41246][E][WiFiUdp.cpp:221] parsePacket(): could not receive data: 9
[ 41251][E][WiFiUdp.cpp:221] parsePacket(): could not receive data: 9
[ 41256][E][WiFiUdp.cpp:221] parsePacket(): could not receive data: 9
[ 41261][E][WiFiUdp.cpp:221] parsePacket(): could not receive data: 9
[ 41266][E][WiFiUdp.cpp:221] parsePacket(): could not receive data: 9
[ 41271][E][WiFiUdp.cpp:221] parsePacket(): could not receive data: 9
[ 41277][E][WiFiUdp.cpp:221] parsePacket(): could not receive data: 9
[ 41282][E][WiFiUdp.cpp:221] parsePacket(): could not receive data: 9
[ 41287][E][WiFiUdp.cpp:221] parsePacket(): could not receive data: 9
[ 41292][E][WiFiUdp.cpp:221] parsePacket(): could not receive data: 9
[ 41297][E][WiFiUdp.cpp:221] parsePacket(): could not receive data: 9
[ 41302][E][WiFiUdp.cpp:221] parsePacket(): could not receive data: 9
[ 41308][E][WiFiUdp.cpp:221] parsePacket(): could not receive data: 9
[ 41314][E][WiFiUdp.cpp:221] parsePacket(): could not receive data: 9
[ 41319][E][WiFiUdp.cpp:221] parsePacket(): could not receive data: 9
[ 41324][E][WiFiUdp.cpp:221] parsePacket(): could not receive data: 9
[ 41329][E][WiFiUdp.cpp:221] parsePacket(): could not receive data: 9
[ 41334][E][WiFiUdp.cpp:221] parsePacket(): could not receive data: 9
[ 41339][E][WiFiUdp.cpp:221] parsePacket(): could not receive data: 9
[ 41345][E][WiFiUdp.cpp:221] parsePacket(): could not receive data: 9
[ 41350][E][WiFiUdp.cpp:221] parsePacket(): could not receive data: 9
[ 41355][E][WiFiUdp.cpp:221] parsePacket(): could not receive data: 9
[ 41361][E][WiFiUdp.cpp:221] parsePacket(): could not receive data: 9
[ 41366][E][WiFiUdp.cpp:221] parsePacket(): could not receive data: 9
[ 41371][E][WiFiUdp.cpp:221] parsePacket(): could not receive data: 9
[ 41376][E][WiFiUdp.cpp:221] parsePacket(): could not receive data: 9
[ 41381][E][WiFiUdp.cpp:221] parsePacket(): could not receive data: 9
[ 41386][E][WiFiUdp.cpp:221] parsePacket(): could not receive data: 9
[ 41391][E][WiFiUdp.cpp:221] parsePacket(): could not receive data: 9
[ 41396][E][WiFiUdp.cpp:221] parsePacket(): could not receive data: 9
[ 41401][E][WiFiUdp.cpp:221] parsePacket(): could not receive data: 9
[ 41406][E][WiFiUdp.cpp:221] parsePacket(): could not receive data: 9
[ 41411][E][WiFiUdp.cpp:221] parsePacket(): could not receive data: 9
[ 41416][E][WiFiUdp.cpp:221] parsePacket(): could not receive data: 9
[ 41421][E][WiFiUdp.cpp:221] parsePacket(): could not receive data: 9
[ 41426][E][WiFiUdp.cpp:221] parsePacket(): could not receive data: 9
[ 41431][E][WiFiUdp.cpp:221] parsePacket(): could not receive data: 9
[ 41436][E][WiFiUdp.cpp:221] parsePacket(): could not receive data: 9
[ 41441][E][WiFiUdp.cpp:221] parsePacket(): could not receive data: 9
[ 41446][E][WiFiUdp.cpp:221] parsePacket(): could not receive data: 9
[ 41451][E][WiFiUdp.cpp:221] parsePacket(): could not receive data: 9
[ 41456][E][WiFiUdp.cpp:221] parsePacket(): could not receive data: 9
[ 41461][E][WiFiUdp.cpp:221] parsePacket(): could not receive data: 9
[ 41466][E][WiFiUdp.cpp:221] parsePacket(): could not receive data: 9
[ 41471][E][WiFiUdp.cpp:221] parsePacket(): could not receive data: 9
[ 41476][E][WiFiUdp.cpp:221] parsePacket(): could not receive data: 9
[ 41481][E][WiFiUdp.cpp:221] parsePacket(): could not receive data: 9
[ 41486][E][WiFiUdp.cpp:221] parsePacket(): could not receive data: 9
[ 41491][E][WiFiUdp.cpp:221] parsePacket(): could not receive data: 9
[ 41496][E][WiFiUdp.cpp:221] parsePacket(): could not receive data: 9
[ 41501][E][WiFiUdp.cpp:221] parsePacket(): could not receive data: 9
[ 41506][E][WiFiUdp.cpp:221] parsePacket(): could not receive data: 9
[ 41511][E][WiFiUdp.cpp:221] parsePacket(): could not receive data: 9
[ 41516][E][WiFiUdp.cpp:221] parsePacket(): could not receive data: 9
[ 41522][E][WiFiUdp.cpp:221] parsePacket(): could not receive data: 9
[ 41529][E][WiFiUdp.cpp:221] parsePacket(): could not receive data: 9
[ 41534][E][WiFiUdp.cpp:221] parsePacket(): could not receive data: 9
[ 41539][E][WiFiUdp.cpp:221] parsePacket(): could not receive data: 9
[ 41544][E][WiFiUdp.cpp:221] parsePacket(): could not receive data: 9
[ 41549][E][WiFiUdp.cpp:221] parsePacket(): could not receive data: 9
[ 41554][E][WiFiUdp.cpp:221] parsePacket(): could not receive data: 9
[ 41559][E][WiFiUdp.cpp:221] parsePacket(): could not receive data: 9
[ 41564][E][WiFiUdp.cpp:221] parsePacket(): could not receive data: 9
[ 41569][E][WiFiUdp.cpp:221] parsePacket(): could not receive data: 9
[ 41574][E][WiFiUdp.cpp:221] parsePacket(): could not receive data: 9
[ 41579][E][WiFiUdp.cpp:221] parsePacket(): could not receive data: 9
[ 41584][E][WiFiUdp.cpp:221] parsePacket(): could not receive data: 9
[ 41589][E][WiFiUdp.cpp:221] parsePacket(): could not receive data: 9
[ 41594][E][WiFiUdp.cpp:221] parsePacket(): could not receive data: 9
[ 41599][E][WiFiUdp.cpp:221] parsePacket(): could not receive data: 9
[ 41604][E][WiFiUdp.cpp:221] parsePacket(): could not receive data: 9
[ 41609][E][WiFiUdp.cpp:221] parsePacket(): could not receive data: 9
[ 41614][E][WiFiUdp.cpp:221] parsePacket(): could not receive data: 9
[ 41619][E][WiFiUdp.cpp:221] parsePacket(): could not receive data: 9
[ 41624][E][WiFiUdp.cpp:221] parsePacket(): could not receive data: 9
[ 41629][E][WiFiUdp.cpp:221] parsePacket(): could not receive data: 9
[ 41634][E][WiFiUdp.cpp:221] parsePacket(): could not receive data: 9
[ 41639][E][WiFiUdp.cpp:221] parsePacket(): could not receive data: 9
[ 41645][E][WiFiUdp.cpp:221] parsePacket(): could not receive data: 9
[ 41650][E][WiFiUdp.cpp:221] parsePacket(): could not receive data: 9
[ 41655][E][WiFiUdp.cpp:221] parsePacket(): could not receive data: 9
[ 41661][E][WiFiUdp.cpp:221] parsePacket(): could not receive data: 9
[ 41666][E][WiFiUdp.cpp:221] parsePacket(): could not receive data: 9
[ 41671][E][WiFiUdp.cpp:221] parsePacket(): could not receive data: 9
[ 41676][E][WiFiUdp.cpp:221] parsePacket(): could not receive data: 9
[ 41681][E][WiFiUdp.cpp:221] parsePacket(): could not receive data: 9
[ 41686][E][WiFiUdp.cpp:221] parsePacket(): could not receive data: 9
[ 41691][E][WiFiUdp.cpp:221] parsePacket(): could not receive data: 9
[ 41696][E][WiFiUdp.cpp:221] parsePacket(): could not receive data: 9
[ 41703][E][WiFiUdp.cpp:221] parsePacket(): could not receive data: 9
[ 41708][E][WiFiUdp.cpp:221] parsePacket(): could not receive data: 9
[ 41714][E][WiFiUdp.cpp:221] parsePacket(): could not receive data: 9
[ 41720][E][WiFiUdp.cpp:221] parsePacket(): could not receive data: 9
[ 41726][E][WiFiUdp.cpp:221] parsePacket(): could not receive data: 9
[ 41732][E][WiFiUdp.cpp:221] parsePacket(): could not receive data: 9
[ 41739][E][WiFiUdp.cpp:221] parsePacket(): could not receive data: 9
[ 41744][E][WiFiUdp.cpp:221] parsePacket(): could not receive data: 9
[ 41750][E][WiFiUdp.cpp:221] parsePacket(): could not receive data: 9
[ 41755][E][WiFiUdp.cpp:221] parsePacket(): could not receive data: 9
[ 41760][E][WiFiUdp.cpp:221] parsePacket(): could not receive data: 9
[ 41766][E][WiFiUdp.cpp:221] parsePacket(): could not receive data: 9
[ 41771][E][WiFiUdp.cpp:221] parsePacket(): could not receive data: 9
[ 41777][E][WiFiUdp.cpp:221] parsePacket(): could not receive data: 9
[ 41782][E][WiFiUdp.cpp:221] parsePacket(): could not receive data: 9
[ 41787][E][WiFiUdp.cpp:221] parsePacket(): could not receive data: 9
[ 41792][E][WiFiUdp.cpp:221] parsePacket(): could not receive data: 9
[ 41798][E][WiFiUdp.cpp:221] parsePacket(): could not receive data: 9
[ 41804][E][WiFiUdp.cpp:221] parsePacket(): could not receive data: 9
[ 41809][E][WiFiUdp.cpp:221] parsePacket(): could not receive data: 9
[ 41815][E][WiFiUdp.cpp:221] parsePacket(): could not receive data: 9
[ 41820][E][WiFiUdp.cpp:221] parsePacket(): could not receive data: 9
[ 41825][E][WiFiUdp.cpp:221] parsePacket(): could not receive data: 9
[ 41830][E][WiFiUdp.cpp:221] parsePacket(): could not receive data: 9
[ 41835][E][WiFiUdp.cpp:221] parsePacket(): could not receive data: 9
[ 41840][E][WiFiUdp.cpp:221] parsePacket(): could not receive data: 9
[ 41846][E][WiFiUdp.cpp:221] parsePacket(): could not receive data: 9
[ 41851][E][WiFiUdp.cpp:221] parsePacket(): could not receive data: 9
[ 41856][E][WiFiUdp.cpp:221] parsePacket(): could not receive data: 9
[ 41861][E][WiFiUdp.cpp:221] parsePacket(): could not receive data: 9
[ 41866][E][WiFiUdp.cpp:221] parsePacket(): could not receive data: 9
[ 41871][E][WiFiUdp.cpp:221] parsePacket(): could not receive data: 9
[ 41877][E][WiFiUdp.cpp:221] parsePacket(): could not receive data: 9
[ 41883][E][WiFiUdp.cpp:221] parsePacket(): could not receive data: 9
[ 41888][E][WiFiUdp.cpp:221] parsePacket(): could not receive data: 9
[ 41894][E][WiFiUdp.cpp:221] parsePacket(): could not receive data: 9
[ 41900][E][WiFiUdp.cpp:221] parsePacket(): could not receive data: 9
[ 41905][E][WiFiUdp.cpp:221] parsePacket(): could not receive data: 9
[ 41910][E][WiFiUdp.cpp:221] parsePacket(): could not receive data: 9
[ 41915][E][WiFiUdp.cpp:221] parsePacket(): could not receive data: 9
[ 41921][E][WiFiUdp.cpp:221] parsePacket(): could not receive data: 9
[ 41926][E][WiFiUdp.cpp:221] parsePacket(): could not receive data: 9
[ 41931][E][WiFiUdp.cpp:221] parsePacket(): could not receive data: 9
[ 41936][E][WiFiUdp.cpp:221] parsePacket(): could not receive data: 9
[ 41943][E][WiFiUdp.cpp:221] parsePacket(): could not receive data: 9
[ 41950][E][WiFiUdp.cpp:221] parsePacket(): could not receive data: 9
[ 41958][E][WiFiUdp.cpp:221] parsePacket(): could not receive data: 9
[ 41963][E][WiFiUdp.cpp:221] parsePacket(): could not receive data: 9
[ 41969][E][WiFiUdp.cpp:221] parsePacket(): could not receive data: 9
[ 41974][E][WiFiUdp.cpp:221] parsePacket(): could not receive data: 9
[ 41980][E][WiFiUdp.cpp:221] parsePacket(): could not receive data: 9
[ 41986][E][WiFiUdp.cpp:221] parsePacket(): could not receive data: 9
[ 41991][E][WiFiUdp.cpp:221] parsePacket(): could not receive data: 9
[ 41996][E][WiFiUdp.cpp:221] parsePacket(): could not receive data: 9
[ 42001][E][WiFiUdp.cpp:221] parsePacket(): could not receive data: 9
[ 42006][E][WiFiUdp.cpp:221] parsePacket(): could not receive data: 9
[ 42011][E][WiFiUdp.cpp:221] parsePacket(): could not receive data: 9
[ 42016][E][WiFiUdp.cpp:221] parsePacket(): could not receive data: 9
[ 42021][E][WiFiUdp.cpp:221] parsePacket(): could not receive data: 9
[ 42026][E][WiFiUdp.cpp:221] parsePacket(): could not receive data: 9
[ 42031][E][WiFiUdp.cpp:221] parsePacket(): could not receive data: 9
[ 42037][E][WiFiUdp.cpp:221] parsePacket(): could not receive data: 9
[ 42043][E][WiFiUdp.cpp:221] parsePacket(): could not receive data: 9
[ 42048][E][WiFiUdp.cpp:221] parsePacket(): could not receive data: 9
[ 42053][E][WiFiUdp.cpp:221] parsePacket(): could not receive data: 9
[ 42058][E][WiFiUdp.cpp:221] parsePacket(): could not receive data: 9
[ 42063][E][WiFiUdp.cpp:221] parsePacket(): could not receive data: 9
[ 42068][E][WiFiUdp.cpp:221] parsePacket(): could not receive data: 9
[ 42073][E][WiFiUdp.cpp:221] parsePacket(): could not receive data: 9
[ 42078][E][WiFiUdp.cpp:221] parsePacket(): could not receive data: 9
[ 42083][E][WiFiUdp.cpp:221] parsePacket(): could not receive data: 9
[ 42088][E][WiFiUdp.cpp:221] parsePacket(): could not receive data: 9
[ 42094][E][WiFiUdp.cpp:221] parsePacket(): could not receive data: 9
[ 42100][E][WiFiUdp.cpp:221] parsePacket(): could not receive data: 9
[ 42106][E][WiFiUdp.cpp:221] parsePacket(): could not receive data: 9
[ 42112][E][WiFiUdp.cpp:221] parsePacket(): could not receive data: 9
[ 42118][E][WiFiUdp.cpp:221] parsePacket(): could not receive data: 9
[ 42124][E][WiFiUdp.cpp:221] parsePacket(): could not receive data: 9
[ 42129][E][WiFiUdp.cpp:221] parsePacket(): could not receive data: 9
[ 42134][E][WiFiUdp.cpp:221] parsePacket(): could not receive data: 9
[ 42139][E][WiFiUdp.cpp:221] parsePacket(): could not receive data: 9
[ 42145][E][WiFiUdp.cpp:221] parsePacket(): could not receive data: 9
[ 42150][E][WiFiUdp.cpp:221] parsePacket(): could not receive data: 9
[ 42156][E][WiFiUdp.cpp:221] parsePacket(): could not receive data: 9
[ 42161][E][WiFiUdp.cpp:221] parsePacket(): could not receive data: 9
[ 42166][E][WiFiUdp.cpp:221] parsePacket(): could not receive data: 9
[ 42171][E][WiFiUdp.cpp:221] parsePacket(): could not receive data: 9
[ 42176][E][WiFiUdp.cpp:221] parsePacket(): could not receive data: 9
[ 42181][E][WiFiUdp.cpp:221] parsePacket(): could not receive data: 9
[ 42186][E][WiFiUdp.cpp:221] parsePacket(): could not receive data: 9
[ 42191][E][WiFiUdp.cpp:221] parsePacket(): could not receive data: 9
[ 42197][E][WiFiUdp.cpp:221] parsePacket(): could not receive data: 9
[ 42202][E][WiFiUdp.cpp:221] parsePacket(): could not receive data: 9
[ 42207][E][WiFiUdp.cpp:221] parsePacket(): could not receive data: 9
[ 42212][E][WiFiUdp.cpp:221] parsePacket(): could not receive data: 9
[ 42217][E][WiFiUdp.cpp:221] parsePacket(): could not receive data: 9
[ 42222][E][WiFiUdp.cpp:221] parsePacket(): could not receive data: 9
[ 42227][E][WiFiUdp.cpp:221] parsePacket(): could not receive data: 9
[ 42232][E][WiFiUdp.cpp:221] parsePacket(): could not receive data: 9
[ 42237][E][WiFiUdp.cpp:221] parsePacket(): could not receive data: 9
[ 42242][E][WiFiUdp.cpp:221] parsePacket(): could not receive data: 9
[ 42247][E][WiFiUdp.cpp:221] parsePacket(): could not receive data: 9
[ 42252][E][WiFiUdp.cpp:221] parsePacket(): could not receive data: 9
[ 42257][E][WiFiUdp.cpp:221] parsePacket(): could not receive data: 9
[ 42262][E][WiFiUdp.cpp:221] parsePacket(): could not receive data: 9
[ 42267][E][WiFiUdp.cpp:221] parsePacket(): could not receive data: 9
[ 42272][E][WiFiUdp.cpp:221] parsePacket(): could not receive data: 9
[ 42277][E][WiFiUdp.cpp:221] parsePacket(): could not receive data: 9
[ 42282][E][WiFiUdp.cpp:221] parsePacket(): could not receive data: 9
[ 42287][E][WiFiUdp.cpp:221] parsePacket(): could not receive data: 9
[ 42292][E][WiFiUdp.cpp:221] parsePacket(): could not receive data: 9
[ 42297][E][WiFiUdp.cpp:221] parsePacket(): could not receive data: 9
[ 42302][E][WiFiUdp.cpp:221] parsePacket(): could not receive data: 9
[ 42307][E][WiFiUdp.cpp:221] parsePacket(): could not receive data: 9
[ 42312][E][WiFiUdp.cpp:221] parsePacket(): could not receive data: 9
[ 42317][E][WiFiUdp.cpp:221] parsePacket(): could not receive data: 9
[ 42322][E][WiFiUdp.cpp:221] parsePacket(): could not receive data: 9
[ 42327][E][WiFiUdp.cpp:221] parsePacket(): could not receive data: 9
[ 42332][E][WiFiUdp.cpp:221] parsePacket(): could not receive data: 9
[ 42337][E][WiFiUdp.cpp:221] parsePacket(): could not receive data: 9
[ 42342][E][WiFiUdp.cpp:221] parsePacket(): could not receive data: 9
[ 42348][E][WiFiUdp.cpp:221] parsePacket(): could not receive data: 9
[ 42353][E][WiFiUdp.cpp:221] parsePacket(): could not receive data: 9
[ 42358][E][WiFiUdp.cpp:221] parsePacket(): could not receive data: 9
[ 42363][E][WiFiUdp.cpp:221] parsePacket(): could not receive data: 9
[ 42368][E][WiFiUdp.cpp:221] parsePacket(): could not receive data: 9
[ 42373][E][WiFiUdp.cpp:221] parsePacket(): could not receive data: 9
[ 42378][E][WiFiUdp.cpp:221] parsePacket(): could not receive data: 9
[ 42383][E][WiFiUdp.cpp:221] parsePacket(): could not receive data: 9
[ 42388][E][WiFiUdp.cpp:221] parsePacket(): could not receive data: 9
[ 42393][E][WiFiUdp.cpp:221] parsePacket(): could not receive data: 9
[ 42398][E][WiFiUdp.cpp:221] parsePacket(): could not receive data: 9
[ 42403][E][WiFiUdp.cpp:221] parsePacket(): could not receive data: 9
[ 42408][E][WiFiUdp.cpp:221] parsePacket(): could not receive data: 9
[ 42413][E][WiFiUdp.cpp:221] parsePacket(): could not receive data: 9
[ 42418][E][WiFiUdp.cpp:221] parsePacket(): could not receive data: 9
[ 42423][E][WiFiUdp.cpp:221] parsePacket(): could not receive data: 9
[ 42428][E][WiFiUdp.cpp:221] parsePacket(): could not receive data: 9
[ 42433][E][WiFiUdp.cpp:221] parsePacket(): could not receive data: 9
[ 42439][E][WiFiUdp.cpp:221] parsePacket(): could not receive data: 9
[ 42445][E][WiFiUdp.cpp:221] parsePacket(): could not receive data: 9
[ 42450][E][WiFiUdp.cpp:221] parsePacket(): could not receive data: 9
[ 42455][E][WiFiUdp.cpp:221] parsePacket(): could not receive data: 9
[ 42461][E][WiFiUdp.cpp:221] parsePacket(): could not receive data: 9
[ 42467][E][WiFiUdp.cpp:221] parsePacket(): could not receive data: 9
[ 42473][E][WiFiUdp.cpp:221] parsePacket(): could not receive data: 9
[ 42479][E][WiFiUdp.cpp:221] parsePacket(): could not receive data: 9
[ 42484][E][WiFiUdp.cpp:221] parsePacket(): could not receive data: 9
[ 42489][E][WiFiUdp.cpp:221] parsePacket(): could not receive data: 9
[ 42494][E][WiFiUdp.cpp:221] parsePacket(): could not receive data: 9
[ 42499][E][WiFiUdp.cpp:221] parsePacket(): could not receive data: 9
[ 42504][E][WiFiUdp.cpp:221] parsePacket(): could not receive data: 9
[ 42509][E][WiFiUdp.cpp:221] parsePacket(): could not receive data: 9
[ 42514][E][WiFiUdp.cpp:221] parsePacket(): could not receive data: 9
[ 42519][E][WiFiUdp.cpp:221] parsePacket(): could not receive data: 9
[ 42524][E][WiFiUdp.cpp:221] parsePacket(): could not receive data: 9
[ 42529][E][WiFiUdp.cpp:221] parsePacket(): could not receive data: 9
[ 42534][E][WiFiUdp.cpp:221] parsePacket(): could not receive data: 9
[ 42539][E][WiFiUdp.cpp:221] parsePacket(): could not receive data: 9
[ 42544][E][WiFiUdp.cpp:221] parsePacket(): could not receive data: 9
[ 42549][E][WiFiUdp.cpp:221] parsePacket(): could not receive data: 9
[ 42554][E][WiFiUdp.cpp:221] parsePacket(): could not receive data: 9
[ 42559][E][WiFiUdp.cpp:221] parsePacket(): could not receive data: 9
[ 42564][E][WiFiUdp.cpp:221] parsePacket(): could not receive data: 9
[ 42569][E][WiFiUdp.cpp:221] parsePacket(): could not receive data: 9
[ 42574][E][WiFiUdp.cpp:221] parsePacket(): could not receive data: 9
[ 42579][E][WiFiUdp.cpp:221] parsePacket(): could not receive data: 9
[ 42584][E][WiFiUdp.cpp:221] parsePacket(): could not receive data: 9
[ 42589][E][WiFiUdp.cpp:221] parsePacket(): could not receive data: 9
[ 42594][E][WiFiUdp.cpp:221] parsePacket(): could not receive data: 9
[ 42599][E][WiFiUdp.cpp:221] parsePacket(): could not receive data: 9
[ 42604][E][WiFiUdp.cpp:221] parsePacket(): could not receive data: 9
[ 42609][E][WiFiUdp.cpp:221] parsePacket(): could not receive data: 9
[ 42614][E][WiFiUdp.cpp:221] parsePacket(): could not receive data: 9
[ 42619][E][WiFiUdp.cpp:221] parsePacket(): could not receive data: 9
[ 42624][E][WiFiUdp.cpp:221] parsePacket(): could not receive data: 9
[ 42629][E][WiFiUdp.cpp:221] parsePacket(): could not receive data: 9
[ 42634][E][WiFiUdp.cpp:221] parsePacket(): could not receive data: 9
[ 42639][E][WiFiUdp.cpp:221] parsePacket(): could not receive data: 9
[ 42644][E][WiFiUdp.cpp:221] parsePacket(): could not receive data: 9
[ 42649][E][WiFiUdp.cpp:221] parsePacket(): could not receive data: 9
[ 42654][E][WiFiUdp.cpp:221] parsePacket(): could not receive data: 9
[ 42659][E][WiFiUdp.cpp:221] parsePacket(): could not receive data: 9
[ 42665][E][WiFiUdp.cpp:221] parsePacket(): could not receive data: 9
[ 42670][E][WiFiUdp.cpp:221] parsePacket(): could not receive data: 9
[ 42675][E][WiFiUdp.cpp:221] parsePacket(): could not receive data: 9
[ 42680][E][WiFiUdp.cpp:221] parsePacket(): could not receive data: 9
[ 42685][E][WiFiUdp.cpp:221] parsePacket(): could not receive data: 9
[ 42690][E][WiFiUdp.cpp:221] parsePacket(): could not receive data: 9
[ 42695][E][WiFiUdp.cpp:221] parsePacket(): could not receive data: 9
[ 42700][E][WiFiUdp.cpp:221] parsePacket(): could not receive data: 9
[ 42705][E][WiFiUdp.cpp:221] parsePacket(): could not receive data: 9
[ 42710][E][WiFiUdp.cpp:221] parsePacket(): could not receive data: 9
[ 42715][E][WiFiUdp.cpp:221] parsePacket(): could not receive data: 9
[ 42720][E][WiFiUdp.cpp:221] parsePacket(): could not receive data: 9
[ 42725][E][WiFiUdp.cpp:221] parsePacket(): could not receive data: 9
[ 42730][E][WiFiUdp.cpp:221] parsePacket(): could not receive data: 9
[ 42735][E][WiFiUdp.cpp:221] parsePacket(): could not receive data: 9
[ 42740][E][WiFiUdp.cpp:221] parsePacket(): could not receive data: 9
[ 42746][E][WiFiUdp.cpp:221] parsePacket(): could not receive data: 9
[ 42751][E][WiFiUdp.cpp:221] parsePacket(): could not receive data: 9
[ 42756][E][WiFiUdp.cpp:221] parsePacket(): could not receive data: 9
[ 42761][E][WiFiUdp.cpp:221] parsePacket(): could not receive data: 9
[ 42766][E][WiFiUdp.cpp:221] parsePacket(): could not receive data: 9
[ 42771][E][WiFiUdp.cpp:221] parsePacket(): could not receive data: 9
[ 42776][E][WiFiUdp.cpp:221] parsePacket(): could not receive data: 9
[ 42782][E][WiFiUdp.cpp:221] parsePacket(): could not receive data: 9
[ 42787][E][WiFiUdp.cpp:221] parsePacket(): could not receive data: 9
[ 42792][E][WiFiUdp.cpp:221] parsePacket(): could not receive data: 9
[ 42797][E][WiFiUdp.cpp:221] parsePacket(): could not receive data: 9
[ 42802][E][WiFiUdp.cpp:221] parsePacket(): could not receive data: 9
[ 42809][E][WiFiUdp.cpp:221] parsePacket(): could not receive data: 9
[ 42814][E][WiFiUdp.cpp:221] parsePacket(): could not receive data: 9
[ 42820][E][WiFiUdp.cpp:221] parsePacket(): could not receive data: 9
[ 42825][E][WiFiUdp.cpp:221] parsePacket(): could not receive data: 9
[ 42830][E][WiFiUdp.cpp:221] parsePacket(): could not receive data: 9
[ 42835][E][WiFiUdp.cpp:221] parsePacket(): could not receive data: 9
[ 42840][E][WiFiUdp.cpp:221] parsePacket(): could not receive data: 9
[ 42845][E][WiFiUdp.cpp:221] parsePacket(): could not receive data: 9
[ 42850][E][WiFiUdp.cpp:221] parsePacket(): could not receive data: 9
[ 42856][E][WiFiUdp.cpp:221] parsePacket(): could not receive data: 9
[ 42862][E][WiFiUdp.cpp:221] parsePacket(): could not receive data: 9
[ 42868][E][WiFiUdp.cpp:221] parsePacket(): could not receive data: 9
[ 42874][E][WiFiUdp.cpp:221] parsePacket(): could not receive data: 9
[ 42880][E][WiFiUdp.cpp:221] parsePacket(): could not receive data: 9
[ 42885][E][WiFiUdp.cpp:221] parsePacket(): could not receive data: 9
[ 42890][E][WiFiUdp.cpp:221] parsePacket(): could not receive data: 9
[ 42895][E][WiFiUdp.cpp:221] parsePacket(): could not receive data: 9
[ 42901][E][WiFiUdp.cpp:221] parsePacket(): could not receive data: 9
[ 42906][E][WiFiUdp.cpp:221] parsePacket(): could not receive data: 9
[ 42911][E][WiFiUdp.cpp:221] parsePacket(): could not receive data: 9
[ 42916][E][WiFiUdp.cpp:221] parsePacket(): could not receive data: 9
[ 42921][E][WiFiUdp.cpp:221] parsePacket(): could not receive data: 9
[ 42926][E][WiFiUdp.cpp:221] parsePacket(): could not receive data: 9
[ 42931][E][WiFiUdp.cpp:221] parsePacket(): could not receive data: 9
[ 42936][E][WiFiUdp.cpp:221] parsePacket(): could not receive data: 9
[ 42941][E][WiFiUdp.cpp:221] parsePacket(): could not receive data: 9
[ 42946][E][WiFiUdp.cpp:221] parsePacket(): could not receive data: 9
[ 42951][E][WiFiUdp.cpp:221] parsePacket(): could not receive data: 9
[ 42956][E][WiFiUdp.cpp:221] parsePacket(): could not receive data: 9
[ 42961][E][WiFiUdp.cpp:221] parsePacket(): could not receive data: 9
[ 42967][E][WiFiUdp.cpp:221] parsePacket(): could not receive data: 9
[ 42973][E][WiFiUdp.cpp:221] parsePacket(): could not receive data: 9
[ 42979][E][WiFiUdp.cpp:221] parsePacket(): could not receive data: 9
[ 42985][E][WiFiUdp.cpp:221] parsePacket(): could not receive data: 9
[ 42990][E][WiFiUdp.cpp:221] parsePacket(): could not receive data: 9
[ 42996][E][WiFiUdp.cpp:221] parsePacket(): could not receive data: 9
[ 43001][E][WiFiUdp.cpp:221] parsePacket(): could not receive data: 9
[ 43006][E][WiFiUdp.cpp:221] parsePacket(): could not receive data: 9
[ 43011][E][WiFiUdp.cpp:221] parsePacket(): could not receive data: 9
[ 43016][E][WiFiUdp.cpp:221] parsePacket(): could not receive data: 9
[ 43021][E][WiFiUdp.cpp:221] parsePacket(): could not receive data: 9
[ 43027][E][WiFiUdp.cpp:221] parsePacket(): could not receive data: 9
[ 43032][E][WiFiUdp.cpp:221] parsePacket(): could not receive data: 9
[ 43037][E][WiFiUdp.cpp:221] parsePacket(): could not receive data: 9
[ 43042][E][WiFiUdp.cpp:221] parsePacket(): could not receive data: 9
[ 43047][E][WiFiUdp.cpp:221] parsePacket(): could not receive data: 9
[ 43052][E][WiFiUdp.cpp:221] parsePacket(): could not receive data: 9
[ 43057][E][WiFiUdp.cpp:221] parsePacket(): could not receive data: 9
[ 43062][E][WiFiUdp.cpp:221] parsePacket(): could not receive data: 9
[ 43067][E][WiFiUdp.cpp:221] parsePacket(): could not receive data: 9
[ 43072][E][WiFiUdp.cpp:221] parsePacket(): could not receive data: 9
[ 43077][E][WiFiUdp.cpp:221] parsePacket(): could not receive data: 9
[ 43082][E][WiFiUdp.cpp:221] parsePacket(): could not receive data: 9
[ 43087][E][WiFiUdp.cpp:221] parsePacket(): could not receive data: 9
[ 43092][E][WiFiUdp.cpp:221] parsePacket(): could not receive data: 9
[ 43097][E][WiFiUdp.cpp:221] parsePacket(): could not receive data: 9
[ 43102][E][WiFiUdp.cpp:221] parsePacket(): could not receive data: 9
[ 43107][E][WiFiUdp.cpp:221] parsePacket(): could not receive data: 9
[ 43112][E][WiFiUdp.cpp:221] parsePacket(): could not receive data: 9
[ 43117][E][WiFiUdp.cpp:221] parsePacket(): could not receive data: 9
[ 43122][E][WiFiUdp.cpp:221] parsePacket(): could not receive data: 9
[ 43127][E][WiFiUdp.cpp:221] parsePacket(): could not receive data: 9
[ 43132][E][WiFiUdp.cpp:221] parsePacket(): could not receive data: 9
[ 43137][E][WiFiUdp.cpp:221] parsePacket(): could not receive data: 9
[ 43142][E][WiFiUdp.cpp:221] parsePacket(): could not receive data: 9
[ 43147][E][WiFiUdp.cpp:221] parsePacket(): could not receive data: 9
[ 43152][E][WiFiUdp.cpp:221] parsePacket(): could not receive data: 9
[ 43159][E][WiFiUdp.cpp:221] parsePacket(): could not receive data: 9
[ 43164][E][WiFiUdp.cpp:221] parsePacket(): could not receive data: 9
[ 43170][E][WiFiUdp.cpp:221] parsePacket(): could not receive data: 9
[ 43175][E][WiFiUdp.cpp:221] parsePacket(): could not receive data: 9
[ 43180][E][WiFiUdp.cpp:221] parsePacket(): could not receive data: 9
[ 43186][E][WiFiUdp.cpp:221] parsePacket(): could not receive data: 9
[ 43191][E][WiFiUdp.cpp:221] parsePacket(): could not receive data: 9
[ 43196][E][WiFiUdp.cpp:221] parsePacket(): could not receive data: 9
[ 43201][E][WiFiUdp.cpp:221] parsePacket(): could not receive data: 9
[ 43207][E][WiFiUdp.cpp:221] parsePacket(): could not receive data: 9
[ 43213][E][WiFiUdp.cpp:221] parsePacket(): could not receive data: 9
[ 43219][E][WiFiUdp.cpp:221] parsePacket(): could not receive data: 9
[ 43224][E][WiFiUdp.cpp:221] parsePacket(): could not receive data: 9
[ 43229][E][WiFiUdp.cpp:221] parsePacket(): could not receive data: 9
[ 43234][E][WiFiUdp.cpp:221] parsePacket(): could not receive data: 9
[ 43239][E][WiFiUdp.cpp:221] parsePacket(): could not receive data: 9
[ 43244][E][WiFiUdp.cpp:221] parsePacket(): could not receive data: 9
[ 43249][E][WiFiUdp.cpp:221] parsePacket(): could not receive data: 9
[ 43254][E][WiFiUdp.cpp:221] parsePacket(): could not receive data: 9
[ 43259][E][WiFiUdp.cpp:221] parsePacket(): could not receive data: 9
[ 43264][E][WiFiUdp.cpp:221] parsePacket(): could not receive data: 9
[ 43269][E][WiFiUdp.cpp:221] parsePacket(): could not receive data: 9
[ 43274][E][WiFiUdp.cpp:221] parsePacket(): could not receive data: 9
[ 43279][E][WiFiUdp.cpp:221] parsePacket(): could not receive data: 9
[ 43284][E][WiFiUdp.cpp:221] parsePacket(): could not receive data: 9
[ 43289][E][WiFiUdp.cpp:221] parsePacket(): could not receive data: 9
[ 43295][E][WiFiUdp.cpp:221] parsePacket(): could not receive data: 9
[ 43300][E][WiFiUdp.cpp:221] parsePacket(): could not receive data: 9
[ 43305][E][WiFiUdp.cpp:221] parsePacket(): could not receive data: 9
[ 43310][E][WiFiUdp.cpp:221] parsePacket(): could not receive data: 9
[ 43315][E][WiFiUdp.cpp:221] parsePacket(): could not receive data: 9
[ 43320][E][WiFiUdp.cpp:221] parsePacket(): could not receive data: 9
[ 43325][E][WiFiUdp.cpp:221] parsePacket(): could not receive data: 9
[ 43330][E][WiFiUdp.cpp:221] parsePacket(): could not receive data: 9
[ 43335][E][WiFiUdp.cpp:221] parsePacket(): could not receive data: 9
[ 43342][E][WiFiUdp.cpp:221] parsePacket(): could not receive data: 9
[ 43347][E][WiFiUdp.cpp:221] parsePacket(): could not receive data: 9
[ 43353][E][WiFiUdp.cpp:221] parsePacket(): could not receive data: 9
[ 43359][E][WiFiUdp.cpp:221] parsePacket(): could not receive data: 9
[ 43365][E][WiFiUdp.cpp:221] parsePacket(): could not receive data: 9
[ 43371][E][WiFiUdp.cpp:221] parsePacket(): could not receive data: 9
[ 43377][E][WiFiUdp.cpp:221] parsePacket(): could not receive data: 9
[ 43383][E][WiFiUdp.cpp:221] parsePacket(): could not receive data: 9
[ 43389][E][WiFiUdp.cpp:221] parsePacket(): could not receive data: 9
[ 43395][E][WiFiUdp.cpp:221] parsePacket(): could not receive data: 9
[ 43400][E][WiFiUdp.cpp:221] parsePacket(): could not receive data: 9
[ 43405][E][WiFiUdp.cpp:221] parsePacket(): could not receive data: 9
[ 43411][E][WiFiUdp.cpp:221] parsePacket(): could not receive data: 9
[ 43416][E][WiFiUdp.cpp:221] parsePacket(): could not receive data: 9
[ 43421][E][WiFiUdp.cpp:221] parsePacket(): could not receive data: 9
[ 43426][E][WiFiUdp.cpp:221] parsePacket(): could not receive data: 9
[ 43432][E][WiFiUdp.cpp:221] parsePacket(): could not receive data: 9
[ 43439][E][WiFiUdp.cpp:221] parsePacket(): could not receive data: 9
[ 43445][E][WiFiUdp.cpp:221] parsePacket(): could not receive data: 9
[ 43451][E][WiFiUdp.cpp:221] parsePacket(): could not receive data: 9
[ 43457][E][WiFiUdp.cpp:221] parsePacket(): could not receive data: 9
[ 43463][E][WiFiUdp.cpp:221] parsePacket(): could not receive data: 9
[ 43469][E][WiFiUdp.cpp:221] parsePacket(): could not receive data: 9
[ 43475][E][WiFiUdp.cpp:221] parsePacket(): could not receive data: 9
[ 43483][E][WiFiUdp.cpp:221] parsePacket(): could not receive data: 9
[ 43491][E][WiFiUdp.cpp:221] parsePacket(): could not receive data: 9
[ 43499][E][WiFiUdp.cpp:221] parsePacket(): could not receive data: 9
[ 43507][E][WiFiUdp.cpp:221] parsePacket(): could not receive data: 9
[ 43513][E][WiFiUdp.cpp:221] parsePacket(): could not receive data: 9
[ 43519][E][WiFiUdp.cpp:221] parsePacket(): could not receive data: 9
[ 43525][E][WiFiUdp.cpp:221] parsePacket(): could not receive data: 9
[ 43530][E][WiFiUdp.cpp:221] parsePacket(): could not receive data: 9
[ 43535][E][WiFiUdp.cpp:221] parsePacket(): could not receive data: 9
[ 43540][E][WiFiUdp.cpp:221] parsePacket(): could not receive data: 9
[ 43546][E][WiFiUdp.cpp:221] parsePacket(): could not receive data: 9
[ 43551][E][WiFiUdp.cpp:221] parsePacket(): could not receive data: 9
[ 43556][E][WiFiUdp.cpp:221] parsePacket(): could not receive data: 9
[ 43562][E][WiFiUdp.cpp:221] parsePacket(): could not receive data: 9
[ 43567][E][WiFiUdp.cpp:221] parsePacket(): could not receive data: 9
[ 43572][E][WiFiUdp.cpp:221] parsePacket(): could not receive data: 9
[ 43577][E][WiFiUdp.cpp:221] parsePacket(): could not receive data: 9
[ 43582][E][WiFiUdp.cpp:221] parsePacket(): could not receive data: 9
[ 43587][E][WiFiUdp.cpp:221] parsePacket(): could not receive data: 9
[ 43592][E][WiFiUdp.cpp:221] parsePacket(): could not receive data: 9
[ 43597][E][WiFiUdp.cpp:221] parsePacket(): could not receive data: 9
[ 43602][E][WiFiUdp.cpp:221] parsePacket(): could not receive data: 9
[ 43607][E][WiFiUdp.cpp:221] parsePacket(): could not receive data: 9
[ 43612][E][WiFiUdp.cpp:221] parsePacket(): could not receive data: 9
[ 43617][E][WiFiUdp.cpp:221] parsePacket(): could not receive data: 9
[ 43622][E][WiFiUdp.cpp:221] parsePacket(): could not receive data: 9
[ 43627][E][WiFiUdp.cpp:221] parsePacket(): could not receive data: 9
[ 43632][E][WiFiUdp.cpp:221] parsePacket(): could not receive data: 9
[ 43637][E][WiFiUdp.cpp:221] parsePacket(): could not receive data: 9
[ 43643][E][WiFiUdp.cpp:221] parsePacket(): could not receive data: 9
[ 43649][E][WiFiUdp.cpp:221] parsePacket(): could not receive data: 9
[ 43656][E][WiFiUdp.cpp:221] parsePacket(): could not receive data: 9
[ 43662][E][WiFiUdp.cpp:221] parsePacket(): could not receive data: 9
[ 43668][E][WiFiUdp.cpp:221] parsePacket(): could not receive data: 9
[ 43674][E][WiFiUdp.cpp:221] parsePacket(): could not receive data: 9
[ 43681][E][WiFiUdp.cpp:221] parsePacket(): could not receive data: 9
[ 43685][E][WiFiUdp.cpp:221] parsePacket(): could not receive data: 9
[ 43691][E][WiFiUdp.cpp:221] parsePacket(): could not receive data: 9
[ 43697][E][WiFiUdp.cpp:221] parsePacket(): could not receive data: 9
[ 43704][E][WiFiUdp.cpp:221] parsePacket(): could not receive data: 9
[ 43710][E][WiFiUdp.cpp:221] parsePacket(): could not receive data: 9
[ 43715][E][WiFiUdp.cpp:221] parsePacket(): could not receive data: 9
[ 43720][E][WiFiUdp.cpp:221] parsePacket(): could not receive data: 9
[ 43725][E][WiFiUdp.cpp:221] parsePacket(): could not receive data: 9
[ 43730][E][WiFiUdp.cpp:221] parsePacket(): could not receive data: 9
[ 43735][E][WiFiUdp.cpp:221] parsePacket(): could not receive data: 9
[ 43740][E][WiFiUdp.cpp:221] parsePacket(): could not receive data: 9
[ 43746][E][WiFiUdp.cpp:221] parsePacket(): could not receive data: 9
[ 43752][E][WiFiUdp.cpp:221] parsePacket(): could not receive data: 9
[ 43758][E][WiFiUdp.cpp:221] parsePacket(): could not receive data: 9
[ 43763][E][WiFiUdp.cpp:221] parsePacket(): could not receive data: 9
[ 43768][E][WiFiUdp.cpp:221] parsePacket(): could not receive data: 9
[ 43773][E][WiFiUdp.cpp:221] parsePacket(): could not receive data: 9
[ 43778][E][WiFiUdp.cpp:221] parsePacket(): could not receive data: 9
[ 43783][E][WiFiUdp.cpp:221] parsePacket(): could not receive data: 9
[ 43788][E][WiFiUdp.cpp:221] parsePacket(): could not receive data: 9
[ 43793][E][WiFiUdp.cpp:221] parsePacket(): could not receive data: 9
[ 43799][E][WiFiUdp.cpp:221] parsePacket(): could not receive data: 9
[ 43804][E][WiFiUdp.cpp:221] parsePacket(): could not receive data: 9
[ 43809][E][WiFiUdp.cpp:221] parsePacket(): could not receive data: 9
[ 43815][E][WiFiUdp.cpp:221] parsePacket(): could not receive data: 9
[ 43820][E][WiFiUdp.cpp:221] parsePacket(): could not receive data: 9
[ 43825][E][WiFiUdp.cpp:221] parsePacket(): could not receive data: 9
[ 43830][E][WiFiUdp.cpp:221] parsePacket(): could not receive data: 9
[ 43835][E][WiFiUdp.cpp:221] parsePacket(): could not receive data: 9
[ 43840][E][WiFiUdp.cpp:221] parsePacket(): could not receive data: 9
[ 43845][E][WiFiUdp.cpp:221] parsePacket(): could not receive data: 9
[ 43850][E][WiFiUdp.cpp:221] parsePacket(): could not receive data: 9
[ 43855][E][WiFiUdp.cpp:221] parsePacket(): could not receive data: 9
[ 43861][E][WiFiUdp.cpp:221] parsePacket(): could not receive data: 9
[ 43868][E][WiFiUdp.cpp:221] parsePacket(): could not receive data: 9
[ 43874][E][WiFiUdp.cpp:221] parsePacket(): could not receive data: 9
[ 43882][E][WiFiUdp.cpp:221] parsePacket(): could not receive data: 9
[ 43890][E][WiFiUdp.cpp:221] parsePacket(): could not receive data: 9
[ 43895][E][WiFiUdp.cpp:221] parsePacket(): could not receive data: 9
[ 43901][E][WiFiUdp.cpp:221] parsePacket(): could not receive data: 9
[ 43907][E][WiFiUdp.cpp:221] parsePacket(): could not receive data: 9
[ 43913][E][WiFiUdp.cpp:221] parsePacket(): could not receive data: 9
[ 43920][E][WiFiUdp.cpp:221] parsePacket(): could not receive data: 9
[ 43925][E][WiFiUdp.cpp:221] parsePacket(): could not receive data: 9
[ 43931][E][WiFiUdp.cpp:221] parsePacket(): could not receive data: 9
[ 43936][E][WiFiUdp.cpp:221] parsePacket(): could not receive data: 9
[ 43941][E][WiFiUdp.cpp:221] parsePacket(): could not receive data: 9
[ 43947][E][WiFiUdp.cpp:221] parsePacket(): could not receive data: 9
[ 43952][E][WiFiUdp.cpp:221] parsePacket(): could not receive data: 9
[ 43957][E][WiFiUdp.cpp:221] parsePacket(): could not receive data: 9
[ 43962][E][WiFiUdp.cpp:221] parsePacket(): could not receive data: 9
[ 43968][E][WiFiUdp.cpp:221] parsePacket(): could not receive data: 9
[ 43973][E][WiFiUdp.cpp:221] parsePacket(): could not receive data: 9
[ 43978][E][WiFiUdp.cpp:221] parsePacket(): could not receive data: 9
[ 43983][E][WiFiUdp.cpp:221] parsePacket(): could not receive data: 9
[ 43988][E][WiFiUdp.cpp:221] parsePacket(): could not receive data: 9
[ 43993][E][WiFiUdp.cpp:221] parsePacket(): could not receive data: 9
[ 43998][E][WiFiUdp.cpp:221] parsePacket(): could not receive data: 9
[ 44004][E][WiFiUdp.cpp:221] parsePacket(): could not receive data: 9
[ 44009][E][WiFiUdp.cpp:221] parsePacket(): could not receive data: 9
[ 44014][E][WiFiUdp.cpp:221] parsePacket(): could not receive data: 9
[ 44019][E][WiFiUdp.cpp:221] parsePacket(): could not receive data: 9
[ 44024][E][WiFiUdp.cpp:221] parsePacket(): could not receive data: 9
[ 44029][E][WiFiUdp.cpp:221] parsePacket(): could not receive data: 9
[ 44034][E][WiFiUdp.cpp:221] parsePacket(): could not receive data: 9
[ 44039][E][WiFiUdp.cpp:221] parsePacket(): could not receive data: 9
[ 44046][E][WiFiUdp.cpp:221] parsePacket(): could not receive data: 9
[ 44050][E][WiFiUdp.cpp:221] parsePacket(): could not receive data: 9
[ 44055][E][WiFiUdp.cpp:221] parsePacket(): could not receive data: 9
[ 44060][E][WiFiUdp.cpp:221] parsePacket(): could not receive data: 9
[ 44065][E][WiFiUdp.cpp:221] parsePacket(): could not receive data: 9
[ 44071][E][WiFiUdp.cpp:221] parsePacket(): could not receive data: 9
[ 44078][E][WiFiUdp.cpp:221] parsePacket(): could not receive data: 9
[ 44085][E][WiFiUdp.cpp:221] parsePacket(): could not receive data: 9
[ 44093][E][WiFiUdp.cpp:221] parsePacket(): could not receive data: 9
[ 44101][E][WiFiUdp.cpp:221] parsePacket(): could not receive data: 9
[ 44106][E][WiFiUdp.cpp:221] parsePacket(): could not receive data: 9
[ 44111][E][WiFiUdp.cpp:221] parsePacket(): could not receive data: 9
[ 44116][E][WiFiUdp.cpp:221] parsePacket(): could not receive data: 9
[ 44121][E][WiFiUdp.cpp:221] parsePacket(): could not receive data: 9
[ 44126][E][WiFiUdp.cpp:221] parsePacket(): could not receive data: 9
[ 44131][E][WiFiUdp.cpp:221] parsePacket(): could not receive data: 9
[ 44136][E][WiFiUdp.cpp:221] parsePacket(): could not receive data: 9
[ 44141][E][WiFiUdp.cpp:221] parsePacket(): could not receive data: 9
[ 44146][E][WiFiUdp.cpp:221] parsePacket(): could not receive data: 9
[ 44151][E][WiFiUdp.cpp:221] parsePacket(): could not receive data: 9
[ 44156][E][WiFiUdp.cpp:221] parsePacket(): could not receive data: 9
[ 44161][E][WiFiUdp.cpp:221] parsePacket(): could not receive data: 9
[ 44166][E][WiFiUdp.cpp:221] parsePacket(): could not receive data: 9
[ 44171][E][WiFiUdp.cpp:221] parsePacket(): could not receive data: 9
[ 44176][E][WiFiUdp.cpp:221] parsePacket(): could not receive data: 9
[ 44181][E][WiFiUdp.cpp:221] parsePacket(): could not receive data: 9
[ 44186][E][WiFiUdp.cpp:221] parsePacket(): could not receive data: 9
[ 44191][E][WiFiUdp.cpp:221] parsePacket(): could not receive data: 9
[ 44197][E][WiFiUdp.cpp:221] parsePacket(): could not receive data: 9
[ 44204][E][WiFiUdp.cpp:221] parsePacket(): could not receive data: 9
[ 44208][E][WiFiUdp.cpp:221] parsePacket(): could not receive data: 9
[ 44213][E][WiFiUdp.cpp:221] parsePacket(): could not receive data: 9
[ 44218][E][WiFiUdp.cpp:221] parsePacket(): could not receive data: 9
[ 44223][E][WiFiUdp.cpp:221] parsePacket(): could not receive data: 9
[ 44228][E][WiFiUdp.cpp:221] parsePacket(): could not receive data: 9
[ 44233][E][WiFiUdp.cpp:221] parsePacket(): could not receive data: 9
[ 44238][E][WiFiUdp.cpp:221] parsePacket(): could not receive data: 9
[ 44243][E][WiFiUdp.cpp:221] parsePacket(): could not receive data: 9
[ 44248][E][WiFiUdp.cpp:221] parsePacket(): could not receive data: 9
[ 44253][E][WiFiUdp.cpp:221] parsePacket(): could not receive data: 9
[ 44260][E][WiFiUdp.cpp:221] parsePacket(): could not receive data: 9
[ 44265][E][WiFiUdp.cpp:221] parsePacket(): could not receive data: 9
[ 44271][E][WiFiUdp.cpp:221] parsePacket(): could not receive data: 9
[ 44278][E][WiFiUdp.cpp:221] parsePacket(): could not receive data: 9
[ 44283][E][WiFiUdp.cpp:221] parsePacket(): could not receive data: 9
[ 44289][E][WiFiUdp.cpp:221] parsePacket(): could not receive data: 9
[ 44294][E][WiFiUdp.cpp:221] parsePacket(): could not receive data: 9
[ 44299][E][WiFiUdp.cpp:221] parsePacket(): could not receive data: 9
[ 44304][E][WiFiUdp.cpp:221] parsePacket(): could not receive data: 9
[ 44309][E][WiFiUdp.cpp:221] parsePacket(): could not receive data: 9
[ 44314][E][WiFiUdp.cpp:221] parsePacket(): could not receive data: 9
[ 44319][E][WiFiUdp.cpp:221] parsePacket(): could not receive data: 9
[ 44326][E][WiFiUdp.cpp:221] parsePacket(): could not receive data: 9
[ 44331][E][WiFiUdp.cpp:221] parsePacket(): could not receive data: 9
[ 44337][E][WiFiUdp.cpp:221] parsePacket(): could not receive data: 9
[ 44342][E][WiFiUdp.cpp:221] parsePacket(): could not receive data: 9
[ 44347][E][WiFiUdp.cpp:221] parsePacket(): could not receive data: 9
[ 44353][E][WiFiUdp.cpp:221] parsePacket(): could not receive data: 9
[ 44358][E][WiFiUdp.cpp:221] parsePacket(): could not receive data: 9
[ 44363][E][WiFiUdp.cpp:221] parsePacket(): could not receive data: 9
[ 44368][E][WiFiUdp.cpp:221] parsePacket(): could not receive data: 9
[ 44373][E][WiFiUdp.cpp:221] parsePacket(): could not receive data: 9
[ 44378][E][WiFiUdp.cpp:221] parsePacket(): could not receive data: 9
[ 44383][E][WiFiUdp.cpp:221] parsePacket(): could not receive data: 9
[ 44388][E][WiFiUdp.cpp:221] parsePacket(): could not receive data: 9
[ 44393][E][WiFiUdp.cpp:221] parsePacket(): could not receive data: 9
[ 44398][E][WiFiUdp.cpp:221] parsePacket(): could not receive data: 9
[ 44404][E][WiFiUdp.cpp:221] parsePacket(): could not receive data: 9
[ 44409][E][WiFiUdp.cpp:221] parsePacket(): could not receive data: 9
[ 44414][E][WiFiUdp.cpp:221] parsePacket(): could not receive data: 9
[ 44419][E][WiFiUdp.cpp:221] parsePacket(): could not receive data: 9
[ 44424][E][WiFiUdp.cpp:221] parsePacket(): could not receive data: 9
[ 44429][E][WiFiUdp.cpp:221] parsePacket(): could not receive data: 9
[ 44435][E][WiFiUdp.cpp:221] parsePacket(): could not receive data: 9
[ 44440][E][WiFiUdp.cpp:221] parsePacket(): could not receive data: 9
[ 44445][E][WiFiUdp.cpp:221] parsePacket(): could not receive data: 9
[ 44450][E][WiFiUdp.cpp:221] parsePacket(): could not receive data: 9
[ 44455][E][WiFiUdp.cpp:221] parsePacket(): could not receive data: 9
[ 44460][E][WiFiUdp.cpp:221] parsePacket(): could not receive data: 9
[ 44465][E][WiFiUdp.cpp:221] parsePacket(): could not receive data: 9
[ 44470][E][WiFiUdp.cpp:221] parsePacket(): could not receive data: 9
[ 44475][E][WiFiUdp.cpp:221] parsePacket(): could not receive data: 9
[ 44480][E][WiFiUdp.cpp:221] parsePacket(): could not receive data: 9
[ 44485][E][WiFiUdp.cpp:221] parsePacket(): could not receive data: 9
[ 44492][E][WiFiUdp.cpp:221] parsePacket(): could not receive data: 9
[ 44497][E][WiFiUdp.cpp:221] parsePacket(): could not receive data: 9
[ 44504][E][WiFiUdp.cpp:221] parsePacket(): could not receive data: 9
[ 44511][E][WiFiUdp.cpp:221] parsePacket(): could not receive data: 9
[ 44516][E][WiFiUdp.cpp:221] parsePacket(): could not receive data: 9
[ 44522][E][WiFiUdp.cpp:221] parsePacket(): could not receive data: 9
[ 44527][E][WiFiUdp.cpp:221] parsePacket(): could not receive data: 9
[ 44532][E][WiFiUdp.cpp:221] parsePacket(): could not receive data: 9
[ 44537][E][WiFiUdp.cpp:221] parsePacket(): could not receive data: 9
[ 44542][E][WiFiUdp.cpp:221] parsePacket(): could not receive data: 9
[ 44547][E][WiFiUdp.cpp:221] parsePacket(): could not receive data: 9
[ 44552][E][WiFiUdp.cpp:221] parsePacket(): could not receive data: 9
[ 44557][E][WiFiUdp.cpp:221] parsePacket(): could not receive data: 9
[ 44562][E][WiFiUdp.cpp:221] parsePacket(): could not receive data: 9
[ 44567][E][WiFiUdp.cpp:221] parsePacket(): could not receive data: 9
[ 44572][E][WiFiUdp.cpp:221] parsePacket(): could not receive data: 9
[ 44577][E][WiFiUdp.cpp:221] parsePacket(): could not receive data: 9
[ 44583][E][WiFiUdp.cpp:221] parsePacket(): could not receive data: 9
[ 44588][E][WiFiUdp.cpp:221] parsePacket(): could not receive data: 9
[ 44593][E][WiFiUdp.cpp:221] parsePacket(): could not receive data: 9
[ 44598][E][WiFiUdp.cpp:221] parsePacket(): could not receive data: 9
[ 44603][E][WiFiUdp.cpp:221] parsePacket(): could not receive data: 9
[ 44608][E][WiFiUdp.cpp:221] parsePacket(): could not receive data: 9
[ 44613][E][WiFiUdp.cpp:221] parsePacket(): could not receive data: 9
[ 44618][E][WiFiUdp.cpp:221] parsePacket(): could not receive data: 9
[ 44623][E][WiFiUdp.cpp:221] parsePacket(): could not receive data: 9
[ 44628][E][WiFiUdp.cpp:221] parsePacket(): could not receive data: 9
[ 44633][E][WiFiUdp.cpp:221] parsePacket(): could not receive data: 9
[ 44639][E][WiFiUdp.cpp:221] parsePacket(): could not receive data: 9
[ 44645][E][WiFiUdp.cpp:221] parsePacket(): could not receive data: 9
[ 44651][E][WiFiUdp.cpp:221] parsePacket(): could not receive data: 9
[ 44656][E][WiFiUdp.cpp:221] parsePacket(): could not receive data: 9
[ 44661][E][WiFiUdp.cpp:221] parsePacket(): could not receive data: 9
[ 44666][E][WiFiUdp.cpp:221] parsePacket(): could not receive data: 9
[ 44672][E][WiFiUdp.cpp:221] parsePacket(): could not receive data: 9
[ 44678][E][WiFiUdp.cpp:221] parsePacket(): could not receive data: 9
[ 44684][E][WiFiUdp.cpp:221] parsePacket(): could not receive data: 9
[ 44690][E][WiFiUdp.cpp:221] parsePacket(): could not receive data: 9
[ 44695][E][WiFiUdp.cpp:221] parsePacket(): could not receive data: 9
[ 44700][E][WiFiUdp.cpp:221] parsePacket(): could not receive data: 9
[ 44706][E][WiFiUdp.cpp:221] parsePacket(): could not receive data: 9
[ 44713][E][WiFiUdp.cpp:221] parsePacket(): could not receive data: 9
[ 44718][E][WiFiUdp.cpp:221] parsePacket(): could not receive data: 9
[ 44724][E][WiFiUdp.cpp:221] parsePacket(): could not receive data: 9
[ 44730][E][WiFiUdp.cpp:221] parsePacket(): could not receive data: 9
[ 44735][E][WiFiUdp.cpp:221] parsePacket(): could not receive data: 9
[ 44740][E][WiFiUdp.cpp:221] parsePacket(): could not receive data: 9
[ 44745][E][WiFiUdp.cpp:221] parsePacket(): could not receive data: 9
[ 44750][E][WiFiUdp.cpp:221] parsePacket(): could not receive data: 9
[ 44755][E][WiFiUdp.cpp:221] parsePacket(): could not receive data: 9
[ 44760][E][WiFiUdp.cpp:221] parsePacket(): could not receive data: 9
[ 44765][E][WiFiUdp.cpp:221] parsePacket(): could not receive data: 9
[ 44770][E][WiFiUdp.cpp:221] parsePacket(): could not receive data: 9
[ 44775][E][WiFiUdp.cpp:221] parsePacket(): could not receive data: 9
[ 44780][E][WiFiUdp.cpp:221] parsePacket(): could not receive data: 9
[ 44785][E][WiFiUdp.cpp:221] parsePacket(): could not receive data: 9
[ 44790][E][WiFiUdp.cpp:221] parsePacket(): could not receive data: 9
[ 44795][E][WiFiUdp.cpp:221] parsePacket(): could not receive data: 9
[ 44800][E][WiFiUdp.cpp:221] parsePacket(): could not receive data: 9
[ 44805][E][WiFiUdp.cpp:221] parsePacket(): could not receive data: 9
[ 44810][E][WiFiUdp.cpp:221] parsePacket(): could not receive data: 9
[ 44815][E][WiFiUdp.cpp:221] parsePacket(): could not receive data: 9
[ 44820][E][WiFiUdp.cpp:221] parsePacket(): could not receive data: 9
[ 44825][E][WiFiUdp.cpp:221] parsePacket(): could not receive data: 9
[ 44830][E][WiFiUdp.cpp:221] parsePacket(): could not receive data: 9
[ 44835][E][WiFiUdp.cpp:221] parsePacket(): could not receive data: 9
[ 44840][E][WiFiUdp.cpp:221] parsePacket(): could not receive data: 9
[ 44845][E][WiFiUdp.cpp:221] parsePacket(): could not receive data: 9
[ 44850][E][WiFiUdp.cpp:221] parsePacket(): could not receive data: 9
[ 44855][E][WiFiUdp.cpp:221] parsePacket(): could not receive data: 9
[ 44860][E][WiFiUdp.cpp:221] parsePacket(): could not receive data: 9
[ 44865][E][WiFiUdp.cpp:221] parsePacket(): could not receive data: 9
[ 44870][E][WiFiUdp.cpp:221] parsePacket(): could not receive data: 9
[ 44875][E][WiFiUdp.cpp:221] parsePacket(): could not receive data: 9
[ 44880][E][WiFiUdp.cpp:221] parsePacket(): could not receive data: 9
[ 44885][E][WiFiUdp.cpp:221] parsePacket(): could not receive data: 9
[ 44890][E][WiFiUdp.cpp:221] parsePacket(): could not receive data: 9
[ 44895][E][WiFiUdp.cpp:221] parsePacket(): could not receive data: 9
[ 44900][E][WiFiUdp.cpp:221] parsePacket(): could not receive data: 9
[ 44905][E][WiFiUdp.cpp:221] parsePacket(): could not receive data: 9
[ 44910][E][WiFiUdp.cpp:221] parsePacket(): could not receive data: 9
[ 44915][E][WiFiUdp.cpp:221] parsePacket(): could not receive data: 9
[ 44920][E][WiFiUdp.cpp:221] parsePacket(): could not receive data: 9
[ 44925][E][WiFiUdp.cpp:221] parsePacket(): could not receive data: 9
[ 44930][E][WiFiUdp.cpp:221] parsePacket(): could not receive data: 9
[ 44935][E][WiFiUdp.cpp:221] parsePacket(): could not receive data: 9
[ 44940][E][WiFiUdp.cpp:221] parsePacket(): could not receive data: 9
[ 44945][E][WiFiUdp.cpp:221] parsePacket(): could not receive data: 9
[ 44950][E][WiFiUdp.cpp:221] parsePacket(): could not receive data: 9
[ 44955][E][WiFiUdp.cpp:221] parsePacket(): could not receive data: 9
[ 44960][E][WiFiUdp.cpp:221] parsePacket(): could not receive data: 9
[ 44965][E][WiFiUdp.cpp:221] parsePacket(): could not receive data: 9
[ 44970][E][WiFiUdp.cpp:221] parsePacket(): could not receive data: 9
[ 44975][E][WiFiUdp.cpp:221] parsePacket(): could not receive data: 9
[ 44980][E][WiFiUdp.cpp:221] parsePacket(): could not receive data: 9
[ 44985][E][WiFiUdp.cpp:221] parsePacket(): could not receive data: 9
[ 44990][E][WiFiUdp.cpp:221] parsePacket(): could not receive data: 9
[ 44995][E][WiFiUdp.cpp:221] parsePacket(): could not receive data: 9
[ 45001][E][WiFiUdp.cpp:221] parsePacket(): could not receive data: 9
[ 45006][E][WiFiUdp.cpp:221] parsePacket(): could not receive data: 9
[ 45011][E][WiFiUdp.cpp:221] parsePacket(): could not receive data: 9
[ 45016][E][WiFiUdp.cpp:221] parsePacket(): could not receive data: 9
[ 45021][E][WiFiUdp.cpp:221] parsePacket(): could not receive data: 9
[ 45026][E][WiFiUdp.cpp:221] parsePacket(): could not receive data: 9
[ 45031][E][WiFiUdp.cpp:221] parsePacket(): could not receive data: 9
[ 45037][E][WiFiUdp.cpp:221] parsePacket(): could not receive data: 9
[ 45043][E][WiFiUdp.cpp:221] parsePacket(): could not receive data: 9
[ 45048][E][WiFiUdp.cpp:221] parsePacket(): could not receive data: 9
[ 45054][E][WiFiUdp.cpp:221] parsePacket(): could not receive data: 9
[ 45059][E][WiFiUdp.cpp:221] parsePacket(): could not receive data: 9
[ 45064][E][WiFiUdp.cpp:221] parsePacket(): could not receive data: 9
[ 45069][E][WiFiUdp.cpp:221] parsePacket(): could not receive data: 9
[ 45074][E][WiFiUdp.cpp:221] parsePacket(): could not receive data: 9
[ 45080][E][WiFiUdp.cpp:221] parsePacket(): could not receive data: 9
[ 45085][E][WiFiUdp.cpp:221] parsePacket(): could not receive data: 9
[ 45090][E][WiFiUdp.cpp:221] parsePacket(): could not receive data: 9
[ 45095][E][WiFiUdp.cpp:221] parsePacket(): could not receive data: 9
[ 45100][E][WiFiUdp.cpp:221] parsePacket(): could not receive data: 9
[ 45105][E][WiFiUdp.cpp:221] parsePacket(): could not receive data: 9
[ 45110][E][WiFiUdp.cpp:221] parsePacket(): could not receive data: 9
[ 45115][E][WiFiUdp.cpp:221] parsePacket(): could not receive data: 9
[ 45120][E][WiFiUdp.cpp:221] parsePacket(): could not receive data: 9
[ 45125][E][WiFiUdp.cpp:221] parsePacket(): could not receive data: 9
[ 45130][E][WiFiUdp.cpp:221] parsePacket(): could not receive data: 9
[ 45135][E][WiFiUdp.cpp:221] parsePacket(): could not receive data: 9
[ 45140][E][WiFiUdp.cpp:221] parsePacket(): could not receive data: 9
[ 45145][E][WiFiUdp.cpp:221] parsePacket(): could not receive data: 9
[ 45150][E][WiFiUdp.cpp:221] parsePacket(): could not receive data: 9
[ 45155][E][WiFiUdp.cpp:221] parsePacket(): could not receive data: 9
[ 45160][E][WiFiUdp.cpp:221] parsePacket(): could not receive data: 9
[ 45165][E][WiFiUdp.cpp:221] parsePacket(): could not receive data: 9
[ 45170][E][WiFiUdp.cpp:221] parsePacket(): could not receive data: 9
[ 45175][E][WiFiUdp.cpp:221] parsePacket(): could not receive data: 9
[ 45180][E][WiFiUdp.cpp:221] parsePacket(): could not receive data: 9
[ 45185][E][WiFiUdp.cpp:221] parsePacket(): could not receive data: 9
[ 45190][E][WiFiUdp.cpp:221] parsePacket(): could not receive data: 9
[ 45195][E][WiFiUdp.cpp:221] parsePacket(): could not receive data: 9
[ 45200][E][WiFiUdp.cpp:221] parsePacket(): could not receive data: 9
[ 45205][E][WiFiUdp.cpp:221] parsePacket(): could not receive data: 9
[ 45210][E][WiFiUdp.cpp:221] parsePacket(): could not receive data: 9
[ 45215][E][WiFiUdp.cpp:221] parsePacket(): could not receive data: 9
[ 45221][E][WiFiUdp.cpp:221] parsePacket(): could not receive data: 9
[ 45226][E][WiFiUdp.cpp:221] parsePacket(): could not receive data: 9
[ 45231][E][WiFiUdp.cpp:221] parsePacket(): could not receive data: 9
[ 45236][E][WiFiUdp.cpp:221] parsePacket(): could not receive data: 9
[ 45241][E][WiFiUdp.cpp:221] parsePacket(): could not receive data: 9
[ 45246][E][WiFiUdp.cpp:221] parsePacket(): could not receive data: 9
[ 45251][E][WiFiUdp.cpp:221] parsePacket(): could not receive data: 9
[ 45256][E][WiFiUdp.cpp:221] parsePacket(): could not receive data: 9
[ 45261][E][WiFiUdp.cpp:221] parsePacket(): could not receive data: 9
[ 45266][E][WiFiUdp.cpp:221] parsePacket(): could not receive data: 9
[ 45271][E][WiFiUdp.cpp:221] parsePacket(): could not receive data: 9
[ 45277][E][WiFiUdp.cpp:221] parsePacket(): could not receive data: 9
[ 45282][E][WiFiUdp.cpp:221] parsePacket(): could not receive data: 9
[ 45288][E][WiFiUdp.cpp:221] parsePacket(): could not receive data: 9
[ 45293][E][WiFiUdp.cpp:221] parsePacket(): could not receive data: 9
[ 45298][E][WiFiUdp.cpp:221] parsePacket(): could not receive data: 9
[ 45303][E][WiFiUdp.cpp:221] parsePacket(): could not receive data: 9
[ 45308][E][WiFiUdp.cpp:221] parsePacket(): could not receive data: 9
[ 45313][E][WiFiUdp.cpp:221] parsePacket(): could not receive data: 9
[ 45318][E][WiFiUdp.cpp:221] parsePacket(): could not receive data: 9
[ 45323][E][WiFiUdp.cpp:221] parsePacket(): could not receive data: 9
[ 45329][E][WiFiUdp.cpp:221] parsePacket(): could not receive data: 9
[ 45334][E][WiFiUdp.cpp:221] parsePacket(): could not receive data: 9
[ 45339][E][WiFiUdp.cpp:221] parsePacket(): could not receive data: 9
[ 45344][E][WiFiUdp.cpp:221] parsePacket(): could not receive data: 9
[ 45349][E][WiFiUdp.cpp:221] parsePacket(): could not receive data: 9
[ 45354][E][WiFiUdp.cpp:221] parsePacket(): could not receive data: 9
[ 45359][E][WiFiUdp.cpp:221] parsePacket(): could not receive data: 9
[ 45364][E][WiFiUdp.cpp:221] parsePacket(): could not receive data: 9
[ 45369][E][WiFiUdp.cpp:221] parsePacket(): could not receive data: 9
[ 45374][E][WiFiUdp.cpp:221] parsePacket(): could not receive data: 9
[ 45379][E][WiFiUdp.cpp:221] parsePacket(): could not receive data: 9
[ 45384][E][WiFiUdp.cpp:221] parsePacket(): could not receive data: 9
[ 45389][E][WiFiUdp.cpp:221] parsePacket(): could not receive data: 9
[ 45394][E][WiFiUdp.cpp:221] parsePacket(): could not receive data: 9
[ 45399][E][WiFiUdp.cpp:221] parsePacket(): could not receive data: 9
[ 45404][E][WiFiUdp.cpp:221] parsePacket(): could not receive data: 9
[ 45410][E][WiFiUdp.cpp:221] parsePacket(): could not receive data: 9
[ 45416][E][WiFiUdp.cpp:221] parsePacket(): could not receive data: 9
[ 45421][E][WiFiUdp.cpp:221] parsePacket(): could not receive data: 9
[ 45427][E][WiFiUdp.cpp:221] parsePacket(): could not receive data: 9
[ 45432][E][WiFiUdp.cpp:221] parsePacket(): could not receive data: 9
[ 45437][E][WiFiUdp.cpp:221] parsePacket(): could not receive data: 9
[ 45442][E][WiFiUdp.cpp:221] parsePacket(): could not receive data: 9
[ 45447][E][WiFiUdp.cpp:221] parsePacket(): could not receive data: 9
[ 45452][E][WiFiUdp.cpp:221] parsePacket(): could not receive data: 9
[ 45457][E][WiFiUdp.cpp:221] parsePacket(): could not receive data: 9
[ 45462][E][WiFiUdp.cpp:221] parsePacket(): could not receive data: 9
[ 45467][E][WiFiUdp.cpp:221] parsePacket(): could not receive data: 9
[ 45472][E][WiFiUdp.cpp:221] parsePacket(): could not receive data: 9
[ 45477][E][WiFiUdp.cpp:221] parsePacket(): could not receive data: 9
[ 45482][E][WiFiUdp.cpp:221] parsePacket(): could not receive data: 9
[ 45487][E][WiFiUdp.cpp:221] parsePacket(): could not receive data: 9
[ 45492][E][WiFiUdp.cpp:221] parsePacket(): could not receive data: 9
[ 45497][E][WiFiUdp.cpp:221] parsePacket(): could not receive data: 9
[ 45502][E][WiFiUdp.cpp:221] parsePacket(): could not receive data: 9
[ 45507][E][WiFiUdp.cpp:221] parsePacket(): could not receive data: 9
[ 45512][E][WiFiUdp.cpp:221] parsePacket(): could not receive data: 9
[ 45517][E][WiFiUdp.cpp:221] parsePacket(): could not receive data: 9
[ 45522][E][WiFiUdp.cpp:221] parsePacket(): could not receive data: 9
[ 45527][E][WiFiUdp.cpp:221] parsePacket(): could not receive data: 9
[ 45532][E][WiFiUdp.cpp:221] parsePacket(): could not receive data: 9
[ 45537][E][WiFiUdp.cpp:221] parsePacket(): could not receive data: 9
[ 45542][E][WiFiUdp.cpp:221] parsePacket(): could not receive data: 9
[ 45547][E][WiFiUdp.cpp:221] parsePacket(): could not receive data: 9
[ 45552][E][WiFiUdp.cpp:221] parsePacket(): could not receive data: 9
[ 45557][E][WiFiUdp.cpp:221] parsePacket(): could not receive data: 9
[ 45562][E][WiFiUdp.cpp:221] parsePacket(): could not receive data: 9
[ 45567][E][WiFiUdp.cpp:221] parsePacket(): could not receive data: 9
[ 45572][E][WiFiUdp.cpp:221] parsePacket(): could not receive data: 9
[ 45577][E][WiFiUdp.cpp:221] parsePacket(): could not receive data: 9
[ 45582][E][WiFiUdp.cpp:221] parsePacket(): could not receive data: 9
[ 45587][E][WiFiUdp.cpp:221] parsePacket(): could not receive data: 9
[ 45592][E][WiFiUdp.cpp:221] parsePacket(): could not receive data: 9
[ 45597][E][WiFiUdp.cpp:221] parsePacket(): could not receive data: 9
[ 45603][E][WiFiUdp.cpp:221] parsePacket(): could not receive data: 9
[ 45608][E][WiFiUdp.cpp:221] parsePacket(): could not receive data: 9
[ 45613][E][WiFiUdp.cpp:221] parsePacket(): could not receive data: 9
[ 45618][E][WiFiUdp.cpp:221] parsePacket(): could not receive data: 9
[ 45623][E][WiFiUdp.cpp:221] parsePacket(): could not receive data: 9
[ 45628][E][WiFiUdp.cpp:221] parsePacket(): could not receive data: 9
[ 45633][E][WiFiUdp.cpp:221] parsePacket(): could not receive data: 9
[ 45638][E][WiFiUdp.cpp:221] parsePacket(): could not receive data: 9
[ 45643][E][WiFiUdp.cpp:221] parsePacket(): could not receive data: 9
[ 45648][E][WiFiUdp.cpp:221] parsePacket(): could not receive data: 9
[ 45653][E][WiFiUdp.cpp:221] parsePacket(): could not receive data: 9
[ 45658][E][WiFiUdp.cpp:221] parsePacket(): could not receive data: 9
[ 45663][E][WiFiUdp.cpp:221] parsePacket(): could not receive data: 9
[ 45668][E][WiFiUdp.cpp:221] parsePacket(): could not receive data: 9
[ 45673][E][WiFiUdp.cpp:221] parsePacket(): could not receive data: 9
[ 45679][E][WiFiUdp.cpp:221] parsePacket(): could not receive data: 9
[ 45684][E][WiFiUdp.cpp:221] parsePacket(): could not receive data: 9
[ 45689][E][WiFiUdp.cpp:221] parsePacket(): could not receive data: 9
[ 45694][E][WiFiUdp.cpp:221] parsePacket(): could not receive data: 9
[ 45699][E][WiFiUdp.cpp:221] parsePacket(): could not receive data: 9
[ 45704][E][WiFiUdp.cpp:221] parsePacket(): could not receive data: 9
[ 45709][E][WiFiUdp.cpp:221] parsePacket(): could not receive data: 9
[ 45714][E][WiFiUdp.cpp:221] parsePacket(): could not receive data: 9
[ 45719][E][WiFiUdp.cpp:221] parsePacket(): could not receive data: 9
[ 45724][E][WiFiUdp.cpp:221] parsePacket(): could not receive data: 9
[ 45729][E][WiFiUdp.cpp:221] parsePacket(): could not receive data: 9
[ 45734][E][WiFiUdp.cpp:221] parsePacket(): could not receive data: 9
[ 45739][E][WiFiUdp.cpp:221] parsePacket(): could not receive data: 9
[ 45744][E][WiFiUdp.cpp:221] parsePacket(): could not receive data: 9
[ 45749][E][WiFiUdp.cpp:221] parsePacket(): could not receive data: 9
[ 45754][E][WiFiUdp.cpp:221] parsePacket(): could not receive data: 9
[ 45759][E][WiFiUdp.cpp:221] parsePacket(): could not receive data: 9
[ 45764][E][WiFiUdp.cpp:221] parsePacket(): could not receive data: 9
[ 45769][E][WiFiUdp.cpp:221] parsePacket(): could not receive data: 9
[ 45774][E][WiFiUdp.cpp:221] parsePacket(): could not receive data: 9
[ 45779][E][WiFiUdp.cpp:221] parsePacket(): could not receive data: 9
[ 45784][E][WiFiUdp.cpp:221] parsePacket(): could not receive data: 9
[ 45789][E][WiFiUdp.cpp:221] parsePacket(): could not receive data: 9
[ 45794][E][WiFiUdp.cpp:221] parsePacket(): could not receive data: 9
[ 45799][E][WiFiUdp.cpp:221] parsePacket(): could not receive data: 9
[ 45804][E][WiFiUdp.cpp:221] parsePacket(): could not receive data: 9
[ 45809][E][WiFiUdp.cpp:221] parsePacket(): could not receive data: 9
[ 45814][E][WiFiUdp.cpp:221] parsePacket(): could not receive data: 9
[ 45819][E][WiFiUdp.cpp:221] parsePacket(): could not receive data: 9
[ 45824][E][WiFiUdp.cpp:221] parsePacket(): could not receive data: 9
[ 45829][E][WiFiUdp.cpp:221] parsePacket(): could not receive data: 9
[ 45834][E][WiFiUdp.cpp:221] parsePacket(): could not receive data: 9
[ 45839][E][WiFiUdp.cpp:221] parsePacket(): could not receive data: 9
[ 45844][E][WiFiUdp.cpp:221] parsePacket(): could not receive data: 9
[ 45849][E][WiFiUdp.cpp:221] parsePacket(): could not receive data: 9
[ 45854][E][WiFiUdp.cpp:221] parsePacket(): could not receive data: 9
[ 45859][E][WiFiUdp.cpp:221] parsePacket(): could not receive data: 9
[ 45864][E][WiFiUdp.cpp:221] parsePacket(): could not receive data: 9
[ 45869][E][WiFiUdp.cpp:221] parsePacket(): could not receive data: 9
[ 45874][E][WiFiUdp.cpp:221] parsePacket(): could not receive data: 9
[ 45879][E][WiFiUdp.cpp:221] parsePacket(): could not receive data: 9
[ 45884][E][WiFiUdp.cpp:221] parsePacket(): could not receive data: 9
[ 45889][E][WiFiUdp.cpp:221] parsePacket(): could not receive data: 9
[ 45894][E][WiFiUdp.cpp:221] parsePacket(): could not receive data: 9
[ 45899][E][WiFiUdp.cpp:221] parsePacket(): could not receive data: 9
[ 45904][E][WiFiUdp.cpp:221] parsePacket(): could not receive data: 9
[ 45909][E][WiFiUdp.cpp:221] parsePacket(): could not receive data: 9
[ 45914][E][WiFiUdp.cpp:221] parsePacket(): could not receive data: 9
[ 45919][E][WiFiUdp.cpp:221] parsePacket(): could not receive data: 9
[ 45924][E][WiFiUdp.cpp:221] parsePacket(): could not receive data: 9
[ 45929][E][WiFiUdp.cpp:221] parsePacket(): could not receive data: 9
[ 45934][E][WiFiUdp.cpp:221] parsePacket(): could not receive data: 9
[ 45939][E][WiFiUdp.cpp:221] parsePacket(): could not receive data: 9
[ 45944][E][WiFiUdp.cpp:221] parsePacket(): could not receive data: 9
[ 45949][E][WiFiUdp.cpp:221] parsePacket(): could not receive data: 9
[ 45954][E][WiFiUdp.cpp:221] parsePacket(): could not receive data: 9
[ 45959][E][WiFiUdp.cpp:221] parsePacket(): could not receive data: 9
[ 45964][E][WiFiUdp.cpp:221] parsePacket(): could not receive data: 9
[ 45969][E][WiFiUdp.cpp:221] parsePacket(): could not receive data: 9
[ 45974][E][WiFiUdp.cpp:221] parsePacket(): could not receive data: 9
[ 45979][E][WiFiUdp.cpp:221] parsePacket(): could not receive data: 9
[ 45984][E][WiFiUdp.cpp:221] parsePacket(): could not receive data: 9
[ 45990][E][WiFiUdp.cpp:221] parsePacket(): could not receive data: 9
[ 45995][E][WiFiUdp.cpp:221] parsePacket(): could not receive data: 9
[ 46000][E][WiFiUdp.cpp:221] parsePacket(): could not receive data: 9
[ 46005][E][WiFiUdp.cpp:221] parsePacket(): could not receive data: 9
[ 46010][E][WiFiUdp.cpp:221] parsePacket(): could not receive data: 9
[ 46015][E][WiFiUdp.cpp:221] parsePacket(): could not receive data: 9
[ 46020][E][WiFiUdp.cpp:221] parsePacket(): could not receive data: 9
[ 46025][E][WiFiUdp.cpp:221] parsePacket(): could not receive data: 9
[ 46030][E][WiFiUdp.cpp:221] parsePacket(): could not receive data: 9
[ 46036][E][WiFiUdp.cpp:221] parsePacket(): could not receive data: 9
[ 46041][E][WiFiUdp.cpp:221] parsePacket(): could not receive data: 9
[ 46047][E][WiFiUdp.cpp:221] parsePacket(): could not receive data: 9
[ 46053][E][WiFiUdp.cpp:221] parsePacket(): could not receive data: 9
[ 46059][E][WiFiUdp.cpp:221] parsePacket(): could not receive data: 9
[ 46065][E][WiFiUdp.cpp:221] parsePacket(): could not receive data: 9
[ 46071][E][WiFiUdp.cpp:221] parsePacket(): could not receive data: 9
[ 46077][E][WiFiUdp.cpp:221] parsePacket(): could not receive data: 9
[ 46083][E][WiFiUdp.cpp:221] parsePacket(): could not receive data: 9
[ 46089][E][WiFiUdp.cpp:221] parsePacket(): could not receive data: 9
[ 46095][E][WiFiUdp.cpp:221] parsePacket(): could not receive data: 9
[ 46100][E][WiFiUdp.cpp:221] parsePacket(): could not receive data: 9
[ 46105][E][WiFiUdp.cpp:221] parsePacket(): could not receive data: 9
[ 46110][E][WiFiUdp.cpp:221] parsePacket(): could not receive data: 9
[ 46115][E][WiFiUdp.cpp:221] parsePacket(): could not receive data: 9
[ 46120][E][WiFiUdp.cpp:221] parsePacket(): could not receive data: 9
[ 46125][E][WiFiUdp.cpp:221] parsePacket(): could not receive data: 9
[ 46130][E][WiFiUdp.cpp:221] parsePacket(): could not receive data: 9
[ 46135][E][WiFiUdp.cpp:221] parsePacket(): could not receive data: 9
[ 46140][E][WiFiUdp.cpp:221] parsePacket(): could not receive data: 9
[ 46145][E][WiFiUdp.cpp:221] parsePacket(): could not receive data: 9
[ 46150][E][WiFiUdp.cpp:221] parsePacket(): could not receive data: 9
[ 46155][E][WiFiUdp.cpp:221] parsePacket(): could not receive data: 9
[ 46160][E][WiFiUdp.cpp:221] parsePacket(): could not receive data: 9
[ 46165][E][WiFiUdp.cpp:221] parsePacket(): could not receive data: 9
[ 46170][E][WiFiUdp.cpp:221] parsePacket(): could not receive data: 9
[ 46176][E][WiFiUdp.cpp:221] parsePacket(): could not receive data: 9
[ 46181][E][WiFiUdp.cpp:221] parsePacket(): could not receive data: 9
[ 46186][E][WiFiUdp.cpp:221] parsePacket(): could not receive data: 9
[ 46191][E][WiFiUdp.cpp:221] parsePacket(): could not receive data: 9
[ 46196][E][WiFiUdp.cpp:221] parsePacket(): could not receive data: 9
[ 46201][E][WiFiUdp.cpp:221] parsePacket(): could not receive data: 9
[ 46206][E][WiFiUdp.cpp:221] parsePacket(): could not receive data: 9
[ 46211][E][WiFiUdp.cpp:221] parsePacket(): could not receive data: 9
[ 46216][E][WiFiUdp.cpp:221] parsePacket(): could not receive data: 9
[ 46221][E][WiFiUdp.cpp:221] parsePacket(): could not receive data: 9
[ 46226][E][WiFiUdp.cpp:221] parsePacket(): could not receive data: 9
[ 46231][E][WiFiUdp.cpp:221] parsePacket(): could not receive data: 9
[ 46236][E][WiFiUdp.cpp:221] parsePacket(): could not receive data: 9
[ 46241][E][WiFiUdp.cpp:221] parsePacket(): could not receive data: 9
[ 46246][E][WiFiUdp.cpp:221] parsePacket(): could not receive data: 9
[ 46251][E][WiFiUdp.cpp:221] parsePacket(): could not receive data: 9
[ 46257][E][WiFiUdp.cpp:221] parsePacket(): could not receive data: 9
[ 46262][E][WiFiUdp.cpp:221] parsePacket(): could not receive data: 9
[ 46267][E][WiFiUdp.cpp:221] parsePacket(): could not receive data: 9
[ 46272][E][WiFiUdp.cpp:221] parsePacket(): could not receive data: 9
[ 46277][E][WiFiUdp.cpp:221] parsePacket(): could not receive data: 9
[ 46282][E][WiFiUdp.cpp:221] parsePacket(): could not receive data: 9
[ 46287][E][WiFiUdp.cpp:221] parsePacket(): could not receive data: 9
[ 46293][E][WiFiUdp.cpp:221] parsePacket(): could not receive data: 9
[ 46298][E][WiFiUdp.cpp:221] parsePacket(): could not receive data: 9
[ 46303][E][WiFiUdp.cpp:221] parsePacket(): could not receive data: 9
[ 46308][E][WiFiUdp.cpp:221] parsePacket(): could not receive data: 9
[ 46313][E][WiFiUdp.cpp:221] parsePacket(): could not receive data: 9
[ 46318][E][WiFiUdp.cpp:221] parsePacket(): could not receive data: 9
[ 46323][E][WiFiUdp.cpp:221] parsePacket(): could not receive data: 9
[ 46328][E][WiFiUdp.cpp:221] parsePacket(): could not receive data: 9
[ 46333][E][WiFiUdp.cpp:221] parsePacket(): could not receive data: 9
[ 46338][E][WiFiUdp.cpp:221] parsePacket(): could not receive data: 9
[ 46343][E][WiFiUdp.cpp:221] parsePacket(): could not receive data: 9
[ 46349][E][WiFiUdp.cpp:221] parsePacket(): could not receive data: 9
[ 46355][E][WiFiUdp.cpp:221] parsePacket(): could not receive data: 9
[ 46360][E][WiFiUdp.cpp:221] parsePacket(): could not receive data: 9
[ 46366][E][WiFiUdp.cpp:221] parsePacket(): could not receive data: 9
[ 46371][E][WiFiUdp.cpp:221] parsePacket(): could not receive data: 9
[ 46376][E][WiFiUdp.cpp:221] parsePacket(): could not receive data: 9
[ 46381][E][WiFiUdp.cpp:221] parsePacket(): could not receive data: 9
[ 46386][E][WiFiUdp.cpp:221] parsePacket(): could not receive data: 9
[ 46391][E][WiFiUdp.cpp:221] parsePacket(): could not receive data: 9
[ 46396][E][WiFiUdp.cpp:221] parsePacket(): could not receive data: 9
[ 46401][E][WiFiUdp.cpp:221] parsePacket(): could not receive data: 9
[ 46406][E][WiFiUdp.cpp:221] parsePacket(): could not receive data: 9
[ 46411][E][WiFiUdp.cpp:221] parsePacket(): could not receive data: 9
[ 46416][E][WiFiUdp.cpp:221] parsePacket(): could not receive data: 9
[ 46421][E][WiFiUdp.cpp:221] parsePacket(): could not receive data: 9
[ 46426][E][WiFiUdp.cpp:221] parsePacket(): could not receive data: 9
[ 46431][E][WiFiUdp.cpp:221] parsePacket(): could not receive data: 9
[ 46436][E][WiFiUdp.cpp:221] parsePacket(): could not receive data: 9
[ 46441][E][WiFiUdp.cpp:221] parsePacket(): could not receive data: 9
[ 46446][E][WiFiUdp.cpp:221] parsePacket(): could not receive data: 9
[ 46451][E][WiFiUdp.cpp:221] parsePacket(): could not receive data: 9
[ 46456][E][WiFiUdp.cpp:221] parsePacket(): could not receive data: 9
[ 46461][E][WiFiUdp.cpp:221] parsePacket(): could not receive data: 9
[ 46466][E][WiFiUdp.cpp:221] parsePacket(): could not receive data: 9
[ 46471][E][WiFiUdp.cpp:221] parsePacket(): could not receive data: 9
[ 46476][E][WiFiUdp.cpp:221] parsePacket(): could not receive data: 9
[ 46481][E][WiFiUdp.cpp:221] parsePacket(): could not receive data: 9
[ 46486][E][WiFiUdp.cpp:221] parsePacket(): could not receive data: 9
[ 46491][E][WiFiUdp.cpp:221] parsePacket(): could not receive data: 9
[ 46496][E][WiFiUdp.cpp:221] parsePacket(): could not receive data: 9
[ 46501][E][WiFiUdp.cpp:221] parsePacket(): could not receive data: 9
[ 46506][E][WiFiUdp.cpp:221] parsePacket(): could not receive data: 9
[ 46511][E][WiFiUdp.cpp:221] parsePacket(): could not receive data: 9
[ 46516][E][WiFiUdp.cpp:221] parsePacket(): could not receive data: 9
[ 46521][E][WiFiUdp.cpp:221] parsePacket(): could not receive data: 9
[ 46526][E][WiFiUdp.cpp:221] parsePacket(): could not receive data: 9
[ 46531][E][WiFiUdp.cpp:221] parsePacket(): could not receive data: 9
[ 46536][E][WiFiUdp.cpp:221] parsePacket(): could not receive data: 9
[ 46541][E][WiFiUdp.cpp:221] parsePacket(): could not receive data: 9
[ 46546][E][WiFiUdp.cpp:221] parsePacket(): could not receive data: 9
[ 46551][E][WiFiUdp.cpp:221] parsePacket(): could not receive data: 9
[ 46556][E][WiFiUdp.cpp:221] parsePacket(): could not receive data: 9
[ 46561][E][WiFiUdp.cpp:221] parsePacket(): could not receive data: 9
[ 46566][E][WiFiUdp.cpp:221] parsePacket(): could not receive data: 9
[ 46571][E][WiFiUdp.cpp:221] parsePacket(): could not receive data: 9
[ 46576][E][WiFiUdp.cpp:221] parsePacket(): could not receive data: 9
[ 46581][E][WiFiUdp.cpp:221] parsePacket(): could not receive data: 9
[ 46586][E][WiFiUdp.cpp:221] parsePacket(): could not receive data: 9
[ 46591][E][WiFiUdp.cpp:221] parsePacket(): could not receive data: 9
[ 46596][E][WiFiUdp.cpp:221] parsePacket(): could not receive data: 9
[ 46601][E][WiFiUdp.cpp:221] parsePacket(): could not receive data: 9
[ 46606][E][WiFiUdp.cpp:221] parsePacket(): could not receive data: 9
[ 46611][E][WiFiUdp.cpp:221] parsePacket(): could not receive data: 9
[ 46616][E][WiFiUdp.cpp:221] parsePacket(): could not receive data: 9
[ 46621][E][WiFiUdp.cpp:221] parsePacket(): could not receive data: 9
[ 46627][E][WiFiUdp.cpp:221] parsePacket(): could not receive data: 9
[ 46633][E][WiFiUdp.cpp:221] parsePacket(): could not receive data: 9
[ 46640][E][WiFiUdp.cpp:221] parsePacket(): could not receive data: 9
[ 46645][E][WiFiUdp.cpp:221] parsePacket(): could not receive data: 9
[ 46651][E][WiFiUdp.cpp:221] parsePacket(): could not receive data: 9
[ 46657][E][WiFiUdp.cpp:221] parsePacket(): could not receive data: 9
[ 46662][E][WiFiUdp.cpp:221] parsePacket(): could not receive data: 9
[ 46667][E][WiFiUdp.cpp:221] parsePacket(): could not receive data: 9
[ 46672][E][WiFiUdp.cpp:221] parsePacket(): could not receive data: 9
[ 46677][E][WiFiUdp.cpp:221] parsePacket(): could not receive data: 9
[ 46682][E][WiFiUdp.cpp:221] parsePacket(): could not receive data: 9
[ 46687][E][WiFiUdp.cpp:221] parsePacket(): could not receive data: 9
[ 46692][E][WiFiUdp.cpp:221] parsePacket(): could not receive data: 9
[ 46697][E][WiFiUdp.cpp:221] parsePacket(): could not receive data: 9
[ 46702][E][WiFiUdp.cpp:221] parsePacket(): could not receive data: 9
[ 46707][E][WiFiUdp.cpp:221] parsePacket(): could not receive data: 9
[ 46712][E][WiFiUdp.cpp:221] parsePacket(): could not receive data: 9
[ 46717][E][WiFiUdp.cpp:221] parsePacket(): could not receive data: 9
[ 46722][E][WiFiUdp.cpp:221] parsePacket(): could not receive data: 9
[ 46727][E][WiFiUdp.cpp:221] parsePacket(): could not receive data: 9
[ 46732][E][WiFiUdp.cpp:221] parsePacket(): could not receive data: 9
[ 46737][E][WiFiUdp.cpp:221] parsePacket(): could not receive data: 9
[ 46742][E][WiFiUdp.cpp:221] parsePacket(): could not receive data: 9
[ 46747][E][WiFiUdp.cpp:221] parsePacket(): could not receive data: 9
[ 46752][E][WiFiUdp.cpp:221] parsePacket(): could not receive data: 9
[ 46757][E][WiFiUdp.cpp:221] parsePacket(): could not receive data: 9
[ 46763][E][WiFiUdp.cpp:221] parsePacket(): could not receive data: 9
[ 46768][E][WiFiUdp.cpp:221] parsePacket(): could not receive data: 9
[ 46773][E][WiFiUdp.cpp:221] parsePacket(): could not receive data: 9
[ 46779][E][WiFiUdp.cpp:221] parsePacket(): could not receive data: 9
[ 46784][E][WiFiUdp.cpp:221] parsePacket(): could not receive data: 9
[ 46789][E][WiFiUdp.cpp:221] parsePacket(): could not receive data: 9
[ 46794][E][WiFiUdp.cpp:221] parsePacket(): could not receive data: 9
[ 46799][E][WiFiUdp.cpp:221] parsePacket(): could not receive data: 9
[ 46804][E][WiFiUdp.cpp:221] parsePacket(): could not receive data: 9
[ 46809][E][WiFiUdp.cpp:221] parsePacket(): could not receive data: 9
[ 46815][E][WiFiUdp.cpp:221] parsePacket(): could not receive data: 9
[ 46820][E][WiFiUdp.cpp:221] parsePacket(): could not receive data: 9
[ 46825][E][WiFiUdp.cpp:221] parsePacket(): could not receive data: 9
[ 46830][E][WiFiUdp.cpp:221] parsePacket(): could not receive data: 9
[ 46835][E][WiFiUdp.cpp:221] parsePacket(): could not receive data: 9
[ 46840][E][WiFiUdp.cpp:221] parsePacket(): could not receive data: 9
[ 46845][E][WiFiUdp.cpp:221] parsePacket(): could not receive data: 9
[ 46850][E][WiFiUdp.cpp:221] parsePacket(): could not receive data: 9
[ 46855][E][WiFiUdp.cpp:221] parsePacket(): could not receive data: 9
[ 46860][E][WiFiUdp.cpp:221] parsePacket(): could not receive data: 9
[ 46865][E][WiFiUdp.cpp:221] parsePacket(): could not receive data: 9
[ 46870][E][WiFiUdp.cpp:221] parsePacket(): could not receive data: 9
[ 46875][E][WiFiUdp.cpp:221] parsePacket(): could not receive data: 9
[ 46880][E][WiFiUdp.cpp:221] parsePacket(): could not receive data: 9
[ 46885][E][WiFiUdp.cpp:221] parsePacket(): could not receive data: 9
[ 46890][E][WiFiUdp.cpp:221] parsePacket(): could not receive data: 9
[ 46895][E][WiFiUdp.cpp:221] parsePacket(): could not receive data: 9
[ 46900][E][WiFiUdp.cpp:221] parsePacket(): could not receive data: 9
[ 46905][E][WiFiUdp.cpp:221] parsePacket(): could not receive data: 9
[ 46910][E][WiFiUdp.cpp:221] parsePacket(): could not receive data: 9
[ 46915][E][WiFiUdp.cpp:221] parsePacket(): could not receive data: 9
[ 46920][E][WiFiUdp.cpp:221] parsePacket(): could not receive data: 9
[ 46925][E][WiFiUdp.cpp:221] parsePacket(): could not receive data: 9
[ 46930][E][WiFiUdp.cpp:221] parsePacket(): could not receive data: 9
[ 46935][E][WiFiUdp.cpp:221] parsePacket(): could not receive data: 9
[ 46940][E][WiFiUdp.cpp:221] parsePacket(): could not receive data: 9
[ 46945][E][WiFiUdp.cpp:221] parsePacket(): could not receive data: 9
[ 46950][E][WiFiUdp.cpp:221] parsePacket(): could not receive data: 9
[ 46957][E][WiFiUdp.cpp:221] parsePacket(): could not receive data: 9
[ 46962][E][WiFiUdp.cpp:221] parsePacket(): could not receive data: 9
[ 46967][E][WiFiUdp.cpp:221] parsePacket(): could not receive data: 9
[ 46972][E][WiFiUdp.cpp:221] parsePacket(): could not receive data: 9
[ 46977][E][WiFiUdp.cpp:221] parsePacket(): could not receive data: 9
[ 46982][E][WiFiUdp.cpp:221] parsePacket(): could not receive data: 9
[ 46987][E][WiFiUdp.cpp:221] parsePacket(): could not receive data: 9
[ 46992][E][WiFiUdp.cpp:221] parsePacket(): could not receive data: 9
[ 46998][E][WiFiUdp.cpp:221] parsePacket(): could not receive data: 9
[ 47003][E][WiFiUdp.cpp:221] parsePacket(): could not receive data: 9
[ 47009][E][WiFiUdp.cpp:221] parsePacket(): could not receive data: 9
[ 47014][E][WiFiUdp.cpp:221] parsePacket(): could not receive data: 9
[ 47020][E][WiFiUdp.cpp:221] parsePacket(): could not receive data: 9
[ 47027][E][WiFiUdp.cpp:221] parsePacket(): could not receive data: 9
[ 47033][E][WiFiUdp.cpp:221] parsePacket(): could not receive data: 9
[ 47038][E][WiFiUdp.cpp:221] parsePacket(): could not receive data: 9
[ 47043][E][WiFiUdp.cpp:221] parsePacket(): could not receive data: 9
[ 47048][E][WiFiUdp.cpp:221] parsePacket(): could not receive data: 9
[ 47053][E][WiFiUdp.cpp:221] parsePacket(): could not receive data: 9
[ 47058][E][WiFiUdp.cpp:221] parsePacket(): could not receive data: 9
[ 47063][E][WiFiUdp.cpp:221] parsePacket(): could not receive data: 9
[ 47068][E][WiFiUdp.cpp:221] parsePacket(): could not receive data: 9
[ 47073][E][WiFiUdp.cpp:221] parsePacket(): could not receive data: 9
[ 47078][E][WiFiUdp.cpp:221] parsePacket(): could not receive data: 9
[ 47083][E][WiFiUdp.cpp:221] parsePacket(): could not receive data: 9
[ 47089][E][WiFiUdp.cpp:221] parsePacket(): could not receive data: 9
[ 47094][E][WiFiUdp.cpp:221] parsePacket(): could not receive data: 9
[ 47099][E][WiFiUdp.cpp:221] parsePacket(): could not receive data: 9
[ 47104][E][WiFiUdp.cpp:221] parsePacket(): could not receive data: 9
[ 47109][E][WiFiUdp.cpp:221] parsePacket(): could not receive data: 9
[ 47114][E][WiFiUdp.cpp:221] parsePacket(): could not receive data: 9
[ 47119][E][WiFiUdp.cpp:221] parsePacket(): could not receive data: 9
[ 47124][E][WiFiUdp.cpp:221] parsePacket(): could not receive data: 9
[ 47129][E][WiFiUdp.cpp:221] parsePacket(): could not receive data: 9
[ 47135][E][WiFiUdp.cpp:221] parsePacket(): could not receive data: 9
[ 47141][E][WiFiUdp.cpp:221] parsePacket(): could not receive data: 9
[ 47146][E][WiFiUdp.cpp:221] parsePacket(): could not receive data: 9
[ 47151][E][WiFiUdp.cpp:221] parsePacket(): could not receive data: 9
[ 47156][E][WiFiUdp.cpp:221] parsePacket(): could not receive data: 9
[ 47161][E][WiFiUdp.cpp:221] parsePacket(): could not receive data: 9
[ 47166][E][WiFiUdp.cpp:221] parsePacket(): could not receive data: 9
[ 47172][E][WiFiUdp.cpp:221] parsePacket(): could not receive data: 9
[ 47178][E][WiFiUdp.cpp:221] parsePacket(): could not receive data: 9
[ 47184][E][WiFiUdp.cpp:221] parsePacket(): could not receive data: 9
[ 47189][E][WiFiUdp.cpp:221] parsePacket(): could not receive data: 9
[ 47195][E][WiFiUdp.cpp:221] parsePacket(): could not receive data: 9
[ 47201][E][WiFiUdp.cpp:221] parsePacket(): could not receive data: 9
[ 47206][E][WiFiUdp.cpp:221] parsePacket(): could not receive data: 9
[ 47211][E][WiFiUdp.cpp:221] parsePacket(): could not receive data: 9
[ 47216][E][WiFiUdp.cpp:221] parsePacket(): could not receive data: 9
[ 47221][E][WiFiUdp.cpp:221] parsePacket(): could not receive data: 9
[ 47226][E][WiFiUdp.cpp:221] parsePacket(): could not receive data: 9
[ 47231][E][WiFiUdp.cpp:221] parsePacket(): could not receive data: 9
[ 47236][E][WiFiUdp.cpp:221] parsePacket(): could not receive data: 9
[ 47241][E][WiFiUdp.cpp:221] parsePacket(): could not receive data: 9
[ 47246][E][WiFiUdp.cpp:221] parsePacket(): could not receive data: 9
[ 47251][E][WiFiUdp.cpp:221] parsePacket(): could not receive data: 9
[ 47256][E][WiFiUdp.cpp:221] parsePacket(): could not receive data: 9
[ 47261][E][WiFiUdp.cpp:221] parsePacket(): could not receive data: 9
[ 47266][E][WiFiUdp.cpp:221] parsePacket(): could not receive data: 9
[ 47271][E][WiFiUdp.cpp:221] parsePacket(): could not receive data: 9
[ 47276][E][WiFiUdp.cpp:221] parsePacket(): could not receive data: 9
[ 47281][E][WiFiUdp.cpp:221] parsePacket(): could not receive data: 9
[ 47286][E][WiFiUdp.cpp:221] parsePacket(): could not receive data: 9
[ 47291][E][WiFiUdp.cpp:221] parsePacket(): could not receive data: 9
[ 47296][E][WiFiUdp.cpp:221] parsePacket(): could not receive data: 9
[ 47301][E][WiFiUdp.cpp:221] parsePacket(): could not receive data: 9
[ 47306][E][WiFiUdp.cpp:221] parsePacket(): could not receive data: 9
[ 47311][E][WiFiUdp.cpp:221] parsePacket(): could not receive data: 9
[ 47317][E][WiFiUdp.cpp:221] parsePacket(): could not receive data: 9
[ 47323][E][WiFiUdp.cpp:221] parsePacket(): could not receive data: 9
[ 47329][E][WiFiUdp.cpp:221] parsePacket(): could not receive data: 9
[ 47334][E][WiFiUdp.cpp:221] parsePacket(): could not receive data: 9
[ 47339][E][WiFiUdp.cpp:221] parsePacket(): could not receive data: 9
[ 47344][E][WiFiUdp.cpp:221] parsePacket(): could not receive data: 9
[ 47349][E][WiFiUdp.cpp:221] parsePacket(): could not receive data: 9
[ 47354][E][WiFiUdp.cpp:221] parsePacket(): could not receive data: 9
[ 47359][E][WiFiUdp.cpp:221] parsePacket(): could not receive data: 9
[ 47364][E][WiFiUdp.cpp:221] parsePacket(): could not receive data: 9
[ 47369][E][WiFiUdp.cpp:221] parsePacket(): could not receive data: 9
[ 47374][E][WiFiUdp.cpp:221] parsePacket(): could not receive data: 9
[ 47379][E][WiFiUdp.cpp:221] parsePacket(): could not receive data: 9
[ 47384][E][WiFiUdp.cpp:221] parsePacket(): could not receive data: 9
[ 47389][E][WiFiUdp.cpp:221] parsePacket(): could not receive data: 9
[ 47394][E][WiFiUdp.cpp:221] parsePacket(): could not receive data: 9
[ 47399][E][WiFiUdp.cpp:221] parsePacket(): could not receive data: 9
[ 47404][E][WiFiUdp.cpp:221] parsePacket(): could not receive data: 9
[ 47409][E][WiFiUdp.cpp:221] parsePacket(): could not receive data: 9
[ 47414][E][WiFiUdp.cpp:221] parsePacket(): could not receive data: 9
[ 47419][E][WiFiUdp.cpp:221] parsePacket(): could not receive data: 9
[ 47424][E][WiFiUdp.cpp:221] parsePacket(): could not receive data: 9
[ 47429][E][WiFiUdp.cpp:221] parsePacket(): could not receive data: 9
[ 47434][E][WiFiUdp.cpp:221] parsePacket(): could not receive data: 9
[ 47439][E][WiFiUdp.cpp:221] parsePacket(): could not receive data: 9
[ 47444][E][WiFiUdp.cpp:221] parsePacket(): could not receive data: 9
[ 47449][E][WiFiUdp.cpp:221] parsePacket(): could not receive data: 9
[ 47454][E][WiFiUdp.cpp:221] parsePacket(): could not receive data: 9
[ 47459][E][WiFiUdp.cpp:221] parsePacket(): could not receive data: 9
[ 47464][E][WiFiUdp.cpp:221] parsePacket(): could not receive data: 9
[ 47469][E][WiFiUdp.cpp:221] parsePacket(): could not receive data: 9
[ 47474][E][WiFiUdp.cpp:221] parsePacket(): could not receive data: 9
[ 47479][E][WiFiUdp.cpp:221] parsePacket(): could not receive data: 9
[ 47484][E][WiFiUdp.cpp:221] parsePacket(): could not receive data: 9
[ 47489][E][WiFiUdp.cpp:221] parsePacket(): could not receive data: 9
[ 47494][E][WiFiUdp.cpp:221] parsePacket(): could not receive data: 9
[ 47499][E][WiFiUdp.cpp:221] parsePacket(): could not receive data: 9
[ 47504][E][WiFiUdp.cpp:221] parsePacket(): could not receive data: 9
[ 47509][E][WiFiUdp.cpp:221] parsePacket(): could not receive data: 9
[ 47514][E][WiFiUdp.cpp:221] parsePacket(): could not receive data: 9
[ 47519][E][WiFiUdp.cpp:221] parsePacket(): could not receive data: 9
[ 47524][E][WiFiUdp.cpp:221] parsePacket(): could not receive data: 9
[ 47529][E][WiFiUdp.cpp:221] parsePacket(): could not receive data: 9
[ 47534][E][WiFiUdp.cpp:221] parsePacket(): could not receive data: 9
[ 47539][E][WiFiUdp.cpp:221] parsePacket(): could not receive data: 9
[ 47544][E][WiFiUdp.cpp:221] parsePacket(): could not receive data: 9
[ 47549][E][WiFiUdp.cpp:221] parsePacket(): could not receive data: 9
[ 47554][E][WiFiUdp.cpp:221] parsePacket(): could not receive data: 9
[ 47559][E][WiFiUdp.cpp:221] parsePacket(): could not receive data: 9
[ 47564][E][WiFiUdp.cpp:221] parsePacket(): could not receive data: 9
[ 47569][E][WiFiUdp.cpp:221] parsePacket(): could not receive data: 9
[ 47574][E][WiFiUdp.cpp:221] parsePacket(): could not receive data: 9
[ 47579][E][WiFiUdp.cpp:221] parsePacket(): could not receive data: 9
[ 47584][E][WiFiUdp.cpp:221] parsePacket(): could not receive data: 9
[ 47589][E][WiFiUdp.cpp:221] parsePacket(): could not receive data: 9
[ 47594][E][WiFiUdp.cpp:221] parsePacket(): could not receive data: 9
[ 47599][E][WiFiUdp.cpp:221] parsePacket(): could not receive data: 9
[ 47604][E][WiFiUdp.cpp:221] parsePacket(): could not receive data: 9
[ 47609][E][WiFiUdp.cpp:221] parsePacket(): could not receive data: 9
[ 47614][E][WiFiUdp.cpp:221] parsePacket(): could not receive data: 9
[ 47619][E][WiFiUdp.cpp:221] parsePacket(): could not receive data: 9
[ 47624][E][WiFiUdp.cpp:221] parsePacket(): could not receive data: 9
[ 47629][E][WiFiUdp.cpp:221] parsePacket(): could not receive data: 9
[ 47634][E][WiFiUdp.cpp:221] parsePacket(): could not receive data: 9
[ 47639][E][WiFiUdp.cpp:221] parsePacket(): could not receive data: 9
[ 47646][E][WiFiUdp.cpp:221] parsePacket(): could not receive data: 9
[ 47651][E][WiFiUdp.cpp:221] parsePacket(): could not receive data: 9
[ 47656][E][WiFiUdp.cpp:221] parsePacket(): could not receive data: 9
[ 47661][E][WiFiUdp.cpp:221] parsePacket(): could not receive data: 9
[ 47666][E][WiFiUdp.cpp:221] parsePacket(): could not receive data: 9
[ 47671][E][WiFiUdp.cpp:221] parsePacket(): could not receive data: 9
[ 47676][E][WiFiUdp.cpp:221] parsePacket(): could not receive data: 9
[ 47681][E][WiFiUdp.cpp:221] parsePacket(): could not receive data: 9
[ 47686][E][WiFiUdp.cpp:221] parsePacket(): could not receive data: 9
[ 47691][E][WiFiUdp.cpp:221] parsePacket(): could not receive data: 9
[ 47696][E][WiFiUdp.cpp:221] parsePacket(): could not receive data: 9
[ 47701][E][WiFiUdp.cpp:221] parsePacket(): could not receive data: 9
[ 47706][E][WiFiUdp.cpp:221] parsePacket(): could not receive data: 9
[ 47711][E][WiFiUdp.cpp:221] parsePacket(): could not receive data: 9
[ 47716][E][WiFiUdp.cpp:221] parsePacket(): could not receive data: 9
[ 47721][E][WiFiUdp.cpp:221] parsePacket(): could not receive data: 9
[ 47726][E][WiFiUdp.cpp:221] parsePacket(): could not receive data: 9
[ 47731][E][WiFiUdp.cpp:221] parsePacket(): could not receive data: 9
[ 47736][E][WiFiUdp.cpp:221] parsePacket(): could not receive data: 9
[ 47741][E][WiFiUdp.cpp:221] parsePacket(): could not receive data: 9
[ 47746][E][WiFiUdp.cpp:221] parsePacket(): could not receive data: 9
[ 47751][E][WiFiUdp.cpp:221] parsePacket(): could not receive data: 9
[ 47756][E][WiFiUdp.cpp:221] parsePacket(): could not receive data: 9
[ 47761][E][WiFiUdp.cpp:221] parsePacket(): could not receive data: 9
[ 47766][E][WiFiUdp.cpp:221] parsePacket(): could not receive data: 9
[ 47771][E][WiFiUdp.cpp:221] parsePacket(): could not receive data: 9
[ 47776][E][WiFiUdp.cpp:221] parsePacket(): could not receive data: 9
[ 47781][E][WiFiUdp.cpp:221] parsePacket(): could not receive data: 9
[ 47786][E][WiFiUdp.cpp:221] parsePacket(): could not receive data: 9
[ 47791][E][WiFiUdp.cpp:221] parsePacket(): could not receive data: 9
[ 47796][E][WiFiUdp.cpp:221] parsePacket(): could not receive data: 9
[ 47801][E][WiFiUdp.cpp:221] parsePacket(): could not receive data: 9
[ 47806][E][WiFiUdp.cpp:221] parsePacket(): could not receive data: 9
[ 47811][E][WiFiUdp.cpp:221] parsePacket(): could not receive data: 9
[ 47817][E][WiFiUdp.cpp:221] parsePacket(): could not receive data: 9
[ 47822][E][WiFiUdp.cpp:221] parsePacket(): could not receive data: 9
[ 47828][E][WiFiUdp.cpp:221] parsePacket(): could not receive data: 9
[ 47833][E][WiFiUdp.cpp:221] parsePacket(): could not receive data: 9
[ 47839][E][WiFiUdp.cpp:221] parsePacket(): could not receive data: 9
[ 47844][E][WiFiUdp.cpp:221] parsePacket(): could not receive data: 9
[ 47849][E][WiFiUdp.cpp:221] parsePacket(): could not receive data: 9
[ 47854][E][WiFiUdp.cpp:221] parsePacket(): could not receive data: 9
[ 47859][E][WiFiUdp.cpp:221] parsePacket(): could not receive data: 9
[ 47864][E][WiFiUdp.cpp:221] parsePacket(): could not receive data: 9
[ 47869][E][WiFiUdp.cpp:221] parsePacket(): could not receive data: 9
[ 47874][E][WiFiUdp.cpp:221] parsePacket(): could not receive data: 9
[ 47879][E][WiFiUdp.cpp:221] parsePacket(): could not receive data: 9
[ 47884][E][WiFiUdp.cpp:221] parsePacket(): could not receive data: 9
[ 47889][E][WiFiUdp.cpp:221] parsePacket(): could not receive data: 9
[ 47894][E][WiFiUdp.cpp:221] parsePacket(): could not receive data: 9
[ 47899][E][WiFiUdp.cpp:221] parsePacket(): could not receive data: 9
[ 47904][E][WiFiUdp.cpp:221] parsePacket(): could not receive data: 9
[ 47909][E][WiFiUdp.cpp:221] parsePacket(): could not receive data: 9
[ 47914][E][WiFiUdp.cpp:221] parsePacket(): could not receive data: 9
[ 47919][E][WiFiUdp.cpp:221] parsePacket(): could not receive data: 9
[ 47924][E][WiFiUdp.cpp:221] parsePacket(): could not receive data: 9
[ 47929][E][WiFiUdp.cpp:221] parsePacket(): could not receive data: 9
[ 47934][E][WiFiUdp.cpp:221] parsePacket(): could not receive data: 9
[ 47940][E][WiFiUdp.cpp:221] parsePacket(): could not receive data: 9
[ 47946][E][WiFiUdp.cpp:221] parsePacket(): could not receive data: 9
[ 47952][E][WiFiUdp.cpp:221] parsePacket(): could not receive data: 9
[ 47958][E][WiFiUdp.cpp:221] parsePacket(): could not receive data: 9
[ 47964][E][WiFiUdp.cpp:221] parsePacket(): could not receive data: 9
[ 47969][E][WiFiUdp.cpp:221] parsePacket(): could not receive data: 9
[ 47974][E][WiFiUdp.cpp:221] parsePacket(): could not receive data: 9
[ 47980][E][WiFiUdp.cpp:221] parsePacket(): could not receive data: 9
[ 47986][E][WiFiUdp.cpp:221] parsePacket(): could not receive data: 9
[ 47992][E][WiFiUdp.cpp:221] parsePacket(): could not receive data: 9
[ 47997][E][WiFiUdp.cpp:221] parsePacket(): could not receive data: 9
[ 48002][E][WiFiUdp.cpp:221] parsePacket(): could not receive data: 9
[ 48007][E][WiFiUdp.cpp:221] parsePacket(): could not receive data: 9
[ 48013][E][WiFiUdp.cpp:221] parsePacket(): could not receive data: 9
[ 48019][E][WiFiUdp.cpp:221] parsePacket(): could not receive data: 9
[ 48025][E][WiFiUdp.cpp:221] parsePacket(): could not receive data: 9
[ 48031][E][WiFiUdp.cpp:221] parsePacket(): could not receive data: 9
[ 48036][E][WiFiUdp.cpp:221] parsePacket(): could not receive data: 9
[ 48041][E][WiFiUdp.cpp:221] parsePacket(): could not receive data: 9
[ 48046][E][WiFiUdp.cpp:221] parsePacket(): could not receive data: 9
[ 48052][E][WiFiUdp.cpp:221] parsePacket(): could not receive data: 9
[ 48058][E][WiFiUdp.cpp:221] parsePacket(): could not receive data: 9
[ 48064][E][WiFiUdp.cpp:221] parsePacket(): could not receive data: 9
[ 48070][E][WiFiUdp.cpp:221] parsePacket(): could not receive data: 9
[ 48076][E][WiFiUdp.cpp:221] parsePacket(): could not receive data: 9
[ 48081][E][WiFiUdp.cpp:221] parsePacket(): could not receive data: 9
[ 48087][E][WiFiUdp.cpp:221] parsePacket(): could not receive data: 9
[ 48093][E][WiFiUdp.cpp:221] parsePacket(): could not receive data: 9
[ 48099][E][WiFiUdp.cpp:221] parsePacket(): could not receive data: 9
[ 48105][E][WiFiUdp.cpp:221] parsePacket(): could not receive data: 9
[ 48111][E][WiFiUdp.cpp:221] parsePacket(): could not receive data: 9
[ 48117][E][WiFiUdp.cpp:221] parsePacket(): could not receive data: 9
[ 48123][E][WiFiUdp.cpp:221] parsePacket(): could not receive data: 9
[ 48129][E][WiFiUdp.cpp:221] parsePacket(): could not receive data: 9
[ 48134][E][WiFiUdp.cpp:221] parsePacket(): could not receive data: 9
[ 48139][E][WiFiUdp.cpp:221] parsePacket(): could not receive data: 9
[ 48145][E][WiFiUdp.cpp:221] parsePacket(): could not receive data: 9
[ 48150][E][WiFiUdp.cpp:221] parsePacket(): could not receive data: 9
[ 48155][E][WiFiUdp.cpp:221] parsePacket(): could not receive data: 9
[ 48160][E][WiFiUdp.cpp:221] parsePacket(): could not receive data: 9
[ 48165][E][WiFiUdp.cpp:221] parsePacket(): could not receive data: 9
[ 48170][E][WiFiUdp.cpp:221] parsePacket(): could not receive data: 9
[ 48175][E][WiFiUdp.cpp:221] parsePacket(): could not receive data: 9
[ 48180][E][WiFiUdp.cpp:221] parsePacket(): could not receive data: 9
[ 48185][E][WiFiUdp.cpp:221] parsePacket(): could not receive data: 9
[ 48190][E][WiFiUdp.cpp:221] parsePacket(): could not receive data: 9
[ 48195][E][WiFiUdp.cpp:221] parsePacket(): could not receive data: 9
[ 48200][E][WiFiUdp.cpp:221] parsePacket(): could not receive data: 9
[ 48205][E][WiFiUdp.cpp:221] parsePacket(): could not receive data: 9
[ 48210][E][WiFiUdp.cpp:221] parsePacket(): could not receive data: 9
[ 48215][E][WiFiUdp.cpp:221] parsePacket(): could not receive data: 9
[ 48220][E][WiFiUdp.cpp:221] parsePacket(): could not receive data: 9
[ 48225][E][WiFiUdp.cpp:221] parsePacket(): could not receive data: 9
[ 48231][E][WiFiUdp.cpp:221] parsePacket(): could not receive data: 9
[ 48237][E][WiFiUdp.cpp:221] parsePacket(): could not receive data: 9
[ 48244][E][WiFiUdp.cpp:221] parsePacket(): could not receive data: 9
[ 48249][E][WiFiUdp.cpp:221] parsePacket(): could not receive data: 9
[ 48255][E][WiFiUdp.cpp:221] parsePacket(): could not receive data: 9
[ 48261][E][WiFiUdp.cpp:221] parsePacket(): could not receive data: 9
[ 48266][E][WiFiUdp.cpp:221] parsePacket(): could not receive data: 9
[ 48272][E][WiFiUdp.cpp:221] parsePacket(): could not receive data: 9
[ 48277][E][WiFiUdp.cpp:221] parsePacket(): could not receive data: 9
[ 48282][E][WiFiUdp.cpp:221] parsePacket(): could not receive data: 9
[ 48287][E][WiFiUdp.cpp:221] parsePacket(): could not receive data: 9
[ 48292][E][WiFiUdp.cpp:221] parsePacket(): could not receive data: 9
[ 48298][E][WiFiUdp.cpp:221] parsePacket(): could not receive data: 9
[ 48304][E][WiFiUdp.cpp:221] parsePacket(): could not receive data: 9
[ 48309][E][WiFiUdp.cpp:221] parsePacket(): could not receive data: 9
[ 48315][E][WiFiUdp.cpp:221] parsePacket(): could not receive data: 9
[ 48321][E][WiFiUdp.cpp:221] parsePacket(): could not receive data: 9
[ 48326][E][WiFiUdp.cpp:221] parsePacket(): could not receive data: 9
[ 48331][E][WiFiUdp.cpp:221] parsePacket(): could not receive data: 9
[ 48336][E][WiFiUdp.cpp:221] parsePacket(): could not receive data: 9
[ 48341][E][WiFiUdp.cpp:221] parsePacket(): could not receive data: 9
[ 48346][E][WiFiUdp.cpp:221] parsePacket(): could not receive data: 9
[ 48351][E][WiFiUdp.cpp:221] parsePacket(): could not receive data: 9
[ 48356][E][WiFiUdp.cpp:221] parsePacket(): could not receive data: 9
[ 48362][E][WiFiUdp.cpp:221] parsePacket(): could not receive data: 9
[ 48367][E][WiFiUdp.cpp:221] parsePacket(): could not receive data: 9
[ 48372][E][WiFiUdp.cpp:221] parsePacket(): could not receive data: 9
[ 48378][E][WiFiUdp.cpp:221] parsePacket(): could not receive data: 9
[ 48384][E][WiFiUdp.cpp:221] parsePacket(): could not receive data: 9
[ 48390][E][WiFiUdp.cpp:221] parsePacket(): could not receive data: 9
[ 48395][E][WiFiUdp.cpp:221] parsePacket(): could not receive data: 9
[ 48400][E][WiFiUdp.cpp:221] parsePacket(): could not receive data: 9
[ 48405][E][WiFiUdp.cpp:221] parsePacket(): could not receive data: 9
[ 48410][E][WiFiUdp.cpp:221] parsePacket(): could not receive data: 9
[ 48415][E][WiFiUdp.cpp:221] parsePacket(): could not receive data: 9
[ 48421][E][WiFiUdp.cpp:221] parsePacket(): could not receive data: 9
[ 48426][E][WiFiUdp.cpp:221] parsePacket(): could not receive data: 9
[ 48431][E][WiFiUdp.cpp:221] parsePacket(): could not receive data: 9
[ 48436][E][WiFiUdp.cpp:221] parsePacket(): could not receive data: 9
[ 48442][E][WiFiUdp.cpp:221] parsePacket(): could not receive data: 9
[ 48447][E][WiFiUdp.cpp:221] parsePacket(): could not receive data: 9
[ 48452][E][WiFiUdp.cpp:221] parsePacket(): could not receive data: 9
[ 48457][E][WiFiUdp.cpp:221] parsePacket(): could not receive data: 9
[ 48462][E][WiFiUdp.cpp:221] parsePacket(): could not receive data: 9
[ 48467][E][WiFiUdp.cpp:221] parsePacket(): could not receive data: 9
[ 48472][E][WiFiUdp.cpp:221] parsePacket(): could not receive data: 9
[ 48477][E][WiFiUdp.cpp:221] parsePacket(): could not receive data: 9
[ 48482][E][WiFiUdp.cpp:221] parsePacket(): could not receive data: 9
[ 48487][E][WiFiUdp.cpp:221] parsePacket(): could not receive data: 9
[ 48492][E][WiFiUdp.cpp:221] parsePacket(): could not receive data: 9
[ 48497][E][WiFiUdp.cpp:221] parsePacket(): could not receive data: 9
[ 48502][E][WiFiUdp.cpp:221] parsePacket(): could not receive data: 9
[ 48507][E][WiFiUdp.cpp:221] parsePacket(): could not receive data: 9
[ 48512][E][WiFiUdp.cpp:221] parsePacket(): could not receive data: 9
[ 48517][E][WiFiUdp.cpp:221] parsePacket(): could not receive data: 9
[ 48522][E][WiFiUdp.cpp:221] parsePacket(): could not receive data: 9
[ 48527][E][WiFiUdp.cpp:221] parsePacket(): could not receive data: 9
[ 48532][E][WiFiUdp.cpp:221] parsePacket(): could not receive data: 9
[ 48537][E][WiFiUdp.cpp:221] parsePacket(): could not receive data: 9
[ 48542][E][WiFiUdp.cpp:221] parsePacket(): could not receive data: 9
[ 48547][E][WiFiUdp.cpp:221] parsePacket(): could not receive data: 9
[ 48552][E][WiFiUdp.cpp:221] parsePacket(): could not receive data: 9
[ 48557][E][WiFiUdp.cpp:221] parsePacket(): could not receive data: 9
[ 48562][E][WiFiUdp.cpp:221] parsePacket(): could not receive data: 9
[ 48567][E][WiFiUdp.cpp:221] parsePacket(): could not receive data: 9
[ 48572][E][WiFiUdp.cpp:221] parsePacket(): could not receive data: 9
[ 48577][E][WiFiUdp.cpp:221] parsePacket(): could not receive data: 9
[ 48582][E][WiFiUdp.cpp:221] parsePacket(): could not receive data: 9
[ 48587][E][WiFiUdp.cpp:221] parsePacket(): could not receive data: 9
[ 48592][E][WiFiUdp.cpp:221] parsePacket(): could not receive data: 9
[ 48597][E][WiFiUdp.cpp:221] parsePacket(): could not receive data: 9
[ 48603][E][WiFiUdp.cpp:221] parsePacket(): could not receive data: 9
[ 48608][E][WiFiUdp.cpp:221] parsePacket(): could not receive data: 9
[ 48614][E][WiFiUdp.cpp:221] parsePacket(): could not receive data: 9
[ 48620][E][WiFiUdp.cpp:221] parsePacket(): could not receive data: 9
[ 48626][E][WiFiUdp.cpp:221] parsePacket(): could not receive data: 9
[ 48631][E][WiFiUdp.cpp:221] parsePacket(): could not receive data: 9
[ 48636][E][WiFiUdp.cpp:221] parsePacket(): could not receive data: 9
[ 48642][E][WiFiUdp.cpp:221] parsePacket(): could not receive data: 9
[ 48647][E][WiFiUdp.cpp:221] parsePacket(): could not receive data: 9
[ 48652][E][WiFiUdp.cpp:221] parsePacket(): could not receive data: 9
[ 48657][E][WiFiUdp.cpp:221] parsePacket(): could not receive data: 9
[ 48662][E][WiFiUdp.cpp:221] parsePacket(): could not receive data: 9
[ 48667][E][WiFiUdp.cpp:221] parsePacket(): could not receive data: 9
[ 48672][E][WiFiUdp.cpp:221] parsePacket(): could not receive data: 9
[ 48677][E][WiFiUdp.cpp:221] parsePacket(): could not receive data: 9
[ 48682][E][WiFiUdp.cpp:221] parsePacket(): could not receive data: 9
[ 48687][E][WiFiUdp.cpp:221] parsePacket(): could not receive data: 9
[ 48692][E][WiFiUdp.cpp:221] parsePacket(): could not receive data: 9
[ 48697][E][WiFiUdp.cpp:221] parsePacket(): could not receive data: 9
[ 48702][E][WiFiUdp.cpp:221] parsePacket(): could not receive data: 9
[ 48707][E][WiFiUdp.cpp:221] parsePacket(): could not receive data: 9
[ 48712][E][WiFiUdp.cpp:221] parsePacket(): could not receive data: 9
[ 48717][E][WiFiUdp.cpp:221] parsePacket(): could not receive data: 9
[ 48722][E][WiFiUdp.cpp:221] parsePacket(): could not receive data: 9
[ 48727][E][WiFiUdp.cpp:221] parsePacket(): could not receive data: 9
[ 48732][E][WiFiUdp.cpp:221] parsePacket(): could not receive data: 9
[ 48737][E][WiFiUdp.cpp:221] parsePacket(): could not receive data: 9
[ 48742][E][WiFiUdp.cpp:221] parsePacket(): could not receive data: 9
[ 48747][E][WiFiUdp.cpp:221] parsePacket(): could not receive data: 9
[ 48752][E][WiFiUdp.cpp:221] parsePacket(): could not receive data: 9
[ 48757][E][WiFiUdp.cpp:221] parsePacket(): could not receive data: 9
[ 48762][E][WiFiUdp.cpp:221] parsePacket(): could not receive data: 9
[ 48767][E][WiFiUdp.cpp:221] parsePacket(): could not receive data: 9
[ 48772][E][WiFiUdp.cpp:221] parsePacket(): could not receive data: 9
[ 48777][E][WiFiUdp.cpp:221] parsePacket(): could not receive data: 9
[ 48782][E][WiFiUdp.cpp:221] parsePacket(): could not receive data: 9
[ 48788][E][WiFiUdp.cpp:221] parsePacket(): could not receive data: 9
[ 48794][E][WiFiUdp.cpp:221] parsePacket(): could not receive data: 9
[ 48800][E][WiFiUdp.cpp:221] parsePacket(): could not receive data: 9
[ 48805][E][WiFiUdp.cpp:221] parsePacket(): could not receive data: 9
[ 48810][E][WiFiUdp.cpp:221] parsePacket(): could not receive data: 9
[ 48815][E][WiFiUdp.cpp:221] parsePacket(): could not receive data: 9
[ 48820][E][WiFiUdp.cpp:221] parsePacket(): could not receive data: 9
[ 48826][E][WiFiUdp.cpp:221] parsePacket(): could not receive data: 9
[ 48832][E][WiFiUdp.cpp:221] parsePacket(): could not receive data: 9
[ 48838][E][WiFiUdp.cpp:221] parsePacket(): could not receive data: 9
[ 48843][E][WiFiUdp.cpp:221] parsePacket(): could not receive data: 9
[ 48848][E][WiFiUdp.cpp:221] parsePacket(): could not receive data: 9
[ 48853][E][WiFiUdp.cpp:221] parsePacket(): could not receive data: 9
[ 48858][E][WiFiUdp.cpp:221] parsePacket(): could not receive data: 9
[ 48863][E][WiFiUdp.cpp:221] parsePacket(): could not receive data: 9
[ 48868][E][WiFiUdp.cpp:221] parsePacket(): could not receive data: 9
[ 48873][E][WiFiUdp.cpp:221] parsePacket(): could not receive data: 9
[ 48878][E][WiFiUdp.cpp:221] parsePacket(): could not receive data: 9
[ 48883][E][WiFiUdp.cpp:221] parsePacket(): could not receive data: 9
[ 48888][E][WiFiUdp.cpp:221] parsePacket(): could not receive data: 9
[ 48893][E][WiFiUdp.cpp:221] parsePacket(): could not receive data: 9
[ 48898][E][WiFiUdp.cpp:221] parsePacket(): could not receive data: 9
[ 48903][E][WiFiUdp.cpp:221] parsePacket(): could not receive data: 9
[ 48908][E][WiFiUdp.cpp:221] parsePacket(): could not receive data: 9
[ 48914][E][WiFiUdp.cpp:221] parsePacket(): could not receive data: 9
[ 48919][E][WiFiUdp.cpp:221] parsePacket(): could not receive data: 9
[ 48924][E][WiFiUdp.cpp:221] parsePacket(): could not receive data: 9
[ 48929][E][WiFiUdp.cpp:221] parsePacket(): could not receive data: 9
[ 48934][E][WiFiUdp.cpp:221] parsePacket(): could not receive data: 9
[ 48939][E][WiFiUdp.cpp:221] parsePacket(): could not receive data: 9
[ 48945][E][WiFiUdp.cpp:221] parsePacket(): could not receive data: 9
[ 48950][E][WiFiUdp.cpp:221] parsePacket(): could not receive data: 9
[ 48955][E][WiFiUdp.cpp:221] parsePacket(): could not receive data: 9
[ 48961][E][WiFiUdp.cpp:221] parsePacket(): could not receive data: 9
[ 48966][E][WiFiUdp.cpp:221] parsePacket(): could not receive data: 9
[ 48971][E][WiFiUdp.cpp:221] parsePacket(): could not receive data: 9
[ 48976][E][WiFiUdp.cpp:221] parsePacket(): could not receive data: 9
[ 48981][E][WiFiUdp.cpp:221] parsePacket(): could not receive data: 9
[ 48986][E][WiFiUdp.cpp:221] parsePacket(): could not receive data: 9
[ 48991][E][WiFiUdp.cpp:221] parsePacket(): could not receive data: 9
[ 48997][E][WiFiUdp.cpp:221] parsePacket(): could not receive data: 9
[ 49002][E][WiFiUdp.cpp:221] parsePacket(): could not receive data: 9
[ 49007][E][WiFiUdp.cpp:221] parsePacket(): could not receive data: 9
[ 49012][E][WiFiUdp.cpp:221] parsePacket(): could not receive data: 9
[ 49017][E][WiFiUdp.cpp:221] parsePacket(): could not receive data: 9
[ 49022][E][WiFiUdp.cpp:221] parsePacket(): could not receive data: 9
[ 49027][E][WiFiUdp.cpp:221] parsePacket(): could not receive data: 9
[ 49032][E][WiFiUdp.cpp:221] parsePacket(): could not receive data: 9
[ 49038][E][WiFiUdp.cpp:221] parsePacket(): could not receive data: 9
[ 49044][E][WiFiUdp.cpp:221] parsePacket(): could not receive data: 9
[ 49049][E][WiFiUdp.cpp:221] parsePacket(): could not receive data: 9
[ 49054][E][WiFiUdp.cpp:221] parsePacket(): could not receive data: 9
[ 49060][E][WiFiUdp.cpp:221] parsePacket(): could not receive data: 9
[ 49066][E][WiFiUdp.cpp:221] parsePacket(): could not receive data: 9
[ 49071][E][WiFiUdp.cpp:221] parsePacket(): could not receive data: 9
[ 49076][E][WiFiUdp.cpp:221] parsePacket(): could not receive data: 9
[ 49081][E][WiFiUdp.cpp:221] parsePacket(): could not receive data: 9
[ 49086][E][WiFiUdp.cpp:221] parsePacket(): could not receive data: 9
[ 49091][E][WiFiUdp.cpp:221] parsePacket(): could not receive data: 9
[ 49096][E][WiFiUdp.cpp:221] parsePacket(): could not receive data: 9
[ 49101][E][WiFiUdp.cpp:221] parsePacket(): could not receive data: 9
[ 49106][E][WiFiUdp.cpp:221] parsePacket(): could not receive data: 9
[ 49111][E][WiFiUdp.cpp:221] parsePacket(): could not receive data: 9
[ 49117][E][WiFiUdp.cpp:221] parsePacket(): could not receive data: 9
[ 49122][E][WiFiUdp.cpp:221] parsePacket(): could not receive data: 9
[ 49127][E][WiFiUdp.cpp:221] parsePacket(): could not receive data: 9
[ 49132][E][WiFiUdp.cpp:221] parsePacket(): could not receive data: 9
[ 49137][E][WiFiUdp.cpp:221] parsePacket(): could not receive data: 9
[ 49142][E][WiFiUdp.cpp:221] parsePacket(): could not receive data: 9
[ 49147][E][WiFiUdp.cpp:221] parsePacket(): could not receive data: 9
[ 49152][E][WiFiUdp.cpp:221] parsePacket(): could not receive data: 9
[ 49157][E][WiFiUdp.cpp:221] parsePacket(): could not receive data: 9
[ 49162][E][WiFiUdp.cpp:221] parsePacket(): could not receive data: 9
[ 49167][E][WiFiUdp.cpp:221] parsePacket(): could not receive data: 9
[ 49172][E][WiFiUdp.cpp:221] parsePacket(): could not receive data: 9
[ 49177][E][WiFiUdp.cpp:221] parsePacket(): could not receive data: 9
[ 49182][E][WiFiUdp.cpp:221] parsePacket(): could not receive data: 9
[ 49187][E][WiFiUdp.cpp:221] parsePacket(): could not receive data: 9
[ 49192][E][WiFiUdp.cpp:221] parsePacket(): could not receive data: 9
[ 49197][E][WiFiUdp.cpp:221] parsePacket(): could not receive data: 9
[ 49202][E][WiFiUdp.cpp:221] parsePacket(): could not receive data: 9
[ 49207][E][WiFiUdp.cpp:221] parsePacket(): could not receive data: 9
[ 49212][E][WiFiUdp.cpp:221] parsePacket(): could not receive data: 9
[ 49217][E][WiFiUdp.cpp:221] parsePacket(): could not receive data: 9
[ 49222][E][WiFiUdp.cpp:221] parsePacket(): could not receive data: 9
[ 49227][E][WiFiUdp.cpp:221] parsePacket(): could not receive data: 9
[ 49232][E][WiFiUdp.cpp:221] parsePacket(): could not receive data: 9
[ 49237][E][WiFiUdp.cpp:221] parsePacket(): could not receive data: 9
[ 49242][E][WiFiUdp.cpp:221] parsePacket(): could not receive data: 9
[ 49247][E][WiFiUdp.cpp:221] parsePacket(): could not receive data: 9
[ 49252][E][WiFiUdp.cpp:221] parsePacket(): could not receive data: 9
[ 49257][E][WiFiUdp.cpp:221] parsePacket(): could not receive data: 9
[ 49262][E][WiFiUdp.cpp:221] parsePacket(): could not receive data: 9
[ 49267][E][WiFiUdp.cpp:221] parsePacket(): could not receive data: 9
[ 49273][E][WiFiUdp.cpp:221] parsePacket(): could not receive data: 9
[ 49279][E][WiFiUdp.cpp:221] parsePacket(): could not receive data: 9
[ 49284][E][WiFiUdp.cpp:221] parsePacket(): could not receive data: 9
[ 49290][E][WiFiUdp.cpp:221] parsePacket(): could not receive data: 9
[ 49295][E][WiFiUdp.cpp:221] parsePacket(): could not receive data: 9
[ 49301][E][WiFiUdp.cpp:221] parsePacket(): could not receive data: 9
[ 49308][E][WiFiUdp.cpp:221] parsePacket(): could not receive data: 9
[ 49313][E][WiFiUdp.cpp:221] parsePacket(): could not receive data: 9
[ 49318][E][WiFiUdp.cpp:221] parsePacket(): could not receive data: 9
[ 49323][E][WiFiUdp.cpp:221] parsePacket(): could not receive data: 9
[ 49328][E][WiFiUdp.cpp:221] parsePacket(): could not receive data: 9
[ 49333][E][WiFiUdp.cpp:221] parsePacket(): could not receive data: 9
[ 49339][E][WiFiUdp.cpp:221] parsePacket(): could not receive data: 9
[ 49345][E][WiFiUdp.cpp:221] parsePacket(): could not receive data: 9
[ 49351][E][WiFiUdp.cpp:221] parsePacket(): could not receive data: 9
[ 49357][E][WiFiUdp.cpp:221] parsePacket(): could not receive data: 9
[ 49362][E][WiFiUdp.cpp:221] parsePacket(): could not receive data: 9
[ 49367][E][WiFiUdp.cpp:221] parsePacket(): could not receive data: 9
[ 49372][E][WiFiUdp.cpp:221] parsePacket(): could not receive data: 9
[ 49377][E][WiFiUdp.cpp:221] parsePacket(): could not receive data: 9
[ 49382][E][WiFiUdp.cpp:221] parsePacket(): could not receive data: 9
[ 49387][E][WiFiUdp.cpp:221] parsePacket(): could not receive data: 9
[ 49392][E][WiFiUdp.cpp:221] parsePacket(): could not receive data: 9
[ 49397][E][WiFiUdp.cpp:221] parsePacket(): could not receive data: 9
[ 49402][E][WiFiUdp.cpp:221] parsePacket(): could not receive data: 9
[ 49407][E][WiFiUdp.cpp:221] parsePacket(): could not receive data: 9
[ 49412][E][WiFiUdp.cpp:221] parsePacket(): could not receive data: 9
[ 49417][E][WiFiUdp.cpp:221] parsePacket(): could not receive data: 9
[ 49422][E][WiFiUdp.cpp:221] parsePacket(): could not receive data: 9
[ 49427][E][WiFiUdp.cpp:221] parsePacket(): could not receive data: 9
[ 49432][E][WiFiUdp.cpp:221] parsePacket(): could not receive data: 9
[ 49437][E][WiFiUdp.cpp:221] parsePacket(): could not receive data: 9
[ 49442][E][WiFiUdp.cpp:221] parsePacket(): could not receive data: 9
[ 49447][E][WiFiUdp.cpp:221] parsePacket(): could not receive data: 9
[ 49452][E][WiFiUdp.cpp:221] parsePacket(): could not receive data: 9
[ 49457][E][WiFiUdp.cpp:221] parsePacket(): could not receive data: 9
[ 49462][E][WiFiUdp.cpp:221] parsePacket(): could not receive data: 9
[ 49467][E][WiFiUdp.cpp:221] parsePacket(): could not receive data: 9
[ 49472][E][WiFiUdp.cpp:221] parsePacket(): could not receive data: 9
[ 49477][E][WiFiUdp.cpp:221] parsePacket(): could not receive data: 9
[ 49482][E][WiFiUdp.cpp:221] parsePacket(): could not receive data: 9
[ 49487][E][WiFiUdp.cpp:221] parsePacket(): could not receive data: 9
[ 49492][E][WiFiUdp.cpp:221] parsePacket(): could not receive data: 9
[ 49497][E][WiFiUdp.cpp:221] parsePacket(): could not receive data: 9
[ 49502][E][WiFiUdp.cpp:221] parsePacket(): could not receive data: 9
[ 49507][E][WiFiUdp.cpp:221] parsePacket(): could not receive data: 9
[ 49512][E][WiFiUdp.cpp:221] parsePacket(): could not receive data: 9
[ 49517][E][WiFiUdp.cpp:221] parsePacket(): could not receive data: 9
[ 49522][E][WiFiUdp.cpp:221] parsePacket(): could not receive data: 9
[ 49527][E][WiFiUdp.cpp:221] parsePacket(): could not receive data: 9
[ 49532][E][WiFiUdp.cpp:221] parsePacket(): could not receive data: 9
[ 49537][E][WiFiUdp.cpp:221] parsePacket(): could not receive data: 9
[ 49542][E][WiFiUdp.cpp:221] parsePacket(): could not receive data: 9
[ 49548][E][WiFiUdp.cpp:221] parsePacket(): could not receive data: 9
[ 49553][E][WiFiUdp.cpp:221] parsePacket(): could not receive data: 9
[ 49559][E][WiFiUdp.cpp:221] parsePacket(): could not receive data: 9
[ 49564][E][WiFiUdp.cpp:221] parsePacket(): could not receive data: 9
[ 49569][E][WiFiUdp.cpp:221] parsePacket(): could not receive data: 9
[ 49574][E][WiFiUdp.cpp:221] parsePacket(): could not receive data: 9
[ 49579][E][WiFiUdp.cpp:221] parsePacket(): could not receive data: 9
[ 49584][E][WiFiUdp.cpp:221] parsePacket(): could not receive data: 9
[ 49589][E][WiFiUdp.cpp:221] parsePacket(): could not receive data: 9
[ 49594][E][WiFiUdp.cpp:221] parsePacket(): could not receive data: 9
[ 49599][E][WiFiUdp.cpp:221] parsePacket(): could not receive data: 9
[ 49604][E][WiFiUdp.cpp:221] parsePacket(): could not receive data: 9
[ 49609][E][WiFiUdp.cpp:221] parsePacket(): could not receive data: 9
[ 49615][E][WiFiUdp.cpp:221] parsePacket(): could not receive data: 9
[ 49620][E][WiFiUdp.cpp:221] parsePacket(): could not receive data: 9
[ 49626][E][WiFiUdp.cpp:221] parsePacket(): could not receive data: 9
[ 49632][E][WiFiUdp.cpp:221] parsePacket(): could not receive data: 9
[ 49638][E][WiFiUdp.cpp:221] parsePacket(): could not receive data: 9
[ 49644][E][WiFiUdp.cpp:221] parsePacket(): could not receive data: 9
[ 49649][E][WiFiUdp.cpp:221] parsePacket(): could not receive data: 9
[ 49654][E][WiFiUdp.cpp:221] parsePacket(): could not receive data: 9
[ 49660][E][WiFiUdp.cpp:221] parsePacket(): could not receive data: 9
[ 49666][E][WiFiUdp.cpp:221] parsePacket(): could not receive data: 9
[ 49672][E][WiFiUdp.cpp:221] parsePacket(): could not receive data: 9
[ 49678][E][WiFiUdp.cpp:221] parsePacket(): could not receive data: 9
[ 49684][E][WiFiUdp.cpp:221] parsePacket(): could not receive data: 9
[ 49689][E][WiFiUdp.cpp:221] parsePacket(): could not receive data: 9
[ 49694][E][WiFiUdp.cpp:221] parsePacket(): could not receive data: 9
[ 49699][E][WiFiUdp.cpp:221] parsePacket(): could not receive data: 9
[ 49704][E][WiFiUdp.cpp:221] parsePacket(): could not receive data: 9
[ 49709][E][WiFiUdp.cpp:221] parsePacket(): could not receive data: 9
[ 49714][E][WiFiUdp.cpp:221] parsePacket(): could not receive data: 9
[ 49719][E][WiFiUdp.cpp:221] parsePacket(): could not receive data: 9
[ 49724][E][WiFiUdp.cpp:221] parsePacket(): could not receive data: 9
[ 49729][E][WiFiUdp.cpp:221] parsePacket(): could not receive data: 9
[ 49734][E][WiFiUdp.cpp:221] parsePacket(): could not receive data: 9
[ 49739][E][WiFiUdp.cpp:221] parsePacket(): could not receive data: 9
[ 49744][E][WiFiUdp.cpp:221] parsePacket(): could not receive data: 9
[ 49749][E][WiFiUdp.cpp:221] parsePacket(): could not receive data: 9
[ 49754][E][WiFiUdp.cpp:221] parsePacket(): could not receive data: 9
[ 49759][E][WiFiUdp.cpp:221] parsePacket(): could not receive data: 9
[ 49764][E][WiFiUdp.cpp:221] parsePacket(): could not receive data: 9
[ 49769][E][WiFiUdp.cpp:221] parsePacket(): could not receive data: 9
[ 49774][E][WiFiUdp.cpp:221] parsePacket(): could not receive data: 9
[ 49779][E][WiFiUdp.cpp:221] parsePacket(): could not receive data: 9
[ 49785][E][WiFiUdp.cpp:221] parsePacket(): could not receive data: 9
[ 49790][E][WiFiUdp.cpp:221] parsePacket(): could not receive data: 9
[ 49795][E][WiFiUdp.cpp:221] parsePacket(): could not receive data: 9
[ 49801][E][WiFiUdp.cpp:221] parsePacket(): could not receive data: 9
[ 49807][E][WiFiUdp.cpp:221] parsePacket(): could not receive data: 9
[ 49814][E][WiFiUdp.cpp:221] parsePacket(): could not receive data: 9
[ 49819][E][WiFiUdp.cpp:221] parsePacket(): could not receive data: 9
[ 49825][E][WiFiUdp.cpp:221] parsePacket(): could not receive data: 9
[ 49831][E][WiFiUdp.cpp:221] parsePacket(): could not receive data: 9
[ 49836][E][WiFiUdp.cpp:221] parsePacket(): could not receive data: 9
[ 49842][E][WiFiUdp.cpp:221] parsePacket(): could not receive data: 9
[ 49848][E][WiFiUdp.cpp:221] parsePacket(): could not receive data: 9
[ 49853][E][WiFiUdp.cpp:221] parsePacket(): could not receive data: 9
[ 49858][E][WiFiUdp.cpp:221] parsePacket(): could not receive data: 9
[ 49863][E][WiFiUdp.cpp:221] parsePacket(): could not receive data: 9
[ 49868][E][WiFiUdp.cpp:221] parsePacket(): could not receive data: 9
[ 49873][E][WiFiUdp.cpp:221] parsePacket(): could not receive data: 9
[ 49878][E][WiFiUdp.cpp:221] parsePacket(): could not receive data: 9
[ 49883][E][WiFiUdp.cpp:221] parsePacket(): could not receive data: 9
[ 49888][E][WiFiUdp.cpp:221] parsePacket(): could not receive data: 9
[ 49894][E][WiFiUdp.cpp:221] parsePacket(): could not receive data: 9
[ 49899][E][WiFiUdp.cpp:221] parsePacket(): could not receive data: 9
[ 49905][E][WiFiUdp.cpp:221] parsePacket(): could not receive data: 9
[ 49910][E][WiFiUdp.cpp:221] parsePacket(): could not receive data: 9
[ 49915][E][WiFiUdp.cpp:221] parsePacket(): could not receive data: 9
[ 49920][E][WiFiUdp.cpp:221] parsePacket(): could not receive data: 9
[ 49925][E][WiFiUdp.cpp:221] parsePacket(): could not receive data: 9
[ 49931][E][WiFiUdp.cpp:221] parsePacket(): could not receive data: 9
[ 49936][E][WiFiUdp.cpp:221] parsePacket(): could not receive data: 9
[ 49941][E][WiFiUdp.cpp:221] parsePacket(): could not receive data: 9
[ 49946][E][WiFiUdp.cpp:221] parsePacket(): could not receive data: 9
[ 49951][E][WiFiUdp.cpp:221] parsePacket(): could not receive data: 9
[ 49957][E][WiFiUdp.cpp:221] parsePacket(): could not receive data: 9
[ 49963][E][WiFiUdp.cpp:221] parsePacket(): could not receive data: 9
[ 49968][E][WiFiUdp.cpp:221] parsePacket(): could not receive data: 9
[ 49973][E][WiFiUdp.cpp:221] parsePacket(): could not receive data: 9
[ 49978][E][WiFiUdp.cpp:221] parsePacket(): could not receive data: 9
[ 49983][E][WiFiUdp.cpp:221] parsePacket(): could not receive data: 9
[ 49988][E][WiFiUdp.cpp:221] parsePacket(): could not receive data: 9
[ 49993][E][WiFiUdp.cpp:221] parsePacket(): could not receive data: 9
[ 49998][E][WiFiUdp.cpp:221] parsePacket(): could not receive data: 9
[ 50003][E][WiFiUdp.cpp:221] parsePacket(): could not receive data: 9
[ 50008][E][WiFiUdp.cpp:221] parsePacket(): could not receive data: 9
[ 50013][E][WiFiUdp.cpp:221] parsePacket(): could not receive data: 9
[ 50018][E][WiFiUdp.cpp:221] parsePacket(): could not receive data: 9
[ 50023][E][WiFiUdp.cpp:221] parsePacket(): could not receive data: 9
[ 50028][E][WiFiUdp.cpp:221] parsePacket(): could not receive data: 9
[ 50033][E][WiFiUdp.cpp:221] parsePacket(): could not receive data: 9
[ 50038][E][WiFiUdp.cpp:221] parsePacket(): could not receive data: 9
[ 50043][E][WiFiUdp.cpp:221] parsePacket(): could not receive data: 9
[ 50049][E][WiFiUdp.cpp:221] parsePacket(): could not receive data: 9
[ 50054][E][WiFiUdp.cpp:221] parsePacket(): could not receive data: 9
[ 50060][E][WiFiUdp.cpp:221] parsePacket(): could not receive data: 9
[ 50065][E][WiFiUdp.cpp:221] parsePacket(): could not receive data: 9
[ 50070][E][WiFiUdp.cpp:221] parsePacket(): could not receive data: 9
[ 50075][E][WiFiUdp.cpp:221] parsePacket(): could not receive data: 9
[ 50080][E][WiFiUdp.cpp:221] parsePacket(): could not receive data: 9
[ 50085][E][WiFiUdp.cpp:221] parsePacket(): could not receive data: 9
[ 50090][E][WiFiUdp.cpp:221] parsePacket(): could not receive data: 9
[ 50095][E][WiFiUdp.cpp:221] parsePacket(): could not receive data: 9
[ 50100][E][WiFiUdp.cpp:221] parsePacket(): could not receive data: 9
[ 50106][E][WiFiUdp.cpp:221] parsePacket(): could not receive data: 9
[ 50111][E][WiFiUdp.cpp:221] parsePacket(): could not receive data: 9
[ 50116][E][WiFiUdp.cpp:221] parsePacket(): could not receive data: 9
[ 50121][E][WiFiUdp.cpp:221] parsePacket(): could not receive data: 9
[ 50126][E][WiFiUdp.cpp:221] parsePacket(): could not receive data: 9
[ 50131][E][WiFiUdp.cpp:221] parsePacket(): could not receive data: 9
[ 50136][E][WiFiUdp.cpp:221] parsePacket(): could not receive data: 9
[ 50141][E][WiFiUdp.cpp:221] parsePacket(): could not receive data: 9
[ 50146][E][WiFiUdp.cpp:221] parsePacket(): could not receive data: 9
[ 50152][E][WiFiUdp.cpp:221] parsePacket(): could not receive data: 9
[ 50158][E][WiFiUdp.cpp:221] parsePacket(): could not receive data: 9
[ 50165][E][WiFiUdp.cpp:221] parsePacket(): could not receive data: 9
[ 50170][E][WiFiUdp.cpp:221] parsePacket(): could not receive data: 9
[ 50176][E][WiFiUdp.cpp:221] parsePacket(): could not receive data: 9
[ 50181][E][WiFiUdp.cpp:221] parsePacket(): could not receive data: 9
[ 50186][E][WiFiUdp.cpp:221] parsePacket(): could not receive data: 9
[ 50195][E][WiFiUdp.cpp:221] parsePacket(): could not receive data: 9
[ 50201][E][WiFiUdp.cpp:221] parsePacket(): could not receive data: 9
[ 50207][E][WiFiUdp.cpp:221] parsePacket(): could not receive data: 9
[ 50213][E][WiFiUdp.cpp:221] parsePacket(): could not receive data: 9
[ 50219][E][WiFiUdp.cpp:221] parsePacket(): could not receive data: 9
[ 50224][E][WiFiUdp.cpp:221] parsePacket(): could not receive data: 9
[ 50229][E][WiFiUdp.cpp:221] parsePacket(): could not receive data: 9
[ 50234][E][WiFiUdp.cpp:221] parsePacket(): could not receive data: 9
[ 50239][E][WiFiUdp.cpp:221] parsePacket(): could not receive data: 9
[ 50244][E][WiFiUdp.cpp:221] parsePacket(): could not receive data: 9
[ 50249][E][WiFiUdp.cpp:221] parsePacket(): could not receive data: 9
[ 50254][E][WiFiUdp.cpp:221] parsePacket(): could not receive data: 9
[ 50259][E][WiFiUdp.cpp:221] parsePacket(): could not receive data: 9
[ 50265][E][WiFiUdp.cpp:221] parsePacket(): could not receive data: 9
[ 50270][E][WiFiUdp.cpp:221] parsePacket(): could not receive data: 9
[ 50275][E][WiFiUdp.cpp:221] parsePacket(): could not receive data: 9
[ 50280][E][WiFiUdp.cpp:221] parsePacket(): could not receive data: 9
[ 50285][E][WiFiUdp.cpp:221] parsePacket(): could not receive data: 9
[ 50290][E][WiFiUdp.cpp:221] parsePacket(): could not receive data: 9
[ 50295][E][WiFiUdp.cpp:221] parsePacket(): could not receive data: 9
[ 50300][E][WiFiUdp.cpp:221] parsePacket(): could not receive data: 9
[ 50305][E][WiFiUdp.cpp:221] parsePacket(): could not receive data: 9
[ 50310][E][WiFiUdp.cpp:221] parsePacket(): could not receive data: 9
[ 50315][E][WiFiUdp.cpp:221] parsePacket(): could not receive data: 9
[ 50320][E][WiFiUdp.cpp:221] parsePacket(): could not receive data: 9
[ 50325][E][WiFiUdp.cpp:221] parsePacket(): could not receive data: 9
[ 50330][E][WiFiUdp.cpp:221] parsePacket(): could not receive data: 9
[ 50335][E][WiFiUdp.cpp:221] parsePacket(): could not receive data: 9
[ 50340][E][WiFiUdp.cpp:221] parsePacket(): could not receive data: 9
[ 50346][E][WiFiUdp.cpp:221] parsePacket(): could not receive data: 9
[ 50351][E][WiFiUdp.cpp:221] parsePacket(): could not receive data: 9
[ 50357][E][WiFiUdp.cpp:221] parsePacket(): could not receive data: 9
[ 50363][E][WiFiUdp.cpp:221] parsePacket(): could not receive data: 9
[ 50369][E][WiFiUdp.cpp:221] parsePacket(): could not receive data: 9
[ 50375][E][WiFiUdp.cpp:221] parsePacket(): could not receive data: 9
[ 50380][E][WiFiUdp.cpp:221] parsePacket(): could not receive data: 9
[ 50385][E][WiFiUdp.cpp:221] parsePacket(): could not receive data: 9
[ 50390][E][WiFiUdp.cpp:221] parsePacket(): could not receive data: 9
[ 50395][E][WiFiUdp.cpp:221] parsePacket(): could not receive data: 9
[ 50400][E][WiFiUdp.cpp:221] parsePacket(): could not receive data: 9
[ 50405][E][WiFiUdp.cpp:221] parsePacket(): could not receive data: 9
[ 50410][E][WiFiUdp.cpp:221] parsePacket(): could not receive data: 9
[ 50415][E][WiFiUdp.cpp:221] parsePacket(): could not receive data: 9
[ 50420][E][WiFiUdp.cpp:221] parsePacket(): could not receive data: 9
[ 50425][E][WiFiUdp.cpp:221] parsePacket(): could not receive data: 9
[ 50430][E][WiFiUdp.cpp:221] parsePacket(): could not receive data: 9
[ 50435][E][WiFiUdp.cpp:221] parsePacket(): could not receive data: 9
[ 50440][E][WiFiUdp.cpp:221] parsePacket(): could not receive data: 9
[ 50446][E][WiFiUdp.cpp:221] parsePacket(): could not receive data: 9
[ 50452][E][WiFiUdp.cpp:221] parsePacket(): could not receive data: 9
[ 50457][E][WiFiUdp.cpp:221] parsePacket(): could not receive data: 9
[ 50463][E][WiFiUdp.cpp:221] parsePacket(): could not receive data: 9
[ 50469][E][WiFiUdp.cpp:221] parsePacket(): could not receive data: 9
[ 50475][E][WiFiUdp.cpp:221] parsePacket(): could not receive data: 9
[ 50480][E][WiFiUdp.cpp:221] parsePacket(): could not receive data: 9
[ 50486][E][WiFiUdp.cpp:221] parsePacket(): could not receive data: 9
[ 50491][E][WiFiUdp.cpp:221] parsePacket(): could not receive data: 9
[ 50496][E][WiFiUdp.cpp:221] parsePacket(): could not receive data: 9
[ 50502][E][WiFiUdp.cpp:221] parsePacket(): could not receive data: 9
[ 50507][E][WiFiUdp.cpp:221] parsePacket(): could not receive data: 9
[ 50512][E][WiFiUdp.cpp:221] parsePacket(): could not receive data: 9
[ 50517][E][WiFiUdp.cpp:221] parsePacket(): could not receive data: 9
[ 50522][E][WiFiUdp.cpp:221] parsePacket(): could not receive data: 9
[ 50527][E][WiFiUdp.cpp:221] parsePacket(): could not receive data: 9
[ 50532][E][WiFiUdp.cpp:221] parsePacket(): could not receive data: 9
[ 50537][E][WiFiUdp.cpp:221] parsePacket(): could not receive data: 9
[ 50542][E][WiFiUdp.cpp:221] parsePacket(): could not receive data: 9
[ 50547][E][WiFiUdp.cpp:221] parsePacket(): could not receive data: 9
[ 50552][E][WiFiUdp.cpp:221] parsePacket(): could not receive data: 9
[ 50557][E][WiFiUdp.cpp:221] parsePacket(): could not receive data: 9
[ 50562][E][WiFiUdp.cpp:221] parsePacket(): could not receive data: 9
[ 50567][E][WiFiUdp.cpp:221] parsePacket(): could not receive data: 9
[ 50572][E][WiFiUdp.cpp:221] parsePacket(): could not receive data: 9
[ 50577][E][WiFiUdp.cpp:221] parsePacket(): could not receive data: 9
[ 50582][E][WiFiUdp.cpp:221] parsePacket(): could not receive data: 9
[ 50588][E][WiFiUdp.cpp:221] parsePacket(): could not receive data: 9
[ 50593][E][WiFiUdp.cpp:221] parsePacket(): could not receive data: 9
[ 50599][E][WiFiUdp.cpp:221] parsePacket(): could not receive data: 9
[ 50604][E][WiFiUdp.cpp:221] parsePacket(): could not receive data: 9
[ 50609][E][WiFiUdp.cpp:221] parsePacket(): could not receive data: 9
[ 50614][E][WiFiUdp.cpp:221] parsePacket(): could not receive data: 9
[ 50620][E][WiFiUdp.cpp:221] parsePacket(): could not receive data: 9
[ 50625][E][WiFiUdp.cpp:221] parsePacket(): could not receive data: 9
[ 50631][E][WiFiUdp.cpp:221] parsePacket(): could not receive data: 9
[ 50637][E][WiFiUdp.cpp:221] parsePacket(): could not receive data: 9
[ 50642][E][WiFiUdp.cpp:221] parsePacket(): could not receive data: 9
[ 50648][E][WiFiUdp.cpp:221] parsePacket(): could not receive data: 9
[ 50654][E][WiFiUdp.cpp:221] parsePacket(): could not receive data: 9
[ 50659][E][WiFiUdp.cpp:221] parsePacket(): could not receive data: 9
[ 50664][E][WiFiUdp.cpp:221] parsePacket(): could not receive data: 9
[ 50670][E][WiFiUdp.cpp:221] parsePacket(): could not receive data: 9
[ 50675][E][WiFiUdp.cpp:221] parsePacket(): could not receive data: 9
[ 50681][E][WiFiUdp.cpp:221] parsePacket(): could not receive data: 9
[ 50686][E][WiFiUdp.cpp:221] parsePacket(): could not receive data: 9
[ 50691][E][WiFiUdp.cpp:221] parsePacket(): could not receive data: 9
[ 50696][E][WiFiUdp.cpp:221] parsePacket(): could not receive data: 9
[ 50701][E][WiFiUdp.cpp:221] parsePacket(): could not receive data: 9
[ 50706][E][WiFiUdp.cpp:221] parsePacket(): could not receive data: 9
[ 50711][E][WiFiUdp.cpp:221] parsePacket(): could not receive data: 9
[ 50716][E][WiFiUdp.cpp:221] parsePacket(): could not receive data: 9
[ 50723][E][WiFiUdp.cpp:221] parsePacket(): could not receive data: 9
[ 50728][E][WiFiUdp.cpp:221] parsePacket(): could not receive data: 9
[ 50734][E][WiFiUdp.cpp:221] parsePacket(): could not receive data: 9
[ 50740][E][WiFiUdp.cpp:221] parsePacket(): could not receive data: 9
[ 50746][E][WiFiUdp.cpp:221] parsePacket(): could not receive data: 9
[ 50751][E][WiFiUdp.cpp:221] parsePacket(): could not receive data: 9
[ 50756][E][WiFiUdp.cpp:221] parsePacket(): could not receive data: 9
[ 50762][E][WiFiUdp.cpp:221] parsePacket(): could not receive data: 9
[ 50768][E][WiFiUdp.cpp:221] parsePacket(): could not receive data: 9
[ 50773][E][WiFiUdp.cpp:221] parsePacket(): could not receive data: 9
[ 50778][E][WiFiUdp.cpp:221] parsePacket(): could not receive data: 9
[ 50783][E][WiFiUdp.cpp:221] parsePacket(): could not receive data: 9
[ 50788][E][WiFiUdp.cpp:221] parsePacket(): could not receive data: 9
[ 50794][E][WiFiUdp.cpp:221] parsePacket(): could not receive data: 9
[ 50800][E][WiFiUdp.cpp:221] parsePacket(): could not receive data: 9
[ 50805][E][WiFiUdp.cpp:221] parsePacket(): could not receive data: 9
[ 50810][E][WiFiUdp.cpp:221] parsePacket(): could not receive data: 9
[ 50816][E][WiFiUdp.cpp:221] parsePacket(): could not receive data: 9
[ 50821][E][WiFiUdp.cpp:221] parsePacket(): could not receive data: 9
[ 50826][E][WiFiUdp.cpp:221] parsePacket(): could not receive data: 9
[ 50832][E][WiFiUdp.cpp:221] parsePacket(): could not receive data: 9
[ 50837][E][WiFiUdp.cpp:221] parsePacket(): could not receive data: 9
[ 50842][E][WiFiUdp.cpp:221] parsePacket(): could not receive data: 9
[ 50847][E][WiFiUdp.cpp:221] parsePacket(): could not receive data: 9
[ 50852][E][WiFiUdp.cpp:221] parsePacket(): could not receive data: 9
[ 50857][E][WiFiUdp.cpp:221] parsePacket(): could not receive data: 9
[ 50863][E][WiFiUdp.cpp:221] parsePacket(): could not receive data: 9
[ 50868][E][WiFiUdp.cpp:221] parsePacket(): could not receive data: 9
[ 50873][E][WiFiUdp.cpp:221] parsePacket(): could not receive data: 9
[ 50878][E][WiFiUdp.cpp:221] parsePacket(): could not receive data: 9
[ 50883][E][WiFiUdp.cpp:221] parsePacket(): could not receive data: 9
[ 50888][E][WiFiUdp.cpp:221] parsePacket(): could not receive data: 9
[ 50893][E][WiFiUdp.cpp:221] parsePacket(): could not receive data: 9
[ 50898][E][WiFiUdp.cpp:221] parsePacket(): could not receive data: 9
[ 50903][E][WiFiUdp.cpp:221] parsePacket(): could not receive data: 9
[ 50908][E][WiFiUdp.cpp:221] parsePacket(): could not receive data: 9
[ 50913][E][WiFiUdp.cpp:221] parsePacket(): could not receive data: 9
[ 50918][E][WiFiUdp.cpp:221] parsePacket(): could not receive data: 9
[ 50923][E][WiFiUdp.cpp:221] parsePacket(): could not receive data: 9
[ 50928][E][WiFiUdp.cpp:221] parsePacket(): could not receive data: 9
[ 50933][E][WiFiUdp.cpp:221] parsePacket(): could not receive data: 9
[ 50938][E][WiFiUdp.cpp:221] parsePacket(): could not receive data: 9
[ 50943][E][WiFiUdp.cpp:221] parsePacket(): could not receive data: 9
[ 50948][E][WiFiUdp.cpp:221] parsePacket(): could not receive data: 9
[ 50953][E][WiFiUdp.cpp:221] parsePacket(): could not receive data: 9
[ 50958][E][WiFiUdp.cpp:221] parsePacket(): could not receive data: 9
[ 50963][E][WiFiUdp.cpp:221] parsePacket(): could not receive data: 9
[ 50969][E][WiFiUdp.cpp:221] parsePacket(): could not receive data: 9
[ 50975][E][WiFiUdp.cpp:221] parsePacket(): could not receive data: 9
[ 50980][E][WiFiUdp.cpp:221] parsePacket(): could not receive data: 9
[ 50985][E][WiFiUdp.cpp:221] parsePacket(): could not receive data: 9
[ 50990][E][WiFiUdp.cpp:221] parsePacket(): could not receive data: 9
[ 50995][E][WiFiUdp.cpp:221] parsePacket(): could not receive data: 9
[ 51000][E][WiFiUdp.cpp:221] parsePacket(): could not receive data: 9
[ 51005][E][WiFiUdp.cpp:221] parsePacket(): could not receive data: 9
[ 51010][E][WiFiUdp.cpp:221] parsePacket(): could not receive data: 9
[ 51015][E][WiFiUdp.cpp:221] parsePacket(): could not receive data: 9
[ 51020][E][WiFiUdp.cpp:221] parsePacket(): could not receive data: 9
[ 51025][E][WiFiUdp.cpp:221] parsePacket(): could not receive data: 9
[ 51030][E][WiFiUdp.cpp:221] parsePacket(): could not receive data: 9
[ 51035][E][WiFiUdp.cpp:221] parsePacket(): could not receive data: 9
[ 51040][E][WiFiUdp.cpp:221] parsePacket(): could not receive data: 9
[ 51045][E][WiFiUdp.cpp:221] parsePacket(): could not receive data: 9
[ 51050][E][WiFiUdp.cpp:221] parsePacket(): could not receive data: 9
[ 51055][E][WiFiUdp.cpp:221] parsePacket(): could not receive data: 9
[ 51060][E][WiFiUdp.cpp:221] parsePacket(): could not receive data: 9
[ 51065][E][WiFiUdp.cpp:221] parsePacket(): could not receive data: 9
[ 51070][E][WiFiUdp.cpp:221] parsePacket(): could not receive data: 9
[ 51075][E][WiFiUdp.cpp:221] parsePacket(): could not receive data: 9
[ 51080][E][WiFiUdp.cpp:221] parsePacket(): could not receive data: 9
[ 51085][E][WiFiUdp.cpp:221] parsePacket(): could not receive data: 9
[ 51090][E][WiFiUdp.cpp:221] parsePacket(): could not receive data: 9
[ 51095][E][WiFiUdp.cpp:221] parsePacket(): could not receive data: 9
[ 51100][E][WiFiUdp.cpp:221] parsePacket(): could not receive data: 9
[ 51105][E][WiFiUdp.cpp:221] parsePacket(): could not receive data: 9
[ 51110][E][WiFiUdp.cpp:221] parsePacket(): could not receive data: 9
[ 51115][E][WiFiUdp.cpp:221] parsePacket(): could not receive data: 9
[ 51120][E][WiFiUdp.cpp:221] parsePacket(): could not receive data: 9
[ 51125][E][WiFiUdp.cpp:221] parsePacket(): could not receive data: 9
[ 51130][E][WiFiUdp.cpp:221] parsePacket(): could not receive data: 9
[ 51135][E][WiFiUdp.cpp:221] parsePacket(): could not receive data: 9
[ 51140][E][WiFiUdp.cpp:221] parsePacket(): could not receive data: 9
[ 51145][E][WiFiUdp.cpp:221] parsePacket(): could not receive data: 9
[ 51150][E][WiFiUdp.cpp:221] parsePacket(): could not receive data: 9
[ 51155][E][WiFiUdp.cpp:221] parsePacket(): could not receive data: 9
[ 51160][E][WiFiUdp.cpp:221] parsePacket(): could not receive data: 9
[ 51165][E][WiFiUdp.cpp:221] parsePacket(): could not receive data: 9
[ 51170][E][WiFiUdp.cpp:221] parsePacket(): could not receive data: 9
[ 51175][E][WiFiUdp.cpp:221] parsePacket(): could not receive data: 9
[ 51180][E][WiFiUdp.cpp:221] parsePacket(): could not receive data: 9
[ 51186][E][WiFiUdp.cpp:221] parsePacket(): could not receive data: 9
[ 51191][E][WiFiUdp.cpp:221] parsePacket(): could not receive data: 9
[ 51197][E][WiFiUdp.cpp:221] parsePacket(): could not receive data: 9
[ 51203][E][WiFiUdp.cpp:221] parsePacket(): could not receive data: 9
[ 51210][E][WiFiUdp.cpp:221] parsePacket(): could not receive data: 9
[ 51215][E][WiFiUdp.cpp:221] parsePacket(): could not receive data: 9
[ 51220][E][WiFiUdp.cpp:221] parsePacket(): could not receive data: 9
[ 51225][E][WiFiUdp.cpp:221] parsePacket(): could not receive data: 9
[ 51230][E][WiFiUdp.cpp:221] parsePacket(): could not receive data: 9
[ 51235][E][WiFiUdp.cpp:221] parsePacket(): could not receive data: 9
[ 51240][E][WiFiUdp.cpp:221] parsePacket(): could not receive data: 9
[ 51245][E][WiFiUdp.cpp:221] parsePacket(): could not receive data: 9
[ 51251][E][WiFiUdp.cpp:221] parsePacket(): could not receive data: 9
[ 51256][E][WiFiUdp.cpp:221] parsePacket(): could not receive data: 9
[ 51262][E][WiFiUdp.cpp:221] parsePacket(): could not receive data: 9
[ 51267][E][WiFiUdp.cpp:221] parsePacket(): could not receive data: 9
[ 51272][E][WiFiUdp.cpp:221] parsePacket(): could not receive data: 9
[ 51277][E][WiFiUdp.cpp:221] parsePacket(): could not receive data: 9
[ 51283][E][WiFiUdp.cpp:221] parsePacket(): could not receive data: 9
[ 51288][E][WiFiUdp.cpp:221] parsePacket(): could not receive data: 9
[ 51293][E][WiFiUdp.cpp:221] parsePacket(): could not receive data: 9
[ 51298][E][WiFiUdp.cpp:221] parsePacket(): could not receive data: 9
[ 51303][E][WiFiUdp.cpp:221] parsePacket(): could not receive data: 9
[ 51308][E][WiFiUdp.cpp:221] parsePacket(): could not receive data: 9
[ 51313][E][WiFiUdp.cpp:221] parsePacket(): could not receive data: 9
[ 51318][E][WiFiUdp.cpp:221] parsePacket(): could not receive data: 9
[ 51323][E][WiFiUdp.cpp:221] parsePacket(): could not receive data: 9
[ 51328][E][WiFiUdp.cpp:221] parsePacket(): could not receive data: 9
[ 51333][E][WiFiUdp.cpp:221] parsePacket(): could not receive data: 9
[ 51338][E][WiFiUdp.cpp:221] parsePacket(): could not receive data: 9
[ 51343][E][WiFiUdp.cpp:221] parsePacket(): could not receive data: 9
[ 51348][E][WiFiUdp.cpp:221] parsePacket(): could not receive data: 9
[ 51353][E][WiFiUdp.cpp:221] parsePacket(): could not receive data: 9
[ 51358][E][WiFiUdp.cpp:221] parsePacket(): could not receive data: 9
[ 51363][E][WiFiUdp.cpp:221] parsePacket(): could not receive data: 9
[ 51368][E][WiFiUdp.cpp:221] parsePacket(): could not receive data: 9
[ 51373][E][WiFiUdp.cpp:221] parsePacket(): could not receive data: 9
[ 51378][E][WiFiUdp.cpp:221] parsePacket(): could not receive data: 9
[ 51383][E][WiFiUdp.cpp:221] parsePacket(): could not receive data: 9
[ 51388][E][WiFiUdp.cpp:221] parsePacket(): could not receive data: 9
[ 51393][E][WiFiUdp.cpp:221] parsePacket(): could not receive data: 9
[ 51398][E][WiFiUdp.cpp:221] parsePacket(): could not receive data: 9
[ 51403][E][WiFiUdp.cpp:221] parsePacket(): could not receive data: 9
[ 51408][E][WiFiUdp.cpp:221] parsePacket(): could not receive data: 9
[ 51413][E][WiFiUdp.cpp:221] parsePacket(): could not receive data: 9
[ 51418][E][WiFiUdp.cpp:221] parsePacket(): could not receive data: 9
[ 51423][E][WiFiUdp.cpp:221] parsePacket(): could not receive data: 9
[ 51429][E][WiFiUdp.cpp:221] parsePacket(): could not receive data: 9
[ 51435][E][WiFiUdp.cpp:221] parsePacket(): could not receive data: 9
[ 51440][E][WiFiUdp.cpp:221] parsePacket(): could not receive data: 9
[ 51446][E][WiFiUdp.cpp:221] parsePacket(): could not receive data: 9
[ 51451][E][WiFiUdp.cpp:221] parsePacket(): could not receive data: 9
[ 51456][E][WiFiUdp.cpp:221] parsePacket(): could not receive data: 9
[ 51461][E][WiFiUdp.cpp:221] parsePacket(): could not receive data: 9
[ 51466][E][WiFiUdp.cpp:221] parsePacket(): could not receive data: 9
[ 51471][E][WiFiUdp.cpp:221] parsePacket(): could not receive data: 9
[ 51476][E][WiFiUdp.cpp:221] parsePacket(): could not receive data: 9
[ 51481][E][WiFiUdp.cpp:221] parsePacket(): could not receive data: 9
[ 51487][E][WiFiUdp.cpp:221] parsePacket(): could not receive data: 9
[ 51493][E][WiFiUdp.cpp:221] parsePacket(): could not receive data: 9
[ 51499][E][WiFiUdp.cpp:221] parsePacket(): could not receive data: 9
[ 51504][E][WiFiUdp.cpp:221] parsePacket(): could not receive data: 9
[ 51509][E][WiFiUdp.cpp:221] parsePacket(): could not receive data: 9
[ 51515][E][WiFiUdp.cpp:221] parsePacket(): could not receive data: 9
[ 51521][E][WiFiUdp.cpp:221] parsePacket(): could not receive data: 9
[ 51527][E][WiFiUdp.cpp:221] parsePacket(): could not receive data: 9
[ 51533][E][WiFiUdp.cpp:221] parsePacket(): could not receive data: 9
[ 51539][E][WiFiUdp.cpp:221] parsePacket(): could not receive data: 9
[ 51545][E][WiFiUdp.cpp:221] parsePacket(): could not receive data: 9
[ 51551][E][WiFiUdp.cpp:221] parsePacket(): could not receive data: 9
[ 51557][E][WiFiUdp.cpp:221] parsePacket(): could not receive data: 9
[ 51562][E][WiFiUdp.cpp:221] parsePacket(): could not receive data: 9
[ 51567][E][WiFiUdp.cpp:221] parsePacket(): could not receive data: 9
[ 51572][E][WiFiUdp.cpp:221] parsePacket(): could not receive data: 9
[ 51577][E][WiFiUdp.cpp:221] parsePacket(): could not receive data: 9
[ 51583][E][WiFiUdp.cpp:221] parsePacket(): could not receive data: 9
[ 51588][E][WiFiUdp.cpp:221] parsePacket(): could not receive data: 9
[ 51593][E][WiFiUdp.cpp:221] parsePacket(): could not receive data: 9
[ 51598][E][WiFiUdp.cpp:221] parsePacket(): could not receive data: 9
[ 51604][E][WiFiUdp.cpp:221] parsePacket(): could not receive data: 9
[ 51609][E][WiFiUdp.cpp:221] parsePacket(): could not receive data: 9
[ 51615][E][WiFiUdp.cpp:221] parsePacket(): could not receive data: 9
[ 51621][E][WiFiUdp.cpp:221] parsePacket(): could not receive data: 9
[ 51627][E][WiFiUdp.cpp:221] parsePacket(): could not receive data: 9
[ 51634][E][WiFiUdp.cpp:221] parsePacket(): could not receive data: 9
[ 51639][E][WiFiUdp.cpp:221] parsePacket(): could not receive data: 9
[ 51645][E][WiFiUdp.cpp:221] parsePacket(): could not receive data: 9
[ 51651][E][WiFiUdp.cpp:221] parsePacket(): could not receive data: 9
[ 51657][E][WiFiUdp.cpp:221] parsePacket(): could not receive data: 9
[ 51663][E][WiFiUdp.cpp:221] parsePacket(): could not receive data: 9
[ 51669][E][WiFiUdp.cpp:221] parsePacket(): could not receive data: 9
[ 51675][E][WiFiUdp.cpp:221] parsePacket(): could not receive data: 9
[ 51681][E][WiFiUdp.cpp:221] parsePacket(): could not receive data: 9
[ 51687][E][WiFiUdp.cpp:221] parsePacket(): could not receive data: 9
[ 51693][E][WiFiUdp.cpp:221] parsePacket(): could not receive data: 9
[ 51698][E][WiFiUdp.cpp:221] parsePacket(): could not receive data: 9
[ 51703][E][WiFiUdp.cpp:221] parsePacket(): could not receive data: 9
[ 51708][E][WiFiUdp.cpp:221] parsePacket(): could not receive data: 9
[ 51713][E][WiFiUdp.cpp:221] parsePacket(): could not receive data: 9
[ 51719][E][WiFiUdp.cpp:221] parsePacket(): could not receive data: 9
[ 51724][E][WiFiUdp.cpp:221] parsePacket(): could not receive data: 9
[ 51731][E][WiFiUdp.cpp:221] parsePacket(): could not receive data: 9
[ 51736][E][WiFiUdp.cpp:221] parsePacket(): could not receive data: 9
[ 51742][E][WiFiUdp.cpp:221] parsePacket(): could not receive data: 9
[ 51748][E][WiFiUdp.cpp:221] parsePacket(): could not receive data: 9
[ 51753][E][WiFiUdp.cpp:221] parsePacket(): could not receive data: 9
[ 51758][E][WiFiUdp.cpp:221] parsePacket(): could not receive data: 9
[ 51763][E][WiFiUdp.cpp:221] parsePacket(): could not receive data: 9
[ 51768][E][WiFiUdp.cpp:221] parsePacket(): could not receive data: 9
[ 51773][E][WiFiUdp.cpp:221] parsePacket(): could not receive data: 9
[ 51778][E][WiFiUdp.cpp:221] parsePacket(): could not receive data: 9
[ 51783][E][WiFiUdp.cpp:221] parsePacket(): could not receive data: 9
[ 51788][E][WiFiUdp.cpp:221] parsePacket(): could not receive data: 9
[ 51793][E][WiFiUdp.cpp:221] parsePacket(): could not receive data: 9
[ 51798][E][WiFiUdp.cpp:221] parsePacket(): could not receive data: 9
[ 51803][E][WiFiUdp.cpp:221] parsePacket(): could not receive data: 9
[ 51808][E][WiFiUdp.cpp:221] parsePacket(): could not receive data: 9
[ 51813][E][WiFiUdp.cpp:221] parsePacket(): could not receive data: 9
[ 51818][E][WiFiUdp.cpp:221] parsePacket(): could not receive data: 9
[ 51824][E][WiFiUdp.cpp:221] parsePacket(): could not receive data: 9
[ 51829][E][WiFiUdp.cpp:221] parsePacket(): could not receive data: 9
[ 51834][E][WiFiUdp.cpp:221] parsePacket(): could not receive data: 9
[ 51839][E][WiFiUdp.cpp:221] parsePacket(): could not receive data: 9
[ 51844][E][WiFiUdp.cpp:221] parsePacket(): could not receive data: 9
[ 51849][E][WiFiUdp.cpp:221] parsePacket(): could not receive data: 9
[ 51854][E][WiFiUdp.cpp:221] parsePacket(): could not receive data: 9
[ 51859][E][WiFiUdp.cpp:221] parsePacket(): could not receive data: 9
[ 51864][E][WiFiUdp.cpp:221] parsePacket(): could not receive data: 9
[ 51869][E][WiFiUdp.cpp:221] parsePacket(): could not receive data: 9
[ 51874][E][WiFiUdp.cpp:221] parsePacket(): could not receive data: 9
[ 51879][E][WiFiUdp.cpp:221] parsePacket(): could not receive data: 9
[ 51884][E][WiFiUdp.cpp:221] parsePacket(): could not receive data: 9
[ 51889][E][WiFiUdp.cpp:221] parsePacket(): could not receive data: 9
[ 51894][E][WiFiUdp.cpp:221] parsePacket(): could not receive data: 9
[ 51899][E][WiFiUdp.cpp:221] parsePacket(): could not receive data: 9
[ 51904][E][WiFiUdp.cpp:221] parsePacket(): could not receive data: 9
[ 51909][E][WiFiUdp.cpp:221] parsePacket(): could not receive data: 9
[ 51914][E][WiFiUdp.cpp:221] parsePacket(): could not receive data: 9
[ 51919][E][WiFiUdp.cpp:221] parsePacket(): could not receive data: 9
[ 51924][E][WiFiUdp.cpp:221] parsePacket(): could not receive data: 9
[ 51929][E][WiFiUdp.cpp:221] parsePacket(): could not receive data: 9
[ 51934][E][WiFiUdp.cpp:221] parsePacket(): could not receive data: 9
[ 51939][E][WiFiUdp.cpp:221] parsePacket(): could not receive data: 9
[ 51944][E][WiFiUdp.cpp:221] parsePacket(): could not receive data: 9
[ 51949][E][WiFiUdp.cpp:221] parsePacket(): could not receive data: 9
[ 51954][E][WiFiUdp.cpp:221] parsePacket(): could not receive data: 9
[ 51959][E][WiFiUdp.cpp:221] parsePacket(): could not receive data: 9
[ 51964][E][WiFiUdp.cpp:221] parsePacket(): could not receive data: 9
[ 51969][E][WiFiUdp.cpp:221] parsePacket(): could not receive data: 9
[ 51974][E][WiFiUdp.cpp:221] parsePacket(): could not receive data: 9
[ 51979][E][WiFiUdp.cpp:221] parsePacket(): could not receive data: 9
[ 51984][E][WiFiUdp.cpp:221] parsePacket(): could not receive data: 9
[ 51989][E][WiFiUdp.cpp:221] parsePacket(): could not receive data: 9
[ 51994][E][WiFiUdp.cpp:221] parsePacket(): could not receive data: 9
[ 51999][E][WiFiUdp.cpp:221] parsePacket(): could not receive data: 9
[ 52004][E][WiFiUdp.cpp:221] parsePacket(): could not receive data: 9
[ 52009][E][WiFiUdp.cpp:221] parsePacket(): could not receive data: 9
[ 52014][E][WiFiUdp.cpp:221] parsePacket(): could not receive data: 9
[ 52019][E][WiFiUdp.cpp:221] parsePacket(): could not receive data: 9
[ 52024][E][WiFiUdp.cpp:221] parsePacket(): could not receive data: 9
[ 52029][E][WiFiUdp.cpp:221] parsePacket(): could not receive data: 9
[ 52034][E][WiFiUdp.cpp:221] parsePacket(): could not receive data: 9
[ 52039][E][WiFiUdp.cpp:221] parsePacket(): could not receive data: 9
[ 52044][E][WiFiUdp.cpp:221] parsePacket(): could not receive data: 9
[ 52049][E][WiFiUdp.cpp:221] parsePacket(): could not receive data: 9
[ 52054][E][WiFiUdp.cpp:221] parsePacket(): could not receive data: 9
[ 52059][E][WiFiUdp.cpp:221] parsePacket(): could not receive data: 9
[ 52064][E][WiFiUdp.cpp:221] parsePacket(): could not receive data: 9
[ 52069][E][WiFiUdp.cpp:221] parsePacket(): could not receive data: 9
[ 52074][E][WiFiUdp.cpp:221] parsePacket(): could not receive data: 9
[ 52079][E][WiFiUdp.cpp:221] parsePacket(): could not receive data: 9
[ 52084][E][WiFiUdp.cpp:221] parsePacket(): could not receive data: 9
[ 52089][E][WiFiUdp.cpp:221] parsePacket(): could not receive data: 9
[ 52094][E][WiFiUdp.cpp:221] parsePacket(): could not receive data: 9
[ 52099][E][WiFiUdp.cpp:221] parsePacket(): could not receive data: 9
[ 52104][E][WiFiUdp.cpp:221] parsePacket(): could not receive data: 9
[ 52109][E][WiFiUdp.cpp:221] parsePacket(): could not receive data: 9
[ 52114][E][WiFiUdp.cpp:221] parsePacket(): could not receive data: 9
[ 52119][E][WiFiUdp.cpp:221] parsePacket(): could not receive data: 9
[ 52124][E][WiFiUdp.cpp:221] parsePacket(): could not receive data: 9
[ 52130][E][WiFiUdp.cpp:221] parsePacket(): could not receive data: 9
[ 52135][E][WiFiUdp.cpp:221] parsePacket(): could not receive data: 9
[ 52140][E][WiFiUdp.cpp:221] parsePacket(): could not receive data: 9
[ 52145][E][WiFiUdp.cpp:221] parsePacket(): could not receive data: 9
[ 52150][E][WiFiUdp.cpp:221] parsePacket(): could not receive data: 9
[ 52155][E][WiFiUdp.cpp:221] parsePacket(): could not receive data: 9
[ 52160][E][WiFiUdp.cpp:221] parsePacket(): could not receive data: 9
[ 52165][E][WiFiUdp.cpp:221] parsePacket(): could not receive data: 9
[ 52170][E][WiFiUdp.cpp:221] parsePacket(): could not receive data: 9
[ 52175][E][WiFiUdp.cpp:221] parsePacket(): could not receive data: 9
[ 52180][E][WiFiUdp.cpp:221] parsePacket(): could not receive data: 9
[ 52186][E][WiFiUdp.cpp:221] parsePacket(): could not receive data: 9
[ 52192][E][WiFiUdp.cpp:221] parsePacket(): could not receive data: 9
[ 52197][E][WiFiUdp.cpp:221] parsePacket(): could not receive data: 9
[ 52202][E][WiFiUdp.cpp:221] parsePacket(): could not receive data: 9
[ 52208][E][WiFiUdp.cpp:221] parsePacket(): could not receive data: 9
[ 52214][E][WiFiUdp.cpp:221] parsePacket(): could not receive data: 9
[ 52220][E][WiFiUdp.cpp:221] parsePacket(): could not receive data: 9
[ 52226][E][WiFiUdp.cpp:221] parsePacket(): could not receive data: 9
[ 52231][E][WiFiUdp.cpp:221] parsePacket(): could not receive data: 9
[ 52236][E][WiFiUdp.cpp:221] parsePacket(): could not receive data: 9
[ 52241][E][WiFiUdp.cpp:221] parsePacket(): could not receive data: 9
[ 52247][E][WiFiUdp.cpp:221] parsePacket(): could not receive data: 9
[ 52253][E][WiFiUdp.cpp:221] parsePacket(): could not receive data: 9
[ 52259][E][WiFiUdp.cpp:221] parsePacket(): could not receive data: 9
[ 52265][E][WiFiUdp.cpp:221] parsePacket(): could not receive data: 9
[ 52270][E][WiFiUdp.cpp:221] parsePacket(): could not receive data: 9
[ 52276][E][WiFiUdp.cpp:221] parsePacket(): could not receive data: 9
[ 52282][E][WiFiUdp.cpp:221] parsePacket(): could not receive data: 9
[ 52287][E][WiFiUdp.cpp:221] parsePacket(): could not receive data: 9
[ 52292][E][WiFiUdp.cpp:221] parsePacket(): could not receive data: 9
[ 52298][E][WiFiUdp.cpp:221] parsePacket(): could not receive data: 9
[ 52303][E][WiFiUdp.cpp:221] parsePacket(): could not receive data: 9
[ 52309][E][WiFiUdp.cpp:221] parsePacket(): could not receive data: 9
[ 52315][E][WiFiUdp.cpp:221] parsePacket(): could not receive data: 9
[ 52320][E][WiFiUdp.cpp:221] parsePacket(): could not receive data: 9
[ 52326][E][WiFiUdp.cpp:221] parsePacket(): could not receive data: 9
[ 52332][E][WiFiUdp.cpp:221] parsePacket(): could not receive data: 9
[ 52337][E][WiFiUdp.cpp:221] parsePacket(): could not receive data: 9
[ 52342][E][WiFiUdp.cpp:221] parsePacket(): could not receive data: 9
[ 52348][E][WiFiUdp.cpp:221] parsePacket(): could not receive data: 9
[ 52353][E][WiFiUdp.cpp:221] parsePacket(): could not receive data: 9
[ 52358][E][WiFiUdp.cpp:221] parsePacket(): could not receive data: 9
[ 52364][E][WiFiUdp.cpp:221] parsePacket(): could not receive data: 9
[ 52369][E][WiFiUdp.cpp:221] parsePacket(): could not receive data: 9
[ 52374][E][WiFiUdp.cpp:221] parsePacket(): could not receive data: 9
[ 52381][E][WiFiUdp.cpp:221] parsePacket(): could not receive data: 9
[ 52386][E][WiFiUdp.cpp:221] parsePacket(): could not receive data: 9
[ 52391][E][WiFiUdp.cpp:221] parsePacket(): could not receive data: 9
[ 52396][E][WiFiUdp.cpp:221] parsePacket(): could not receive data: 9
[ 52401][E][WiFiUdp.cpp:221] parsePacket(): could not receive data: 9
[ 52407][E][WiFiUdp.cpp:221] parsePacket(): could not receive data: 9
[ 52413][E][WiFiUdp.cpp:221] parsePacket(): could not receive data: 9
[ 52418][E][WiFiUdp.cpp:221] parsePacket(): could not receive data: 9
[ 52423][E][WiFiUdp.cpp:221] parsePacket(): could not receive data: 9
[ 52429][E][WiFiUdp.cpp:221] parsePacket(): could not receive data: 9
[ 52434][E][WiFiUdp.cpp:221] parsePacket(): could not receive data: 9
[ 52439][E][WiFiUdp.cpp:221] parsePacket(): could not receive data: 9
[ 52444][E][WiFiUdp.cpp:221] parsePacket(): could not receive data: 9
[ 52449][E][WiFiUdp.cpp:221] parsePacket(): could not receive data: 9
[ 52454][E][WiFiUdp.cpp:221] parsePacket(): could not receive data: 9
[ 52459][E][WiFiUdp.cpp:221] parsePacket(): could not receive data: 9
[ 52464][E][WiFiUdp.cpp:221] parsePacket(): could not receive data: 9
[ 52469][E][WiFiUdp.cpp:221] parsePacket(): could not receive data: 9
[ 52475][E][WiFiUdp.cpp:221] parsePacket(): could not receive data: 9
[ 52481][E][WiFiUdp.cpp:221] parsePacket(): could not receive data: 9
[ 52486][E][WiFiUdp.cpp:221] parsePacket(): could not receive data: 9
[ 52492][E][WiFiUdp.cpp:221] parsePacket(): could not receive data: 9
[ 52498][E][WiFiUdp.cpp:221] parsePacket(): could not receive data: 9
[ 52504][E][WiFiUdp.cpp:221] parsePacket(): could not receive data: 9
[ 52510][E][WiFiUdp.cpp:221] parsePacket(): could not receive data: 9
[ 52516][E][WiFiUdp.cpp:221] parsePacket(): could not receive data: 9
[ 52522][E][WiFiUdp.cpp:221] parsePacket(): could not receive data: 9
[ 52528][E][WiFiUdp.cpp:221] parsePacket(): could not receive data: 9
[ 52533][E][WiFiUdp.cpp:221] parsePacket(): could not receive data: 9
[ 52539][E][WiFiUdp.cpp:221] parsePacket(): could not receive data: 9
[ 52544][E][WiFiUdp.cpp:221] parsePacket(): could not receive data: 9
[ 52549][E][WiFiUdp.cpp:221] parsePacket(): could not receive data: 9
[ 52554][E][WiFiUdp.cpp:221] parsePacket(): could not receive data: 9
[ 52559][E][WiFiUdp.cpp:221] parsePacket(): could not receive data: 9
[ 52564][E][WiFiUdp.cpp:221] parsePacket(): could not receive data: 9
[ 52569][E][WiFiUdp.cpp:221] parsePacket(): could not receive data: 9
[ 52574][E][WiFiUdp.cpp:221] parsePacket(): could not receive data: 9
[ 52580][E][WiFiUdp.cpp:221] parsePacket(): could not receive data: 9
[ 52585][E][WiFiUdp.cpp:221] parsePacket(): could not receive data: 9
[ 52590][E][WiFiUdp.cpp:221] parsePacket(): could not receive data: 9
[ 52595][E][WiFiUdp.cpp:221] parsePacket(): could not receive data: 9
[ 52600][E][WiFiUdp.cpp:221] parsePacket(): could not receive data: 9
[ 52605][E][WiFiUdp.cpp:221] parsePacket(): could not receive data: 9
[ 52610][E][WiFiUdp.cpp:221] parsePacket(): could not receive data: 9
[ 52615][E][WiFiUdp.cpp:221] parsePacket(): could not receive data: 9
[ 52620][E][WiFiUdp.cpp:221] parsePacket(): could not receive data: 9
[ 52625][E][WiFiUdp.cpp:221] parsePacket(): could not receive data: 9
[ 52631][E][WiFiUdp.cpp:221] parsePacket(): could not receive data: 9
[ 52636][E][WiFiUdp.cpp:221] parsePacket(): could not receive data: 9
[ 52642][E][WiFiUdp.cpp:221] parsePacket(): could not receive data: 9
[ 52647][E][WiFiUdp.cpp:221] parsePacket(): could not receive data: 9
[ 52652][E][WiFiUdp.cpp:221] parsePacket(): could not receive data: 9
[ 52657][E][WiFiUdp.cpp:221] parsePacket(): could not receive data: 9
[ 52662][E][WiFiUdp.cpp:221] parsePacket(): could not receive data: 9
[ 52667][E][WiFiUdp.cpp:221] parsePacket(): could not receive data: 9
[ 52672][E][WiFiUdp.cpp:221] parsePacket(): could not receive data: 9
[ 52678][E][WiFiUdp.cpp:221] parsePacket(): could not receive data: 9
[ 52684][E][WiFiUdp.cpp:221] parsePacket(): could not receive data: 9
[ 52689][E][WiFiUdp.cpp:221] parsePacket(): could not receive data: 9
[ 52695][E][WiFiUdp.cpp:221] parsePacket(): could not receive data: 9
[ 52700][E][WiFiUdp.cpp:221] parsePacket(): could not receive data: 9
[ 52705][E][WiFiUdp.cpp:221] parsePacket(): could not receive data: 9
[ 52710][E][WiFiUdp.cpp:221] parsePacket(): could not receive data: 9
[ 52715][E][WiFiUdp.cpp:221] parsePacket(): could not receive data: 9
[ 52720][E][WiFiUdp.cpp:221] parsePacket(): could not receive data: 9
[ 52725][E][WiFiUdp.cpp:221] parsePacket(): could not receive data: 9
[ 52730][E][WiFiUdp.cpp:221] parsePacket(): could not receive data: 9
[ 52735][E][WiFiUdp.cpp:221] parsePacket(): could not receive data: 9
[ 52740][E][WiFiUdp.cpp:221] parsePacket(): could not receive data: 9
[ 52745][E][WiFiUdp.cpp:221] parsePacket(): could not receive data: 9
[ 52750][E][WiFiUdp.cpp:221] parsePacket(): could not receive data: 9
[ 52755][E][WiFiUdp.cpp:221] parsePacket(): could not receive data: 9
[ 52760][E][WiFiUdp.cpp:221] parsePacket(): could not receive data: 9
[ 52765][E][WiFiUdp.cpp:221] parsePacket(): could not receive data: 9
[ 52770][E][WiFiUdp.cpp:221] parsePacket(): could not receive data: 9
[ 52775][E][WiFiUdp.cpp:221] parsePacket(): could not receive data: 9
[ 52780][E][WiFiUdp.cpp:221] parsePacket(): could not receive data: 9
[ 52785][E][WiFiUdp.cpp:221] parsePacket(): could not receive data: 9
[ 52790][E][WiFiUdp.cpp:221] parsePacket(): could not receive data: 9
[ 52795][E][WiFiUdp.cpp:221] parsePacket(): could not receive data: 9
[ 52800][E][WiFiUdp.cpp:221] parsePacket(): could not receive data: 9
[ 52805][E][WiFiUdp.cpp:221] parsePacket(): could not receive data: 9
[ 52810][E][WiFiUdp.cpp:221] parsePacket(): could not receive data: 9
[ 52815][E][WiFiUdp.cpp:221] parsePacket(): could not receive data: 9
[ 52820][E][WiFiUdp.cpp:221] parsePacket(): could not receive data: 9
[ 52825][E][WiFiUdp.cpp:221] parsePacket(): could not receive data: 9
[ 52830][E][WiFiUdp.cpp:221] parsePacket(): could not receive data: 9
[ 52835][E][WiFiUdp.cpp:221] parsePacket(): could not receive data: 9
[ 52840][E][WiFiUdp.cpp:221] parsePacket(): could not receive data: 9
[ 52846][E][WiFiUdp.cpp:221] parsePacket(): could not receive data: 9
[ 52851][E][WiFiUdp.cpp:221] parsePacket(): could not receive data: 9
[ 52856][E][WiFiUdp.cpp:221] parsePacket(): could not receive data: 9
[ 52861][E][WiFiUdp.cpp:221] parsePacket(): could not receive data: 9
[ 52866][E][WiFiUdp.cpp:221] parsePacket(): could not receive data: 9
[ 52871][E][WiFiUdp.cpp:221] parsePacket(): could not receive data: 9
[ 52876][E][WiFiUdp.cpp:221] parsePacket(): could not receive data: 9
[ 52881][E][WiFiUdp.cpp:221] parsePacket(): could not receive data: 9
[ 52886][E][WiFiUdp.cpp:221] parsePacket(): could not receive data: 9
[ 52891][E][WiFiUdp.cpp:221] parsePacket(): could not receive data: 9
[ 52896][E][WiFiUdp.cpp:221] parsePacket(): could not receive data: 9
[ 52901][E][WiFiUdp.cpp:221] parsePacket(): could not receive data: 9
[ 52906][E][WiFiUdp.cpp:221] parsePacket(): could not receive data: 9
[ 52911][E][WiFiUdp.cpp:221] parsePacket(): could not receive data: 9
[ 52916][E][WiFiUdp.cpp:221] parsePacket(): could not receive data: 9
[ 52921][E][WiFiUdp.cpp:221] parsePacket(): could not receive data: 9
[ 52926][E][WiFiUdp.cpp:221] parsePacket(): could not receive data: 9
[ 52931][E][WiFiUdp.cpp:221] parsePacket(): could not receive data: 9
[ 52936][E][WiFiUdp.cpp:221] parsePacket(): could not receive data: 9
[ 52942][E][WiFiUdp.cpp:221] parsePacket(): could not receive data: 9
[ 52948][E][WiFiUdp.cpp:221] parsePacket(): could not receive data: 9
[ 52953][E][WiFiUdp.cpp:221] parsePacket(): could not receive data: 9
[ 52958][E][WiFiUdp.cpp:221] parsePacket(): could not receive data: 9
[ 52964][E][WiFiUdp.cpp:221] parsePacket(): could not receive data: 9
[ 52969][E][WiFiUdp.cpp:221] parsePacket(): could not receive data: 9
[ 52974][E][WiFiUdp.cpp:221] parsePacket(): could not receive data: 9
[ 52979][E][WiFiUdp.cpp:221] parsePacket(): could not receive data: 9
[ 52984][E][WiFiUdp.cpp:221] parsePacket(): could not receive data: 9
[ 52989][E][WiFiUdp.cpp:221] parsePacket(): could not receive data: 9
[ 52994][E][WiFiUdp.cpp:221] parsePacket(): could not receive data: 9
[ 52999][E][WiFiUdp.cpp:221] parsePacket(): could not receive data: 9
[ 53004][E][WiFiUdp.cpp:221] parsePacket(): could not receive data: 9
[ 53009][E][WiFiUdp.cpp:221] parsePacket(): could not receive data: 9
[ 53014][E][WiFiUdp.cpp:221] parsePacket(): could not receive data: 9
[ 53020][E][WiFiUdp.cpp:221] parsePacket(): could not receive data: 9
[ 53025][E][WiFiUdp.cpp:221] parsePacket(): could not receive data: 9
[ 53030][E][WiFiUdp.cpp:221] parsePacket(): could not receive data: 9
[ 53035][E][WiFiUdp.cpp:221] parsePacket(): could not receive data: 9
[ 53041][E][WiFiUdp.cpp:221] parsePacket(): could not receive data: 9
[ 53047][E][WiFiUdp.cpp:221] parsePacket(): could not receive data: 9
[ 53052][E][WiFiUdp.cpp:221] parsePacket(): could not receive data: 9
[ 53057][E][WiFiUdp.cpp:221] parsePacket(): could not receive data: 9
[ 53063][E][WiFiUdp.cpp:221] parsePacket(): could not receive data: 9
[ 53068][E][WiFiUdp.cpp:221] parsePacket(): could not receive data: 9
[ 53073][E][WiFiUdp.cpp:221] parsePacket(): could not receive data: 9
[ 53078][E][WiFiUdp.cpp:221] parsePacket(): could not receive data: 9
[ 53083][E][WiFiUdp.cpp:221] parsePacket(): could not receive data: 9
[ 53088][E][WiFiUdp.cpp:221] parsePacket(): could not receive data: 9
[ 53093][E][WiFiUdp.cpp:221] parsePacket(): could not receive data: 9
[ 53098][E][WiFiUdp.cpp:221] parsePacket(): could not receive data: 9
[ 53103][E][WiFiUdp.cpp:221] parsePacket(): could not receive data: 9
[ 53108][E][WiFiUdp.cpp:221] parsePacket(): could not receive data: 9
[ 53113][E][WiFiUdp.cpp:221] parsePacket(): could not receive data: 9
[ 53118][E][WiFiUdp.cpp:221] parsePacket(): could not receive data: 9
[ 53123][E][WiFiUdp.cpp:221] parsePacket(): could not receive data: 9
[ 53128][E][WiFiUdp.cpp:221] parsePacket(): could not receive data: 9
[ 53133][E][WiFiUdp.cpp:221] parsePacket(): could not receive data: 9
[ 53138][E][WiFiUdp.cpp:221] parsePacket(): could not receive data: 9
[ 53143][E][WiFiUdp.cpp:221] parsePacket(): could not receive data: 9
[ 53148][E][WiFiUdp.cpp:221] parsePacket(): could not receive data: 9
[ 53153][E][WiFiUdp.cpp:221] parsePacket(): could not receive data: 9
[ 53158][E][WiFiUdp.cpp:221] parsePacket(): could not receive data: 9
[ 53163][E][WiFiUdp.cpp:221] parsePacket(): could not receive data: 9
[ 53169][E][WiFiUdp.cpp:221] parsePacket(): could not receive data: 9
[ 53174][E][WiFiUdp.cpp:221] parsePacket(): could not receive data: 9
[ 53179][E][WiFiUdp.cpp:221] parsePacket(): could not receive data: 9
[ 53184][E][WiFiUdp.cpp:221] parsePacket(): could not receive data: 9
[ 53189][E][WiFiUdp.cpp:221] parsePacket(): could not receive data: 9
[ 53194][E][WiFiUdp.cpp:221] parsePacket(): could not receive data: 9
[ 53199][E][WiFiUdp.cpp:221] parsePacket(): could not receive data: 9
[ 53205][E][WiFiUdp.cpp:221] parsePacket(): could not receive data: 9
[ 53210][E][WiFiUdp.cpp:221] parsePacket(): could not receive data: 9
[ 53215][E][WiFiUdp.cpp:221] parsePacket(): could not receive data: 9
[ 53220][E][WiFiUdp.cpp:221] parsePacket(): could not receive data: 9
[ 53225][E][WiFiUdp.cpp:221] parsePacket(): could not receive data: 9
[ 53230][E][WiFiUdp.cpp:221] parsePacket(): could not receive data: 9
[ 53236][E][WiFiUdp.cpp:221] parsePacket(): could not receive data: 9
[ 53242][E][WiFiUdp.cpp:221] parsePacket(): could not receive data: 9
[ 53248][E][WiFiUdp.cpp:221] parsePacket(): could not receive data: 9
[ 53253][E][WiFiUdp.cpp:221] parsePacket(): could not receive data: 9
[ 53258][E][WiFiUdp.cpp:221] parsePacket(): could not receive data: 9
[ 53263][E][WiFiUdp.cpp:221] parsePacket(): could not receive data: 9
[ 53268][E][WiFiUdp.cpp:221] parsePacket(): could not receive data: 9
[ 53273][E][WiFiUdp.cpp:221] parsePacket(): could not receive data: 9
[ 53278][E][WiFiUdp.cpp:221] parsePacket(): could not receive data: 9
[ 53283][E][WiFiUdp.cpp:221] parsePacket(): could not receive data: 9
[ 53289][E][WiFiUdp.cpp:221] parsePacket(): could not receive data: 9
[ 53295][E][WiFiUdp.cpp:221] parsePacket(): could not receive data: 9
[ 53300][E][WiFiUdp.cpp:221] parsePacket(): could not receive data: 9
[ 53306][E][WiFiUdp.cpp:221] parsePacket(): could not receive data: 9
[ 53312][E][WiFiUdp.cpp:221] parsePacket(): could not receive data: 9
[ 53318][E][WiFiUdp.cpp:221] parsePacket(): could not receive data: 9
[ 53324][E][WiFiUdp.cpp:221] parsePacket(): could not receive data: 9
[ 53330][E][WiFiUdp.cpp:221] parsePacket(): could not receive data: 9
[ 53335][E][WiFiUdp.cpp:221] parsePacket(): could not receive data: 9
[ 53340][E][WiFiUdp.cpp:221] parsePacket(): could not receive data: 9
[ 53345][E][WiFiUdp.cpp:221] parsePacket(): could not receive data: 9
[ 53350][E][WiFiUdp.cpp:221] parsePacket(): could not receive data: 9
[ 53355][E][WiFiUdp.cpp:221] parsePacket(): could not receive data: 9
[ 53360][E][WiFiUdp.cpp:221] parsePacket(): could not receive data: 9
[ 53366][E][WiFiUdp.cpp:221] parsePacket(): could not receive data: 9
[ 53372][E][WiFiUdp.cpp:221] parsePacket(): could not receive data: 9
[ 53377][E][WiFiUdp.cpp:221] parsePacket(): could not receive data: 9
[ 53382][E][WiFiUdp.cpp:221] parsePacket(): could not receive data: 9
[ 53387][E][WiFiUdp.cpp:221] parsePacket(): could not receive data: 9
[ 53392][E][WiFiUdp.cpp:221] parsePacket(): could not receive data: 9
[ 53397][E][WiFiUdp.cpp:221] parsePacket(): could not receive data: 9
[ 53402][E][WiFiUdp.cpp:221] parsePacket(): could not receive data: 9
[ 53407][E][WiFiUdp.cpp:221] parsePacket(): could not receive data: 9
[ 53413][E][WiFiUdp.cpp:221] parsePacket(): could not receive data: 9
[ 53418][E][WiFiUdp.cpp:221] parsePacket(): could not receive data: 9
[ 53423][E][WiFiUdp.cpp:221] parsePacket(): could not receive data: 9
[ 53428][E][WiFiUdp.cpp:221] parsePacket(): could not receive data: 9
[ 53433][E][WiFiUdp.cpp:221] parsePacket(): could not receive data: 9
[ 53438][E][WiFiUdp.cpp:221] parsePacket(): could not receive data: 9
[ 53443][E][WiFiUdp.cpp:221] parsePacket(): could not receive data: 9
[ 53449][E][WiFiUdp.cpp:221] parsePacket(): could not receive data: 9
[ 53454][E][WiFiUdp.cpp:221] parsePacket(): could not receive data: 9
[ 53460][E][WiFiUdp.cpp:221] parsePacket(): could not receive data: 9
[ 53466][E][WiFiUdp.cpp:221] parsePacket(): could not receive data: 9
[ 53472][E][WiFiUdp.cpp:221] parsePacket(): could not receive data: 9
[ 53478][E][WiFiUdp.cpp:221] parsePacket(): could not receive data: 9
[ 53483][E][WiFiUdp.cpp:221] parsePacket(): could not receive data: 9
[ 53488][E][WiFiUdp.cpp:221] parsePacket(): could not receive data: 9
[ 53493][E][WiFiUdp.cpp:221] parsePacket(): could not receive data: 9
[ 53498][E][WiFiUdp.cpp:221] parsePacket(): could not receive data: 9
[ 53503][E][WiFiUdp.cpp:221] parsePacket(): could not receive data: 9
[ 53508][E][WiFiUdp.cpp:221] parsePacket(): could not receive data: 9
[ 53514][E][WiFiUdp.cpp:221] parsePacket(): could not receive data: 9
[ 53520][E][WiFiUdp.cpp:221] parsePacket(): could not receive data: 9
[ 53526][E][WiFiUdp.cpp:221] parsePacket(): could not receive data: 9
[ 53531][E][WiFiUdp.cpp:221] parsePacket(): could not receive data: 9
[ 53537][E][WiFiUdp.cpp:221] parsePacket(): could not receive data: 9
[ 53542][E][WiFiUdp.cpp:221] parsePacket(): could not receive data: 9
[ 53547][E][WiFiUdp.cpp:221] parsePacket(): could not receive data: 9
[ 53553][E][WiFiUdp.cpp:221] parsePacket(): could not receive data: 9
[ 53560][E][WiFiUdp.cpp:221] parsePacket(): could not receive data: 9
[ 53565][E][WiFiUdp.cpp:221] parsePacket(): could not receive data: 9
[ 53571][E][WiFiUdp.cpp:221] parsePacket(): could not receive data: 9
[ 53578][E][WiFiUdp.cpp:221] parsePacket(): could not receive data: 9
[ 53583][E][WiFiUdp.cpp:221] parsePacket(): could not receive data: 9
[ 53589][E][WiFiUdp.cpp:221] parsePacket(): could not receive data: 9
[ 53594][E][WiFiUdp.cpp:221] parsePacket(): could not receive data: 9
[ 53600][E][WiFiUdp.cpp:221] parsePacket(): could not receive data: 9
[ 53605][E][WiFiUdp.cpp:221] parsePacket(): could not receive data: 9
[ 53611][E][WiFiUdp.cpp:221] parsePacket(): could not receive data: 9
[ 53617][E][WiFiUdp.cpp:221] parsePacket(): could not receive data: 9
[ 53622][E][WiFiUdp.cpp:221] parsePacket(): could not receive data: 9
[ 53627][E][WiFiUdp.cpp:221] parsePacket(): could not receive data: 9
[ 53633][E][WiFiUdp.cpp:221] parsePacket(): could not receive data: 9
[ 53640][E][WiFiUdp.cpp:221] parsePacket(): could not receive data: 9
[ 53645][E][WiFiUdp.cpp:221] parsePacket(): could not receive data: 9
[ 53651][E][WiFiUdp.cpp:221] parsePacket(): could not receive data: 9
[ 53657][E][WiFiUdp.cpp:221] parsePacket(): could not receive data: 9
[ 53662][E][WiFiUdp.cpp:221] parsePacket(): could not receive data: 9
[ 53667][E][WiFiUdp.cpp:221] parsePacket(): could not receive data: 9
[ 53672][E][WiFiUdp.cpp:221] parsePacket(): could not receive data: 9
[ 53677][E][WiFiUdp.cpp:221] parsePacket(): could not receive data: 9
[ 53682][E][WiFiUdp.cpp:221] parsePacket(): could not receive data: 9
[ 53687][E][WiFiUdp.cpp:221] parsePacket(): could not receive data: 9
[ 53692][E][WiFiUdp.cpp:221] parsePacket(): could not receive data: 9
[ 53697][E][WiFiUdp.cpp:221] parsePacket(): could not receive data: 9
[ 53702][E][WiFiUdp.cpp:221] parsePacket(): could not receive data: 9
[ 53707][E][WiFiUdp.cpp:221] parsePacket(): could not receive data: 9
[ 53712][E][WiFiUdp.cpp:221] parsePacket(): could not receive data: 9
[ 53717][E][WiFiUdp.cpp:221] parsePacket(): could not receive data: 9
[ 53722][E][WiFiUdp.cpp:221] parsePacket(): could not receive data: 9
[ 53727][E][WiFiUdp.cpp:221] parsePacket(): could not receive data: 9
[ 53732][E][WiFiUdp.cpp:221] parsePacket(): could not receive data: 9
[ 53737][E][WiFiUdp.cpp:221] parsePacket(): could not receive data: 9
[ 53742][E][WiFiUdp.cpp:221] parsePacket(): could not receive data: 9
[ 53747][E][WiFiUdp.cpp:221] parsePacket(): could not receive data: 9
[ 53752][E][WiFiUdp.cpp:221] parsePacket(): could not receive data: 9
[ 53757][E][WiFiUdp.cpp:221] parsePacket(): could not receive data: 9
[ 53762][E][WiFiUdp.cpp:221] parsePacket(): could not receive data: 9
[ 53767][E][WiFiUdp.cpp:221] parsePacket(): could not receive data: 9
[ 53772][E][WiFiUdp.cpp:221] parsePacket(): could not receive data: 9
[ 53777][E][WiFiUdp.cpp:221] parsePacket(): could not receive data: 9
[ 53782][E][WiFiUdp.cpp:221] parsePacket(): could not receive data: 9
[ 53788][E][WiFiUdp.cpp:221] parsePacket(): could not receive data: 9
[ 53793][E][WiFiUdp.cpp:221] parsePacket(): could not receive data: 9
[ 53799][E][WiFiUdp.cpp:221] parsePacket(): could not receive data: 9
[ 53804][E][WiFiUdp.cpp:221] parsePacket(): could not receive data: 9
[ 53809][E][WiFiUdp.cpp:221] parsePacket(): could not receive data: 9
[ 53814][E][WiFiUdp.cpp:221] parsePacket(): could not receive data: 9
[ 53819][E][WiFiUdp.cpp:221] parsePacket(): could not receive data: 9
[ 53824][E][WiFiUdp.cpp:221] parsePacket(): could not receive data: 9
[ 53829][E][WiFiUdp.cpp:221] parsePacket(): could not receive data: 9
[ 53834][E][WiFiUdp.cpp:221] parsePacket(): could not receive data: 9
[ 53839][E][WiFiUdp.cpp:221] parsePacket(): could not receive data: 9
[ 53844][E][WiFiUdp.cpp:221] parsePacket(): could not receive data: 9
[ 53849][E][WiFiUdp.cpp:221] parsePacket(): could not receive data: 9
[ 53854][E][WiFiUdp.cpp:221] parsePacket(): could not receive data: 9
[ 53859][E][WiFiUdp.cpp:221] parsePacket(): could not receive data: 9
[ 53864][E][WiFiUdp.cpp:221] parsePacket(): could not receive data: 9
[ 53869][E][WiFiUdp.cpp:221] parsePacket(): could not receive data: 9
[ 53874][E][WiFiUdp.cpp:221] parsePacket(): could not receive data: 9
[ 53879][E][WiFiUdp.cpp:221] parsePacket(): could not receive data: 9
[ 53884][E][WiFiUdp.cpp:221] parsePacket(): could not receive data: 9
[ 53889][E][WiFiUdp.cpp:221] parsePacket(): could not receive data: 9
[ 53894][E][WiFiUdp.cpp:221] parsePacket(): could not receive data: 9
[ 53899][E][WiFiUdp.cpp:221] parsePacket(): could not receive data: 9
[ 53905][E][WiFiUdp.cpp:221] parsePacket(): could not receive data: 9
[ 53910][E][WiFiUdp.cpp:221] parsePacket(): could not receive data: 9
[ 53916][E][WiFiUdp.cpp:221] parsePacket(): could not receive data: 9
[ 53922][E][WiFiUdp.cpp:221] parsePacket(): could not receive data: 9
[ 53927][E][WiFiUdp.cpp:221] parsePacket(): could not receive data: 9
[ 53932][E][WiFiUdp.cpp:221] parsePacket(): could not receive data: 9
[ 53937][E][WiFiUdp.cpp:221] parsePacket(): could not receive data: 9
[ 53942][E][WiFiUdp.cpp:221] parsePacket(): could not receive data: 9
[ 53947][E][WiFiUdp.cpp:221] parsePacket(): could not receive data: 9
[ 53952][E][WiFiUdp.cpp:221] parsePacket(): could not receive data: 9
[ 53957][E][WiFiUdp.cpp:221] parsePacket(): could not receive data: 9
[ 53962][E][WiFiUdp.cpp:221] parsePacket(): could not receive data: 9
[ 53967][E][WiFiUdp.cpp:221] parsePacket(): could not receive data: 9
[ 53972][E][WiFiUdp.cpp:221] parsePacket(): could not receive data: 9
[ 53977][E][WiFiUdp.cpp:221] parsePacket(): could not receive data: 9
[ 53982][E][WiFiUdp.cpp:221] parsePacket(): could not receive data: 9
[ 53987][E][WiFiUdp.cpp:221] parsePacket(): could not receive data: 9
[ 53992][E][WiFiUdp.cpp:221] parsePacket(): could not receive data: 9
[ 53997][E][WiFiUdp.cpp:221] parsePacket(): could not receive data: 9
[ 54002][E][WiFiUdp.cpp:221] parsePacket(): could not receive data: 9
[ 54007][E][WiFiUdp.cpp:221] parsePacket(): could not receive data: 9
[ 54012][E][WiFiUdp.cpp:221] parsePacket(): could not receive data: 9
[ 54019][E][WiFiUdp.cpp:221] parsePacket(): could not receive data: 9
[ 54024][E][WiFiUdp.cpp:221] parsePacket(): could not receive data: 9
[ 54029][E][WiFiUdp.cpp:221] parsePacket(): could not receive data: 9
[ 54034][E][WiFiUdp.cpp:221] parsePacket(): could not receive data: 9
[ 54039][E][WiFiUdp.cpp:221] parsePacket(): could not receive data: 9
[ 54044][E][WiFiUdp.cpp:221] parsePacket(): could not receive data: 9
[ 54049][E][WiFiUdp.cpp:221] parsePacket(): could not receive data: 9
[ 54054][E][WiFiUdp.cpp:221] parsePacket(): could not receive data: 9
[ 54059][E][WiFiUdp.cpp:221] parsePacket(): could not receive data: 9
[ 54064][E][WiFiUdp.cpp:221] parsePacket(): could not receive data: 9
[ 54069][E][WiFiUdp.cpp:221] parsePacket(): could not receive data: 9
[ 54074][E][WiFiUdp.cpp:221] parsePacket(): could not receive data: 9
[ 54079][E][WiFiUdp.cpp:221] parsePacket(): could not receive data: 9
[ 54084][E][WiFiUdp.cpp:221] parsePacket(): could not receive data: 9
[ 54089][E][WiFiUdp.cpp:221] parsePacket(): could not receive data: 9
[ 54094][E][WiFiUdp.cpp:221] parsePacket(): could not receive data: 9
[ 54099][E][WiFiUdp.cpp:221] parsePacket(): could not receive data: 9
[ 54104][E][WiFiUdp.cpp:221] parsePacket(): could not receive data: 9
[ 54109][E][WiFiUdp.cpp:221] parsePacket(): could not receive data: 9
[ 54114][E][WiFiUdp.cpp:221] parsePacket(): could not receive data: 9
[ 54119][E][WiFiUdp.cpp:221] parsePacket(): could not receive data: 9
[ 54124][E][WiFiUdp.cpp:221] parsePacket(): could not receive data: 9
[ 54129][E][WiFiUdp.cpp:221] parsePacket(): could not receive data: 9
[ 54134][E][WiFiUdp.cpp:221] parsePacket(): could not receive data: 9
[ 54139][E][WiFiUdp.cpp:221] parsePacket(): could not receive data: 9
[ 54144][E][WiFiUdp.cpp:221] parsePacket(): could not receive data: 9
[ 54149][E][WiFiUdp.cpp:221] parsePacket(): could not receive data: 9
[ 54154][E][WiFiUdp.cpp:221] parsePacket(): could not receive data: 9
[ 54159][E][WiFiUdp.cpp:221] parsePacket(): could not receive data: 9
[ 54164][E][WiFiUdp.cpp:221] parsePacket(): could not receive data: 9
[ 54169][E][WiFiUdp.cpp:221] parsePacket(): could not receive data: 9
[ 54175][E][WiFiUdp.cpp:221] parsePacket(): could not receive data: 9
[ 54181][E][WiFiUdp.cpp:221] parsePacket(): could not receive data: 9
[ 54186][E][WiFiUdp.cpp:221] parsePacket(): could not receive data: 9
[ 54192][E][WiFiUdp.cpp:221] parsePacket(): could not receive data: 9
[ 54197][E][WiFiUdp.cpp:221] parsePacket(): could not receive data: 9
[ 54202][E][WiFiUdp.cpp:221] parsePacket(): could not receive data: 9
[ 54207][E][WiFiUdp.cpp:221] parsePacket(): could not receive data: 9
[ 54212][E][WiFiUdp.cpp:221] parsePacket(): could not receive data: 9
[ 54217][E][WiFiUdp.cpp:221] parsePacket(): could not receive data: 9
[ 54222][E][WiFiUdp.cpp:221] parsePacket(): could not receive data: 9
[ 54227][E][WiFiUdp.cpp:221] parsePacket(): could not receive data: 9
[ 54232][E][WiFiUdp.cpp:221] parsePacket(): could not receive data: 9
[ 54237][E][WiFiUdp.cpp:221] parsePacket(): could not receive data: 9
[ 54242][E][WiFiUdp.cpp:221] parsePacket(): could not receive data: 9
[ 54247][E][WiFiUdp.cpp:221] parsePacket(): could not receive data: 9
[ 54253][E][WiFiUdp.cpp:221] parsePacket(): could not receive data: 9
[ 54258][E][WiFiUdp.cpp:221] parsePacket(): could not receive data: 9
[ 54263][E][WiFiUdp.cpp:221] parsePacket(): could not receive data: 9
[ 54268][E][WiFiUdp.cpp:221] parsePacket(): could not receive data: 9
[ 54273][E][WiFiUdp.cpp:221] parsePacket(): could not receive data: 9
[ 54278][E][WiFiUdp.cpp:221] parsePacket(): could not receive data: 9
[ 54283][E][WiFiUdp.cpp:221] parsePacket(): could not receive data: 9
[ 54288][E][WiFiUdp.cpp:221] parsePacket(): could not receive data: 9
[ 54293][E][WiFiUdp.cpp:221] parsePacket(): could not receive data: 9
[ 54298][E][WiFiUdp.cpp:221] parsePacket(): could not receive data: 9
[ 54303][E][WiFiUdp.cpp:221] parsePacket(): could not receive data: 9
[ 54308][E][WiFiUdp.cpp:221] parsePacket(): could not receive data: 9
[ 54313][E][WiFiUdp.cpp:221] parsePacket(): could not receive data: 9
[ 54318][E][WiFiUdp.cpp:221] parsePacket(): could not receive data: 9
[ 54323][E][WiFiUdp.cpp:221] parsePacket(): could not receive data: 9
[ 54328][E][WiFiUdp.cpp:221] parsePacket(): could not receive data: 9
[ 54333][E][WiFiUdp.cpp:221] parsePacket(): could not receive data: 9
[ 54338][E][WiFiUdp.cpp:221] parsePacket(): could not receive data: 9
[ 54343][E][WiFiUdp.cpp:221] parsePacket(): could not receive data: 9
[ 54348][E][WiFiUdp.cpp:221] parsePacket(): could not receive data: 9
[ 54353][E][WiFiUdp.cpp:221] parsePacket(): could not receive data: 9
[ 54358][E][WiFiUdp.cpp:221] parsePacket(): could not receive data: 9
[ 54363][E][WiFiUdp.cpp:221] parsePacket(): could not receive data: 9
[ 54368][E][WiFiUdp.cpp:221] parsePacket(): could not receive data: 9
[ 54373][E][WiFiUdp.cpp:221] parsePacket(): could not receive data: 9
[ 54378][E][WiFiUdp.cpp:221] parsePacket(): could not receive data: 9
[ 54383][E][WiFiUdp.cpp:221] parsePacket(): could not receive data: 9
[ 54388][E][WiFiUdp.cpp:221] parsePacket(): could not receive data: 9
[ 54393][E][WiFiUdp.cpp:221] parsePacket(): could not receive data: 9
[ 54398][E][WiFiUdp.cpp:221] parsePacket(): could not receive data: 9
[ 54403][E][WiFiUdp.cpp:221] parsePacket(): could not receive data: 9
[ 54408][E][WiFiUdp.cpp:221] parsePacket(): could not receive data: 9
[ 54413][E][WiFiUdp.cpp:221] parsePacket(): could not receive data: 9
[ 54418][E][WiFiUdp.cpp:221] parsePacket(): could not receive data: 9
[ 54423][E][WiFiUdp.cpp:221] parsePacket(): could not receive data: 9
[ 54428][E][WiFiUdp.cpp:221] parsePacket(): could not receive data: 9
[ 54433][E][WiFiUdp.cpp:221] parsePacket(): could not receive data: 9
[ 54438][E][WiFiUdp.cpp:221] parsePacket(): could not receive data: 9
[ 54443][E][WiFiUdp.cpp:221] parsePacket(): could not receive data: 9
[ 54448][E][WiFiUdp.cpp:221] parsePacket(): could not receive data: 9
[ 54453][E][WiFiUdp.cpp:221] parsePacket(): could not receive data: 9
[ 54458][E][WiFiUdp.cpp:221] parsePacket(): could not receive data: 9
[ 54463][E][WiFiUdp.cpp:221] parsePacket(): could not receive data: 9
[ 54468][E][WiFiUdp.cpp:221] parsePacket(): could not receive data: 9
[ 54473][E][WiFiUdp.cpp:221] parsePacket(): could not receive data: 9
[ 54479][E][WiFiUdp.cpp:221] parsePacket(): could not receive data: 9
[ 54484][E][WiFiUdp.cpp:221] parsePacket(): could not receive data: 9
[ 54489][E][WiFiUdp.cpp:221] parsePacket(): could not receive data: 9
[ 54494][E][WiFiUdp.cpp:221] parsePacket(): could not receive data: 9
[ 54499][E][WiFiUdp.cpp:221] parsePacket(): could not receive data: 9
[ 54504][E][WiFiUdp.cpp:221] parsePacket(): could not receive data: 9
[ 54509][E][WiFiUdp.cpp:221] parsePacket(): could not receive data: 9
[ 54515][E][WiFiUdp.cpp:221] parsePacket(): could not receive data: 9
[ 54520][E][WiFiUdp.cpp:221] parsePacket(): could not receive data: 9
[ 54525][E][WiFiUdp.cpp:221] parsePacket(): could not receive data: 9
[ 54530][E][WiFiUdp.cpp:221] parsePacket(): could not receive data: 9
[ 54535][E][WiFiUdp.cpp:221] parsePacket(): could not receive data: 9
[ 54540][E][WiFiUdp.cpp:221] parsePacket(): could not receive data: 9
[ 54545][E][WiFiUdp.cpp:221] parsePacket(): could not receive data: 9
[ 54551][E][WiFiUdp.cpp:221] parsePacket(): could not receive data: 9
[ 54556][E][WiFiUdp.cpp:221] parsePacket(): could not receive data: 9
[ 54561][E][WiFiUdp.cpp:221] parsePacket(): could not receive data: 9
[ 54566][E][WiFiUdp.cpp:221] parsePacket(): could not receive data: 9
[ 54571][E][WiFiUdp.cpp:221] parsePacket(): could not receive data: 9
[ 54576][E][WiFiUdp.cpp:221] parsePacket(): could not receive data: 9
[ 54581][E][WiFiUdp.cpp:221] parsePacket(): could not receive data: 9
[ 54586][E][WiFiUdp.cpp:221] parsePacket(): could not receive data: 9
[ 54591][E][WiFiUdp.cpp:221] parsePacket(): could not receive data: 9
[ 54597][E][WiFiUdp.cpp:221] parsePacket(): could not receive data: 9
[ 54603][E][WiFiUdp.cpp:221] parsePacket(): could not receive data: 9
[ 54609][E][WiFiUdp.cpp:221] parsePacket(): could not receive data: 9
[ 54615][E][WiFiUdp.cpp:221] parsePacket(): could not receive data: 9
[ 54621][E][WiFiUdp.cpp:221] parsePacket(): could not receive data: 9
[ 54627][E][WiFiUdp.cpp:221] parsePacket(): could not receive data: 9
[ 54633][E][WiFiUdp.cpp:221] parsePacket(): could not receive data: 9
[ 54639][E][WiFiUdp.cpp:221] parsePacket(): could not receive data: 9
[ 54644][E][WiFiUdp.cpp:221] parsePacket(): could not receive data: 9
[ 54650][E][WiFiUdp.cpp:221] parsePacket(): could not receive data: 9
[ 54656][E][WiFiUdp.cpp:221] parsePacket(): could not receive data: 9
[ 54662][E][WiFiUdp.cpp:221] parsePacket(): could not receive data: 9
[ 54668][E][WiFiUdp.cpp:221] parsePacket(): could not receive data: 9
[ 54674][E][WiFiUdp.cpp:221] parsePacket(): could not receive data: 9
[ 54679][E][WiFiUdp.cpp:221] parsePacket(): could not receive data: 9
[ 54685][E][WiFiUdp.cpp:221] parsePacket(): could not receive data: 9
[ 54691][E][WiFiUdp.cpp:221] parsePacket(): could not receive data: 9
[ 54696][E][WiFiUdp.cpp:221] parsePacket(): could not receive data: 9
[ 54701][E][WiFiUdp.cpp:221] parsePacket(): could not receive data: 9
[ 54706][E][WiFiUdp.cpp:221] parsePacket(): could not receive data: 9
[ 54711][E][WiFiUdp.cpp:221] parsePacket(): could not receive data: 9
[ 54716][E][WiFiUdp.cpp:221] parsePacket(): could not receive data: 9
[ 54721][E][WiFiUdp.cpp:221] parsePacket(): could not receive data: 9
[ 54726][E][WiFiUdp.cpp:221] parsePacket(): could not receive data: 9
[ 54731][E][WiFiUdp.cpp:221] parsePacket(): could not receive data: 9
[ 54736][E][WiFiUdp.cpp:221] parsePacket(): could not receive data: 9
[ 54741][E][WiFiUdp.cpp:221] parsePacket(): could not receive data: 9
[ 54746][E][WiFiUdp.cpp:221] parsePacket(): could not receive data: 9
[ 54751][E][WiFiUdp.cpp:221] parsePacket(): could not receive data: 9
[ 54757][E][WiFiUdp.cpp:221] parsePacket(): could not receive data: 9
[ 54762][E][WiFiUdp.cpp:221] parsePacket(): could not receive data: 9
[ 54767][E][WiFiUdp.cpp:221] parsePacket(): could not receive data: 9
[ 54772][E][WiFiUdp.cpp:221] parsePacket(): could not receive data: 9
[ 54777][E][WiFiUdp.cpp:221] parsePacket(): could not receive data: 9
[ 54782][E][WiFiUdp.cpp:221] parsePacket(): could not receive data: 9
[ 54787][E][WiFiUdp.cpp:221] parsePacket(): could not receive data: 9
[ 54792][E][WiFiUdp.cpp:221] parsePacket(): could not receive data: 9
[ 54797][E][WiFiUdp.cpp:221] parsePacket(): could not receive data: 9
[ 54802][E][WiFiUdp.cpp:221] parsePacket(): could not receive data: 9
[ 54807][E][WiFiUdp.cpp:221] parsePacket(): could not receive data: 9
[ 54812][E][WiFiUdp.cpp:221] parsePacket(): could not receive data: 9
[ 54817][E][WiFiUdp.cpp:221] parsePacket(): could not receive data: 9
[ 54822][E][WiFiUdp.cpp:221] parsePacket(): could not receive data: 9
[ 54827][E][WiFiUdp.cpp:221] parsePacket(): could not receive data: 9
[ 54832][E][WiFiUdp.cpp:221] parsePacket(): could not receive data: 9
[ 54837][E][WiFiUdp.cpp:221] parsePacket(): could not receive data: 9
[ 54842][E][WiFiUdp.cpp:221] parsePacket(): could not receive data: 9
[ 54847][E][WiFiUdp.cpp:221] parsePacket(): could not receive data: 9
[ 54852][E][WiFiUdp.cpp:221] parsePacket(): could not receive data: 9
[ 54857][E][WiFiUdp.cpp:221] parsePacket(): could not receive data: 9
[ 54862][E][WiFiUdp.cpp:221] parsePacket(): could not receive data: 9
[ 54867][E][WiFiUdp.cpp:221] parsePacket(): could not receive data: 9
[ 54872][E][WiFiUdp.cpp:221] parsePacket(): could not receive data: 9
[ 54877][E][WiFiUdp.cpp:221] parsePacket(): could not receive data: 9
[ 54882][E][WiFiUdp.cpp:221] parsePacket(): could not receive data: 9
[ 54887][E][WiFiUdp.cpp:221] parsePacket(): could not receive data: 9
[ 54893][E][WiFiUdp.cpp:221] parsePacket(): could not receive data: 9
[ 54898][E][WiFiUdp.cpp:221] parsePacket(): could not receive data: 9
[ 54903][E][WiFiUdp.cpp:221] parsePacket(): could not receive data: 9
[ 54908][E][WiFiUdp.cpp:221] parsePacket(): could not receive data: 9
[ 54913][E][WiFiUdp.cpp:221] parsePacket(): could not receive data: 9
[ 54918][E][WiFiUdp.cpp:221] parsePacket(): could not receive data: 9
[ 54924][E][WiFiUdp.cpp:221] parsePacket(): could not receive data: 9
[ 54929][E][WiFiUdp.cpp:221] parsePacket(): could not receive data: 9
[ 54934][E][WiFiUdp.cpp:221] parsePacket(): could not receive data: 9
[ 54939][E][WiFiUdp.cpp:221] parsePacket(): could not receive data: 9
[ 54944][E][WiFiUdp.cpp:221] parsePacket(): could not receive data: 9
[ 54949][E][WiFiUdp.cpp:221] parsePacket(): could not receive data: 9
[ 54954][E][WiFiUdp.cpp:221] parsePacket(): could not receive data: 9
[ 54959][E][WiFiUdp.cpp:221] parsePacket(): could not receive data: 9
[ 54965][E][WiFiUdp.cpp:221] parsePacket(): could not receive data: 9
[ 54971][E][WiFiUdp.cpp:221] parsePacket(): could not receive data: 9
[ 54977][E][WiFiUdp.cpp:221] parsePacket(): could not receive data: 9
[ 54982][E][WiFiUdp.cpp:221] parsePacket(): could not receive data: 9
[ 54988][E][WiFiUdp.cpp:221] parsePacket(): could not receive data: 9
[ 54994][E][WiFiUdp.cpp:221] parsePacket(): could not receive data: 9
[ 55000][E][WiFiUdp.cpp:221] parsePacket(): could not receive data: 9
[ 55006][E][WiFiUdp.cpp:221] parsePacket(): could not receive data: 9
[ 55012][E][WiFiUdp.cpp:221] parsePacket(): could not receive data: 9
[ 55018][E][WiFiUdp.cpp:221] parsePacket(): could not receive data: 9
[ 55024][E][WiFiUdp.cpp:221] parsePacket(): could not receive data: 9
[ 55030][E][WiFiUdp.cpp:221] parsePacket(): could not receive data: 9
[ 55035][E][WiFiUdp.cpp:221] parsePacket(): could not receive data: 9
[ 55040][E][WiFiUdp.cpp:221] parsePacket(): could not receive data: 9
[ 55045][E][WiFiUdp.cpp:221] parsePacket(): could not receive data: 9
[ 55050][E][WiFiUdp.cpp:221] parsePacket(): could not receive data: 9
[ 55055][E][WiFiUdp.cpp:221] parsePacket(): could not receive data: 9
[ 55060][E][WiFiUdp.cpp:221] parsePacket(): could not receive data: 9
[ 55065][E][WiFiUdp.cpp:221] parsePacket(): could not receive data: 9
[ 55070][E][WiFiUdp.cpp:221] parsePacket(): could not receive data: 9
[ 55075][E][WiFiUdp.cpp:221] parsePacket(): could not receive data: 9
[ 55081][E][WiFiUdp.cpp:221] parsePacket(): could not receive data: 9
[ 55087][E][WiFiUdp.cpp:221] parsePacket(): could not receive data: 9
[ 55093][E][WiFiUdp.cpp:221] parsePacket(): could not receive data: 9
[ 55098][E][WiFiUdp.cpp:221] parsePacket(): could not receive data: 9
[ 55103][E][WiFiUdp.cpp:221] parsePacket(): could not receive data: 9
[ 55108][E][WiFiUdp.cpp:221] parsePacket(): could not receive data: 9
[ 55113][E][WiFiUdp.cpp:221] parsePacket(): could not receive data: 9
[ 55118][E][WiFiUdp.cpp:221] parsePacket(): could not receive data: 9
[ 55123][E][WiFiUdp.cpp:221] parsePacket(): could not receive data: 9
[ 55128][E][WiFiUdp.cpp:221] parsePacket(): could not receive data: 9
[ 55133][E][WiFiUdp.cpp:221] parsePacket(): could not receive data: 9
[ 55138][E][WiFiUdp.cpp:221] parsePacket(): could not receive data: 9
[ 55143][E][WiFiUdp.cpp:221] parsePacket(): could not receive data: 9
[ 55149][E][WiFiUdp.cpp:221] parsePacket(): could not receive data: 9
[ 55155][E][WiFiUdp.cpp:221] parsePacket(): could not receive data: 9
[ 55161][E][WiFiUdp.cpp:221] parsePacket(): could not receive data: 9
[ 55167][E][WiFiUdp.cpp:221] parsePacket(): could not receive data: 9
[ 55172][E][WiFiUdp.cpp:221] parsePacket(): could not receive data: 9
[ 55179][E][WiFiUdp.cpp:221] parsePacket(): could not receive data: 9
[ 55184][E][WiFiUdp.cpp:221] parsePacket(): could not receive data: 9
[ 55190][E][WiFiUdp.cpp:221] parsePacket(): could not receive data: 9
[ 55196][E][WiFiUdp.cpp:221] parsePacket(): could not receive data: 9
[ 55202][E][WiFiUdp.cpp:221] parsePacket(): could not receive data: 9
[ 55207][E][WiFiUdp.cpp:221] parsePacket(): could not receive data: 9
[ 55212][E][WiFiUdp.cpp:221] parsePacket(): could not receive data: 9
[ 55217][E][WiFiUdp.cpp:221] parsePacket(): could not receive data: 9
[ 55222][E][WiFiUdp.cpp:221] parsePacket(): could not receive data: 9
[ 55227][E][WiFiUdp.cpp:221] parsePacket(): could not receive data: 9
[ 55232][E][WiFiUdp.cpp:221] parsePacket(): could not receive data: 9
[ 55237][E][WiFiUdp.cpp:221] parsePacket(): could not receive data: 9
[ 55242][E][WiFiUdp.cpp:221] parsePacket(): could not receive data: 9
[ 55247][E][WiFiUdp.cpp:221] parsePacket(): could not receive data: 9
[ 55252][E][WiFiUdp.cpp:221] parsePacket(): could not receive data: 9
[ 55257][E][WiFiUdp.cpp:221] parsePacket(): could not receive data: 9
[ 55262][E][WiFiUdp.cpp:221] parsePacket(): could not receive data: 9
[ 55267][E][WiFiUdp.cpp:221] parsePacket(): could not receive data: 9
[ 55272][E][WiFiUdp.cpp:221] parsePacket(): could not receive data: 9
[ 55277][E][WiFiUdp.cpp:221] parsePacket(): could not receive data: 9
[ 55282][E][WiFiUdp.cpp:221] parsePacket(): could not receive data: 9
[ 55287][E][WiFiUdp.cpp:221] parsePacket(): could not receive data: 9
[ 55292][E][WiFiUdp.cpp:221] parsePacket(): could not receive data: 9
[ 55298][E][WiFiUdp.cpp:221] parsePacket(): could not receive data: 9
[ 55303][E][WiFiUdp.cpp:221] parsePacket(): could not receive data: 9
[ 55308][E][WiFiUdp.cpp:221] parsePacket(): could not receive data: 9
[ 55313][E][WiFiUdp.cpp:221] parsePacket(): could not receive data: 9
[ 55318][E][WiFiUdp.cpp:221] parsePacket(): could not receive data: 9
[ 55323][E][WiFiUdp.cpp:221] parsePacket(): could not receive data: 9
[ 55328][E][WiFiUdp.cpp:221] parsePacket(): could not receive data: 9
[ 55333][E][WiFiUdp.cpp:221] parsePacket(): could not receive data: 9
[ 55338][E][WiFiUdp.cpp:221] parsePacket(): could not receive data: 9
[ 55344][E][WiFiUdp.cpp:221] parsePacket(): could not receive data: 9
[ 55350][E][WiFiUdp.cpp:221] parsePacket(): could not receive data: 9
[ 55355][E][WiFiUdp.cpp:221] parsePacket(): could not receive data: 9
[ 55360][E][WiFiUdp.cpp:221] parsePacket(): could not receive data: 9
[ 55365][E][WiFiUdp.cpp:221] parsePacket(): could not receive data: 9
[ 55370][E][WiFiUdp.cpp:221] parsePacket(): could not receive data: 9
[ 55375][E][WiFiUdp.cpp:221] parsePacket(): could not receive data: 9
[ 55380][E][WiFiUdp.cpp:221] parsePacket(): could not receive data: 9
[ 55385][E][WiFiUdp.cpp:221] parsePacket(): could not receive data: 9
[ 55390][E][WiFiUdp.cpp:221] parsePacket(): could not receive data: 9
[ 55395][E][WiFiUdp.cpp:221] parsePacket(): could not receive data: 9
[ 55401][E][WiFiUdp.cpp:221] parsePacket(): could not receive data: 9
[ 55407][E][WiFiUdp.cpp:221] parsePacket(): could not receive data: 9
[ 55413][E][WiFiUdp.cpp:221] parsePacket(): could not receive data: 9
[ 55418][E][WiFiUdp.cpp:221] parsePacket(): could not receive data: 9
[ 55424][E][WiFiUdp.cpp:221] parsePacket(): could not receive data: 9
[ 55429][E][WiFiUdp.cpp:221] parsePacket(): could not receive data: 9
[ 55434][E][WiFiUdp.cpp:221] parsePacket(): could not receive data: 9
[ 55439][E][WiFiUdp.cpp:221] parsePacket(): could not receive data: 9
[ 55444][E][WiFiUdp.cpp:221] parsePacket(): could not receive data: 9
[ 55449][E][WiFiUdp.cpp:221] parsePacket(): could not receive data: 9
[ 55454][E][WiFiUdp.cpp:221] parsePacket(): could not receive data: 9
[ 55459][E][WiFiUdp.cpp:221] parsePacket(): could not receive data: 9
[ 55464][E][WiFiUdp.cpp:221] parsePacket(): could not receive data: 9
[ 55469][E][WiFiUdp.cpp:221] parsePacket(): could not receive data: 9
[ 55474][E][WiFiUdp.cpp:221] parsePacket(): could not receive data: 9
[ 55479][E][WiFiUdp.cpp:221] parsePacket(): could not receive data: 9
[ 55484][E][WiFiUdp.cpp:221] parsePacket(): could not receive data: 9
[ 55489][E][WiFiUdp.cpp:221] parsePacket(): could not receive data: 9
[ 55494][E][WiFiUdp.cpp:221] parsePacket(): could not receive data: 9
[ 55499][E][WiFiUdp.cpp:221] parsePacket(): could not receive data: 9
[ 55504][E][WiFiUdp.cpp:221] parsePacket(): could not receive data: 9
[ 55509][E][WiFiUdp.cpp:221] parsePacket(): could not receive data: 9
[ 55514][E][WiFiUdp.cpp:221] parsePacket(): could not receive data: 9
[ 55519][E][WiFiUdp.cpp:221] parsePacket(): could not receive data: 9
[ 55524][E][WiFiUdp.cpp:221] parsePacket(): could not receive data: 9
[ 55529][E][WiFiUdp.cpp:221] parsePacket(): could not receive data: 9
[ 55534][E][WiFiUdp.cpp:221] parsePacket(): could not receive data: 9
[ 55539][E][WiFiUdp.cpp:221] parsePacket(): could not receive data: 9
[ 55544][E][WiFiUdp.cpp:221] parsePacket(): could not receive data: 9
[ 55549][E][WiFiUdp.cpp:221] parsePacket(): could not receive data: 9
[ 55554][E][WiFiUdp.cpp:221] parsePacket(): could not receive data: 9
[ 55559][E][WiFiUdp.cpp:221] parsePacket(): could not receive data: 9
[ 55564][E][WiFiUdp.cpp:221] parsePacket(): could not receive data: 9
[ 55569][E][WiFiUdp.cpp:221] parsePacket(): could not receive data: 9
[ 55574][E][WiFiUdp.cpp:221] parsePacket(): could not receive data: 9
[ 55580][E][WiFiUdp.cpp:221] parsePacket(): could not receive data: 9
[ 55585][E][WiFiUdp.cpp:221] parsePacket(): could not receive data: 9
[ 55590][E][WiFiUdp.cpp:221] parsePacket(): could not receive data: 9
[ 55595][E][WiFiUdp.cpp:221] parsePacket(): could not receive data: 9
[ 55600][E][WiFiUdp.cpp:221] parsePacket(): could not receive data: 9
[ 55605][E][WiFiUdp.cpp:221] parsePacket(): could not receive data: 9
[ 55610][E][WiFiUdp.cpp:221] parsePacket(): could not receive data: 9
[ 55615][E][WiFiUdp.cpp:221] parsePacket(): could not receive data: 9
[ 55620][E][WiFiUdp.cpp:221] parsePacket(): could not receive data: 9
[ 55625][E][WiFiUdp.cpp:221] parsePacket(): could not receive data: 9
[ 55630][E][WiFiUdp.cpp:221] parsePacket(): could not receive data: 9
[ 55635][E][WiFiUdp.cpp:221] parsePacket(): could not receive data: 9
[ 55640][E][WiFiUdp.cpp:221] parsePacket(): could not receive data: 9
[ 55645][E][WiFiUdp.cpp:221] parsePacket(): could not receive data: 9
[ 55650][E][WiFiUdp.cpp:221] parsePacket(): could not receive data: 9
[ 55655][E][WiFiUdp.cpp:221] parsePacket(): could not receive data: 9
[ 55660][E][WiFiUdp.cpp:221] parsePacket(): could not receive data: 9
[ 55665][E][WiFiUdp.cpp:221] parsePacket(): could not receive data: 9
[ 55670][E][WiFiUdp.cpp:221] parsePacket(): could not receive data: 9
[ 55675][E][WiFiUdp.cpp:221] parsePacket(): could not receive data: 9
[ 55680][E][WiFiUdp.cpp:221] parsePacket(): could not receive data: 9
[ 55685][E][WiFiUdp.cpp:221] parsePacket(): could not receive data: 9
[ 55690][E][WiFiUdp.cpp:221] parsePacket(): could not receive data: 9
[ 55695][E][WiFiUdp.cpp:221] parsePacket(): could not receive data: 9
[ 55700][E][WiFiUdp.cpp:221] parsePacket(): could not receive data: 9
[ 55705][E][WiFiUdp.cpp:221] parsePacket(): could not receive data: 9
[ 55711][E][WiFiUdp.cpp:221] parsePacket(): could not receive data: 9
[ 55716][E][WiFiUdp.cpp:221] parsePacket(): could not receive data: 9
[ 55721][E][WiFiUdp.cpp:221] parsePacket(): could not receive data: 9
[ 55726][E][WiFiUdp.cpp:221] parsePacket(): could not receive data: 9
[ 55731][E][WiFiUdp.cpp:221] parsePacket(): could not receive data: 9
[ 55736][E][WiFiUdp.cpp:221] parsePacket(): could not receive data: 9
[ 55742][E][WiFiUdp.cpp:221] parsePacket(): could not receive data: 9
[ 55747][E][WiFiUdp.cpp:221] parsePacket(): could not receive data: 9
[ 55753][E][WiFiUdp.cpp:221] parsePacket(): could not receive data: 9
[ 55759][E][WiFiUdp.cpp:221] parsePacket(): could not receive data: 9
[ 55764][E][WiFiUdp.cpp:221] parsePacket(): could not receive data: 9
[ 55769][E][WiFiUdp.cpp:221] parsePacket(): could not receive data: 9
[ 55774][E][WiFiUdp.cpp:221] parsePacket(): could not receive data: 9
[ 55779][E][WiFiUdp.cpp:221] parsePacket(): could not receive data: 9
[ 55784][E][WiFiUdp.cpp:221] parsePacket(): could not receive data: 9
[ 55789][E][WiFiUdp.cpp:221] parsePacket(): could not receive data: 9
[ 55794][E][WiFiUdp.cpp:221] parsePacket(): could not receive data: 9
[ 55800][E][WiFiUdp.cpp:221] parsePacket(): could not receive data: 9
[ 55806][E][WiFiUdp.cpp:221] parsePacket(): could not receive data: 9
[ 55812][E][WiFiUdp.cpp:221] parsePacket(): could not receive data: 9
[ 55817][E][WiFiUdp.cpp:221] parsePacket(): could not receive data: 9
[ 55822][E][WiFiUdp.cpp:221] parsePacket(): could not receive data: 9
[ 55827][E][WiFiUdp.cpp:221] parsePacket(): could not receive data: 9
[ 55832][E][WiFiUdp.cpp:221] parsePacket(): could not receive data: 9
[ 55837][E][WiFiUdp.cpp:221] parsePacket(): could not receive data: 9
[ 55842][E][WiFiUdp.cpp:221] parsePacket(): could not receive data: 9
[ 55847][E][WiFiUdp.cpp:221] parsePacket(): could not receive data: 9
[ 55852][E][WiFiUdp.cpp:221] parsePacket(): could not receive data: 9
[ 55857][E][WiFiUdp.cpp:221] parsePacket(): could not receive data: 9
[ 55862][E][WiFiUdp.cpp:221] parsePacket(): could not receive data: 9
[ 55867][E][WiFiUdp.cpp:221] parsePacket(): could not receive data: 9
[ 55872][E][WiFiUdp.cpp:221] parsePacket(): could not receive data: 9
[ 55877][E][WiFiUdp.cpp:221] parsePacket(): could not receive data: 9
[ 55883][E][WiFiUdp.cpp:221] parsePacket(): could not receive data: 9
[ 55889][E][WiFiUdp.cpp:221] parsePacket(): could not receive data: 9
[ 55894][E][WiFiUdp.cpp:221] parsePacket(): could not receive data: 9
[ 55899][E][WiFiUdp.cpp:221] parsePacket(): could not receive data: 9
[ 55904][E][WiFiUdp.cpp:221] parsePacket(): could not receive data: 9
[ 55909][E][WiFiUdp.cpp:221] parsePacket(): could not receive data: 9
[ 55914][E][WiFiUdp.cpp:221] parsePacket(): could not receive data: 9
[ 55919][E][WiFiUdp.cpp:221] parsePacket(): could not receive data: 9
[ 55924][E][WiFiUdp.cpp:221] parsePacket(): could not receive data: 9
[ 55929][E][WiFiUdp.cpp:221] parsePacket(): could not receive data: 9
[ 55934][E][WiFiUdp.cpp:221] parsePacket(): could not receive data: 9
[ 55939][E][WiFiUdp.cpp:221] parsePacket(): could not receive data: 9
[ 55944][E][WiFiUdp.cpp:221] parsePacket(): could not receive data: 9
[ 55950][E][WiFiUdp.cpp:221] parsePacket(): could not receive data: 9
[ 55955][E][WiFiUdp.cpp:221] parsePacket(): could not receive data: 9
[ 55960][E][WiFiUdp.cpp:221] parsePacket(): could not receive data: 9
[ 55965][E][WiFiUdp.cpp:221] parsePacket(): could not receive data: 9
[ 55970][E][WiFiUdp.cpp:221] parsePacket(): could not receive data: 9
[ 55975][E][WiFiUdp.cpp:221] parsePacket(): could not receive data: 9
[ 55980][E][WiFiUdp.cpp:221] parsePacket(): could not receive data: 9
[ 55985][E][WiFiUdp.cpp:221] parsePacket(): could not receive data: 9
[ 55990][E][WiFiUdp.cpp:221] parsePacket(): could not receive data: 9
[ 55995][E][WiFiUdp.cpp:221] parsePacket(): could not receive data: 9
[ 56000][E][WiFiUdp.cpp:221] parsePacket(): could not receive data: 9
[ 56005][E][WiFiUdp.cpp:221] parsePacket(): could not receive data: 9
[ 56010][E][WiFiUdp.cpp:221] parsePacket(): could not receive data: 9
[ 56015][E][WiFiUdp.cpp:221] parsePacket(): could not receive data: 9
[ 56020][E][WiFiUdp.cpp:221] parsePacket(): could not receive data: 9
[ 56025][E][WiFiUdp.cpp:221] parsePacket(): could not receive data: 9
[ 56030][E][WiFiUdp.cpp:221] parsePacket(): could not receive data: 9
[ 56035][E][WiFiUdp.cpp:221] parsePacket(): could not receive data: 9
[ 56040][E][WiFiUdp.cpp:221] parsePacket(): could not receive data: 9
[ 56045][E][WiFiUdp.cpp:221] parsePacket(): could not receive data: 9
[ 56050][E][WiFiUdp.cpp:221] parsePacket(): could not receive data: 9
[ 56055][E][WiFiUdp.cpp:221] parsePacket(): could not receive data: 9
[ 56061][E][WiFiUdp.cpp:221] parsePacket(): could not receive data: 9
[ 56066][E][WiFiUdp.cpp:221] parsePacket(): could not receive data: 9
[ 56071][E][WiFiUdp.cpp:221] parsePacket(): could not receive data: 9
[ 56076][E][WiFiUdp.cpp:221] parsePacket(): could not receive data: 9
[ 56081][E][WiFiUdp.cpp:221] parsePacket(): could not receive data: 9
[ 56087][E][WiFiUdp.cpp:221] parsePacket(): could not receive data: 9
[ 56093][E][WiFiUdp.cpp:221] parsePacket(): could not receive data: 9
[ 56099][E][WiFiUdp.cpp:221] parsePacket(): could not receive data: 9
[ 56105][E][WiFiUdp.cpp:221] parsePacket(): could not receive data: 9
[ 56111][E][WiFiUdp.cpp:221] parsePacket(): could not receive data: 9
[ 56117][E][WiFiUdp.cpp:221] parsePacket(): could not receive data: 9
[ 56122][E][WiFiUdp.cpp:221] parsePacket(): could not receive data: 9
[ 56129][E][WiFiUdp.cpp:221] parsePacket(): could not receive data: 9
[ 56133][E][WiFiUdp.cpp:221] parsePacket(): could not receive data: 9
[ 56138][E][WiFiUdp.cpp:221] parsePacket(): could not receive data: 9
[ 56143][E][WiFiUdp.cpp:221] parsePacket(): could not receive data: 9
[ 56148][E][WiFiUdp.cpp:221] parsePacket(): could not receive data: 9
[ 56153][E][WiFiUdp.cpp:221] parsePacket(): could not receive data: 9
[ 56158][E][WiFiUdp.cpp:221] parsePacket(): could not receive data: 9
[ 56163][E][WiFiUdp.cpp:221] parsePacket(): could not receive data: 9
[ 56168][E][WiFiUdp.cpp:221] parsePacket(): could not receive data: 9
[ 56173][E][WiFiUdp.cpp:221] parsePacket(): could not receive data: 9
[ 56178][E][WiFiUdp.cpp:221] parsePacket(): could not receive data: 9
[ 56183][E][WiFiUdp.cpp:221] parsePacket(): could not receive data: 9
[ 56188][E][WiFiUdp.cpp:221] parsePacket(): could not receive data: 9
[ 56193][E][WiFiUdp.cpp:221] parsePacket(): could not receive data: 9
[ 56198][E][WiFiUdp.cpp:221] parsePacket(): could not receive data: 9
[ 56203][E][WiFiUdp.cpp:221] parsePacket(): could not receive data: 9
[ 56208][E][WiFiUdp.cpp:221] parsePacket(): could not receive data: 9
[ 56213][E][WiFiUdp.cpp:221] parsePacket(): could not receive data: 9
[ 56218][E][WiFiUdp.cpp:221] parsePacket(): could not receive data: 9
[ 56223][E][WiFiUdp.cpp:221] parsePacket(): could not receive data: 9
[ 56228][E][WiFiUdp.cpp:221] parsePacket(): could not receive data: 9
[ 56233][E][WiFiUdp.cpp:221] parsePacket(): could not receive data: 9
[ 56238][E][WiFiUdp.cpp:221] parsePacket(): could not receive data: 9
[ 56243][E][WiFiUdp.cpp:221] parsePacket(): could not receive data: 9
[ 56248][E][WiFiUdp.cpp:221] parsePacket(): could not receive data: 9
[ 56253][E][WiFiUdp.cpp:221] parsePacket(): could not receive data: 9
[ 56258][E][WiFiUdp.cpp:221] parsePacket(): could not receive data: 9
[ 56263][E][WiFiUdp.cpp:221] parsePacket(): could not receive data: 9
[ 56268][E][WiFiUdp.cpp:221] parsePacket(): could not receive data: 9
[ 56274][E][WiFiUdp.cpp:221] parsePacket(): could not receive data: 9
[ 56280][E][WiFiUdp.cpp:221] parsePacket(): could not receive data: 9
[ 56285][E][WiFiUdp.cpp:221] parsePacket(): could not receive data: 9
[ 56290][E][WiFiUdp.cpp:221] parsePacket(): could not receive data: 9
[ 56295][E][WiFiUdp.cpp:221] parsePacket(): could not receive data: 9
[ 56300][E][WiFiUdp.cpp:221] parsePacket(): could not receive data: 9
[ 56305][E][WiFiUdp.cpp:221] parsePacket(): could not receive data: 9
[ 56310][E][WiFiUdp.cpp:221] parsePacket(): could not receive data: 9
[ 56316][E][WiFiUdp.cpp:221] parsePacket(): could not receive data: 9
[ 56321][E][WiFiUdp.cpp:221] parsePacket(): could not receive data: 9
[ 56327][E][WiFiUdp.cpp:221] parsePacket(): could not receive data: 9
[ 56333][E][WiFiUdp.cpp:221] parsePacket(): could not receive data: 9
[ 56339][E][WiFiUdp.cpp:221] parsePacket(): could not receive data: 9
[ 56344][E][WiFiUdp.cpp:221] parsePacket(): could not receive data: 9
[ 56349][E][WiFiUdp.cpp:221] parsePacket(): could not receive data: 9
[ 56354][E][WiFiUdp.cpp:221] parsePacket(): could not receive data: 9
[ 56359][E][WiFiUdp.cpp:221] parsePacket(): could not receive data: 9
[ 56364][E][WiFiUdp.cpp:221] parsePacket(): could not receive data: 9
[ 56369][E][WiFiUdp.cpp:221] parsePacket(): could not receive data: 9
[ 56374][E][WiFiUdp.cpp:221] parsePacket(): could not receive data: 9
[ 56379][E][WiFiUdp.cpp:221] parsePacket(): could not receive data: 9
[ 56384][E][WiFiUdp.cpp:221] parsePacket(): could not receive data: 9
[ 56389][E][WiFiUdp.cpp:221] parsePacket(): could not receive data: 9
[ 56394][E][WiFiUdp.cpp:221] parsePacket(): could not receive data: 9
[ 56399][E][WiFiUdp.cpp:221] parsePacket(): could not receive data: 9
[ 56404][E][WiFiUdp.cpp:221] parsePacket(): could not receive data: 9
[ 56409][E][WiFiUdp.cpp:221] parsePacket(): could not receive data: 9
[ 56415][E][WiFiUdp.cpp:221] parsePacket(): could not receive data: 9
[ 56420][E][WiFiUdp.cpp:221] parsePacket(): could not receive data: 9
[ 56425][E][WiFiUdp.cpp:221] parsePacket(): could not receive data: 9
[ 56430][E][WiFiUdp.cpp:221] parsePacket(): could not receive data: 9
[ 56436][E][WiFiUdp.cpp:221] parsePacket(): could not receive data: 9
[ 56441][E][WiFiUdp.cpp:221] parsePacket(): could not receive data: 9
[ 56446][E][WiFiUdp.cpp:221] parsePacket(): could not receive data: 9
[ 56452][E][WiFiUdp.cpp:221] parsePacket(): could not receive data: 9
[ 56458][E][WiFiUdp.cpp:221] parsePacket(): could not receive data: 9
[ 56464][E][WiFiUdp.cpp:221] parsePacket(): could not receive data: 9
[ 56470][E][WiFiUdp.cpp:221] parsePacket(): could not receive data: 9
[ 56475][E][WiFiUdp.cpp:221] parsePacket(): could not receive data: 9
[ 56480][E][WiFiUdp.cpp:221] parsePacket(): could not receive data: 9
[ 56485][E][WiFiUdp.cpp:221] parsePacket(): could not receive data: 9
[ 56490][E][WiFiUdp.cpp:221] parsePacket(): could not receive data: 9
[ 56495][E][WiFiUdp.cpp:221] parsePacket(): could not receive data: 9
[ 56500][E][WiFiUdp.cpp:221] parsePacket(): could not receive data: 9
[ 56506][E][WiFiUdp.cpp:221] parsePacket(): could not receive data: 9
[ 56511][E][WiFiUdp.cpp:221] parsePacket(): could not receive data: 9
[ 56516][E][WiFiUdp.cpp:221] parsePacket(): could not receive data: 9
[ 56522][E][WiFiUdp.cpp:221] parsePacket(): could not receive data: 9
[ 56528][E][WiFiUdp.cpp:221] parsePacket(): could not receive data: 9
[ 56534][E][WiFiUdp.cpp:221] parsePacket(): could not receive data: 9
[ 56539][E][WiFiUdp.cpp:221] parsePacket(): could not receive data: 9
[ 56544][E][WiFiUdp.cpp:221] parsePacket(): could not receive data: 9
[ 56549][E][WiFiUdp.cpp:221] parsePacket(): could not receive data: 9
[ 56554][E][WiFiUdp.cpp:221] parsePacket(): could not receive data: 9
[ 56559][E][WiFiUdp.cpp:221] parsePacket(): could not receive data: 9
[ 56565][E][WiFiUdp.cpp:221] parsePacket(): could not receive data: 9
[ 56570][E][WiFiUdp.cpp:221] parsePacket(): could not receive data: 9
[ 56576][E][WiFiUdp.cpp:221] parsePacket(): could not receive data: 9
[ 56580][E][WiFiUdp.cpp:221] parsePacket(): could not receive data: 9
[ 56586][E][WiFiUdp.cpp:221] parsePacket(): could not receive data: 9
[ 56591][E][WiFiUdp.cpp:221] parsePacket(): could not receive data: 9
[ 56597][E][WiFiUdp.cpp:221] parsePacket(): could not receive data: 9
[ 56602][E][WiFiUdp.cpp:221] parsePacket(): could not receive data: 9
[ 56608][E][WiFiUdp.cpp:221] parsePacket(): could not receive data: 9
[ 56614][E][WiFiUdp.cpp:221] parsePacket(): could not receive data: 9
[ 56620][E][WiFiUdp.cpp:221] parsePacket(): could not receive data: 9
[ 56626][E][WiFiUdp.cpp:221] parsePacket(): could not receive data: 9
[ 56632][E][WiFiUdp.cpp:221] parsePacket(): could not receive data: 9
[ 56638][E][WiFiUdp.cpp:221] parsePacket(): could not receive data: 9
[ 56644][E][WiFiUdp.cpp:221] parsePacket(): could not receive data: 9
[ 56649][E][WiFiUdp.cpp:221] parsePacket(): could not receive data: 9
[ 56654][E][WiFiUdp.cpp:221] parsePacket(): could not receive data: 9
[ 56659][E][WiFiUdp.cpp:221] parsePacket(): could not receive data: 9
[ 56665][E][WiFiUdp.cpp:221] parsePacket(): could not receive data: 9
[ 56670][E][WiFiUdp.cpp:221] parsePacket(): could not receive data: 9
[ 56675][E][WiFiUdp.cpp:221] parsePacket(): could not receive data: 9
[ 56680][E][WiFiUdp.cpp:221] parsePacket(): could not receive data: 9
[ 56685][E][WiFiUdp.cpp:221] parsePacket(): could not receive data: 9
[ 56690][E][WiFiUdp.cpp:221] parsePacket(): could not receive data: 9
[ 56695][E][WiFiUdp.cpp:221] parsePacket(): could not receive data: 9
[ 56700][E][WiFiUdp.cpp:221] parsePacket(): could not receive data: 9
[ 56705][E][WiFiUdp.cpp:221] parsePacket(): could not receive data: 9
[ 56710][E][WiFiUdp.cpp:221] parsePacket(): could not receive data: 9
[ 56715][E][WiFiUdp.cpp:221] parsePacket(): could not receive data: 9
[ 56720][E][WiFiUdp.cpp:221] parsePacket(): could not receive data: 9
[ 56725][E][WiFiUdp.cpp:221] parsePacket(): could not receive data: 9
[ 56730][E][WiFiUdp.cpp:221] parsePacket(): could not receive data: 9
[ 56735][E][WiFiUdp.cpp:221] parsePacket(): could not receive data: 9
[ 56740][E][WiFiUdp.cpp:221] parsePacket(): could not receive data: 9
[ 56745][E][WiFiUdp.cpp:221] parsePacket(): could not receive data: 9
[ 56750][E][WiFiUdp.cpp:221] parsePacket(): could not receive data: 9
[ 56755][E][WiFiUdp.cpp:221] parsePacket(): could not receive data: 9
[ 56760][E][WiFiUdp.cpp:221] parsePacket(): could not receive data: 9
[ 56765][E][WiFiUdp.cpp:221] parsePacket(): could not receive data: 9
[ 56770][E][WiFiUdp.cpp:221] parsePacket(): could not receive data: 9
[ 56775][E][WiFiUdp.cpp:221] parsePacket(): could not receive data: 9
[ 56780][E][WiFiUdp.cpp:221] parsePacket(): could not receive data: 9
[ 56785][E][WiFiUdp.cpp:221] parsePacket(): could not receive data: 9
[ 56790][E][WiFiUdp.cpp:221] parsePacket(): could not receive data: 9
[ 56795][E][WiFiUdp.cpp:221] parsePacket(): could not receive data: 9
[ 56800][E][WiFiUdp.cpp:221] parsePacket(): could not receive data: 9
[ 56805][E][WiFiUdp.cpp:221] parsePacket(): could not receive data: 9
[ 56810][E][WiFiUdp.cpp:221] parsePacket(): could not receive data: 9
[ 56815][E][WiFiUdp.cpp:221] parsePacket(): could not receive data: 9
[ 56820][E][WiFiUdp.cpp:221] parsePacket(): could not receive data: 9
[ 56825][E][WiFiUdp.cpp:221] parsePacket(): could not receive data: 9
[ 56831][E][WiFiUdp.cpp:221] parsePacket(): could not receive data: 9
[ 56836][E][WiFiUdp.cpp:221] parsePacket(): could not receive data: 9
[ 56841][E][WiFiUdp.cpp:221] parsePacket(): could not receive data: 9
[ 56846][E][WiFiUdp.cpp:221] parsePacket(): could not receive data: 9
[ 56851][E][WiFiUdp.cpp:221] parsePacket(): could not receive data: 9
[ 56856][E][WiFiUdp.cpp:221] parsePacket(): could not receive data: 9
[ 56861][E][WiFiUdp.cpp:221] parsePacket(): could not receive data: 9
[ 56866][E][WiFiUdp.cpp:221] parsePacket(): could not receive data: 9
[ 56871][E][WiFiUdp.cpp:221] parsePacket(): could not receive data: 9
[ 56876][E][WiFiUdp.cpp:221] parsePacket(): could not receive data: 9
[ 56881][E][WiFiUdp.cpp:221] parsePacket(): could not receive data: 9
[ 56886][E][WiFiUdp.cpp:221] parsePacket(): could not receive data: 9
[ 56891][E][WiFiUdp.cpp:221] parsePacket(): could not receive data: 9
[ 56896][E][WiFiUdp.cpp:221] parsePacket(): could not receive data: 9
[ 56901][E][WiFiUdp.cpp:221] parsePacket(): could not receive data: 9
[ 56906][E][WiFiUdp.cpp:221] parsePacket(): could not receive data: 9
[ 56911][E][WiFiUdp.cpp:221] parsePacket(): could not receive data: 9
[ 56916][E][WiFiUdp.cpp:221] parsePacket(): could not receive data: 9
[ 56921][E][WiFiUdp.cpp:221] parsePacket(): could not receive data: 9
[ 56926][E][WiFiUdp.cpp:221] parsePacket(): could not receive data: 9
[ 56931][E][WiFiUdp.cpp:221] parsePacket(): could not receive data: 9
[ 56936][E][WiFiUdp.cpp:221] parsePacket(): could not receive data: 9
[ 56941][E][WiFiUdp.cpp:221] parsePacket(): could not receive data: 9
[ 56946][E][WiFiUdp.cpp:221] parsePacket(): could not receive data: 9
[ 56951][E][WiFiUdp.cpp:221] parsePacket(): could not receive data: 9
[ 56956][E][WiFiUdp.cpp:221] parsePacket(): could not receive data: 9
[ 56961][E][WiFiUdp.cpp:221] parsePacket(): could not receive data: 9
[ 56966][E][WiFiUdp.cpp:221] parsePacket(): could not receive data: 9
[ 56971][E][WiFiUdp.cpp:221] parsePacket(): could not receive data: 9
[ 56976][E][WiFiUdp.cpp:221] parsePacket(): could not receive data: 9
[ 56981][E][WiFiUdp.cpp:221] parsePacket(): could not receive data: 9
[ 56986][E][WiFiUdp.cpp:221] parsePacket(): could not receive data: 9
[ 56991][E][WiFiUdp.cpp:221] parsePacket(): could not receive data: 9
[ 56996][E][WiFiUdp.cpp:221] parsePacket(): could not receive data: 9
[ 57001][E][WiFiUdp.cpp:221] parsePacket(): could not receive data: 9
[ 57006][E][WiFiUdp.cpp:221] parsePacket(): could not receive data: 9
[ 57011][E][WiFiUdp.cpp:221] parsePacket(): could not receive data: 9
[ 57016][E][WiFiUdp.cpp:221] parsePacket(): could not receive data: 9
[ 57021][E][WiFiUdp.cpp:221] parsePacket(): could not receive data: 9
[ 57027][E][WiFiUdp.cpp:221] parsePacket(): could not receive data: 9
[ 57032][E][WiFiUdp.cpp:221] parsePacket(): could not receive data: 9
[ 57037][E][WiFiUdp.cpp:221] parsePacket(): could not receive data: 9
[ 57042][E][WiFiUdp.cpp:221] parsePacket(): could not receive data: 9
[ 57047][E][WiFiUdp.cpp:221] parsePacket(): could not receive data: 9
[ 57052][E][WiFiUdp.cpp:221] parsePacket(): could not receive data: 9
[ 57057][E][WiFiUdp.cpp:221] parsePacket(): could not receive data: 9
[ 57062][E][WiFiUdp.cpp:221] parsePacket(): could not receive data: 9
[ 57067][E][WiFiUdp.cpp:221] parsePacket(): could not receive data: 9
[ 57072][E][WiFiUdp.cpp:221] parsePacket(): could not receive data: 9
[ 57077][E][WiFiUdp.cpp:221] parsePacket(): could not receive data: 9
[ 57082][E][WiFiUdp.cpp:221] parsePacket(): could not receive data: 9
[ 57087][E][WiFiUdp.cpp:221] parsePacket(): could not receive data: 9
[ 57092][E][WiFiUdp.cpp:221] parsePacket(): could not receive data: 9
[ 57097][E][WiFiUdp.cpp:221] parsePacket(): could not receive data: 9
[ 57102][E][WiFiUdp.cpp:221] parsePacket(): could not receive data: 9
[ 57107][E][WiFiUdp.cpp:221] parsePacket(): could not receive data: 9
[ 57112][E][WiFiUdp.cpp:221] parsePacket(): could not receive data: 9
[ 57117][E][WiFiUdp.cpp:221] parsePacket(): could not receive data: 9
[ 57122][E][WiFiUdp.cpp:221] parsePacket(): could not receive data: 9
[ 57127][E][WiFiUdp.cpp:221] parsePacket(): could not receive data: 9
[ 57133][E][WiFiUdp.cpp:221] parsePacket(): could not receive data: 9
[ 57139][E][WiFiUdp.cpp:221] parsePacket(): could not receive data: 9
[ 57145][E][WiFiUdp.cpp:221] parsePacket(): could not receive data: 9
[ 57151][E][WiFiUdp.cpp:221] parsePacket(): could not receive data: 9
[ 57156][E][WiFiUdp.cpp:221] parsePacket(): could not receive data: 9
[ 57161][E][WiFiUdp.cpp:221] parsePacket(): could not receive data: 9
[ 57166][E][WiFiUdp.cpp:221] parsePacket(): could not receive data: 9
[ 57171][E][WiFiUdp.cpp:221] parsePacket(): could not receive data: 9
[ 57176][E][WiFiUdp.cpp:221] parsePacket(): could not receive data: 9
[ 57182][E][WiFiUdp.cpp:221] parsePacket(): could not receive data: 9
[ 57188][E][WiFiUdp.cpp:221] parsePacket(): could not receive data: 9
[ 57194][E][WiFiUdp.cpp:221] parsePacket(): could not receive data: 9
[ 57199][E][WiFiUdp.cpp:221] parsePacket(): could not receive data: 9
[ 57204][E][WiFiUdp.cpp:221] parsePacket(): could not receive data: 9
[ 57209][E][WiFiUdp.cpp:221] parsePacket(): could not receive data: 9
[ 57214][E][WiFiUdp.cpp:221] parsePacket(): could not receive data: 9
[ 57219][E][WiFiUdp.cpp:221] parsePacket(): could not receive data: 9
[ 57224][E][WiFiUdp.cpp:221] parsePacket(): could not receive data: 9
[ 57229][E][WiFiUdp.cpp:221] parsePacket(): could not receive data: 9
[ 57234][E][WiFiUdp.cpp:221] parsePacket(): could not receive data: 9
[ 57241][E][WiFiUdp.cpp:221] parsePacket(): could not receive data: 9
[ 57246][E][WiFiUdp.cpp:221] parsePacket(): could not receive data: 9
[ 57251][E][WiFiUdp.cpp:221] parsePacket(): could not receive data: 9
[ 57256][E][WiFiUdp.cpp:221] parsePacket(): could not receive data: 9
[ 57261][E][WiFiUdp.cpp:221] parsePacket(): could not receive data: 9
[ 57266][E][WiFiUdp.cpp:221] parsePacket(): could not receive data: 9
[ 57271][E][WiFiUdp.cpp:221] parsePacket(): could not receive data: 9
[ 57277][E][WiFiUdp.cpp:221] parsePacket(): could not receive data: 9
[ 57283][E][WiFiUdp.cpp:221] parsePacket(): could not receive data: 9
[ 57289][E][WiFiUdp.cpp:221] parsePacket(): could not receive data: 9
[ 57294][E][WiFiUdp.cpp:221] parsePacket(): could not receive data: 9
[ 57299][E][WiFiUdp.cpp:221] parsePacket(): could not receive data: 9
[ 57304][E][WiFiUdp.cpp:221] parsePacket(): could not receive data: 9
[ 57309][E][WiFiUdp.cpp:221] parsePacket(): could not receive data: 9
[ 57314][E][WiFiUdp.cpp:221] parsePacket(): could not receive data: 9
[ 57319][E][WiFiUdp.cpp:221] parsePacket(): could not receive data: 9
[ 57324][E][WiFiUdp.cpp:221] parsePacket(): could not receive data: 9
[ 57329][E][WiFiUdp.cpp:221] parsePacket(): could not receive data: 9
[ 57334][E][WiFiUdp.cpp:221] parsePacket(): could not receive data: 9
[ 57339][E][WiFiUdp.cpp:221] parsePacket(): could not receive data: 9
[ 57344][E][WiFiUdp.cpp:221] parsePacket(): could not receive data: 9
[ 57349][E][WiFiUdp.cpp:221] parsePacket(): could not receive data: 9
[ 57354][E][WiFiUdp.cpp:221] parsePacket(): could not receive data: 9
[ 57359][E][WiFiUdp.cpp:221] parsePacket(): could not receive data: 9
[ 57364][E][WiFiUdp.cpp:221] parsePacket(): could not receive data: 9
[ 57369][E][WiFiUdp.cpp:221] parsePacket(): could not receive data: 9
[ 57374][E][WiFiUdp.cpp:221] parsePacket(): could not receive data: 9
[ 57379][E][WiFiUdp.cpp:221] parsePacket(): could not receive data: 9
[ 57384][E][WiFiUdp.cpp:221] parsePacket(): could not receive data: 9
[ 57389][E][WiFiUdp.cpp:221] parsePacket(): could not receive data: 9
[ 57394][E][WiFiUdp.cpp:221] parsePacket(): could not receive data: 9
[ 57399][E][WiFiUdp.cpp:221] parsePacket(): could not receive data: 9
[ 57404][E][WiFiUdp.cpp:221] parsePacket(): could not receive data: 9
[ 57409][E][WiFiUdp.cpp:221] parsePacket(): could not receive data: 9
[ 57414][E][WiFiUdp.cpp:221] parsePacket(): could not receive data: 9
[ 57419][E][WiFiUdp.cpp:221] parsePacket(): could not receive data: 9
[ 57424][E][WiFiUdp.cpp:221] parsePacket(): could not receive data: 9
[ 57429][E][WiFiUdp.cpp:221] parsePacket(): could not receive data: 9
[ 57434][E][WiFiUdp.cpp:221] parsePacket(): could not receive data: 9
[ 57439][E][WiFiUdp.cpp:221] parsePacket(): could not receive data: 9
[ 57444][E][WiFiUdp.cpp:221] parsePacket(): could not receive data: 9
[ 57449][E][WiFiUdp.cpp:221] parsePacket(): could not receive data: 9
[ 57454][E][WiFiUdp.cpp:221] parsePacket(): could not receive data: 9
[ 57459][E][WiFiUdp.cpp:221] parsePacket(): could not receive data: 9
[ 57464][E][WiFiUdp.cpp:221] parsePacket(): could not receive data: 9
[ 57469][E][WiFiUdp.cpp:221] parsePacket(): could not receive data: 9
[ 57474][E][WiFiUdp.cpp:221] parsePacket(): could not receive data: 9
[ 57479][E][WiFiUdp.cpp:221] parsePacket(): could not receive data: 9
[ 57484][E][WiFiUdp.cpp:221] parsePacket(): could not receive data: 9
[ 57489][E][WiFiUdp.cpp:221] parsePacket(): could not receive data: 9
[ 57494][E][WiFiUdp.cpp:221] parsePacket(): could not receive data: 9
[ 57499][E][WiFiUdp.cpp:221] parsePacket(): could not receive data: 9
[ 57504][E][WiFiUdp.cpp:221] parsePacket(): could not receive data: 9
[ 57509][E][WiFiUdp.cpp:221] parsePacket(): could not receive data: 9
[ 57515][E][WiFiUdp.cpp:221] parsePacket(): could not receive data: 9
[ 57520][E][WiFiUdp.cpp:221] parsePacket(): could not receive data: 9
[ 57525][E][WiFiUdp.cpp:221] parsePacket(): could not receive data: 9
[ 57530][E][WiFiUdp.cpp:221] parsePacket(): could not receive data: 9
[ 57535][E][WiFiUdp.cpp:221] parsePacket(): could not receive data: 9
[ 57541][E][WiFiUdp.cpp:221] parsePacket(): could not receive data: 9
[ 57546][E][WiFiUdp.cpp:221] parsePacket(): could not receive data: 9
[ 57551][E][WiFiUdp.cpp:221] parsePacket(): could not receive data: 9
[ 57556][E][WiFiUdp.cpp:221] parsePacket(): could not receive data: 9
[ 57561][E][WiFiUdp.cpp:221] parsePacket(): could not receive data: 9
[ 57566][E][WiFiUdp.cpp:221] parsePacket(): could not receive data: 9
[ 57571][E][WiFiUdp.cpp:221] parsePacket(): could not receive data: 9
[ 57576][E][WiFiUdp.cpp:221] parsePacket(): could not receive data: 9
[ 57581][E][WiFiUdp.cpp:221] parsePacket(): could not receive data: 9
[ 57586][E][WiFiUdp.cpp:221] parsePacket(): could not receive data: 9
[ 57591][E][WiFiUdp.cpp:221] parsePacket(): could not receive data: 9
[ 57596][E][WiFiUdp.cpp:221] parsePacket(): could not receive data: 9
[ 57601][E][WiFiUdp.cpp:221] parsePacket(): could not receive data: 9
[ 57606][E][WiFiUdp.cpp:221] parsePacket(): could not receive data: 9
[ 57611][E][WiFiUdp.cpp:221] parsePacket(): could not receive data: 9
[ 57616][E][WiFiUdp.cpp:221] parsePacket(): could not receive data: 9
[ 57621][E][WiFiUdp.cpp:221] parsePacket(): could not receive data: 9
[ 57626][E][WiFiUdp.cpp:221] parsePacket(): could not receive data: 9
[ 57631][E][WiFiUdp.cpp:221] parsePacket(): could not receive data: 9
[ 57636][E][WiFiUdp.cpp:221] parsePacket(): could not receive data: 9
[ 57641][E][WiFiUdp.cpp:221] parsePacket(): could not receive data: 9
[ 57646][E][WiFiUdp.cpp:221] parsePacket(): could not receive data: 9
[ 57651][E][WiFiUdp.cpp:221] parsePacket(): could not receive data: 9
[ 57656][E][WiFiUdp.cpp:221] parsePacket(): could not receive data: 9
[ 57662][E][WiFiUdp.cpp:221] parsePacket(): could not receive data: 9
[ 57667][E][WiFiUdp.cpp:221] parsePacket(): could not receive data: 9
[ 57672][E][WiFiUdp.cpp:221] parsePacket(): could not receive data: 9
[ 57678][E][WiFiUdp.cpp:221] parsePacket(): could not receive data: 9
[ 57684][E][WiFiUdp.cpp:221] parsePacket(): could not receive data: 9
[ 57690][E][WiFiUdp.cpp:221] parsePacket(): could not receive data: 9
[ 57696][E][WiFiUdp.cpp:221] parsePacket(): could not receive data: 9
[ 57701][E][WiFiUdp.cpp:221] parsePacket(): could not receive data: 9
[ 57706][E][WiFiUdp.cpp:221] parsePacket(): could not receive data: 9
[ 57712][E][WiFiUdp.cpp:221] parsePacket(): could not receive data: 9
[ 57718][E][WiFiUdp.cpp:221] parsePacket(): could not receive data: 9
[ 57723][E][WiFiUdp.cpp:221] parsePacket(): could not receive data: 9
[ 57728][E][WiFiUdp.cpp:221] parsePacket(): could not receive data: 9
[ 57733][E][WiFiUdp.cpp:221] parsePacket(): could not receive data: 9
[ 57738][E][WiFiUdp.cpp:221] parsePacket(): could not receive data: 9
[ 57743][E][WiFiUdp.cpp:221] parsePacket(): could not receive data: 9
[ 57748][E][WiFiUdp.cpp:221] parsePacket(): could not receive data: 9
[ 57753][E][WiFiUdp.cpp:221] parsePacket(): could not receive data: 9
[ 57758][E][WiFiUdp.cpp:221] parsePacket(): could not receive data: 9
[ 57763][E][WiFiUdp.cpp:221] parsePacket(): could not receive data: 9
[ 57769][E][WiFiUdp.cpp:221] parsePacket(): could not receive data: 9
[ 57774][E][WiFiUdp.cpp:221] parsePacket(): could not receive data: 9
[ 57779][E][WiFiUdp.cpp:221] parsePacket(): could not receive data: 9
[ 57784][E][WiFiUdp.cpp:221] parsePacket(): could not receive data: 9
[ 57789][E][WiFiUdp.cpp:221] parsePacket(): could not receive data: 9
[ 57794][E][WiFiUdp.cpp:221] parsePacket(): could not receive data: 9
[ 57799][E][WiFiUdp.cpp:221] parsePacket(): could not receive data: 9
[ 57804][E][WiFiUdp.cpp:221] parsePacket(): could not receive data: 9
[ 57809][E][WiFiUdp.cpp:221] parsePacket(): could not receive data: 9
[ 57814][E][WiFiUdp.cpp:221] parsePacket(): could not receive data: 9
[ 57819][E][WiFiUdp.cpp:221] parsePacket(): could not receive data: 9
[ 57824][E][WiFiUdp.cpp:221] parsePacket(): could not receive data: 9
[ 57829][E][WiFiUdp.cpp:221] parsePacket(): could not receive data: 9
[ 57834][E][WiFiUdp.cpp:221] parsePacket(): could not receive data: 9
[ 57839][E][WiFiUdp.cpp:221] parsePacket(): could not receive data: 9
[ 57844][E][WiFiUdp.cpp:221] parsePacket(): could not receive data: 9
[ 57849][E][WiFiUdp.cpp:221] parsePacket(): could not receive data: 9
[ 57854][E][WiFiUdp.cpp:221] parsePacket(): could not receive data: 9
[ 57860][E][WiFiUdp.cpp:221] parsePacket(): could not receive data: 9
[ 57866][E][WiFiUdp.cpp:221] parsePacket(): could not receive data: 9
[ 57871][E][WiFiUdp.cpp:221] parsePacket(): could not receive data: 9
[ 57876][E][WiFiUdp.cpp:221] parsePacket(): could not receive data: 9
[ 57881][E][WiFiUdp.cpp:221] parsePacket(): could not receive data: 9
[ 57886][E][WiFiUdp.cpp:221] parsePacket(): could not receive data: 9
[ 57891][E][WiFiUdp.cpp:221] parsePacket(): could not receive data: 9
[ 57896][E][WiFiUdp.cpp:221] parsePacket(): could not receive data: 9
[ 57902][E][WiFiUdp.cpp:221] parsePacket(): could not receive data: 9
[ 57908][E][WiFiUdp.cpp:221] parsePacket(): could not receive data: 9
[ 57914][E][WiFiUdp.cpp:221] parsePacket(): could not receive data: 9
[ 57919][E][WiFiUdp.cpp:221] parsePacket(): could not receive data: 9
[ 57925][E][WiFiUdp.cpp:221] parsePacket(): could not receive data: 9
[ 57930][E][WiFiUdp.cpp:221] parsePacket(): could not receive data: 9
[ 57935][E][WiFiUdp.cpp:221] parsePacket(): could not receive data: 9
[ 57940][E][WiFiUdp.cpp:221] parsePacket(): could not receive data: 9
[ 57945][E][WiFiUdp.cpp:221] parsePacket(): could not receive data: 9
[ 57950][E][WiFiUdp.cpp:221] parsePacket(): could not receive data: 9
[ 57955][E][WiFiUdp.cpp:221] parsePacket(): could not receive data: 9
[ 57960][E][WiFiUdp.cpp:221] parsePacket(): could not receive data: 9
[ 57966][E][WiFiUdp.cpp:221] parsePacket(): could not receive data: 9
[ 57971][E][WiFiUdp.cpp:221] parsePacket(): could not receive data: 9
[ 57976][E][WiFiUdp.cpp:221] parsePacket(): could not receive data: 9
[ 57981][E][WiFiUdp.cpp:221] parsePacket(): could not receive data: 9
[ 57986][E][WiFiUdp.cpp:221] parsePacket(): could not receive data: 9
[ 57992][E][WiFiUdp.cpp:221] parsePacket(): could not receive data: 9
[ 57997][E][WiFiUdp.cpp:221] parsePacket(): could not receive data: 9
[ 58002][E][WiFiUdp.cpp:221] parsePacket(): could not receive data: 9
[ 58007][E][WiFiUdp.cpp:221] parsePacket(): could not receive data: 9
[ 58012][E][WiFiUdp.cpp:221] parsePacket(): could not receive data: 9
[ 58017][E][WiFiUdp.cpp:221] parsePacket(): could not receive data: 9
[ 58022][E][WiFiUdp.cpp:221] parsePacket(): could not receive data: 9
[ 58027][E][WiFiUdp.cpp:221] parsePacket(): could not receive data: 9
[ 58032][E][WiFiUdp.cpp:221] parsePacket(): could not receive data: 9
[ 58037][E][WiFiUdp.cpp:221] parsePacket(): could not receive data: 9
[ 58042][E][WiFiUdp.cpp:221] parsePacket(): could not receive data: 9
[ 58047][E][WiFiUdp.cpp:221] parsePacket(): could not receive data: 9
[ 58052][E][WiFiUdp.cpp:221] parsePacket(): could not receive data: 9
[ 58057][E][WiFiUdp.cpp:221] parsePacket(): could not receive data: 9
[ 58062][E][WiFiUdp.cpp:221] parsePacket(): could not receive data: 9
[ 58067][E][WiFiUdp.cpp:221] parsePacket(): could not receive data: 9
[ 58072][E][WiFiUdp.cpp:221] parsePacket(): could not receive data: 9
[ 58077][E][WiFiUdp.cpp:221] parsePacket(): could not receive data: 9
[ 58082][E][WiFiUdp.cpp:221] parsePacket(): could not receive data: 9
[ 58087][E][WiFiUdp.cpp:221] parsePacket(): could not receive data: 9
[ 58092][E][WiFiUdp.cpp:221] parsePacket(): could not receive data: 9
[ 58097][E][WiFiUdp.cpp:221] parsePacket(): could not receive data: 9
[ 58102][E][WiFiUdp.cpp:221] parsePacket(): could not receive data: 9
[ 58107][E][WiFiUdp.cpp:221] parsePacket(): could not receive data: 9
[ 58112][E][WiFiUdp.cpp:221] parsePacket(): could not receive data: 9
[ 58117][E][WiFiUdp.cpp:221] parsePacket(): could not receive data: 9
[ 58122][E][WiFiUdp.cpp:221] parsePacket(): could not receive data: 9
[ 58127][E][WiFiUdp.cpp:221] parsePacket(): could not receive data: 9
[ 58132][E][WiFiUdp.cpp:221] parsePacket(): could not receive data: 9
[ 58137][E][WiFiUdp.cpp:221] parsePacket(): could not receive data: 9
[ 58142][E][WiFiUdp.cpp:221] parsePacket(): could not receive data: 9
[ 58147][E][WiFiUdp.cpp:221] parsePacket(): could not receive data: 9
[ 58153][E][WiFiUdp.cpp:221] parsePacket(): could not receive data: 9
[ 58158][E][WiFiUdp.cpp:221] parsePacket(): could not receive data: 9
[ 58163][E][WiFiUdp.cpp:221] parsePacket(): could not receive data: 9
[ 58168][E][WiFiUdp.cpp:221] parsePacket(): could not receive data: 9
[ 58173][E][WiFiUdp.cpp:221] parsePacket(): could not receive data: 9
[ 58178][E][WiFiUdp.cpp:221] parsePacket(): could not receive data: 9
[ 58184][E][WiFiUdp.cpp:221] parsePacket(): could not receive data: 9
[ 58189][E][WiFiUdp.cpp:221] parsePacket(): could not receive data: 9
[ 58194][E][WiFiUdp.cpp:221] parsePacket(): could not receive data: 9
[ 58199][E][WiFiUdp.cpp:221] parsePacket(): could not receive data: 9
[ 58204][E][WiFiUdp.cpp:221] parsePacket(): could not receive data: 9
[ 58209][E][WiFiUdp.cpp:221] parsePacket(): could not receive data: 9
[ 58215][E][WiFiUdp.cpp:221] parsePacket(): could not receive data: 9
[ 58220][E][WiFiUdp.cpp:221] parsePacket(): could not receive data: 9
[ 58225][E][WiFiUdp.cpp:221] parsePacket(): could not receive data: 9
[ 58230][E][WiFiUdp.cpp:221] parsePacket(): could not receive data: 9
[ 58235][E][WiFiUdp.cpp:221] parsePacket(): could not receive data: 9
[ 58240][E][WiFiUdp.cpp:221] parsePacket(): could not receive data: 9
[ 58245][E][WiFiUdp.cpp:221] parsePacket(): could not receive data: 9
[ 58250][E][WiFiUdp.cpp:221] parsePacket(): could not receive data: 9
[ 58255][E][WiFiUdp.cpp:221] parsePacket(): could not receive data: 9
[ 58260][E][WiFiUdp.cpp:221] parsePacket(): could not receive data: 9
[ 58265][E][WiFiUdp.cpp:221] parsePacket(): could not receive data: 9
[ 58270][E][WiFiUdp.cpp:221] parsePacket(): could not receive data: 9
[ 58275][E][WiFiUdp.cpp:221] parsePacket(): could not receive data: 9
[ 58280][E][WiFiUdp.cpp:221] parsePacket(): could not receive data: 9
[ 58285][E][WiFiUdp.cpp:221] parsePacket(): could not receive data: 9
[ 58290][E][WiFiUdp.cpp:221] parsePacket(): could not receive data: 9
[ 58296][E][WiFiUdp.cpp:221] parsePacket(): could not receive data: 9
[ 58302][E][WiFiUdp.cpp:221] parsePacket(): could not receive data: 9
[ 58309][E][WiFiUdp.cpp:221] parsePacket(): could not receive data: 9
[ 58314][E][WiFiUdp.cpp:221] parsePacket(): could not receive data: 9
[ 58320][E][WiFiUdp.cpp:221] parsePacket(): could not receive data: 9
[ 58326][E][WiFiUdp.cpp:221] parsePacket(): could not receive data: 9
[ 58331][E][WiFiUdp.cpp:221] parsePacket(): could not receive data: 9
[ 58337][E][WiFiUdp.cpp:221] parsePacket(): could not receive data: 9
[ 58343][E][WiFiUdp.cpp:221] parsePacket(): could not receive data: 9
[ 58349][E][WiFiUdp.cpp:221] parsePacket(): could not receive data: 9
[ 58354][E][WiFiUdp.cpp:221] parsePacket(): could not receive data: 9
[ 58360][E][WiFiUdp.cpp:221] parsePacket(): could not receive data: 9
[ 58366][E][WiFiUdp.cpp:221] parsePacket(): could not receive data: 9
[ 58371][E][WiFiUdp.cpp:221] parsePacket(): could not receive data: 9
[ 58376][E][WiFiUdp.cpp:221] parsePacket(): could not receive data: 9
[ 58382][E][WiFiUdp.cpp:221] parsePacket(): could not receive data: 9
[ 58387][E][WiFiUdp.cpp:221] parsePacket(): could not receive data: 9
[ 58392][E][WiFiUdp.cpp:221] parsePacket(): could not receive data: 9
[ 58397][E][WiFiUdp.cpp:221] parsePacket(): could not receive data: 9
[ 58403][E][WiFiUdp.cpp:221] parsePacket(): could not receive data: 9
[ 58408][E][WiFiUdp.cpp:221] parsePacket(): could not receive data: 9
[ 58413][E][WiFiUdp.cpp:221] parsePacket(): could not receive data: 9
[ 58419][E][WiFiUdp.cpp:221] parsePacket(): could not receive data: 9
[ 58424][E][WiFiUdp.cpp:221] parsePacket(): could not receive data: 9
[ 58430][E][WiFiUdp.cpp:221] parsePacket(): could not receive data: 9
[ 58436][E][WiFiUdp.cpp:221] parsePacket(): could not receive data: 9
[ 58441][E][WiFiUdp.cpp:221] parsePacket(): could not receive data: 9
[ 58447][E][WiFiUdp.cpp:221] parsePacket(): could not receive data: 9
[ 58452][E][WiFiUdp.cpp:221] parsePacket(): could not receive data: 9
[ 58457][E][WiFiUdp.cpp:221] parsePacket(): could not receive data: 9
[ 58463][E][WiFiUdp.cpp:221] parsePacket(): could not receive data: 9
[ 58468][E][WiFiUdp.cpp:221] parsePacket(): could not receive data: 9
[ 58473][E][WiFiUdp.cpp:221] parsePacket(): could not receive data: 9
[ 58478][E][WiFiUdp.cpp:221] parsePacket(): could not receive data: 9
[ 58483][E][WiFiUdp.cpp:221] parsePacket(): could not receive data: 9
[ 58489][E][WiFiUdp.cpp:221] parsePacket(): could not receive data: 9
[ 58495][E][WiFiUdp.cpp:221] parsePacket(): could not receive data: 9
[ 58501][E][WiFiUdp.cpp:221] parsePacket(): could not receive data: 9
[ 58507][E][WiFiUdp.cpp:221] parsePacket(): could not receive data: 9
[ 58513][E][WiFiUdp.cpp:221] parsePacket(): could not receive data: 9
[ 58519][E][WiFiUdp.cpp:221] parsePacket(): could not receive data: 9
[ 58524][E][WiFiUdp.cpp:221] parsePacket(): could not receive data: 9
[ 58530][E][WiFiUdp.cpp:221] parsePacket(): could not receive data: 9
[ 58535][E][WiFiUdp.cpp:221] parsePacket(): could not receive data: 9
[ 58540][E][WiFiUdp.cpp:221] parsePacket(): could not receive data: 9
[ 58545][E][WiFiUdp.cpp:221] parsePacket(): could not receive data: 9
[ 58550][E][WiFiUdp.cpp:221] parsePacket(): could not receive data: 9
[ 58555][E][WiFiUdp.cpp:221] parsePacket(): could not receive data: 9
[ 58560][E][WiFiUdp.cpp:221] parsePacket(): could not receive data: 9
[ 58565][E][WiFiUdp.cpp:221] parsePacket(): could not receive data: 9
[ 58570][E][WiFiUdp.cpp:221] parsePacket(): could not receive data: 9
[ 58575][E][WiFiUdp.cpp:221] parsePacket(): could not receive data: 9
[ 58580][E][WiFiUdp.cpp:221] parsePacket(): could not receive data: 9
[ 58585][E][WiFiUdp.cpp:221] parsePacket(): could not receive data: 9
[ 58590][E][WiFiUdp.cpp:221] parsePacket(): could not receive data: 9
[ 58595][E][WiFiUdp.cpp:221] parsePacket(): could not receive data: 9
[ 58600][E][WiFiUdp.cpp:221] parsePacket(): could not receive data: 9
[ 58605][E][WiFiUdp.cpp:221] parsePacket(): could not receive data: 9
[ 58610][E][WiFiUdp.cpp:221] parsePacket(): could not receive data: 9
[ 58616][E][WiFiUdp.cpp:221] parsePacket(): could not receive data: 9
[ 58621][E][WiFiUdp.cpp:221] parsePacket(): could not receive data: 9
[ 58626][E][WiFiUdp.cpp:221] parsePacket(): could not receive data: 9
[ 58631][E][WiFiUdp.cpp:221] parsePacket(): could not receive data: 9
[ 58637][E][WiFiUdp.cpp:221] parsePacket(): could not receive data: 9
[ 58642][E][WiFiUdp.cpp:221] parsePacket(): could not receive data: 9
[ 58647][E][WiFiUdp.cpp:221] parsePacket(): could not receive data: 9
[ 58652][E][WiFiUdp.cpp:221] parsePacket(): could not receive data: 9
[ 58657][E][WiFiUdp.cpp:221] parsePacket(): could not receive data: 9
[ 58662][E][WiFiUdp.cpp:221] parsePacket(): could not receive data: 9
[ 58667][E][WiFiUdp.cpp:221] parsePacket(): could not receive data: 9
[ 58672][E][WiFiUdp.cpp:221] parsePacket(): could not receive data: 9
[ 58677][E][WiFiUdp.cpp:221] parsePacket(): could not receive data: 9
[ 58683][E][WiFiUdp.cpp:221] parsePacket(): could not receive data: 9
[ 58688][E][WiFiUdp.cpp:221] parsePacket(): could not receive data: 9
[ 58693][E][WiFiUdp.cpp:221] parsePacket(): could not receive data: 9
[ 58698][E][WiFiUdp.cpp:221] parsePacket(): could not receive data: 9
[ 58704][E][WiFiUdp.cpp:221] parsePacket(): could not receive data: 9
[ 58709][E][WiFiUdp.cpp:221] parsePacket(): could not receive data: 9
[ 58714][E][WiFiUdp.cpp:221] parsePacket(): could not receive data: 9
[ 58719][E][WiFiUdp.cpp:221] parsePacket(): could not receive data: 9
[ 58724][E][WiFiUdp.cpp:221] parsePacket(): could not receive data: 9
[ 58730][E][WiFiUdp.cpp:221] parsePacket(): could not receive data: 9
[ 58735][E][WiFiUdp.cpp:221] parsePacket(): could not receive data: 9
[ 58740][E][WiFiUdp.cpp:221] parsePacket(): could not receive data: 9
[ 58745][E][WiFiUdp.cpp:221] parsePacket(): could not receive data: 9
[ 58750][E][WiFiUdp.cpp:221] parsePacket(): could not receive data: 9
[ 58755][E][WiFiUdp.cpp:221] parsePacket(): could not receive data: 9
[ 58760][E][WiFiUdp.cpp:221] parsePacket(): could not receive data: 9
[ 58765][E][WiFiUdp.cpp:221] parsePacket(): could not receive data: 9
[ 58770][E][WiFiUdp.cpp:221] parsePacket(): could not receive data: 9
[ 58775][E][WiFiUdp.cpp:221] parsePacket(): could not receive data: 9
[ 58781][E][WiFiUdp.cpp:221] parsePacket(): could not receive data: 9
[ 58787][E][WiFiUdp.cpp:221] parsePacket(): could not receive data: 9
[ 58793][E][WiFiUdp.cpp:221] parsePacket(): could not receive data: 9
[ 58799][E][WiFiUdp.cpp:221] parsePacket(): could not receive data: 9
[ 58804][E][WiFiUdp.cpp:221] parsePacket(): could not receive data: 9
[ 58810][E][WiFiUdp.cpp:221] parsePacket(): could not receive data: 9
[ 58816][E][WiFiUdp.cpp:221] parsePacket(): could not receive data: 9
[ 58821][E][WiFiUdp.cpp:221] parsePacket(): could not receive data: 9
[ 58826][E][WiFiUdp.cpp:221] parsePacket(): could not receive data: 9
[ 58831][E][WiFiUdp.cpp:221] parsePacket(): could not receive data: 9
[ 58836][E][WiFiUdp.cpp:221] parsePacket(): could not receive data: 9
[ 58842][E][WiFiUdp.cpp:221] parsePacket(): could not receive data: 9
[ 58848][E][WiFiUdp.cpp:221] parsePacket(): could not receive data: 9
[ 58853][E][WiFiUdp.cpp:221] parsePacket(): could not receive data: 9
[ 58859][E][WiFiUdp.cpp:221] parsePacket(): could not receive data: 9
[ 58864][E][WiFiUdp.cpp:221] parsePacket(): could not receive data: 9
[ 58869][E][WiFiUdp.cpp:221] parsePacket(): could not receive data: 9
[ 58874][E][WiFiUdp.cpp:221] parsePacket(): could not receive data: 9
[ 58879][E][WiFiUdp.cpp:221] parsePacket(): could not receive data: 9
[ 58884][E][WiFiUdp.cpp:221] parsePacket(): could not receive data: 9
[ 58889][E][WiFiUdp.cpp:221] parsePacket(): could not receive data: 9
[ 58894][E][WiFiUdp.cpp:221] parsePacket(): could not receive data: 9
[ 58899][E][WiFiUdp.cpp:221] parsePacket(): could not receive data: 9
[ 58904][E][WiFiUdp.cpp:221] parsePacket(): could not receive data: 9
[ 58909][E][WiFiUdp.cpp:221] parsePacket(): could not receive data: 9
[ 58914][E][WiFiUdp.cpp:221] parsePacket(): could not receive data: 9
[ 58919][E][WiFiUdp.cpp:221] parsePacket(): could not receive data: 9
[ 58924][E][WiFiUdp.cpp:221] parsePacket(): could not receive data: 9
[ 58929][E][WiFiUdp.cpp:221] parsePacket(): could not receive data: 9
[ 58934][E][WiFiUdp.cpp:221] parsePacket(): could not receive data: 9
[ 58939][E][WiFiUdp.cpp:221] parsePacket(): could not receive data: 9
[ 58944][E][WiFiUdp.cpp:221] parsePacket(): could not receive data: 9
[ 58949][E][WiFiUdp.cpp:221] parsePacket(): could not receive data: 9
[ 58954][E][WiFiUdp.cpp:221] parsePacket(): could not receive data: 9
[ 58959][E][WiFiUdp.cpp:221] parsePacket(): could not receive data: 9
[ 58964][E][WiFiUdp.cpp:221] parsePacket(): could not receive data: 9
[ 58969][E][WiFiUdp.cpp:221] parsePacket(): could not receive data: 9
[ 58974][E][WiFiUdp.cpp:221] parsePacket(): could not receive data: 9
[ 58979][E][WiFiUdp.cpp:221] parsePacket(): could not receive data: 9
[ 58984][E][WiFiUdp.cpp:221] parsePacket(): could not receive data: 9
[ 58989][E][WiFiUdp.cpp:221] parsePacket(): could not receive data: 9
[ 58994][E][WiFiUdp.cpp:221] parsePacket(): could not receive data: 9
[ 58999][E][WiFiUdp.cpp:221] parsePacket(): could not receive data: 9
[ 59004][E][WiFiUdp.cpp:221] parsePacket(): could not receive data: 9
[ 59009][E][WiFiUdp.cpp:221] parsePacket(): could not receive data: 9
[ 59014][E][WiFiUdp.cpp:221] parsePacket(): could not receive data: 9
[ 59019][E][WiFiUdp.cpp:221] parsePacket(): could not receive data: 9
[ 59024][E][WiFiUdp.cpp:221] parsePacket(): could not receive data: 9
[ 59029][E][WiFiUdp.cpp:221] parsePacket(): could not receive data: 9
[ 59034][E][WiFiUdp.cpp:221] parsePacket(): could not receive data: 9
[ 59039][E][WiFiUdp.cpp:221] parsePacket(): could not receive data: 9
[ 59044][E][WiFiUdp.cpp:221] parsePacket(): could not receive data: 9
[ 59049][E][WiFiUdp.cpp:221] parsePacket(): could not receive data: 9
[ 59054][E][WiFiUdp.cpp:221] parsePacket(): could not receive data: 9
[ 59059][E][WiFiUdp.cpp:221] parsePacket(): could not receive data: 9
[ 59064][E][WiFiUdp.cpp:221] parsePacket(): could not receive data: 9
[ 59069][E][WiFiUdp.cpp:221] parsePacket(): could not receive data: 9
[ 59074][E][WiFiUdp.cpp:221] parsePacket(): could not receive data: 9
[ 59079][E][WiFiUdp.cpp:221] parsePacket(): could not receive data: 9
[ 59084][E][WiFiUdp.cpp:221] parsePacket(): could not receive data: 9
[ 59089][E][WiFiUdp.cpp:221] parsePacket(): could not receive data: 9
[ 59094][E][WiFiUdp.cpp:221] parsePacket(): could not receive data: 9
[ 59099][E][WiFiUdp.cpp:221] parsePacket(): could not receive data: 9
[ 59104][E][WiFiUdp.cpp:221] parsePacket(): could not receive data: 9
[ 59109][E][WiFiUdp.cpp:221] parsePacket(): could not receive data: 9
[ 59114][E][WiFiUdp.cpp:221] parsePacket(): could not receive data: 9
[ 59119][E][WiFiUdp.cpp:221] parsePacket(): could not receive data: 9
[ 59124][E][WiFiUdp.cpp:221] parsePacket(): could not receive data: 9
[ 59129][E][WiFiUdp.cpp:221] parsePacket(): could not receive data: 9
[ 59134][E][WiFiUdp.cpp:221] parsePacket(): could not receive data: 9
[ 59139][E][WiFiUdp.cpp:221] parsePacket(): could not receive data: 9
[ 59144][E][WiFiUdp.cpp:221] parsePacket(): could not receive data: 9
[ 59150][E][WiFiUdp.cpp:221] parsePacket(): could not receive data: 9
[ 59156][E][WiFiUdp.cpp:221] parsePacket(): could not receive data: 9
[ 59161][E][WiFiUdp.cpp:221] parsePacket(): could not receive data: 9
[ 59167][E][WiFiUdp.cpp:221] parsePacket(): could not receive data: 9
[ 59172][E][WiFiUdp.cpp:221] parsePacket(): could not receive data: 9
[ 59177][E][WiFiUdp.cpp:221] parsePacket(): could not receive data: 9
[ 59182][E][WiFiUdp.cpp:221] parsePacket(): could not receive data: 9
[ 59187][E][WiFiUdp.cpp:221] parsePacket(): could not receive data: 9
[ 59192][E][WiFiUdp.cpp:221] parsePacket(): could not receive data: 9
[ 59197][E][WiFiUdp.cpp:221] parsePacket(): could not receive data: 9
[ 59202][E][WiFiUdp.cpp:221] parsePacket(): could not receive data: 9
[ 59207][E][WiFiUdp.cpp:221] parsePacket(): could not receive data: 9
[ 59212][E][WiFiUdp.cpp:221] parsePacket(): could not receive data: 9
[ 59217][E][WiFiUdp.cpp:221] parsePacket(): could not receive data: 9
[ 59222][E][WiFiUdp.cpp:221] parsePacket(): could not receive data: 9
[ 59227][E][WiFiUdp.cpp:221] parsePacket(): could not receive data: 9
[ 59232][E][WiFiUdp.cpp:221] parsePacket(): could not receive data: 9
[ 59237][E][WiFiUdp.cpp:221] parsePacket(): could not receive data: 9
[ 59242][E][WiFiUdp.cpp:221] parsePacket(): could not receive data: 9
[ 59247][E][WiFiUdp.cpp:221] parsePacket(): could not receive data: 9
[ 59252][E][WiFiUdp.cpp:221] parsePacket(): could not receive data: 9
[ 59257][E][WiFiUdp.cpp:221] parsePacket(): could not receive data: 9
[ 59263][E][WiFiUdp.cpp:221] parsePacket(): could not receive data: 9
[ 59268][E][WiFiUdp.cpp:221] parsePacket(): could not receive data: 9
[ 59273][E][WiFiUdp.cpp:221] parsePacket(): could not receive data: 9
[ 59278][E][WiFiUdp.cpp:221] parsePacket(): could not receive data: 9
[ 59284][E][WiFiUdp.cpp:221] parsePacket(): could not receive data: 9
[ 59289][E][WiFiUdp.cpp:221] parsePacket(): could not receive data: 9
[ 59294][E][WiFiUdp.cpp:221] parsePacket(): could not receive data: 9
[ 59299][E][WiFiUdp.cpp:221] parsePacket(): could not receive data: 9
[ 59304][E][WiFiUdp.cpp:221] parsePacket(): could not receive data: 9
[ 59309][E][WiFiUdp.cpp:221] parsePacket(): could not receive data: 9
[ 59314][E][WiFiUdp.cpp:221] parsePacket(): could not receive data: 9
[ 59320][E][WiFiUdp.cpp:221] parsePacket(): could not receive data: 9
[ 59326][E][WiFiUdp.cpp:221] parsePacket(): could not receive data: 9
[ 59330][E][WiFiUdp.cpp:221] parsePacket(): could not receive data: 9
[ 59335][E][WiFiUdp.cpp:221] parsePacket(): could not receive data: 9
[ 59340][E][WiFiUdp.cpp:221] parsePacket(): could not receive data: 9
[ 59345][E][WiFiUdp.cpp:221] parsePacket(): could not receive data: 9
[ 59350][E][WiFiUdp.cpp:221] parsePacket(): could not receive data: 9
[ 59356][E][WiFiUdp.cpp:221] parsePacket(): could not receive data: 9
[ 59361][E][WiFiUdp.cpp:221] parsePacket(): could not receive data: 9
[ 59366][E][WiFiUdp.cpp:221] parsePacket(): could not receive data: 9
[ 59371][E][WiFiUdp.cpp:221] parsePacket(): could not receive data: 9
[ 59376][E][WiFiUdp.cpp:221] parsePacket(): could not receive data: 9
[ 59382][E][WiFiUdp.cpp:221] parsePacket(): could not receive data: 9
[ 59387][E][WiFiUdp.cpp:221] parsePacket(): could not receive data: 9
[ 59393][E][WiFiUdp.cpp:221] parsePacket(): could not receive data: 9
[ 59398][E][WiFiUdp.cpp:221] parsePacket(): could not receive data: 9
[ 59403][E][WiFiUdp.cpp:221] parsePacket(): could not receive data: 9
[ 59408][E][WiFiUdp.cpp:221] parsePacket(): could not receive data: 9
[ 59413][E][WiFiUdp.cpp:221] parsePacket(): could not receive data: 9
[ 59418][E][WiFiUdp.cpp:221] parsePacket(): could not receive data: 9
[ 59423][E][WiFiUdp.cpp:221] parsePacket(): could not receive data: 9
[ 59428][E][WiFiUdp.cpp:221] parsePacket(): could not receive data: 9
[ 59433][E][WiFiUdp.cpp:221] parsePacket(): could not receive data: 9
[ 59438][E][WiFiUdp.cpp:221] parsePacket(): could not receive data: 9
[ 59444][E][WiFiUdp.cpp:221] parsePacket(): could not receive data: 9
[ 59449][E][WiFiUdp.cpp:221] parsePacket(): could not receive data: 9
[ 59454][E][WiFiUdp.cpp:221] parsePacket(): could not receive data: 9
[ 59459][E][WiFiUdp.cpp:221] parsePacket(): could not receive data: 9
[ 59464][E][WiFiUdp.cpp:221] parsePacket(): could not receive data: 9
[ 59469][E][WiFiUdp.cpp:221] parsePacket(): could not receive data: 9
[ 59474][E][WiFiUdp.cpp:221] parsePacket(): could not receive data: 9
[ 59479][E][WiFiUdp.cpp:221] parsePacket(): could not receive data: 9
[ 59484][E][WiFiUdp.cpp:221] parsePacket(): could not receive data: 9
[ 59489][E][WiFiUdp.cpp:221] parsePacket(): could not receive data: 9
[ 59494][E][WiFiUdp.cpp:221] parsePacket(): could not receive data: 9
[ 59499][E][WiFiUdp.cpp:221] parsePacket(): could not receive data: 9
[ 59504][E][WiFiUdp.cpp:221] parsePacket(): could not receive data: 9
[ 59509][E][WiFiUdp.cpp:221] parsePacket(): could not receive data: 9
[ 59514][E][WiFiUdp.cpp:221] parsePacket(): could not receive data: 9
[ 59519][E][WiFiUdp.cpp:221] parsePacket(): could not receive data: 9
[ 59524][E][WiFiUdp.cpp:221] parsePacket(): could not receive data: 9
[ 59529][E][WiFiUdp.cpp:221] parsePacket(): could not receive data: 9
[ 59534][E][WiFiUdp.cpp:221] parsePacket(): could not receive data: 9
[ 59539][E][WiFiUdp.cpp:221] parsePacket(): could not receive data: 9
[ 59544][E][WiFiUdp.cpp:221] parsePacket(): could not receive data: 9
[ 59549][E][WiFiUdp.cpp:221] parsePacket(): could not receive data: 9
[ 59554][E][WiFiUdp.cpp:221] parsePacket(): could not receive data: 9
[ 59559][E][WiFiUdp.cpp:221] parsePacket(): could not receive data: 9
[ 59564][E][WiFiUdp.cpp:221] parsePacket(): could not receive data: 9
[ 59569][E][WiFiUdp.cpp:221] parsePacket(): could not receive data: 9
[ 59574][E][WiFiUdp.cpp:221] parsePacket(): could not receive data: 9
[ 59579][E][WiFiUdp.cpp:221] parsePacket(): could not receive data: 9
[ 59584][E][WiFiUdp.cpp:221] parsePacket(): could not receive data: 9
[ 59589][E][WiFiUdp.cpp:221] parsePacket(): could not receive data: 9
[ 59594][E][WiFiUdp.cpp:221] parsePacket(): could not receive data: 9
[ 59599][E][WiFiUdp.cpp:221] parsePacket(): could not receive data: 9
[ 59604][E][WiFiUdp.cpp:221] parsePacket(): could not receive data: 9
[ 59609][E][WiFiUdp.cpp:221] parsePacket(): could not receive data: 9
[ 59614][E][WiFiUdp.cpp:221] parsePacket(): could not receive data: 9
[ 59619][E][WiFiUdp.cpp:221] parsePacket(): could not receive data: 9
[ 59625][E][WiFiUdp.cpp:221] parsePacket(): could not receive data: 9
[ 59630][E][WiFiUdp.cpp:221] parsePacket(): could not receive data: 9
[ 59635][E][WiFiUdp.cpp:221] parsePacket(): could not receive data: 9
[ 59641][E][WiFiUdp.cpp:221] parsePacket(): could not receive data: 9
[ 59647][E][WiFiUdp.cpp:221] parsePacket(): could not receive data: 9
[ 59653][E][WiFiUdp.cpp:221] parsePacket(): could not receive data: 9
[ 59658][E][WiFiUdp.cpp:221] parsePacket(): could not receive data: 9
[ 59664][E][WiFiUdp.cpp:221] parsePacket(): could not receive data: 9
[ 59670][E][WiFiUdp.cpp:221] parsePacket(): could not receive data: 9
[ 59676][E][WiFiUdp.cpp:221] parsePacket(): could not receive data: 9
[ 59682][E][WiFiUdp.cpp:221] parsePacket(): could not receive data: 9
[ 59687][E][WiFiUdp.cpp:221] parsePacket(): could not receive data: 9
[ 59692][E][WiFiUdp.cpp:221] parsePacket(): could not receive data: 9
[ 59697][E][WiFiUdp.cpp:221] parsePacket(): could not receive data: 9
[ 59702][E][WiFiUdp.cpp:221] parsePacket(): could not receive data: 9
[ 59707][E][WiFiUdp.cpp:221] parsePacket(): could not receive data: 9
[ 59712][E][WiFiUdp.cpp:221] parsePacket(): could not receive data: 9
[ 59717][E][WiFiUdp.cpp:221] parsePacket(): could not receive data: 9
[ 59722][E][WiFiUdp.cpp:221] parsePacket(): could not receive data: 9
[ 59727][E][WiFiUdp.cpp:221] parsePacket(): could not receive data: 9
[ 59732][E][WiFiUdp.cpp:221] parsePacket(): could not receive data: 9
[ 59737][E][WiFiUdp.cpp:221] parsePacket(): could not receive data: 9
[ 59742][E][WiFiUdp.cpp:221] parsePacket(): could not receive data: 9
[ 59747][E][WiFiUdp.cpp:221] parsePacket(): could not receive data: 9
[ 59752][E][WiFiUdp.cpp:221] parsePacket(): could not receive data: 9
[ 59757][E][WiFiUdp.cpp:221] parsePacket(): could not receive data: 9
[ 59762][E][WiFiUdp.cpp:221] parsePacket(): could not receive data: 9
[ 59767][E][WiFiUdp.cpp:221] parsePacket(): could not receive data: 9
[ 59772][E][WiFiUdp.cpp:221] parsePacket(): could not receive data: 9
[ 59777][E][WiFiUdp.cpp:221] parsePacket(): could not receive data: 9
[ 59782][E][WiFiUdp.cpp:221] parsePacket(): could not receive data: 9
[ 59787][E][WiFiUdp.cpp:221] parsePacket(): could not receive data: 9
[ 59792][E][WiFiUdp.cpp:221] parsePacket(): could not receive data: 9
[ 59797][E][WiFiUdp.cpp:221] parsePacket(): could not receive data: 9
[ 59802][E][WiFiUdp.cpp:221] parsePacket(): could not receive data: 9
[ 59807][E][WiFiUdp.cpp:221] parsePacket(): could not receive data: 9
[ 59812][E][WiFiUdp.cpp:221] parsePacket(): could not receive data: 9
[ 59817][E][WiFiUdp.cpp:221] parsePacket(): could not receive data: 9
[ 59822][E][WiFiUdp.cpp:221] parsePacket(): could not receive data: 9
[ 59827][E][WiFiUdp.cpp:221] parsePacket(): could not receive data: 9
[ 59832][E][WiFiUdp.cpp:221] parsePacket(): could not receive data: 9
[ 59837][E][WiFiUdp.cpp:221] parsePacket(): could not receive data: 9
[ 59842][E][WiFiUdp.cpp:221] parsePacket(): could not receive data: 9
[ 59847][E][WiFiUdp.cpp:221] parsePacket(): could not receive data: 9
[ 59852][E][WiFiUdp.cpp:221] parsePacket(): could not receive data: 9
[ 59857][E][WiFiUdp.cpp:221] parsePacket(): could not receive data: 9
[ 59862][E][WiFiUdp.cpp:221] parsePacket(): could not receive data: 9
[ 59867][E][WiFiUdp.cpp:221] parsePacket(): could not receive data: 9
[ 59872][E][WiFiUdp.cpp:221] parsePacket(): could not receive data: 9
[ 59877][E][WiFiUdp.cpp:221] parsePacket(): could not receive data: 9
[ 59882][E][WiFiUdp.cpp:221] parsePacket(): could not receive data: 9
[ 59887][E][WiFiUdp.cpp:221] parsePacket(): could not receive data: 9
[ 59892][E][WiFiUdp.cpp:221] parsePacket(): could not receive data: 9
[ 59897][E][WiFiUdp.cpp:221] parsePacket(): could not receive data: 9
[ 59902][E][WiFiUdp.cpp:221] parsePacket(): could not receive data: 9
[ 59907][E][WiFiUdp.cpp:221] parsePacket(): could not receive data: 9
[ 59912][E][WiFiUdp.cpp:221] parsePacket(): could not receive data: 9
[ 59917][E][WiFiUdp.cpp:221] parsePacket(): could not receive data: 9
[ 59922][E][WiFiUdp.cpp:221] parsePacket(): could not receive data: 9
[ 59927][E][WiFiUdp.cpp:221] parsePacket(): could not receive data: 9
[ 59932][E][WiFiUdp.cpp:221] parsePacket(): could not receive data: 9
[ 59937][E][WiFiUdp.cpp:221] parsePacket(): could not receive data: 9
[ 59942][E][WiFiUdp.cpp:221] parsePacket(): could not receive data: 9
[ 59947][E][WiFiUdp.cpp:221] parsePacket(): could not receive data: 9
[ 59952][E][WiFiUdp.cpp:221] parsePacket(): could not receive data: 9
[ 59957][E][WiFiUdp.cpp:221] parsePacket(): could not receive data: 9
[ 59962][E][WiFiUdp.cpp:221] parsePacket(): could not receive data: 9
[ 59967][E][WiFiUdp.cpp:221] parsePacket(): could not receive data: 9
[ 59972][E][WiFiUdp.cpp:221] parsePacket(): could not receive data: 9
[ 59977][E][WiFiUdp.cpp:221] parsePacket(): could not receive data: 9
[ 59982][E][WiFiUdp.cpp:221] parsePacket(): could not receive data: 9
[ 59987][E][WiFiUdp.cpp:221] parsePacket(): could not receive data: 9
[ 59992][E][WiFiUdp.cpp:221] parsePacket(): could not receive data: 9
[ 59997][E][WiFiUdp.cpp:221] parsePacket(): could not receive data: 9
[ 60002][E][WiFiUdp.cpp:221] parsePacket(): could not receive data: 9
[ 60007][E][WiFiUdp.cpp:221] parsePacket(): could not receive data: 9
[ 60012][E][WiFiUdp.cpp:221] parsePacket(): could not receive data: 9
[ 60017][E][WiFiUdp.cpp:221] parsePacket(): could not receive data: 9
[ 60022][E][WiFiUdp.cpp:221] parsePacket(): could not receive data: 9
[ 60027][E][WiFiUdp.cpp:221] parsePacket(): could not receive data: 9
[ 60032][E][WiFiUdp.cpp:221] parsePacket(): could not receive data: 9
[ 60038][E][WiFiUdp.cpp:221] parsePacket(): could not receive data: 9
[ 60043][E][WiFiUdp.cpp:221] parsePacket(): could not receive data: 9
[ 60048][E][WiFiUdp.cpp:221] parsePacket(): could not receive data: 9
[ 60053][E][WiFiUdp.cpp:221] parsePacket(): could not receive data: 9
[ 60058][E][WiFiUdp.cpp:221] parsePacket(): could not receive data: 9
[ 60063][E][WiFiUdp.cpp:221] parsePacket(): could not receive data: 9
[ 60068][E][WiFiUdp.cpp:221] parsePacket(): could not receive data: 9
[ 60073][E][WiFiUdp.cpp:221] parsePacket(): could not receive data: 9
[ 60078][E][WiFiUdp.cpp:221] parsePacket(): could not receive data: 9
[ 60083][E][WiFiUdp.cpp:221] parsePacket(): could not receive data: 9
[ 60088][E][WiFiUdp.cpp:221] parsePacket(): could not receive data: 9
[ 60093][E][WiFiUdp.cpp:221] parsePacket(): could not receive data: 9
[ 60098][E][WiFiUdp.cpp:221] parsePacket(): could not receive data: 9
[ 60103][E][WiFiUdp.cpp:221] parsePacket(): could not receive data: 9
[ 60108][E][WiFiUdp.cpp:221] parsePacket(): could not receive data: 9
[ 60113][E][WiFiUdp.cpp:221] parsePacket(): could not receive data: 9
[ 60118][E][WiFiUdp.cpp:221] parsePacket(): could not receive data: 9
[ 60123][E][WiFiUdp.cpp:221] parsePacket(): could not receive data: 9
[ 60128][E][WiFiUdp.cpp:221] parsePacket(): could not receive data: 9
[ 60133][E][WiFiUdp.cpp:221] parsePacket(): could not receive data: 9
[ 60138][E][WiFiUdp.cpp:221] parsePacket(): could not receive data: 9
[ 60143][E][WiFiUdp.cpp:221] parsePacket(): could not receive data: 9
[ 60148][E][WiFiUdp.cpp:221] parsePacket(): could not receive data: 9
[ 60153][E][WiFiUdp.cpp:221] parsePacket(): could not receive data: 9
[ 60158][E][WiFiUdp.cpp:221] parsePacket(): could not receive data: 9
[ 60163][E][WiFiUdp.cpp:221] parsePacket(): could not receive data: 9
[ 60168][E][WiFiUdp.cpp:221] parsePacket(): could not receive data: 9
[ 60173][E][WiFiUdp.cpp:221] parsePacket(): could not receive data: 9
[ 60178][E][WiFiUdp.cpp:221] parsePacket(): could not receive data: 9
[ 60183][E][WiFiUdp.cpp:221] parsePacket(): could not receive data: 9
[ 60188][E][WiFiUdp.cpp:221] parsePacket(): could not receive data: 9
[ 60193][E][WiFiUdp.cpp:221] parsePacket(): could not receive data: 9
[ 60198][E][WiFiUdp.cpp:221] parsePacket(): could not receive data: 9
[ 60203][E][WiFiUdp.cpp:221] parsePacket(): could not receive data: 9
[ 60208][E][WiFiUdp.cpp:221] parsePacket(): could not receive data: 9
[ 60214][E][WiFiUdp.cpp:221] parsePacket(): could not receive data: 9
[ 60218][E][WiFiUdp.cpp:221] parsePacket(): could not receive data: 9
[ 60223][E][WiFiUdp.cpp:221] parsePacket(): could not receive data: 9
[ 60228][E][WiFiUdp.cpp:221] parsePacket(): could not receive data: 9
[ 60233][E][WiFiUdp.cpp:221] parsePacket(): could not receive data: 9
[ 60238][E][WiFiUdp.cpp:221] parsePacket(): could not receive data: 9
[ 60243][E][WiFiUdp.cpp:221] parsePacket(): could not receive data: 9
[ 60248][E][WiFiUdp.cpp:221] parsePacket(): could not receive data: 9
[ 60253][E][WiFiUdp.cpp:221] parsePacket(): could not receive data: 9
[ 60258][E][WiFiUdp.cpp:221] parsePacket(): could not receive data: 9
[ 60263][E][WiFiUdp.cpp:221] parsePacket(): could not receive data: 9
[ 60268][E][WiFiUdp.cpp:221] parsePacket(): could not receive data: 9
[ 60273][E][WiFiUdp.cpp:221] parsePacket(): could not receive data: 9
[ 60278][E][WiFiUdp.cpp:221] parsePacket(): could not receive data: 9
[ 60283][E][WiFiUdp.cpp:221] parsePacket(): could not receive data: 9
[ 60288][E][WiFiUdp.cpp:221] parsePacket(): could not receive data: 9
[ 60293][E][WiFiUdp.cpp:221] parsePacket(): could not receive data: 9
[ 60298][E][WiFiUdp.cpp:221] parsePacket(): could not receive data: 9
[ 60303][E][WiFiUdp.cpp:221] parsePacket(): could not receive data: 9
[ 60308][E][WiFiUdp.cpp:221] parsePacket(): could not receive data: 9
[ 60313][E][WiFiUdp.cpp:221] parsePacket(): could not receive data: 9
[ 60318][E][WiFiUdp.cpp:221] parsePacket(): could not receive data: 9
[ 60323][E][WiFiUdp.cpp:221] parsePacket(): could not receive data: 9
[ 60328][E][WiFiUdp.cpp:221] parsePacket(): could not receive data: 9
[ 60333][E][WiFiUdp.cpp:221] parsePacket(): could not receive data: 9
[ 60338][E][WiFiUdp.cpp:221] parsePacket(): could not receive data: 9
[ 60343][E][WiFiUdp.cpp:221] parsePacket(): could not receive data: 9
[ 60348][E][WiFiUdp.cpp:221] parsePacket(): could not receive data: 9
[ 60353][E][WiFiUdp.cpp:221] parsePacket(): could not receive data: 9
[ 60359][E][WiFiUdp.cpp:221] parsePacket(): could not receive data: 9
[ 60364][E][WiFiUdp.cpp:221] parsePacket(): could not receive data: 9
[ 60370][E][WiFiUdp.cpp:221] parsePacket(): could not receive data: 9
[ 60376][E][WiFiUdp.cpp:221] parsePacket(): could not receive data: 9
[ 60382][E][WiFiUdp.cpp:221] parsePacket(): could not receive data: 9
[ 60387][E][WiFiUdp.cpp:221] parsePacket(): could not receive data: 9
[ 60392][E][WiFiUdp.cpp:221] parsePacket(): could not receive data: 9
[ 60397][E][WiFiUdp.cpp:221] parsePacket(): could not receive data: 9
[ 60402][E][WiFiUdp.cpp:221] parsePacket(): could not receive data: 9
[ 60407][E][WiFiUdp.cpp:221] parsePacket(): could not receive data: 9
[ 60413][E][WiFiUdp.cpp:221] parsePacket(): could not receive data: 9
[ 60418][E][WiFiUdp.cpp:221] parsePacket(): could not receive data: 9
[ 60423][E][WiFiUdp.cpp:221] parsePacket(): could not receive data: 9
[ 60428][E][WiFiUdp.cpp:221] parsePacket(): could not receive data: 9
[ 60433][E][WiFiUdp.cpp:221] parsePacket(): could not receive data: 9
[ 60438][E][WiFiUdp.cpp:221] parsePacket(): could not receive data: 9
[ 60443][E][WiFiUdp.cpp:221] parsePacket(): could not receive data: 9
[ 60448][E][WiFiUdp.cpp:221] parsePacket(): could not receive data: 9
[ 60453][E][WiFiUdp.cpp:221] parsePacket(): could not receive data: 9
[ 60458][E][WiFiUdp.cpp:221] parsePacket(): could not receive data: 9
[ 60464][E][WiFiUdp.cpp:221] parsePacket(): could not receive data: 9
[ 60469][E][WiFiUdp.cpp:221] parsePacket(): could not receive data: 9
[ 60474][E][WiFiUdp.cpp:221] parsePacket(): could not receive data: 9
[ 60479][E][WiFiUdp.cpp:221] parsePacket(): could not receive data: 9
[ 60484][E][WiFiUdp.cpp:221] parsePacket(): could not receive data: 9
[ 60489][E][WiFiUdp.cpp:221] parsePacket(): could not receive data: 9
[ 60494][E][WiFiUdp.cpp:221] parsePacket(): could not receive data: 9
[ 60499][E][WiFiUdp.cpp:221] parsePacket(): could not receive data: 9
[ 60504][E][WiFiUdp.cpp:221] parsePacket(): could not receive data: 9
[ 60509][E][WiFiUdp.cpp:221] parsePacket(): could not receive data: 9
[ 60514][E][WiFiUdp.cpp:221] parsePacket(): could not receive data: 9
[ 60519][E][WiFiUdp.cpp:221] parsePacket(): could not receive data: 9
[ 60524][E][WiFiUdp.cpp:221] parsePacket(): could not receive data: 9
[ 60530][E][WiFiUdp.cpp:221] parsePacket(): could not receive data: 9
[ 60536][E][WiFiUdp.cpp:221] parsePacket(): could not receive data: 9
[ 60542][E][WiFiUdp.cpp:221] parsePacket(): could not receive data: 9
[ 60547][E][WiFiUdp.cpp:221] parsePacket(): could not receive data: 9
[ 60552][E][WiFiUdp.cpp:221] parsePacket(): could not receive data: 9
[ 60557][E][WiFiUdp.cpp:221] parsePacket(): could not receive data: 9
[ 60562][E][WiFiUdp.cpp:221] parsePacket(): could not receive data: 9
[ 60567][E][WiFiUdp.cpp:221] parsePacket(): could not receive data: 9
[ 60572][E][WiFiUdp.cpp:221] parsePacket(): could not receive data: 9
[ 60577][E][WiFiUdp.cpp:221] parsePacket(): could not receive data: 9
[ 60582][E][WiFiUdp.cpp:221] parsePacket(): could not receive data: 9
[ 60587][E][WiFiUdp.cpp:221] parsePacket(): could not receive data: 9
[ 60592][E][WiFiUdp.cpp:221] parsePacket(): could not receive data: 9
[ 60597][E][WiFiUdp.cpp:221] parsePacket(): could not receive data: 9
[ 60602][E][WiFiUdp.cpp:221] parsePacket(): could not receive data: 9
[ 60607][E][WiFiUdp.cpp:221] parsePacket(): could not receive data: 9
[ 60612][E][WiFiUdp.cpp:221] parsePacket(): could not receive data: 9
[ 60617][E][WiFiUdp.cpp:221] parsePacket(): could not receive data: 9
[ 60622][E][WiFiUdp.cpp:221] parsePacket(): could not receive data: 9
[ 60627][E][WiFiUdp.cpp:221] parsePacket(): could not receive data: 9
[ 60633][E][WiFiUdp.cpp:221] parsePacket(): could not receive data: 9
[ 60638][E][WiFiUdp.cpp:221] parsePacket(): could not receive data: 9
[ 60643][E][WiFiUdp.cpp:221] parsePacket(): could not receive data: 9
[ 60648][E][WiFiUdp.cpp:221] parsePacket(): could not receive data: 9
[ 60653][E][WiFiUdp.cpp:221] parsePacket(): could not receive data: 9
[ 60658][E][WiFiUdp.cpp:221] parsePacket(): could not receive data: 9
[ 60663][E][WiFiUdp.cpp:221] parsePacket(): could not receive data: 9
[ 60668][E][WiFiUdp.cpp:221] parsePacket(): could not receive data: 9
[ 60673][E][WiFiUdp.cpp:221] parsePacket(): could not receive data: 9
[ 60678][E][WiFiUdp.cpp:221] parsePacket(): could not receive data: 9
[ 60683][E][WiFiUdp.cpp:221] parsePacket(): could not receive data: 9
[ 60688][E][WiFiUdp.cpp:221] parsePacket(): could not receive data: 9
[ 60693][E][WiFiUdp.cpp:221] parsePacket(): could not receive data: 9
[ 60698][E][WiFiUdp.cpp:221] parsePacket(): could not receive data: 9
[ 60703][E][WiFiUdp.cpp:221] parsePacket(): could not receive data: 9
[ 60708][E][WiFiUdp.cpp:221] parsePacket(): could not receive data: 9
[ 60713][E][WiFiUdp.cpp:221] parsePacket(): could not receive data: 9
[ 60718][E][WiFiUdp.cpp:221] parsePacket(): could not receive data: 9
[ 60723][E][WiFiUdp.cpp:221] parsePacket(): could not receive data: 9
[ 60728][E][WiFiUdp.cpp:221] parsePacket(): could not receive data: 9
[ 60733][E][WiFiUdp.cpp:221] parsePacket(): could not receive data: 9
[ 60738][E][WiFiUdp.cpp:221] parsePacket(): could not receive data: 9
[ 60743][E][WiFiUdp.cpp:221] parsePacket(): could not receive data: 9
[ 60748][E][WiFiUdp.cpp:221] parsePacket(): could not receive data: 9
[ 60753][E][WiFiUdp.cpp:221] parsePacket(): could not receive data: 9
[ 60758][E][WiFiUdp.cpp:221] parsePacket(): could not receive data: 9
[ 60763][E][WiFiUdp.cpp:221] parsePacket(): could not receive data: 9
[ 60768][E][WiFiUdp.cpp:221] parsePacket(): could not receive data: 9
[ 60773][E][WiFiUdp.cpp:221] parsePacket(): could not receive data: 9
[ 60778][E][WiFiUdp.cpp:221] parsePacket(): could not receive data: 9
[ 60783][E][WiFiUdp.cpp:221] parsePacket(): could not receive data: 9
[ 60788][E][WiFiUdp.cpp:221] parsePacket(): could not receive data: 9
[ 60793][E][WiFiUdp.cpp:221] parsePacket(): could not receive data: 9
[ 60798][E][WiFiUdp.cpp:221] parsePacket(): could not receive data: 9
[ 60803][E][WiFiUdp.cpp:221] parsePacket(): could not receive data: 9
[ 60808][E][WiFiUdp.cpp:221] parsePacket(): could not receive data: 9
[ 60813][E][WiFiUdp.cpp:221] parsePacket(): could not receive data: 9
[ 60818][E][WiFiUdp.cpp:221] parsePacket(): could not receive data: 9
[ 60823][E][WiFiUdp.cpp:221] parsePacket(): could not receive data: 9
[ 60828][E][WiFiUdp.cpp:221] parsePacket(): could not receive data: 9
[ 60834][E][WiFiUdp.cpp:221] parsePacket(): could not receive data: 9
[ 60839][E][WiFiUdp.cpp:221] parsePacket(): could not receive data: 9
[ 60844][E][WiFiUdp.cpp:221] parsePacket(): could not receive data: 9
[ 60849][E][WiFiUdp.cpp:221] parsePacket(): could not receive data: 9
[ 60854][E][WiFiUdp.cpp:221] parsePacket(): could not receive data: 9
[ 60859][E][WiFiUdp.cpp:221] parsePacket(): could not receive data: 9
[ 60864][E][WiFiUdp.cpp:221] parsePacket(): could not receive data: 9
[ 60869][E][WiFiUdp.cpp:221] parsePacket(): could not receive data: 9
[ 60874][E][WiFiUdp.cpp:221] parsePacket(): could not receive data: 9
[ 60879][E][WiFiUdp.cpp:221] parsePacket(): could not receive data: 9
[ 60884][E][WiFiUdp.cpp:221] parsePacket(): could not receive data: 9
[ 60889][E][WiFiUdp.cpp:221] parsePacket(): could not receive data: 9
[ 60894][E][WiFiUdp.cpp:221] parsePacket(): could not receive data: 9
[ 60899][E][WiFiUdp.cpp:221] parsePacket(): could not receive data: 9
[ 60904][E][WiFiUdp.cpp:221] parsePacket(): could not receive data: 9
[ 60909][E][WiFiUdp.cpp:221] parsePacket(): could not receive data: 9
[ 60914][E][WiFiUdp.cpp:221] parsePacket(): could not receive data: 9
[ 60919][E][WiFiUdp.cpp:221] parsePacket(): could not receive data: 9
[ 60924][E][WiFiUdp.cpp:221] parsePacket(): could not receive data: 9
[ 60929][E][WiFiUdp.cpp:221] parsePacket(): could not receive data: 9
[ 60934][E][WiFiUdp.cpp:221] parsePacket(): could not receive data: 9
[ 60939][E][WiFiUdp.cpp:221] parsePacket(): could not receive data: 9
[ 60944][E][WiFiUdp.cpp:221] parsePacket(): could not receive data: 9
[ 60949][E][WiFiUdp.cpp:221] parsePacket(): could not receive data: 9
[ 60954][E][WiFiUdp.cpp:221] parsePacket(): could not receive data: 9
[ 60959][E][WiFiUdp.cpp:221] parsePacket(): could not receive data: 9
[ 60964][E][WiFiUdp.cpp:221] parsePacket(): could not receive data: 9
[ 60969][E][WiFiUdp.cpp:221] parsePacket(): could not receive data: 9
[ 60974][E][WiFiUdp.cpp:221] parsePacket(): could not receive data: 9
[ 60979][E][WiFiUdp.cpp:221] parsePacket(): could not receive data: 9
[ 60984][E][WiFiUdp.cpp:221] parsePacket(): could not receive data: 9
[ 60989][E][WiFiUdp.cpp:221] parsePacket(): could not receive data: 9
[ 60994][E][WiFiUdp.cpp:221] parsePacket(): could not receive data: 9
[ 60999][E][WiFiUdp.cpp:221] parsePacket(): could not receive data: 9
[ 61004][E][WiFiUdp.cpp:221] parsePacket(): could not receive data: 9
[ 61009][E][WiFiUdp.cpp:221] parsePacket(): could not receive data: 9
[ 61014][E][WiFiUdp.cpp:221] parsePacket(): could not receive data: 9
[ 61019][E][WiFiUdp.cpp:221] parsePacket(): could not receive data: 9
[ 61024][E][WiFiUdp.cpp:221] parsePacket(): could not receive data: 9
[ 61030][E][WiFiUdp.cpp:221] parsePacket(): could not receive data: 9
[ 61035][E][WiFiUdp.cpp:221] parsePacket(): could not receive data: 9
[ 61040][E][WiFiUdp.cpp:221] parsePacket(): could not receive data: 9
[ 61045][E][WiFiUdp.cpp:221] parsePacket(): could not receive data: 9
[ 61050][E][WiFiUdp.cpp:221] parsePacket(): could not receive data: 9
[ 61055][E][WiFiUdp.cpp:221] parsePacket(): could not receive data: 9
[ 61060][E][WiFiUdp.cpp:221] parsePacket(): could not receive data: 9
[ 61065][E][WiFiUdp.cpp:221] parsePacket(): could not receive data: 9
[ 61070][E][WiFiUdp.cpp:221] parsePacket(): could not receive data: 9
[ 61075][E][WiFiUdp.cpp:221] parsePacket(): could not receive data: 9
[ 61080][E][WiFiUdp.cpp:221] parsePacket(): could not receive data: 9
[ 61085][E][WiFiUdp.cpp:221] parsePacket(): could not receive data: 9
[ 61090][E][WiFiUdp.cpp:221] parsePacket(): could not receive data: 9
[ 61095][E][WiFiUdp.cpp:221] parsePacket(): could not receive data: 9
[ 61100][E][WiFiUdp.cpp:221] parsePacket(): could not receive data: 9
[ 61105][E][WiFiUdp.cpp:221] parsePacket(): could not receive data: 9
[ 61110][E][WiFiUdp.cpp:221] parsePacket(): could not receive data: 9
[ 61115][E][WiFiUdp.cpp:221] parsePacket(): could not receive data: 9
[ 61120][E][WiFiUdp.cpp:221] parsePacket(): could not receive data: 9
[ 61125][E][WiFiUdp.cpp:221] parsePacket(): could not receive data: 9
[ 61130][E][WiFiUdp.cpp:221] parsePacket(): could not receive data: 9
[ 61135][E][WiFiUdp.cpp:221] parsePacket(): could not receive data: 9
[ 61140][E][WiFiUdp.cpp:221] parsePacket(): could not receive data: 9
[ 61145][E][WiFiUdp.cpp:221] parsePacket(): could not receive data: 9
[ 61150][E][WiFiUdp.cpp:221] parsePacket(): could not receive data: 9
[ 61155][E][WiFiUdp.cpp:221] parsePacket(): could not receive data: 9
[ 61160][E][WiFiUdp.cpp:221] parsePacket(): could not receive data: 9
[ 61165][E][WiFiUdp.cpp:221] parsePacket(): could not receive data: 9
[ 61170][E][WiFiUdp.cpp:221] parsePacket(): could not receive data: 9
[ 61175][E][WiFiUdp.cpp:221] parsePacket(): could not receive data: 9
[ 61180][E][WiFiUdp.cpp:221] parsePacket(): could not receive data: 9
[ 61185][E][WiFiUdp.cpp:221] parsePacket(): could not receive data: 9
[ 61190][E][WiFiUdp.cpp:221] parsePacket(): could not receive data: 9
[ 61195][E][WiFiUdp.cpp:221] parsePacket(): could not receive data: 9
[ 61200][E][WiFiUdp.cpp:221] parsePacket(): could not receive data: 9
[ 61205][E][WiFiUdp.cpp:221] parsePacket(): could not receive data: 9
[ 61210][E][WiFiUdp.cpp:221] parsePacket(): could not receive data: 9
[ 61215][E][WiFiUdp.cpp:221] parsePacket(): could not receive data: 9
[ 61220][E][WiFiUdp.cpp:221] parsePacket(): could not receive data: 9
[ 61225][E][WiFiUdp.cpp:221] parsePacket(): could not receive data: 9
[ 61230][E][WiFiUdp.cpp:221] parsePacket(): could not receive data: 9
[ 61235][E][WiFiUdp.cpp:221] parsePacket(): could not receive data: 9
[ 61240][E][WiFiUdp.cpp:221] parsePacket(): could not receive data: 9
[ 61245][E][WiFiUdp.cpp:221] parsePacket(): could not receive data: 9
[ 61250][E][WiFiUdp.cpp:221] parsePacket(): could not receive data: 9
[ 61255][E][WiFiUdp.cpp:221] parsePacket(): could not receive data: 9
[ 61260][E][WiFiUdp.cpp:221] parsePacket(): could not receive data: 9
[ 61265][E][WiFiUdp.cpp:221] parsePacket(): could not receive data: 9
[ 61270][E][WiFiUdp.cpp:221] parsePacket(): could not receive data: 9
[ 61275][E][WiFiUdp.cpp:221] parsePacket(): could not receive data: 9
[ 61280][E][WiFiUdp.cpp:221] parsePacket(): could not receive data: 9
[ 61285][E][WiFiUdp.cpp:221] parsePacket(): could not receive data: 9
[ 61290][E][WiFiUdp.cpp:221] parsePacket(): could not receive data: 9
[ 61295][E][WiFiUdp.cpp:221] parsePacket(): could not receive data: 9
[ 61300][E][WiFiUdp.cpp:221] parsePacket(): could not receive data: 9
[ 61305][E][WiFiUdp.cpp:221] parsePacket(): could not receive data: 9
[ 61310][E][WiFiUdp.cpp:221] parsePacket(): could not receive data: 9
[ 61315][E][WiFiUdp.cpp:221] parsePacket(): could not receive data: 9
[ 61320][E][WiFiUdp.cpp:221] parsePacket(): could not receive data: 9
[ 61325][E][WiFiUdp.cpp:221] parsePacket(): could not receive data: 9
[ 61330][E][WiFiUdp.cpp:221] parsePacket(): could not receive data: 9
[ 61335][E][WiFiUdp.cpp:221] parsePacket(): could not receive data: 9
[ 61340][E][WiFiUdp.cpp:221] parsePacket(): could not receive data: 9
[ 61345][E][WiFiUdp.cpp:221] parsePacket(): could not receive data: 9
[ 61351][E][WiFiUdp.cpp:221] parsePacket(): could not receive data: 9
[ 61356][E][WiFiUdp.cpp:221] parsePacket(): could not receive data: 9
[ 61361][E][WiFiUdp.cpp:221] parsePacket(): could not receive data: 9
[ 61366][E][WiFiUdp.cpp:221] parsePacket(): could not receive data: 9
[ 61371][E][WiFiUdp.cpp:221] parsePacket(): could not receive data: 9
[ 61376][E][WiFiUdp.cpp:221] parsePacket(): could not receive data: 9
[ 61381][E][WiFiUdp.cpp:221] parsePacket(): could not receive data: 9
[ 61386][E][WiFiUdp.cpp:221] parsePacket(): could not receive data: 9
[ 61391][E][WiFiUdp.cpp:221] parsePacket(): could not receive data: 9
[ 61397][E][WiFiUdp.cpp:221] parsePacket(): could not receive data: 9
[ 61402][E][WiFiUdp.cpp:221] parsePacket(): could not receive data: 9
[ 61408][E][WiFiUdp.cpp:221] parsePacket(): could not receive data: 9
[ 61414][E][WiFiUdp.cpp:221] parsePacket(): could not receive data: 9
[ 61419][E][WiFiUdp.cpp:221] parsePacket(): could not receive data: 9
[ 61424][E][WiFiUdp.cpp:221] parsePacket(): could not receive data: 9
[ 61429][E][WiFiUdp.cpp:221] parsePacket(): could not receive data: 9
[ 61434][E][WiFiUdp.cpp:221] parsePacket(): could not receive data: 9
[ 61439][E][WiFiUdp.cpp:221] parsePacket(): could not receive data: 9
[ 61444][E][WiFiUdp.cpp:221] parsePacket(): could not receive data: 9
[ 61449][E][WiFiUdp.cpp:221] parsePacket(): could not receive data: 9
[ 61454][E][WiFiUdp.cpp:221] parsePacket(): could not receive data: 9
[ 61459][E][WiFiUdp.cpp:221] parsePacket(): could not receive data: 9
[ 61464][E][WiFiUdp.cpp:221] parsePacket(): could not receive data: 9
[ 61469][E][WiFiUdp.cpp:221] parsePacket(): could not receive data: 9
[ 61474][E][WiFiUdp.cpp:221] parsePacket(): could not receive data: 9
[ 61480][E][WiFiUdp.cpp:221] parsePacket(): could not receive data: 9
[ 61485][E][WiFiUdp.cpp:221] parsePacket(): could not receive data: 9
[ 61490][E][WiFiUdp.cpp:221] parsePacket(): could not receive data: 9
[ 61495][E][WiFiUdp.cpp:221] parsePacket(): could not receive data: 9
[ 61500][E][WiFiUdp.cpp:221] parsePacket(): could not receive data: 9
[ 61505][E][WiFiUdp.cpp:221] parsePacket(): could not receive data: 9
[ 61510][E][WiFiUdp.cpp:221] parsePacket(): could not receive data: 9
[ 61515][E][WiFiUdp.cpp:221] parsePacket(): could not receive data: 9
[ 61520][E][WiFiUdp.cpp:221] parsePacket(): could not receive data: 9
[ 61525][E][WiFiUdp.cpp:221] parsePacket(): could not receive data: 9
[ 61530][E][WiFiUdp.cpp:221] parsePacket(): could not receive data: 9
[ 61535][E][WiFiUdp.cpp:221] parsePacket(): could not receive data: 9
[ 61540][E][WiFiUdp.cpp:221] parsePacket(): could not receive data: 9
[ 61545][E][WiFiUdp.cpp:221] parsePacket(): could not receive data: 9
[ 61550][E][WiFiUdp.cpp:221] parsePacket(): could not receive data: 9
[ 61555][E][WiFiUdp.cpp:221] parsePacket(): could not receive data: 9
[ 61560][E][WiFiUdp.cpp:221] parsePacket(): could not receive data: 9
[ 61566][E][WiFiUdp.cpp:221] parsePacket(): could not receive data: 9
[ 61571][E][WiFiUdp.cpp:221] parsePacket(): could not receive data: 9
[ 61576][E][WiFiUdp.cpp:221] parsePacket(): could not receive data: 9
[ 61581][E][WiFiUdp.cpp:221] parsePacket(): could not receive data: 9
[ 61587][E][WiFiUdp.cpp:221] parsePacket(): could not receive data: 9
[ 61592][E][WiFiUdp.cpp:221] parsePacket(): could not receive data: 9
[ 61597][E][WiFiUdp.cpp:221] parsePacket(): could not receive data: 9
[ 61602][E][WiFiUdp.cpp:221] parsePacket(): could not receive data: 9
[ 61607][E][WiFiUdp.cpp:221] parsePacket(): could not receive data: 9
[ 61612][E][WiFiUdp.cpp:221] parsePacket(): could not receive data: 9
[ 61617][E][WiFiUdp.cpp:221] parsePacket(): could not receive data: 9
[ 61622][E][WiFiUdp.cpp:221] parsePacket(): could not receive data: 9
[ 61627][E][WiFiUdp.cpp:221] parsePacket(): could not receive data: 9
[ 61632][E][WiFiUdp.cpp:221] parsePacket(): could not receive data: 9
[ 61637][E][WiFiUdp.cpp:221] parsePacket(): could not receive data: 9
[ 61642][E][WiFiUdp.cpp:221] parsePacket(): could not receive data: 9
[ 61647][E][WiFiUdp.cpp:221] parsePacket(): could not receive data: 9
[ 61652][E][WiFiUdp.cpp:221] parsePacket(): could not receive data: 9
[ 61657][E][WiFiUdp.cpp:221] parsePacket(): could not receive data: 9
[ 61662][E][WiFiUdp.cpp:221] parsePacket(): could not receive data: 9
[ 61667][E][WiFiUdp.cpp:221] parsePacket(): could not receive data: 9
[ 61673][E][WiFiUdp.cpp:221] parsePacket(): could not receive data: 9
[ 61678][E][WiFiUdp.cpp:221] parsePacket(): could not receive data: 9
[ 61683][E][WiFiUdp.cpp:221] parsePacket(): could not receive data: 9
[ 61688][E][WiFiUdp.cpp:221] parsePacket(): could not receive data: 9
[ 61693][E][WiFiUdp.cpp:221] parsePacket(): could not receive data: 9
[ 61698][E][WiFiUdp.cpp:221] parsePacket(): could not receive data: 9
[ 61703][E][WiFiUdp.cpp:221] parsePacket(): could not receive data: 9
[ 61708][E][WiFiUdp.cpp:221] parsePacket(): could not receive data: 9
[ 61713][E][WiFiUdp.cpp:221] parsePacket(): could not receive data: 9
[ 61718][E][WiFiUdp.cpp:221] parsePacket(): could not receive data: 9
[ 61723][E][WiFiUdp.cpp:221] parsePacket(): could not receive data: 9
[ 61728][E][WiFiUdp.cpp:221] parsePacket(): could not receive data: 9
[ 61733][E][WiFiUdp.cpp:221] parsePacket(): could not receive data: 9
[ 61738][E][WiFiUdp.cpp:221] parsePacket(): could not receive data: 9
[ 61743][E][WiFiUdp.cpp:221] parsePacket(): could not receive data: 9
[ 61748][E][WiFiUdp.cpp:221] parsePacket(): could not receive data: 9
[ 61753][E][WiFiUdp.cpp:221] parsePacket(): could not receive data: 9
[ 61758][E][WiFiUdp.cpp:221] parsePacket(): could not receive data: 9
[ 61763][E][WiFiUdp.cpp:221] parsePacket(): could not receive data: 9
[ 61768][E][WiFiUdp.cpp:221] parsePacket(): could not receive data: 9
[ 61773][E][WiFiUdp.cpp:221] parsePacket(): could not receive data: 9
[ 61778][E][WiFiUdp.cpp:221] parsePacket(): could not receive data: 9
[ 61783][E][WiFiUdp.cpp:221] parsePacket(): could not receive data: 9
[ 61788][E][WiFiUdp.cpp:221] parsePacket(): could not receive data: 9
[ 61793][E][WiFiUdp.cpp:221] parsePacket(): could not receive data: 9
[ 61798][E][WiFiUdp.cpp:221] parsePacket(): could not receive data: 9
[ 61803][E][WiFiUdp.cpp:221] parsePacket(): could not receive data: 9
[ 61808][E][WiFiUdp.cpp:221] parsePacket(): could not receive data: 9
[ 61813][E][WiFiUdp.cpp:221] parsePacket(): could not receive data: 9
[ 61818][E][WiFiUdp.cpp:221] parsePacket(): could not receive data: 9
[ 61823][E][WiFiUdp.cpp:221] parsePacket(): could not receive data: 9
[ 61828][E][WiFiUdp.cpp:221] parsePacket(): could not receive data: 9
[ 61833][E][WiFiUdp.cpp:221] parsePacket(): could not receive data: 9
[ 61838][E][WiFiUdp.cpp:221] parsePacket(): could not receive data: 9
[ 61843][E][WiFiUdp.cpp:221] parsePacket(): could not receive data: 9
[ 61848][E][WiFiUdp.cpp:221] parsePacket(): could not receive data: 9
[ 61853][E][WiFiUdp.cpp:221] parsePacket(): could not receive data: 9
[ 61858][E][WiFiUdp.cpp:221] parsePacket(): could not receive data: 9
[ 61863][E][WiFiUdp.cpp:221] parsePacket(): could not receive data: 9
[ 61868][E][WiFiUdp.cpp:221] parsePacket(): could not receive data: 9
[ 61873][E][WiFiUdp.cpp:221] parsePacket(): could not receive data: 9
[ 61878][E][WiFiUdp.cpp:221] parsePacket(): could not receive data: 9
[ 61883][E][WiFiUdp.cpp:221] parsePacket(): could not receive data: 9
[ 61888][E][WiFiUdp.cpp:221] parsePacket(): could not receive data: 9
[ 61893][E][WiFiUdp.cpp:221] parsePacket(): could not receive data: 9
[ 61898][E][WiFiUdp.cpp:221] parsePacket(): could not receive data: 9
[ 61903][E][WiFiUdp.cpp:221] parsePacket(): could not receive data: 9
[ 61908][E][WiFiUdp.cpp:221] parsePacket(): could not receive data: 9
[ 61913][E][WiFiUdp.cpp:221] parsePacket(): could not receive data: 9
[ 61918][E][WiFiUdp.cpp:221] parsePacket(): could not receive data: 9
[ 61923][E][WiFiUdp.cpp:221] parsePacket(): could not receive data: 9
[ 61928][E][WiFiUdp.cpp:221] parsePacket(): could not receive data: 9
[ 61933][E][WiFiUdp.cpp:221] parsePacket(): could not receive data: 9
[ 61938][E][WiFiUdp.cpp:221] parsePacket(): could not receive data: 9
[ 61943][E][WiFiUdp.cpp:221] parsePacket(): could not receive data: 9
[ 61948][E][WiFiUdp.cpp:221] parsePacket(): could not receive data: 9
[ 61953][E][WiFiUdp.cpp:221] parsePacket(): could not receive data: 9
[ 61958][E][WiFiUdp.cpp:221] parsePacket(): could not receive data: 9
[ 61963][E][WiFiUdp.cpp:221] parsePacket(): could not receive data: 9
[ 61968][E][WiFiUdp.cpp:221] parsePacket(): could not receive data: 9
[ 61973][E][WiFiUdp.cpp:221] parsePacket(): could not receive data: 9
[ 61978][E][WiFiUdp.cpp:221] parsePacket(): could not receive data: 9
[ 61983][E][WiFiUdp.cpp:221] parsePacket(): could not receive data: 9
[ 61988][E][WiFiUdp.cpp:221] parsePacket(): could not receive data: 9
[ 61993][E][WiFiUdp.cpp:221] parsePacket(): could not receive data: 9
[ 61998][E][WiFiUdp.cpp:221] parsePacket(): could not receive data: 9
[ 62003][E][WiFiUdp.cpp:221] parsePacket(): could not receive data: 9
[ 62009][E][WiFiUdp.cpp:221] parsePacket(): could not receive data: 9
[ 62014][E][WiFiUdp.cpp:221] parsePacket(): could not receive data: 9
[ 62020][E][WiFiUdp.cpp:221] parsePacket(): could not receive data: 9
[ 62025][E][WiFiUdp.cpp:221] parsePacket(): could not receive data: 9
[ 62030][E][WiFiUdp.cpp:221] parsePacket(): could not receive data: 9
[ 62035][E][WiFiUdp.cpp:221] parsePacket(): could not receive data: 9
[ 62040][E][WiFiUdp.cpp:221] parsePacket(): could not receive data: 9
[ 62045][E][WiFiUdp.cpp:221] parsePacket(): could not receive data: 9
[ 62050][E][WiFiUdp.cpp:221] parsePacket(): could not receive data: 9
[ 62055][E][WiFiUdp.cpp:221] parsePacket(): could not receive data: 9
[ 62060][E][WiFiUdp.cpp:221] parsePacket(): could not receive data: 9
[ 62065][E][WiFiUdp.cpp:221] parsePacket(): could not receive data: 9
[ 62070][E][WiFiUdp.cpp:221] parsePacket(): could not receive data: 9
[ 62075][E][WiFiUdp.cpp:221] parsePacket(): could not receive data: 9
[ 62080][E][WiFiUdp.cpp:221] parsePacket(): could not receive data: 9
[ 62085][E][WiFiUdp.cpp:221] parsePacket(): could not receive data: 9
[ 62090][E][WiFiUdp.cpp:221] parsePacket(): could not receive data: 9
[ 62095][E][WiFiUdp.cpp:221] parsePacket(): could not receive data: 9
[ 62100][E][WiFiUdp.cpp:221] parsePacket(): could not receive data: 9
[ 62105][E][WiFiUdp.cpp:221] parsePacket(): could not receive data: 9
[ 62110][E][WiFiUdp.cpp:221] parsePacket(): could not receive data: 9
[ 62115][E][WiFiUdp.cpp:221] parsePacket(): could not receive data: 9
[ 62120][E][WiFiUdp.cpp:221] parsePacket(): could not receive data: 9
[ 62125][E][WiFiUdp.cpp:221] parsePacket(): could not receive data: 9
[ 62130][E][WiFiUdp.cpp:221] parsePacket(): could not receive data: 9
[ 62135][E][WiFiUdp.cpp:221] parsePacket(): could not receive data: 9
[ 62140][E][WiFiUdp.cpp:221] parsePacket(): could not receive data: 9
[ 62146][E][WiFiUdp.cpp:221] parsePacket(): could not receive data: 9
[ 62151][E][WiFiUdp.cpp:221] parsePacket(): could not receive data: 9
[ 62156][E][WiFiUdp.cpp:221] parsePacket(): could not receive data: 9
[ 62161][E][WiFiUdp.cpp:221] parsePacket(): could not receive data: 9
[ 62166][E][WiFiUdp.cpp:221] parsePacket(): could not receive data: 9
[ 62171][E][WiFiUdp.cpp:221] parsePacket(): could not receive data: 9
[ 62176][E][WiFiUdp.cpp:221] parsePacket(): could not receive data: 9
[ 62182][E][WiFiUdp.cpp:221] parsePacket(): could not receive data: 9
[ 62187][E][WiFiUdp.cpp:221] parsePacket(): could not receive data: 9
[ 62193][E][WiFiUdp.cpp:221] parsePacket(): could not receive data: 9
[ 62199][E][WiFiUdp.cpp:221] parsePacket(): could not receive data: 9
[ 62204][E][WiFiUdp.cpp:221] parsePacket(): could not receive data: 9
[ 62210][E][WiFiUdp.cpp:221] parsePacket(): could not receive data: 9
[ 62215][E][WiFiUdp.cpp:221] parsePacket(): could not receive data: 9
[ 62220][E][WiFiUdp.cpp:221] parsePacket(): could not receive data: 9
[ 62225][E][WiFiUdp.cpp:221] parsePacket(): could not receive data: 9
[ 62230][E][WiFiUdp.cpp:221] parsePacket(): could not receive data: 9
[ 62235][E][WiFiUdp.cpp:221] parsePacket(): could not receive data: 9
[ 62240][E][WiFiUdp.cpp:221] parsePacket(): could not receive data: 9
[ 62245][E][WiFiUdp.cpp:221] parsePacket(): could not receive data: 9
[ 62250][E][WiFiUdp.cpp:221] parsePacket(): could not receive data: 9
[ 62255][E][WiFiUdp.cpp:221] parsePacket(): could not receive data: 9
[ 62260][E][WiFiUdp.cpp:221] parsePacket(): could not receive data: 9
[ 62265][E][WiFiUdp.cpp:221] parsePacket(): could not receive data: 9
[ 62270][E][WiFiUdp.cpp:221] parsePacket(): could not receive data: 9
[ 62275][E][WiFiUdp.cpp:221] parsePacket(): could not receive data: 9
[ 62280][E][WiFiUdp.cpp:221] parsePacket(): could not receive data: 9
[ 62285][E][WiFiUdp.cpp:221] parsePacket(): could not receive data: 9
[ 62290][E][WiFiUdp.cpp:221] parsePacket(): could not receive data: 9
[ 62295][E][WiFiUdp.cpp:221] parsePacket(): could not receive data: 9
[ 62300][E][WiFiUdp.cpp:221] parsePacket(): could not receive data: 9
[ 62305][E][WiFiUdp.cpp:221] parsePacket(): could not receive data: 9
[ 62310][E][WiFiUdp.cpp:221] parsePacket(): could not receive data: 9
[ 62315][E][WiFiUdp.cpp:221] parsePacket(): could not receive data: 9
[ 62320][E][WiFiUdp.cpp:221] parsePacket(): could not receive data: 9
[ 62325][E][WiFiUdp.cpp:221] parsePacket(): could not receive data: 9
[ 62330][E][WiFiUdp.cpp:221] parsePacket(): could not receive data: 9
[ 62335][E][WiFiUdp.cpp:221] parsePacket(): could not receive data: 9
[ 62340][E][WiFiUdp.cpp:221] parsePacket(): could not receive data: 9
[ 62345][E][WiFiUdp.cpp:221] parsePacket(): could not receive data: 9
[ 62350][E][WiFiUdp.cpp:221] parsePacket(): could not receive data: 9
[ 62355][E][WiFiUdp.cpp:221] parsePacket(): could not receive data: 9
[ 62361][E][WiFiUdp.cpp:221] parsePacket(): could not receive data: 9
[ 62366][E][WiFiUdp.cpp:221] parsePacket(): could not receive data: 9
[ 62371][E][WiFiUdp.cpp:221] parsePacket(): could not receive data: 9
[ 62376][E][WiFiUdp.cpp:221] parsePacket(): could not receive data: 9
[ 62381][E][WiFiUdp.cpp:221] parsePacket(): could not receive data: 9
[ 62386][E][WiFiUdp.cpp:221] parsePacket(): could not receive data: 9
[ 62391][E][WiFiUdp.cpp:221] parsePacket(): could not receive data: 9
[ 62396][E][WiFiUdp.cpp:221] parsePacket(): could not receive data: 9
[ 62401][E][WiFiUdp.cpp:221] parsePacket(): could not receive data: 9
[ 62406][E][WiFiUdp.cpp:221] parsePacket(): could not receive data: 9
[ 62411][E][WiFiUdp.cpp:221] parsePacket(): could not receive data: 9
[ 62416][E][WiFiUdp.cpp:221] parsePacket(): could not receive data: 9
[ 62421][E][WiFiUdp.cpp:221] parsePacket(): could not receive data: 9
[ 62426][E][WiFiUdp.cpp:221] parsePacket(): could not receive data: 9
[ 62431][E][WiFiUdp.cpp:221] parsePacket(): could not receive data: 9
[ 62436][E][WiFiUdp.cpp:221] parsePacket(): could not receive data: 9
[ 62441][E][WiFiUdp.cpp:221] parsePacket(): could not receive data: 9
[ 62446][E][WiFiUdp.cpp:221] parsePacket(): could not receive data: 9
[ 62451][E][WiFiUdp.cpp:221] parsePacket(): could not receive data: 9
[ 62456][E][WiFiUdp.cpp:221] parsePacket(): could not receive data: 9
[ 62461][E][WiFiUdp.cpp:221] parsePacket(): could not receive data: 9
[ 62466][E][WiFiUdp.cpp:221] parsePacket(): could not receive data: 9
[ 62471][E][WiFiUdp.cpp:221] parsePacket(): could not receive data: 9
[ 62477][E][WiFiUdp.cpp:221] parsePacket(): could not receive data: 9
[ 62482][E][WiFiUdp.cpp:221] parsePacket(): could not receive data: 9
[ 62487][E][WiFiUdp.cpp:221] parsePacket(): could not receive data: 9
[ 62492][E][WiFiUdp.cpp:221] parsePacket(): could not receive data: 9
[ 62498][E][WiFiUdp.cpp:221] parsePacket(): could not receive data: 9
[ 62503][E][WiFiUdp.cpp:221] parsePacket(): could not receive data: 9
[ 62508][E][WiFiUdp.cpp:221] parsePacket(): could not receive data: 9
[ 62513][E][WiFiUdp.cpp:221] parsePacket(): could not receive data: 9
[ 62518][E][WiFiUdp.cpp:221] parsePacket(): could not receive data: 9
[ 62523][E][WiFiUdp.cpp:221] parsePacket(): could not receive data: 9
[ 62528][E][WiFiUdp.cpp:221] parsePacket(): could not receive data: 9
[ 62533][E][WiFiUdp.cpp:221] parsePacket(): could not receive data: 9
[ 62538][E][WiFiUdp.cpp:221] parsePacket(): could not receive data: 9
[ 62543][E][WiFiUdp.cpp:221] parsePacket(): could not receive data: 9
[ 62548][E][WiFiUdp.cpp:221] parsePacket(): could not receive data: 9
[ 62553][E][WiFiUdp.cpp:221] parsePacket(): could not receive data: 9
[ 62558][E][WiFiUdp.cpp:221] parsePacket(): could not receive data: 9
[ 62563][E][WiFiUdp.cpp:221] parsePacket(): could not receive data: 9
[ 62568][E][WiFiUdp.cpp:221] parsePacket(): could not receive data: 9
[ 62573][E][WiFiUdp.cpp:221] parsePacket(): could not receive data: 9
[ 62578][E][WiFiUdp.cpp:221] parsePacket(): could not receive data: 9
[ 62583][E][WiFiUdp.cpp:221] parsePacket(): could not receive data: 9
[ 62588][E][WiFiUdp.cpp:221] parsePacket(): could not receive data: 9
[ 62593][E][WiFiUdp.cpp:221] parsePacket(): could not receive data: 9
[ 62598][E][WiFiUdp.cpp:221] parsePacket(): could not receive data: 9
[ 62603][E][WiFiUdp.cpp:221] parsePacket(): could not receive data: 9
[ 62608][E][WiFiUdp.cpp:221] parsePacket(): could not receive data: 9
[ 62614][E][WiFiUdp.cpp:221] parsePacket(): could not receive data: 9
[ 62619][E][WiFiUdp.cpp:221] parsePacket(): could not receive data: 9
[ 62624][E][WiFiUdp.cpp:221] parsePacket(): could not receive data: 9
[ 62629][E][WiFiUdp.cpp:221] parsePacket(): could not receive data: 9
[ 62634][E][WiFiUdp.cpp:221] parsePacket(): could not receive data: 9
[ 62640][E][WiFiUdp.cpp:221] parsePacket(): could not receive data: 9
[ 62646][E][WiFiUdp.cpp:221] parsePacket(): could not receive data: 9
[ 62651][E][WiFiUdp.cpp:221] parsePacket(): could not receive data: 9
[ 62656][E][WiFiUdp.cpp:221] parsePacket(): could not receive data: 9
[ 62661][E][WiFiUdp.cpp:221] parsePacket(): could not receive data: 9
[ 62666][E][WiFiUdp.cpp:221] parsePacket(): could not receive data: 9
[ 62671][E][WiFiUdp.cpp:221] parsePacket(): could not receive data: 9
[ 62676][E][WiFiUdp.cpp:221] parsePacket(): could not receive data: 9
[ 62681][E][WiFiUdp.cpp:221] parsePacket(): could not receive data: 9
[ 62686][E][WiFiUdp.cpp:221] parsePacket(): could not receive data: 9
[ 62691][E][WiFiUdp.cpp:221] parsePacket(): could not receive data: 9
[ 62696][E][WiFiUdp.cpp:221] parsePacket(): could not receive data: 9
[ 62701][E][WiFiUdp.cpp:221] parsePacket(): could not receive data: 9
[ 62706][E][WiFiUdp.cpp:221] parsePacket(): could not receive data: 9
[ 62711][E][WiFiUdp.cpp:221] parsePacket(): could not receive data: 9
[ 62716][E][WiFiUdp.cpp:221] parsePacket(): could not receive data: 9
[ 62721][E][WiFiUdp.cpp:221] parsePacket(): could not receive data: 9
[ 62726][E][WiFiUdp.cpp:221] parsePacket(): could not receive data: 9
[ 62731][E][WiFiUdp.cpp:221] parsePacket(): could not receive data: 9
[ 62736][E][WiFiUdp.cpp:221] parsePacket(): could not receive data: 9
[ 62741][E][WiFiUdp.cpp:221] parsePacket(): could not receive data: 9
[ 62746][E][WiFiUdp.cpp:221] parsePacket(): could not receive data: 9
[ 62751][E][WiFiUdp.cpp:221] parsePacket(): could not receive data: 9
[ 62756][E][WiFiUdp.cpp:221] parsePacket(): could not receive data: 9
[ 62761][E][WiFiUdp.cpp:221] parsePacket(): could not receive data: 9
[ 62766][E][WiFiUdp.cpp:221] parsePacket(): could not receive data: 9
[ 62771][E][WiFiUdp.cpp:221] parsePacket(): could not receive data: 9
[ 62776][E][WiFiUdp.cpp:221] parsePacket(): could not receive data: 9
[ 62781][E][WiFiUdp.cpp:221] parsePacket(): could not receive data: 9
[ 62786][E][WiFiUdp.cpp:221] parsePacket(): could not receive data: 9
[ 62791][E][WiFiUdp.cpp:221] parsePacket(): could not receive data: 9
[ 62796][E][WiFiUdp.cpp:221] parsePacket(): could not receive data: 9
[ 62801][E][WiFiUdp.cpp:221] parsePacket(): could not receive data: 9
[ 62807][E][WiFiUdp.cpp:221] parsePacket(): could not receive data: 9
[ 62812][E][WiFiUdp.cpp:221] parsePacket(): could not receive data: 9
[ 62817][E][WiFiUdp.cpp:221] parsePacket(): could not receive data: 9
[ 62822][E][WiFiUdp.cpp:221] parsePacket(): could not receive data: 9
[ 62827][E][WiFiUdp.cpp:221] parsePacket(): could not receive data: 9
[ 62832][E][WiFiUdp.cpp:221] parsePacket(): could not receive data: 9
[ 62837][E][WiFiUdp.cpp:221] parsePacket(): could not receive data: 9
[ 62842][E][WiFiUdp.cpp:221] parsePacket(): could not receive data: 9
[ 62847][E][WiFiUdp.cpp:221] parsePacket(): could not receive data: 9
[ 62852][E][WiFiUdp.cpp:221] parsePacket(): could not receive data: 9
[ 62857][E][WiFiUdp.cpp:221] parsePacket(): could not receive data: 9
[ 62863][E][WiFiUdp.cpp:221] parsePacket(): could not receive data: 9
[ 62868][E][WiFiUdp.cpp:221] parsePacket(): could not receive data: 9
[ 62873][E][WiFiUdp.cpp:221] parsePacket(): could not receive data: 9
[ 62878][E][WiFiUdp.cpp:221] parsePacket(): could not receive data: 9
[ 62884][E][WiFiUdp.cpp:221] parsePacket(): could not receive data: 9
[ 62889][E][WiFiUdp.cpp:221] parsePacket(): could not receive data: 9
[ 62894][E][WiFiUdp.cpp:221] parsePacket(): could not receive data: 9
[ 62899][E][WiFiUdp.cpp:221] parsePacket(): could not receive data: 9
[ 62904][E][WiFiUdp.cpp:221] parsePacket(): could not receive data: 9
[ 62909][E][WiFiUdp.cpp:221] parsePacket(): could not receive data: 9
[ 62914][E][WiFiUdp.cpp:221] parsePacket(): could not receive data: 9
[ 62919][E][WiFiUdp.cpp:221] parsePacket(): could not receive data: 9
[ 62924][E][WiFiUdp.cpp:221] parsePacket(): could not receive data: 9
[ 62929][E][WiFiUdp.cpp:221] parsePacket(): could not receive data: 9
[ 62934][E][WiFiUdp.cpp:221] parsePacket(): could not receive data: 9
[ 62939][E][WiFiUdp.cpp:221] parsePacket(): could not receive data: 9
[ 62944][E][WiFiUdp.cpp:221] parsePacket(): could not receive data: 9
[ 62949][E][WiFiUdp.cpp:221] parsePacket(): could not receive data: 9
[ 62954][E][WiFiUdp.cpp:221] parsePacket(): could not receive data: 9
[ 62959][E][WiFiUdp.cpp:221] parsePacket(): could not receive data: 9
[ 62964][E][WiFiUdp.cpp:221] parsePacket(): could not receive data: 9
[ 62969][E][WiFiUdp.cpp:221] parsePacket(): could not receive data: 9
[ 62974][E][WiFiUdp.cpp:221] parsePacket(): could not receive data: 9
[ 62979][E][WiFiUdp.cpp:221] parsePacket(): could not receive data: 9
[ 62984][E][WiFiUdp.cpp:221] parsePacket(): could not receive data: 9
[ 62989][E][WiFiUdp.cpp:221] parsePacket(): could not receive data: 9
[ 62994][E][WiFiUdp.cpp:221] parsePacket(): could not receive data: 9
[ 62999][E][WiFiUdp.cpp:221] parsePacket(): could not receive data: 9
[ 63004][E][WiFiUdp.cpp:221] parsePacket(): could not receive data: 9
[ 63009][E][WiFiUdp.cpp:221] parsePacket(): could not receive data: 9
[ 63014][E][WiFiUdp.cpp:221] parsePacket(): could not receive data: 9
[ 63019][E][WiFiUdp.cpp:221] parsePacket(): could not receive data: 9
[ 63024][E][WiFiUdp.cpp:221] parsePacket(): could not receive data: 9
[ 63029][E][WiFiUdp.cpp:221] parsePacket(): could not receive data: 9
[ 63034][E][WiFiUdp.cpp:221] parsePacket(): could not receive data: 9
[ 63039][E][WiFiUdp.cpp:221] parsePacket(): could not receive data: 9
[ 63044][E][WiFiUdp.cpp:221] parsePacket(): could not receive data: 9
[ 63049][E][WiFiUdp.cpp:221] parsePacket(): could not receive data: 9
[ 63054][E][WiFiUdp.cpp:221] parsePacket(): could not receive data: 9
[ 63059][E][WiFiUdp.cpp:221] parsePacket(): could not receive data: 9
[ 63064][E][WiFiUdp.cpp:221] parsePacket(): could not receive data: 9
[ 63069][E][WiFiUdp.cpp:221] parsePacket(): could not receive data: 9
[ 63074][E][WiFiUdp.cpp:221] parsePacket(): could not receive data: 9
[ 63079][E][WiFiUdp.cpp:221] parsePacket(): could not receive data: 9
[ 63084][E][WiFiUdp.cpp:221] parsePacket(): could not receive data: 9
[ 63089][E][WiFiUdp.cpp:221] parsePacket(): could not receive data: 9
[ 63094][E][WiFiUdp.cpp:221] parsePacket(): could not receive data: 9
[ 63099][E][WiFiUdp.cpp:221] parsePacket(): could not receive data: 9
[ 63104][E][WiFiUdp.cpp:221] parsePacket(): could not receive data: 9
[ 63109][E][WiFiUdp.cpp:221] parsePacket(): could not receive data: 9
[ 63114][E][WiFiUdp.cpp:221] parsePacket(): could not receive data: 9
[ 63119][E][WiFiUdp.cpp:221] parsePacket(): could not receive data: 9
[ 63124][E][WiFiUdp.cpp:221] parsePacket(): could not receive data: 9
[ 63129][E][WiFiUdp.cpp:221] parsePacket(): could not receive data: 9
[ 63134][E][WiFiUdp.cpp:221] parsePacket(): could not receive data: 9
[ 63140][E][WiFiUdp.cpp:221] parsePacket(): could not receive data: 9
[ 63145][E][WiFiUdp.cpp:221] parsePacket(): could not receive data: 9
[ 63151][E][WiFiUdp.cpp:221] parsePacket(): could not receive data: 9
[ 63157][E][WiFiUdp.cpp:221] parsePacket(): could not receive data: 9
[ 63162][E][WiFiUdp.cpp:221] parsePacket(): could not receive data: 9
[ 63168][E][WiFiUdp.cpp:221] parsePacket(): could not receive data: 9
[ 63173][E][WiFiUdp.cpp:221] parsePacket(): could not receive data: 9
[ 63178][E][WiFiUdp.cpp:221] parsePacket(): could not receive data: 9
[ 63184][E][WiFiUdp.cpp:221] parsePacket(): could not receive data: 9
[ 63189][E][WiFiUdp.cpp:221] parsePacket(): could not receive data: 9
[ 63194][E][WiFiUdp.cpp:221] parsePacket(): could not receive data: 9
[ 63200][E][WiFiUdp.cpp:221] parsePacket(): could not receive data: 9
[ 63205][E][WiFiUdp.cpp:221] parsePacket(): could not receive data: 9
[ 63210][E][WiFiUdp.cpp:221] parsePacket(): could not receive data: 9
[ 63215][E][WiFiUdp.cpp:221] parsePacket(): could not receive data: 9
[ 63220][E][WiFiUdp.cpp:221] parsePacket(): could not receive data: 9
[ 63225][E][WiFiUdp.cpp:221] parsePacket(): could not receive data: 9
[ 63231][E][WiFiUdp.cpp:221] parsePacket(): could not receive data: 9
[ 63236][E][WiFiUdp.cpp:221] parsePacket(): could not receive data: 9
[ 63242][E][WiFiUdp.cpp:221] parsePacket(): could not receive data: 9
[ 63247][E][WiFiUdp.cpp:221] parsePacket(): could not receive data: 9
[ 63252][E][WiFiUdp.cpp:221] parsePacket(): could not receive data: 9
[ 63258][E][WiFiUdp.cpp:221] parsePacket(): could not receive data: 9
[ 63264][E][WiFiUdp.cpp:221] parsePacket(): could not receive data: 9
[ 63270][E][WiFiUdp.cpp:221] parsePacket(): could not receive data: 9
[ 63276][E][WiFiUdp.cpp:221] parsePacket(): could not receive data: 9
[ 63282][E][WiFiUdp.cpp:221] parsePacket(): could not receive data: 9
[ 63287][E][WiFiUdp.cpp:221] parsePacket(): could not receive data: 9
[ 63292][E][WiFiUdp.cpp:221] parsePacket(): could not receive data: 9
[ 63298][E][WiFiUdp.cpp:221] parsePacket(): could not receive data: 9
[ 63304][E][WiFiUdp.cpp:221] parsePacket(): could not receive data: 9
[ 63310][E][WiFiUdp.cpp:221] parsePacket(): could not receive data: 9
[ 63315][E][WiFiUdp.cpp:221] parsePacket(): could not receive data: 9
[ 63320][E][WiFiUdp.cpp:221] parsePacket(): could not receive data: 9
[ 63326][E][WiFiUdp.cpp:221] parsePacket(): could not receive data: 9
[ 63331][E][WiFiUdp.cpp:221] parsePacket(): could not receive data: 9
[ 63336][E][WiFiUdp.cpp:221] parsePacket(): could not receive data: 9
[ 63341][E][WiFiUdp.cpp:221] parsePacket(): could not receive data: 9
[ 63346][E][WiFiUdp.cpp:221] parsePacket(): could not receive data: 9
[ 63351][E][WiFiUdp.cpp:221] parsePacket(): could not receive data: 9
[ 63356][E][WiFiUdp.cpp:221] parsePacket(): could not receive data: 9
[ 63361][E][WiFiUdp.cpp:221] parsePacket(): could not receive data: 9
[ 63366][E][WiFiUdp.cpp:221] parsePacket(): could not receive data: 9
[ 63371][E][WiFiUdp.cpp:221] parsePacket(): could not receive data: 9
[ 63376][E][WiFiUdp.cpp:221] parsePacket(): could not receive data: 9
[ 63381][E][WiFiUdp.cpp:221] parsePacket(): could not receive data: 9
[ 63387][E][WiFiUdp.cpp:221] parsePacket(): could not receive data: 9
[ 63393][E][WiFiUdp.cpp:221] parsePacket(): could not receive data: 9
[ 63399][E][WiFiUdp.cpp:221] parsePacket(): could not receive data: 9
[ 63404][E][WiFiUdp.cpp:221] parsePacket(): could not receive data: 9
[ 63409][E][WiFiUdp.cpp:221] parsePacket(): could not receive data: 9
[ 63414][E][WiFiUdp.cpp:221] parsePacket(): could not receive data: 9
[ 63419][E][WiFiUdp.cpp:221] parsePacket(): could not receive data: 9
[ 63424][E][WiFiUdp.cpp:221] parsePacket(): could not receive data: 9
[ 63429][E][WiFiUdp.cpp:221] parsePacket(): could not receive data: 9
[ 63434][E][WiFiUdp.cpp:221] parsePacket(): could not receive data: 9
[ 63439][E][WiFiUdp.cpp:221] parsePacket(): could not receive data: 9
[ 63444][E][WiFiUdp.cpp:221] parsePacket(): could not receive data: 9
[ 63449][E][WiFiUdp.cpp:221] parsePacket(): could not receive data: 9
[ 63454][E][WiFiUdp.cpp:221] parsePacket(): could not receive data: 9
[ 63459][E][WiFiUdp.cpp:221] parsePacket(): could not receive data: 9
[ 63464][E][WiFiUdp.cpp:221] parsePacket(): could not receive data: 9
[ 63469][E][WiFiUdp.cpp:221] parsePacket(): could not receive data: 9
[ 63475][E][WiFiUdp.cpp:221] parsePacket(): could not receive data: 9
[ 63481][E][WiFiUdp.cpp:221] parsePacket(): could not receive data: 9
[ 63486][E][WiFiUdp.cpp:221] parsePacket(): could not receive data: 9
[ 63491][E][WiFiUdp.cpp:221] parsePacket(): could not receive data: 9
[ 63496][E][WiFiUdp.cpp:221] parsePacket(): could not receive data: 9
[ 63501][E][WiFiUdp.cpp:221] parsePacket(): could not receive data: 9
[ 63506][E][WiFiUdp.cpp:221] parsePacket(): could not receive data: 9
[ 63511][E][WiFiUdp.cpp:221] parsePacket(): could not receive data: 9
[ 63517][E][WiFiUdp.cpp:221] parsePacket(): could not receive data: 9
[ 63521][E][WiFiUdp.cpp:221] parsePacket(): could not receive data: 9
[ 63526][E][WiFiUdp.cpp:221] parsePacket(): could not receive data: 9
[ 63531][E][WiFiUdp.cpp:221] parsePacket(): could not receive data: 9
[ 63536][E][WiFiUdp.cpp:221] parsePacket(): could not receive data: 9
[ 63541][E][WiFiUdp.cpp:221] parsePacket(): could not receive data: 9
[ 63546][E][WiFiUdp.cpp:221] parsePacket(): could not receive data: 9
[ 63551][E][WiFiUdp.cpp:221] parsePacket(): could not receive data: 9
[ 63556][E][WiFiUdp.cpp:221] parsePacket(): could not receive data: 9
[ 63561][E][WiFiUdp.cpp:221] parsePacket(): could not receive data: 9
[ 63566][E][WiFiUdp.cpp:221] parsePacket(): could not receive data: 9
[ 63571][E][WiFiUdp.cpp:221] parsePacket(): could not receive data: 9
[ 63576][E][WiFiUdp.cpp:221] parsePacket(): could not receive data: 9
[ 63581][E][WiFiUdp.cpp:221] parsePacket(): could not receive data: 9
[ 63586][E][WiFiUdp.cpp:221] parsePacket(): could not receive data: 9
[ 63591][E][WiFiUdp.cpp:221] parsePacket(): could not receive data: 9
[ 63596][E][WiFiUdp.cpp:221] parsePacket(): could not receive data: 9
[ 63601][E][WiFiUdp.cpp:221] parsePacket(): could not receive data: 9
[ 63607][E][WiFiUdp.cpp:221] parsePacket(): could not receive data: 9
[ 63612][E][WiFiUdp.cpp:221] parsePacket(): could not receive data: 9
[ 63617][E][WiFiUdp.cpp:221] parsePacket(): could not receive data: 9
[ 63622][E][WiFiUdp.cpp:221] parsePacket(): could not receive data: 9
[ 63627][E][WiFiUdp.cpp:221] parsePacket(): could not receive data: 9
[ 63632][E][WiFiUdp.cpp:221] parsePacket(): could not receive data: 9
[ 63637][E][WiFiUdp.cpp:221] parsePacket(): could not receive data: 9
[ 63642][E][WiFiUdp.cpp:221] parsePacket(): could not receive data: 9
[ 63647][E][WiFiUdp.cpp:221] parsePacket(): could not receive data: 9
[ 63652][E][WiFiUdp.cpp:221] parsePacket(): could not receive data: 9
[ 63658][E][WiFiUdp.cpp:221] parsePacket(): could not receive data: 9
[ 63663][E][WiFiUdp.cpp:221] parsePacket(): could not receive data: 9
[ 63668][E][WiFiUdp.cpp:221] parsePacket(): could not receive data: 9
[ 63673][E][WiFiUdp.cpp:221] parsePacket(): could not receive data: 9
[ 63678][E][WiFiUdp.cpp:221] parsePacket(): could not receive data: 9
[ 63683][E][WiFiUdp.cpp:221] parsePacket(): could not receive data: 9
[ 63688][E][WiFiUdp.cpp:221] parsePacket(): could not receive data: 9
[ 63693][E][WiFiUdp.cpp:221] parsePacket(): could not receive data: 9
[ 63698][E][WiFiUdp.cpp:221] parsePacket(): could not receive data: 9
[ 63703][E][WiFiUdp.cpp:221] parsePacket(): could not receive data: 9
[ 63708][E][WiFiUdp.cpp:221] parsePacket(): could not receive data: 9
[ 63713][E][WiFiUdp.cpp:221] parsePacket(): could not receive data: 9
[ 63718][E][WiFiUdp.cpp:221] parsePacket(): could not receive data: 9
[ 63723][E][WiFiUdp.cpp:221] parsePacket(): could not receive data: 9
[ 63728][E][WiFiUdp.cpp:221] parsePacket(): could not receive data: 9
[ 63733][E][WiFiUdp.cpp:221] parsePacket(): could not receive data: 9
[ 63738][E][WiFiUdp.cpp:221] parsePacket(): could not receive data: 9
[ 63743][E][WiFiUdp.cpp:221] parsePacket(): could not receive data: 9
[ 63748][E][WiFiUdp.cpp:221] parsePacket(): could not receive data: 9
[ 63753][E][WiFiUdp.cpp:221] parsePacket(): could not receive data: 9
[ 63758][E][WiFiUdp.cpp:221] parsePacket(): could not receive data: 9
[ 63763][E][WiFiUdp.cpp:221] parsePacket(): could not receive data: 9
[ 63768][E][WiFiUdp.cpp:221] parsePacket(): could not receive data: 9
[ 63773][E][WiFiUdp.cpp:221] parsePacket(): could not receive data: 9
[ 63778][E][WiFiUdp.cpp:221] parsePacket(): could not receive data: 9
[ 63783][E][WiFiUdp.cpp:221] parsePacket(): could not receive data: 9
[ 63788][E][WiFiUdp.cpp:221] parsePacket(): could not receive data: 9
[ 63793][E][WiFiUdp.cpp:221] parsePacket(): could not receive data: 9
[ 63798][E][WiFiUdp.cpp:221] parsePacket(): could not receive data: 9
[ 63803][E][WiFiUdp.cpp:221] parsePacket(): could not receive data: 9
[ 63808][E][WiFiUdp.cpp:221] parsePacket(): could not receive data: 9
[ 63813][E][WiFiUdp.cpp:221] parsePacket(): could not receive data: 9
[ 63818][E][WiFiUdp.cpp:221] parsePacket(): could not receive data: 9
[ 63823][E][WiFiUdp.cpp:221] parsePacket(): could not receive data: 9
[ 63828][E][WiFiUdp.cpp:221] parsePacket(): could not receive data: 9
[ 63833][E][WiFiUdp.cpp:221] parsePacket(): could not receive data: 9
[ 63838][E][WiFiUdp.cpp:221] parsePacket(): could not receive data: 9
[ 63843][E][WiFiUdp.cpp:221] parsePacket(): could not receive data: 9
[ 63848][E][WiFiUdp.cpp:221] parsePacket(): could not receive data: 9
[ 63853][E][WiFiUdp.cpp:221] parsePacket(): could not receive data: 9
[ 63858][E][WiFiUdp.cpp:221] parsePacket(): could not receive data: 9
[ 63863][E][WiFiUdp.cpp:221] parsePacket(): could not receive data: 9
[ 63868][E][WiFiUdp.cpp:221] parsePacket(): could not receive data: 9
[ 63873][E][WiFiUdp.cpp:221] parsePacket(): could not receive data: 9
[ 63878][E][WiFiUdp.cpp:221] parsePacket(): could not receive data: 9
[ 63884][E][WiFiUdp.cpp:221] parsePacket(): could not receive data: 9
[ 63889][E][WiFiUdp.cpp:221] parsePacket(): could not receive data: 9
[ 63894][E][WiFiUdp.cpp:221] parsePacket(): could not receive data: 9
[ 63899][E][WiFiUdp.cpp:221] parsePacket(): could not receive data: 9
[ 63905][E][WiFiUdp.cpp:221] parsePacket(): could not receive data: 9
[ 63910][E][WiFiUdp.cpp:221] parsePacket(): could not receive data: 9
[ 63915][E][WiFiUdp.cpp:221] parsePacket(): could not receive data: 9
[ 63920][E][WiFiUdp.cpp:221] parsePacket(): could not receive data: 9
[ 63925][E][WiFiUdp.cpp:221] parsePacket(): could not receive data: 9
[ 63930][E][WiFiUdp.cpp:221] parsePacket(): could not receive data: 9
[ 63935][E][WiFiUdp.cpp:221] parsePacket(): could not receive data: 9
[ 63940][E][WiFiUdp.cpp:221] parsePacket(): could not receive data: 9
[ 63945][E][WiFiUdp.cpp:221] parsePacket(): could not receive data: 9
[ 63950][E][WiFiUdp.cpp:221] parsePacket(): could not receive data: 9
[ 63955][E][WiFiUdp.cpp:221] parsePacket(): could not receive data: 9
[ 63960][E][WiFiUdp.cpp:221] parsePacket(): could not receive data: 9
[ 63965][E][WiFiUdp.cpp:221] parsePacket(): could not receive data: 9
[ 63970][E][WiFiUdp.cpp:221] parsePacket(): could not receive data: 9
[ 63975][E][WiFiUdp.cpp:221] parsePacket(): could not receive data: 9
[ 63981][E][WiFiUdp.cpp:221] parsePacket(): could not receive data: 9
[ 63986][E][WiFiUdp.cpp:221] parsePacket(): could not receive data: 9
[ 63991][E][WiFiUdp.cpp:221] parsePacket(): could not receive data: 9
[ 63996][E][WiFiUdp.cpp:221] parsePacket(): could not receive data: 9
[ 64001][E][WiFiUdp.cpp:221] parsePacket(): could not receive data: 9
[ 64006][E][WiFiUdp.cpp:221] parsePacket(): could not receive data: 9
[ 64011][E][WiFiUdp.cpp:221] parsePacket(): could not receive data: 9
[ 64016][E][WiFiUdp.cpp:221] parsePacket(): could not receive data: 9
[ 64021][E][WiFiUdp.cpp:221] parsePacket(): could not receive data: 9
[ 64026][E][WiFiUdp.cpp:221] parsePacket(): could not receive data: 9
[ 64031][E][WiFiUdp.cpp:221] parsePacket(): could not receive data: 9
[ 64036][E][WiFiUdp.cpp:221] parsePacket(): could not receive data: 9
[ 64041][E][WiFiUdp.cpp:221] parsePacket(): could not receive data: 9
[ 64046][E][WiFiUdp.cpp:221] parsePacket(): could not receive data: 9
[ 64051][E][WiFiUdp.cpp:221] parsePacket(): could not receive data: 9
[ 64056][E][WiFiUdp.cpp:221] parsePacket(): could not receive data: 9
[ 64061][E][WiFiUdp.cpp:221] parsePacket(): could not receive data: 9
[ 64067][E][WiFiUdp.cpp:221] parsePacket(): could not receive data: 9
[ 64072][E][WiFiUdp.cpp:221] parsePacket(): could not receive data: 9
[ 64077][E][WiFiUdp.cpp:221] parsePacket(): could not receive data: 9
[ 64082][E][WiFiUdp.cpp:221] parsePacket(): could not receive data: 9
[ 64087][E][WiFiUdp.cpp:221] parsePacket(): could not receive data: 9
[ 64092][E][WiFiUdp.cpp:221] parsePacket(): could not receive data: 9
[ 64097][E][WiFiUdp.cpp:221] parsePacket(): could not receive data: 9
[ 64102][E][WiFiUdp.cpp:221] parsePacket(): could not receive data: 9
[ 64107][E][WiFiUdp.cpp:221] parsePacket(): could not receive data: 9
[ 64112][E][WiFiUdp.cpp:221] parsePacket(): could not receive data: 9
[ 64117][E][WiFiUdp.cpp:221] parsePacket(): could not receive data: 9
[ 64122][E][WiFiUdp.cpp:221] parsePacket(): could not receive data: 9
[ 64127][E][WiFiUdp.cpp:221] parsePacket(): could not receive data: 9
[ 64132][E][WiFiUdp.cpp:221] parsePacket(): could not receive data: 9
[ 64137][E][WiFiUdp.cpp:221] parsePacket(): could not receive data: 9
[ 64142][E][WiFiUdp.cpp:221] parsePacket(): could not receive data: 9
[ 64147][E][WiFiUdp.cpp:221] parsePacket(): could not receive data: 9
[ 64152][E][WiFiUdp.cpp:221] parsePacket(): could not receive data: 9
[ 64157][E][WiFiUdp.cpp:221] parsePacket(): could not receive data: 9
[ 64162][E][WiFiUdp.cpp:221] parsePacket(): could not receive data: 9
[ 64167][E][WiFiUdp.cpp:221] parsePacket(): could not receive data: 9
[ 64172][E][WiFiUdp.cpp:221] parsePacket(): could not receive data: 9
[ 64177][E][WiFiUdp.cpp:221] parsePacket(): could not receive data: 9
[ 64182][E][WiFiUdp.cpp:221] parsePacket(): could not receive data: 9
[ 64187][E][WiFiUdp.cpp:221] parsePacket(): could not receive data: 9
[ 64192][E][WiFiUdp.cpp:221] parsePacket(): could not receive data: 9
[ 64197][E][WiFiUdp.cpp:221] parsePacket(): could not receive data: 9
[ 64202][E][WiFiUdp.cpp:221] parsePacket(): could not receive data: 9
[ 64207][E][WiFiUdp.cpp:221] parsePacket(): could not receive data: 9
[ 64212][E][WiFiUdp.cpp:221] parsePacket(): could not receive data: 9
[ 64217][E][WiFiUdp.cpp:221] parsePacket(): could not receive data: 9
[ 64222][E][WiFiUdp.cpp:221] parsePacket(): could not receive data: 9
[ 64227][E][WiFiUdp.cpp:221] parsePacket(): could not receive data: 9
[ 64232][E][WiFiUdp.cpp:221] parsePacket(): could not receive data: 9
[ 64237][E][WiFiUdp.cpp:221] parsePacket(): could not receive data: 9
[ 64243][E][WiFiUdp.cpp:221] parsePacket(): could not receive data: 9
[ 64248][E][WiFiUdp.cpp:221] parsePacket(): could not receive data: 9
[ 64253][E][WiFiUdp.cpp:221] parsePacket(): could not receive data: 9
[ 64258][E][WiFiUdp.cpp:221] parsePacket(): could not receive data: 9
[ 64263][E][WiFiUdp.cpp:221] parsePacket(): could not receive data: 9
[ 64268][E][WiFiUdp.cpp:221] parsePacket(): could not receive data: 9
[ 64273][E][WiFiUdp.cpp:221] parsePacket(): could not receive data: 9
[ 64278][E][WiFiUdp.cpp:221] parsePacket(): could not receive data: 9
[ 64283][E][WiFiUdp.cpp:221] parsePacket(): could not receive data: 9
[ 64288][E][WiFiUdp.cpp:221] parsePacket(): could not receive data: 9
[ 64293][E][WiFiUdp.cpp:221] parsePacket(): could not receive data: 9
[ 64298][E][WiFiUdp.cpp:221] parsePacket(): could not receive data: 9
[ 64303][E][WiFiUdp.cpp:221] parsePacket(): could not receive data: 9
[ 64308][E][WiFiUdp.cpp:221] parsePacket(): could not receive data: 9
[ 64313][E][WiFiUdp.cpp:221] parsePacket(): could not receive data: 9
[ 64318][E][WiFiUdp.cpp:221] parsePacket(): could not receive data: 9
[ 64323][E][WiFiUdp.cpp:221] parsePacket(): could not receive data: 9
[ 64328][E][WiFiUdp.cpp:221] parsePacket(): could not receive data: 9
[ 64333][E][WiFiUdp.cpp:221] parsePacket(): could not receive data: 9
[ 64338][E][WiFiUdp.cpp:221] parsePacket(): could not receive data: 9
[ 64343][E][WiFiUdp.cpp:221] parsePacket(): could not receive data: 9
[ 64348][E][WiFiUdp.cpp:221] parsePacket(): could not receive data: 9
[ 64353][E][WiFiUdp.cpp:221] parsePacket(): could not receive data: 9
[ 64358][E][WiFiUdp.cpp:221] parsePacket(): could not receive data: 9
[ 64363][E][WiFiUdp.cpp:221] parsePacket(): could not receive data: 9
[ 64368][E][WiFiUdp.cpp:221] parsePacket(): could not receive data: 9
[ 64373][E][WiFiUdp.cpp:221] parsePacket(): could not receive data: 9
[ 64378][E][WiFiUdp.cpp:221] parsePacket(): could not receive data: 9
[ 64383][E][WiFiUdp.cpp:221] parsePacket(): could not receive data: 9
[ 64388][E][WiFiUdp.cpp:221] parsePacket(): could not receive data: 9
[ 64393][E][WiFiUdp.cpp:221] parsePacket(): could not receive data: 9
[ 64399][E][WiFiUdp.cpp:221] parsePacket(): could not receive data: 9
[ 64404][E][WiFiUdp.cpp:221] parsePacket(): could not receive data: 9
[ 64409][E][WiFiUdp.cpp:221] parsePacket(): could not receive data: 9
[ 64414][E][WiFiUdp.cpp:221] parsePacket(): could not receive data: 9
[ 64419][E][WiFiUdp.cpp:221] parsePacket(): could not receive data: 9
[ 64424][E][WiFiUdp.cpp:221] parsePacket(): could not receive data: 9
[ 64430][E][WiFiUdp.cpp:221] parsePacket(): could not receive data: 9
[ 64435][E][WiFiUdp.cpp:221] parsePacket(): could not receive data: 9
[ 64440][E][WiFiUdp.cpp:221] parsePacket(): could not receive data: 9
[ 64445][E][WiFiUdp.cpp:221] parsePacket(): could not receive data: 9
[ 64450][E][WiFiUdp.cpp:221] parsePacket(): could not receive data: 9
[ 64455][E][WiFiUdp.cpp:221] parsePacket(): could not receive data: 9
[ 64460][E][WiFiUdp.cpp:221] parsePacket(): could not receive data: 9
[ 64465][E][WiFiUdp.cpp:221] parsePacket(): could not receive data: 9
[ 64470][E][WiFiUdp.cpp:221] parsePacket(): could not receive data: 9
[ 64475][E][WiFiUdp.cpp:221] parsePacket(): could not receive data: 9
[ 64480][E][WiFiUdp.cpp:221] parsePacket(): could not receive data: 9
[ 64485][E][WiFiUdp.cpp:221] parsePacket(): could not receive data: 9
[ 64490][E][WiFiUdp.cpp:221] parsePacket(): could not receive data: 9
[ 64495][E][WiFiUdp.cpp:221] parsePacket(): could not receive data: 9
[ 64500][E][WiFiUdp.cpp:221] parsePacket(): could not receive data: 9
[ 64505][E][WiFiUdp.cpp:221] parsePacket(): could not receive data: 9
[ 64510][E][WiFiUdp.cpp:221] parsePacket(): could not receive data: 9
[ 64515][E][WiFiUdp.cpp:221] parsePacket(): could not receive data: 9
[ 64520][E][WiFiUdp.cpp:221] parsePacket(): could not receive data: 9
[ 64525][E][WiFiUdp.cpp:221] parsePacket(): could not receive data: 9
[ 64530][E][WiFiUdp.cpp:221] parsePacket(): could not receive data: 9
[ 64535][E][WiFiUdp.cpp:221] parsePacket(): could not receive data: 9
[ 64540][E][WiFiUdp.cpp:221] parsePacket(): could not receive data: 9
[ 64545][E][WiFiUdp.cpp:221] parsePacket(): could not receive data: 9
[ 64550][E][WiFiUdp.cpp:221] parsePacket(): could not receive data: 9
[ 64556][E][WiFiUdp.cpp:221] parsePacket(): could not receive data: 9
[ 64562][E][WiFiUdp.cpp:221] parsePacket(): could not receive data: 9
[ 64568][E][WiFiUdp.cpp:221] parsePacket(): could not receive data: 9
[ 64573][E][WiFiUdp.cpp:221] parsePacket(): could not receive data: 9
[ 64578][E][WiFiUdp.cpp:221] parsePacket(): could not receive data: 9
[ 64584][E][WiFiUdp.cpp:221] parsePacket(): could not receive data: 9
[ 64590][E][WiFiUdp.cpp:221] parsePacket(): could not receive data: 9
[ 64596][E][WiFiUdp.cpp:221] parsePacket(): could not receive data: 9
[ 64602][E][WiFiUdp.cpp:221] parsePacket(): could not receive data: 9
[ 64607][E][WiFiUdp.cpp:221] parsePacket(): could not receive data: 9
[ 64613][E][WiFiUdp.cpp:221] parsePacket(): could not receive data: 9
[ 64618][E][WiFiUdp.cpp:221] parsePacket(): could not receive data: 9
[ 64623][E][WiFiUdp.cpp:221] parsePacket(): could not receive data: 9
[ 64629][E][WiFiUdp.cpp:221] parsePacket(): could not receive data: 9
[ 64635][E][WiFiUdp.cpp:221] parsePacket(): could not receive data: 9
[ 64641][E][WiFiUdp.cpp:221] parsePacket(): could not receive data: 9
[ 64647][E][WiFiUdp.cpp:221] parsePacket(): could not receive data: 9
[ 64653][E][WiFiUdp.cpp:221] parsePacket(): could not receive data: 9
[ 64659][E][WiFiUdp.cpp:221] parsePacket(): could not receive data: 9
[ 64665][E][WiFiUdp.cpp:221] parsePacket(): could not receive data: 9
[ 64671][E][WiFiUdp.cpp:221] parsePacket(): could not receive data: 9
[ 64677][E][WiFiUdp.cpp:221] parsePacket(): could not receive data: 9
[ 64682][E][WiFiUdp.cpp:221] parsePacket(): could not receive data: 9
[ 64687][E][WiFiUdp.cpp:221] parsePacket(): could not receive data: 9
[ 64693][E][WiFiUdp.cpp:221] parsePacket(): could not receive data: 9
[ 64698][E][WiFiUdp.cpp:221] parsePacket(): could not receive data: 9
[ 64703][E][WiFiUdp.cpp:221] parsePacket(): could not receive data: 9
[ 64708][E][WiFiUdp.cpp:221] parsePacket(): could not receive data: 9
[ 64713][E][WiFiUdp.cpp:221] parsePacket(): could not receive data: 9
[ 64718][E][WiFiUdp.cpp:221] parsePacket(): could not receive data: 9
[ 64723][E][WiFiUdp.cpp:221] parsePacket(): could not receive data: 9
[ 64728][E][WiFiUdp.cpp:221] parsePacket(): could not receive data: 9
[ 64733][E][WiFiUdp.cpp:221] parsePacket(): could not receive data: 9
[ 64738][E][WiFiUdp.cpp:221] parsePacket(): could not receive data: 9
[ 64743][E][WiFiUdp.cpp:221] parsePacket(): could not receive data: 9
[ 64748][E][WiFiUdp.cpp:221] parsePacket(): could not receive data: 9
[ 64753][E][WiFiUdp.cpp:221] parsePacket(): could not receive data: 9
[ 64758][E][WiFiUdp.cpp:221] parsePacket(): could not receive data: 9
[ 64763][E][WiFiUdp.cpp:221] parsePacket(): could not receive data: 9
[ 64768][E][WiFiUdp.cpp:221] parsePacket(): could not receive data: 9
[ 64773][E][WiFiUdp.cpp:221] parsePacket(): could not receive data: 9
[ 64778][E][WiFiUdp.cpp:221] parsePacket(): could not receive data: 9
[ 64783][E][WiFiUdp.cpp:221] parsePacket(): could not receive data: 9
[ 64788][E][WiFiUdp.cpp:221] parsePacket(): could not receive data: 9
[ 64793][E][WiFiUdp.cpp:221] parsePacket(): could not receive data: 9
[ 64798][E][WiFiUdp.cpp:221] parsePacket(): could not receive data: 9
[ 64803][E][WiFiUdp.cpp:221] parsePacket(): could not receive data: 9
[ 64808][E][WiFiUdp.cpp:221] parsePacket(): could not receive data: 9
[ 64815][E][WiFiUdp.cpp:221] parsePacket(): could not receive data: 9
[ 64823][E][WiFiUdp.cpp:221] parsePacket(): could not receive data: 9
[ 64830][E][WiFiUdp.cpp:221] parsePacket(): could not receive data: 9
[ 64838][E][WiFiUdp.cpp:221] parsePacket(): could not receive data: 9
[ 64845][E][WiFiUdp.cpp:221] parsePacket(): could not receive data: 9
[ 64851][E][WiFiUdp.cpp:221] parsePacket(): could not receive data: 9
[ 64857][E][WiFiUdp.cpp:221] parsePacket(): could not receive data: 9
[ 64864][E][WiFiUdp.cpp:221] parsePacket(): could not receive data: 9
[ 64870][E][WiFiUdp.cpp:221] parsePacket(): could not receive data: 9
[ 64876][E][WiFiUdp.cpp:221] parsePacket(): could not receive data: 9
[ 64882][E][WiFiUdp.cpp:221] parsePacket(): could not receive data: 9
[ 64890][E][WiFiUdp.cpp:221] parsePacket(): could not receive data: 9
[ 64897][E][WiFiUdp.cpp:221] parsePacket(): could not receive data: 9
[ 64903][E][WiFiUdp.cpp:221] parsePacket(): could not receive data: 9
[ 64908][E][WiFiUdp.cpp:221] parsePacket(): could not receive data: 9
[ 64914][E][WiFiUdp.cpp:221] parsePacket(): could not receive data: 9
[ 64919][E][WiFiUdp.cpp:221] parsePacket(): could not receive data: 9
[ 64924][E][WiFiUdp.cpp:221] parsePacket(): could not receive data: 9
[ 64930][E][WiFiUdp.cpp:221] parsePacket(): could not receive data: 9
[ 64935][E][WiFiUdp.cpp:221] parsePacket(): could not receive data: 9
[ 64940][E][WiFiUdp.cpp:221] parsePacket(): could not receive data: 9
[ 64945][E][WiFiUdp.cpp:221] parsePacket(): could not receive data: 9
[ 64950][E][WiFiUdp.cpp:221] parsePacket(): could not receive data: 9
[ 64955][E][WiFiUdp.cpp:221] parsePacket(): could not receive data: 9
[ 64960][E][WiFiUdp.cpp:221] parsePacket(): could not receive data: 9
[ 64965][E][WiFiUdp.cpp:221] parsePacket(): could not receive data: 9
[ 64970][E][WiFiUdp.cpp:221] parsePacket(): could not receive data: 9
[ 64975][E][WiFiUdp.cpp:221] parsePacket(): could not receive data: 9
[ 64980][E][WiFiUdp.cpp:221] parsePacket(): could not receive data: 9
[ 64985][E][WiFiUdp.cpp:221] parsePacket(): could not receive data: 9
[ 64990][E][WiFiUdp.cpp:221] parsePacket(): could not receive data: 9
[ 64995][E][WiFiUdp.cpp:221] parsePacket(): could not receive data: 9
[ 65000][E][WiFiUdp.cpp:221] parsePacket(): could not receive data: 9
[ 65005][E][WiFiUdp.cpp:221] parsePacket(): could not receive data: 9
[ 65010][E][WiFiUdp.cpp:221] parsePacket(): could not receive data: 9
[ 65015][E][WiFiUdp.cpp:221] parsePacket(): could not receive data: 9
[ 65020][E][WiFiUdp.cpp:221] parsePacket(): could not receive data: 9
[ 65025][E][WiFiUdp.cpp:221] parsePacket(): could not receive data: 9
[ 65030][E][WiFiUdp.cpp:221] parsePacket(): could not receive data: 9
[ 65035][E][WiFiUdp.cpp:221] parsePacket(): could not receive data: 9
[ 65040][E][WiFiUdp.cpp:221] parsePacket(): could not receive data: 9
[ 65045][E][WiFiUdp.cpp:221] parsePacket(): could not receive data: 9
[ 65050][E][WiFiUdp.cpp:221] parsePacket(): could not receive data: 9
[ 65055][E][WiFiUdp.cpp:221] parsePacket(): could not receive data: 9
[ 65060][E][WiFiUdp.cpp:221] parsePacket(): could not receive data: 9
[ 65065][E][WiFiUdp.cpp:221] parsePacket(): could not receive data: 9
[ 65070][E][WiFiUdp.cpp:221] parsePacket(): could not receive data: 9
[ 65075][E][WiFiUdp.cpp:221] parsePacket(): could not receive data: 9
[ 65081][E][WiFiUdp.cpp:221] parsePacket(): could not receive data: 9
[ 65087][E][WiFiUdp.cpp:221] parsePacket(): could not receive data: 9
[ 65094][E][WiFiUdp.cpp:221] parsePacket(): could not receive data: 9
[ 65100][E][WiFiUdp.cpp:221] parsePacket(): could not receive data: 9
[ 65106][E][WiFiUdp.cpp:221] parsePacket(): could not receive data: 9
[ 65112][E][WiFiUdp.cpp:221] parsePacket(): could not receive data: 9
[ 65119][E][WiFiUdp.cpp:221] parsePacket(): could not receive data: 9
[ 65125][E][WiFiUdp.cpp:221] parsePacket(): could not receive data: 9
[ 65133][E][WiFiUdp.cpp:221] parsePacket(): could not receive data: 9
[ 65139][E][WiFiUdp.cpp:221] parsePacket(): could not receive data: 9
[ 65144][E][WiFiUdp.cpp:221] parsePacket(): could not receive data: 9
[ 65149][E][WiFiUdp.cpp:221] parsePacket(): could not receive data: 9
[ 65154][E][WiFiUdp.cpp:221] parsePacket(): could not receive data: 9
[ 65159][E][WiFiUdp.cpp:221] parsePacket(): could not receive data: 9
[ 65164][E][WiFiUdp.cpp:221] parsePacket(): could not receive data: 9
[ 65169][E][WiFiUdp.cpp:221] parsePacket(): could not receive data: 9
[ 65174][E][WiFiUdp.cpp:221] parsePacket(): could not receive data: 9
[ 65180][E][WiFiUdp.cpp:221] parsePacket(): could not receive data: 9
[ 65185][E][WiFiUdp.cpp:221] parsePacket(): could not receive data: 9
[ 65190][E][WiFiUdp.cpp:221] parsePacket(): could not receive data: 9
[ 65195][E][WiFiUdp.cpp:221] parsePacket(): could not receive data: 9
[ 65201][E][WiFiUdp.cpp:221] parsePacket(): could not receive data: 9
[ 65206][E][WiFiUdp.cpp:221] parsePacket(): could not receive data: 9
[ 65211][E][WiFiUdp.cpp:221] parsePacket(): could not receive data: 9
[ 65216][E][WiFiUdp.cpp:221] parsePacket(): could not receive data: 9
[ 65221][E][WiFiUdp.cpp:221] parsePacket(): could not receive data: 9
[ 65227][E][WiFiUdp.cpp:221] parsePacket(): could not receive data: 9
[ 65232][E][WiFiUdp.cpp:221] parsePacket(): could not receive data: 9
[ 65237][E][WiFiUdp.cpp:221] parsePacket(): could not receive data: 9
[ 65242][E][WiFiUdp.cpp:221] parsePacket(): could not receive data: 9
[ 65247][E][WiFiUdp.cpp:221] parsePacket(): could not receive data: 9
[ 65252][E][WiFiUdp.cpp:221] parsePacket(): could not receive data: 9
[ 65257][E][WiFiUdp.cpp:221] parsePacket(): could not receive data: 9
[ 65262][E][WiFiUdp.cpp:221] parsePacket(): could not receive data: 9
[ 65267][E][WiFiUdp.cpp:221] parsePacket(): could not receive data: 9
[ 65272][E][WiFiUdp.cpp:221] parsePacket(): could not receive data: 9
[ 65278][E][WiFiUdp.cpp:221] parsePacket(): could not receive data: 9
[ 65284][E][WiFiUdp.cpp:221] parsePacket(): could not receive data: 9
[ 65290][E][WiFiUdp.cpp:221] parsePacket(): could not receive data: 9
[ 65296][E][WiFiUdp.cpp:221] parsePacket(): could not receive data: 9
[ 65302][E][WiFiUdp.cpp:221] parsePacket(): could not receive data: 9
[ 65307][E][WiFiUdp.cpp:221] parsePacket(): could not receive data: 9
[ 65312][E][WiFiUdp.cpp:221] parsePacket(): could not receive data: 9
[ 65317][E][WiFiUdp.cpp:221] parsePacket(): could not receive data: 9
[ 65322][E][WiFiUdp.cpp:221] parsePacket(): could not receive data: 9
[ 65327][E][WiFiUdp.cpp:221] parsePacket(): could not receive data: 9
[ 65333][E][WiFiUdp.cpp:221] parsePacket(): could not receive data: 9
[ 65338][E][WiFiUdp.cpp:221] parsePacket(): could not receive data: 9
[ 65343][E][WiFiUdp.cpp:221] parsePacket(): could not receive data: 9
[ 65348][E][WiFiUdp.cpp:221] parsePacket(): could not receive data: 9
[ 65353][E][WiFiUdp.cpp:221] parsePacket(): could not receive data: 9
[ 65358][E][WiFiUdp.cpp:221] parsePacket(): could not receive data: 9
[ 65363][E][WiFiUdp.cpp:221] parsePacket(): could not receive data: 9
[ 65368][E][WiFiUdp.cpp:221] parsePacket(): could not receive data: 9
[ 65373][E][WiFiUdp.cpp:221] parsePacket(): could not receive data: 9
[ 65378][E][WiFiUdp.cpp:221] parsePacket(): could not receive data: 9
[ 65383][E][WiFiUdp.cpp:221] parsePacket(): could not receive data: 9
[ 65388][E][WiFiUdp.cpp:221] parsePacket(): could not receive data: 9
[ 65393][E][WiFiUdp.cpp:221] parsePacket(): could not receive data: 9
[ 65398][E][WiFiUdp.cpp:221] parsePacket(): could not receive data: 9
[ 65403][E][WiFiUdp.cpp:221] parsePacket(): could not receive data: 9
[ 65408][E][WiFiUdp.cpp:221] parsePacket(): could not receive data: 9
[ 65413][E][WiFiUdp.cpp:221] parsePacket(): could not receive data: 9
[ 65418][E][WiFiUdp.cpp:221] parsePacket(): could not receive data: 9
[ 65423][E][WiFiUdp.cpp:221] parsePacket(): could not receive data: 9
[ 65428][E][WiFiUdp.cpp:221] parsePacket(): could not receive data: 9
[ 65433][E][WiFiUdp.cpp:221] parsePacket(): could not receive data: 9
[ 65438][E][WiFiUdp.cpp:221] parsePacket(): could not receive data: 9
[ 65443][E][WiFiUdp.cpp:221] parsePacket(): could not receive data: 9
[ 65448][E][WiFiUdp.cpp:221] parsePacket(): could not receive data: 9
[ 65453][E][WiFiUdp.cpp:221] parsePacket(): could not receive data: 9
[ 65458][E][WiFiUdp.cpp:221] parsePacket(): could not receive data: 9
[ 65463][E][WiFiUdp.cpp:221] parsePacket(): could not receive data: 9
[ 65468][E][WiFiUdp.cpp:221] parsePacket(): could not receive data: 9
[ 65473][E][WiFiUdp.cpp:221] parsePacket(): could not receive data: 9
[ 65478][E][WiFiUdp.cpp:221] parsePacket(): could not receive data: 9
[ 65483][E][WiFiUdp.cpp:221] parsePacket(): could not receive data: 9
[ 65488][E][WiFiUdp.cpp:221] parsePacket(): could not receive data: 9
[ 65493][E][WiFiUdp.cpp:221] parsePacket(): could not receive data: 9
[ 65498][E][WiFiUdp.cpp:221] parsePacket(): could not receive data: 9
[ 65503][E][WiFiUdp.cpp:221] parsePacket(): could not receive data: 9
[ 65508][E][WiFiUdp.cpp:221] parsePacket(): could not receive data: 9
[ 65513][E][WiFiUdp.cpp:221] parsePacket(): could not receive data: 9
[ 65518][E][WiFiUdp.cpp:221] parsePacket(): could not receive data: 9
[ 65523][E][WiFiUdp.cpp:221] parsePacket(): could not receive data: 9
[ 65528][E][WiFiUdp.cpp:221] parsePacket(): could not receive data: 9
[ 65533][E][WiFiUdp.cpp:221] parsePacket(): could not receive data: 9
[ 65538][E][WiFiUdp.cpp:221] parsePacket(): could not receive data: 9
[ 65543][E][WiFiUdp.cpp:221] parsePacket(): could not receive data: 9
[ 65549][E][WiFiUdp.cpp:221] parsePacket(): could not receive data: 9
[ 65554][E][WiFiUdp.cpp:221] parsePacket(): could not receive data: 9
[ 65559][E][WiFiUdp.cpp:221] parsePacket(): could not receive data: 9
[ 65564][E][WiFiUdp.cpp:221] parsePacket(): could not receive data: 9
[ 65569][E][WiFiUdp.cpp:221] parsePacket(): could not receive data: 9
[ 65575][E][WiFiUdp.cpp:221] parsePacket(): could not receive data: 9
[ 65580][E][WiFiUdp.cpp:221] parsePacket(): could not receive data: 9
[ 65585][E][WiFiUdp.cpp:221] parsePacket(): could not receive data: 9
[ 65590][E][WiFiUdp.cpp:221] parsePacket(): could not receive data: 9
[ 65595][E][WiFiUdp.cpp:221] parsePacket(): could not receive data: 9
[ 65600][E][WiFiUdp.cpp:221] parsePacket(): could not receive data: 9
[ 65605][E][WiFiUdp.cpp:221] parsePacket(): could not receive data: 9
[ 65610][E][WiFiUdp.cpp:221] parsePacket(): could not receive data: 9
[ 65615][E][WiFiUdp.cpp:221] parsePacket(): could not receive data: 9
[ 65620][E][WiFiUdp.cpp:221] parsePacket(): could not receive data: 9
[ 65625][E][WiFiUdp.cpp:221] parsePacket(): could not receive data: 9
[ 65630][E][WiFiUdp.cpp:221] parsePacket(): could not receive data: 9
[ 65635][E][WiFiUdp.cpp:221] parsePacket(): could not receive data: 9
[ 65640][E][WiFiUdp.cpp:221] parsePacket(): could not receive data: 9
[ 65645][E][WiFiUdp.cpp:221] parsePacket(): could not receive data: 9
[ 65650][E][WiFiUdp.cpp:221] parsePacket(): could not receive data: 9
[ 65655][E][WiFiUdp.cpp:221] parsePacket(): could not receive data: 9
[ 65660][E][WiFiUdp.cpp:221] parsePacket(): could not receive data: 9
[ 65665][E][WiFiUdp.cpp:221] parsePacket(): could not receive data: 9
[ 65670][E][WiFiUdp.cpp:221] parsePacket(): could not receive data: 9
[ 65675][E][WiFiUdp.cpp:221] parsePacket(): could not receive data: 9
[ 65680][E][WiFiUdp.cpp:221] parsePacket(): could not receive data: 9
[ 65685][E][WiFiUdp.cpp:221] parsePacket(): could not receive data: 9
[ 65690][E][WiFiUdp.cpp:221] parsePacket(): could not receive data: 9
[ 65695][E][WiFiUdp.cpp:221] parsePacket(): could not receive data: 9
[ 65700][E][WiFiUdp.cpp:221] parsePacket(): could not receive data: 9
[ 65705][E][WiFiUdp.cpp:221] parsePacket(): could not receive data: 9
[ 65710][E][WiFiUdp.cpp:221] parsePacket(): could not receive data: 9
[ 65715][E][WiFiUdp.cpp:221] parsePacket(): could not receive data: 9
[ 65720][E][WiFiUdp.cpp:221] parsePacket(): could not receive data: 9
[ 65725][E][WiFiUdp.cpp:221] parsePacket(): could not receive data: 9
[ 65730][E][WiFiUdp.cpp:221] parsePacket(): could not receive data: 9
[ 65735][E][WiFiUdp.cpp:221] parsePacket(): could not receive data: 9
[ 65740][E][WiFiUdp.cpp:221] parsePacket(): could not receive data: 9
[ 65745][E][WiFiUdp.cpp:221] parsePacket(): could not receive data: 9
[ 65750][E][WiFiUdp.cpp:221] parsePacket(): could not receive data: 9
[ 65755][E][WiFiUdp.cpp:221] parsePacket(): could not receive data: 9
[ 65760][E][WiFiUdp.cpp:221] parsePacket(): could not receive data: 9
[ 65765][E][WiFiUdp.cpp:221] parsePacket(): could not receive data: 9
[ 65770][E][WiFiUdp.cpp:221] parsePacket(): could not receive data: 9
[ 65775][E][WiFiUdp.cpp:221] parsePacket(): could not receive data: 9
[ 65780][E][WiFiUdp.cpp:221] parsePacket(): could not receive data: 9
[ 65785][E][WiFiUdp.cpp:221] parsePacket(): could not receive data: 9
[ 65791][E][WiFiUdp.cpp:221] parsePacket(): could not receive data: 9
[ 65796][E][WiFiUdp.cpp:221] parsePacket(): could not receive data: 9
[ 65801][E][WiFiUdp.cpp:221] parsePacket(): could not receive data: 9
[ 65806][E][WiFiUdp.cpp:221] parsePacket(): could not receive data: 9
[ 65812][E][WiFiUdp.cpp:221] parsePacket(): could not receive data: 9
[ 65817][E][WiFiUdp.cpp:221] parsePacket(): could not receive data: 9
[ 65822][E][WiFiUdp.cpp:221] parsePacket(): could not receive data: 9
[ 65827][E][WiFiUdp.cpp:221] parsePacket(): could not receive data: 9
[ 65832][E][WiFiUdp.cpp:221] parsePacket(): could not receive data: 9
[ 65837][E][WiFiUdp.cpp:221] parsePacket(): could not receive data: 9
[ 65842][E][WiFiUdp.cpp:221] parsePacket(): could not receive data: 9
[ 65847][E][WiFiUdp.cpp:221] parsePacket(): could not receive data: 9
[ 65852][E][WiFiUdp.cpp:221] parsePacket(): could not receive data: 9
[ 65857][E][WiFiUdp.cpp:221] parsePacket(): could not receive data: 9
[ 65862][E][WiFiUdp.cpp:221] parsePacket(): could not receive data: 9
[ 65867][E][WiFiUdp.cpp:221] parsePacket(): could not receive data: 9
[ 65872][E][WiFiUdp.cpp:221] parsePacket(): could not receive data: 9
[ 65877][E][WiFiUdp.cpp:221] parsePacket(): could not receive data: 9
[ 65882][E][WiFiUdp.cpp:221] parsePacket(): could not receive data: 9
[ 65887][E][WiFiUdp.cpp:221] parsePacket(): could not receive data: 9
[ 65892][E][WiFiUdp.cpp:221] parsePacket(): could not receive data: 9
[ 65897][E][WiFiUdp.cpp:221] parsePacket(): could not receive data: 9
[ 65902][E][WiFiUdp.cpp:221] parsePacket(): could not receive data: 9
[ 65907][E][WiFiUdp.cpp:221] parsePacket(): could not receive data: 9
[ 65912][E][WiFiUdp.cpp:221] parsePacket(): could not receive data: 9
[ 65917][E][WiFiUdp.cpp:221] parsePacket(): could not receive data: 9
[ 65922][E][WiFiUdp.cpp:221] parsePacket(): could not receive data: 9
[ 65927][E][WiFiUdp.cpp:221] parsePacket(): could not receive data: 9
[ 65932][E][WiFiUdp.cpp:221] parsePacket(): could not receive data: 9
[ 65937][E][WiFiUdp.cpp:221] parsePacket(): could not receive data: 9
[ 65942][E][WiFiUdp.cpp:221] parsePacket(): could not receive data: 9
[ 65947][E][WiFiUdp.cpp:221] parsePacket(): could not receive data: 9
[ 65952][E][WiFiUdp.cpp:221] parsePacket(): could not receive data: 9
[ 65957][E][WiFiUdp.cpp:221] parsePacket(): could not receive data: 9
[ 65962][E][WiFiUdp.cpp:221] parsePacket(): could not receive data: 9
[ 65967][E][WiFiUdp.cpp:221] parsePacket(): could not receive data: 9
[ 65972][E][WiFiUdp.cpp:221] parsePacket(): could not receive data: 9
[ 65977][E][WiFiUdp.cpp:221] parsePacket(): could not receive data: 9
[ 65982][E][WiFiUdp.cpp:221] parsePacket(): could not receive data: 9
[ 65987][E][WiFiUdp.cpp:221] parsePacket(): could not receive data: 9
[ 65992][E][WiFiUdp.cpp:221] parsePacket(): could not receive data: 9
[ 65997][E][WiFiUdp.cpp:221] parsePacket(): could not receive data: 9
[ 66002][E][WiFiUdp.cpp:221] parsePacket(): could not receive data: 9
[ 66007][E][WiFiUdp.cpp:221] parsePacket(): could not receive data: 9
[ 66012][E][WiFiUdp.cpp:221] parsePacket(): could not receive data: 9
[ 66017][E][WiFiUdp.cpp:221] parsePacket(): could not receive data: 9
[ 66022][E][WiFiUdp.cpp:221] parsePacket(): could not receive data: 9
[ 66027][E][WiFiUdp.cpp:221] parsePacket(): could not receive data: 9
[ 66032][E][WiFiUdp.cpp:221] parsePacket(): could not receive data: 9
[ 66037][E][WiFiUdp.cpp:221] parsePacket(): could not receive data: 9
[ 66042][E][WiFiUdp.cpp:221] parsePacket(): could not receive data: 9
[ 66047][E][WiFiUdp.cpp:221] parsePacket(): could not receive data: 9
[ 66052][E][WiFiUdp.cpp:221] parsePacket(): could not receive data: 9
[ 66057][E][WiFiUdp.cpp:221] parsePacket(): could not receive data: 9
[ 66062][E][WiFiUdp.cpp:221] parsePacket(): could not receive data: 9
[ 66067][E][WiFiUdp.cpp:221] parsePacket(): could not receive data: 9
[ 66072][E][WiFiUdp.cpp:221] parsePacket(): could not receive data: 9
[ 66077][E][WiFiUdp.cpp:221] parsePacket(): could not receive data: 9
[ 66082][E][WiFiUdp.cpp:221] parsePacket(): could not receive data: 9
[ 66087][E][WiFiUdp.cpp:221] parsePacket(): could not receive data: 9
[ 66092][E][WiFiUdp.cpp:221] parsePacket(): could not receive data: 9
[ 66097][E][WiFiUdp.cpp:221] parsePacket(): could not receive data: 9
[ 66102][E][WiFiUdp.cpp:221] parsePacket(): could not receive data: 9
[ 66107][E][WiFiUdp.cpp:221] parsePacket(): could not receive data: 9
[ 66112][E][WiFiUdp.cpp:221] parsePacket(): could not receive data: 9
[ 66117][E][WiFiUdp.cpp:221] parsePacket(): could not receive data: 9
[ 66122][E][WiFiUdp.cpp:221] parsePacket(): could not receive data: 9
[ 66127][E][WiFiUdp.cpp:221] parsePacket(): could not receive data: 9
[ 66132][E][WiFiUdp.cpp:221] parsePacket(): could not receive data: 9
[ 66137][E][WiFiUdp.cpp:221] parsePacket(): could not receive data: 9
[ 66142][E][WiFiUdp.cpp:221] parsePacket(): could not receive data: 9
[ 66147][E][WiFiUdp.cpp:221] parsePacket(): could not receive data: 9
[ 66152][E][WiFiUdp.cpp:221] parsePacket(): could not receive data: 9
[ 66157][E][WiFiUdp.cpp:221] parsePacket(): could not receive data: 9
[ 66162][E][WiFiUdp.cpp:221] parsePacket(): could not receive data: 9
[ 66167][E][WiFiUdp.cpp:221] parsePacket(): could not receive data: 9
[ 66172][E][WiFiUdp.cpp:221] parsePacket(): could not receive data: 9
[ 66177][E][WiFiUdp.cpp:221] parsePacket(): could not receive data: 9
[ 66182][E][WiFiUdp.cpp:221] parsePacket(): could not receive data: 9
[ 66187][E][WiFiUdp.cpp:221] parsePacket(): could not receive data: 9
[ 66192][E][WiFiUdp.cpp:221] parsePacket(): could not receive data: 9
[ 66197][E][WiFiUdp.cpp:221] parsePacket(): could not receive data: 9
[ 66202][E][WiFiUdp.cpp:221] parsePacket(): could not receive data: 9
[ 66207][E][WiFiUdp.cpp:221] parsePacket(): could not receive data: 9
[ 66212][E][WiFiUdp.cpp:221] parsePacket(): could not receive data: 9
[ 66217][E][WiFiUdp.cpp:221] parsePacket(): could not receive data: 9
[ 66222][E][WiFiUdp.cpp:221] parsePacket(): could not receive data: 9
[ 66227][E][WiFiUdp.cpp:221] parsePacket(): could not receive data: 9
[ 66232][E][WiFiUdp.cpp:221] parsePacket(): could not receive data: 9
[ 66237][E][WiFiUdp.cpp:221] parsePacket(): could not receive data: 9
[ 66242][E][WiFiUdp.cpp:221] parsePacket(): could not receive data: 9
[ 66247][E][WiFiUdp.cpp:221] parsePacket(): could not receive data: 9
[ 66252][E][WiFiUdp.cpp:221] parsePacket(): could not receive data: 9
[ 66257][E][WiFiUdp.cpp:221] parsePacket(): could not receive data: 9
[ 66262][E][WiFiUdp.cpp:221] parsePacket(): could not receive data: 9
[ 66267][E][WiFiUdp.cpp:221] parsePacket(): could not receive data: 9
[ 66272][E][WiFiUdp.cpp:221] parsePacket(): could not receive data: 9
[ 66277][E][WiFiUdp.cpp:221] parsePacket(): could not receive data: 9
[ 66282][E][WiFiUdp.cpp:221] parsePacket(): could not receive data: 9
[ 66287][E][WiFiUdp.cpp:221] parsePacket(): could not receive data: 9
[ 66292][E][WiFiUdp.cpp:221] parsePacket(): could not receive data: 9
[ 66297][E][WiFiUdp.cpp:221] parsePacket(): could not receive data: 9
[ 66302][E][WiFiUdp.cpp:221] parsePacket(): could not receive data: 9
[ 66307][E][WiFiUdp.cpp:221] parsePacket(): could not receive data: 9
[ 66312][E][WiFiUdp.cpp:221] parsePacket(): could not receive data: 9
[ 66317][E][WiFiUdp.cpp:221] parsePacket(): could not receive data: 9
[ 66322][E][WiFiUdp.cpp:221] parsePacket(): could not receive data: 9
[ 66327][E][WiFiUdp.cpp:221] parsePacket(): could not receive data: 9
[ 66332][E][WiFiUdp.cpp:221] parsePacket(): could not receive data: 9
[ 66337][E][WiFiUdp.cpp:221] parsePacket(): could not receive data: 9
[ 66342][E][WiFiUdp.cpp:221] parsePacket(): could not receive data: 9
[ 66347][E][WiFiUdp.cpp:221] parsePacket(): could not receive data: 9
[ 66352][E][WiFiUdp.cpp:221] parsePacket(): could not receive data: 9
[ 66357][E][WiFiUdp.cpp:221] parsePacket(): could not receive data: 9
[ 66362][E][WiFiUdp.cpp:221] parsePacket(): could not receive data: 9
[ 66367][E][WiFiUdp.cpp:221] parsePacket(): could not receive data: 9
[ 66373][E][WiFiUdp.cpp:221] parsePacket(): could not receive data: 9
[ 66379][E][WiFiUdp.cpp:221] parsePacket(): could not receive data: 9
[ 66384][E][WiFiUdp.cpp:221] parsePacket(): could not receive data: 9
[ 66389][E][WiFiUdp.cpp:221] parsePacket(): could not receive data: 9
[ 66394][E][WiFiUdp.cpp:221] parsePacket(): could not receive data: 9
[ 66399][E][WiFiUdp.cpp:221] parsePacket(): could not receive data: 9
[ 66404][E][WiFiUdp.cpp:221] parsePacket(): could not receive data: 9
[ 66409][E][WiFiUdp.cpp:221] parsePacket(): could not receive data: 9
[ 66414][E][WiFiUdp.cpp:221] parsePacket(): could not receive data: 9
[ 66419][E][WiFiUdp.cpp:221] parsePacket(): could not receive data: 9
[ 66424][E][WiFiUdp.cpp:221] parsePacket(): could not receive data: 9
[ 66429][E][WiFiUdp.cpp:221] parsePacket(): could not receive data: 9
[ 66434][E][WiFiUdp.cpp:221] parsePacket(): could not receive data: 9
[ 66439][E][WiFiUdp.cpp:221] parsePacket(): could not receive data: 9
[ 66444][E][WiFiUdp.cpp:221] parsePacket(): could not receive data: 9
[ 66449][E][WiFiUdp.cpp:221] parsePacket(): could not receive data: 9
[ 66454][E][WiFiUdp.cpp:221] parsePacket(): could not receive data: 9
[ 66459][E][WiFiUdp.cpp:221] parsePacket(): could not receive data: 9
[ 66464][E][WiFiUdp.cpp:221] parsePacket(): could not receive data: 9
[ 66469][E][WiFiUdp.cpp:221] parsePacket(): could not receive data: 9
[ 66474][E][WiFiUdp.cpp:221] parsePacket(): could not receive data: 9
[ 66479][E][WiFiUdp.cpp:221] parsePacket(): could not receive data: 9
[ 66484][E][WiFiUdp.cpp:221] parsePacket(): could not receive data: 9
[ 66489][E][WiFiUdp.cpp:221] parsePacket(): could not receive data: 9
[ 66494][E][WiFiUdp.cpp:221] parsePacket(): could not receive data: 9
[ 66499][E][WiFiUdp.cpp:221] parsePacket(): could not receive data: 9
[ 66504][E][WiFiUdp.cpp:221] parsePacket(): could not receive data: 9
[ 66509][E][WiFiUdp.cpp:221] parsePacket(): could not receive data: 9
[ 66514][E][WiFiUdp.cpp:221] parsePacket(): could not receive data: 9
[ 66519][E][WiFiUdp.cpp:221] parsePacket(): could not receive data: 9
[ 66524][E][WiFiUdp.cpp:221] parsePacket(): could not receive data: 9
[ 66529][E][WiFiUdp.cpp:221] parsePacket(): could not receive data: 9
[ 66534][E][WiFiUdp.cpp:221] parsePacket(): could not receive data: 9
[ 66539][E][WiFiUdp.cpp:221] parsePacket(): could not receive data: 9
[ 66544][E][WiFiUdp.cpp:221] parsePacket(): could not receive data: 9
[ 66549][E][WiFiUdp.cpp:221] parsePacket(): could not receive data: 9
[ 66554][E][WiFiUdp.cpp:221] parsePacket(): could not receive data: 9
[ 66559][E][WiFiUdp.cpp:221] parsePacket(): could not receive data: 9
[ 66564][E][WiFiUdp.cpp:221] parsePacket(): could not receive data: 9
[ 66569][E][WiFiUdp.cpp:221] parsePacket(): could not receive data: 9
[ 66574][E][WiFiUdp.cpp:221] parsePacket(): could not receive data: 9
[ 66579][E][WiFiUdp.cpp:221] parsePacket(): could not receive data: 9
[ 66584][E][WiFiUdp.cpp:221] parsePacket(): could not receive data: 9
[ 66589][E][WiFiUdp.cpp:221] parsePacket(): could not receive data: 9
[ 66594][E][WiFiUdp.cpp:221] parsePacket(): could not receive data: 9
[ 66599][E][WiFiUdp.cpp:221] parsePacket(): could not receive data: 9
[ 66604][E][WiFiUdp.cpp:221] parsePacket(): could not receive data: 9
[ 66609][E][WiFiUdp.cpp:221] parsePacket(): could not receive data: 9
[ 66614][E][WiFiUdp.cpp:221] parsePacket(): could not receive data: 9
[ 66619][E][WiFiUdp.cpp:221] parsePacket(): could not receive data: 9
[ 66624][E][WiFiUdp.cpp:221] parsePacket(): could not receive data: 9
[ 66629][E][WiFiUdp.cpp:221] parsePacket(): could not receive data: 9
[ 66634][E][WiFiUdp.cpp:221] parsePacket(): could not receive data: 9
[ 66639][E][WiFiUdp.cpp:221] parsePacket(): could not receive data: 9
[ 66644][E][WiFiUdp.cpp:221] parsePacket(): could not receive data: 9
[ 66649][E][WiFiUdp.cpp:221] parsePacket(): could not receive data: 9
[ 66654][E][WiFiUdp.cpp:221] parsePacket(): could not receive data: 9
[ 66659][E][WiFiUdp.cpp:221] parsePacket(): could not receive data: 9
[ 66664][E][WiFiUdp.cpp:221] parsePacket(): could not receive data: 9
[ 66669][E][WiFiUdp.cpp:221] parsePacket(): could not receive data: 9
[ 66674][E][WiFiUdp.cpp:221] parsePacket(): could not receive data: 9
[ 66679][E][WiFiUdp.cpp:221] parsePacket(): could not receive data: 9
[ 66684][E][WiFiUdp.cpp:221] parsePacket(): could not receive data: 9
[ 66690][E][WiFiUdp.cpp:221] parsePacket(): could not receive data: 9
[ 66695][E][WiFiUdp.cpp:221] parsePacket(): could not receive data: 9
[ 66700][E][WiFiUdp.cpp:221] parsePacket(): could not receive data: 9
[ 66705][E][WiFiUdp.cpp:221] parsePacket(): could not receive data: 9
[ 66710][E][WiFiUdp.cpp:221] parsePacket(): could not receive data: 9
[ 66715][E][WiFiUdp.cpp:221] parsePacket(): could not receive data: 9
[ 66720][E][WiFiUdp.cpp:221] parsePacket(): could not receive data: 9
[ 66725][E][WiFiUdp.cpp:221] parsePacket(): could not receive data: 9
[ 66730][E][WiFiUdp.cpp:221] parsePacket(): could not receive data: 9
[ 66735][E][WiFiUdp.cpp:221] parsePacket(): could not receive data: 9
[ 66740][E][WiFiUdp.cpp:221] parsePacket(): could not receive data: 9
[ 66745][E][WiFiUdp.cpp:221] parsePacket(): could not receive data: 9
[ 66750][E][WiFiUdp.cpp:221] parsePacket(): could not receive data: 9
[ 66755][E][WiFiUdp.cpp:221] parsePacket(): could not receive data: 9
[ 66760][E][WiFiUdp.cpp:221] parsePacket(): could not receive data: 9
[ 66765][E][WiFiUdp.cpp:221] parsePacket(): could not receive data: 9
[ 66770][E][WiFiUdp.cpp:221] parsePacket(): could not receive data: 9
[ 66775][E][WiFiUdp.cpp:221] parsePacket(): could not receive data: 9
[ 66780][E][WiFiUdp.cpp:221] parsePacket(): could not receive data: 9
[ 66785][E][WiFiUdp.cpp:221] parsePacket(): could not receive data: 9
[ 66790][E][WiFiUdp.cpp:221] parsePacket(): could not receive data: 9
[ 66795][E][WiFiUdp.cpp:221] parsePacket(): could not receive data: 9
[ 66800][E][WiFiUdp.cpp:221] parsePacket(): could not receive data: 9
[ 66805][E][WiFiUdp.cpp:221] parsePacket(): could not receive data: 9
[ 66810][E][WiFiUdp.cpp:221] parsePacket(): could not receive data: 9
[ 66815][E][WiFiUdp.cpp:221] parsePacket(): could not receive data: 9
[ 66820][E][WiFiUdp.cpp:221] parsePacket(): could not receive data: 9
[ 66825][E][WiFiUdp.cpp:221] parsePacket(): could not receive data: 9
[ 66830][E][WiFiUdp.cpp:221] parsePacket(): could not receive data: 9
[ 66835][E][WiFiUdp.cpp:221] parsePacket(): could not receive data: 9
[ 66840][E][WiFiUdp.cpp:221] parsePacket(): could not receive data: 9
[ 66845][E][WiFiUdp.cpp:221] parsePacket(): could not receive data: 9
[ 66850][E][WiFiUdp.cpp:221] parsePacket(): could not receive data: 9
[ 66855][E][WiFiUdp.cpp:221] parsePacket(): could not receive data: 9
[ 66860][E][WiFiUdp.cpp:221] parsePacket(): could not receive data: 9
[ 66866][E][WiFiUdp.cpp:221] parsePacket(): could not receive data: 9
[ 66871][E][WiFiUdp.cpp:221] parsePacket(): could not receive data: 9
[ 66876][E][WiFiUdp.cpp:221] parsePacket(): could not receive data: 9
[ 66881][E][WiFiUdp.cpp:221] parsePacket(): could not receive data: 9
[ 66886][E][WiFiUdp.cpp:221] parsePacket(): could not receive data: 9
[ 66891][E][WiFiUdp.cpp:221] parsePacket(): could not receive data: 9
[ 66896][E][WiFiUdp.cpp:221] parsePacket(): could not receive data: 9
[ 66901][E][WiFiUdp.cpp:221] parsePacket(): could not receive data: 9
[ 66906][E][WiFiUdp.cpp:221] parsePacket(): could not receive data: 9
[ 66911][E][WiFiUdp.cpp:221] parsePacket(): could not receive data: 9
[ 66916][E][WiFiUdp.cpp:221] parsePacket(): could not receive data: 9
[ 66921][E][WiFiUdp.cpp:221] parsePacket(): could not receive data: 9
[ 66926][E][WiFiUdp.cpp:221] parsePacket(): could not receive data: 9
[ 66931][E][WiFiUdp.cpp:221] parsePacket(): could not receive data: 9
[ 66936][E][WiFiUdp.cpp:221] parsePacket(): could not receive data: 9
[ 66941][E][WiFiUdp.cpp:221] parsePacket(): could not receive data: 9
[ 66946][E][WiFiUdp.cpp:221] parsePacket(): could not receive data: 9
[ 66951][E][WiFiUdp.cpp:221] parsePacket(): could not receive data: 9
[ 66956][E][WiFiUdp.cpp:221] parsePacket(): could not receive data: 9
[ 66961][E][WiFiUdp.cpp:221] parsePacket(): could not receive data: 9
[ 66966][E][WiFiUdp.cpp:221] parsePacket(): could not receive data: 9
[ 66971][E][WiFiUdp.cpp:221] parsePacket(): could not receive data: 9
[ 66976][E][WiFiUdp.cpp:221] parsePacket(): could not receive data: 9
[ 66981][E][WiFiUdp.cpp:221] parsePacket(): could not receive data: 9
[ 66986][E][WiFiUdp.cpp:221] parsePacket(): could not receive data: 9
[ 66991][E][WiFiUdp.cpp:221] parsePacket(): could not receive data: 9
[ 66996][E][WiFiUdp.cpp:221] parsePacket(): could not receive data: 9
[ 67001][E][WiFiUdp.cpp:221] parsePacket(): could not receive data: 9
[ 67006][E][WiFiUdp.cpp:221] parsePacket(): could not receive data: 9
[ 67012][E][WiFiUdp.cpp:221] parsePacket(): could not receive data: 9
[ 67017][E][WiFiUdp.cpp:221] parsePacket(): could not receive data: 9
[ 67022][E][WiFiUdp.cpp:221] parsePacket(): could not receive data: 9
[ 67027][E][WiFiUdp.cpp:221] parsePacket(): could not receive data: 9
[ 67032][E][WiFiUdp.cpp:221] parsePacket(): could not receive data: 9
[ 67037][E][WiFiUdp.cpp:221] parsePacket(): could not receive data: 9
[ 67042][E][WiFiUdp.cpp:221] parsePacket(): could not receive data: 9
[ 67047][E][WiFiUdp.cpp:221] parsePacket(): could not receive data: 9
[ 67052][E][WiFiUdp.cpp:221] parsePacket(): could not receive data: 9
[ 67057][E][WiFiUdp.cpp:221] parsePacket(): could not receive data: 9
[ 67062][E][WiFiUdp.cpp:221] parsePacket(): could not receive data: 9
[ 67067][E][WiFiUdp.cpp:221] parsePacket(): could not receive data: 9
[ 67072][E][WiFiUdp.cpp:221] parsePacket(): could not receive data: 9
[ 67077][E][WiFiUdp.cpp:221] parsePacket(): could not receive data: 9
[ 67082][E][WiFiUdp.cpp:221] parsePacket(): could not receive data: 9
[ 67088][E][WiFiUdp.cpp:221] parsePacket(): could not receive data: 9
[ 67094][E][WiFiUdp.cpp:221] parsePacket(): could not receive data: 9
[ 67099][E][WiFiUdp.cpp:221] parsePacket(): could not receive data: 9
[ 67105][E][WiFiUdp.cpp:221] parsePacket(): could not receive data: 9
[ 67110][E][WiFiUdp.cpp:221] parsePacket(): could not receive data: 9
[ 67115][E][WiFiUdp.cpp:221] parsePacket(): could not receive data: 9
[ 67120][E][WiFiUdp.cpp:221] parsePacket(): could not receive data: 9
[ 67125][E][WiFiUdp.cpp:221] parsePacket(): could not receive data: 9
[ 67130][E][WiFiUdp.cpp:221] parsePacket(): could not receive data: 9
[ 67135][E][WiFiUdp.cpp:221] parsePacket(): could not receive data: 9
[ 67140][E][WiFiUdp.cpp:221] parsePacket(): could not receive data: 9
[ 67146][E][WiFiUdp.cpp:221] parsePacket(): could not receive data: 9
[ 67151][E][WiFiUdp.cpp:221] parsePacket(): could not receive data: 9
[ 67156][E][WiFiUdp.cpp:221] parsePacket(): could not receive data: 9
[ 67161][E][WiFiUdp.cpp:221] parsePacket(): could not receive data: 9
[ 67166][E][WiFiUdp.cpp:221] parsePacket(): could not receive data: 9
[ 67171][E][WiFiUdp.cpp:221] parsePacket(): could not receive data: 9
[ 67177][E][WiFiUdp.cpp:221] parsePacket(): could not receive data: 9
[ 67182][E][WiFiUdp.cpp:221] parsePacket(): could not receive data: 9
[ 67187][E][WiFiUdp.cpp:221] parsePacket(): could not receive data: 9
[ 67192][E][WiFiUdp.cpp:221] parsePacket(): could not receive data: 9
[ 67197][E][WiFiUdp.cpp:221] parsePacket(): could not receive data: 9
[ 67202][E][WiFiUdp.cpp:221] parsePacket(): could not receive data: 9
[ 67207][E][WiFiUdp.cpp:221] parsePacket(): could not receive data: 9
[ 67212][E][WiFiUdp.cpp:221] parsePacket(): could not receive data: 9
[ 67217][E][WiFiUdp.cpp:221] parsePacket(): could not receive data: 9
[ 67222][E][WiFiUdp.cpp:221] parsePacket(): could not receive data: 9
[ 67227][E][WiFiUdp.cpp:221] parsePacket(): could not receive data: 9
[ 67232][E][WiFiUdp.cpp:221] parsePacket(): could not receive data: 9
[ 67237][E][WiFiUdp.cpp:221] parsePacket(): could not receive data: 9
[ 67242][E][WiFiUdp.cpp:221] parsePacket(): could not receive data: 9
[ 67247][E][WiFiUdp.cpp:221] parsePacket(): could not receive data: 9
[ 67252][E][WiFiUdp.cpp:221] parsePacket(): could not receive data: 9
[ 67257][E][WiFiUdp.cpp:221] parsePacket(): could not receive data: 9
[ 67262][E][WiFiUdp.cpp:221] parsePacket(): could not receive data: 9
[ 67267][E][WiFiUdp.cpp:221] parsePacket(): could not receive data: 9
[ 67272][E][WiFiUdp.cpp:221] parsePacket(): could not receive data: 9
[ 67277][E][WiFiUdp.cpp:221] parsePacket(): could not receive data: 9
[ 67282][E][WiFiUdp.cpp:221] parsePacket(): could not receive data: 9
[ 67287][E][WiFiUdp.cpp:221] parsePacket(): could not receive data: 9
[ 67292][E][WiFiUdp.cpp:221] parsePacket(): could not receive data: 9
[ 67297][E][WiFiUdp.cpp:221] parsePacket(): could not receive data: 9
[ 67302][E][WiFiUdp.cpp:221] parsePacket(): could not receive data: 9
[ 67307][E][WiFiUdp.cpp:221] parsePacket(): could not receive data: 9
[ 67312][E][WiFiUdp.cpp:221] parsePacket(): could not receive data: 9
[ 67317][E][WiFiUdp.cpp:221] parsePacket(): could not receive data: 9
[ 67322][E][WiFiUdp.cpp:221] parsePacket(): could not receive data: 9
[ 67327][E][WiFiUdp.cpp:221] parsePacket(): could not receive data: 9
[ 67332][E][WiFiUdp.cpp:221] parsePacket(): could not receive data: 9
[ 67337][E][WiFiUdp.cpp:221] parsePacket(): could not receive data: 9
[ 67342][E][WiFiUdp.cpp:221] parsePacket(): could not receive data: 9
[ 67347][E][WiFiUdp.cpp:221] parsePacket(): could not receive data: 9
[ 67352][E][WiFiUdp.cpp:221] parsePacket(): could not receive data: 9
[ 67357][E][WiFiUdp.cpp:221] parsePacket(): could not receive data: 9
[ 67362][E][WiFiUdp.cpp:221] parsePacket(): could not receive data: 9
[ 67367][E][WiFiUdp.cpp:221] parsePacket(): could not receive data: 9
[ 67372][E][WiFiUdp.cpp:221] parsePacket(): could not receive data: 9
[ 67377][E][WiFiUdp.cpp:221] parsePacket(): could not receive data: 9
[ 67382][E][WiFiUdp.cpp:221] parsePacket(): could not receive data: 9
[ 67387][E][WiFiUdp.cpp:221] parsePacket(): could not receive data: 9
[ 67392][E][WiFiUdp.cpp:221] parsePacket(): could not receive data: 9
[ 67397][E][WiFiUdp.cpp:221] parsePacket(): could not receive data: 9
[ 67402][E][WiFiUdp.cpp:221] parsePacket(): could not receive data: 9
[ 67407][E][WiFiUdp.cpp:221] parsePacket(): could not receive data: 9
[ 67412][E][WiFiUdp.cpp:221] parsePacket(): could not receive data: 9
[ 67417][E][WiFiUdp.cpp:221] parsePacket(): could not receive data: 9
[ 67422][E][WiFiUdp.cpp:221] parsePacket(): could not receive data: 9
[ 67427][E][WiFiUdp.cpp:221] parsePacket(): could not receive data: 9
[ 67432][E][WiFiUdp.cpp:221] parsePacket(): could not receive data: 9
[ 67438][E][WiFiUdp.cpp:221] parsePacket(): could not receive data: 9
[ 67443][E][WiFiUdp.cpp:221] parsePacket(): could not receive data: 9
[ 67448][E][WiFiUdp.cpp:221] parsePacket(): could not receive data: 9
[ 67453][E][WiFiUdp.cpp:221] parsePacket(): could not receive data: 9
[ 67458][E][WiFiUdp.cpp:221] parsePacket(): could not receive data: 9
[ 67463][E][WiFiUdp.cpp:221] parsePacket(): could not receive data: 9
[ 67468][E][WiFiUdp.cpp:221] parsePacket(): could not receive data: 9
[ 67473][E][WiFiUdp.cpp:221] parsePacket(): could not receive data: 9
[ 67478][E][WiFiUdp.cpp:221] parsePacket(): could not receive data: 9
[ 67483][E][WiFiUdp.cpp:221] parsePacket(): could not receive data: 9
[ 67488][E][WiFiUdp.cpp:221] parsePacket(): could not receive data: 9
[ 67493][E][WiFiUdp.cpp:221] parsePacket(): could not receive data: 9
[ 67498][E][WiFiUdp.cpp:221] parsePacket(): could not receive data: 9
[ 67503][E][WiFiUdp.cpp:221] parsePacket(): could not receive data: 9
[ 67508][E][WiFiUdp.cpp:221] parsePacket(): could not receive data: 9
[ 67513][E][WiFiUdp.cpp:221] parsePacket(): could not receive data: 9
[ 67518][E][WiFiUdp.cpp:221] parsePacket(): could not receive data: 9
[ 67523][E][WiFiUdp.cpp:221] parsePacket(): could not receive data: 9
[ 67528][E][WiFiUdp.cpp:221] parsePacket(): could not receive data: 9
[ 67533][E][WiFiUdp.cpp:221] parsePacket(): could not receive data: 9
[ 67538][E][WiFiUdp.cpp:221] parsePacket(): could not receive data: 9
[ 67543][E][WiFiUdp.cpp:221] parsePacket(): could not receive data: 9
[ 67548][E][WiFiUdp.cpp:221] parsePacket(): could not receive data: 9
[ 67553][E][WiFiUdp.cpp:221] parsePacket(): could not receive data: 9
[ 67558][E][WiFiUdp.cpp:221] parsePacket(): could not receive data: 9
[ 67563][E][WiFiUdp.cpp:221] parsePacket(): could not receive data: 9
[ 67568][E][WiFiUdp.cpp:221] parsePacket(): could not receive data: 9
[ 67573][E][WiFiUdp.cpp:221] parsePacket(): could not receive data: 9
[ 67578][E][WiFiUdp.cpp:221] parsePacket(): could not receive data: 9
[ 67583][E][WiFiUdp.cpp:221] parsePacket(): could not receive data: 9
[ 67588][E][WiFiUdp.cpp:221] parsePacket(): could not receive data: 9
[ 67593][E][WiFiUdp.cpp:221] parsePacket(): could not receive data: 9
[ 67598][E][WiFiUdp.cpp:221] parsePacket(): could not receive data: 9
[ 67603][E][WiFiUdp.cpp:221] parsePacket(): could not receive data: 9
[ 67608][E][WiFiUdp.cpp:221] parsePacket(): could not receive data: 9
[ 67613][E][WiFiUdp.cpp:221] parsePacket(): could not receive data: 9
[ 67618][E][WiFiUdp.cpp:221] parsePacket(): could not receive data: 9
[ 67623][E][WiFiUdp.cpp:221] parsePacket(): could not receive data: 9
[ 67628][E][WiFiUdp.cpp:221] parsePacket(): could not receive data: 9
[ 67633][E][WiFiUdp.cpp:221] parsePacket(): could not receive data: 9
[ 67638][E][WiFiUdp.cpp:221] parsePacket(): could not receive data: 9
[ 67643][E][WiFiUdp.cpp:221] parsePacket(): could not receive data: 9
[ 67648][E][WiFiUdp.cpp:221] parsePacket(): could not receive data: 9
[ 67653][E][WiFiUdp.cpp:221] parsePacket(): could not receive data: 9
[ 67658][E][WiFiUdp.cpp:221] parsePacket(): could not receive data: 9
[ 67663][E][WiFiUdp.cpp:221] parsePacket(): could not receive data: 9
[ 67668][E][WiFiUdp.cpp:221] parsePacket(): could not receive data: 9
[ 67673][E][WiFiUdp.cpp:221] parsePacket(): could not receive data: 9
[ 67678][E][WiFiUdp.cpp:221] parsePacket(): could not receive data: 9
[ 67684][E][WiFiUdp.cpp:221] parsePacket(): could not receive data: 9
[ 67690][E][WiFiUdp.cpp:221] parsePacket(): could not receive data: 9
[ 67695][E][WiFiUdp.cpp:221] parsePacket(): could not receive data: 9
[ 67701][E][WiFiUdp.cpp:221] parsePacket(): could not receive data: 9
[ 67706][E][WiFiUdp.cpp:221] parsePacket(): could not receive data: 9
[ 67711][E][WiFiUdp.cpp:221] parsePacket(): could not receive data: 9
[ 67716][E][WiFiUdp.cpp:221] parsePacket(): could not receive data: 9
[ 67721][E][WiFiUdp.cpp:221] parsePacket(): could not receive data: 9
[ 67726][E][WiFiUdp.cpp:221] parsePacket(): could not receive data: 9
[ 67731][E][WiFiUdp.cpp:221] parsePacket(): could not receive data: 9
[ 67736][E][WiFiUdp.cpp:221] parsePacket(): could not receive data: 9
[ 67741][E][WiFiUdp.cpp:221] parsePacket(): could not receive data: 9
[ 67746][E][WiFiUdp.cpp:221] parsePacket(): could not receive data: 9
[ 67751][E][WiFiUdp.cpp:221] parsePacket(): could not receive data: 9
[ 67756][E][WiFiUdp.cpp:221] parsePacket(): could not receive data: 9
[ 67761][E][WiFiUdp.cpp:221] parsePacket(): could not receive data: 9
[ 67766][E][WiFiUdp.cpp:221] parsePacket(): could not receive data: 9
[ 67771][E][WiFiUdp.cpp:221] parsePacket(): could not receive data: 9
[ 67776][E][WiFiUdp.cpp:221] parsePacket(): could not receive data: 9
[ 67781][E][WiFiUdp.cpp:221] parsePacket(): could not receive data: 9
[ 67786][E][WiFiUdp.cpp:221] parsePacket(): could not receive data: 9
[ 67791][E][WiFiUdp.cpp:221] parsePacket(): could not receive data: 9
[ 67796][E][WiFiUdp.cpp:221] parsePacket(): could not receive data: 9
[ 67801][E][WiFiUdp.cpp:221] parsePacket(): could not receive data: 9
[ 67806][E][WiFiUdp.cpp:221] parsePacket(): could not receive data: 9
[ 67811][E][WiFiUdp.cpp:221] parsePacket(): could not receive data: 9
[ 67816][E][WiFiUdp.cpp:221] parsePacket(): could not receive data: 9
[ 67821][E][WiFiUdp.cpp:221] parsePacket(): could not receive data: 9
[ 67826][E][WiFiUdp.cpp:221] parsePacket(): could not receive data: 9
[ 67831][E][WiFiUdp.cpp:221] parsePacket(): could not receive data: 9
[ 67836][E][WiFiUdp.cpp:221] parsePacket(): could not receive data: 9
[ 67841][E][WiFiUdp.cpp:221] parsePacket(): could not receive data: 9
[ 67846][E][WiFiUdp.cpp:221] parsePacket(): could not receive data: 9
[ 67851][E][WiFiUdp.cpp:221] parsePacket(): could not receive data: 9
[ 67856][E][WiFiUdp.cpp:221] parsePacket(): could not receive data: 9
[ 67861][E][WiFiUdp.cpp:221] parsePacket(): could not receive data: 9
[ 67866][E][WiFiUdp.cpp:221] parsePacket(): could not receive data: 9
[ 67871][E][WiFiUdp.cpp:221] parsePacket(): could not receive data: 9
[ 67876][E][WiFiUdp.cpp:221] parsePacket(): could not receive data: 9
[ 67881][E][WiFiUdp.cpp:221] parsePacket(): could not receive data: 9
[ 67886][E][WiFiUdp.cpp:221] parsePacket(): could not receive data: 9
[ 67891][E][WiFiUdp.cpp:221] parsePacket(): could not receive data: 9
[ 67896][E][WiFiUdp.cpp:221] parsePacket(): could not receive data: 9
[ 67901][E][WiFiUdp.cpp:221] parsePacket(): could not receive data: 9
[ 67906][E][WiFiUdp.cpp:221] parsePacket(): could not receive data: 9
[ 67911][E][WiFiUdp.cpp:221] parsePacket(): could not receive data: 9
[ 67916][E][WiFiUdp.cpp:221] parsePacket(): could not receive data: 9
[ 67921][E][WiFiUdp.cpp:221] parsePacket(): could not receive data: 9
[ 67926][E][WiFiUdp.cpp:221] parsePacket(): could not receive data: 9
[ 67931][E][WiFiUdp.cpp:221] parsePacket(): could not receive data: 9
[ 67936][E][WiFiUdp.cpp:221] parsePacket(): could not receive data: 9
[ 67941][E][WiFiUdp.cpp:221] parsePacket(): could not receive data: 9
[ 67947][E][WiFiUdp.cpp:221] parsePacket(): could not receive data: 9
[ 67953][E][WiFiUdp.cpp:221] parsePacket(): could not receive data: 9
[ 67959][E][WiFiUdp.cpp:221] parsePacket(): could not receive data: 9
[ 67965][E][WiFiUdp.cpp:221] parsePacket(): could not receive data: 9
[ 67971][E][WiFiUdp.cpp:221] parsePacket(): could not receive data: 9
[ 67977][E][WiFiUdp.cpp:221] parsePacket(): could not receive data: 9
[ 67983][E][WiFiUdp.cpp:221] parsePacket(): could not receive data: 9
[ 67989][E][WiFiUdp.cpp:221] parsePacket(): could not receive data: 9
[ 67995][E][WiFiUdp.cpp:221] parsePacket(): could not receive data: 9
[ 68000][E][WiFiUdp.cpp:221] parsePacket(): could not receive data: 9
[ 68006][E][WiFiUdp.cpp:221] parsePacket(): could not receive data: 9
[ 68012][E][WiFiUdp.cpp:221] parsePacket(): could not receive data: 9
[ 68017][E][WiFiUdp.cpp:221] parsePacket(): could not receive data: 9
[ 68023][E][WiFiUdp.cpp:221] parsePacket(): could not receive data: 9
[ 68028][E][WiFiUdp.cpp:221] parsePacket(): could not receive data: 9
[ 68034][E][WiFiUdp.cpp:221] parsePacket(): could not receive data: 9
[ 68039][E][WiFiUdp.cpp:221] parsePacket(): could not receive data: 9
[ 68044][E][WiFiUdp.cpp:221] parsePacket(): could not receive data: 9
[ 68049][E][WiFiUdp.cpp:221] parsePacket(): could not receive data: 9
[ 68054][E][WiFiUdp.cpp:221] parsePacket(): could not receive data: 9
[ 68059][E][WiFiUdp.cpp:221] parsePacket(): could not receive data: 9
[ 68065][E][WiFiUdp.cpp:221] parsePacket(): could not receive data: 9
[ 68070][E][WiFiUdp.cpp:221] parsePacket(): could not receive data: 9
[ 68075][E][WiFiUdp.cpp:221] parsePacket(): could not receive data: 9
[ 68080][E][WiFiUdp.cpp:221] parsePacket(): could not receive data: 9
[ 68085][E][WiFiUdp.cpp:221] parsePacket(): could not receive data: 9
[ 68090][E][WiFiUdp.cpp:221] parsePacket(): could not receive data: 9
[ 68095][E][WiFiUdp.cpp:221] parsePacket(): could not receive data: 9
[ 68100][E][WiFiUdp.cpp:221] parsePacket(): could not receive data: 9
[ 68105][E][WiFiUdp.cpp:221] parsePacket(): could not receive data: 9
[ 68110][E][WiFiUdp.cpp:221] parsePacket(): could not receive data: 9
[ 68115][E][WiFiUdp.cpp:221] parsePacket(): could not receive data: 9
[ 68120][E][WiFiUdp.cpp:221] parsePacket(): could not receive data: 9
[ 68125][E][WiFiUdp.cpp:221] parsePacket(): could not receive data: 9
[ 68130][E][WiFiUdp.cpp:221] parsePacket(): could not receive data: 9
[ 68135][E][WiFiUdp.cpp:221] parsePacket(): could not receive data: 9
[ 68140][E][WiFiUdp.cpp:221] parsePacket(): could not receive data: 9
[ 68145][E][WiFiUdp.cpp:221] parsePacket(): could not receive data: 9
[ 68150][E][WiFiUdp.cpp:221] parsePacket(): could not receive data: 9
[ 68155][E][WiFiUdp.cpp:221] parsePacket(): could not receive data: 9
[ 68160][E][WiFiUdp.cpp:221] parsePacket(): could not receive data: 9
[ 68165][E][WiFiUdp.cpp:221] parsePacket(): could not receive data: 9
[ 68170][E][WiFiUdp.cpp:221] parsePacket(): could not receive data: 9
[ 68175][E][WiFiUdp.cpp:221] parsePacket(): could not receive data: 9
[ 68180][E][WiFiUdp.cpp:221] parsePacket(): could not receive data: 9
[ 68185][E][WiFiUdp.cpp:221] parsePacket(): could not receive data: 9
[ 68190][E][WiFiUdp.cpp:221] parsePacket(): could not receive data: 9
[ 68195][E][WiFiUdp.cpp:221] parsePacket(): could not receive data: 9
[ 68200][E][WiFiUdp.cpp:221] parsePacket(): could not receive data: 9
[ 68205][E][WiFiUdp.cpp:221] parsePacket(): could not receive data: 9
[ 68210][E][WiFiUdp.cpp:221] parsePacket(): could not receive data: 9
[ 68215][E][WiFiUdp.cpp:221] parsePacket(): could not receive data: 9
[ 68220][E][WiFiUdp.cpp:221] parsePacket(): could not receive data: 9
[ 68225][E][WiFiUdp.cpp:221] parsePacket(): could not receive data: 9
[ 68230][E][WiFiUdp.cpp:221] parsePacket(): could not receive data: 9
[ 68235][E][WiFiUdp.cpp:221] parsePacket(): could not receive data: 9
[ 68240][E][WiFiUdp.cpp:221] parsePacket(): could not receive data: 9
[ 68245][E][WiFiUdp.cpp:221] parsePacket(): could not receive data: 9
[ 68250][E][WiFiUdp.cpp:221] parsePacket(): could not receive data: 9
[ 68255][E][WiFiUdp.cpp:221] parsePacket(): could not receive data: 9
[ 68260][E][WiFiUdp.cpp:221] parsePacket(): could not receive data: 9
[ 68265][E][WiFiUdp.cpp:221] parsePacket(): could not receive data: 9
[ 68270][E][WiFiUdp.cpp:221] parsePacket(): could not receive data: 9
[ 68275][E][WiFiUdp.cpp:221] parsePacket(): could not receive data: 9
[ 68280][E][WiFiUdp.cpp:221] parsePacket(): could not receive data: 9
[ 68285][E][WiFiUdp.cpp:221] parsePacket(): could not receive data: 9
[ 68290][E][WiFiUdp.cpp:221] parsePacket(): could not receive data: 9
[ 68295][E][WiFiUdp.cpp:221] parsePacket(): could not receive data: 9
[ 68300][E][WiFiUdp.cpp:221] parsePacket(): could not receive data: 9
[ 68305][E][WiFiUdp.cpp:221] parsePacket(): could not receive data: 9
[ 68310][E][WiFiUdp.cpp:221] parsePacket(): could not receive data: 9
[ 68315][E][WiFiUdp.cpp:221] parsePacket(): could not receive data: 9
[ 68320][E][WiFiUdp.cpp:221] parsePacket(): could not receive data: 9
[ 68325][E][WiFiUdp.cpp:221] parsePacket(): could not receive data: 9
[ 68330][E][WiFiUdp.cpp:221] parsePacket(): could not receive data: 9
[ 68335][E][WiFiUdp.cpp:221] parsePacket(): could not receive data: 9
[ 68340][E][WiFiUdp.cpp:221] parsePacket(): could not receive data: 9
[ 68345][E][WiFiUdp.cpp:221] parsePacket(): could not receive data: 9
[ 68350][E][WiFiUdp.cpp:221] parsePacket(): could not receive data: 9
[ 68355][E][WiFiUdp.cpp:221] parsePacket(): could not receive data: 9
[ 68360][E][WiFiUdp.cpp:221] parsePacket(): could not receive data: 9
[ 68365][E][WiFiUdp.cpp:221] parsePacket(): could not receive data: 9
[ 68370][E][WiFiUdp.cpp:221] parsePacket(): could not receive data: 9
[ 68375][E][WiFiUdp.cpp:221] parsePacket(): could not receive data: 9
[ 68380][E][WiFiUdp.cpp:221] parsePacket(): could not receive data: 9
[ 68385][E][WiFiUdp.cpp:221] parsePacket(): could not receive data: 9
[ 68390][E][WiFiUdp.cpp:221] parsePacket(): could not receive data: 9
[ 68395][E][WiFiUdp.cpp:221] parsePacket(): could not receive data: 9
[ 68400][E][WiFiUdp.cpp:221] parsePacket(): could not receive data: 9
[ 68405][E][WiFiUdp.cpp:221] parsePacket(): could not receive data: 9
[ 68410][E][WiFiUdp.cpp:221] parsePacket(): could not receive data: 9
[ 68415][E][WiFiUdp.cpp:221] parsePacket(): could not receive data: 9
[ 68420][E][WiFiUdp.cpp:221] parsePacket(): could not receive data: 9
[ 68425][E][WiFiUdp.cpp:221] parsePacket(): could not receive data: 9
[ 68430][E][WiFiUdp.cpp:221] parsePacket(): could not receive data: 9
[ 68435][E][WiFiUdp.cpp:221] parsePacket(): could not receive data: 9
[ 68440][E][WiFiUdp.cpp:221] parsePacket(): could not receive data: 9
[ 68445][E][WiFiUdp.cpp:221] parsePacket(): could not receive data: 9
[ 68450][E][WiFiUdp.cpp:221] parsePacket(): could not receive data: 9
[ 68455][E][WiFiUdp.cpp:221] parsePacket(): could not receive data: 9
[ 68460][E][WiFiUdp.cpp:221] parsePacket(): could not receive data: 9
[ 68465][E][WiFiUdp.cpp:221] parsePacket(): could not receive data: 9
[ 68470][E][WiFiUdp.cpp:221] parsePacket(): could not receive data: 9
[ 68475][E][WiFiUdp.cpp:221] parsePacket(): could not receive data: 9
[ 68480][E][WiFiUdp.cpp:221] parsePacket(): could not receive data: 9
[ 68485][E][WiFiUdp.cpp:221] parsePacket(): could not receive data: 9
[ 68490][E][WiFiUdp.cpp:221] parsePacket(): could not receive data: 9
[ 68496][E][WiFiUdp.cpp:221] parsePacket(): could not receive data: 9
[ 68501][E][WiFiUdp.cpp:221] parsePacket(): could not receive data: 9
[ 68507][E][WiFiUdp.cpp:221] parsePacket(): could not receive data: 9
[ 68513][E][WiFiUdp.cpp:221] parsePacket(): could not receive data: 9
[ 68518][E][WiFiUdp.cpp:221] parsePacket(): could not receive data: 9
[ 68523][E][WiFiUdp.cpp:221] parsePacket(): could not receive data: 9
[ 68528][E][WiFiUdp.cpp:221] parsePacket(): could not receive data: 9
[ 68534][E][WiFiUdp.cpp:221] parsePacket(): could not receive data: 9
[ 68540][E][WiFiUdp.cpp:221] parsePacket(): could not receive data: 9
[ 68547][E][WiFiUdp.cpp:221] parsePacket(): could not receive data: 9
[ 68552][E][WiFiUdp.cpp:221] parsePacket(): could not receive data: 9
[ 68557][E][WiFiUdp.cpp:221] parsePacket(): could not receive data: 9
[ 68562][E][WiFiUdp.cpp:221] parsePacket(): could not receive data: 9
[ 68567][E][WiFiUdp.cpp:221] parsePacket(): could not receive data: 9
[ 68572][E][WiFiUdp.cpp:221] parsePacket(): could not receive data: 9
[ 68578][E][WiFiUdp.cpp:221] parsePacket(): could not receive data: 9
