ets Jul 29 2019 12:21:46

rst:0x1 (POWERON_RESET),boot:0x12 (SPI_FAST_FLASH_BOOT)
configsip: 0, SPIWP:0xee
clk_drv:0x00,q_drv:0x00,d_drv:0x00,cs0_drv:0x00,hd_drv:0x00,wp_drv:0x00
mode:DIO, clock div:2
load:0x3fff0030,len:1184
load:0x40078000,len:13232
load:0x40080400,len:3028
entry 0x400805e4


============
CLIENT SETUP
============
[BOOT] RESET_REASON=1 POWERON
[HEAP] 00:00:00 168368 166036 110580 (init)
[PSRM] 00:00:00 0
[EFUS]...Two Point: NOT supported
[EFUS]...Vref: NOT supported
[INIT]...initMheard
[INIT]...init_flash
[INIT]...build Sep 26 2026 / 22:38:58
[INIT]...FLASH layout 20260724 ok, build 20260909
[TIME]...Loaded time persistence: saved_time=0, mheard_time=0, msg_time=0
[QEMU]...headless defaults: web+console ON, wifiAP/gateway/extudp OFF
[QEMU]...virtual GPS enabled (bGPSON=true); NMEA expected on UART1
[INIT].._GW_ID: 00000000
[INIT]...Initialize clock: ok
[LoRa]...SX1268 chip Initializing ... success
[EXTRADIO] enabled, bridge 10.0.2.2:7000, auth=password
[LoRa]...All settings successfully changed
[BLE ]...Device started with BLE-Name <MC-0000-TE5T-1>
[QEMU]...BLE/NimBLE disabled (no backend in QEMU); BLE init skipped
[BLE ]...Waiting a client connection to notify...
==============
CLIENT STARTED
[TEST] custom shortname CUST5 saved
==============
[QEMU]...starting OpenETH (esp_eth_start)
[WIFI]...no connection possible
[QEMU]...OpenETH driver started
[QEMU]...OpenETH link connected
[QEMU]...dhcpc_start -> 0x5004 (0=started, 0x5004=already-running)
[GPS ]...QEMU virtual GPS on UART1 (synthetic RX=16 TX=17 @ 9600 baud; no hardware)
[QEMU]...OpenETH GOT_IP ip=10.0.2.15 mask=255.255.255.0 gw=10.0.2.5
[GPS ]...QEMU NMEA presence: 0 chars -> no data yet
[QEMU]...OpenETH connect OK
[WIFI];link;down;sta;0;status;255;down_s;0;last_reason;0;got_ip_n;0;ip;1;ms;17646
[CON ]...HMAC console init.
[CON ]...Console started on port 2323
[BOOT];ready;ms;17663;ip;1
TimeClient no update possible --> CPU-Mode
[ 17664][E][WiFiUdp.cpp:221] parsePacket(): could not receive data: 9
[ 17675][E][WiFiUdp.cpp:221] parsePacket(): could not receive data: 9
[ 17683][E][WiFiUdp.cpp:221] parsePacket(): could not receive data: 9
[ 17689][E][WiFiUdp.cpp:221] parsePacket(): could not receive data: 9
[ 17695][E][WiFiUdp.cpp:221] parsePacket(): could not receive data: 9
[ 17701][E][WiFiUdp.cpp:221] parsePacket(): could not receive data: 9
[ 17706][E][WiFiUdp.cpp:221] parsePacket(): could not receive data: 9
[ 17712][E][WiFiUdp.cpp:221] parsePacket(): could not receive data: 9
[ 17719][E][WiFiUdp.cpp:221] parsePacket(): could not receive data: 9
[ 17724][E][WiFiUdp.cpp:221] parsePacket(): could not receive data: 9
[ 17730][E][WiFiUdp.cpp:221] parsePacket(): could not receive data: 9
[ 17737][E][WiFiUdp.cpp:221] parsePacket(): could not receive data: 9
[ 17742][E][WiFiUdp.cpp:221] parsePacket(): could not receive data: 9
[ 17748][E][WiFiUdp.cpp:221] parsePacket(): could not receive data: 9
[ 17754][E][WiFiUdp.cpp:221] parsePacket(): could not receive data: 9
[ 17760][E][WiFiUdp.cpp:221] parsePacket(): could not receive data: 9
[ 17766][E][WiFiUdp.cpp:221] parsePacket(): could not receive data: 9
[ 17772][E][WiFiUdp.cpp:221] parsePacket(): could not receive data: 9
[ 17778][E][WiFiUdp.cpp:221] parsePacket(): could not receive data: 9
[ 17784][E][WiFiUdp.cpp:221] parsePacket(): could not receive data: 9
[ 17790][E][WiFiUdp.cpp:221] parsePacket(): could not receive data: 9
[ 17797][E][WiFiUdp.cpp:221] parsePacket(): could not receive data: 9
[ 17803][E][WiFiUdp.cpp:221] parsePacket(): could not receive data: 9
[ 17808][E][WiFiUdp.cpp:221] parsePacket(): could not receive data: 9
[ 17814][E][WiFiUdp.cpp:221] parsePacket(): could not receive data: 9
[ 17821][E][WiFiUdp.cpp:221] parsePacket(): could not receive data: 9
[ 17827][E][WiFiUdp.cpp:221] parsePacket(): could not receive data: 9
[ 17832][E][WiFiUdp.cpp:221] parsePacket(): could not receive data: 9
[ 17838][E][WiFiUdp.cpp:221] parsePacket(): could not receive data: 9
[ 17844][E][WiFiUdp.cpp:221] parsePacket(): could not receive data: 9
[ 17850][E][WiFiUdp.cpp:221] parsePacket(): could not receive data: 9
[ 17856][E][WiFiUdp.cpp:221] parsePacket(): could not receive data: 9
[ 17863][E][WiFiUdp.cpp:221] parsePacket(): could not receive data: 9
[ 17868][E][WiFiUdp.cpp:221] parsePacket(): could not receive data: 9
[ 17874][E][WiFiUdp.cpp:221] parsePacket(): could not receive data: 9
[ 17880][E][WiFiUdp.cpp:221] parsePacket(): could not receive data: 9
[ 17886][E][WiFiUdp.cpp:221] parsePacket(): could not receive data: 9
[ 17892][E][WiFiUdp.cpp:221] parsePacket(): could not receive data: 9
[ 17898][E][WiFiUdp.cpp:221] parsePacket(): could not receive data: 9
[ 17904][E][WiFiUdp.cpp:221] parsePacket(): could not receive data: 9
[ 17910][E][WiFiUdp.cpp:221] parsePacket(): could not receive data: 9
[ 17916][E][WiFiUdp.cpp:221] parsePacket(): could not receive data: 9
[ 17922][E][WiFiUdp.cpp:221] parsePacket(): could not receive data: 9
[ 17928][E][WiFiUdp.cpp:221] parsePacket(): could not receive data: 9
[ 17934][E][WiFiUdp.cpp:221] parsePacket(): could not receive data: 9
[ 17941][E][WiFiUdp.cpp:221] parsePacket(): could not receive data: 9
[ 17947][E][WiFiUdp.cpp:221] parsePacket(): could not receive data: 9
[ 17953][E][WiFiUdp.cpp:221] parsePacket(): could not receive data: 9
[ 17959][E][WiFiUdp.cpp:221] parsePacket(): could not receive data: 9
[ 17965][E][WiFiUdp.cpp:221] parsePacket(): could not receive data: 9
[ 17971][E][WiFiUdp.cpp:221] parsePacket(): could not receive data: 9
[ 17977][E][WiFiUdp.cpp:221] parsePacket(): could not receive data: 9
[ 17983][E][WiFiUdp.cpp:221] parsePacket(): could not receive data: 9
[ 17989][E][WiFiUdp.cpp:221] parsePacket(): could not receive data: 9
[ 17995][E][WiFiUdp.cpp:221] parsePacket(): could not receive data: 9
[ 18001][E][WiFiUdp.cpp:221] parsePacket(): could not receive data: 9
[ 18007][E][WiFiUdp.cpp:221] parsePacket(): could not receive data: 9
[ 18013][E][WiFiUdp.cpp:221] parsePacket(): could not receive data: 9
[ 18019][E][WiFiUdp.cpp:221] parsePacket(): could not receive data: 9
[ 18025][E][WiFiUdp.cpp:221] parsePacket(): could not receive data: 9
[ 18031][E][WiFiUdp.cpp:221] parsePacket(): could not receive data: 9
[ 18037][E][WiFiUdp.cpp:221] parsePacket(): could not receive data: 9
[ 18043][E][WiFiUdp.cpp:221] parsePacket(): could not receive data: 9
[ 18049][E][WiFiUdp.cpp:221] parsePacket(): could not receive data: 9
[ 18055][E][WiFiUdp.cpp:221] parsePacket(): could not receive data: 9
[ 18061][E][WiFiUdp.cpp:221] parsePacket(): could not receive data: 9
[ 18067][E][WiFiUdp.cpp:221] parsePacket(): could not receive data: 9
[ 18072][E][WiFiUdp.cpp:221] parsePacket(): could not receive data: 9
[ 18079][E][WiFiUdp.cpp:221] parsePacket(): could not receive data: 9
[ 18085][E][WiFiUdp.cpp:221] parsePacket(): could not receive data: 9
[ 18091][E][WiFiUdp.cpp:221] parsePacket(): could not receive data: 9
[ 18097][E][WiFiUdp.cpp:221] parsePacket(): could not receive data: 9
[ 18103][E][WiFiUdp.cpp:221] parsePacket(): could not receive data: 9
[ 18109][E][WiFiUdp.cpp:221] parsePacket(): could not receive data: 9
[ 18115][E][WiFiUdp.cpp:221] parsePacket(): could not receive data: 9
[ 18121][E][WiFiUdp.cpp:221] parsePacket(): could not receive data: 9
[ 18127][E][WiFiUdp.cpp:221] parsePacket(): could not receive data: 9
[ 18133][E][WiFiUdp.cpp:221] parsePacket(): could not receive data: 9
[ 18139][E][WiFiUdp.cpp:221] parsePacket(): could not receive data: 9
[ 18145][E][WiFiUdp.cpp:221] parsePacket(): could not receive data: 9
[ 18151][E][WiFiUdp.cpp:221] parsePacket(): could not receive data: 9
[ 18157][E][WiFiUdp.cpp:221] parsePacket(): could not receive data: 9
[ 18163][E][WiFiUdp.cpp:221] parsePacket(): could not receive data: 9
[ 18169][E][WiFiUdp.cpp:221] parsePacket(): could not receive data: 9
[ 18175][E][WiFiUdp.cpp:221] parsePacket(): could not receive data: 9
[ 18181][E][WiFiUdp.cpp:221] parsePacket(): could not receive data: 9
[ 18187][E][WiFiUdp.cpp:221] parsePacket(): could not receive data: 9
[ 18192][E][WiFiUdp.cpp:221] parsePacket(): could not receive data: 9
[ 18199][E][WiFiUdp.cpp:221] parsePacket(): could not receive data: 9
[ 18205][E][WiFiUdp.cpp:221] parsePacket(): could not receive data: 9
[ 18210][E][WiFiUdp.cpp:221] parsePacket(): could not receive data: 9
[ 18216][E][WiFiUdp.cpp:221] parsePacket(): could not receive data: 9
[ 18223][E][WiFiUdp.cpp:221] parsePacket(): could not receive data: 9
[ 18229][E][WiFiUdp.cpp:221] parsePacket(): could not receive data: 9
[ 18234][E][WiFiUdp.cpp:221] parsePacket(): could not receive data: 9
[ 18241][E][WiFiUdp.cpp:221] parsePacket(): could not receive data: 9
[ 18247][E][WiFiUdp.cpp:221] parsePacket(): could not receive data: 9
[ 18252][E][WiFiUdp.cpp:221] parsePacket(): could not receive data: 9
[ 18259][E][WiFiUdp.cpp:221] parsePacket(): could not receive data: 9
[ 18265][E][WiFiUdp.cpp:221] parsePacket(): could not receive data: 9
[ 18271][E][WiFiUdp.cpp:221] parsePacket(): could not receive data: 9
[ 18277][E][WiFiUdp.cpp:221] parsePacket(): could not receive data: 9
[ 18282][E][WiFiUdp.cpp:221] parsePacket(): could not receive data: 9
[ 18288][E][WiFiUdp.cpp:221] parsePacket(): could not receive data: 9
[ 18294][E][WiFiUdp.cpp:221] parsePacket(): could not receive data: 9
[ 18301][E][WiFiUdp.cpp:221] parsePacket(): could not receive data: 9
[ 18306][E][WiFiUdp.cpp:221] parsePacket(): could not receive data: 9
[ 18312][E][WiFiUdp.cpp:221] parsePacket(): could not receive data: 9
[ 18319][E][WiFiUdp.cpp:221] parsePacket(): could not receive data: 9
[ 18324][E][WiFiUdp.cpp:221] parsePacket(): could not receive data: 9
[ 18331][E][WiFiUdp.cpp:221] parsePacket(): could not receive data: 9
[ 18337][E][WiFiUdp.cpp:221] parsePacket(): could not receive data: 9
[ 18343][E][WiFiUdp.cpp:221] parsePacket(): could not receive data: 9
[ 18349][E][WiFiUdp.cpp:221] parsePacket(): could not receive data: 9
[ 18355][E][WiFiUdp.cpp:221] parsePacket(): could not receive data: 9
[ 18361][E][WiFiUdp.cpp:221] parsePacket(): could not receive data: 9
[ 18367][E][WiFiUdp.cpp:221] parsePacket(): could not receive data: 9
[ 18373][E][WiFiUdp.cpp:221] parsePacket(): could not receive data: 9
[ 18379][E][WiFiUdp.cpp:221] parsePacket(): could not receive data: 9
[ 18385][E][WiFiUdp.cpp:221] parsePacket(): could not receive data: 9
[ 18390][E][WiFiUdp.cpp:221] parsePacket(): could not receive data: 9
[ 18397][E][WiFiUdp.cpp:221] parsePacket(): could not receive data: 9
[ 18402][E][WiFiUdp.cpp:221] parsePacket(): could not receive data: 9
[ 18409][E][WiFiUdp.cpp:221] parsePacket(): could not receive data: 9
[ 18415][E][WiFiUdp.cpp:221] parsePacket(): could not receive data: 9
[ 18420][E][WiFiUdp.cpp:221] parsePacket(): could not receive data: 9
[ 18427][E][WiFiUdp.cpp:221] parsePacket(): could not receive data: 9
[ 18433][E][WiFiUdp.cpp:221] parsePacket(): could not receive data: 9
[ 18439][E][WiFiUdp.cpp:221] parsePacket(): could not receive data: 9
[ 18445][E][WiFiUdp.cpp:221] parsePacket(): could not receive data: 9
[ 18451][E][WiFiUdp.cpp:221] parsePacket(): could not receive data: 9
[ 18457][E][WiFiUdp.cpp:221] parsePacket(): could not receive data: 9
[ 18463][E][WiFiUdp.cpp:221] parsePacket(): could not receive data: 9
[ 18469][E][WiFiUdp.cpp:221] parsePacket(): could not receive data: 9
[ 18475][E][WiFiUdp.cpp:221] parsePacket(): could not receive data: 9
[ 18481][E][WiFiUdp.cpp:221] parsePacket(): could not receive data: 9
[ 18487][E][WiFiUdp.cpp:221] parsePacket(): could not receive data: 9
[ 18492][E][WiFiUdp.cpp:221] parsePacket(): could not receive data: 9
[ 18499][E][WiFiUdp.cpp:221] parsePacket(): could not receive data: 9
[ 18505][E][WiFiUdp.cpp:221] parsePacket(): could not receive data: 9
[ 18511][E][WiFiUdp.cpp:221] parsePacket(): could not receive data: 9
[ 18517][E][WiFiUdp.cpp:221] parsePacket(): could not receive data: 9
[ 18523][E][WiFiUdp.cpp:221] parsePacket(): could not receive data: 9
[ 18529][E][WiFiUdp.cpp:221] parsePacket(): could not receive data: 9
[ 18535][E][WiFiUdp.cpp:221] parsePacket(): could not receive data: 9
[ 18541][E][WiFiUdp.cpp:221] parsePacket(): could not receive data: 9
[ 18547][E][WiFiUdp.cpp:221] parsePacket(): could not receive data: 9
[ 18553][E][WiFiUdp.cpp:221] parsePacket(): could not receive data: 9
[ 18559][E][WiFiUdp.cpp:221] parsePacket(): could not receive data: 9
[ 18565][E][WiFiUdp.cpp:221] parsePacket(): could not receive data: 9
[ 18571][E][WiFiUdp.cpp:221] parsePacket(): could not receive data: 9
[ 18577][E][WiFiUdp.cpp:221] parsePacket(): could not receive data: 9
[ 18583][E][WiFiUdp.cpp:221] parsePacket(): could not receive data: 9
[ 18589][E][WiFiUdp.cpp:221] parsePacket(): could not receive data: 9
[ 18595][E][WiFiUdp.cpp:221] parsePacket(): could not receive data: 9
[ 18601][E][WiFiUdp.cpp:221] parsePacket(): could not receive data: 9
[ 18606][E][WiFiUdp.cpp:221] parsePacket(): could not receive data: 9
[ 18613][E][WiFiUdp.cpp:221] parsePacket(): could not receive data: 9
[ 18619][E][WiFiUdp.cpp:221] parsePacket(): could not receive data: 9
[ 18625][E][WiFiUdp.cpp:221] parsePacket(): could not receive data: 9
[ 18631][E][WiFiUdp.cpp:221] parsePacket(): could not receive data: 9
[ 18637][E][WiFiUdp.cpp:221] parsePacket(): could not receive data: 9
[ 18643][E][WiFiUdp.cpp:221] parsePacket(): could not receive data: 9
[ 18649][E][WiFiUdp.cpp:221] parsePacket(): could not receive data: 9
[ 18655][E][WiFiUdp.cpp:221] parsePacket(): could not receive data: 9
[ 18661][E][WiFiUdp.cpp:221] parsePacket(): could not receive data: 9
[ 18667][E][WiFiUdp.cpp:221] parsePacket(): could not receive data: 9
[ 18673][E][WiFiUdp.cpp:221] parsePacket(): could not receive data: 9
[ 18679][E][WiFiUdp.cpp:221] parsePacket(): could not receive data: 9
[ 18685][E][WiFiUdp.cpp:221] parsePacket(): could not receive data: 9
[ 18693][E][WiFiUdp.cpp:221] parsePacket(): could not receive data: 9
[ 18700][E][WiFiUdp.cpp:221] parsePacket(): could not receive data: 9
[ 18706][E][WiFiUdp.cpp:221] parsePacket(): could not receive data: 9
[ 18712][E][WiFiUdp.cpp:221] parsePacket(): could not receive data: 9
[ 18718][E][WiFiUdp.cpp:221] parsePacket(): could not receive data: 9
[ 18724][E][WiFiUdp.cpp:221] parsePacket(): could not receive data: 9
[ 18730][E][WiFiUdp.cpp:221] parsePacket(): could not receive data: 9
[ 18736][E][WiFiUdp.cpp:221] parsePacket(): could not receive data: 9
[ 18742][E][WiFiUdp.cpp:221] parsePacket(): could not receive data: 9
[ 18748][E][WiFiUdp.cpp:221] parsePacket(): could not receive data: 9
[ 18754][E][WiFiUdp.cpp:221] parsePacket(): could not receive data: 9
[ 18760][E][WiFiUdp.cpp:221] parsePacket(): could not receive data: 9
[ 18766][E][WiFiUdp.cpp:221] parsePacket(): could not receive data: 9
[ 18772][E][WiFiUdp.cpp:221] parsePacket(): could not receive data: 9
[ 18778][E][WiFiUdp.cpp:221] parsePacket(): could not receive data: 9
[ 18784][E][WiFiUdp.cpp:221] parsePacket(): could not receive data: 9
[ 18790][E][WiFiUdp.cpp:221] parsePacket(): could not receive data: 9
[ 18796][E][WiFiUdp.cpp:221] parsePacket(): could not receive data: 9
[ 18802][E][WiFiUdp.cpp:221] parsePacket(): could not receive data: 9
[ 18808][E][WiFiUdp.cpp:221] parsePacket(): could not receive data: 9
[ 18814][E][WiFiUdp.cpp:221] parsePacket(): could not receive data: 9
[ 18820][E][WiFiUdp.cpp:221] parsePacket(): could not receive data: 9
[ 18826][E][WiFiUdp.cpp:221] parsePacket(): could not receive data: 9
[ 18832][E][WiFiUdp.cpp:221] parsePacket(): could not receive data: 9
[ 18838][E][WiFiUdp.cpp:221] parsePacket(): could not receive data: 9
[ 18844][E][WiFiUdp.cpp:221] parsePacket(): could not receive data: 9
[ 18850][E][WiFiUdp.cpp:221] parsePacket(): could not receive data: 9
[ 18856][E][WiFiUdp.cpp:221] parsePacket(): could not receive data: 9
[ 18862][E][WiFiUdp.cpp:221] parsePacket(): could not receive data: 9
[ 18868][E][WiFiUdp.cpp:221] parsePacket(): could not receive data: 9
[ 18874][E][WiFiUdp.cpp:221] parsePacket(): could not receive data: 9
[ 18880][E][WiFiUdp.cpp:221] parsePacket(): could not receive data: 9
[ 18886][E][WiFiUdp.cpp:221] parsePacket(): could not receive data: 9
[ 18892][E][WiFiUdp.cpp:221] parsePacket(): could not receive data: 9
[ 18898][E][WiFiUdp.cpp:221] parsePacket(): could not receive data: 9
[ 18904][E][WiFiUdp.cpp:221] parsePacket(): could not receive data: 9
[ 18910][E][WiFiUdp.cpp:221] parsePacket(): could not receive data: 9
[ 18916][E][WiFiUdp.cpp:221] parsePacket(): could not receive data: 9
[ 18922][E][WiFiUdp.cpp:221] parsePacket(): could not receive data: 9
[ 18928][E][WiFiUdp.cpp:221] parsePacket(): could not receive data: 9
[ 18934][E][WiFiUdp.cpp:221] parsePacket(): could not receive data: 9
[ 18940][E][WiFiUdp.cpp:221] parsePacket(): could not receive data: 9
[ 18946][E][WiFiUdp.cpp:221] parsePacket(): could not receive data: 9
[ 18952][E][WiFiUdp.cpp:221] parsePacket(): could not receive data: 9
[ 18958][E][WiFiUdp.cpp:221] parsePacket(): could not receive data: 9
[ 18964][E][WiFiUdp.cpp:221] parsePacket(): could not receive data: 9
[ 18970][E][WiFiUdp.cpp:221] parsePacket(): could not receive data: 9
[ 18976][E][WiFiUdp.cpp:221] parsePacket(): could not receive data: 9
[ 18982][E][WiFiUdp.cpp:221] parsePacket(): could not receive data: 9
[ 18988][E][WiFiUdp.cpp:221] parsePacket(): could not receive data: 9
[ 18994][E][WiFiUdp.cpp:221] parsePacket(): could not receive data: 9
[ 18999][E][WiFiUdp.cpp:221] parsePacket(): could not receive data: 9
[ 19006][E][WiFiUdp.cpp:221] parsePacket(): could not receive data: 9
[ 19012][E][WiFiUdp.cpp:221] parsePacket(): could not receive data: 9
[ 19018][E][WiFiUdp.cpp:221] parsePacket(): could not receive data: 9
[ 19024][E][WiFiUdp.cpp:221] parsePacket(): could not receive data: 9
[ 19030][E][WiFiUdp.cpp:221] parsePacket(): could not receive data: 9
[ 19036][E][WiFiUdp.cpp:221] parsePacket(): could not receive data: 9
[ 19042][E][WiFiUdp.cpp:221] parsePacket(): could not receive data: 9
[ 19048][E][WiFiUdp.cpp:221] parsePacket(): could not receive data: 9
[ 19054][E][WiFiUdp.cpp:221] parsePacket(): could not receive data: 9
[ 19060][E][WiFiUdp.cpp:221] parsePacket(): could not receive data: 9
[ 19066][E][WiFiUdp.cpp:221] parsePacket(): could not receive data: 9
[ 19072][E][WiFiUdp.cpp:221] parsePacket(): could not receive data: 9
[ 19078][E][WiFiUdp.cpp:221] parsePacket(): could not receive data: 9
[ 19084][E][WiFiUdp.cpp:221] parsePacket(): could not receive data: 9
[ 19090][E][WiFiUdp.cpp:221] parsePacket(): could not receive data: 9
[ 19096][E][WiFiUdp.cpp:221] parsePacket(): could not receive data: 9
[ 19101][E][WiFiUdp.cpp:221] parsePacket(): could not receive data: 9
[ 19107][E][WiFiUdp.cpp:221] parsePacket(): could not receive data: 9
[ 19113][E][WiFiUdp.cpp:221] parsePacket(): could not receive data: 9
[ 19119][E][WiFiUdp.cpp:221] parsePacket(): could not receive data: 9
[ 19125][E][WiFiUdp.cpp:221] parsePacket(): could not receive data: 9
[ 19131][E][WiFiUdp.cpp:221] parsePacket(): could not receive data: 9
[ 19137][E][WiFiUdp.cpp:221] parsePacket(): could not receive data: 9
[ 19143][E][WiFiUdp.cpp:221] parsePacket(): could not receive data: 9
[ 19149][E][WiFiUdp.cpp:221] parsePacket(): could not receive data: 9
[ 19155][E][WiFiUdp.cpp:221] parsePacket(): could not receive data: 9
[ 19161][E][WiFiUdp.cpp:221] parsePacket(): could not receive data: 9
[ 19167][E][WiFiUdp.cpp:221] parsePacket(): could not receive data: 9
[ 19173][E][WiFiUdp.cpp:221] parsePacket(): could not receive data: 9
[ 19179][E][WiFiUdp.cpp:221] parsePacket(): could not receive data: 9
[ 19185][E][WiFiUdp.cpp:221] parsePacket(): could not receive data: 9
[ 19191][E][WiFiUdp.cpp:221] parsePacket(): could not receive data: 9
[ 19197][E][WiFiUdp.cpp:221] parsePacket(): could not receive data: 9
[ 19203][E][WiFiUdp.cpp:221] parsePacket(): could not receive data: 9
[ 19209][E][WiFiUdp.cpp:221] parsePacket(): could not receive data: 9
[ 19215][E][WiFiUdp.cpp:221] parsePacket(): could not receive data: 9
[ 19221][E][WiFiUdp.cpp:221] parsePacket(): could not receive data: 9
[ 19227][E][WiFiUdp.cpp:221] parsePacket(): could not receive data: 9
[ 19233][E][WiFiUdp.cpp:221] parsePacket(): could not receive data: 9
[ 19239][E][WiFiUdp.cpp:221] parsePacket(): could not receive data: 9
[ 19245][E][WiFiUdp.cpp:221] parsePacket(): could not receive data: 9
[ 19251][E][WiFiUdp.cpp:221] parsePacket(): could not receive data: 9
[ 19257][E][WiFiUdp.cpp:221] parsePacket(): could not receive data: 9
[ 19263][E][WiFiUdp.cpp:221] parsePacket(): could not receive data: 9
[ 19269][E][WiFiUdp.cpp:221] parsePacket(): could not receive data: 9
[ 19275][E][WiFiUdp.cpp:221] parsePacket(): could not receive data: 9
[ 19281][E][WiFiUdp.cpp:221] parsePacket(): could not receive data: 9
[ 19287][E][WiFiUdp.cpp:221] parsePacket(): could not receive data: 9
[ 19293][E][WiFiUdp.cpp:221] parsePacket(): could not receive data: 9
[ 19299][E][WiFiUdp.cpp:221] parsePacket(): could not receive data: 9
[ 19305][E][WiFiUdp.cpp:221] parsePacket(): could not receive data: 9
[ 19310][E][WiFiUdp.cpp:221] parsePacket(): could not receive data: 9
[ 19317][E][WiFiUdp.cpp:221] parsePacket(): could not receive data: 9
[ 19323][E][WiFiUdp.cpp:221] parsePacket(): could not receive data: 9
[ 19329][E][WiFiUdp.cpp:221] parsePacket(): could not receive data: 9
[ 19335][E][WiFiUdp.cpp:221] parsePacket(): could not receive data: 9
[ 19341][E][WiFiUdp.cpp:221] parsePacket(): could not receive data: 9
[ 19347][E][WiFiUdp.cpp:221] parsePacket(): could not receive data: 9
[ 19353][E][WiFiUdp.cpp:221] parsePacket(): could not receive data: 9
[ 19359][E][WiFiUdp.cpp:221] parsePacket(): could not receive data: 9
[ 19365][E][WiFiUdp.cpp:221] parsePacket(): could not receive data: 9
[ 19371][E][WiFiUdp.cpp:221] parsePacket(): could not receive data: 9
[ 19377][E][WiFiUdp.cpp:221] parsePacket(): could not receive data: 9
[ 19383][E][WiFiUdp.cpp:221] parsePacket(): could not receive data: 9
[ 19389][E][WiFiUdp.cpp:221] parsePacket(): could not receive data: 9
[ 19395][E][WiFiUdp.cpp:221] parsePacket(): could not receive data: 9
[ 19401][E][WiFiUdp.cpp:221] parsePacket(): could not receive data: 9
[ 19407][E][WiFiUdp.cpp:221] parsePacket(): could not receive data: 9
[ 19413][E][WiFiUdp.cpp:221] parsePacket(): could not receive data: 9
[ 19419][E][WiFiUdp.cpp:221] parsePacket(): could not receive data: 9
[ 19425][E][WiFiUdp.cpp:221] parsePacket(): could not receive data: 9
[ 19431][E][WiFiUdp.cpp:221] parsePacket(): could not receive data: 9
[ 19437][E][WiFiUdp.cpp:221] parsePacket(): could not receive data: 9
[ 19443][E][WiFiUdp.cpp:221] parsePacket(): could not receive data: 9
[ 19449][E][WiFiUdp.cpp:221] parsePacket(): could not receive data: 9
[ 19455][E][WiFiUdp.cpp:221] parsePacket(): could not receive data: 9
[ 19461][E][WiFiUdp.cpp:221] parsePacket(): could not receive data: 9
[ 19467][E][WiFiUdp.cpp:221] parsePacket(): could not receive data: 9
[ 19473][E][WiFiUdp.cpp:221] parsePacket(): could not receive data: 9
[ 19479][E][WiFiUdp.cpp:221] parsePacket(): could not receive data: 9
[ 19485][E][WiFiUdp.cpp:221] parsePacket(): could not receive data: 9
[ 19491][E][WiFiUdp.cpp:221] parsePacket(): could not receive data: 9
[ 19497][E][WiFiUdp.cpp:221] parsePacket(): could not receive data: 9
[ 19503][E][WiFiUdp.cpp:221] parsePacket(): could not receive data: 9
[ 19509][E][WiFiUdp.cpp:221] parsePacket(): could not receive data: 9
[ 19515][E][WiFiUdp.cpp:221] parsePacket(): could not receive data: 9
[ 19521][E][WiFiUdp.cpp:221] parsePacket(): could not receive data: 9
[ 19527][E][WiFiUdp.cpp:221] parsePacket(): could not receive data: 9
[ 19533][E][WiFiUdp.cpp:221] parsePacket(): could not receive data: 9
[ 19539][E][WiFiUdp.cpp:221] parsePacket(): could not receive data: 9
[ 19545][E][WiFiUdp.cpp:221] parsePacket(): could not receive data: 9
[ 19551][E][WiFiUdp.cpp:221] parsePacket(): could not receive data: 9
[ 19557][E][WiFiUdp.cpp:221] parsePacket(): could not receive data: 9
[ 19563][E][WiFiUdp.cpp:221] parsePacket(): could not receive data: 9
[ 19569][E][WiFiUdp.cpp:221] parsePacket(): could not receive data: 9
[ 19575][E][WiFiUdp.cpp:221] parsePacket(): could not receive data: 9
[ 19581][E][WiFiUdp.cpp:221] parsePacket(): could not receive data: 9
[ 19587][E][WiFiUdp.cpp:221] parsePacket(): could not receive data: 9
[ 19593][E][WiFiUdp.cpp:221] parsePacket(): could not receive data: 9
[ 19599][E][WiFiUdp.cpp:221] parsePacket(): could not receive data: 9
[ 19605][E][WiFiUdp.cpp:221] parsePacket(): could not receive data: 9
[ 19611][E][WiFiUdp.cpp:221] parsePacket(): could not receive data: 9
[ 19617][E][WiFiUdp.cpp:221] parsePacket(): could not receive data: 9
[ 19623][E][WiFiUdp.cpp:221] parsePacket(): could not receive data: 9
[ 19629][E][WiFiUdp.cpp:221] parsePacket(): could not receive data: 9
[ 19635][E][WiFiUdp.cpp:221] parsePacket(): could not receive data: 9
[ 19640][E][WiFiUdp.cpp:221] parsePacket(): could not receive data: 9
[ 19647][E][WiFiUdp.cpp:221] parsePacket(): could not receive data: 9
[ 19653][E][WiFiUdp.cpp:221] parsePacket(): could not receive data: 9
[ 19659][E][WiFiUdp.cpp:221] parsePacket(): could not receive data: 9
[ 19665][E][WiFiUdp.cpp:221] parsePacket(): could not receive data: 9
[ 19671][E][WiFiUdp.cpp:221] parsePacket(): could not receive data: 9
[ 19678][E][WiFiUdp.cpp:221] parsePacket(): could not receive data: 9
[ 19685][E][WiFiUdp.cpp:221] parsePacket(): could not receive data: 9
[ 19691][E][WiFiUdp.cpp:221] parsePacket(): could not receive data: 9
[ 19696][E][WiFiUdp.cpp:221] parsePacket(): could not receive data: 9
[ 19703][E][WiFiUdp.cpp:221] parsePacket(): could not receive data: 9
[ 19708][E][WiFiUdp.cpp:221] parsePacket(): could not receive data: 9
[ 19715][E][WiFiUdp.cpp:221] parsePacket(): could not receive data: 9
[ 19721][E][WiFiUdp.cpp:221] parsePacket(): could not receive data: 9
[ 19727][E][WiFiUdp.cpp:221] parsePacket(): could not receive data: 9
[ 19733][E][WiFiUdp.cpp:221] parsePacket(): could not receive data: 9
[ 19739][E][WiFiUdp.cpp:221] parsePacket(): could not receive data: 9
[ 19745][E][WiFiUdp.cpp:221] parsePacket(): could not receive data: 9
[ 19751][E][WiFiUdp.cpp:221] parsePacket(): could not receive data: 9
[ 19757][E][WiFiUdp.cpp:221] parsePacket(): could not receive data: 9
[ 19763][E][WiFiUdp.cpp:221] parsePacket(): could not receive data: 9
[ 19769][E][WiFiUdp.cpp:221] parsePacket(): could not receive data: 9
[ 19775][E][WiFiUdp.cpp:221] parsePacket(): could not receive data: 9
[ 19781][E][WiFiUdp.cpp:221] parsePacket(): could not receive data: 9
[ 19787][E][WiFiUdp.cpp:221] parsePacket(): could not receive data: 9
[ 19793][E][WiFiUdp.cpp:221] parsePacket(): could not receive data: 9
[ 19799][E][WiFiUdp.cpp:221] parsePacket(): could not receive data: 9
[ 19805][E][WiFiUdp.cpp:221] parsePacket(): could not receive data: 9
[ 19811][E][WiFiUdp.cpp:221] parsePacket(): could not receive data: 9
[CON ]...accept() fd=50 free=133340
[CON ]...Client authenticated on port 2323. free heap=129720
-[ 19820][E][WiFiUdp.cpp:221] parsePacket(): could not receive data: 9
-[ 19826][E][WiFiUdp.cpp:221] parsePacket(): could not receive data: 9
i[ 19832][E][WiFiUdp.cpp:221] parsePacket(): could not receive data: 9
n[ 19838][E][WiFiUdp.cpp:221] parsePacket(): could not receive data: 9
f[ 19844][E][WiFiUdp.cpp:221] parsePacket(): could not receive data: 9
o[ 19850][E][WiFiUdp.cpp:221] parsePacket(): could not receive data: 9
[ 19856][E][WiFiUdp.cpp:221] parsePacket(): could not receive data: 9

--MeshCom 4.35t (build: Sep 26 2026 / 22:38:56)
...UPDATE: 
...Call: <TE5T-1> ...ID 00000000 ...NODE 39 <EBYTE_E22> ...UTC-OFF 1.000000 [CPU]
...BATT 4.10 V ...BATT 85 % ...MAXV 4.200 V
...TIME 19869 ms
...Flash-Version 20260724
...NOMSGALL off ...MESH off ...BUTTON (12) off ...SOFTSER off ... SOFTSERREAD off
...PASSWD <>
...DEBUG man ...DEBUG en
...DEBUG off ...LORADEBUG off ...GPSDEBUG off/0 ...SOFTSERDEBUG off
...WXDEBUG off ...BLEDEBUG off
...DisplayInfo off ...DisplayCont off ...DisplyLog off ...contrast 255 ...ackinfo off
...EXTUDP off ...EXT IP none ...NOPMOTHER off
...BTCODE 000000
...APRSMC: APRSMC
...ATXT: 
...NAME: 
...BLE : short
...DISPLAY on
...CTRY EU8
...FREQ 433.1750 MHz TXPWR 17 dBm RXBOOST off
...MAXHOP text 4 / pos 2

...Webserver  on / Webpwd <> / Gateway off 
...NETConsole on (port 2323)
...KISS/TCP   off / TX off / RxMeta off / Auth off
...WIFI-AP    off
...SSID <none> / PASSWORD <***>
...NETWORK Mode:WiFi
...hasIpAddress: yes
...IP address   : 10.0.2.15
...SUBNET-MASK  : 255.255.255.0
...GW address   : 10.0.2.5
...DNS address  : 
...UDP-HBeat : 19878
[ 19878][E][WiFiUdp.cpp:221] parsePacket(): could not receive data: 9
[CON ]...Client disconnected. free heap=135116
[ 19885][E][WiFiUdp.cpp:221] parsePacket(): could not receive data: 9
[ 19891][E][WiFiUdp.cpp:221] parsePacket(): could not receive data: 9
[ 19896][E][WiFiUdp.cpp:221] parsePacket(): could not receive data: 9
[ 19903][E][WiFiUdp.cpp:221] parsePacket(): could not receive data: 9
[ 19909][E][WiFiUdp.cpp:221] parsePacket(): could not receive data: 9
[ 19915][E][WiFiUdp.cpp:221] parsePacket(): could not receive data: 9
[ 19920][E][WiFiUdp.cpp:221] parsePacket(): could not receive data: 9
[ 19926][E][WiFiUdp.cpp:221] parsePacket(): could not receive data: 9
[ 19933][E][WiFiUdp.cpp:221] parsePacket(): could not receive data: 9
[ 19938][E][WiFiUdp.cpp:221] parsePacket(): could not receive data: 9
[ 19945][E][WiFiUdp.cpp:221] parsePacket(): could not receive data: 9
[ 19950][E][WiFiUdp.cpp:221] parsePacket(): could not receive data: 9
[ 19956][E][WiFiUdp.cpp:221] parsePacket(): could not receive data: 9
[ 19962][E][WiFiUdp.cpp:221] parsePacket(): could not receive data: 9
[ 19968][E][WiFiUdp.cpp:221] parsePacket(): could not receive data: 9
[ 19974][E][WiFiUdp.cpp:221] parsePacket(): could not receive data: 9
[ 19980][E][WiFiUdp.cpp:221] parsePacket(): could not receive data: 9
[ 19986][E][WiFiUdp.cpp:221] parsePacket(): could not receive data: 9
[ 19992][E][WiFiUdp.cpp:221] parsePacket(): could not receive data: 9
[ 19998][E][WiFiUdp.cpp:221] parsePacket(): could not receive data: 9
[ 20004][E][WiFiUdp.cpp:221] parsePacket(): could not receive data: 9
[ 20010][E][WiFiUdp.cpp:221] parsePacket(): could not receive data: 9
[ 20016][E][WiFiUdp.cpp:221] parsePacket(): could not receive data: 9
[ 20022][E][WiFiUdp.cpp:221] parsePacket(): could not receive data: 9
[ 20028][E][WiFiUdp.cpp:221] parsePacket(): could not receive data: 9
[ 20034][E][WiFiUdp.cpp:221] parsePacket(): could not receive data: 9
[ 20040][E][WiFiUdp.cpp:221] parsePacket(): could not receive data: 9
[ 20046][E][WiFiUdp.cpp:221] parsePacket(): could not receive data: 9
[ 20052][E][WiFiUdp.cpp:221] parsePacket(): could not receive data: 9
[ 20058][E][WiFiUdp.cpp:221] parsePacket(): could not receive data: 9
[ 20064][E][WiFiUdp.cpp:221] parsePacket(): could not receive data: 9
[ 20070][E][WiFiUdp.cpp:221] parsePacket(): could not receive data: 9
[ 20076][E][WiFiUdp.cpp:221] parsePacket(): could not receive data: 9
[ 20082][E][WiFiUdp.cpp:221] parsePacket(): could not receive data: 9
[ 20088][E][WiFiUdp.cpp:221] parsePacket(): could not receive data: 9
[ 20094][E][WiFiUdp.cpp:221] parsePacket(): could not receive data: 9
[ 20100][E][WiFiUdp.cpp:221] parsePacket(): could not receive data: 9
[ 20106][E][WiFiUdp.cpp:221] parsePacket(): could not receive data: 9
[ 20112][E][WiFiUdp.cpp:221] parsePacket(): could not receive data: 9
[ 20118][E][WiFiUdp.cpp:221] parsePacket(): could not receive data: 9
[ 20124][E][WiFiUdp.cpp:221] parsePacket(): could not receive data: 9
[ 20130][E][WiFiUdp.cpp:221] parsePacket(): could not receive data: 9
[ 20136][E][WiFiUdp.cpp:221] parsePacket(): could not receive data: 9
[ 20142][E][WiFiUdp.cpp:221] parsePacket(): could not receive data: 9
[ 20148][E][WiFiUdp.cpp:221] parsePacket(): could not receive data: 9
[ 20154][E][WiFiUdp.cpp:221] parsePacket(): could not receive data: 9
[ 20160][E][WiFiUdp.cpp:221] parsePacket(): could not receive data: 9
[ 20166][E][WiFiUdp.cpp:221] parsePacket(): could not receive data: 9
[ 20172][E][WiFiUdp.cpp:221] parsePacket(): could not receive data: 9
[ 20178][E][WiFiUdp.cpp:221] parsePacket(): could not receive data: 9
[ 20184][E][WiFiUdp.cpp:221] parsePacket(): could not receive data: 9
[ 20190][E][WiFiUdp.cpp:221] parsePacket(): could not receive data: 9
[ 20196][E][WiFiUdp.cpp:221] parsePacket(): could not receive data: 9
[ 20202][E][WiFiUdp.cpp:221] parsePacket(): could not receive data: 9
[ 20208][E][WiFiUdp.cpp:221] parsePacket(): could not receive data: 9
[ 20214][E][WiFiUdp.cpp:221] parsePacket(): could not receive data: 9
[ 20220][E][WiFiUdp.cpp:221] parsePacket(): could not receive data: 9
[ 20226][E][WiFiUdp.cpp:221] parsePacket(): could not receive data: 9
[ 20232][E][WiFiUdp.cpp:221] parsePacket(): could not receive data: 9
[ 20238][E][WiFiUdp.cpp:221] parsePacket(): could not receive data: 9
[ 20244][E][WiFiUdp.cpp:221] parsePacket(): could not receive data: 9
[ 20250][E][WiFiUdp.cpp:221] parsePacket(): could not receive data: 9
[ 20256][E][WiFiUdp.cpp:221] parsePacket(): could not receive data: 9
[ 20262][E][WiFiUdp.cpp:221] parsePacket(): could not receive data: 9
[ 20268][E][WiFiUdp.cpp:221] parsePacket(): could not receive data: 9
[ 20274][E][WiFiUdp.cpp:221] parsePacket(): could not receive data: 9
[ 20280][E][WiFiUdp.cpp:221] parsePacket(): could not receive data: 9
[ 20286][E][WiFiUdp.cpp:221] parsePacket(): could not receive data: 9
[ 20292][E][WiFiUdp.cpp:221] parsePacket(): could not receive data: 9
[CON ]...accept() fd=50 free=133084
[CON ]...Client authenticated on port 2323. free heap=127880
-[ 20298][E][WiFiUdp.cpp:221] parsePacket(): could not receive data: 9
-[ 20304][E][WiFiUdp.cpp:221] parsePacket(): could not receive data: 9
i[ 20310][E][WiFiUdp.cpp:221] parsePacket(): could not receive data: 9
n[ 20316][E][WiFiUdp.cpp:221] parsePacket(): could not receive data: 9
f[ 20322][E][WiFiUdp.cpp:221] parsePacket(): could not receive data: 9
o[ 20328][E][WiFiUdp.cpp:221] parsePacket(): could not receive data: 9
[ 20335][E][WiFiUdp.cpp:221] parsePacket(): could not receive data: 9

--MeshCom 4.35t (build: Sep 26 2026 / 22:38:56)
...UPDATE: 
...Call: <TE5T-1> ...ID 00000000 ...NODE 39 <EBYTE_E22> ...UTC-OFF 1.000000 [CPU]
...BATT 4.10 V ...BATT 85 % ...MAXV 4.200 V
...TIME 20341 ms
...Flash-Version 20260724
...NOMSGALL off ...MESH off ...BUTTON (12) off ...SOFTSER off ... SOFTSERREAD off
...PASSWD <>
...DEBUG man ...DEBUG en
...DEBUG off ...LORADEBUG off ...GPSDEBUG off/0 ...SOFTSERDEBUG off
...WXDEBUG off ...BLEDEBUG off
...DisplayInfo off ...DisplayCont off ...DisplyLog off ...contrast 255 ...ackinfo off
...EXTUDP off ...EXT IP none ...NOPMOTHER off
...BTCODE 000000
...APRSMC: APRSMC
...ATXT: 
...NAME: 
...BLE : short
...DISPLAY on
...CTRY EU8
...FREQ 433.1750 MHz TXPWR 17 dBm RXBOOST off
...MAXHOP text 4 / pos 2

...Webserver  on / Webpwd <> / Gateway off 
...NETConsole on (port 2323)
...KISS/TCP   off / TX off / RxMeta off / Auth off
...WIFI-AP    off
...SSID <none> / PASSWORD <***>
...NETWORK Mode:WiFi
...hasIpAddress: yes
...IP address   : 10.0.2.15
...SUBNET-MASK  : 255.255.255.0
...GW address   : 10.0.2.5
...DNS address  : 
...UDP-HBeat : 20353
[ 20354][E][WiFiUdp.cpp:221] parsePacket(): could not receive data: 9
[ 20360][E][WiFiUdp.cpp:221] parsePacket(): could not receive data: 9
[ 20366][E][WiFiUdp.cpp:221] parsePacket(): could not receive data: 9
[ 20372][E][WiFiUdp.cpp:221] parsePacket(): could not receive data: 9
[ 20378][E][WiFiUdp.cpp:221] parsePacket(): could not receive data: 9
[ 20384][E][WiFiUdp.cpp:221] parsePacket(): could not receive data: 9
[ 20390][E][WiFiUdp.cpp:221] parsePacket(): could not receive data: 9
[ 20396][E][WiFiUdp.cpp:221] parsePacket(): could not receive data: 9
[ 20402][E][WiFiUdp.cpp:221] parsePacket(): could not receive data: 9
[ 20408][E][WiFiUdp.cpp:221] parsePacket(): could not receive data: 9
[ 20414][E][WiFiUdp.cpp:221] parsePacket(): could not receive data: 9
[ 20420][E][WiFiUdp.cpp:221] parsePacket(): could not receive data: 9
[ 20426][E][WiFiUdp.cpp:221] parsePacket(): could not receive data: 9
[ 20432][E][WiFiUdp.cpp:221] parsePacket(): could not receive data: 9
[ 20437][E][WiFiUdp.cpp:221] parsePacket(): could not receive data: 9
[ 20443][E][WiFiUdp.cpp:221] parsePacket(): could not receive data: 9
[ 20449][E][WiFiUdp.cpp:221] parsePacket(): could not receive data: 9
[ 20455][E][WiFiUdp.cpp:221] parsePacket(): could not receive data: 9
[ 20461][E][WiFiUdp.cpp:221] parsePacket(): could not receive data: 9
[ 20467][E][WiFiUdp.cpp:221] parsePacket(): could not receive data: 9
[ 20473][E][WiFiUdp.cpp:221] parsePacket(): could not receive data: 9
[ 20479][E][WiFiUdp.cpp:221] parsePacket(): could not receive data: 9
[ 20485][E][WiFiUdp.cpp:221] parsePacket(): could not receive data: 9
[ 20491][E][WiFiUdp.cpp:221] parsePacket(): could not receive data: 9
[ 20497][E][WiFiUdp.cpp:221] parsePacket(): could not receive data: 9
[ 20503][E][WiFiUdp.cpp:221] parsePacket(): could not receive data: 9
[ 20509][E][WiFiUdp.cpp:221] parsePacket(): could not receive data: 9
[ 20515][E][WiFiUdp.cpp:221] parsePacket(): could not receive data: 9
[ 20521][E][WiFiUdp.cpp:221] parsePacket(): could not receive data: 9
[ 20527][E][WiFiUdp.cpp:221] parsePacket(): could not receive data: 9
[ 20533][E][WiFiUdp.cpp:221] parsePacket(): could not receive data: 9
[ 20539][E][WiFiUdp.cpp:221] parsePacket(): could not receive data: 9
[ 20545][E][WiFiUdp.cpp:221] parsePacket(): could not receive data: 9
[ 20551][E][WiFiUdp.cpp:221] parsePacket(): could not receive data: 9
[ 20557][E][WiFiUdp.cpp:221] parsePacket(): could not receive data: 9
[ 20563][E][WiFiUdp.cpp:221] parsePacket(): could not receive data: 9
[ 20569][E][WiFiUdp.cpp:221] parsePacket(): could not receive data: 9
[ 20575][E][WiFiUdp.cpp:221] parsePacket(): could not receive data: 9
[ 20581][E][WiFiUdp.cpp:221] parsePacket(): could not receive data: 9
[ 20587][E][WiFiUdp.cpp:221] parsePacket(): could not receive data: 9
[ 20593][E][WiFiUdp.cpp:221] parsePacket(): could not receive data: 9
[ 20599][E][WiFiUdp.cpp:221] parsePacket(): could not receive data: 9
[ 20605][E][WiFiUdp.cpp:221] parsePacket(): could not receive data: 9
[ 20611][E][WiFiUdp.cpp:221] parsePacket(): could not receive data: 9
[ 20617][E][WiFiUdp.cpp:221] parsePacket(): could not receive data: 9
[ 20623][E][WiFiUdp.cpp:221] parsePacket(): could not receive data: 9
[ 20629][E][WiFiUdp.cpp:221] parsePacket(): could not receive data: 9
[ 20635][E][WiFiUdp.cpp:221] parsePacket(): could not receive data: 9
[ 20641][E][WiFiUdp.cpp:221] parsePacket(): could not receive data: 9
[ 20647][E][WiFiUdp.cpp:221] parsePacket(): could not receive data: 9
[ 20653][E][WiFiUdp.cpp:221] parsePacket(): could not receive data: 9
[ 20659][E][WiFiUdp.cpp:221] parsePacket(): could not receive data: 9
[ 20665][E][WiFiUdp.cpp:221] parsePacket(): could not receive data: 9
[ 20671][E][WiFiUdp.cpp:221] parsePacket(): could not receive data: 9
[ 20677][E][WiFiUdp.cpp:221] parsePacket(): could not receive data: 9
[ 20683][E][WiFiUdp.cpp:221] parsePacket(): could not receive data: 9
[ 20689][E][WiFiUdp.cpp:221] parsePacket(): could not receive data: 9
[ 20695][E][WiFiUdp.cpp:221] parsePacket(): could not receive data: 9
[ 20702][E][WiFiUdp.cpp:221] parsePacket(): could not receive data: 9
[ 20709][E][WiFiUdp.cpp:221] parsePacket(): could not receive data: 9
[ 20715][E][WiFiUdp.cpp:221] parsePacket(): could not receive data: 9
[ 20721][E][WiFiUdp.cpp:221] parsePacket(): could not receive data: 9
[ 20727][E][WiFiUdp.cpp:221] parsePacket(): could not receive data: 9
[ 20733][E][WiFiUdp.cpp:221] parsePacket(): could not receive data: 9
[ 20739][E][WiFiUdp.cpp:221] parsePacket(): could not receive data: 9
[ 20745][E][WiFiUdp.cpp:221] parsePacket(): could not receive data: 9
[ 20751][E][WiFiUdp.cpp:221] parsePacket(): could not receive data: 9
[ 20757][E][WiFiUdp.cpp:221] parsePacket(): could not receive data: 9
[ 20763][E][WiFiUdp.cpp:221] parsePacket(): could not receive data: 9
[ 20769][E][WiFiUdp.cpp:221] parsePacket(): could not receive data: 9
[ 20775][E][WiFiUdp.cpp:221] parsePacket(): could not receive data: 9
[ 20781][E][WiFiUdp.cpp:221] parsePacket(): could not receive data: 9
[ 20787][E][WiFiUdp.cpp:221] parsePacket(): could not receive data: 9
[ 20793][E][WiFiUdp.cpp:221] parsePacket(): could not receive data: 9
[ 20799][E][WiFiUdp.cpp:221] parsePacket(): could not receive data: 9
[ 20805][E][WiFiUdp.cpp:221] parsePacket(): could not receive data: 9
[ 20811][E][WiFiUdp.cpp:221] parsePacket(): could not receive data: 9
[ 20817][E][WiFiUdp.cpp:221] parsePacket(): could not receive data: 9
[ 20824][E][WiFiUdp.cpp:221] parsePacket(): could not receive data: 9
[ 20829][E][WiFiUdp.cpp:221] parsePacket(): could not receive data: 9
[ 20835][E][WiFiUdp.cpp:221] parsePacket(): could not receive data: 9
[ 20841][E][WiFiUdp.cpp:221] parsePacket(): could not receive data: 9
[ 20847][E][WiFiUdp.cpp:221] parsePacket(): could not receive data: 9
[ 20853][E][WiFiUdp.cpp:221] parsePacket(): could not receive data: 9
[ 20859][E][WiFiUdp.cpp:221] parsePacket(): could not receive data: 9
[ 20865][E][WiFiUdp.cpp:221] parsePacket(): could not receive data: 9
[ 20871][E][WiFiUdp.cpp:221] parsePacket(): could not receive data: 9
[ 20877][E][WiFiUdp.cpp:221] parsePacket(): could not receive data: 9
[ 20882][E][WiFiUdp.cpp:221] parsePacket(): could not receive data: 9
[ 20889][E][WiFiUdp.cpp:221] parsePacket(): could not receive data: 9
[ 20895][E][WiFiUdp.cpp:221] parsePacket(): could not receive data: 9
[ 20900][E][WiFiUdp.cpp:221] parsePacket(): could not receive data: 9
[ 20907][E][WiFiUdp.cpp:221] parsePacket(): could not receive data: 9
[ 20913][E][WiFiUdp.cpp:221] parsePacket(): could not receive data: 9
[ 20919][E][WiFiUdp.cpp:221] parsePacket(): could not receive data: 9
[ 20924][E][WiFiUdp.cpp:221] parsePacket(): could not receive data: 9
[ 20931][E][WiFiUdp.cpp:221] parsePacket(): could not receive data: 9
[ 20937][E][WiFiUdp.cpp:221] parsePacket(): could not receive data: 9
[ 20943][E][WiFiUdp.cpp:221] parsePacket(): could not receive data: 9
[ 20949][E][WiFiUdp.cpp:221] parsePacket(): could not receive data: 9
[ 20955][E][WiFiUdp.cpp:221] parsePacket(): could not receive data: 9
[ 20961][E][WiFiUdp.cpp:221] parsePacket(): could not receive data: 9
[ 20967][E][WiFiUdp.cpp:221] parsePacket(): could not receive data: 9
[ 20973][E][WiFiUdp.cpp:221] parsePacket(): could not receive data: 9
[ 20979][E][WiFiUdp.cpp:221] parsePacket(): could not receive data: 9
[ 20985][E][WiFiUdp.cpp:221] parsePacket(): could not receive data: 9
[ 20991][E][WiFiUdp.cpp:221] parsePacket(): could not receive data: 9
[ 20997][E][WiFiUdp.cpp:221] parsePacket(): could not receive data: 9
[ 21003][E][WiFiUdp.cpp:221] parsePacket(): could not receive data: 9
[ 21009][E][WiFiUdp.cpp:221] parsePacket(): could not receive data: 9
[ 21015][E][WiFiUdp.cpp:221] parsePacket(): could not receive data: 9
[ 21021][E][WiFiUdp.cpp:221] parsePacket(): could not receive data: 9
[ 21027][E][WiFiUdp.cpp:221] parsePacket(): could not receive data: 9
[ 21033][E][WiFiUdp.cpp:221] parsePacket(): could not receive data: 9
[ 21039][E][WiFiUdp.cpp:221] parsePacket(): could not receive data: 9
[ 21045][E][WiFiUdp.cpp:221] parsePacket(): could not receive data: 9
[ 21051][E][WiFiUdp.cpp:221] parsePacket(): could not receive data: 9
[ 21057][E][WiFiUdp.cpp:221] parsePacket(): could not receive data: 9
[ 21063][E][WiFiUdp.cpp:221] parsePacket(): could not receive data: 9
[ 21069][E][WiFiUdp.cpp:221] parsePacket(): could not receive data: 9
[ 21075][E][WiFiUdp.cpp:221] parsePacket(): could not receive data: 9
[ 21081][E][WiFiUdp.cpp:221] parsePacket(): could not receive data: 9
[ 21087][E][WiFiUdp.cpp:221] parsePacket(): could not receive data: 9
[ 21093][E][WiFiUdp.cpp:221] parsePacket(): could not receive data: 9
[ 21099][E][WiFiUdp.cpp:221] parsePacket(): could not receive data: 9
[ 21105][E][WiFiUdp.cpp:221] parsePacket(): could not receive data: 9
[ 21111][E][WiFiUdp.cpp:221] parsePacket(): could not receive data: 9
[ 21117][E][WiFiUdp.cpp:221] parsePacket(): could not receive data: 9
[ 21123][E][WiFiUdp.cpp:221] parsePacket(): could not receive data: 9
[ 21128][E][WiFiUdp.cpp:221] parsePacket(): could not receive data: 9
[ 21134][E][WiFiUdp.cpp:221] parsePacket(): could not receive data: 9
[ 21140][E][WiFiUdp.cpp:221] parsePacket(): could not receive data: 9
[ 21146][E][WiFiUdp.cpp:221] parsePacket(): could not receive data: 9
[ 21152][E][WiFiUdp.cpp:221] parsePacket(): could not receive data: 9
[ 21158][E][WiFiUdp.cpp:221] parsePacket(): could not receive data: 9
[ 21164][E][WiFiUdp.cpp:221] parsePacket(): could not receive data: 9
[ 21170][E][WiFiUdp.cpp:221] parsePacket(): could not receive data: 9
[ 21176][E][WiFiUdp.cpp:221] parsePacket(): could not receive data: 9
[ 21182][E][WiFiUdp.cpp:221] parsePacket(): could not receive data: 9
[ 21188][E][WiFiUdp.cpp:221] parsePacket(): could not receive data: 9
[ 21194][E][WiFiUdp.cpp:221] parsePacket(): could not receive data: 9
[ 21200][E][WiFiUdp.cpp:221] parsePacket(): could not receive data: 9
[ 21206][E][WiFiUdp.cpp:221] parsePacket(): could not receive data: 9
[ 21212][E][WiFiUdp.cpp:221] parsePacket(): could not receive data: 9
[ 21218][E][WiFiUdp.cpp:221] parsePacket(): could not receive data: 9
[ 21223][E][WiFiUdp.cpp:221] parsePacket(): could not receive data: 9
[ 21229][E][WiFiUdp.cpp:221] parsePacket(): could not receive data: 9
[ 21235][E][WiFiUdp.cpp:221] parsePacket(): could not receive data: 9
[ 21241][E][WiFiUdp.cpp:221] parsePacket(): could not receive data: 9
[ 21247][E][WiFiUdp.cpp:221] parsePacket(): could not receive data: 9
[ 21253][E][WiFiUdp.cpp:221] parsePacket(): could not receive data: 9
[ 21259][E][WiFiUdp.cpp:221] parsePacket(): could not receive data: 9
[ 21265][E][WiFiUdp.cpp:221] parsePacket(): could not receive data: 9
[ 21270][E][WiFiUdp.cpp:221] parsePacket(): could not receive data: 9
[ 21277][E][WiFiUdp.cpp:221] parsePacket(): could not receive data: 9
[ 21283][E][WiFiUdp.cpp:221] parsePacket(): could not receive data: 9
[ 21289][E][WiFiUdp.cpp:221] parsePacket(): could not receive data: 9
[ 21295][E][WiFiUdp.cpp:221] parsePacket(): could not receive data: 9
[ 21300][E][WiFiUdp.cpp:221] parsePacket(): could not receive data: 9
[ 21307][E][WiFiUdp.cpp:221] parsePacket(): could not receive data: 9
[ 21313][E][WiFiUdp.cpp:221] parsePacket(): could not receive data: 9
[ 21319][E][WiFiUdp.cpp:221] parsePacket(): could not receive data: 9
[ 21324][E][WiFiUdp.cpp:221] parsePacket(): could not receive data: 9
[ 21331][E][WiFiUdp.cpp:221] parsePacket(): could not receive data: 9
[ 21336][E][WiFiUdp.cpp:221] parsePacket(): could not receive data: 9
[ 21342][E][WiFiUdp.cpp:221] parsePacket(): could not receive data: 9
[ 21348][E][WiFiUdp.cpp:221] parsePacket(): could not receive data: 9
[ 21355][E][WiFiUdp.cpp:221] parsePacket(): could not receive data: 9
[ 21360][E][WiFiUdp.cpp:221] parsePacket(): could not receive data: 9
[ 21367][E][WiFiUdp.cpp:221] parsePacket(): could not receive data: 9
[ 21373][E][WiFiUdp.cpp:221] parsePacket(): could not receive data: 9
[ 21379][E][WiFiUdp.cpp:221] parsePacket(): could not receive data: 9
[ 21384][E][WiFiUdp.cpp:221] parsePacket(): could not receive data: 9
[ 21391][E][WiFiUdp.cpp:221] parsePacket(): could not receive data: 9
[ 21397][E][WiFiUdp.cpp:221] parsePacket(): could not receive data: 9
[ 21403][E][WiFiUdp.cpp:221] parsePacket(): could not receive data: 9
[ 21409][E][WiFiUdp.cpp:221] parsePacket(): could not receive data: 9
[ 21415][E][WiFiUdp.cpp:221] parsePacket(): could not receive data: 9
[ 21421][E][WiFiUdp.cpp:221] parsePacket(): could not receive data: 9
[ 21426][E][WiFiUdp.cpp:221] parsePacket(): could not receive data: 9
[ 21433][E][WiFiUdp.cpp:221] parsePacket(): could not receive data: 9
[ 21439][E][WiFiUdp.cpp:221] parsePacket(): could not receive data: 9
[ 21445][E][WiFiUdp.cpp:221] parsePacket(): could not receive data: 9
[ 21451][E][WiFiUdp.cpp:221] parsePacket(): could not receive data: 9
[ 21457][E][WiFiUdp.cpp:221] parsePacket(): could not receive data: 9
[ 21463][E][WiFiUdp.cpp:221] parsePacket(): could not receive data: 9
[ 21469][E][WiFiUdp.cpp:221] parsePacket(): could not receive data: 9
[ 21475][E][WiFiUdp.cpp:221] parsePacket(): could not receive data: 9
[ 21481][E][WiFiUdp.cpp:221] parsePacket(): could not receive data: 9
[ 21487][E][WiFiUdp.cpp:221] parsePacket(): could not receive data: 9
[ 21493][E][WiFiUdp.cpp:221] parsePacket(): could not receive data: 9
[ 21499][E][WiFiUdp.cpp:221] parsePacket(): could not receive data: 9
[ 21505][E][WiFiUdp.cpp:221] parsePacket(): could not receive data: 9
[ 21511][E][WiFiUdp.cpp:221] parsePacket(): could not receive data: 9
[ 21517][E][WiFiUdp.cpp:221] parsePacket(): could not receive data: 9
[ 21523][E][WiFiUdp.cpp:221] parsePacket(): could not receive data: 9
[ 21529][E][WiFiUdp.cpp:221] parsePacket(): could not receive data: 9
[ 21535][E][WiFiUdp.cpp:221] parsePacket(): could not receive data: 9
[ 21541][E][WiFiUdp.cpp:221] parsePacket(): could not receive data: 9
[ 21547][E][WiFiUdp.cpp:221] parsePacket(): could not receive data: 9
[ 21553][E][WiFiUdp.cpp:221] parsePacket(): could not receive data: 9
[ 21559][E][WiFiUdp.cpp:221] parsePacket(): could not receive data: 9
[ 21565][E][WiFiUdp.cpp:221] parsePacket(): could not receive data: 9
[ 21571][E][WiFiUdp.cpp:221] parsePacket(): could not receive data: 9
[ 21577][E][WiFiUdp.cpp:221] parsePacket(): could not receive data: 9
[ 21583][E][WiFiUdp.cpp:221] parsePacket(): could not receive data: 9
[ 21589][E][WiFiUdp.cpp:221] parsePacket(): could not receive data: 9
[ 21595][E][WiFiUdp.cpp:221] parsePacket(): could not receive data: 9
[ 21601][E][WiFiUdp.cpp:221] parsePacket(): could not receive data: 9
[ 21607][E][WiFiUdp.cpp:221] parsePacket(): could not receive data: 9
[ 21613][E][WiFiUdp.cpp:221] parsePacket(): could not receive data: 9
[ 21619][E][WiFiUdp.cpp:221] parsePacket(): could not receive data: 9
[ 21625][E][WiFiUdp.cpp:221] parsePacket(): could not receive data: 9
[ 21631][E][WiFiUdp.cpp:221] parsePacket(): could not receive data: 9
[ 21637][E][WiFiUdp.cpp:221] parsePacket(): could not receive data: 9
[ 21643][E][WiFiUdp.cpp:221] parsePacket(): could not receive data: 9
[ 21649][E][WiFiUdp.cpp:221] parsePacket(): could not receive data: 9
[ 21655][E][WiFiUdp.cpp:221] parsePacket(): could not receive data: 9
[ 21661][E][WiFiUdp.cpp:221] parsePacket(): could not receive data: 9
[ 21667][E][WiFiUdp.cpp:221] parsePacket(): could not receive data: 9
[ 21673][E][WiFiUdp.cpp:221] parsePacket(): could not receive data: 9
[ 21679][E][WiFiUdp.cpp:221] parsePacket(): could not receive data: 9
[ 21685][E][WiFiUdp.cpp:221] parsePacket(): could not receive data: 9
[ 21691][E][WiFiUdp.cpp:221] parsePacket(): could not receive data: 9
[ 21697][E][WiFiUdp.cpp:221] parsePacket(): could not receive data: 9
[ 21702][E][WiFiUdp.cpp:221] parsePacket(): could not receive data: 9
[ 21708][E][WiFiUdp.cpp:221] parsePacket(): could not receive data: 9
[ 21714][E][WiFiUdp.cpp:221] parsePacket(): could not receive data: 9
[ 21720][E][WiFiUdp.cpp:221] parsePacket(): could not receive data: 9
[ 21726][E][WiFiUdp.cpp:221] parsePacket(): could not receive data: 9
[ 21732][E][WiFiUdp.cpp:221] parsePacket(): could not receive data: 9
[ 21738][E][WiFiUdp.cpp:221] parsePacket(): could not receive data: 9
[ 21745][E][WiFiUdp.cpp:221] parsePacket(): could not receive data: 9
[ 21750][E][WiFiUdp.cpp:221] parsePacket(): could not receive data: 9
[ 21757][E][WiFiUdp.cpp:221] parsePacket(): could not receive data: 9
[ 21763][E][WiFiUdp.cpp:221] parsePacket(): could not receive data: 9
[ 21769][E][WiFiUdp.cpp:221] parsePacket(): could not receive data: 9
[ 21775][E][WiFiUdp.cpp:221] parsePacket(): could not receive data: 9
[ 21781][E][WiFiUdp.cpp:221] parsePacket(): could not receive data: 9
[ 21787][E][WiFiUdp.cpp:221] parsePacket(): could not receive data: 9
[ 21792][E][WiFiUdp.cpp:221] parsePacket(): could not receive data: 9
[ 21798][E][WiFiUdp.cpp:221] parsePacket(): could not receive data: 9
[ 21805][E][WiFiUdp.cpp:221] parsePacket(): could not receive data: 9
[ 21811][E][WiFiUdp.cpp:221] parsePacket(): could not receive data: 9
[ 21817][E][WiFiUdp.cpp:221] parsePacket(): could not receive data: 9
[ 21823][E][WiFiUdp.cpp:221] parsePacket(): could not receive data: 9
[ 21829][E][WiFiUdp.cpp:221] parsePacket(): could not receive data: 9
[ 21835][E][WiFiUdp.cpp:221] parsePacket(): could not receive data: 9
[ 21841][E][WiFiUdp.cpp:221] parsePacket(): could not receive data: 9
[ 21847][E][WiFiUdp.cpp:221] parsePacket(): could not receive data: 9
[ 21853][E][WiFiUdp.cpp:221] parsePacket(): could not receive data: 9
[ 21859][E][WiFiUdp.cpp:221] parsePacket(): could not receive data: 9
[ 21865][E][WiFiUdp.cpp:221] parsePacket(): could not receive data: 9
[ 21871][E][WiFiUdp.cpp:221] parsePacket(): could not receive data: 9
[ 21877][E][WiFiUdp.cpp:221] parsePacket(): could not receive data: 9
[ 21883][E][WiFiUdp.cpp:221] parsePacket(): could not receive data: 9
[ 21889][E][WiFiUdp.cpp:221] parsePacket(): could not receive data: 9
[ 21895][E][WiFiUdp.cpp:221] parsePacket(): could not receive data: 9
[ 21901][E][WiFiUdp.cpp:221] parsePacket(): could not receive data: 9
[ 21907][E][WiFiUdp.cpp:221] parsePacket(): could not receive data: 9
[ 21913][E][WiFiUdp.cpp:221] parsePacket(): could not receive data: 9
[ 21919][E][WiFiUdp.cpp:221] parsePacket(): could not receive data: 9
[ 21925][E][WiFiUdp.cpp:221] parsePacket(): could not receive data: 9
[ 21931][E][WiFiUdp.cpp:221] parsePacket(): could not receive data: 9
[ 21937][E][WiFiUdp.cpp:221] parsePacket(): could not receive data: 9
[ 21942][E][WiFiUdp.cpp:221] parsePacket(): could not receive data: 9
[ 21949][E][WiFiUdp.cpp:221] parsePacket(): could not receive data: 9
[ 21955][E][WiFiUdp.cpp:221] parsePacket(): could not receive data: 9
[ 21961][E][WiFiUdp.cpp:221] parsePacket(): could not receive data: 9
[ 21967][E][WiFiUdp.cpp:221] parsePacket(): could not receive data: 9
[ 21973][E][WiFiUdp.cpp:221] parsePacket(): could not receive data: 9
[ 21979][E][WiFiUdp.cpp:221] parsePacket(): could not receive data: 9
[ 21984][E][WiFiUdp.cpp:221] parsePacket(): could not receive data: 9
[ 21990][E][WiFiUdp.cpp:221] parsePacket(): could not receive data: 9
[ 21996][E][WiFiUdp.cpp:221] parsePacket(): could not receive data: 9
[ 22002][E][WiFiUdp.cpp:221] parsePacket(): could not receive data: 9
[ 22008][E][WiFiUdp.cpp:221] parsePacket(): could not receive data: 9
[ 22015][E][WiFiUdp.cpp:221] parsePacket(): could not receive data: 9
[ 22021][E][WiFiUdp.cpp:221] parsePacket(): could not receive data: 9
[ 22027][E][WiFiUdp.cpp:221] parsePacket(): could not receive data: 9
[ 22033][E][WiFiUdp.cpp:221] parsePacket(): could not receive data: 9
[ 22039][E][WiFiUdp.cpp:221] parsePacket(): could not receive data: 9
[ 22045][E][WiFiUdp.cpp:221] parsePacket(): could not receive data: 9
[ 22051][E][WiFiUdp.cpp:221] parsePacket(): could not receive data: 9
[ 22057][E][WiFiUdp.cpp:221] parsePacket(): could not receive data: 9
[ 22063][E][WiFiUdp.cpp:221] parsePacket(): could not receive data: 9
[ 22069][E][WiFiUdp.cpp:221] parsePacket(): could not receive data: 9
[ 22075][E][WiFiUdp.cpp:221] parsePacket(): could not receive data: 9
[ 22081][E][WiFiUdp.cpp:221] parsePacket(): could not receive data: 9
[ 22087][E][WiFiUdp.cpp:221] parsePacket(): could not receive data: 9
[ 22093][E][WiFiUdp.cpp:221] parsePacket(): could not receive data: 9
[ 22099][E][WiFiUdp.cpp:221] parsePacket(): could not receive data: 9
[ 22105][E][WiFiUdp.cpp:221] parsePacket(): could not receive data: 9
[ 22111][E][WiFiUdp.cpp:221] parsePacket(): could not receive data: 9
[ 22117][E][WiFiUdp.cpp:221] parsePacket(): could not receive data: 9
[ 22123][E][WiFiUdp.cpp:221] parsePacket(): could not receive data: 9
[ 22129][E][WiFiUdp.cpp:221] parsePacket(): could not receive data: 9
[ 22135][E][WiFiUdp.cpp:221] parsePacket(): could not receive data: 9
[ 22141][E][WiFiUdp.cpp:221] parsePacket(): could not receive data: 9
[ 22147][E][WiFiUdp.cpp:221] parsePacket(): could not receive data: 9
[ 22153][E][WiFiUdp.cpp:221] parsePacket(): could not receive data: 9
[ 22159][E][WiFiUdp.cpp:221] parsePacket(): could not receive data: 9
[ 22165][E][WiFiUdp.cpp:221] parsePacket(): could not receive data: 9
[ 22171][E][WiFiUdp.cpp:221] parsePacket(): could not receive data: 9
[ 22177][E][WiFiUdp.cpp:221] parsePacket(): could not receive data: 9
[ 22183][E][WiFiUdp.cpp:221] parsePacket(): could not receive data: 9
[ 22189][E][WiFiUdp.cpp:221] parsePacket(): could not receive data: 9
[ 22195][E][WiFiUdp.cpp:221] parsePacket(): could not receive data: 9
[ 22201][E][WiFiUdp.cpp:221] parsePacket(): could not receive data: 9
[ 22207][E][WiFiUdp.cpp:221] parsePacket(): could not receive data: 9
[ 22213][E][WiFiUdp.cpp:221] parsePacket(): could not receive data: 9
[ 22219][E][WiFiUdp.cpp:221] parsePacket(): could not receive data: 9
[ 22224][E][WiFiUdp.cpp:221] parsePacket(): could not receive data: 9
[ 22230][E][WiFiUdp.cpp:221] parsePacket(): could not receive data: 9
[ 22237][E][WiFiUdp.cpp:221] parsePacket(): could not receive data: 9
[ 22242][E][WiFiUdp.cpp:221] parsePacket(): could not receive data: 9
[ 22249][E][WiFiUdp.cpp:221] parsePacket(): could not receive data: 9
[ 22255][E][WiFiUdp.cpp:221] parsePacket(): could not receive data: 9
[ 22261][E][WiFiUdp.cpp:221] parsePacket(): could not receive data: 9
[ 22267][E][WiFiUdp.cpp:221] parsePacket(): could not receive data: 9
[ 22273][E][WiFiUdp.cpp:221] parsePacket(): could not receive data: 9
[ 22279][E][WiFiUdp.cpp:221] parsePacket(): could not receive data: 9
[ 22285][E][WiFiUdp.cpp:221] parsePacket(): could not receive data: 9
[ 22291][E][WiFiUdp.cpp:221] parsePacket(): could not receive data: 9
[ 22297][E][WiFiUdp.cpp:221] parsePacket(): could not receive data: 9
[ 22303][E][WiFiUdp.cpp:221] parsePacket(): could not receive data: 9
[ 22309][E][WiFiUdp.cpp:221] parsePacket(): could not receive data: 9
[ 22315][E][WiFiUdp.cpp:221] parsePacket(): could not receive data: 9
[ 22321][E][WiFiUdp.cpp:221] parsePacket(): could not receive data: 9
[ 22327][E][WiFiUdp.cpp:221] parsePacket(): could not receive data: 9
[ 22333][E][WiFiUdp.cpp:221] parsePacket(): could not receive data: 9
[ 22339][E][WiFiUdp.cpp:221] parsePacket(): could not receive data: 9
[ 22345][E][WiFiUdp.cpp:221] parsePacket(): could not receive data: 9
[ 22351][E][WiFiUdp.cpp:221] parsePacket(): could not receive data: 9
[ 22357][E][WiFiUdp.cpp:221] parsePacket(): could not receive data: 9
[ 22363][E][WiFiUdp.cpp:221] parsePacket(): could not receive data: 9
[ 22369][E][WiFiUdp.cpp:221] parsePacket(): could not receive data: 9
[ 22375][E][WiFiUdp.cpp:221] parsePacket(): could not receive data: 9
[ 22381][E][WiFiUdp.cpp:221] parsePacket(): could not receive data: 9
[ 22387][E][WiFiUdp.cpp:221] parsePacket(): could not receive data: 9
[ 22393][E][WiFiUdp.cpp:221] parsePacket(): could not receive data: 9
[ 22399][E][WiFiUdp.cpp:221] parsePacket(): could not receive data: 9
[ 22405][E][WiFiUdp.cpp:221] parsePacket(): could not receive data: 9
[ 22411][E][WiFiUdp.cpp:221] parsePacket(): could not receive data: 9
[ 22417][E][WiFiUdp.cpp:221] parsePacket(): could not receive data: 9
[ 22423][E][WiFiUdp.cpp:221] parsePacket(): could not receive data: 9
[ 22429][E][WiFiUdp.cpp:221] parsePacket(): could not receive data: 9
[ 22435][E][WiFiUdp.cpp:221] parsePacket(): could not receive data: 9
[ 22441][E][WiFiUdp.cpp:221] parsePacket(): could not receive data: 9
[ 22447][E][WiFiUdp.cpp:221] parsePacket(): could not receive data: 9
[ 22453][E][WiFiUdp.cpp:221] parsePacket(): could not receive data: 9
[ 22459][E][WiFiUdp.cpp:221] parsePacket(): could not receive data: 9
[ 22465][E][WiFiUdp.cpp:221] parsePacket(): could not receive data: 9
[ 22471][E][WiFiUdp.cpp:221] parsePacket(): could not receive data: 9
[ 22477][E][WiFiUdp.cpp:221] parsePacket(): could not receive data: 9
[ 22483][E][WiFiUdp.cpp:221] parsePacket(): could not receive data: 9
[ 22489][E][WiFiUdp.cpp:221] parsePacket(): could not receive data: 9
[ 22495][E][WiFiUdp.cpp:221] parsePacket(): could not receive data: 9
[ 22501][E][WiFiUdp.cpp:221] parsePacket(): could not receive data: 9
[ 22507][E][WiFiUdp.cpp:221] parsePacket(): could not receive data: 9
[ 22512][E][WiFiUdp.cpp:221] parsePacket(): could not receive data: 9
[ 22519][E][WiFiUdp.cpp:221] parsePacket(): could not receive data: 9
[ 22525][E][WiFiUdp.cpp:221] parsePacket(): could not receive data: 9
[ 22531][E][WiFiUdp.cpp:221] parsePacket(): could not receive data: 9
[ 22537][E][WiFiUdp.cpp:221] parsePacket(): could not receive data: 9
[ 22543][E][WiFiUdp.cpp:221] parsePacket(): could not receive data: 9
[ 22549][E][WiFiUdp.cpp:221] parsePacket(): could not receive data: 9
[ 22555][E][WiFiUdp.cpp:221] parsePacket(): could not receive data: 9
[ 22561][E][WiFiUdp.cpp:221] parsePacket(): could not receive data: 9
[ 22566][E][WiFiUdp.cpp:221] parsePacket(): could not receive data: 9
[ 22573][E][WiFiUdp.cpp:221] parsePacket(): could not receive data: 9
[ 22579][E][WiFiUdp.cpp:221] parsePacket(): could not receive data: 9
[ 22585][E][WiFiUdp.cpp:221] parsePacket(): could not receive data: 9
[ 22591][E][WiFiUdp.cpp:221] parsePacket(): could not receive data: 9
[ 22596][E][WiFiUdp.cpp:221] parsePacket(): could not receive data: 9
[ 22603][E][WiFiUdp.cpp:221] parsePacket(): could not receive data: 9
[ 22609][E][WiFiUdp.cpp:221] parsePacket(): could not receive data: 9
[ 22615][E][WiFiUdp.cpp:221] parsePacket(): could not receive data: 9
[ 22621][E][WiFiUdp.cpp:221] parsePacket(): could not receive data: 9
[ 22627][E][WiFiUdp.cpp:221] parsePacket(): could not receive data: 9
[ 22633][E][WiFiUdp.cpp:221] parsePacket(): could not receive data: 9
[ 22639][E][WiFiUdp.cpp:221] parsePacket(): could not receive data: 9
[ 22645][E][WiFiUdp.cpp:221] parsePacket(): could not receive data: 9
[ 22651][E][WiFiUdp.cpp:221] parsePacket(): could not receive data: 9
[ 22657][E][WiFiUdp.cpp:221] parsePacket(): could not receive data: 9
[ 22663][E][WiFiUdp.cpp:221] parsePacket(): could not receive data: 9
[ 22669][E][WiFiUdp.cpp:221] parsePacket(): could not receive data: 9
[ 22674][E][WiFiUdp.cpp:221] parsePacket(): could not receive data: 9
[ 22681][E][WiFiUdp.cpp:221] parsePacket(): could not receive data: 9
[ 22687][E][WiFiUdp.cpp:221] parsePacket(): could not receive data: 9
[ 22693][E][WiFiUdp.cpp:221] parsePacket(): could not receive data: 9
[ 22699][E][WiFiUdp.cpp:221] parsePacket(): could not receive data: 9
[ 22705][E][WiFiUdp.cpp:221] parsePacket(): could not receive data: 9
[ 22711][E][WiFiUdp.cpp:221] parsePacket(): could not receive data: 9
[ 22717][E][WiFiUdp.cpp:221] parsePacket(): could not receive data: 9
[ 22723][E][WiFiUdp.cpp:221] parsePacket(): could not receive data: 9
[ 22729][E][WiFiUdp.cpp:221] parsePacket(): could not receive data: 9
[ 22735][E][WiFiUdp.cpp:221] parsePacket(): could not receive data: 9
[ 22741][E][WiFiUdp.cpp:221] parsePacket(): could not receive data: 9
[ 22746][E][WiFiUdp.cpp:221] parsePacket(): could not receive data: 9
[ 22753][E][WiFiUdp.cpp:221] parsePacket(): could not receive data: 9
[ 22759][E][WiFiUdp.cpp:221] parsePacket(): could not receive data: 9
[ 22765][E][WiFiUdp.cpp:221] parsePacket(): could not receive data: 9
[ 22770][E][WiFiUdp.cpp:221] parsePacket(): could not receive data: 9
[ 22777][E][WiFiUdp.cpp:221] parsePacket(): could not receive data: 9
[ 22783][E][WiFiUdp.cpp:221] parsePacket(): could not receive data: 9
[ 22789][E][WiFiUdp.cpp:221] parsePacket(): could not receive data: 9
[ 22795][E][WiFiUdp.cpp:221] parsePacket(): could not receive data: 9
[ 22801][E][WiFiUdp.cpp:221] parsePacket(): could not receive data: 9
[ 22806][E][WiFiUdp.cpp:221] parsePacket(): could not receive data: 9
[ 22813][E][WiFiUdp.cpp:221] parsePacket(): could not receive data: 9
[ 22819][E][WiFiUdp.cpp:221] parsePacket(): could not receive data: 9
[ 22825][E][WiFiUdp.cpp:221] parsePacket(): could not receive data: 9
[ 22831][E][WiFiUdp.cpp:221] parsePacket(): could not receive data: 9
[ 22837][E][WiFiUdp.cpp:221] parsePacket(): could not receive data: 9
[ 22842][E][WiFiUdp.cpp:221] parsePacket(): could not receive data: 9
[ 22849][E][WiFiUdp.cpp:221] parsePacket(): could not receive data: 9
[ 22855][E][WiFiUdp.cpp:221] parsePacket(): could not receive data: 9
[ 22861][E][WiFiUdp.cpp:221] parsePacket(): could not receive data: 9
[ 22867][E][WiFiUdp.cpp:221] parsePacket(): could not receive data: 9
[ 22873][E][WiFiUdp.cpp:221] parsePacket(): could not receive data: 9
[ 22879][E][WiFiUdp.cpp:221] parsePacket(): could not receive data: 9
[ 22884][E][WiFiUdp.cpp:221] parsePacket(): could not receive data: 9
[ 22891][E][WiFiUdp.cpp:221] parsePacket(): could not receive data: 9
[ 22897][E][WiFiUdp.cpp:221] parsePacket(): could not receive data: 9
[ 22902][E][WiFiUdp.cpp:221] parsePacket(): could not receive data: 9
[ 22908][E][WiFiUdp.cpp:221] parsePacket(): could not receive data: 9
[ 22915][E][WiFiUdp.cpp:221] parsePacket(): could not receive data: 9
[ 22921][E][WiFiUdp.cpp:221] parsePacket(): could not receive data: 9
[ 22927][E][WiFiUdp.cpp:221] parsePacket(): could not receive data: 9
[ 22933][E][WiFiUdp.cpp:221] parsePacket(): could not receive data: 9
[ 22939][E][WiFiUdp.cpp:221] parsePacket(): could not receive data: 9
[ 22945][E][WiFiUdp.cpp:221] parsePacket(): could not receive data: 9
[ 22951][E][WiFiUdp.cpp:221] parsePacket(): could not receive data: 9
[ 22957][E][WiFiUdp.cpp:221] parsePacket(): could not receive data: 9
[ 22962][E][WiFiUdp.cpp:221] parsePacket(): could not receive data: 9
[ 22968][E][WiFiUdp.cpp:221] parsePacket(): could not receive data: 9
[ 22974][E][WiFiUdp.cpp:221] parsePacket(): could not receive data: 9
[ 22980][E][WiFiUdp.cpp:221] parsePacket(): could not receive data: 9
[ 22986][E][WiFiUdp.cpp:221] parsePacket(): could not receive data: 9
[ 22992][E][WiFiUdp.cpp:221] parsePacket(): could not receive data: 9
[ 22998][E][WiFiUdp.cpp:221] parsePacket(): could not receive data: 9
[ 23004][E][WiFiUdp.cpp:221] parsePacket(): could not receive data: 9
[ 23010][E][WiFiUdp.cpp:221] parsePacket(): could not receive data: 9
[ 23016][E][WiFiUdp.cpp:221] parsePacket(): could not receive data: 9
[ 23022][E][WiFiUdp.cpp:221] parsePacket(): could not receive data: 9
[ 23028][E][WiFiUdp.cpp:221] parsePacket(): could not receive data: 9
[ 23034][E][WiFiUdp.cpp:221] parsePacket(): could not receive data: 9
[ 23040][E][WiFiUdp.cpp:221] parsePacket(): could not receive data: 9
[ 23046][E][WiFiUdp.cpp:221] parsePacket(): could not receive data: 9
[ 23052][E][WiFiUdp.cpp:221] parsePacket(): could not receive data: 9
[ 23057][E][WiFiUdp.cpp:221] parsePacket(): could not receive data: 9
[ 23064][E][WiFiUdp.cpp:221] parsePacket(): could not receive data: 9
[ 23070][E][WiFiUdp.cpp:221] parsePacket(): could not receive data: 9
[ 23075][E][WiFiUdp.cpp:221] parsePacket(): could not receive data: 9
[ 23081][E][WiFiUdp.cpp:221] parsePacket(): could not receive data: 9
[ 23087][E][WiFiUdp.cpp:221] parsePacket(): could not receive data: 9
[ 23093][E][WiFiUdp.cpp:221] parsePacket(): could not receive data: 9
[ 23099][E][WiFiUdp.cpp:221] parsePacket(): could not receive data: 9
[ 23105][E][WiFiUdp.cpp:221] parsePacket(): could not receive data: 9
[ 23112][E][WiFiUdp.cpp:221] parsePacket(): could not receive data: 9
[ 23118][E][WiFiUdp.cpp:221] parsePacket(): could not receive data: 9
[ 23124][E][WiFiUdp.cpp:221] parsePacket(): could not receive data: 9
[ 23129][E][WiFiUdp.cpp:221] parsePacket(): could not receive data: 9
[ 23136][E][WiFiUdp.cpp:221] parsePacket(): could not receive data: 9
[ 23141][E][WiFiUdp.cpp:221] parsePacket(): could not receive data: 9
[ 23148][E][WiFiUdp.cpp:221] parsePacket(): could not receive data: 9
[ 23153][E][WiFiUdp.cpp:221] parsePacket(): could not receive data: 9
[ 23160][E][WiFiUdp.cpp:221] parsePacket(): could not receive data: 9
[ 23165][E][WiFiUdp.cpp:221] parsePacket(): could not receive data: 9
[ 23172][E][WiFiUdp.cpp:221] parsePacket(): could not receive data: 9
[ 23177][E][WiFiUdp.cpp:221] parsePacket(): could not receive data: 9
[ 23184][E][WiFiUdp.cpp:221] parsePacket(): could not receive data: 9
[ 23190][E][WiFiUdp.cpp:221] parsePacket(): could not receive data: 9
[ 23196][E][WiFiUdp.cpp:221] parsePacket(): could not receive data: 9
[ 23202][E][WiFiUdp.cpp:221] parsePacket(): could not receive data: 9
[ 23207][E][WiFiUdp.cpp:221] parsePacket(): could not receive data: 9
[ 23214][E][WiFiUdp.cpp:221] parsePacket(): could not receive data: 9
[ 23219][E][WiFiUdp.cpp:221] parsePacket(): could not receive data: 9
[ 23225][E][WiFiUdp.cpp:221] parsePacket(): could not receive data: 9
[ 23232][E][WiFiUdp.cpp:221] parsePacket(): could not receive data: 9
[ 23238][E][WiFiUdp.cpp:221] parsePacket(): could not receive data: 9
[ 23243][E][WiFiUdp.cpp:221] parsePacket(): could not receive data: 9
[ 23250][E][WiFiUdp.cpp:221] parsePacket(): could not receive data: 9
[ 23256][E][WiFiUdp.cpp:221] parsePacket(): could not receive data: 9
[ 23262][E][WiFiUdp.cpp:221] parsePacket(): could not receive data: 9
[ 23267][E][WiFiUdp.cpp:221] parsePacket(): could not receive data: 9
[ 23274][E][WiFiUdp.cpp:221] parsePacket(): could not receive data: 9
[ 23280][E][WiFiUdp.cpp:221] parsePacket(): could not receive data: 9
[ 23285][E][WiFiUdp.cpp:221] parsePacket(): could not receive data: 9
[ 23292][E][WiFiUdp.cpp:221] parsePacket(): could not receive data: 9
[ 23298][E][WiFiUdp.cpp:221] parsePacket(): could not receive data: 9
[ 23304][E][WiFiUdp.cpp:221] parsePacket(): could not receive data: 9
[ 23310][E][WiFiUdp.cpp:221] parsePacket(): could not receive data: 9
[ 23316][E][WiFiUdp.cpp:221] parsePacket(): could not receive data: 9
[ 23321][E][WiFiUdp.cpp:221] parsePacket(): could not receive data: 9
[ 23328][E][WiFiUdp.cpp:221] parsePacket(): could not receive data: 9
[ 23334][E][WiFiUdp.cpp:221] parsePacket(): could not receive data: 9
[ 23340][E][WiFiUdp.cpp:221] parsePacket(): could not receive data: 9
[ 23346][E][WiFiUdp.cpp:221] parsePacket(): could not receive data: 9
[ 23352][E][WiFiUdp.cpp:221] parsePacket(): could not receive data: 9
[CON ]...Client disconnected. free heap=134940
[ 23359][E][WiFiUdp.cpp:221] parsePacket(): could not receive data: 9
[ 23365][E][WiFiUdp.cpp:221] parsePacket(): could not receive data: 9
[ 23371][E][WiFiUdp.cpp:221] parsePacket(): could not receive data: 9
[ 23377][E][WiFiUdp.cpp:221] parsePacket(): could not receive data: 9
[ 23383][E][WiFiUdp.cpp:221] parsePacket(): could not receive data: 9
[ 23389][E][WiFiUdp.cpp:221] parsePacket(): could not receive data: 9
[ 23395][E][WiFiUdp.cpp:221] parsePacket(): could not receive data: 9
[CON ]...accept() fd=50 free=132976
[CON ]...Client authenticated on port 2323. free heap=127776
-[ 23401][E][WiFiUdp.cpp:221] parsePacket(): could not receive data: 9
-[ 23408][E][WiFiUdp.cpp:221] parsePacket(): could not receive data: 9
s[ 23414][E][WiFiUdp.cpp:221] parsePacket(): could not receive data: 9
e[ 23420][E][WiFiUdp.cpp:221] parsePacket(): could not receive data: 9
t[ 23427][E][WiFiUdp.cpp:221] parsePacket(): could not receive data: 9
c[ 23433][E][WiFiUdp.cpp:221] parsePacket(): could not receive data: 9
a[ 23439][E][WiFiUdp.cpp:221] parsePacket(): could not receive data: 9
l[ 23445][E][WiFiUdp.cpp:221] parsePacket(): could not receive data: 9
l[ 23451][E][WiFiUdp.cpp:221] parsePacket(): could not receive data: 9
 [ 23457][E][WiFiUdp.cpp:221] parsePacket(): could not receive data: 9
T[ 23464][E][WiFiUdp.cpp:221] parsePacket(): could not receive data: 9
E[ 23470][E][WiFiUdp.cpp:221] parsePacket(): could not receive data: 9
5[ 23476][E][WiFiUdp.cpp:221] parsePacket(): could not receive data: 9
T[ 23483][E][WiFiUdp.cpp:221] parsePacket(): could not receive data: 9
-[ 23489][E][WiFiUdp.cpp:221] parsePacket(): could not receive data: 9
1[ 23495][E][WiFiUdp.cpp:221] parsePacket(): could not receive data: 9
[ 23501][E][WiFiUdp.cpp:221] parsePacket(): could not receive data: 9

Call:TE5T-1 Short:E5T40 set
[ 26002][E][WiFiUdp.cpp:221] parsePacket(): could not receive data: 9
[ 26024][E][WiFiUdp.cpp:221] parsePacket(): could not receive data: 9
[ 26034][E][WiFiUdp.cpp:221] parsePacket(): could not receive data: 9
[ 26043][E][WiFiUdp.cpp:221] parsePacket(): could not receive data: 9
[ 26049][E][WiFiUdp.cpp:221] parsePacket(): could not receive data: 9
[ 26055][E][WiFiUdp.cpp:221] parsePacket(): could not receive data: 9
[ 26061][E][WiFiUdp.cpp:221] parsePacket(): could not receive data: 9
[ 26067][E][WiFiUdp.cpp:221] parsePacket(): could not receive data: 9
[ 26073][E][WiFiUdp.cpp:221] parsePacket(): could not receive data: 9
[ 26079][E][WiFiUdp.cpp:221] parsePacket(): could not receive data: 9
[ 26085][E][WiFiUdp.cpp:221] parsePacket(): could not receive data: 9
[ 26091][E][WiFiUdp.cpp:221] parsePacket(): could not receive data: 9
[ 26097][E][WiFiUdp.cpp:221] parsePacket(): could not receive data: 9
[ 26103][E][WiFiUdp.cpp:221] parsePacket(): could not receive data: 9
[ 26109][E][WiFiUdp.cpp:221] parsePacket(): could not receive data: 9
[ 26115][E][WiFiUdp.cpp:221] parsePacket(): could not receive data: 9
[ 26121][E][WiFiUdp.cpp:221] parsePacket(): could not receive data: 9
[ 26127][E][WiFiUdp.cpp:221] parsePacket(): could not receive data: 9
[ 26133][E][WiFiUdp.cpp:221] parsePacket(): could not receive data: 9
[ 26139][E][WiFiUdp.cpp:221] parsePacket(): could not receive data: 9
[ 26145][E][WiFiUdp.cpp:221] parsePacket(): could not receive data: 9
[ 26151][E][WiFiUdp.cpp:221] parsePacket(): could not receive data: 9
[ 26157][E][WiFiUdp.cpp:221] parsePacket(): could not receive data: 9
[ 26162][E][WiFiUdp.cpp:221] parsePacket(): could not receive data: 9
[ 26168][E][WiFiUdp.cpp:221] parsePacket(): could not receive data: 9
[ 26174][E][WiFiUdp.cpp:221] parsePacket(): could not receive data: 9
[ 26180][E][WiFiUdp.cpp:221] parsePacket(): could not receive data: 9
[ 26187][E][WiFiUdp.cpp:221] parsePacket(): could not receive data: 9
[ 26192][E][WiFiUdp.cpp:221] parsePacket(): could not receive data: 9
[ 26198][E][WiFiUdp.cpp:221] parsePacket(): could not receive data: 9
[ 26204][E][WiFiUdp.cpp:221] parsePacket(): could not receive data: 9
[ 26211][E][WiFiUdp.cpp:221] parsePacket(): could not receive data: 9
[ 26217][E][WiFiUdp.cpp:221] parsePacket(): could not receive data: 9
[ 26223][E][WiFiUdp.cpp:221] parsePacket(): could not receive data: 9
[ 26229][E][WiFiUdp.cpp:221] parsePacket(): could not receive data: 9
[ 26235][E][WiFiUdp.cpp:221] parsePacket(): could not receive data: 9
[ 26241][E][WiFiUdp.cpp:221] parsePacket(): could not receive data: 9
[ 26247][E][WiFiUdp.cpp:221] parsePacket(): could not receive data: 9
[ 26253][E][WiFiUdp.cpp:221] parsePacket(): could not receive data: 9
[ 26259][E][WiFiUdp.cpp:221] parsePacket(): could not receive data: 9
[ 26265][E][WiFiUdp.cpp:221] parsePacket(): could not receive data: 9
[ 26271][E][WiFiUdp.cpp:221] parsePacket(): could not receive data: 9
[ 26277][E][WiFiUdp.cpp:221] parsePacket(): could not receive data: 9
[ 26283][E][WiFiUdp.cpp:221] parsePacket(): could not receive data: 9
[ 26288][E][WiFiUdp.cpp:221] parsePacket(): could not receive data: 9
[ 26294][E][WiFiUdp.cpp:221] parsePacket(): could not receive data: 9
[ 26300][E][WiFiUdp.cpp:221] parsePacket(): could not receive data: 9
[ 26306][E][WiFiUdp.cpp:221] parsePacket(): could not receive data: 9
[ 26312][E][WiFiUdp.cpp:221] parsePacket(): could not receive data: 9
[ 26318][E][WiFiUdp.cpp:221] parsePacket(): could not receive data: 9
[ 26324][E][WiFiUdp.cpp:221] parsePacket(): could not receive data: 9
[ 26330][E][WiFiUdp.cpp:221] parsePacket(): could not receive data: 9
[ 26336][E][WiFiUdp.cpp:221] parsePacket(): could not receive data: 9
[ 26342][E][WiFiUdp.cpp:221] parsePacket(): could not receive data: 9
[ 26348][E][WiFiUdp.cpp:221] parsePacket(): could not receive data: 9
[ 26354][E][WiFiUdp.cpp:221] parsePacket(): could not receive data: 9
[ 26360][E][WiFiUdp.cpp:221] parsePacket(): could not receive data: 9
[ 26366][E][WiFiUdp.cpp:221] parsePacket(): could not receive data: 9
[ 26372][E][WiFiUdp.cpp:221] parsePacket(): could not receive data: 9
[ 26378][E][WiFiUdp.cpp:221] parsePacket(): could not receive data: 9
[ 26384][E][WiFiUdp.cpp:221] parsePacket(): could not receive data: 9
[ 26390][E][WiFiUdp.cpp:221] parsePacket(): could not receive data: 9
[ 26396][E][WiFiUdp.cpp:221] parsePacket(): could not receive data: 9
[ 26402][E][WiFiUdp.cpp:221] parsePacket(): could not receive data: 9
[ 26408][E][WiFiUdp.cpp:221] parsePacket(): could not receive data: 9
[ 26414][E][WiFiUdp.cpp:221] parsePacket(): could not receive data: 9
[ 26420][E][WiFiUdp.cpp:221] parsePacket(): could not receive data: 9
[ 26426][E][WiFiUdp.cpp:221] parsePacket(): could not receive data: 9
[ 26432][E][WiFiUdp.cpp:221] parsePacket(): could not receive data: 9
[ 26438][E][WiFiUdp.cpp:221] parsePacket(): could not receive data: 9
[ 26444][E][WiFiUdp.cpp:221] parsePacket(): could not receive data: 9
[ 26450][E][WiFiUdp.cpp:221] parsePacket(): could not receive data: 9
[ 26456][E][WiFiUdp.cpp:221] parsePacket(): could not receive data: 9
[ 26462][E][WiFiUdp.cpp:221] parsePacket(): could not receive data: 9
[ 26468][E][WiFiUdp.cpp:221] parsePacket(): could not receive data: 9
[ 26474][E][WiFiUdp.cpp:221] parsePacket(): could not receive data: 9
[ 26480][E][WiFiUdp.cpp:221] parsePacket(): could not receive data: 9
[ 26486][E][WiFiUdp.cpp:221] parsePacket(): could not receive data: 9
[ 26492][E][WiFiUdp.cpp:221] parsePacket(): could not receive data: 9
[ 26498][E][WiFiUdp.cpp:221] parsePacket(): could not receive data: 9
[ 26504][E][WiFiUdp.cpp:221] parsePacket(): could not receive data: 9
[ 26510][E][WiFiUdp.cpp:221] parsePacket(): could not receive data: 9
[ 26516][E][WiFiUdp.cpp:221] parsePacket(): could not receive data: 9
[ 26522][E][WiFiUdp.cpp:221] parsePacket(): could not receive data: 9
[ 26528][E][WiFiUdp.cpp:221] parsePacket(): could not receive data: 9
[ 26534][E][WiFiUdp.cpp:221] parsePacket(): could not receive data: 9
[ 26540][E][WiFiUdp.cpp:221] parsePacket(): could not receive data: 9
[ 26546][E][WiFiUdp.cpp:221] parsePacket(): could not receive data: 9
[ 26552][E][WiFiUdp.cpp:221] parsePacket(): could not receive data: 9
[ 26558][E][WiFiUdp.cpp:221] parsePacket(): could not receive data: 9
[ 26564][E][WiFiUdp.cpp:221] parsePacket(): could not receive data: 9
[ 26570][E][WiFiUdp.cpp:221] parsePacket(): could not receive data: 9
[ 26576][E][WiFiUdp.cpp:221] parsePacket(): could not receive data: 9
[ 26582][E][WiFiUdp.cpp:221] parsePacket(): could not receive data: 9
[ 26588][E][WiFiUdp.cpp:221] parsePacket(): could not receive data: 9
[ 26594][E][WiFiUdp.cpp:221] parsePacket(): could not receive data: 9
[ 26600][E][WiFiUdp.cpp:221] parsePacket(): could not receive data: 9
[ 26606][E][WiFiUdp.cpp:221] parsePacket(): could not receive data: 9
[ 26612][E][WiFiUdp.cpp:221] parsePacket(): could not receive data: 9
[ 26618][E][WiFiUdp.cpp:221] parsePacket(): could not receive data: 9
[ 26624][E][WiFiUdp.cpp:221] parsePacket(): could not receive data: 9
[ 26630][E][WiFiUdp.cpp:221] parsePacket(): could not receive data: 9
[ 26636][E][WiFiUdp.cpp:221] parsePacket(): could not receive data: 9
[ 26642][E][WiFiUdp.cpp:221] parsePacket(): could not receive data: 9
[ 26648][E][WiFiUdp.cpp:221] parsePacket(): could not receive data: 9
[ 26654][E][WiFiUdp.cpp:221] parsePacket(): could not receive data: 9
[ 26660][E][WiFiUdp.cpp:221] parsePacket(): could not receive data: 9
[ 26666][E][WiFiUdp.cpp:221] parsePacket(): could not receive data: 9
[ 26672][E][WiFiUdp.cpp:221] parsePacket(): could not receive data: 9
[ 26678][E][WiFiUdp.cpp:221] parsePacket(): could not receive data: 9
[ 26684][E][WiFiUdp.cpp:221] parsePacket(): could not receive data: 9
[ 26690][E][WiFiUdp.cpp:221] parsePacket(): could not receive data: 9
[ 26696][E][WiFiUdp.cpp:221] parsePacket(): could not receive data: 9
[ 26702][E][WiFiUdp.cpp:221] parsePacket(): could not receive data: 9
[ 26708][E][WiFiUdp.cpp:221] parsePacket(): could not receive data: 9
[ 26714][E][WiFiUdp.cpp:221] parsePacket(): could not receive data: 9
[ 26720][E][WiFiUdp.cpp:221] parsePacket(): could not receive data: 9
[ 26726][E][WiFiUdp.cpp:221] parsePacket(): could not receive data: 9
[ 26732][E][WiFiUdp.cpp:221] parsePacket(): could not receive data: 9
[ 26738][E][WiFiUdp.cpp:221] parsePacket(): could not receive data: 9
[ 26744][E][WiFiUdp.cpp:221] parsePacket(): could not receive data: 9
[ 26750][E][WiFiUdp.cpp:221] parsePacket(): could not receive data: 9
[ 26756][E][WiFiUdp.cpp:221] parsePacket(): could not receive data: 9
[ 26762][E][WiFiUdp.cpp:221] parsePacket(): could not receive data: 9
[ 26768][E][WiFiUdp.cpp:221] parsePacket(): could not receive data: 9
[ 26774][E][WiFiUdp.cpp:221] parsePacket(): could not receive data: 9
[ 26780][E][WiFiUdp.cpp:221] parsePacket(): could not receive data: 9
[ 26786][E][WiFiUdp.cpp:221] parsePacket(): could not receive data: 9
[ 26792][E][WiFiUdp.cpp:221] parsePacket(): could not receive data: 9
[ 26798][E][WiFiUdp.cpp:221] parsePacket(): could not receive data: 9
[ 26804][E][WiFiUdp.cpp:221] parsePacket(): could not receive data: 9
[ 26810][E][WiFiUdp.cpp:221] parsePacket(): could not receive data: 9
[ 26816][E][WiFiUdp.cpp:221] parsePacket(): could not receive data: 9
[ 26822][E][WiFiUdp.cpp:221] parsePacket(): could not receive data: 9
[ 26828][E][WiFiUdp.cpp:221] parsePacket(): could not receive data: 9
[ 26834][E][WiFiUdp.cpp:221] parsePacket(): could not receive data: 9
[ 26840][E][WiFiUdp.cpp:221] parsePacket(): could not receive data: 9
[ 26846][E][WiFiUdp.cpp:221] parsePacket(): could not receive data: 9
[ 26852][E][WiFiUdp.cpp:221] parsePacket(): could not receive data: 9
[ 26858][E][WiFiUdp.cpp:221] parsePacket(): could not receive data: 9
[ 26864][E][WiFiUdp.cpp:221] parsePacket(): could not receive data: 9
[ 26870][E][WiFiUdp.cpp:221] parsePacket(): could not receive data: 9
[ 26876][E][WiFiUdp.cpp:221] parsePacket(): could not receive data: 9
[ 26882][E][WiFiUdp.cpp:221] parsePacket(): could not receive data: 9
[ 26888][E][WiFiUdp.cpp:221] parsePacket(): could not receive data: 9
[ 26894][E][WiFiUdp.cpp:221] parsePacket(): could not receive data: 9
[ 26900][E][WiFiUdp.cpp:221] parsePacket(): could not receive data: 9
[ 26906][E][WiFiUdp.cpp:221] parsePacket(): could not receive data: 9
[ 26912][E][WiFiUdp.cpp:221] parsePacket(): could not receive data: 9
[ 26918][E][WiFiUdp.cpp:221] parsePacket(): could not receive data: 9
[ 26924][E][WiFiUdp.cpp:221] parsePacket(): could not receive data: 9
[ 26930][E][WiFiUdp.cpp:221] parsePacket(): could not receive data: 9
[ 26936][E][WiFiUdp.cpp:221] parsePacket(): could not receive data: 9
[ 26942][E][WiFiUdp.cpp:221] parsePacket(): could not receive data: 9
[ 26948][E][WiFiUdp.cpp:221] parsePacket(): could not receive data: 9
[ 26954][E][WiFiUdp.cpp:221] parsePacket(): could not receive data: 9
[ 26960][E][WiFiUdp.cpp:221] parsePacket(): could not receive data: 9
[ 26966][E][WiFiUdp.cpp:221] parsePacket(): could not receive data: 9
[ 26972][E][WiFiUdp.cpp:221] parsePacket(): could not receive data: 9
[ 26978][E][WiFiUdp.cpp:221] parsePacket(): could not receive data: 9
[ 26984][E][WiFiUdp.cpp:221] parsePacket(): could not receive data: 9
[ 26990][E][WiFiUdp.cpp:221] parsePacket(): could not receive data: 9
[ 26996][E][WiFiUdp.cpp:221] parsePacket(): could not receive data: 9
[ 27002][E][WiFiUdp.cpp:221] parsePacket(): could not receive data: 9
[ 27008][E][WiFiUdp.cpp:221] parsePacket(): could not receive data: 9
[ 27014][E][WiFiUdp.cpp:221] parsePacket(): could not receive data: 9
[ 27020][E][WiFiUdp.cpp:221] parsePacket(): could not receive data: 9
[ 27026][E][WiFiUdp.cpp:221] parsePacket(): could not receive data: 9
[ 27032][E][WiFiUdp.cpp:221] parsePacket(): could not receive data: 9
[ 27038][E][WiFiUdp.cpp:221] parsePacket(): could not receive data: 9
[ 27044][E][WiFiUdp.cpp:221] parsePacket(): could not receive data: 9
[ 27050][E][WiFiUdp.cpp:221] parsePacket(): could not receive data: 9
[ 27056][E][WiFiUdp.cpp:221] parsePacket(): could not receive data: 9
[ 27062][E][WiFiUdp.cpp:221] parsePacket(): could not receive data: 9
[ 27068][E][WiFiUdp.cpp:221] parsePacket(): could not receive data: 9
[ 27074][E][WiFiUdp.cpp:221] parsePacket(): could not receive data: 9
[ 27080][E][WiFiUdp.cpp:221] parsePacket(): could not receive data: 9
[ 27086][E][WiFiUdp.cpp:221] parsePacket(): could not receive data: 9
[ 27092][E][WiFiUdp.cpp:221] parsePacket(): could not receive data: 9
[ 27098][E][WiFiUdp.cpp:221] parsePacket(): could not receive data: 9
[ 27104][E][WiFiUdp.cpp:221] parsePacket(): could not receive data: 9
[ 27110][E][WiFiUdp.cpp:221] parsePacket(): could not receive data: 9
[ 27116][E][WiFiUdp.cpp:221] parsePacket(): could not receive data: 9
[ 27122][E][WiFiUdp.cpp:221] parsePacket(): could not receive data: 9
[ 27128][E][WiFiUdp.cpp:221] parsePacket(): could not receive data: 9
[ 27133][E][WiFiUdp.cpp:221] parsePacket(): could not receive data: 9
[ 27138][E][WiFiUdp.cpp:221] parsePacket(): could not receive data: 9
[ 27144][E][WiFiUdp.cpp:221] parsePacket(): could not receive data: 9
[ 27150][E][WiFiUdp.cpp:221] parsePacket(): could not receive data: 9
[ 27156][E][WiFiUdp.cpp:221] parsePacket(): could not receive data: 9
[ 27161][E][WiFiUdp.cpp:221] parsePacket(): could not receive data: 9
[ 27168][E][WiFiUdp.cpp:221] parsePacket(): could not receive data: 9
[ 27173][E][WiFiUdp.cpp:221] parsePacket(): could not receive data: 9
[ 27179][E][WiFiUdp.cpp:221] parsePacket(): could not receive data: 9
[ 27185][E][WiFiUdp.cpp:221] parsePacket(): could not receive data: 9
[ 27191][E][WiFiUdp.cpp:221] parsePacket(): could not receive data: 9
[ 27197][E][WiFiUdp.cpp:221] parsePacket(): could not receive data: 9
[ 27204][E][WiFiUdp.cpp:221] parsePacket(): could not receive data: 9
[ 27209][E][WiFiUdp.cpp:221] parsePacket(): could not receive data: 9
[ 27215][E][WiFiUdp.cpp:221] parsePacket(): could not receive data: 9
[ 27221][E][WiFiUdp.cpp:221] parsePacket(): could not receive data: 9
[ 27227][E][WiFiUdp.cpp:221] parsePacket(): could not receive data: 9
[ 27234][E][WiFiUdp.cpp:221] parsePacket(): could not receive data: 9
[ 27240][E][WiFiUdp.cpp:221] parsePacket(): could not receive data: 9
[ 27246][E][WiFiUdp.cpp:221] parsePacket(): could not receive data: 9
[ 27252][E][WiFiUdp.cpp:221] parsePacket(): could not receive data: 9
[ 27258][E][WiFiUdp.cpp:221] parsePacket(): could not receive data: 9
[ 27264][E][WiFiUdp.cpp:221] parsePacket(): could not receive data: 9
[ 27270][E][WiFiUdp.cpp:221] parsePacket(): could not receive data: 9
[ 27276][E][WiFiUdp.cpp:221] parsePacket(): could not receive data: 9
[ 27282][E][WiFiUdp.cpp:221] parsePacket(): could not receive data: 9
[ 27288][E][WiFiUdp.cpp:221] parsePacket(): could not receive data: 9
[ 27294][E][WiFiUdp.cpp:221] parsePacket(): could not receive data: 9
[ 27300][E][WiFiUdp.cpp:221] parsePacket(): could not receive data: 9
[ 27306][E][WiFiUdp.cpp:221] parsePacket(): could not receive data: 9
[ 27311][E][WiFiUdp.cpp:221] parsePacket(): could not receive data: 9
[ 27318][E][WiFiUdp.cpp:221] parsePacket(): could not receive data: 9
[ 27323][E][WiFiUdp.cpp:221] parsePacket(): could not receive data: 9
[ 27330][E][WiFiUdp.cpp:221] parsePacket(): could not receive data: 9
[ 27336][E][WiFiUdp.cpp:221] parsePacket(): could not receive data: 9
[ 27342][E][WiFiUdp.cpp:221] parsePacket(): could not receive data: 9
[ 27348][E][WiFiUdp.cpp:221] parsePacket(): could not receive data: 9
[ 27354][E][WiFiUdp.cpp:221] parsePacket(): could not receive data: 9
[ 27360][E][WiFiUdp.cpp:221] parsePacket(): could not receive data: 9
[ 27366][E][WiFiUdp.cpp:221] parsePacket(): could not receive data: 9
[ 27372][E][WiFiUdp.cpp:221] parsePacket(): could not receive data: 9
[ 27378][E][WiFiUdp.cpp:221] parsePacket(): could not receive data: 9
[ 27384][E][WiFiUdp.cpp:221] parsePacket(): could not receive data: 9
[ 27389][E][WiFiUdp.cpp:221] parsePacket(): could not receive data: 9
[ 27395][E][WiFiUdp.cpp:221] parsePacket(): could not receive data: 9
[ 27401][E][WiFiUdp.cpp:221] parsePacket(): could not receive data: 9
[ 27407][E][WiFiUdp.cpp:221] parsePacket(): could not receive data: 9
[ 27413][E][WiFiUdp.cpp:221] parsePacket(): could not receive data: 9
[ 27419][E][WiFiUdp.cpp:221] parsePacket(): could not receive data: 9
[ 27425][E][WiFiUdp.cpp:221] parsePacket(): could not receive data: 9
[ 27431][E][WiFiUdp.cpp:221] parsePacket(): could not receive data: 9
[ 27437][E][WiFiUdp.cpp:221] parsePacket(): could not receive data: 9
[ 27443][E][WiFiUdp.cpp:221] parsePacket(): could not receive data: 9
[ 27448][E][WiFiUdp.cpp:221] parsePacket(): could not receive data: 9
[ 27454][E][WiFiUdp.cpp:221] parsePacket(): could not receive data: 9
[ 27460][E][WiFiUdp.cpp:221] parsePacket(): could not receive data: 9
[ 27466][E][WiFiUdp.cpp:221] parsePacket(): could not receive data: 9
[ 27472][E][WiFiUdp.cpp:221] parsePacket(): could not receive data: 9
[ 27477][E][WiFiUdp.cpp:221] parsePacket(): could not receive data: 9
[ 27484][E][WiFiUdp.cpp:221] parsePacket(): could not receive data: 9
[ 27490][E][WiFiUdp.cpp:221] parsePacket(): could not receive data: 9
[ 27496][E][WiFiUdp.cpp:221] parsePacket(): could not receive data: 9
[ 27502][E][WiFiUdp.cpp:221] parsePacket(): could not receive data: 9
[ 27507][E][WiFiUdp.cpp:221] parsePacket(): could not receive data: 9
[ 27514][E][WiFiUdp.cpp:221] parsePacket(): could not receive data: 9
[ 27520][E][WiFiUdp.cpp:221] parsePacket(): could not receive data: 9
[ 27526][E][WiFiUdp.cpp:221] parsePacket(): could not receive data: 9
[ 27532][E][WiFiUdp.cpp:221] parsePacket(): could not receive data: 9
[ 27538][E][WiFiUdp.cpp:221] parsePacket(): could not receive data: 9
[ 27544][E][WiFiUdp.cpp:221] parsePacket(): could not receive data: 9
[ 27550][E][WiFiUdp.cpp:221] parsePacket(): could not receive data: 9
[ 27556][E][WiFiUdp.cpp:221] parsePacket(): could not receive data: 9
[ 27562][E][WiFiUdp.cpp:221] parsePacket(): could not receive data: 9
[ 27568][E][WiFiUdp.cpp:221] parsePacket(): could not receive data: 9
[ 27574][E][WiFiUdp.cpp:221] parsePacket(): could not receive data: 9
[ 27580][E][WiFiUdp.cpp:221] parsePacket(): could not receive data: 9
[ 27586][E][WiFiUdp.cpp:221] parsePacket(): could not receive data: 9
[ 27592][E][WiFiUdp.cpp:221] parsePacket(): could not receive data: 9
[ 27598][E][WiFiUdp.cpp:221] parsePacket(): could not receive data: 9
[ 27604][E][WiFiUdp.cpp:221] parsePacket(): could not receive data: 9
[ 27610][E][WiFiUdp.cpp:221] parsePacket(): could not receive data: 9
[ 27616][E][WiFiUdp.cpp:221] parsePacket(): could not receive data: 9
[ 27622][E][WiFiUdp.cpp:221] parsePacket(): could not receive data: 9
[ 27628][E][WiFiUdp.cpp:221] parsePacket(): could not receive data: 9
[ 27634][E][WiFiUdp.cpp:221] parsePacket(): could not receive data: 9
[ 27640][E][WiFiUdp.cpp:221] parsePacket(): could not receive data: 9
[ 27646][E][WiFiUdp.cpp:221] parsePacket(): could not receive data: 9
[ 27652][E][WiFiUdp.cpp:221] parsePacket(): could not receive data: 9
[ 27658][E][WiFiUdp.cpp:221] parsePacket(): could not receive data: 9
[ 27664][E][WiFiUdp.cpp:221] parsePacket(): could not receive data: 9
[ 27670][E][WiFiUdp.cpp:221] parsePacket(): could not receive data: 9
[ 27676][E][WiFiUdp.cpp:221] parsePacket(): could not receive data: 9
[ 27682][E][WiFiUdp.cpp:221] parsePacket(): could not receive data: 9
[ 27688][E][WiFiUdp.cpp:221] parsePacket(): could not receive data: 9
[ 27694][E][WiFiUdp.cpp:221] parsePacket(): could not receive data: 9
[ 27700][E][WiFiUdp.cpp:221] parsePacket(): could not receive data: 9
[ 27706][E][WiFiUdp.cpp:221] parsePacket(): could not receive data: 9
[ 27712][E][WiFiUdp.cpp:221] parsePacket(): could not receive data: 9
[ 27718][E][WiFiUdp.cpp:221] parsePacket(): could not receive data: 9
[ 27724][E][WiFiUdp.cpp:221] parsePacket(): could not receive data: 9
[ 27730][E][WiFiUdp.cpp:221] parsePacket(): could not receive data: 9
[ 27736][E][WiFiUdp.cpp:221] parsePacket(): could not receive data: 9
[ 27742][E][WiFiUdp.cpp:221] parsePacket(): could not receive data: 9
[ 27748][E][WiFiUdp.cpp:221] parsePacket(): could not receive data: 9
[ 27754][E][WiFiUdp.cpp:221] parsePacket(): could not receive data: 9
[ 27760][E][WiFiUdp.cpp:221] parsePacket(): could not receive data: 9
[ 27766][E][WiFiUdp.cpp:221] parsePacket(): could not receive data: 9
[ 27772][E][WiFiUdp.cpp:221] parsePacket(): could not receive data: 9
[ 27778][E][WiFiUdp.cpp:221] parsePacket(): could not receive data: 9
[ 27784][E][WiFiUdp.cpp:221] parsePacket(): could not receive data: 9
[ 27790][E][WiFiUdp.cpp:221] parsePacket(): could not receive data: 9
[ 27796][E][WiFiUdp.cpp:221] parsePacket(): could not receive data: 9
[ 27802][E][WiFiUdp.cpp:221] parsePacket(): could not receive data: 9
[ 27808][E][WiFiUdp.cpp:221] parsePacket(): could not receive data: 9
[ 27814][E][WiFiUdp.cpp:221] parsePacket(): could not receive data: 9
[ 27820][E][WiFiUdp.cpp:221] parsePacket(): could not receive data: 9
[ 27826][E][WiFiUdp.cpp:221] parsePacket(): could not receive data: 9
[ 27832][E][WiFiUdp.cpp:221] parsePacket(): could not receive data: 9
[ 27838][E][WiFiUdp.cpp:221] parsePacket(): could not receive data: 9
[ 27844][E][WiFiUdp.cpp:221] parsePacket(): could not receive data: 9
[ 27850][E][WiFiUdp.cpp:221] parsePacket(): could not receive data: 9
[ 27856][E][WiFiUdp.cpp:221] parsePacket(): could not receive data: 9
[ 27862][E][WiFiUdp.cpp:221] parsePacket(): could not receive data: 9
[ 27868][E][WiFiUdp.cpp:221] parsePacket(): could not receive data: 9
[ 27874][E][WiFiUdp.cpp:221] parsePacket(): could not receive data: 9
[ 27880][E][WiFiUdp.cpp:221] parsePacket(): could not receive data: 9
[ 27886][E][WiFiUdp.cpp:221] parsePacket(): could not receive data: 9
[ 27892][E][WiFiUdp.cpp:221] parsePacket(): could not receive data: 9
[ 27898][E][WiFiUdp.cpp:221] parsePacket(): could not receive data: 9
[ 27904][E][WiFiUdp.cpp:221] parsePacket(): could not receive data: 9
[ 27910][E][WiFiUdp.cpp:221] parsePacket(): could not receive data: 9
[ 27916][E][WiFiUdp.cpp:221] parsePacket(): could not receive data: 9
[ 27921][E][WiFiUdp.cpp:221] parsePacket(): could not receive data: 9
[ 27928][E][WiFiUdp.cpp:221] parsePacket(): could not receive data: 9
[ 27934][E][WiFiUdp.cpp:221] parsePacket(): could not receive data: 9
[ 27940][E][WiFiUdp.cpp:221] parsePacket(): could not receive data: 9
[ 27946][E][WiFiUdp.cpp:221] parsePacket(): could not receive data: 9
[ 27952][E][WiFiUdp.cpp:221] parsePacket(): could not receive data: 9
[ 27958][E][WiFiUdp.cpp:221] parsePacket(): could not receive data: 9
[ 27964][E][WiFiUdp.cpp:221] parsePacket(): could not receive data: 9
[ 27970][E][WiFiUdp.cpp:221] parsePacket(): could not receive data: 9
[ 27976][E][WiFiUdp.cpp:221] parsePacket(): could not receive data: 9
[ 27982][E][WiFiUdp.cpp:221] parsePacket(): could not receive data: 9
[ 27988][E][WiFiUdp.cpp:221] parsePacket(): could not receive data: 9
[ 27994][E][WiFiUdp.cpp:221] parsePacket(): could not receive data: 9
[ 28000][E][WiFiUdp.cpp:221] parsePacket(): could not receive data: 9
[ 28006][E][WiFiUdp.cpp:221] parsePacket(): could not receive data: 9
[ 28012][E][WiFiUdp.cpp:221] parsePacket(): could not receive data: 9
[ 28018][E][WiFiUdp.cpp:221] parsePacket(): could not receive data: 9
[ 28024][E][WiFiUdp.cpp:221] parsePacket(): could not receive data: 9
[ 28030][E][WiFiUdp.cpp:221] parsePacket(): could not receive data: 9
[ 28036][E][WiFiUdp.cpp:221] parsePacket(): could not receive data: 9
[ 28042][E][WiFiUdp.cpp:221] parsePacket(): could not receive data: 9
[ 28048][E][WiFiUdp.cpp:221] parsePacket(): could not receive data: 9
[ 28054][E][WiFiUdp.cpp:221] parsePacket(): could not receive data: 9
[ 28060][E][WiFiUdp.cpp:221] parsePacket(): could not receive data: 9
[ 28066][E][WiFiUdp.cpp:221] parsePacket(): could not receive data: 9
[ 28072][E][WiFiUdp.cpp:221] parsePacket(): could not receive data: 9
[ 28078][E][WiFiUdp.cpp:221] parsePacket(): could not receive data: 9
[ 28084][E][WiFiUdp.cpp:221] parsePacket(): could not receive data: 9
[ 28090][E][WiFiUdp.cpp:221] parsePacket(): could not receive data: 9
[ 28096][E][WiFiUdp.cpp:221] parsePacket(): could not receive data: 9
[ 28102][E][WiFiUdp.cpp:221] parsePacket(): could not receive data: 9
[ 28108][E][WiFiUdp.cpp:221] parsePacket(): could not receive data: 9
[ 28114][E][WiFiUdp.cpp:221] parsePacket(): could not receive data: 9
[ 28120][E][WiFiUdp.cpp:221] parsePacket(): could not receive data: 9
[ 28126][E][WiFiUdp.cpp:221] parsePacket(): could not receive data: 9
[ 28132][E][WiFiUdp.cpp:221] parsePacket(): could not receive data: 9
[ 28138][E][WiFiUdp.cpp:221] parsePacket(): could not receive data: 9
[ 28144][E][WiFiUdp.cpp:221] parsePacket(): could not receive data: 9
[ 28150][E][WiFiUdp.cpp:221] parsePacket(): could not receive data: 9
[ 28156][E][WiFiUdp.cpp:221] parsePacket(): could not receive data: 9
[ 28162][E][WiFiUdp.cpp:221] parsePacket(): could not receive data: 9
[ 28168][E][WiFiUdp.cpp:221] parsePacket(): could not receive data: 9
[ 28174][E][WiFiUdp.cpp:221] parsePacket(): could not receive data: 9
[ 28180][E][WiFiUdp.cpp:221] parsePacket(): could not receive data: 9
[ 28186][E][WiFiUdp.cpp:221] parsePacket(): could not receive data: 9
[ 28192][E][WiFiUdp.cpp:221] parsePacket(): could not receive data: 9
[ 28198][E][WiFiUdp.cpp:221] parsePacket(): could not receive data: 9
[ 28204][E][WiFiUdp.cpp:221] parsePacket(): could not receive data: 9
[ 28210][E][WiFiUdp.cpp:221] parsePacket(): could not receive data: 9
[ 28216][E][WiFiUdp.cpp:221] parsePacket(): could not receive data: 9
[ 28222][E][WiFiUdp.cpp:221] parsePacket(): could not receive data: 9
[ 28228][E][WiFiUdp.cpp:221] parsePacket(): could not receive data: 9
[ 28234][E][WiFiUdp.cpp:221] parsePacket(): could not receive data: 9
[ 28240][E][WiFiUdp.cpp:221] parsePacket(): could not receive data: 9
[ 28246][E][WiFiUdp.cpp:221] parsePacket(): could not receive data: 9
[ 28252][E][WiFiUdp.cpp:221] parsePacket(): could not receive data: 9
[ 28258][E][WiFiUdp.cpp:221] parsePacket(): could not receive data: 9
[ 28264][E][WiFiUdp.cpp:221] parsePacket(): could not receive data: 9
[ 28270][E][WiFiUdp.cpp:221] parsePacket(): could not receive data: 9
[ 28276][E][WiFiUdp.cpp:221] parsePacket(): could not receive data: 9
[ 28282][E][WiFiUdp.cpp:221] parsePacket(): could not receive data: 9
[ 28288][E][WiFiUdp.cpp:221] parsePacket(): could not receive data: 9
[ 28294][E][WiFiUdp.cpp:221] parsePacket(): could not receive data: 9
[ 28300][E][WiFiUdp.cpp:221] parsePacket(): could not receive data: 9
[ 28306][E][WiFiUdp.cpp:221] parsePacket(): could not receive data: 9
[ 28312][E][WiFiUdp.cpp:221] parsePacket(): could not receive data: 9
[ 28318][E][WiFiUdp.cpp:221] parsePacket(): could not receive data: 9
[ 28324][E][WiFiUdp.cpp:221] parsePacket(): could not receive data: 9
[ 28330][E][WiFiUdp.cpp:221] parsePacket(): could not receive data: 9
[ 28336][E][WiFiUdp.cpp:221] parsePacket(): could not receive data: 9
[ 28342][E][WiFiUdp.cpp:221] parsePacket(): could not receive data: 9
[ 28348][E][WiFiUdp.cpp:221] parsePacket(): could not receive data: 9
[ 28354][E][WiFiUdp.cpp:221] parsePacket(): could not receive data: 9
[ 28360][E][WiFiUdp.cpp:221] parsePacket(): could not receive data: 9
[ 28366][E][WiFiUdp.cpp:221] parsePacket(): could not receive data: 9
[ 28372][E][WiFiUdp.cpp:221] parsePacket(): could not receive data: 9
[ 28378][E][WiFiUdp.cpp:221] parsePacket(): could not receive data: 9
[ 28384][E][WiFiUdp.cpp:221] parsePacket(): could not receive data: 9
[ 28390][E][WiFiUdp.cpp:221] parsePacket(): could not receive data: 9
[ 28396][E][WiFiUdp.cpp:221] parsePacket(): could not receive data: 9
[ 28402][E][WiFiUdp.cpp:221] parsePacket(): could not receive data: 9
[ 28408][E][WiFiUdp.cpp:221] parsePacket(): could not receive data: 9
[ 28414][E][WiFiUdp.cpp:221] parsePacket(): could not receive data: 9
[ 28420][E][WiFiUdp.cpp:221] parsePacket(): could not receive data: 9
[ 28426][E][WiFiUdp.cpp:221] parsePacket(): could not receive data: 9
[ 28432][E][WiFiUdp.cpp:221] parsePacket(): could not receive data: 9
[ 28438][E][WiFiUdp.cpp:221] parsePacket(): could not receive data: 9
[ 28444][E][WiFiUdp.cpp:221] parsePacket(): could not receive data: 9
[ 28450][E][WiFiUdp.cpp:221] parsePacket(): could not receive data: 9
[ 28456][E][WiFiUdp.cpp:221] parsePacket(): could not receive data: 9
[ 28462][E][WiFiUdp.cpp:221] parsePacket(): could not receive data: 9
[ 28468][E][WiFiUdp.cpp:221] parsePacket(): could not receive data: 9
[ 28474][E][WiFiUdp.cpp:221] parsePacket(): could not receive data: 9
[ 28480][E][WiFiUdp.cpp:221] parsePacket(): could not receive data: 9
[ 28486][E][WiFiUdp.cpp:221] parsePacket(): could not receive data: 9
[ 28492][E][WiFiUdp.cpp:221] parsePacket(): could not receive data: 9
[ 28498][E][WiFiUdp.cpp:221] parsePacket(): could not receive data: 9
[ 28504][E][WiFiUdp.cpp:221] parsePacket(): could not receive data: 9
[ 28510][E][WiFiUdp.cpp:221] parsePacket(): could not receive data: 9
[ 28515][E][WiFiUdp.cpp:221] parsePacket(): could not receive data: 9
[CON ]...Client disconnected. free heap=132932
[ 28523][E][WiFiUdp.cpp:221] parsePacket(): could not receive data: 9
[CON ]...accept() fd=50 free=132932
[CON ]...Client authenticated on port 2323. free heap=129316
-[ 28532][E][WiFiUdp.cpp:221] parsePacket(): could not receive data: 9
-[ 28538][E][WiFiUdp.cpp:221] parsePacket(): could not receive data: 9
i[ 28544][E][WiFiUdp.cpp:221] parsePacket(): could not receive data: 9
n[ 28550][E][WiFiUdp.cpp:221] parsePacket(): could not receive data: 9
f[ 28556][E][WiFiUdp.cpp:221] parsePacket(): could not receive data: 9
o[ 28562][E][WiFiUdp.cpp:221] parsePacket(): could not receive data: 9
[ 28568][E][WiFiUdp.cpp:221] parsePacket(): could not receive data: 9

--MeshCom 4.35t (build: Sep 26 2026 / 22:38:56)
...UPDATE: 
...Call: <TE5T-1> ...ID 00000000 ...NODE 39 <EBYTE_E22> ...UTC-OFF 1.000000 [CPU]
...BATT 4.10 V ...BATT 85 % ...MAXV 4.200 V
...TIME 28580 ms
...Flash-Version 20260724
...NOMSGALL off ...MESH off ...BUTTON (12) off ...SOFTSER off ... SOFTSERREAD off
...PASSWD <>
...DEBUG man ...DEBUG en
...DEBUG off ...LORADEBUG off ...GPSDEBUG off/0 ...SOFTSERDEBUG off
...WXDEBUG off ...BLEDEBUG off
...DisplayInfo off ...DisplayCont off ...DisplyLog off ...contrast 255 ...ackinfo off
...EXTUDP off ...EXT IP none ...NOPMOTHER off
...BTCODE 000000
...APRSMC: APRSMC
...ATXT: 
...NAME: 
...BLE : short
...DISPLAY on
...CTRY EU8
...FREQ 433.1750 MHz TXPWR 17 dBm RXBOOST off
...MAXHOP text 4 / pos 2

...Webserver  on / Webpwd <> / Gateway off 
...NETConsole on (port 2323)
...KISS/TCP   off / TX off / RxMeta off / Auth off
...WIFI-AP    off
...SSID <none> / PASSWORD <***>
...NETWORK Mode:WiFi
...hasIpAddress: yes
...IP address   : 10.0.2.15
...SUBNET-MASK  : 255.255.255.0
...GW address   : 10.0.2.5
...DNS address  : 
...UDP-HBeat : 28588
[ 28588][E][WiFiUdp.cpp:221] parsePacket(): could not receive data: 9
[CON ]...Client disconnected. free heap=134996
[ 28595][E][WiFiUdp.cpp:221] parsePacket(): could not receive data: 9
[ 28601][E][WiFiUdp.cpp:221] parsePacket(): could not receive data: 9
[ 28607][E][WiFiUdp.cpp:221] parsePacket(): could not receive data: 9
[ 28613][E][WiFiUdp.cpp:221] parsePacket(): could not receive data: 9
[ 28619][E][WiFiUdp.cpp:221] parsePacket(): could not receive data: 9
[ 28624][E][WiFiUdp.cpp:221] parsePacket(): could not receive data: 9
[ 28630][E][WiFiUdp.cpp:221] parsePacket(): could not receive data: 9
[ 28636][E][WiFiUdp.cpp:221] parsePacket(): could not receive data: 9
[ 28642][E][WiFiUdp.cpp:221] parsePacket(): could not receive data: 9
[ 28648][E][WiFiUdp.cpp:221] parsePacket(): could not receive data: 9
[ 28654][E][WiFiUdp.cpp:221] parsePacket(): could not receive data: 9
[ 28660][E][WiFiUdp.cpp:221] parsePacket(): could not receive data: 9
[ 28665][E][WiFiUdp.cpp:221] parsePacket(): could not receive data: 9
[ 28672][E][WiFiUdp.cpp:221] parsePacket(): could not receive data: 9
[ 28677][E][WiFiUdp.cpp:221] parsePacket(): could not receive data: 9
[ 28684][E][WiFiUdp.cpp:221] parsePacket(): could not receive data: 9
[ 28689][E][WiFiUdp.cpp:221] parsePacket(): could not receive data: 9
[ 28695][E][WiFiUdp.cpp:221] parsePacket(): could not receive data: 9
[ 28701][E][WiFiUdp.cpp:221] parsePacket(): could not receive data: 9
[ 28707][E][WiFiUdp.cpp:221] parsePacket(): could not receive data: 9
[ 28713][E][WiFiUdp.cpp:221] parsePacket(): could not receive data: 9
[ 28719][E][WiFiUdp.cpp:221] parsePacket(): could not receive data: 9
[ 28725][E][WiFiUdp.cpp:221] parsePacket(): could not receive data: 9
[ 28731][E][WiFiUdp.cpp:221] parsePacket(): could not receive data: 9
[ 28737][E][WiFiUdp.cpp:221] parsePacket(): could not receive data: 9
[ 28743][E][WiFiUdp.cpp:221] parsePacket(): could not receive data: 9
[ 28749][E][WiFiUdp.cpp:221] parsePacket(): could not receive data: 9
[ 28755][E][WiFiUdp.cpp:221] parsePacket(): could not receive data: 9
[ 28761][E][WiFiUdp.cpp:221] parsePacket(): could not receive data: 9
[ 28767][E][WiFiUdp.cpp:221] parsePacket(): could not receive data: 9
[ 28773][E][WiFiUdp.cpp:221] parsePacket(): could not receive data: 9
[ 28779][E][WiFiUdp.cpp:221] parsePacket(): could not receive data: 9
[ 28785][E][WiFiUdp.cpp:221] parsePacket(): could not receive data: 9
[ 28791][E][WiFiUdp.cpp:221] parsePacket(): could not receive data: 9
[ 28797][E][WiFiUdp.cpp:221] parsePacket(): could not receive data: 9
[ 28803][E][WiFiUdp.cpp:221] parsePacket(): could not receive data: 9
[ 28809][E][WiFiUdp.cpp:221] parsePacket(): could not receive data: 9
[ 28815][E][WiFiUdp.cpp:221] parsePacket(): could not receive data: 9
[ 28820][E][WiFiUdp.cpp:221] parsePacket(): could not receive data: 9
[ 28827][E][WiFiUdp.cpp:221] parsePacket(): could not receive data: 9
[ 28833][E][WiFiUdp.cpp:221] parsePacket(): could not receive data: 9
[ 28838][E][WiFiUdp.cpp:221] parsePacket(): could not receive data: 9
[ 28844][E][WiFiUdp.cpp:221] parsePacket(): could not receive data: 9
[ 28850][E][WiFiUdp.cpp:221] parsePacket(): could not receive data: 9
[ 28856][E][WiFiUdp.cpp:221] parsePacket(): could not receive data: 9
[ 28862][E][WiFiUdp.cpp:221] parsePacket(): could not receive data: 9
[ 28868][E][WiFiUdp.cpp:221] parsePacket(): could not receive data: 9
[ 28873][E][WiFiUdp.cpp:221] parsePacket(): could not receive data: 9
[ 28879][E][WiFiUdp.cpp:221] parsePacket(): could not receive data: 9
[ 28885][E][WiFiUdp.cpp:221] parsePacket(): could not receive data: 9
[ 28891][E][WiFiUdp.cpp:221] parsePacket(): could not receive data: 9
[ 28897][E][WiFiUdp.cpp:221] parsePacket(): could not receive data: 9
[ 28904][E][WiFiUdp.cpp:221] parsePacket(): could not receive data: 9
[ 28909][E][WiFiUdp.cpp:221] parsePacket(): could not receive data: 9
[ 28916][E][WiFiUdp.cpp:221] parsePacket(): could not receive data: 9
[ 28921][E][WiFiUdp.cpp:221] parsePacket(): could not receive data: 9
[ 28928][E][WiFiUdp.cpp:221] parsePacket(): could not receive data: 9
[ 28934][E][WiFiUdp.cpp:221] parsePacket(): could not receive data: 9
[ 28939][E][WiFiUdp.cpp:221] parsePacket(): could not receive data: 9
[ 28945][E][WiFiUdp.cpp:221] parsePacket(): could not receive data: 9
[ 28952][E][WiFiUdp.cpp:221] parsePacket(): could not receive data: 9
[ 28958][E][WiFiUdp.cpp:221] parsePacket(): could not receive data: 9
[ 28964][E][WiFiUdp.cpp:221] parsePacket(): could not receive data: 9
[ 28970][E][WiFiUdp.cpp:221] parsePacket(): could not receive data: 9
[ 28976][E][WiFiUdp.cpp:221] parsePacket(): could not receive data: 9
[ 28982][E][WiFiUdp.cpp:221] parsePacket(): could not receive data: 9
[ 28988][E][WiFiUdp.cpp:221] parsePacket(): could not receive data: 9
[ 28993][E][WiFiUdp.cpp:221] parsePacket(): could not receive data: 9
[ 29000][E][WiFiUdp.cpp:221] parsePacket(): could not receive data: 9
[ 29005][E][WiFiUdp.cpp:221] parsePacket(): could not receive data: 9
[ 29011][E][WiFiUdp.cpp:221] parsePacket(): could not receive data: 9
[ 29018][E][WiFiUdp.cpp:221] parsePacket(): could not receive data: 9
[ 29024][E][WiFiUdp.cpp:221] parsePacket(): could not receive data: 9
[ 29030][E][WiFiUdp.cpp:221] parsePacket(): could not receive data: 9
[ 29036][E][WiFiUdp.cpp:221] parsePacket(): could not receive data: 9
[ 29041][E][WiFiUdp.cpp:221] parsePacket(): could not receive data: 9
[ 29048][E][WiFiUdp.cpp:221] parsePacket(): could not receive data: 9
[ 29053][E][WiFiUdp.cpp:221] parsePacket(): could not receive data: 9
[ 29060][E][WiFiUdp.cpp:221] parsePacket(): could not receive data: 9
[ 29066][E][WiFiUdp.cpp:221] parsePacket(): could not receive data: 9
[ 29071][E][WiFiUdp.cpp:221] parsePacket(): could not receive data: 9
[ 29077][E][WiFiUdp.cpp:221] parsePacket(): could not receive data: 9
[ 29084][E][WiFiUdp.cpp:221] parsePacket(): could not receive data: 9
[ 29090][E][WiFiUdp.cpp:221] parsePacket(): could not receive data: 9
[ 29096][E][WiFiUdp.cpp:221] parsePacket(): could not receive data: 9
[ 29102][E][WiFiUdp.cpp:221] parsePacket(): could not receive data: 9
[ 29108][E][WiFiUdp.cpp:221] parsePacket(): could not receive data: 9
[ 29114][E][WiFiUdp.cpp:221] parsePacket(): could not receive data: 9
[ 29120][E][WiFiUdp.cpp:221] parsePacket(): could not receive data: 9
[ 29126][E][WiFiUdp.cpp:221] parsePacket(): could not receive data: 9
[ 29132][E][WiFiUdp.cpp:221] parsePacket(): could not receive data: 9
[ 29138][E][WiFiUdp.cpp:221] parsePacket(): could not receive data: 9
[ 29143][E][WiFiUdp.cpp:221] parsePacket(): could not receive data: 9
[ 29150][E][WiFiUdp.cpp:221] parsePacket(): could not receive data: 9
[ 29156][E][WiFiUdp.cpp:221] parsePacket(): could not receive data: 9
[ 29162][E][WiFiUdp.cpp:221] parsePacket(): could not receive data: 9
[ 29168][E][WiFiUdp.cpp:221] parsePacket(): could not receive data: 9
[ 29174][E][WiFiUdp.cpp:221] parsePacket(): could not receive data: 9
[ 29180][E][WiFiUdp.cpp:221] parsePacket(): could not receive data: 9
[ 29186][E][WiFiUdp.cpp:221] parsePacket(): could not receive data: 9
[ 29192][E][WiFiUdp.cpp:221] parsePacket(): could not receive data: 9
[ 29198][E][WiFiUdp.cpp:221] parsePacket(): could not receive data: 9
[ 29203][E][WiFiUdp.cpp:221] parsePacket(): could not receive data: 9
[ 29210][E][WiFiUdp.cpp:221] parsePacket(): could not receive data: 9
[ 29216][E][WiFiUdp.cpp:221] parsePacket(): could not receive data: 9
[ 29222][E][WiFiUdp.cpp:221] parsePacket(): could not receive data: 9
[ 29227][E][WiFiUdp.cpp:221] parsePacket(): could not receive data: 9
[ 29234][E][WiFiUdp.cpp:221] parsePacket(): could not receive data: 9
[ 29240][E][WiFiUdp.cpp:221] parsePacket(): could not receive data: 9
[ 29246][E][WiFiUdp.cpp:221] parsePacket(): could not receive data: 9
[ 29252][E][WiFiUdp.cpp:221] parsePacket(): could not receive data: 9
[ 29258][E][WiFiUdp.cpp:221] parsePacket(): could not receive data: 9
[ 29263][E][WiFiUdp.cpp:221] parsePacket(): could not receive data: 9
[ 29270][E][WiFiUdp.cpp:221] parsePacket(): could not receive data: 9
[ 29276][E][WiFiUdp.cpp:221] parsePacket(): could not receive data: 9
[ 29282][E][WiFiUdp.cpp:221] parsePacket(): could not receive data: 9
[ 29287][E][WiFiUdp.cpp:221] parsePacket(): could not receive data: 9
[ 29294][E][WiFiUdp.cpp:221] parsePacket(): could not receive data: 9
[ 29300][E][WiFiUdp.cpp:221] parsePacket(): could not receive data: 9
[ 29306][E][WiFiUdp.cpp:221] parsePacket(): could not receive data: 9
[ 29312][E][WiFiUdp.cpp:221] parsePacket(): could not receive data: 9
[ 29318][E][WiFiUdp.cpp:221] parsePacket(): could not receive data: 9
[ 29324][E][WiFiUdp.cpp:221] parsePacket(): could not receive data: 9
[ 29330][E][WiFiUdp.cpp:221] parsePacket(): could not receive data: 9
[ 29336][E][WiFiUdp.cpp:221] parsePacket(): could not receive data: 9
[ 29342][E][WiFiUdp.cpp:221] parsePacket(): could not receive data: 9
[ 29348][E][WiFiUdp.cpp:221] parsePacket(): could not receive data: 9
[ 29353][E][WiFiUdp.cpp:221] parsePacket(): could not receive data: 9
[ 29360][E][WiFiUdp.cpp:221] parsePacket(): could not receive data: 9
[ 29366][E][WiFiUdp.cpp:221] parsePacket(): could not receive data: 9
[ 29372][E][WiFiUdp.cpp:221] parsePacket(): could not receive data: 9
[ 29378][E][WiFiUdp.cpp:221] parsePacket(): could not receive data: 9
[ 29384][E][WiFiUdp.cpp:221] parsePacket(): could not receive data: 9
[ 29389][E][WiFiUdp.cpp:221] parsePacket(): could not receive data: 9
[ 29394][E][WiFiUdp.cpp:221] parsePacket(): could not receive data: 9
[ 29400][E][WiFiUdp.cpp:221] parsePacket(): could not receive data: 9
[ 29406][E][WiFiUdp.cpp:221] parsePacket(): could not receive data: 9
[ 29411][E][WiFiUdp.cpp:221] parsePacket(): could not receive data: 9
[ 29417][E][WiFiUdp.cpp:221] parsePacket(): could not receive data: 9
[ 29424][E][WiFiUdp.cpp:221] parsePacket(): could not receive data: 9
[ 29430][E][WiFiUdp.cpp:221] parsePacket(): could not receive data: 9
[ 29435][E][WiFiUdp.cpp:221] parsePacket(): could not receive data: 9
[ 29442][E][WiFiUdp.cpp:221] parsePacket(): could not receive data: 9
[ 29448][E][WiFiUdp.cpp:221] parsePacket(): could not receive data: 9
[ 29453][E][WiFiUdp.cpp:221] parsePacket(): could not receive data: 9
[ 29460][E][WiFiUdp.cpp:221] parsePacket(): could not receive data: 9
[ 29466][E][WiFiUdp.cpp:221] parsePacket(): could not receive data: 9
[ 29471][E][WiFiUdp.cpp:221] parsePacket(): could not receive data: 9
[ 29478][E][WiFiUdp.cpp:221] parsePacket(): could not receive data: 9
[ 29483][E][WiFiUdp.cpp:221] parsePacket(): could not receive data: 9
[ 29490][E][WiFiUdp.cpp:221] parsePacket(): could not receive data: 9
[ 29496][E][WiFiUdp.cpp:221] parsePacket(): could not receive data: 9
[ 29502][E][WiFiUdp.cpp:221] parsePacket(): could not receive data: 9
[ 29507][E][WiFiUdp.cpp:221] parsePacket(): could not receive data: 9
[ 29513][E][WiFiUdp.cpp:221] parsePacket(): could not receive data: 9
[ 29519][E][WiFiUdp.cpp:221] parsePacket(): could not receive data: 9
[ 29525][E][WiFiUdp.cpp:221] parsePacket(): could not receive data: 9
[ 29531][E][WiFiUdp.cpp:221] parsePacket(): could not receive data: 9
[ 29537][E][WiFiUdp.cpp:221] parsePacket(): could not receive data: 9
[ 29543][E][WiFiUdp.cpp:221] parsePacket(): could not receive data: 9
[ 29549][E][WiFiUdp.cpp:221] parsePacket(): could not receive data: 9
[ 29555][E][WiFiUdp.cpp:221] parsePacket(): could not receive data: 9
[ 29560][E][WiFiUdp.cpp:221] parsePacket(): could not receive data: 9
[ 29567][E][WiFiUdp.cpp:221] parsePacket(): could not receive data: 9
[ 29573][E][WiFiUdp.cpp:221] parsePacket(): could not receive data: 9
[ 29578][E][WiFiUdp.cpp:221] parsePacket(): could not receive data: 9
[ 29584][E][WiFiUdp.cpp:221] parsePacket(): could not receive data: 9
[ 29590][E][WiFiUdp.cpp:221] parsePacket(): could not receive data: 9
[ 29596][E][WiFiUdp.cpp:221] parsePacket(): could not receive data: 9
[ 29602][E][WiFiUdp.cpp:221] parsePacket(): could not receive data: 9
[ 29608][E][WiFiUdp.cpp:221] parsePacket(): could not receive data: 9
[ 29614][E][WiFiUdp.cpp:221] parsePacket(): could not receive data: 9
[ 29620][E][WiFiUdp.cpp:221] parsePacket(): could not receive data: 9
[ 29626][E][WiFiUdp.cpp:221] parsePacket(): could not receive data: 9
[ 29632][E][WiFiUdp.cpp:221] parsePacket(): could not receive data: 9
[ 29638][E][WiFiUdp.cpp:221] parsePacket(): could not receive data: 9
[ 29644][E][WiFiUdp.cpp:221] parsePacket(): could not receive data: 9
[ 29650][E][WiFiUdp.cpp:221] parsePacket(): could not receive data: 9
[ 29656][E][WiFiUdp.cpp:221] parsePacket(): could not receive data: 9
[ 29662][E][WiFiUdp.cpp:221] parsePacket(): could not receive data: 9
[ 29668][E][WiFiUdp.cpp:221] parsePacket(): could not receive data: 9
[ 29674][E][WiFiUdp.cpp:221] parsePacket(): could not receive data: 9
[ 29680][E][WiFiUdp.cpp:221] parsePacket(): could not receive data: 9
[ 29686][E][WiFiUdp.cpp:221] parsePacket(): could not receive data: 9
[ 29692][E][WiFiUdp.cpp:221] parsePacket(): could not receive data: 9
[ 29699][E][WiFiUdp.cpp:221] parsePacket(): could not receive data: 9
[ 29704][E][WiFiUdp.cpp:221] parsePacket(): could not receive data: 9
[ 29710][E][WiFiUdp.cpp:221] parsePacket(): could not receive data: 9
[ 29716][E][WiFiUdp.cpp:221] parsePacket(): could not receive data: 9
[ 29723][E][WiFiUdp.cpp:221] parsePacket(): could not receive data: 9
[ 29728][E][WiFiUdp.cpp:221] parsePacket(): could not receive data: 9
[ 29734][E][WiFiUdp.cpp:221] parsePacket(): could not receive data: 9
[ 29740][E][WiFiUdp.cpp:221] parsePacket(): could not receive data: 9
[ 29746][E][WiFiUdp.cpp:221] parsePacket(): could not receive data: 9
[ 29752][E][WiFiUdp.cpp:221] parsePacket(): could not receive data: 9
[ 29758][E][WiFiUdp.cpp:221] parsePacket(): could not receive data: 9
[ 29764][E][WiFiUdp.cpp:221] parsePacket(): could not receive data: 9
[ 29770][E][WiFiUdp.cpp:221] parsePacket(): could not receive data: 9
[ 29776][E][WiFiUdp.cpp:221] parsePacket(): could not receive data: 9
[ 29782][E][WiFiUdp.cpp:221] parsePacket(): could not receive data: 9
[ 29788][E][WiFiUdp.cpp:221] parsePacket(): could not receive data: 9
[ 29794][E][WiFiUdp.cpp:221] parsePacket(): could not receive data: 9
[ 29800][E][WiFiUdp.cpp:221] parsePacket(): could not receive data: 9
[ 29806][E][WiFiUdp.cpp:221] parsePacket(): could not receive data: 9
[ 29812][E][WiFiUdp.cpp:221] parsePacket(): could not receive data: 9
[ 29818][E][WiFiUdp.cpp:221] parsePacket(): could not receive data: 9
[ 29824][E][WiFiUdp.cpp:221] parsePacket(): could not receive data: 9
[ 29830][E][WiFiUdp.cpp:221] parsePacket(): could not receive data: 9
[ 29836][E][WiFiUdp.cpp:221] parsePacket(): could not receive data: 9
[ 29842][E][WiFiUdp.cpp:221] parsePacket(): could not receive data: 9
[ 29848][E][WiFiUdp.cpp:221] parsePacket(): could not receive data: 9
[ 29854][E][WiFiUdp.cpp:221] parsePacket(): could not receive data: 9
[ 29860][E][WiFiUdp.cpp:221] parsePacket(): could not receive data: 9
[ 29866][E][WiFiUdp.cpp:221] parsePacket(): could not receive data: 9
[ 29872][E][WiFiUdp.cpp:221] parsePacket(): could not receive data: 9
[ 29878][E][WiFiUdp.cpp:221] parsePacket(): could not receive data: 9
[ 29884][E][WiFiUdp.cpp:221] parsePacket(): could not receive data: 9
[ 29890][E][WiFiUdp.cpp:221] parsePacket(): could not receive data: 9
[ 29896][E][WiFiUdp.cpp:221] parsePacket(): could not receive data: 9
[ 29902][E][WiFiUdp.cpp:221] parsePacket(): could not receive data: 9
[ 29908][E][WiFiUdp.cpp:221] parsePacket(): could not receive data: 9
[ 29914][E][WiFiUdp.cpp:221] parsePacket(): could not receive data: 9
[ 29920][E][WiFiUdp.cpp:221] parsePacket(): could not receive data: 9
[ 29926][E][WiFiUdp.cpp:221] parsePacket(): could not receive data: 9
[ 29932][E][WiFiUdp.cpp:221] parsePacket(): could not receive data: 9
[ 29938][E][WiFiUdp.cpp:221] parsePacket(): could not receive data: 9
[ 29944][E][WiFiUdp.cpp:221] parsePacket(): could not receive data: 9
[ 29951][E][WiFiUdp.cpp:221] parsePacket(): could not receive data: 9
[ 29956][E][WiFiUdp.cpp:221] parsePacket(): could not receive data: 9
[ 29963][E][WiFiUdp.cpp:221] parsePacket(): could not receive data: 9
[ 29968][E][WiFiUdp.cpp:221] parsePacket(): could not receive data: 9
[ 29974][E][WiFiUdp.cpp:221] parsePacket(): could not receive data: 9
[ 29980][E][WiFiUdp.cpp:221] parsePacket(): could not receive data: 9
[ 29986][E][WiFiUdp.cpp:221] parsePacket(): could not receive data: 9
[ 29992][E][WiFiUdp.cpp:221] parsePacket(): could not receive data: 9
[ 29998][E][WiFiUdp.cpp:221] parsePacket(): could not receive data: 9
[ 32767][E][WiFiUdp.cpp:221] parsePacket(): could not receive data: 9
[CON ]...accept() fd=50 free=132788
[CON ]...Client authenticated on port 2323. free heap=125956
-[ 32788][E][WiFiUdp.cpp:221] parsePacket(): could not receive data: 9
-[ 32794][E][WiFiUdp.cpp:221] parsePacket(): could not receive data: 9
i[ 32800][E][WiFiUdp.cpp:221] parsePacket(): could not receive data: 9
n[ 32806][E][WiFiUdp.cpp:221] parsePacket(): could not receive data: 9
f[ 32812][E][WiFiUdp.cpp:221] parsePacket(): could not receive data: 9
o[ 32818][E][WiFiUdp.cpp:221] parsePacket(): could not receive data: 9
[ 32824][E][WiFiUdp.cpp:221] parsePacket(): could not receive data: 9

--MeshCom 4.35t (build: Sep 26 2026 / 22:38:56)
...UPDATE: 
...Call: <TE5T-1> ...ID 00000000 ...NODE 39 <EBYTE_E22> ...UTC-OFF 1.000000 [CPU]
...BATT 4.10 V ...BATT 85 % ...MAXV 4.200 V
...TIME 32833 ms
...Flash-Version 20260724
...NOMSGALL off ...MESH off ...BUTTON (12) off ...SOFTSER off ... SOFTSERREAD off
...PASSWD <>
...DEBUG man ...DEBUG en
...DEBUG off ...LORADEBUG off ...GPSDEBUG off/0 ...SOFTSERDEBUG off
...WXDEBUG off ...BLEDEBUG off
...DisplayInfo off ...DisplayCont off ...DisplyLog off ...contrast 255 ...ackinfo off
...EXTUDP off ...EXT IP none ...NOPMOTHER off
...BTCODE 000000
...APRSMC: APRSMC
...ATXT: 
...NAME: 
...BLE : short
...DISPLAY on
...CTRY EU8
...FREQ 433.1750 MHz TXPWR 17 dBm RXBOOST off
...MAXHOP text 4 / pos 2

...Webserver  on / Webpwd <> / Gateway off 
...NETConsole on (port 2323)
...KISS/TCP   off / TX off / RxMeta off / Auth off
...WIFI-AP    off
...SSID <none> / PASSWORD <***>
...NETWORK Mode:WiFi
...hasIpAddress: yes
...IP address   : 10.0.2.15
...SUBNET-MASK  : 255.255.255.0
...GW address   : 10.0.2.5
...DNS address  : 
...UDP-HBeat : 32840
[ 32841][E][WiFiUdp.cpp:221] parsePacket(): could not receive data: 9
[CON ]...Client disconnected. free heap=134852
[ 32848][E][WiFiUdp.cpp:221] parsePacket(): could not receive data: 9
[ 32854][E][WiFiUdp.cpp:221] parsePacket(): could not receive data: 9
[ 32860][E][WiFiUdp.cpp:221] parsePacket(): could not receive data: 9
[ 32866][E][WiFiUdp.cpp:221] parsePacket(): could not receive data: 9
[ 32872][E][WiFiUdp.cpp:221] parsePacket(): could not receive data: 9
[ 32878][E][WiFiUdp.cpp:221] parsePacket(): could not receive data: 9
[ 32884][E][WiFiUdp.cpp:221] parsePacket(): could not receive data: 9
[ 32890][E][WiFiUdp.cpp:221] parsePacket(): could not receive data: 9
[ 32896][E][WiFiUdp.cpp:221] parsePacket(): could not receive data: 9
[ 32902][E][WiFiUdp.cpp:221] parsePacket(): could not receive data: 9
[ 32908][E][WiFiUdp.cpp:221] parsePacket(): could not receive data: 9
[ 32914][E][WiFiUdp.cpp:221] parsePacket(): could not receive data: 9
[ 32920][E][WiFiUdp.cpp:221] parsePacket(): could not receive data: 9
[ 32926][E][WiFiUdp.cpp:221] parsePacket(): could not receive data: 9
[ 32932][E][WiFiUdp.cpp:221] parsePacket(): could not receive data: 9
[ 32938][E][WiFiUdp.cpp:221] parsePacket(): could not receive data: 9
[ 32944][E][WiFiUdp.cpp:221] parsePacket(): could not receive data: 9
[ 32950][E][WiFiUdp.cpp:221] parsePacket(): could not receive data: 9
[ 32956][E][WiFiUdp.cpp:221] parsePacket(): could not receive data: 9
[ 32962][E][WiFiUdp.cpp:221] parsePacket(): could not receive data: 9
[ 32967][E][WiFiUdp.cpp:221] parsePacket(): could not receive data: 9
[ 32974][E][WiFiUdp.cpp:221] parsePacket(): could not receive data: 9
[ 32980][E][WiFiUdp.cpp:221] parsePacket(): could not receive data: 9
[ 32986][E][WiFiUdp.cpp:221] parsePacket(): could not receive data: 9
[ 32992][E][WiFiUdp.cpp:221] parsePacket(): could not receive data: 9
[ 32998][E][WiFiUdp.cpp:221] parsePacket(): could not receive data: 9
[ 33004][E][WiFiUdp.cpp:221] parsePacket(): could not receive data: 9
[ 33011][E][WiFiUdp.cpp:221] parsePacket(): could not receive data: 9
[ 33019][E][WiFiUdp.cpp:221] parsePacket(): could not receive data: 9
[ 33026][E][WiFiUdp.cpp:221] parsePacket(): could not receive data: 9
[ 33033][E][WiFiUdp.cpp:221] parsePacket(): could not receive data: 9
[ 33040][E][WiFiUdp.cpp:221] parsePacket(): could not receive data: 9
[ 33046][E][WiFiUdp.cpp:221] parsePacket(): could not receive data: 9
[ 33052][E][WiFiUdp.cpp:221] parsePacket(): could not receive data: 9
[ 33058][E][WiFiUdp.cpp:221] parsePacket(): could not receive data: 9
[ 33065][E][WiFiUdp.cpp:221] parsePacket(): could not receive data: 9
[ 33072][E][WiFiUdp.cpp:221] parsePacket(): could not receive data: 9
[ 33079][E][WiFiUdp.cpp:221] parsePacket(): could not receive data: 9
[ 33085][E][WiFiUdp.cpp:221] parsePacket(): could not receive data: 9
[ 33092][E][WiFiUdp.cpp:221] parsePacket(): could not receive data: 9
[ 33099][E][WiFiUdp.cpp:221] parsePacket(): could not receive data: 9
[ 33107][E][WiFiUdp.cpp:221] parsePacket(): could not receive data: 9
[ 33114][E][WiFiUdp.cpp:221] parsePacket(): could not receive data: 9
[ 33122][E][WiFiUdp.cpp:221] parsePacket(): could not receive data: 9
[ 33131][E][WiFiUdp.cpp:221] parsePacket(): could not receive data: 9
[ 33139][E][WiFiUdp.cpp:221] parsePacket(): could not receive data: 9
[ 33147][E][WiFiUdp.cpp:221] parsePacket(): could not receive data: 9
[ 33155][E][WiFiUdp.cpp:221] parsePacket(): could not receive data: 9
[ 33163][E][WiFiUdp.cpp:221] parsePacket(): could not receive data: 9
[ 33169][E][WiFiUdp.cpp:221] parsePacket(): could not receive data: 9
[ 33175][E][WiFiUdp.cpp:221] parsePacket(): could not receive data: 9
[ 33182][E][WiFiUdp.cpp:221] parsePacket(): could not receive data: 9
[ 33188][E][WiFiUdp.cpp:221] parsePacket(): could not receive data: 9
[ 33194][E][WiFiUdp.cpp:221] parsePacket(): could not receive data: 9
[ 33200][E][WiFiUdp.cpp:221] parsePacket(): could not receive data: 9
[ 33206][E][WiFiUdp.cpp:221] parsePacket(): could not receive data: 9
[ 33212][E][WiFiUdp.cpp:221] parsePacket(): could not receive data: 9
[ 33218][E][WiFiUdp.cpp:221] parsePacket(): could not receive data: 9
[ 33224][E][WiFiUdp.cpp:221] parsePacket(): could not receive data: 9
[ 33230][E][WiFiUdp.cpp:221] parsePacket(): could not receive data: 9
[ 33236][E][WiFiUdp.cpp:221] parsePacket(): could not receive data: 9
[ 33242][E][WiFiUdp.cpp:221] parsePacket(): could not receive data: 9
[ 33248][E][WiFiUdp.cpp:221] parsePacket(): could not receive data: 9
[ 33254][E][WiFiUdp.cpp:221] parsePacket(): could not receive data: 9
[ 33260][E][WiFiUdp.cpp:221] parsePacket(): could not receive data: 9
[ 33266][E][WiFiUdp.cpp:221] parsePacket(): could not receive data: 9
[ 33272][E][WiFiUdp.cpp:221] parsePacket(): could not receive data: 9
[ 33278][E][WiFiUdp.cpp:221] parsePacket(): could not receive data: 9
[ 33284][E][WiFiUdp.cpp:221] parsePacket(): could not receive data: 9
[ 33290][E][WiFiUdp.cpp:221] parsePacket(): could not receive data: 9
[ 33295][E][WiFiUdp.cpp:221] parsePacket(): could not receive data: 9
[ 33301][E][WiFiUdp.cpp:221] parsePacket(): could not receive data: 9
[ 33307][E][WiFiUdp.cpp:221] parsePacket(): could not receive data: 9
[ 33313][E][WiFiUdp.cpp:221] parsePacket(): could not receive data: 9
[ 33319][E][WiFiUdp.cpp:221] parsePacket(): could not receive data: 9
[ 33325][E][WiFiUdp.cpp:221] parsePacket(): could not receive data: 9
[ 33331][E][WiFiUdp.cpp:221] parsePacket(): could not receive data: 9
[ 33337][E][WiFiUdp.cpp:221] parsePacket(): could not receive data: 9
[ 33343][E][WiFiUdp.cpp:221] parsePacket(): could not receive data: 9
[ 33348][E][WiFiUdp.cpp:221] parsePacket(): could not receive data: 9
[ 33355][E][WiFiUdp.cpp:221] parsePacket(): could not receive data: 9
[ 33361][E][WiFiUdp.cpp:221] parsePacket(): could not receive data: 9
[ 33367][E][WiFiUdp.cpp:221] parsePacket(): could not receive data: 9
[ 33373][E][WiFiUdp.cpp:221] parsePacket(): could not receive data: 9
[ 33379][E][WiFiUdp.cpp:221] parsePacket(): could not receive data: 9
[ 33385][E][WiFiUdp.cpp:221] parsePacket(): could not receive data: 9
[ 33390][E][WiFiUdp.cpp:221] parsePacket(): could not receive data: 9
[ 33397][E][WiFiUdp.cpp:221] parsePacket(): could not receive data: 9
[ 33402][E][WiFiUdp.cpp:221] parsePacket(): could not receive data: 9
[ 33408][E][WiFiUdp.cpp:221] parsePacket(): could not receive data: 9
[ 33414][E][WiFiUdp.cpp:221] parsePacket(): could not receive data: 9
[ 33421][E][WiFiUdp.cpp:221] parsePacket(): could not receive data: 9
[ 33427][E][WiFiUdp.cpp:221] parsePacket(): could not receive data: 9
[ 33433][E][WiFiUdp.cpp:221] parsePacket(): could not receive data: 9
[ 33439][E][WiFiUdp.cpp:221] parsePacket(): could not receive data: 9
[ 33445][E][WiFiUdp.cpp:221] parsePacket(): could not receive data: 9
[ 33451][E][WiFiUdp.cpp:221] parsePacket(): could not receive data: 9
[ 33457][E][WiFiUdp.cpp:221] parsePacket(): could not receive data: 9
[ 33463][E][WiFiUdp.cpp:221] parsePacket(): could not receive data: 9
[ 33469][E][WiFiUdp.cpp:221] parsePacket(): could not receive data: 9
[ 33475][E][WiFiUdp.cpp:221] parsePacket(): could not receive data: 9
[ 33481][E][WiFiUdp.cpp:221] parsePacket(): could not receive data: 9
[ 33488][E][WiFiUdp.cpp:221] parsePacket(): could not receive data: 9
[ 33494][E][WiFiUdp.cpp:221] parsePacket(): could not receive data: 9
[ 33500][E][WiFiUdp.cpp:221] parsePacket(): could not receive data: 9
[ 33506][E][WiFiUdp.cpp:221] parsePacket(): could not receive data: 9
[ 33512][E][WiFiUdp.cpp:221] parsePacket(): could not receive data: 9
[ 33517][E][WiFiUdp.cpp:221] parsePacket(): could not receive data: 9
[ 33524][E][WiFiUdp.cpp:221] parsePacket(): could not receive data: 9
[ 33530][E][WiFiUdp.cpp:221] parsePacket(): could not receive data: 9
[ 33535][E][WiFiUdp.cpp:221] parsePacket(): could not receive data: 9
[ 33542][E][WiFiUdp.cpp:221] parsePacket(): could not receive data: 9
[ 33548][E][WiFiUdp.cpp:221] parsePacket(): could not receive data: 9
[ 33554][E][WiFiUdp.cpp:221] parsePacket(): could not receive data: 9
[ 33560][E][WiFiUdp.cpp:221] parsePacket(): could not receive data: 9
[ 33566][E][WiFiUdp.cpp:221] parsePacket(): could not receive data: 9
[ 33573][E][WiFiUdp.cpp:221] parsePacket(): could not receive data: 9
[ 33580][E][WiFiUdp.cpp:221] parsePacket(): could not receive data: 9
[ 33587][E][WiFiUdp.cpp:221] parsePacket(): could not receive data: 9
[ 33594][E][WiFiUdp.cpp:221] parsePacket(): could not receive data: 9
[ 33601][E][WiFiUdp.cpp:221] parsePacket(): could not receive data: 9
[ 33608][E][WiFiUdp.cpp:221] parsePacket(): could not receive data: 9
[ 33615][E][WiFiUdp.cpp:221] parsePacket(): could not receive data: 9
[ 33622][E][WiFiUdp.cpp:221] parsePacket(): could not receive data: 9
[ 33629][E][WiFiUdp.cpp:221] parsePacket(): could not receive data: 9
[ 33636][E][WiFiUdp.cpp:221] parsePacket(): could not receive data: 9
[ 33643][E][WiFiUdp.cpp:221] parsePacket(): could not receive data: 9
[ 33650][E][WiFiUdp.cpp:221] parsePacket(): could not receive data: 9
[ 33657][E][WiFiUdp.cpp:221] parsePacket(): could not receive data: 9
[ 33664][E][WiFiUdp.cpp:221] parsePacket(): could not receive data: 9
[ 33670][E][WiFiUdp.cpp:221] parsePacket(): could not receive data: 9
[ 33676][E][WiFiUdp.cpp:221] parsePacket(): could not receive data: 9
[ 33681][E][WiFiUdp.cpp:221] parsePacket(): could not receive data: 9
[ 33688][E][WiFiUdp.cpp:221] parsePacket(): could not receive data: 9
[ 33694][E][WiFiUdp.cpp:221] parsePacket(): could not receive data: 9
[ 33700][E][WiFiUdp.cpp:221] parsePacket(): could not receive data: 9
[ 33706][E][WiFiUdp.cpp:221] parsePacket(): could not receive data: 9
[ 33712][E][WiFiUdp.cpp:221] parsePacket(): could not receive data: 9
[ 33719][E][WiFiUdp.cpp:221] parsePacket(): could not receive data: 9
[ 33726][E][WiFiUdp.cpp:221] parsePacket(): could not receive data: 9
[ 33733][E][WiFiUdp.cpp:221] parsePacket(): could not receive data: 9
[ 33740][E][WiFiUdp.cpp:221] parsePacket(): could not receive data: 9
[ 33747][E][WiFiUdp.cpp:221] parsePacket(): could not receive data: 9
[ 33754][E][WiFiUdp.cpp:221] parsePacket(): could not receive data: 9
[ 33761][E][WiFiUdp.cpp:221] parsePacket(): could not receive data: 9
[ 33768][E][WiFiUdp.cpp:221] parsePacket(): could not receive data: 9
[ 33775][E][WiFiUdp.cpp:221] parsePacket(): could not receive data: 9
[ 33782][E][WiFiUdp.cpp:221] parsePacket(): could not receive data: 9
[ 33789][E][WiFiUdp.cpp:221] parsePacket(): could not receive data: 9
[ 33796][E][WiFiUdp.cpp:221] parsePacket(): could not receive data: 9
[ 33803][E][WiFiUdp.cpp:221] parsePacket(): could not receive data: 9
[ 33810][E][WiFiUdp.cpp:221] parsePacket(): could not receive data: 9
[ 33817][E][WiFiUdp.cpp:221] parsePacket(): could not receive data: 9
[ 33824][E][WiFiUdp.cpp:221] parsePacket(): could not receive data: 9
[ 33831][E][WiFiUdp.cpp:221] parsePacket(): could not receive data: 9
[ 33838][E][WiFiUdp.cpp:221] parsePacket(): could not receive data: 9
[ 33845][E][WiFiUdp.cpp:221] parsePacket(): could not receive data: 9
[ 33852][E][WiFiUdp.cpp:221] parsePacket(): could not receive data: 9
[ 33859][E][WiFiUdp.cpp:221] parsePacket(): could not receive data: 9
[ 33866][E][WiFiUdp.cpp:221] parsePacket(): could not receive data: 9
[ 33873][E][WiFiUdp.cpp:221] parsePacket(): could not receive data: 9
[ 33880][E][WiFiUdp.cpp:221] parsePacket(): could not receive data: 9
[ 33886][E][WiFiUdp.cpp:221] parsePacket(): could not receive data: 9
[ 33892][E][WiFiUdp.cpp:221] parsePacket(): could not receive data: 9
[ 33898][E][WiFiUdp.cpp:221] parsePacket(): could not receive data: 9
[ 33904][E][WiFiUdp.cpp:221] parsePacket(): could not receive data: 9
[ 33911][E][WiFiUdp.cpp:221] parsePacket(): could not receive data: 9
[ 33917][E][WiFiUdp.cpp:221] parsePacket(): could not receive data: 9
[ 33924][E][WiFiUdp.cpp:221] parsePacket(): could not receive data: 9
[ 33931][E][WiFiUdp.cpp:221] parsePacket(): could not receive data: 9
[ 33938][E][WiFiUdp.cpp:221] parsePacket(): could not receive data: 9
[ 33945][E][WiFiUdp.cpp:221] parsePacket(): could not receive data: 9
[ 33952][E][WiFiUdp.cpp:221] parsePacket(): could not receive data: 9
[ 33959][E][WiFiUdp.cpp:221] parsePacket(): could not receive data: 9
[ 33966][E][WiFiUdp.cpp:221] parsePacket(): could not receive data: 9
[ 33973][E][WiFiUdp.cpp:221] parsePacket(): could not receive data: 9
[ 33980][E][WiFiUdp.cpp:221] parsePacket(): could not receive data: 9
[ 33987][E][WiFiUdp.cpp:221] parsePacket(): could not receive data: 9
[ 33994][E][WiFiUdp.cpp:221] parsePacket(): could not receive data: 9
[ 34001][E][WiFiUdp.cpp:221] parsePacket(): could not receive data: 9
[ 34008][E][WiFiUdp.cpp:221] parsePacket(): could not receive data: 9
[ 34015][E][WiFiUdp.cpp:221] parsePacket(): could not receive data: 9
[ 34022][E][WiFiUdp.cpp:221] parsePacket(): could not receive data: 9
[ 34029][E][WiFiUdp.cpp:221] parsePacket(): could not receive data: 9
[ 34036][E][WiFiUdp.cpp:221] parsePacket(): could not receive data: 9
[ 34068][E][WiFiUdp.cpp:221] parsePacket(): could not receive data: 9
[ 34077][E][WiFiUdp.cpp:221] parsePacket(): could not receive data: 9
[ 34085][E][WiFiUdp.cpp:221] parsePacket(): could not receive data: 9
[ 34091][E][WiFiUdp.cpp:221] parsePacket(): could not receive data: 9
[ 34097][E][WiFiUdp.cpp:221] parsePacket(): could not receive data: 9
[ 34104][E][WiFiUdp.cpp:221] parsePacket(): could not receive data: 9
[ 34111][E][WiFiUdp.cpp:221] parsePacket(): could not receive data: 9
[ 34118][E][WiFiUdp.cpp:221] parsePacket(): could not receive data: 9
[ 34125][E][WiFiUdp.cpp:221] parsePacket(): could not receive data: 9
[ 34132][E][WiFiUdp.cpp:221] parsePacket(): could not receive data: 9
[ 34140][E][WiFiUdp.cpp:221] parsePacket(): could not receive data: 9
[ 34149][E][WiFiUdp.cpp:221] parsePacket(): could not receive data: 9
[ 34157][E][WiFiUdp.cpp:221] parsePacket(): could not receive data: 9
[ 34164][E][WiFiUdp.cpp:221] parsePacket(): could not receive data: 9
[ 34171][E][WiFiUdp.cpp:221] parsePacket(): could not receive data: 9
[ 34178][E][WiFiUdp.cpp:221] parsePacket(): could not receive data: 9
[ 34185][E][WiFiUdp.cpp:221] parsePacket(): could not receive data: 9
[ 34192][E][WiFiUdp.cpp:221] parsePacket(): could not receive data: 9
[ 34199][E][WiFiUdp.cpp:221] parsePacket(): could not receive data: 9
[ 34206][E][WiFiUdp.cpp:221] parsePacket(): could not receive data: 9
[ 34213][E][WiFiUdp.cpp:221] parsePacket(): could not receive data: 9
[ 34220][E][WiFiUdp.cpp:221] parsePacket(): could not receive data: 9
[ 34227][E][WiFiUdp.cpp:221] parsePacket(): could not receive data: 9
[ 34234][E][WiFiUdp.cpp:221] parsePacket(): could not receive data: 9
[ 34241][E][WiFiUdp.cpp:221] parsePacket(): could not receive data: 9
[ 34248][E][WiFiUdp.cpp:221] parsePacket(): could not receive data: 9
[ 34254][E][WiFiUdp.cpp:221] parsePacket(): could not receive data: 9
[ 34261][E][WiFiUdp.cpp:221] parsePacket(): could not receive data: 9
[ 34268][E][WiFiUdp.cpp:221] parsePacket(): could not receive data: 9
[ 34275][E][WiFiUdp.cpp:221] parsePacket(): could not receive data: 9
[ 34282][E][WiFiUdp.cpp:221] parsePacket(): could not receive data: 9
[ 34289][E][WiFiUdp.cpp:221] parsePacket(): could not receive data: 9
[ 34296][E][WiFiUdp.cpp:221] parsePacket(): could not receive data: 9
[ 34303][E][WiFiUdp.cpp:221] parsePacket(): could not receive data: 9
[ 34310][E][WiFiUdp.cpp:221] parsePacket(): could not receive data: 9
[ 34317][E][WiFiUdp.cpp:221] parsePacket(): could not receive data: 9
[ 34324][E][WiFiUdp.cpp:221] parsePacket(): could not receive data: 9
[ 34331][E][WiFiUdp.cpp:221] parsePacket(): could not receive data: 9
[ 34338][E][WiFiUdp.cpp:221] parsePacket(): could not receive data: 9
[ 34345][E][WiFiUdp.cpp:221] parsePacket(): could not receive data: 9
[ 34352][E][WiFiUdp.cpp:221] parsePacket(): could not receive data: 9
[ 34359][E][WiFiUdp.cpp:221] parsePacket(): could not receive data: 9
[ 34366][E][WiFiUdp.cpp:221] parsePacket(): could not receive data: 9
[ 34373][E][WiFiUdp.cpp:221] parsePacket(): could not receive data: 9
[ 34380][E][WiFiUdp.cpp:221] parsePacket(): could not receive data: 9
[ 34387][E][WiFiUdp.cpp:221] parsePacket(): could not receive data: 9
[ 34394][E][WiFiUdp.cpp:221] parsePacket(): could not receive data: 9
[ 34401][E][WiFiUdp.cpp:221] parsePacket(): could not receive data: 9
[ 34408][E][WiFiUdp.cpp:221] parsePacket(): could not receive data: 9
[ 34415][E][WiFiUdp.cpp:221] parsePacket(): could not receive data: 9
[ 34422][E][WiFiUdp.cpp:221] parsePacket(): could not receive data: 9
[ 34429][E][WiFiUdp.cpp:221] parsePacket(): could not receive data: 9
[ 34436][E][WiFiUdp.cpp:221] parsePacket(): could not receive data: 9
[ 34443][E][WiFiUdp.cpp:221] parsePacket(): could not receive data: 9
[ 34450][E][WiFiUdp.cpp:221] parsePacket(): could not receive data: 9
[ 34457][E][WiFiUdp.cpp:221] parsePacket(): could not receive data: 9
[ 34464][E][WiFiUdp.cpp:221] parsePacket(): could not receive data: 9
[ 34471][E][WiFiUdp.cpp:221] parsePacket(): could not receive data: 9
[ 34478][E][WiFiUdp.cpp:221] parsePacket(): could not receive data: 9
[ 34485][E][WiFiUdp.cpp:221] parsePacket(): could not receive data: 9
[ 34493][E][WiFiUdp.cpp:221] parsePacket(): could not receive data: 9
[ 34501][E][WiFiUdp.cpp:221] parsePacket(): could not receive data: 9
[ 34511][E][WiFiUdp.cpp:221] parsePacket(): could not receive data: 9
[ 34519][E][WiFiUdp.cpp:221] parsePacket(): could not receive data: 9
[ 34526][E][WiFiUdp.cpp:221] parsePacket(): could not receive data: 9
[ 34532][E][WiFiUdp.cpp:221] parsePacket(): could not receive data: 9
[ 34541][E][WiFiUdp.cpp:221] parsePacket(): could not receive data: 9
[ 34549][E][WiFiUdp.cpp:221] parsePacket(): could not receive data: 9
[ 34557][E][WiFiUdp.cpp:221] parsePacket(): could not receive data: 9
[ 34564][E][WiFiUdp.cpp:221] parsePacket(): could not receive data: 9
[ 34571][E][WiFiUdp.cpp:221] parsePacket(): could not receive data: 9
[ 34577][E][WiFiUdp.cpp:221] parsePacket(): could not receive data: 9
[ 34583][E][WiFiUdp.cpp:221] parsePacket(): could not receive data: 9
[ 34589][E][WiFiUdp.cpp:221] parsePacket(): could not receive data: 9
[ 34595][E][WiFiUdp.cpp:221] parsePacket(): could not receive data: 9
[ 34601][E][WiFiUdp.cpp:221] parsePacket(): could not receive data: 9
[ 34607][E][WiFiUdp.cpp:221] parsePacket(): could not receive data: 9
[ 34613][E][WiFiUdp.cpp:221] parsePacket(): could not receive data: 9
[ 34619][E][WiFiUdp.cpp:221] parsePacket(): could not receive data: 9
[ 34624][E][WiFiUdp.cpp:221] parsePacket(): could not receive data: 9
[ 34630][E][WiFiUdp.cpp:221] parsePacket(): could not receive data: 9
[ 34637][E][WiFiUdp.cpp:221] parsePacket(): could not receive data: 9
[ 34643][E][WiFiUdp.cpp:221] parsePacket(): could not receive data: 9
[ 34649][E][WiFiUdp.cpp:221] parsePacket(): could not receive data: 9
[ 34655][E][WiFiUdp.cpp:221] parsePacket(): could not receive data: 9
[ 34662][E][WiFiUdp.cpp:221] parsePacket(): could not receive data: 9
[ 34669][E][WiFiUdp.cpp:221] parsePacket(): could not receive data: 9
[ 34676][E][WiFiUdp.cpp:221] parsePacket(): could not receive data: 9
[ 34683][E][WiFiUdp.cpp:221] parsePacket(): could not receive data: 9
[ 34689][E][WiFiUdp.cpp:221] parsePacket(): could not receive data: 9
[ 34695][E][WiFiUdp.cpp:221] parsePacket(): could not receive data: 9
[ 34701][E][WiFiUdp.cpp:221] parsePacket(): could not receive data: 9
[ 34707][E][WiFiUdp.cpp:221] parsePacket(): could not receive data: 9
[ 34714][E][WiFiUdp.cpp:221] parsePacket(): could not receive data: 9
[ 34721][E][WiFiUdp.cpp:221] parsePacket(): could not receive data: 9
[ 34728][E][WiFiUdp.cpp:221] parsePacket(): could not receive data: 9
[ 34735][E][WiFiUdp.cpp:221] parsePacket(): could not receive data: 9
[ 34742][E][WiFiUdp.cpp:221] parsePacket(): could not receive data: 9
[ 34749][E][WiFiUdp.cpp:221] parsePacket(): could not receive data: 9
[ 34755][E][WiFiUdp.cpp:221] parsePacket(): could not receive data: 9
[ 34761][E][WiFiUdp.cpp:221] parsePacket(): could not receive data: 9
[ 34767][E][WiFiUdp.cpp:221] parsePacket(): could not receive data: 9
[ 34774][E][WiFiUdp.cpp:221] parsePacket(): could not receive data: 9
[ 34782][E][WiFiUdp.cpp:221] parsePacket(): could not receive data: 9
[ 34789][E][WiFiUdp.cpp:221] parsePacket(): could not receive data: 9
[ 34796][E][WiFiUdp.cpp:221] parsePacket(): could not receive data: 9
[ 34803][E][WiFiUdp.cpp:221] parsePacket(): could not receive data: 9
[ 34810][E][WiFiUdp.cpp:221] parsePacket(): could not receive data: 9
[ 34817][E][WiFiUdp.cpp:221] parsePacket(): could not receive data: 9
[ 34824][E][WiFiUdp.cpp:221] parsePacket(): could not receive data: 9
[ 34831][E][WiFiUdp.cpp:221] parsePacket(): could not receive data: 9
[ 34838][E][WiFiUdp.cpp:221] parsePacket(): could not receive data: 9
[ 34847][E][WiFiUdp.cpp:221] parsePacket(): could not receive data: 9
[ 34855][E][WiFiUdp.cpp:221] parsePacket(): could not receive data: 9
[ 34862][E][WiFiUdp.cpp:221] parsePacket(): could not receive data: 9
[ 34869][E][WiFiUdp.cpp:221] parsePacket(): could not receive data: 9
[ 34876][E][WiFiUdp.cpp:221] parsePacket(): could not receive data: 9
[ 34883][E][WiFiUdp.cpp:221] parsePacket(): could not receive data: 9
[ 34890][E][WiFiUdp.cpp:221] parsePacket(): could not receive data: 9
[ 34897][E][WiFiUdp.cpp:221] parsePacket(): could not receive data: 9
[ 34904][E][WiFiUdp.cpp:221] parsePacket(): could not receive data: 9
[ 34911][E][WiFiUdp.cpp:221] parsePacket(): could not receive data: 9
[ 34918][E][WiFiUdp.cpp:221] parsePacket(): could not receive data: 9
[ 34926][E][WiFiUdp.cpp:221] parsePacket(): could not receive data: 9
[ 34935][E][WiFiUdp.cpp:221] parsePacket(): could not receive data: 9
[ 34942][E][WiFiUdp.cpp:221] parsePacket(): could not receive data: 9
[ 34951][E][WiFiUdp.cpp:221] parsePacket(): could not receive data: 9
[ 34960][E][WiFiUdp.cpp:221] parsePacket(): could not receive data: 9
[ 34969][E][WiFiUdp.cpp:221] parsePacket(): could not receive data: 9
[ 34978][E][WiFiUdp.cpp:221] parsePacket(): could not receive data: 9
[ 34986][E][WiFiUdp.cpp:221] parsePacket(): could not receive data: 9
[ 34993][E][WiFiUdp.cpp:221] parsePacket(): could not receive data: 9
[ 35000][E][WiFiUdp.cpp:221] parsePacket(): could not receive data: 9
[ 35007][E][WiFiUdp.cpp:221] parsePacket(): could not receive data: 9
[ 35014][E][WiFiUdp.cpp:221] parsePacket(): could not receive data: 9
[ 35021][E][WiFiUdp.cpp:221] parsePacket(): could not receive data: 9
[ 35028][E][WiFiUdp.cpp:221] parsePacket(): could not receive data: 9
[ 35035][E][WiFiUdp.cpp:221] parsePacket(): could not receive data: 9
[ 35042][E][WiFiUdp.cpp:221] parsePacket(): could not receive data: 9
[ 35049][E][WiFiUdp.cpp:221] parsePacket(): could not receive data: 9
[ 35058][E][WiFiUdp.cpp:221] parsePacket(): could not receive data: 9
[ 35066][E][WiFiUdp.cpp:221] parsePacket(): could not receive data: 9
[ 35074][E][WiFiUdp.cpp:221] parsePacket(): could not receive data: 9
[ 35082][E][WiFiUdp.cpp:221] parsePacket(): could not receive data: 9
[ 35090][E][WiFiUdp.cpp:221] parsePacket(): could not receive data: 9
[ 35097][E][WiFiUdp.cpp:221] parsePacket(): could not receive data: 9
[ 35105][E][WiFiUdp.cpp:221] parsePacket(): could not receive data: 9
[ 35113][E][WiFiUdp.cpp:221] parsePacket(): could not receive data: 9
[ 35121][E][WiFiUdp.cpp:221] parsePacket(): could not receive data: 9
[ 35128][E][WiFiUdp.cpp:221] parsePacket(): could not receive data: 9
[ 35135][E][WiFiUdp.cpp:221] parsePacket(): could not receive data: 9
[ 35142][E][WiFiUdp.cpp:221] parsePacket(): could not receive data: 9
[ 35148][E][WiFiUdp.cpp:221] parsePacket(): could not receive data: 9
[ 35156][E][WiFiUdp.cpp:221] parsePacket(): could not receive data: 9
[ 35164][E][WiFiUdp.cpp:221] parsePacket(): could not receive data: 9
[ 35172][E][WiFiUdp.cpp:221] parsePacket(): could not receive data: 9
[ 35179][E][WiFiUdp.cpp:221] parsePacket(): could not receive data: 9
[ 35186][E][WiFiUdp.cpp:221] parsePacket(): could not receive data: 9
[ 35193][E][WiFiUdp.cpp:221] parsePacket(): could not receive data: 9
[ 35200][E][WiFiUdp.cpp:221] parsePacket(): could not receive data: 9
[ 35207][E][WiFiUdp.cpp:221] parsePacket(): could not receive data: 9
[ 35214][E][WiFiUdp.cpp:221] parsePacket(): could not receive data: 9
[ 35221][E][WiFiUdp.cpp:221] parsePacket(): could not receive data: 9
[ 35228][E][WiFiUdp.cpp:221] parsePacket(): could not receive data: 9
[ 35234][E][WiFiUdp.cpp:221] parsePacket(): could not receive data: 9
[ 35241][E][WiFiUdp.cpp:221] parsePacket(): could not receive data: 9
[ 35248][E][WiFiUdp.cpp:221] parsePacket(): could not receive data: 9
[ 35254][E][WiFiUdp.cpp:221] parsePacket(): could not receive data: 9
[ 35260][E][WiFiUdp.cpp:221] parsePacket(): could not receive data: 9
[ 35266][E][WiFiUdp.cpp:221] parsePacket(): could not receive data: 9
[ 35272][E][WiFiUdp.cpp:221] parsePacket(): could not receive data: 9
[ 35278][E][WiFiUdp.cpp:221] parsePacket(): could not receive data: 9
[ 35284][E][WiFiUdp.cpp:221] parsePacket(): could not receive data: 9
[ 35290][E][WiFiUdp.cpp:221] parsePacket(): could not receive data: 9
[ 35296][E][WiFiUdp.cpp:221] parsePacket(): could not receive data: 9
[ 35305][E][WiFiUdp.cpp:221] parsePacket(): could not receive data: 9
[ 35313][E][WiFiUdp.cpp:221] parsePacket(): could not receive data: 9
[ 35320][E][WiFiUdp.cpp:221] parsePacket(): could not receive data: 9
[ 35327][E][WiFiUdp.cpp:221] parsePacket(): could not receive data: 9
[ 35334][E][WiFiUdp.cpp:221] parsePacket(): could not receive data: 9
[ 35342][E][WiFiUdp.cpp:221] parsePacket(): could not receive data: 9
[ 35349][E][WiFiUdp.cpp:221] parsePacket(): could not receive data: 9
[ 35356][E][WiFiUdp.cpp:221] parsePacket(): could not receive data: 9
[ 35364][E][WiFiUdp.cpp:221] parsePacket(): could not receive data: 9
[ 35371][E][WiFiUdp.cpp:221] parsePacket(): could not receive data: 9
[ 35379][E][WiFiUdp.cpp:221] parsePacket(): could not receive data: 9
[ 35386][E][WiFiUdp.cpp:221] parsePacket(): could not receive data: 9
[ 35392][E][WiFiUdp.cpp:221] parsePacket(): could not receive data: 9
[ 35398][E][WiFiUdp.cpp:221] parsePacket(): could not receive data: 9
[ 35405][E][WiFiUdp.cpp:221] parsePacket(): could not receive data: 9
[ 35413][E][WiFiUdp.cpp:221] parsePacket(): could not receive data: 9
[ 35419][E][WiFiUdp.cpp:221] parsePacket(): could not receive data: 9
[ 35426][E][WiFiUdp.cpp:221] parsePacket(): could not receive data: 9
[ 35433][E][WiFiUdp.cpp:221] parsePacket(): could not receive data: 9
[ 35439][E][WiFiUdp.cpp:221] parsePacket(): could not receive data: 9
[ 35446][E][WiFiUdp.cpp:221] parsePacket(): could not receive data: 9
[ 35452][E][WiFiUdp.cpp:221] parsePacket(): could not receive data: 9
[ 35458][E][WiFiUdp.cpp:221] parsePacket(): could not receive data: 9
[ 35465][E][WiFiUdp.cpp:221] parsePacket(): could not receive data: 9
[ 35474][E][WiFiUdp.cpp:221] parsePacket(): could not receive data: 9
[ 35479][E][WiFiUdp.cpp:221] parsePacket(): could not receive data: 9
[ 35487][E][WiFiUdp.cpp:221] parsePacket(): could not receive data: 9
[ 35496][E][WiFiUdp.cpp:221] parsePacket(): could not receive data: 9
[ 35503][E][WiFiUdp.cpp:221] parsePacket(): could not receive data: 9
[ 35509][E][WiFiUdp.cpp:221] parsePacket(): could not receive data: 9
[ 35515][E][WiFiUdp.cpp:221] parsePacket(): could not receive data: 9
[ 35521][E][WiFiUdp.cpp:221] parsePacket(): could not receive data: 9
[ 35528][E][WiFiUdp.cpp:221] parsePacket(): could not receive data: 9
[ 35535][E][WiFiUdp.cpp:221] parsePacket(): could not receive data: 9
[ 35542][E][WiFiUdp.cpp:221] parsePacket(): could not receive data: 9
[ 35548][E][WiFiUdp.cpp:221] parsePacket(): could not receive data: 9
[ 35554][E][WiFiUdp.cpp:221] parsePacket(): could not receive data: 9
[ 35561][E][WiFiUdp.cpp:221] parsePacket(): could not receive data: 9
[ 35567][E][WiFiUdp.cpp:221] parsePacket(): could not receive data: 9
[ 35575][E][WiFiUdp.cpp:221] parsePacket(): could not receive data: 9
[ 35582][E][WiFiUdp.cpp:221] parsePacket(): could not receive data: 9
[ 35589][E][WiFiUdp.cpp:221] parsePacket(): could not receive data: 9
[ 35596][E][WiFiUdp.cpp:221] parsePacket(): could not receive data: 9
[ 35604][E][WiFiUdp.cpp:221] parsePacket(): could not receive data: 9
[ 35611][E][WiFiUdp.cpp:221] parsePacket(): could not receive data: 9
[ 35618][E][WiFiUdp.cpp:221] parsePacket(): could not receive data: 9
[ 35625][E][WiFiUdp.cpp:221] parsePacket(): could not receive data: 9
[ 35632][E][WiFiUdp.cpp:221] parsePacket(): could not receive data: 9
[ 35639][E][WiFiUdp.cpp:221] parsePacket(): could not receive data: 9
[ 35648][E][WiFiUdp.cpp:221] parsePacket(): could not receive data: 9
[ 35656][E][WiFiUdp.cpp:221] parsePacket(): could not receive data: 9
[ 35663][E][WiFiUdp.cpp:221] parsePacket(): could not receive data: 9
[ 35670][E][WiFiUdp.cpp:221] parsePacket(): could not receive data: 9
[ 35676][E][WiFiUdp.cpp:221] parsePacket(): could not receive data: 9
[ 35682][E][WiFiUdp.cpp:221] parsePacket(): could not receive data: 9
[ 35688][E][WiFiUdp.cpp:221] parsePacket(): could not receive data: 9
[ 35694][E][WiFiUdp.cpp:221] parsePacket(): could not receive data: 9
[ 35700][E][WiFiUdp.cpp:221] parsePacket(): could not receive data: 9
[ 35706][E][WiFiUdp.cpp:221] parsePacket(): could not receive data: 9
[ 35711][E][WiFiUdp.cpp:221] parsePacket(): could not receive data: 9
[ 35718][E][WiFiUdp.cpp:221] parsePacket(): could not receive data: 9
[ 35723][E][WiFiUdp.cpp:221] parsePacket(): could not receive data: 9
[ 35729][E][WiFiUdp.cpp:221] parsePacket(): could not receive data: 9
[ 35735][E][WiFiUdp.cpp:221] parsePacket(): could not receive data: 9
[ 35741][E][WiFiUdp.cpp:221] parsePacket(): could not receive data: 9
[ 35748][E][WiFiUdp.cpp:221] parsePacket(): could not receive data: 9
[ 35754][E][WiFiUdp.cpp:221] parsePacket(): could not receive data: 9
[ 35760][E][WiFiUdp.cpp:221] parsePacket(): could not receive data: 9
[ 35766][E][WiFiUdp.cpp:221] parsePacket(): could not receive data: 9
[ 35773][E][WiFiUdp.cpp:221] parsePacket(): could not receive data: 9
[ 35780][E][WiFiUdp.cpp:221] parsePacket(): could not receive data: 9
[ 35787][E][WiFiUdp.cpp:221] parsePacket(): could not receive data: 9
[ 35794][E][WiFiUdp.cpp:221] parsePacket(): could not receive data: 9
[ 35801][E][WiFiUdp.cpp:221] parsePacket(): could not receive data: 9
[ 35808][E][WiFiUdp.cpp:221] parsePacket(): could not receive data: 9
[ 35815][E][WiFiUdp.cpp:221] parsePacket(): could not receive data: 9
[ 35822][E][WiFiUdp.cpp:221] parsePacket(): could not receive data: 9
[ 35829][E][WiFiUdp.cpp:221] parsePacket(): could not receive data: 9
[ 35836][E][WiFiUdp.cpp:221] parsePacket(): could not receive data: 9
[ 35843][E][WiFiUdp.cpp:221] parsePacket(): could not receive data: 9
[ 35850][E][WiFiUdp.cpp:221] parsePacket(): could not receive data: 9
[ 35857][E][WiFiUdp.cpp:221] parsePacket(): could not receive data: 9
[ 35863][E][WiFiUdp.cpp:221] parsePacket(): could not receive data: 9
[ 35871][E][WiFiUdp.cpp:221] parsePacket(): could not receive data: 9
[ 35880][E][WiFiUdp.cpp:221] parsePacket(): could not receive data: 9
[ 35889][E][WiFiUdp.cpp:221] parsePacket(): could not receive data: 9
[ 35896][E][WiFiUdp.cpp:221] parsePacket(): could not receive data: 9
[ 35902][E][WiFiUdp.cpp:221] parsePacket(): could not receive data: 9
[ 35910][E][WiFiUdp.cpp:221] parsePacket(): could not receive data: 9
[ 35916][E][WiFiUdp.cpp:221] parsePacket(): could not receive data: 9
[ 35922][E][WiFiUdp.cpp:221] parsePacket(): could not receive data: 9
[ 35928][E][WiFiUdp.cpp:221] parsePacket(): could not receive data: 9
[ 35935][E][WiFiUdp.cpp:221] parsePacket(): could not receive data: 9
[ 35942][E][WiFiUdp.cpp:221] parsePacket(): could not receive data: 9
[ 35949][E][WiFiUdp.cpp:221] parsePacket(): could not receive data: 9
[ 35956][E][WiFiUdp.cpp:221] parsePacket(): could not receive data: 9
[ 35963][E][WiFiUdp.cpp:221] parsePacket(): could not receive data: 9
[ 35970][E][WiFiUdp.cpp:221] parsePacket(): could not receive data: 9
[ 35979][E][WiFiUdp.cpp:221] parsePacket(): could not receive data: 9
[ 35986][E][WiFiUdp.cpp:221] parsePacket(): could not receive data: 9
[ 35993][E][WiFiUdp.cpp:221] parsePacket(): could not receive data: 9
[ 36000][E][WiFiUdp.cpp:221] parsePacket(): could not receive data: 9
[ 36006][E][WiFiUdp.cpp:221] parsePacket(): could not receive data: 9
[ 36014][E][WiFiUdp.cpp:221] parsePacket(): could not receive data: 9
[ 36023][E][WiFiUdp.cpp:221] parsePacket(): could not receive data: 9
[ 36031][E][WiFiUdp.cpp:221] parsePacket(): could not receive data: 9
[ 36038][E][WiFiUdp.cpp:221] parsePacket(): could not receive data: 9
[ 36045][E][WiFiUdp.cpp:221] parsePacket(): could not receive data: 9
[ 36052][E][WiFiUdp.cpp:221] parsePacket(): could not receive data: 9
[ 36059][E][WiFiUdp.cpp:221] parsePacket(): could not receive data: 9
[ 36066][E][WiFiUdp.cpp:221] parsePacket(): could not receive data: 9
[ 36073][E][WiFiUdp.cpp:221] parsePacket(): could not receive data: 9
[ 36079][E][WiFiUdp.cpp:221] parsePacket(): could not receive data: 9
[ 36087][E][WiFiUdp.cpp:221] parsePacket(): could not receive data: 9
[ 36096][E][WiFiUdp.cpp:221] parsePacket(): could not receive data: 9
[ 36104][E][WiFiUdp.cpp:221] parsePacket(): could not receive data: 9
[ 36111][E][WiFiUdp.cpp:221] parsePacket(): could not receive data: 9
[ 36118][E][WiFiUdp.cpp:221] parsePacket(): could not receive data: 9
[ 36125][E][WiFiUdp.cpp:221] parsePacket(): could not receive data: 9
[ 36131][E][WiFiUdp.cpp:221] parsePacket(): could not receive data: 9
[ 36140][E][WiFiUdp.cpp:221] parsePacket(): could not receive data: 9
[ 36147][E][WiFiUdp.cpp:221] parsePacket(): could not receive data: 9
[ 36154][E][WiFiUdp.cpp:221] parsePacket(): could not receive data: 9
[ 36161][E][WiFiUdp.cpp:221] parsePacket(): could not receive data: 9
[ 36168][E][WiFiUdp.cpp:221] parsePacket(): could not receive data: 9
[ 36175][E][WiFiUdp.cpp:221] parsePacket(): could not receive data: 9
[ 36182][E][WiFiUdp.cpp:221] parsePacket(): could not receive data: 9
[ 36189][E][WiFiUdp.cpp:221] parsePacket(): could not receive data: 9
[ 36196][E][WiFiUdp.cpp:221] parsePacket(): could not receive data: 9
[ 36203][E][WiFiUdp.cpp:221] parsePacket(): could not receive data: 9
[ 36210][E][WiFiUdp.cpp:221] parsePacket(): could not receive data: 9
[ 36217][E][WiFiUdp.cpp:221] parsePacket(): could not receive data: 9
[ 36224][E][WiFiUdp.cpp:221] parsePacket(): could not receive data: 9
[ 36230][E][WiFiUdp.cpp:221] parsePacket(): could not receive data: 9
[ 36236][E][WiFiUdp.cpp:221] parsePacket(): could not receive data: 9
[ 36242][E][WiFiUdp.cpp:221] parsePacket(): could not receive data: 9
[ 36248][E][WiFiUdp.cpp:221] parsePacket(): could not receive data: 9
[ 36253][E][WiFiUdp.cpp:221] parsePacket(): could not receive data: 9
[ 36259][E][WiFiUdp.cpp:221] parsePacket(): could not receive data: 9
[ 36266][E][WiFiUdp.cpp:221] parsePacket(): could not receive data: 9
[ 36272][E][WiFiUdp.cpp:221] parsePacket(): could not receive data: 9
[ 36278][E][WiFiUdp.cpp:221] parsePacket(): could not receive data: 9
[ 36285][E][WiFiUdp.cpp:221] parsePacket(): could not receive data: 9
[ 36292][E][WiFiUdp.cpp:221] parsePacket(): could not receive data: 9
[ 36299][E][WiFiUdp.cpp:221] parsePacket(): could not receive data: 9
[ 36306][E][WiFiUdp.cpp:221] parsePacket(): could not receive data: 9
[ 36313][E][WiFiUdp.cpp:221] parsePacket(): could not receive data: 9
[ 36321][E][WiFiUdp.cpp:221] parsePacket(): could not receive data: 9
[ 36328][E][WiFiUdp.cpp:221] parsePacket(): could not receive data: 9
[ 36335][E][WiFiUdp.cpp:221] parsePacket(): could not receive data: 9
[ 36342][E][WiFiUdp.cpp:221] parsePacket(): could not receive data: 9
[ 36349][E][WiFiUdp.cpp:221] parsePacket(): could not receive data: 9
[ 36356][E][WiFiUdp.cpp:221] parsePacket(): could not receive data: 9
[ 36363][E][WiFiUdp.cpp:221] parsePacket(): could not receive data: 9
[ 36370][E][WiFiUdp.cpp:221] parsePacket(): could not receive data: 9
[ 36377][E][WiFiUdp.cpp:221] parsePacket(): could not receive data: 9
[ 36384][E][WiFiUdp.cpp:221] parsePacket(): could not receive data: 9
[ 36391][E][WiFiUdp.cpp:221] parsePacket(): could not receive data: 9
[ 36398][E][WiFiUdp.cpp:221] parsePacket(): could not receive data: 9
[ 36405][E][WiFiUdp.cpp:221] parsePacket(): could not receive data: 9
[ 36412][E][WiFiUdp.cpp:221] parsePacket(): could not receive data: 9
[ 36419][E][WiFiUdp.cpp:221] parsePacket(): could not receive data: 9
[ 36426][E][WiFiUdp.cpp:221] parsePacket(): could not receive data: 9
[ 36433][E][WiFiUdp.cpp:221] parsePacket(): could not receive data: 9
[ 36440][E][WiFiUdp.cpp:221] parsePacket(): could not receive data: 9
[ 36447][E][WiFiUdp.cpp:221] parsePacket(): could not receive data: 9
[ 36454][E][WiFiUdp.cpp:221] parsePacket(): could not receive data: 9
[ 36461][E][WiFiUdp.cpp:221] parsePacket(): could not receive data: 9
[ 36468][E][WiFiUdp.cpp:221] parsePacket(): could not receive data: 9
[ 36475][E][WiFiUdp.cpp:221] parsePacket(): could not receive data: 9
[ 36483][E][WiFiUdp.cpp:221] parsePacket(): could not receive data: 9
[ 36490][E][WiFiUdp.cpp:221] parsePacket(): could not receive data: 9
[ 36497][E][WiFiUdp.cpp:221] parsePacket(): could not receive data: 9
[ 36504][E][WiFiUdp.cpp:221] parsePacket(): could not receive data: 9
[ 36511][E][WiFiUdp.cpp:221] parsePacket(): could not receive data: 9
[ 36519][E][WiFiUdp.cpp:221] parsePacket(): could not receive data: 9
[ 36526][E][WiFiUdp.cpp:221] parsePacket(): could not receive data: 9
[ 36535][E][WiFiUdp.cpp:221] parsePacket(): could not receive data: 9
[ 36542][E][WiFiUdp.cpp:221] parsePacket(): could not receive data: 9
[ 36548][E][WiFiUdp.cpp:221] parsePacket(): could not receive data: 9
[ 36554][E][WiFiUdp.cpp:221] parsePacket(): could not receive data: 9
[ 36560][E][WiFiUdp.cpp:221] parsePacket(): could not receive data: 9
[ 36566][E][WiFiUdp.cpp:221] parsePacket(): could not receive data: 9
[ 36572][E][WiFiUdp.cpp:221] parsePacket(): could not receive data: 9
[ 36578][E][WiFiUdp.cpp:221] parsePacket(): could not receive data: 9
[ 36584][E][WiFiUdp.cpp:221] parsePacket(): could not receive data: 9
[ 36590][E][WiFiUdp.cpp:221] parsePacket(): could not receive data: 9
[ 36596][E][WiFiUdp.cpp:221] parsePacket(): could not receive data: 9
[ 36602][E][WiFiUdp.cpp:221] parsePacket(): could not receive data: 9
[ 36609][E][WiFiUdp.cpp:221] parsePacket(): could not receive data: 9
[ 36617][E][WiFiUdp.cpp:221] parsePacket(): could not receive data: 9
[ 36626][E][WiFiUdp.cpp:221] parsePacket(): could not receive data: 9
[ 36634][E][WiFiUdp.cpp:221] parsePacket(): could not receive data: 9
[ 36642][E][WiFiUdp.cpp:221] parsePacket(): could not receive data: 9
[ 36650][E][WiFiUdp.cpp:221] parsePacket(): could not receive data: 9
[ 36658][E][WiFiUdp.cpp:221] parsePacket(): could not receive data: 9
[ 36666][E][WiFiUdp.cpp:221] parsePacket(): could not receive data: 9
[ 36675][E][WiFiUdp.cpp:221] parsePacket(): could not receive data: 9
[ 36682][E][WiFiUdp.cpp:221] parsePacket(): could not receive data: 9
[ 36689][E][WiFiUdp.cpp:221] parsePacket(): could not receive data: 9
[ 36696][E][WiFiUdp.cpp:221] parsePacket(): could not receive data: 9
[ 36704][E][WiFiUdp.cpp:221] parsePacket(): could not receive data: 9
[ 36711][E][WiFiUdp.cpp:221] parsePacket(): could not receive data: 9
[ 36717][E][WiFiUdp.cpp:221] parsePacket(): could not receive data: 9
[ 36726][E][WiFiUdp.cpp:221] parsePacket(): could not receive data: 9
[ 36735][E][WiFiUdp.cpp:221] parsePacket(): could not receive data: 9
[ 36744][E][WiFiUdp.cpp:221] parsePacket(): could not receive data: 9
[ 36752][E][WiFiUdp.cpp:221] parsePacket(): could not receive data: 9
[ 36759][E][WiFiUdp.cpp:221] parsePacket(): could not receive data: 9
[ 36766][E][WiFiUdp.cpp:221] parsePacket(): could not receive data: 9
[ 36773][E][WiFiUdp.cpp:221] parsePacket(): could not receive data: 9
[ 36779][E][WiFiUdp.cpp:221] parsePacket(): could not receive data: 9
[ 36785][E][WiFiUdp.cpp:221] parsePacket(): could not receive data: 9
[ 36790][E][WiFiUdp.cpp:221] parsePacket(): could not receive data: 9
[ 36797][E][WiFiUdp.cpp:221] parsePacket(): could not receive data: 9
[ 36803][E][WiFiUdp.cpp:221] parsePacket(): could not receive data: 9
[ 36809][E][WiFiUdp.cpp:221] parsePacket(): could not receive data: 9
[ 36815][E][WiFiUdp.cpp:221] parsePacket(): could not receive data: 9
[ 36822][E][WiFiUdp.cpp:221] parsePacket(): could not receive data: 9
[ 36829][E][WiFiUdp.cpp:221] parsePacket(): could not receive data: 9
[ 36836][E][WiFiUdp.cpp:221] parsePacket(): could not receive data: 9
[ 36843][E][WiFiUdp.cpp:221] parsePacket(): could not receive data: 9
[ 36850][E][WiFiUdp.cpp:221] parsePacket(): could not receive data: 9
[ 36857][E][WiFiUdp.cpp:221] parsePacket(): could not receive data: 9
[ 36864][E][WiFiUdp.cpp:221] parsePacket(): could not receive data: 9
[ 36871][E][WiFiUdp.cpp:221] parsePacket(): could not receive data: 9
[ 36878][E][WiFiUdp.cpp:221] parsePacket(): could not receive data: 9
[ 36885][E][WiFiUdp.cpp:221] parsePacket(): could not receive data: 9
[ 36892][E][WiFiUdp.cpp:221] parsePacket(): could not receive data: 9
[ 36899][E][WiFiUdp.cpp:221] parsePacket(): could not receive data: 9
[ 36906][E][WiFiUdp.cpp:221] parsePacket(): could not receive data: 9
[ 36913][E][WiFiUdp.cpp:221] parsePacket(): could not receive data: 9
[ 36920][E][WiFiUdp.cpp:221] parsePacket(): could not receive data: 9
[ 36927][E][WiFiUdp.cpp:221] parsePacket(): could not receive data: 9
[ 36934][E][WiFiUdp.cpp:221] parsePacket(): could not receive data: 9
[ 36941][E][WiFiUdp.cpp:221] parsePacket(): could not receive data: 9
[ 36947][E][WiFiUdp.cpp:221] parsePacket(): could not receive data: 9
[ 36954][E][WiFiUdp.cpp:221] parsePacket(): could not receive data: 9
[ 36960][E][WiFiUdp.cpp:221] parsePacket(): could not receive data: 9
[ 36966][E][WiFiUdp.cpp:221] parsePacket(): could not receive data: 9
[ 36972][E][WiFiUdp.cpp:221] parsePacket(): could not receive data: 9
[ 36978][E][WiFiUdp.cpp:221] parsePacket(): could not receive data: 9
[ 36983][E][WiFiUdp.cpp:221] parsePacket(): could not receive data: 9
[ 36989][E][WiFiUdp.cpp:221] parsePacket(): could not receive data: 9
[ 36995][E][WiFiUdp.cpp:221] parsePacket(): could not receive data: 9
[ 37001][E][WiFiUdp.cpp:221] parsePacket(): could not receive data: 9
[ 37007][E][WiFiUdp.cpp:221] parsePacket(): could not receive data: 9
[ 37014][E][WiFiUdp.cpp:221] parsePacket(): could not receive data: 9
[ 37020][E][WiFiUdp.cpp:221] parsePacket(): could not receive data: 9
[ 37026][E][WiFiUdp.cpp:221] parsePacket(): could not receive data: 9
[ 37032][E][WiFiUdp.cpp:221] parsePacket(): could not receive data: 9
[ 37038][E][WiFiUdp.cpp:221] parsePacket(): could not receive data: 9
[ 37044][E][WiFiUdp.cpp:221] parsePacket(): could not receive data: 9
[ 37049][E][WiFiUdp.cpp:221] parsePacket(): could not receive data: 9
[ 37056][E][WiFiUdp.cpp:221] parsePacket(): could not receive data: 9
[ 37062][E][WiFiUdp.cpp:221] parsePacket(): could not receive data: 9
[ 37068][E][WiFiUdp.cpp:221] parsePacket(): could not receive data: 9
[ 37073][E][WiFiUdp.cpp:221] parsePacket(): could not receive data: 9
[ 37080][E][WiFiUdp.cpp:221] parsePacket(): could not receive data: 9
[ 37085][E][WiFiUdp.cpp:221] parsePacket(): could not receive data: 9
[ 37091][E][WiFiUdp.cpp:221] parsePacket(): could not receive data: 9
[ 37098][E][WiFiUdp.cpp:221] parsePacket(): could not receive data: 9
[ 37104][E][WiFiUdp.cpp:221] parsePacket(): could not receive data: 9
[ 37110][E][WiFiUdp.cpp:221] parsePacket(): could not receive data: 9
[ 37116][E][WiFiUdp.cpp:221] parsePacket(): could not receive data: 9
[ 37121][E][WiFiUdp.cpp:221] parsePacket(): could not receive data: 9
[ 37128][E][WiFiUdp.cpp:221] parsePacket(): could not receive data: 9
[ 37134][E][WiFiUdp.cpp:221] parsePacket(): could not receive data: 9
[ 37139][E][WiFiUdp.cpp:221] parsePacket(): could not receive data: 9
[ 37146][E][WiFiUdp.cpp:221] parsePacket(): could not receive data: 9
[ 37151][E][WiFiUdp.cpp:221] parsePacket(): could not receive data: 9
[ 37158][E][WiFiUdp.cpp:221] parsePacket(): could not receive data: 9
[ 37164][E][WiFiUdp.cpp:221] parsePacket(): could not receive data: 9
[ 37170][E][WiFiUdp.cpp:221] parsePacket(): could not receive data: 9
[ 37175][E][WiFiUdp.cpp:221] parsePacket(): could not receive data: 9
[ 37182][E][WiFiUdp.cpp:221] parsePacket(): could not receive data: 9
[ 37188][E][WiFiUdp.cpp:221] parsePacket(): could not receive data: 9
[ 37194][E][WiFiUdp.cpp:221] parsePacket(): could not receive data: 9
[ 37200][E][WiFiUdp.cpp:221] parsePacket(): could not receive data: 9
[ 37206][E][WiFiUdp.cpp:221] parsePacket(): could not receive data: 9
[ 37211][E][WiFiUdp.cpp:221] parsePacket(): could not receive data: 9
[ 37218][E][WiFiUdp.cpp:221] parsePacket(): could not receive data: 9
[ 37224][E][WiFiUdp.cpp:221] parsePacket(): could not receive data: 9
[ 37229][E][WiFiUdp.cpp:221] parsePacket(): could not receive data: 9
[ 37236][E][WiFiUdp.cpp:221] parsePacket(): could not receive data: 9
[ 37242][E][WiFiUdp.cpp:221] parsePacket(): could not receive data: 9
[ 37247][E][WiFiUdp.cpp:221] parsePacket(): could not receive data: 9
[ 37254][E][WiFiUdp.cpp:221] parsePacket(): could not receive data: 9
[ 37260][E][WiFiUdp.cpp:221] parsePacket(): could not receive data: 9
[ 37265][E][WiFiUdp.cpp:221] parsePacket(): could not receive data: 9
[ 37272][E][WiFiUdp.cpp:221] parsePacket(): could not receive data: 9
[ 37277][E][WiFiUdp.cpp:221] parsePacket(): could not receive data: 9
[ 37284][E][WiFiUdp.cpp:221] parsePacket(): could not receive data: 9
[ 37290][E][WiFiUdp.cpp:221] parsePacket(): could not receive data: 9
[ 37295][E][WiFiUdp.cpp:221] parsePacket(): could not receive data: 9
[ 37301][E][WiFiUdp.cpp:221] parsePacket(): could not receive data: 9
[ 37308][E][WiFiUdp.cpp:221] parsePacket(): could not receive data: 9
[ 37314][E][WiFiUdp.cpp:221] parsePacket(): could not receive data: 9
[ 37319][E][WiFiUdp.cpp:221] parsePacket(): could not receive data: 9
[ 37326][E][WiFiUdp.cpp:221] parsePacket(): could not receive data: 9
[ 37332][E][WiFiUdp.cpp:221] parsePacket(): could not receive data: 9
[ 37338][E][WiFiUdp.cpp:221] parsePacket(): could not receive data: 9
[ 37344][E][WiFiUdp.cpp:221] parsePacket(): could not receive data: 9
[ 37350][E][WiFiUdp.cpp:221] parsePacket(): could not receive data: 9
[ 37355][E][WiFiUdp.cpp:221] parsePacket(): could not receive data: 9
[ 37361][E][WiFiUdp.cpp:221] parsePacket(): could not receive data: 9
[ 37368][E][WiFiUdp.cpp:221] parsePacket(): could not receive data: 9
[ 37373][E][WiFiUdp.cpp:221] parsePacket(): could not receive data: 9
[ 37379][E][WiFiUdp.cpp:221] parsePacket(): could not receive data: 9
[ 37385][E][WiFiUdp.cpp:221] parsePacket(): could not receive data: 9
[ 37392][E][WiFiUdp.cpp:221] parsePacket(): could not receive data: 9
[ 37397][E][WiFiUdp.cpp:221] parsePacket(): could not receive data: 9
[ 37403][E][WiFiUdp.cpp:221] parsePacket(): could not receive data: 9
[ 37409][E][WiFiUdp.cpp:221] parsePacket(): could not receive data: 9
[ 37416][E][WiFiUdp.cpp:221] parsePacket(): could not receive data: 9
[ 37422][E][WiFiUdp.cpp:221] parsePacket(): could not receive data: 9
[ 37428][E][WiFiUdp.cpp:221] parsePacket(): could not receive data: 9
[ 37433][E][WiFiUdp.cpp:221] parsePacket(): could not receive data: 9
[ 37439][E][WiFiUdp.cpp:221] parsePacket(): could not receive data: 9
[ 37445][E][WiFiUdp.cpp:221] parsePacket(): could not receive data: 9
[ 37452][E][WiFiUdp.cpp:221] parsePacket(): could not receive data: 9
[ 37457][E][WiFiUdp.cpp:221] parsePacket(): could not receive data: 9
[ 37463][E][WiFiUdp.cpp:221] parsePacket(): could not receive data: 9
[ 37470][E][WiFiUdp.cpp:221] parsePacket(): could not receive data: 9
[ 37476][E][WiFiUdp.cpp:221] parsePacket(): could not receive data: 9
[ 37482][E][WiFiUdp.cpp:221] parsePacket(): could not receive data: 9
[ 37488][E][WiFiUdp.cpp:221] parsePacket(): could not receive data: 9
[ 37494][E][WiFiUdp.cpp:221] parsePacket(): could not receive data: 9
[ 37500][E][WiFiUdp.cpp:221] parsePacket(): could not receive data: 9
[ 37506][E][WiFiUdp.cpp:221] parsePacket(): could not receive data: 9
[ 37512][E][WiFiUdp.cpp:221] parsePacket(): could not receive data: 9
[ 37518][E][WiFiUdp.cpp:221] parsePacket(): could not receive data: 9
[ 37523][E][WiFiUdp.cpp:221] parsePacket(): could not receive data: 9
[ 37529][E][WiFiUdp.cpp:221] parsePacket(): could not receive data: 9
[ 37536][E][WiFiUdp.cpp:221] parsePacket(): could not receive data: 9
[ 37541][E][WiFiUdp.cpp:221] parsePacket(): could not receive data: 9
[ 37547][E][WiFiUdp.cpp:221] parsePacket(): could not receive data: 9
[ 37554][E][WiFiUdp.cpp:221] parsePacket(): could not receive data: 9
[ 37559][E][WiFiUdp.cpp:221] parsePacket(): could not receive data: 9
[ 37565][E][WiFiUdp.cpp:221] parsePacket(): could not receive data: 9
[ 37571][E][WiFiUdp.cpp:221] parsePacket(): could not receive data: 9
[ 37577][E][WiFiUdp.cpp:221] parsePacket(): could not receive data: 9
[ 37584][E][WiFiUdp.cpp:221] parsePacket(): could not receive data: 9
[ 37590][E][WiFiUdp.cpp:221] parsePacket(): could not receive data: 9
[ 37596][E][WiFiUdp.cpp:221] parsePacket(): could not receive data: 9
[ 37602][E][WiFiUdp.cpp:221] parsePacket(): could not receive data: 9
[ 37607][E][WiFiUdp.cpp:221] parsePacket(): could not receive data: 9
[ 37613][E][WiFiUdp.cpp:221] parsePacket(): could not receive data: 9
[ 37619][E][WiFiUdp.cpp:221] parsePacket(): could not receive data: 9
[ 37626][E][WiFiUdp.cpp:221] parsePacket(): could not receive data: 9
[ 37632][E][WiFiUdp.cpp:221] parsePacket(): could not receive data: 9
[ 37638][E][WiFiUdp.cpp:221] parsePacket(): could not receive data: 9
[ 37643][E][WiFiUdp.cpp:221] parsePacket(): could not receive data: 9
[ 37650][E][WiFiUdp.cpp:221] parsePacket(): could not receive data: 9
[ 37655][E][WiFiUdp.cpp:221] parsePacket(): could not receive data: 9
[ 37662][E][WiFiUdp.cpp:221] parsePacket(): could not receive data: 9
[ 37668][E][WiFiUdp.cpp:221] parsePacket(): could not receive data: 9
[ 37674][E][WiFiUdp.cpp:221] parsePacket(): could not receive data: 9
[ 37680][E][WiFiUdp.cpp:221] parsePacket(): could not receive data: 9
[ 37685][E][WiFiUdp.cpp:221] parsePacket(): could not receive data: 9
[ 37692][E][WiFiUdp.cpp:221] parsePacket(): could not receive data: 9
[ 37698][E][WiFiUdp.cpp:221] parsePacket(): could not receive data: 9
[ 37703][E][WiFiUdp.cpp:221] parsePacket(): could not receive data: 9
[ 37709][E][WiFiUdp.cpp:221] parsePacket(): could not receive data: 9
[ 37716][E][WiFiUdp.cpp:221] parsePacket(): could not receive data: 9
[ 37722][E][WiFiUdp.cpp:221] parsePacket(): could not receive data: 9
[ 37728][E][WiFiUdp.cpp:221] parsePacket(): could not receive data: 9
[ 37733][E][WiFiUdp.cpp:221] parsePacket(): could not receive data: 9
[ 37740][E][WiFiUdp.cpp:221] parsePacket(): could not receive data: 9
[ 37746][E][WiFiUdp.cpp:221] parsePacket(): could not receive data: 9
[ 37752][E][WiFiUdp.cpp:221] parsePacket(): could not receive data: 9
[ 37757][E][WiFiUdp.cpp:221] parsePacket(): could not receive data: 9
[ 37763][E][WiFiUdp.cpp:221] parsePacket(): could not receive data: 9
[ 37770][E][WiFiUdp.cpp:221] parsePacket(): could not receive data: 9
[ 37776][E][WiFiUdp.cpp:221] parsePacket(): could not receive data: 9
[ 37781][E][WiFiUdp.cpp:221] parsePacket(): could not receive data: 9
[ 37788][E][WiFiUdp.cpp:221] parsePacket(): could not receive data: 9
[ 37793][E][WiFiUdp.cpp:221] parsePacket(): could not receive data: 9
[ 37799][E][WiFiUdp.cpp:221] parsePacket(): could not receive data: 9
[ 37806][E][WiFiUdp.cpp:221] parsePacket(): could not receive data: 9
[ 37812][E][WiFiUdp.cpp:221] parsePacket(): could not receive data: 9
[ 37817][E][WiFiUdp.cpp:221] parsePacket(): could not receive data: 9
[ 37824][E][WiFiUdp.cpp:221] parsePacket(): could not receive data: 9
[ 37830][E][WiFiUdp.cpp:221] parsePacket(): could not receive data: 9
[ 37836][E][WiFiUdp.cpp:221] parsePacket(): could not receive data: 9
[ 37842][E][WiFiUdp.cpp:221] parsePacket(): could not receive data: 9
[ 37847][E][WiFiUdp.cpp:221] parsePacket(): could not receive data: 9
[ 37854][E][WiFiUdp.cpp:221] parsePacket(): could not receive data: 9
[ 37859][E][WiFiUdp.cpp:221] parsePacket(): could not receive data: 9
[ 37865][E][WiFiUdp.cpp:221] parsePacket(): could not receive data: 9
[ 37871][E][WiFiUdp.cpp:221] parsePacket(): could not receive data: 9
[ 37877][E][WiFiUdp.cpp:221] parsePacket(): could not receive data: 9
[ 37883][E][WiFiUdp.cpp:221] parsePacket(): could not receive data: 9
[ 37890][E][WiFiUdp.cpp:221] parsePacket(): could not receive data: 9
[ 37895][E][WiFiUdp.cpp:221] parsePacket(): could not receive data: 9
[ 37902][E][WiFiUdp.cpp:221] parsePacket(): could not receive data: 9
[ 37908][E][WiFiUdp.cpp:221] parsePacket(): could not receive data: 9
[ 37913][E][WiFiUdp.cpp:221] parsePacket(): could not receive data: 9
[ 37919][E][WiFiUdp.cpp:221] parsePacket(): could not receive data: 9
[ 37925][E][WiFiUdp.cpp:221] parsePacket(): could not receive data: 9
[ 37931][E][WiFiUdp.cpp:221] parsePacket(): could not receive data: 9
[ 37938][E][WiFiUdp.cpp:221] parsePacket(): could not receive data: 9
[ 37944][E][WiFiUdp.cpp:221] parsePacket(): could not receive data: 9
[ 37950][E][WiFiUdp.cpp:221] parsePacket(): could not receive data: 9
[ 37955][E][WiFiUdp.cpp:221] parsePacket(): could not receive data: 9
[ 37961][E][WiFiUdp.cpp:221] parsePacket(): could not receive data: 9
[ 37967][E][WiFiUdp.cpp:221] parsePacket(): could not receive data: 9
[ 37974][E][WiFiUdp.cpp:221] parsePacket(): could not receive data: 9
[ 37980][E][WiFiUdp.cpp:221] parsePacket(): could not receive data: 9
[ 37986][E][WiFiUdp.cpp:221] parsePacket(): could not receive data: 9
[ 37992][E][WiFiUdp.cpp:221] parsePacket(): could not receive data: 9
[ 37998][E][WiFiUdp.cpp:221] parsePacket(): could not receive data: 9
[ 38004][E][WiFiUdp.cpp:221] parsePacket(): could not receive data: 9
[ 38009][E][WiFiUdp.cpp:221] parsePacket(): could not receive data: 9
[ 38016][E][WiFiUdp.cpp:221] parsePacket(): could not receive data: 9
[ 38022][E][WiFiUdp.cpp:221] parsePacket(): could not receive data: 9
[ 38028][E][WiFiUdp.cpp:221] parsePacket(): could not receive data: 9
[ 38034][E][WiFiUdp.cpp:221] parsePacket(): could not receive data: 9
[ 38040][E][WiFiUdp.cpp:221] parsePacket(): could not receive data: 9
[ 38045][E][WiFiUdp.cpp:221] parsePacket(): could not receive data: 9
[ 38051][E][WiFiUdp.cpp:221] parsePacket(): could not receive data: 9
[ 38057][E][WiFiUdp.cpp:221] parsePacket(): could not receive data: 9
[ 38063][E][WiFiUdp.cpp:221] parsePacket(): could not receive data: 9
[ 38069][E][WiFiUdp.cpp:221] parsePacket(): could not receive data: 9
[ 38075][E][WiFiUdp.cpp:221] parsePacket(): could not receive data: 9
[ 38081][E][WiFiUdp.cpp:221] parsePacket(): could not receive data: 9
[ 38087][E][WiFiUdp.cpp:221] parsePacket(): could not receive data: 9
[ 38093][E][WiFiUdp.cpp:221] parsePacket(): could not receive data: 9
[ 38099][E][WiFiUdp.cpp:221] parsePacket(): could not receive data: 9
[ 38105][E][WiFiUdp.cpp:221] parsePacket(): could not receive data: 9
[ 38111][E][WiFiUdp.cpp:221] parsePacket(): could not receive data: 9
[ 38117][E][WiFiUdp.cpp:221] parsePacket(): could not receive data: 9
[ 38123][E][WiFiUdp.cpp:221] parsePacket(): could not receive data: 9
[ 38129][E][WiFiUdp.cpp:221] parsePacket(): could not receive data: 9
[ 38135][E][WiFiUdp.cpp:221] parsePacket(): could not receive data: 9
[ 38141][E][WiFiUdp.cpp:221] parsePacket(): could not receive data: 9
[ 38147][E][WiFiUdp.cpp:221] parsePacket(): could not receive data: 9
[ 38153][E][WiFiUdp.cpp:221] parsePacket(): could not receive data: 9
[ 38159][E][WiFiUdp.cpp:221] parsePacket(): could not receive data: 9
[ 38165][E][WiFiUdp.cpp:221] parsePacket(): could not receive data: 9
[ 38171][E][WiFiUdp.cpp:221] parsePacket(): could not receive data: 9
[ 38177][E][WiFiUdp.cpp:221] parsePacket(): could not receive data: 9
[ 38184][E][WiFiUdp.cpp:221] parsePacket(): could not receive data: 9
[ 38190][E][WiFiUdp.cpp:221] parsePacket(): could not receive data: 9
[ 38196][E][WiFiUdp.cpp:221] parsePacket(): could not receive data: 9
[ 38202][E][WiFiUdp.cpp:221] parsePacket(): could not receive data: 9
[ 38208][E][WiFiUdp.cpp:221] parsePacket(): could not receive data: 9
[ 38214][E][WiFiUdp.cpp:221] parsePacket(): could not receive data: 9
[ 38220][E][WiFiUdp.cpp:221] parsePacket(): could not receive data: 9
[ 38226][E][WiFiUdp.cpp:221] parsePacket(): could not receive data: 9
[ 38232][E][WiFiUdp.cpp:221] parsePacket(): could not receive data: 9
[ 38238][E][WiFiUdp.cpp:221] parsePacket(): could not receive data: 9
[ 38244][E][WiFiUdp.cpp:221] parsePacket(): could not receive data: 9
[ 38250][E][WiFiUdp.cpp:221] parsePacket(): could not receive data: 9
[ 38256][E][WiFiUdp.cpp:221] parsePacket(): could not receive data: 9
[ 38261][E][WiFiUdp.cpp:221] parsePacket(): could not receive data: 9
[ 38268][E][WiFiUdp.cpp:221] parsePacket(): could not receive data: 9
[ 38273][E][WiFiUdp.cpp:221] parsePacket(): could not receive data: 9
[ 38280][E][WiFiUdp.cpp:221] parsePacket(): could not receive data: 9
[ 38286][E][WiFiUdp.cpp:221] parsePacket(): could not receive data: 9
[ 38291][E][WiFiUdp.cpp:221] parsePacket(): could not receive data: 9
[ 38298][E][WiFiUdp.cpp:221] parsePacket(): could not receive data: 9
[ 38304][E][WiFiUdp.cpp:221] parsePacket(): could not receive data: 9
[ 38310][E][WiFiUdp.cpp:221] parsePacket(): could not receive data: 9
[ 38315][E][WiFiUdp.cpp:221] parsePacket(): could not receive data: 9
[ 38321][E][WiFiUdp.cpp:221] parsePacket(): could not receive data: 9
[ 38326][E][WiFiUdp.cpp:221] parsePacket(): could not receive data: 9
[ 38331][E][WiFiUdp.cpp:221] parsePacket(): could not receive data: 9
[ 38337][E][WiFiUdp.cpp:221] parsePacket(): could not receive data: 9
[ 38343][E][WiFiUdp.cpp:221] parsePacket(): could not receive data: 9
[ 38349][E][WiFiUdp.cpp:221] parsePacket(): could not receive data: 9
[ 38355][E][WiFiUdp.cpp:221] parsePacket(): could not receive data: 9
[ 38361][E][WiFiUdp.cpp:221] parsePacket(): could not receive data: 9
[ 38367][E][WiFiUdp.cpp:221] parsePacket(): could not receive data: 9
[ 38373][E][WiFiUdp.cpp:221] parsePacket(): could not receive data: 9
[ 38379][E][WiFiUdp.cpp:221] parsePacket(): could not receive data: 9
[ 38385][E][WiFiUdp.cpp:221] parsePacket(): could not receive data: 9
[ 38391][E][WiFiUdp.cpp:221] parsePacket(): could not receive data: 9
[ 38397][E][WiFiUdp.cpp:221] parsePacket(): could not receive data: 9
[ 38403][E][WiFiUdp.cpp:221] parsePacket(): could not receive data: 9
[ 38409][E][WiFiUdp.cpp:221] parsePacket(): could not receive data: 9
[ 38415][E][WiFiUdp.cpp:221] parsePacket(): could not receive data: 9
[ 38421][E][WiFiUdp.cpp:221] parsePacket(): could not receive data: 9
[ 38427][E][WiFiUdp.cpp:221] parsePacket(): could not receive data: 9
[ 38433][E][WiFiUdp.cpp:221] parsePacket(): could not receive data: 9
[ 38439][E][WiFiUdp.cpp:221] parsePacket(): could not receive data: 9
[ 38445][E][WiFiUdp.cpp:221] parsePacket(): could not receive data: 9
[ 38451][E][WiFiUdp.cpp:221] parsePacket(): could not receive data: 9
[ 38457][E][WiFiUdp.cpp:221] parsePacket(): could not receive data: 9
[ 38463][E][WiFiUdp.cpp:221] parsePacket(): could not receive data: 9
[ 38469][E][WiFiUdp.cpp:221] parsePacket(): could not receive data: 9
[ 38475][E][WiFiUdp.cpp:221] parsePacket(): could not receive data: 9
[ 38481][E][WiFiUdp.cpp:221] parsePacket(): could not receive data: 9
[ 38487][E][WiFiUdp.cpp:221] parsePacket(): could not receive data: 9
[ 38493][E][WiFiUdp.cpp:221] parsePacket(): could not receive data: 9
[ 38499][E][WiFiUdp.cpp:221] parsePacket(): could not receive data: 9
[ 38505][E][WiFiUdp.cpp:221] parsePacket(): could not receive data: 9
[ 38511][E][WiFiUdp.cpp:221] parsePacket(): could not receive data: 9
[ 38517][E][WiFiUdp.cpp:221] parsePacket(): could not receive data: 9
[ 38523][E][WiFiUdp.cpp:221] parsePacket(): could not receive data: 9
[ 38529][E][WiFiUdp.cpp:221] parsePacket(): could not receive data: 9
[ 38535][E][WiFiUdp.cpp:221] parsePacket(): could not receive data: 9
[ 38541][E][WiFiUdp.cpp:221] parsePacket(): could not receive data: 9
[ 38547][E][WiFiUdp.cpp:221] parsePacket(): could not receive data: 9
[ 38553][E][WiFiUdp.cpp:221] parsePacket(): could not receive data: 9
[ 38559][E][WiFiUdp.cpp:221] parsePacket(): could not receive data: 9
[ 38565][E][WiFiUdp.cpp:221] parsePacket(): could not receive data: 9
[ 38571][E][WiFiUdp.cpp:221] parsePacket(): could not receive data: 9
[ 38577][E][WiFiUdp.cpp:221] parsePacket(): could not receive data: 9
[ 38583][E][WiFiUdp.cpp:221] parsePacket(): could not receive data: 9
[ 38589][E][WiFiUdp.cpp:221] parsePacket(): could not receive data: 9
[ 38595][E][WiFiUdp.cpp:221] parsePacket(): could not receive data: 9
[ 38601][E][WiFiUdp.cpp:221] parsePacket(): could not receive data: 9
[ 38607][E][WiFiUdp.cpp:221] parsePacket(): could not receive data: 9
[ 38613][E][WiFiUdp.cpp:221] parsePacket(): could not receive data: 9
[ 38619][E][WiFiUdp.cpp:221] parsePacket(): could not receive data: 9
[ 38625][E][WiFiUdp.cpp:221] parsePacket(): could not receive data: 9
[ 38631][E][WiFiUdp.cpp:221] parsePacket(): could not receive data: 9
[ 38637][E][WiFiUdp.cpp:221] parsePacket(): could not receive data: 9
[ 38643][E][WiFiUdp.cpp:221] parsePacket(): could not receive data: 9
[ 38649][E][WiFiUdp.cpp:221] parsePacket(): could not receive data: 9
[ 38655][E][WiFiUdp.cpp:221] parsePacket(): could not receive data: 9
[ 38661][E][WiFiUdp.cpp:221] parsePacket(): could not receive data: 9
[ 38667][E][WiFiUdp.cpp:221] parsePacket(): could not receive data: 9
[ 38673][E][WiFiUdp.cpp:221] parsePacket(): could not receive data: 9
[ 38679][E][WiFiUdp.cpp:221] parsePacket(): could not receive data: 9
[ 38685][E][WiFiUdp.cpp:221] parsePacket(): could not receive data: 9
[ 38691][E][WiFiUdp.cpp:221] parsePacket(): could not receive data: 9
[ 38697][E][WiFiUdp.cpp:221] parsePacket(): could not receive data: 9
[ 38703][E][WiFiUdp.cpp:221] parsePacket(): could not receive data: 9
[ 38709][E][WiFiUdp.cpp:221] parsePacket(): could not receive data: 9
[ 38715][E][WiFiUdp.cpp:221] parsePacket(): could not receive data: 9
[ 38721][E][WiFiUdp.cpp:221] parsePacket(): could not receive data: 9
[ 38727][E][WiFiUdp.cpp:221] parsePacket(): could not receive data: 9
[ 38733][E][WiFiUdp.cpp:221] parsePacket(): could not receive data: 9
[ 38739][E][WiFiUdp.cpp:221] parsePacket(): could not receive data: 9
[ 38745][E][WiFiUdp.cpp:221] parsePacket(): could not receive data: 9
[ 38751][E][WiFiUdp.cpp:221] parsePacket(): could not receive data: 9
[ 38757][E][WiFiUdp.cpp:221] parsePacket(): could not receive data: 9
[ 38763][E][WiFiUdp.cpp:221] parsePacket(): could not receive data: 9
[ 38769][E][WiFiUdp.cpp:221] parsePacket(): could not receive data: 9
[ 38774][E][WiFiUdp.cpp:221] parsePacket(): could not receive data: 9
[ 38780][E][WiFiUdp.cpp:221] parsePacket(): could not receive data: 9
[ 38786][E][WiFiUdp.cpp:221] parsePacket(): could not receive data: 9
[ 38792][E][WiFiUdp.cpp:221] parsePacket(): could not receive data: 9
[ 38798][E][WiFiUdp.cpp:221] parsePacket(): could not receive data: 9
[ 38804][E][WiFiUdp.cpp:221] parsePacket(): could not receive data: 9
[ 38810][E][WiFiUdp.cpp:221] parsePacket(): could not receive data: 9
[ 38816][E][WiFiUdp.cpp:221] parsePacket(): could not receive data: 9
[ 38822][E][WiFiUdp.cpp:221] parsePacket(): could not receive data: 9
[ 38828][E][WiFiUdp.cpp:221] parsePacket(): could not receive data: 9
[ 38834][E][WiFiUdp.cpp:221] parsePacket(): could not receive data: 9
[ 38840][E][WiFiUdp.cpp:221] parsePacket(): could not receive data: 9
[ 38846][E][WiFiUdp.cpp:221] parsePacket(): could not receive data: 9
[ 38851][E][WiFiUdp.cpp:221] parsePacket(): could not receive data: 9
[ 38857][E][WiFiUdp.cpp:221] parsePacket(): could not receive data: 9
[ 38863][E][WiFiUdp.cpp:221] parsePacket(): could not receive data: 9
[ 38869][E][WiFiUdp.cpp:221] parsePacket(): could not receive data: 9
[ 38875][E][WiFiUdp.cpp:221] parsePacket(): could not receive data: 9
[ 38881][E][WiFiUdp.cpp:221] parsePacket(): could not receive data: 9
[ 38887][E][WiFiUdp.cpp:221] parsePacket(): could not receive data: 9
[ 38892][E][WiFiUdp.cpp:221] parsePacket(): could not receive data: 9
[ 38898][E][WiFiUdp.cpp:221] parsePacket(): could not receive data: 9
[ 38905][E][WiFiUdp.cpp:221] parsePacket(): could not receive data: 9
[ 38911][E][WiFiUdp.cpp:221] parsePacket(): could not receive data: 9
[ 38917][E][WiFiUdp.cpp:221] parsePacket(): could not receive data: 9
[ 38923][E][WiFiUdp.cpp:221] parsePacket(): could not receive data: 9
[ 38929][E][WiFiUdp.cpp:221] parsePacket(): could not receive data: 9
[ 38935][E][WiFiUdp.cpp:221] parsePacket(): could not receive data: 9
[ 38941][E][WiFiUdp.cpp:221] parsePacket(): could not receive data: 9
[ 38947][E][WiFiUdp.cpp:221] parsePacket(): could not receive data: 9
[ 38953][E][WiFiUdp.cpp:221] parsePacket(): could not receive data: 9
[ 38958][E][WiFiUdp.cpp:221] parsePacket(): could not receive data: 9
[ 38965][E][WiFiUdp.cpp:221] parsePacket(): could not receive data: 9
[ 38970][E][WiFiUdp.cpp:221] parsePacket(): could not receive data: 9
[ 38976][E][WiFiUdp.cpp:221] parsePacket(): could not receive data: 9
[ 38983][E][WiFiUdp.cpp:221] parsePacket(): could not receive data: 9
[ 38988][E][WiFiUdp.cpp:221] parsePacket(): could not receive data: 9
[ 38994][E][WiFiUdp.cpp:221] parsePacket(): could not receive data: 9
[ 39001][E][WiFiUdp.cpp:221] parsePacket(): could not receive data: 9
[ 39007][E][WiFiUdp.cpp:221] parsePacket(): could not receive data: 9
[ 39013][E][WiFiUdp.cpp:221] parsePacket(): could not receive data: 9
[ 39019][E][WiFiUdp.cpp:221] parsePacket(): could not receive data: 9
[ 39025][E][WiFiUdp.cpp:221] parsePacket(): could not receive data: 9
[ 39031][E][WiFiUdp.cpp:221] parsePacket(): could not receive data: 9
[ 39037][E][WiFiUdp.cpp:221] parsePacket(): could not receive data: 9
[ 39043][E][WiFiUdp.cpp:221] parsePacket(): could not receive data: 9
[ 39048][E][WiFiUdp.cpp:221] parsePacket(): could not receive data: 9
[ 39055][E][WiFiUdp.cpp:221] parsePacket(): could not receive data: 9
[ 39060][E][WiFiUdp.cpp:221] parsePacket(): could not receive data: 9
[ 39066][E][WiFiUdp.cpp:221] parsePacket(): could not receive data: 9
[ 39072][E][WiFiUdp.cpp:221] parsePacket(): could not receive data: 9
[ 39078][E][WiFiUdp.cpp:221] parsePacket(): could not receive data: 9
[ 39084][E][WiFiUdp.cpp:221] parsePacket(): could not receive data: 9
[ 39090][E][WiFiUdp.cpp:221] parsePacket(): could not receive data: 9
[ 39096][E][WiFiUdp.cpp:221] parsePacket(): could not receive data: 9
[ 39103][E][WiFiUdp.cpp:221] parsePacket(): could not receive data: 9
[ 39108][E][WiFiUdp.cpp:221] parsePacket(): could not receive data: 9
[ 39115][E][WiFiUdp.cpp:221] parsePacket(): could not receive data: 9
[ 39121][E][WiFiUdp.cpp:221] parsePacket(): could not receive data: 9
[ 39126][E][WiFiUdp.cpp:221] parsePacket(): could not receive data: 9
[ 39133][E][WiFiUdp.cpp:221] parsePacket(): could not receive data: 9
[ 39138][E][WiFiUdp.cpp:221] parsePacket(): could not receive data: 9
[ 39144][E][WiFiUdp.cpp:221] parsePacket(): could not receive data: 9
[ 39150][E][WiFiUdp.cpp:221] parsePacket(): could not receive data: 9
[ 39157][E][WiFiUdp.cpp:221] parsePacket(): could not receive data: 9
[ 39162][E][WiFiUdp.cpp:221] parsePacket(): could not receive data: 9
[ 39168][E][WiFiUdp.cpp:221] parsePacket(): could not receive data: 9
[ 39174][E][WiFiUdp.cpp:221] parsePacket(): could not receive data: 9
[ 39180][E][WiFiUdp.cpp:221] parsePacket(): could not receive data: 9
[ 39186][E][WiFiUdp.cpp:221] parsePacket(): could not receive data: 9
[ 39193][E][WiFiUdp.cpp:221] parsePacket(): could not receive data: 9
[ 39198][E][WiFiUdp.cpp:221] parsePacket(): could not receive data: 9
[ 39204][E][WiFiUdp.cpp:221] parsePacket(): could not receive data: 9
[ 39210][E][WiFiUdp.cpp:221] parsePacket(): could not receive data: 9
[ 39216][E][WiFiUdp.cpp:221] parsePacket(): could not receive data: 9
[ 39222][E][WiFiUdp.cpp:221] parsePacket(): could not receive data: 9
[ 39228][E][WiFiUdp.cpp:221] parsePacket(): could not receive data: 9
[ 39234][E][WiFiUdp.cpp:221] parsePacket(): could not receive data: 9
[ 39240][E][WiFiUdp.cpp:221] parsePacket(): could not receive data: 9
[ 39246][E][WiFiUdp.cpp:221] parsePacket(): could not receive data: 9
[ 39253][E][WiFiUdp.cpp:221] parsePacket(): could not receive data: 9
[ 39259][E][WiFiUdp.cpp:221] parsePacket(): could not receive data: 9
[ 39265][E][WiFiUdp.cpp:221] parsePacket(): could not receive data: 9
[ 39271][E][WiFiUdp.cpp:221] parsePacket(): could not receive data: 9
[ 39277][E][WiFiUdp.cpp:221] parsePacket(): could not receive data: 9
[ 39283][E][WiFiUdp.cpp:221] parsePacket(): could not receive data: 9
[ 39289][E][WiFiUdp.cpp:221] parsePacket(): could not receive data: 9
[ 39295][E][WiFiUdp.cpp:221] parsePacket(): could not receive data: 9
[ 39300][E][WiFiUdp.cpp:221] parsePacket(): could not receive data: 9
[ 39306][E][WiFiUdp.cpp:221] parsePacket(): could not receive data: 9
[ 39312][E][WiFiUdp.cpp:221] parsePacket(): could not receive data: 9
[ 39318][E][WiFiUdp.cpp:221] parsePacket(): could not receive data: 9
[ 39324][E][WiFiUdp.cpp:221] parsePacket(): could not receive data: 9
[ 39330][E][WiFiUdp.cpp:221] parsePacket(): could not receive data: 9
[ 39336][E][WiFiUdp.cpp:221] parsePacket(): could not receive data: 9
[ 39342][E][WiFiUdp.cpp:221] parsePacket(): could not receive data: 9
[ 39348][E][WiFiUdp.cpp:221] parsePacket(): could not receive data: 9
[ 39354][E][WiFiUdp.cpp:221] parsePacket(): could not receive data: 9
[ 39360][E][WiFiUdp.cpp:221] parsePacket(): could not receive data: 9
[ 39366][E][WiFiUdp.cpp:221] parsePacket(): could not receive data: 9
[ 39372][E][WiFiUdp.cpp:221] parsePacket(): could not receive data: 9
[ 39378][E][WiFiUdp.cpp:221] parsePacket(): could not receive data: 9
[ 39384][E][WiFiUdp.cpp:221] parsePacket(): could not receive data: 9
[ 39390][E][WiFiUdp.cpp:221] parsePacket(): could not receive data: 9
[ 39396][E][WiFiUdp.cpp:221] parsePacket(): could not receive data: 9
[ 39402][E][WiFiUdp.cpp:221] parsePacket(): could not receive data: 9
[ 39408][E][WiFiUdp.cpp:221] parsePacket(): could not receive data: 9
[ 39414][E][WiFiUdp.cpp:221] parsePacket(): could not receive data: 9
[ 39420][E][WiFiUdp.cpp:221] parsePacket(): could not receive data: 9
[ 39426][E][WiFiUdp.cpp:221] parsePacket(): could not receive data: 9
[ 39432][E][WiFiUdp.cpp:221] parsePacket(): could not receive data: 9
[ 39438][E][WiFiUdp.cpp:221] parsePacket(): could not receive data: 9
[ 39444][E][WiFiUdp.cpp:221] parsePacket(): could not receive data: 9
[ 39450][E][WiFiUdp.cpp:221] parsePacket(): could not receive data: 9
[ 39456][E][WiFiUdp.cpp:221] parsePacket(): could not receive data: 9
[ 39462][E][WiFiUdp.cpp:221] parsePacket(): could not receive data: 9
[ 39468][E][WiFiUdp.cpp:221] parsePacket(): could not receive data: 9
[ 39474][E][WiFiUdp.cpp:221] parsePacket(): could not receive data: 9
[ 39480][E][WiFiUdp.cpp:221] parsePacket(): could not receive data: 9
[ 39486][E][WiFiUdp.cpp:221] parsePacket(): could not receive data: 9
[ 39492][E][WiFiUdp.cpp:221] parsePacket(): could not receive data: 9
[ 39498][E][WiFiUdp.cpp:221] parsePacket(): could not receive data: 9
[ 39504][E][WiFiUdp.cpp:221] parsePacket(): could not receive data: 9
[ 39510][E][WiFiUdp.cpp:221] parsePacket(): could not receive data: 9
[ 39516][E][WiFiUdp.cpp:221] parsePacket(): could not receive data: 9
[ 39522][E][WiFiUdp.cpp:221] parsePacket(): could not receive data: 9
[ 39528][E][WiFiUdp.cpp:221] parsePacket(): could not receive data: 9
[ 39534][E][WiFiUdp.cpp:221] parsePacket(): could not receive data: 9
[ 39540][E][WiFiUdp.cpp:221] parsePacket(): could not receive data: 9
[ 39546][E][WiFiUdp.cpp:221] parsePacket(): could not receive data: 9
[ 39552][E][WiFiUdp.cpp:221] parsePacket(): could not receive data: 9
[ 39557][E][WiFiUdp.cpp:221] parsePacket(): could not receive data: 9
[ 39563][E][WiFiUdp.cpp:221] parsePacket(): could not receive data: 9
[ 39569][E][WiFiUdp.cpp:221] parsePacket(): could not receive data: 9
[ 39575][E][WiFiUdp.cpp:221] parsePacket(): could not receive data: 9
[ 39581][E][WiFiUdp.cpp:221] parsePacket(): could not receive data: 9
[ 39587][E][WiFiUdp.cpp:221] parsePacket(): could not receive data: 9
[ 39593][E][WiFiUdp.cpp:221] parsePacket(): could not receive data: 9
[ 39599][E][WiFiUdp.cpp:221] parsePacket(): could not receive data: 9
[ 39605][E][WiFiUdp.cpp:221] parsePacket(): could not receive data: 9
[ 39611][E][WiFiUdp.cpp:221] parsePacket(): could not receive data: 9
[ 39617][E][WiFiUdp.cpp:221] parsePacket(): could not receive data: 9
[ 39623][E][WiFiUdp.cpp:221] parsePacket(): could not receive data: 9
[ 39629][E][WiFiUdp.cpp:221] parsePacket(): could not receive data: 9
[ 39635][E][WiFiUdp.cpp:221] parsePacket(): could not receive data: 9
[ 39641][E][WiFiUdp.cpp:221] parsePacket(): could not receive data: 9
[ 39647][E][WiFiUdp.cpp:221] parsePacket(): could not receive data: 9
[ 39653][E][WiFiUdp.cpp:221] parsePacket(): could not receive data: 9
[ 39659][E][WiFiUdp.cpp:221] parsePacket(): could not receive data: 9
[ 39665][E][WiFiUdp.cpp:221] parsePacket(): could not receive data: 9
[ 39671][E][WiFiUdp.cpp:221] parsePacket(): could not receive data: 9
[ 39677][E][WiFiUdp.cpp:221] parsePacket(): could not receive data: 9
[ 39683][E][WiFiUdp.cpp:221] parsePacket(): could not receive data: 9
[ 39689][E][WiFiUdp.cpp:221] parsePacket(): could not receive data: 9
[ 39695][E][WiFiUdp.cpp:221] parsePacket(): could not receive data: 9
[ 39701][E][WiFiUdp.cpp:221] parsePacket(): could not receive data: 9
[ 39707][E][WiFiUdp.cpp:221] parsePacket(): could not receive data: 9
[ 39712][E][WiFiUdp.cpp:221] parsePacket(): could not receive data: 9
[ 39717][E][WiFiUdp.cpp:221] parsePacket(): could not receive data: 9
[ 39723][E][WiFiUdp.cpp:221] parsePacket(): could not receive data: 9
[ 39729][E][WiFiUdp.cpp:221] parsePacket(): could not receive data: 9
[ 39735][E][WiFiUdp.cpp:221] parsePacket(): could not receive data: 9
[ 39741][E][WiFiUdp.cpp:221] parsePacket(): could not receive data: 9
[ 39746][E][WiFiUdp.cpp:221] parsePacket(): could not receive data: 9
[ 39751][E][WiFiUdp.cpp:221] parsePacket(): could not receive data: 9
[ 39757][E][WiFiUdp.cpp:221] parsePacket(): could not receive data: 9
[ 39763][E][WiFiUdp.cpp:221] parsePacket(): could not receive data: 9
[ 39769][E][WiFiUdp.cpp:221] parsePacket(): could not receive data: 9
[ 39775][E][WiFiUdp.cpp:221] parsePacket(): could not receive data: 9
[ 39781][E][WiFiUdp.cpp:221] parsePacket(): could not receive data: 9
[ 39787][E][WiFiUdp.cpp:221] parsePacket(): could not receive data: 9
[ 39793][E][WiFiUdp.cpp:221] parsePacket(): could not receive data: 9
[ 39799][E][WiFiUdp.cpp:221] parsePacket(): could not receive data: 9
[ 39805][E][WiFiUdp.cpp:221] parsePacket(): could not receive data: 9
[ 39811][E][WiFiUdp.cpp:221] parsePacket(): could not receive data: 9
[ 39817][E][WiFiUdp.cpp:221] parsePacket(): could not receive data: 9
[ 39823][E][WiFiUdp.cpp:221] parsePacket(): could not receive data: 9
[ 39829][E][WiFiUdp.cpp:221] parsePacket(): could not receive data: 9
[ 39835][E][WiFiUdp.cpp:221] parsePacket(): could not receive data: 9
[ 39841][E][WiFiUdp.cpp:221] parsePacket(): could not receive data: 9
[ 39847][E][WiFiUdp.cpp:221] parsePacket(): could not receive data: 9
[ 39853][E][WiFiUdp.cpp:221] parsePacket(): could not receive data: 9
[ 39859][E][WiFiUdp.cpp:221] parsePacket(): could not receive data: 9
[ 39865][E][WiFiUdp.cpp:221] parsePacket(): could not receive data: 9
[ 39871][E][WiFiUdp.cpp:221] parsePacket(): could not receive data: 9
[ 39877][E][WiFiUdp.cpp:221] parsePacket(): could not receive data: 9
[ 39883][E][WiFiUdp.cpp:221] parsePacket(): could not receive data: 9
[ 39889][E][WiFiUdp.cpp:221] parsePacket(): could not receive data: 9
[ 39895][E][WiFiUdp.cpp:221] parsePacket(): could not receive data: 9
[ 39901][E][WiFiUdp.cpp:221] parsePacket(): could not receive data: 9
[ 39907][E][WiFiUdp.cpp:221] parsePacket(): could not receive data: 9
[ 39913][E][WiFiUdp.cpp:221] parsePacket(): could not receive data: 9
[ 39919][E][WiFiUdp.cpp:221] parsePacket(): could not receive data: 9
[ 39925][E][WiFiUdp.cpp:221] parsePacket(): could not receive data: 9
[ 39931][E][WiFiUdp.cpp:221] parsePacket(): could not receive data: 9
[ 39937][E][WiFiUdp.cpp:221] parsePacket(): could not receive data: 9
[ 39943][E][WiFiUdp.cpp:221] parsePacket(): could not receive data: 9
[ 39949][E][WiFiUdp.cpp:221] parsePacket(): could not receive data: 9
[ 39955][E][WiFiUdp.cpp:221] parsePacket(): could not receive data: 9
[ 39961][E][WiFiUdp.cpp:221] parsePacket(): could not receive data: 9
[ 39967][E][WiFiUdp.cpp:221] parsePacket(): could not receive data: 9
[ 39973][E][WiFiUdp.cpp:221] parsePacket(): could not receive data: 9
[ 39979][E][WiFiUdp.cpp:221] parsePacket(): could not receive data: 9
[ 39985][E][WiFiUdp.cpp:221] parsePacket(): could not receive data: 9
[ 39991][E][WiFiUdp.cpp:221] parsePacket(): could not receive data: 9
[ 39997][E][WiFiUdp.cpp:221] parsePacket(): could not receive data: 9
[ 40003][E][WiFiUdp.cpp:221] parsePacket(): could not receive data: 9
[ 40009][E][WiFiUdp.cpp:221] parsePacket(): could not receive data: 9
[ 40015][E][WiFiUdp.cpp:221] parsePacket(): could not receive data: 9
[ 40021][E][WiFiUdp.cpp:221] parsePacket(): could not receive data: 9
[ 40027][E][WiFiUdp.cpp:221] parsePacket(): could not receive data: 9
[ 40033][E][WiFiUdp.cpp:221] parsePacket(): could not receive data: 9
[ 40039][E][WiFiUdp.cpp:221] parsePacket(): could not receive data: 9
[ 40045][E][WiFiUdp.cpp:221] parsePacket(): could not receive data: 9
[ 40051][E][WiFiUdp.cpp:221] parsePacket(): could not receive data: 9
[ 40057][E][WiFiUdp.cpp:221] parsePacket(): could not receive data: 9
[ 40063][E][WiFiUdp.cpp:221] parsePacket(): could not receive data: 9
[ 40069][E][WiFiUdp.cpp:221] parsePacket(): could not receive data: 9
[ 40075][E][WiFiUdp.cpp:221] parsePacket(): could not receive data: 9
[ 40081][E][WiFiUdp.cpp:221] parsePacket(): could not receive data: 9
[ 40087][E][WiFiUdp.cpp:221] parsePacket(): could not receive data: 9
[ 40093][E][WiFiUdp.cpp:221] parsePacket(): could not receive data: 9
[ 40099][E][WiFiUdp.cpp:221] parsePacket(): could not receive data: 9
[ 40105][E][WiFiUdp.cpp:221] parsePacket(): could not receive data: 9
[ 40111][E][WiFiUdp.cpp:221] parsePacket(): could not receive data: 9
[ 40117][E][WiFiUdp.cpp:221] parsePacket(): could not receive data: 9
[ 40123][E][WiFiUdp.cpp:221] parsePacket(): could not receive data: 9
[ 40129][E][WiFiUdp.cpp:221] parsePacket(): could not receive data: 9
[ 40135][E][WiFiUdp.cpp:221] parsePacket(): could not receive data: 9
[ 40141][E][WiFiUdp.cpp:221] parsePacket(): could not receive data: 9
[ 40147][E][WiFiUdp.cpp:221] parsePacket(): could not receive data: 9
[ 40153][E][WiFiUdp.cpp:221] parsePacket(): could not receive data: 9
[ 40159][E][WiFiUdp.cpp:221] parsePacket(): could not receive data: 9
[ 40165][E][WiFiUdp.cpp:221] parsePacket(): could not receive data: 9
[ 40171][E][WiFiUdp.cpp:221] parsePacket(): could not receive data: 9
[ 40177][E][WiFiUdp.cpp:221] parsePacket(): could not receive data: 9
[ 40183][E][WiFiUdp.cpp:221] parsePacket(): could not receive data: 9
[ 40189][E][WiFiUdp.cpp:221] parsePacket(): could not receive data: 9
[ 40195][E][WiFiUdp.cpp:221] parsePacket(): could not receive data: 9
[ 40201][E][WiFiUdp.cpp:221] parsePacket(): could not receive data: 9
[ 40207][E][WiFiUdp.cpp:221] parsePacket(): could not receive data: 9
[ 40213][E][WiFiUdp.cpp:221] parsePacket(): could not receive data: 9
[ 40219][E][WiFiUdp.cpp:221] parsePacket(): could not receive data: 9
[ 40225][E][WiFiUdp.cpp:221] parsePacket(): could not receive data: 9
[ 40231][E][WiFiUdp.cpp:221] parsePacket(): could not receive data: 9
[ 40237][E][WiFiUdp.cpp:221] parsePacket(): could not receive data: 9
[ 40243][E][WiFiUdp.cpp:221] parsePacket(): could not receive data: 9
[ 40249][E][WiFiUdp.cpp:221] parsePacket(): could not receive data: 9
[ 40255][E][WiFiUdp.cpp:221] parsePacket(): could not receive data: 9
[ 40261][E][WiFiUdp.cpp:221] parsePacket(): could not receive data: 9
[ 40267][E][WiFiUdp.cpp:221] parsePacket(): could not receive data: 9
[ 40273][E][WiFiUdp.cpp:221] parsePacket(): could not receive data: 9
[ 40279][E][WiFiUdp.cpp:221] parsePacket(): could not receive data: 9
[ 40285][E][WiFiUdp.cpp:221] parsePacket(): could not receive data: 9
[ 40291][E][WiFiUdp.cpp:221] parsePacket(): could not receive data: 9
[ 40297][E][WiFiUdp.cpp:221] parsePacket(): could not receive data: 9
[ 40303][E][WiFiUdp.cpp:221] parsePacket(): could not receive data: 9
[ 40309][E][WiFiUdp.cpp:221] parsePacket(): could not receive data: 9
[ 40315][E][WiFiUdp.cpp:221] parsePacket(): could not receive data: 9
[ 40321][E][WiFiUdp.cpp:221] parsePacket(): could not receive data: 9
[ 40327][E][WiFiUdp.cpp:221] parsePacket(): could not receive data: 9
[ 40333][E][WiFiUdp.cpp:221] parsePacket(): could not receive data: 9
[ 40339][E][WiFiUdp.cpp:221] parsePacket(): could not receive data: 9
[ 40345][E][WiFiUdp.cpp:221] parsePacket(): could not receive data: 9
[ 40351][E][WiFiUdp.cpp:221] parsePacket(): could not receive data: 9
[ 40357][E][WiFiUdp.cpp:221] parsePacket(): could not receive data: 9
[ 40363][E][WiFiUdp.cpp:221] parsePacket(): could not receive data: 9
[ 40369][E][WiFiUdp.cpp:221] parsePacket(): could not receive data: 9
[ 40375][E][WiFiUdp.cpp:221] parsePacket(): could not receive data: 9
[ 40381][E][WiFiUdp.cpp:221] parsePacket(): could not receive data: 9
[ 40387][E][WiFiUdp.cpp:221] parsePacket(): could not receive data: 9
[ 40393][E][WiFiUdp.cpp:221] parsePacket(): could not receive data: 9
[ 40399][E][WiFiUdp.cpp:221] parsePacket(): could not receive data: 9
[ 40405][E][WiFiUdp.cpp:221] parsePacket(): could not receive data: 9
[ 40411][E][WiFiUdp.cpp:221] parsePacket(): could not receive data: 9
[ 40416][E][WiFiUdp.cpp:221] parsePacket(): could not receive data: 9
[ 40423][E][WiFiUdp.cpp:221] parsePacket(): could not receive data: 9
[ 40429][E][WiFiUdp.cpp:221] parsePacket(): could not receive data: 9
[ 40435][E][WiFiUdp.cpp:221] parsePacket(): could not receive data: 9
[ 40441][E][WiFiUdp.cpp:221] parsePacket(): could not receive data: 9
[ 40447][E][WiFiUdp.cpp:221] parsePacket(): could not receive data: 9
[ 40453][E][WiFiUdp.cpp:221] parsePacket(): could not receive data: 9
[ 40459][E][WiFiUdp.cpp:221] parsePacket(): could not receive data: 9
[ 40465][E][WiFiUdp.cpp:221] parsePacket(): could not receive data: 9
[ 40471][E][WiFiUdp.cpp:221] parsePacket(): could not receive data: 9
[ 40477][E][WiFiUdp.cpp:221] parsePacket(): could not receive data: 9
[ 40483][E][WiFiUdp.cpp:221] parsePacket(): could not receive data: 9
[ 40489][E][WiFiUdp.cpp:221] parsePacket(): could not receive data: 9
[ 40495][E][WiFiUdp.cpp:221] parsePacket(): could not receive data: 9
[ 40501][E][WiFiUdp.cpp:221] parsePacket(): could not receive data: 9
[ 40506][E][WiFiUdp.cpp:221] parsePacket(): could not receive data: 9
[ 40513][E][WiFiUdp.cpp:221] parsePacket(): could not receive data: 9
[ 40519][E][WiFiUdp.cpp:221] parsePacket(): could not receive data: 9
[ 40524][E][WiFiUdp.cpp:221] parsePacket(): could not receive data: 9
[ 40530][E][WiFiUdp.cpp:221] parsePacket(): could not receive data: 9
[ 40537][E][WiFiUdp.cpp:221] parsePacket(): could not receive data: 9
[ 40542][E][WiFiUdp.cpp:221] parsePacket(): could not receive data: 9
[ 40549][E][WiFiUdp.cpp:221] parsePacket(): could not receive data: 9
[ 40554][E][WiFiUdp.cpp:221] parsePacket(): could not receive data: 9
[ 40560][E][WiFiUdp.cpp:221] parsePacket(): could not receive data: 9
[ 40566][E][WiFiUdp.cpp:221] parsePacket(): could not receive data: 9
[ 40572][E][WiFiUdp.cpp:221] parsePacket(): could not receive data: 9
[ 40578][E][WiFiUdp.cpp:221] parsePacket(): could not receive data: 9
[ 40584][E][WiFiUdp.cpp:221] parsePacket(): could not receive data: 9
[ 40590][E][WiFiUdp.cpp:221] parsePacket(): could not receive data: 9
[ 40595][E][WiFiUdp.cpp:221] parsePacket(): could not receive data: 9
[ 40602][E][WiFiUdp.cpp:221] parsePacket(): could not receive data: 9
[ 40608][E][WiFiUdp.cpp:221] parsePacket(): could not receive data: 9
[ 40614][E][WiFiUdp.cpp:221] parsePacket(): could not receive data: 9
[ 40620][E][WiFiUdp.cpp:221] parsePacket(): could not receive data: 9
[ 40626][E][WiFiUdp.cpp:221] parsePacket(): could not receive data: 9
[ 40632][E][WiFiUdp.cpp:221] parsePacket(): could not receive data: 9
[ 40638][E][WiFiUdp.cpp:221] parsePacket(): could not receive data: 9
[ 40644][E][WiFiUdp.cpp:221] parsePacket(): could not receive data: 9
[ 40650][E][WiFiUdp.cpp:221] parsePacket(): could not receive data: 9
[ 40656][E][WiFiUdp.cpp:221] parsePacket(): could not receive data: 9
[ 40662][E][WiFiUdp.cpp:221] parsePacket(): could not receive data: 9
[ 40668][E][WiFiUdp.cpp:221] parsePacket(): could not receive data: 9
[ 40674][E][WiFiUdp.cpp:221] parsePacket(): could not receive data: 9
[ 40680][E][WiFiUdp.cpp:221] parsePacket(): could not receive data: 9
[ 40686][E][WiFiUdp.cpp:221] parsePacket(): could not receive data: 9
[ 40692][E][WiFiUdp.cpp:221] parsePacket(): could not receive data: 9
[ 40697][E][WiFiUdp.cpp:221] parsePacket(): could not receive data: 9
[ 40703][E][WiFiUdp.cpp:221] parsePacket(): could not receive data: 9
[ 40709][E][WiFiUdp.cpp:221] parsePacket(): could not receive data: 9
[ 40715][E][WiFiUdp.cpp:221] parsePacket(): could not receive data: 9
[ 40721][E][WiFiUdp.cpp:221] parsePacket(): could not receive data: 9
[ 40727][E][WiFiUdp.cpp:221] parsePacket(): could not receive data: 9
[ 40733][E][WiFiUdp.cpp:221] parsePacket(): could not receive data: 9
[ 40739][E][WiFiUdp.cpp:221] parsePacket(): could not receive data: 9
[ 40745][E][WiFiUdp.cpp:221] parsePacket(): could not receive data: 9
[ 40750][E][WiFiUdp.cpp:221] parsePacket(): could not receive data: 9
[ 40756][E][WiFiUdp.cpp:221] parsePacket(): could not receive data: 9
[ 40762][E][WiFiUdp.cpp:221] parsePacket(): could not receive data: 9
[ 40768][E][WiFiUdp.cpp:221] parsePacket(): could not receive data: 9
[ 40774][E][WiFiUdp.cpp:221] parsePacket(): could not receive data: 9
[ 40780][E][WiFiUdp.cpp:221] parsePacket(): could not receive data: 9
[ 40786][E][WiFiUdp.cpp:221] parsePacket(): could not receive data: 9
[ 40792][E][WiFiUdp.cpp:221] parsePacket(): could not receive data: 9
[ 40798][E][WiFiUdp.cpp:221] parsePacket(): could not receive data: 9
[ 40804][E][WiFiUdp.cpp:221] parsePacket(): could not receive data: 9
[ 40810][E][WiFiUdp.cpp:221] parsePacket(): could not receive data: 9
[ 40816][E][WiFiUdp.cpp:221] parsePacket(): could not receive data: 9
[ 40822][E][WiFiUdp.cpp:221] parsePacket(): could not receive data: 9
[ 40828][E][WiFiUdp.cpp:221] parsePacket(): could not receive data: 9
[ 40834][E][WiFiUdp.cpp:221] parsePacket(): could not receive data: 9
[ 40840][E][WiFiUdp.cpp:221] parsePacket(): could not receive data: 9
[ 40846][E][WiFiUdp.cpp:221] parsePacket(): could not receive data: 9
[ 40852][E][WiFiUdp.cpp:221] parsePacket(): could not receive data: 9
[ 40858][E][WiFiUdp.cpp:221] parsePacket(): could not receive data: 9
[ 40864][E][WiFiUdp.cpp:221] parsePacket(): could not receive data: 9
[ 40870][E][WiFiUdp.cpp:221] parsePacket(): could not receive data: 9
[ 40876][E][WiFiUdp.cpp:221] parsePacket(): could not receive data: 9
[ 40882][E][WiFiUdp.cpp:221] parsePacket(): could not receive data: 9
[ 40888][E][WiFiUdp.cpp:221] parsePacket(): could not receive data: 9
[ 40894][E][WiFiUdp.cpp:221] parsePacket(): could not receive data: 9
[ 40900][E][WiFiUdp.cpp:221] parsePacket(): could not receive data: 9
[ 40906][E][WiFiUdp.cpp:221] parsePacket(): could not receive data: 9
[ 40912][E][WiFiUdp.cpp:221] parsePacket(): could not receive data: 9
[ 40918][E][WiFiUdp.cpp:221] parsePacket(): could not receive data: 9
[ 40924][E][WiFiUdp.cpp:221] parsePacket(): could not receive data: 9
[ 40930][E][WiFiUdp.cpp:221] parsePacket(): could not receive data: 9
[ 40936][E][WiFiUdp.cpp:221] parsePacket(): could not receive data: 9
[ 40941][E][WiFiUdp.cpp:221] parsePacket(): could not receive data: 9
[ 40948][E][WiFiUdp.cpp:221] parsePacket(): could not receive data: 9
[ 40954][E][WiFiUdp.cpp:221] parsePacket(): could not receive data: 9
[ 40960][E][WiFiUdp.cpp:221] parsePacket(): could not receive data: 9
[ 40966][E][WiFiUdp.cpp:221] parsePacket(): could not receive data: 9
[ 40972][E][WiFiUdp.cpp:221] parsePacket(): could not receive data: 9
[ 40978][E][WiFiUdp.cpp:221] parsePacket(): could not receive data: 9
[ 40984][E][WiFiUdp.cpp:221] parsePacket(): could not receive data: 9
[ 40990][E][WiFiUdp.cpp:221] parsePacket(): could not receive data: 9
[ 40996][E][WiFiUdp.cpp:221] parsePacket(): could not receive data: 9
[QEMU]...auto-reboot suppressed (guest reset wedges QEMU); settings saved
[ 41002][E][WiFiUdp.cpp:221] parsePacket(): could not receive data: 9
[ 41008][E][WiFiUdp.cpp:221] parsePacket(): could not receive data: 9
[ 41014][E][WiFiUdp.cpp:221] parsePacket(): could not receive data: 9
[ 41020][E][WiFiUdp.cpp:221] parsePacket(): could not receive data: 9
[ 41026][E][WiFiUdp.cpp:221] parsePacket(): could not receive data: 9
[ 41032][E][WiFiUdp.cpp:221] parsePacket(): could not receive data: 9
[ 41037][E][WiFiUdp.cpp:221] parsePacket(): could not receive data: 9
[ 41043][E][WiFiUdp.cpp:221] parsePacket(): could not receive data: 9
[ 41049][E][WiFiUdp.cpp:221] parsePacket(): could not receive data: 9
[ 41055][E][WiFiUdp.cpp:221] parsePacket(): could not receive data: 9
[ 41062][E][WiFiUdp.cpp:221] parsePacket(): could not receive data: 9
[ 41067][E][WiFiUdp.cpp:221] parsePacket(): could not receive data: 9
[ 41073][E][WiFiUdp.cpp:221] parsePacket(): could not receive data: 9
[ 41080][E][WiFiUdp.cpp:221] parsePacket(): could not receive data: 9
[ 41085][E][WiFiUdp.cpp:221] parsePacket(): could not receive data: 9
[ 41091][E][WiFiUdp.cpp:221] parsePacket(): could not receive data: 9
[ 41097][E][WiFiUdp.cpp:221] parsePacket(): could not receive data: 9
[ 41103][E][WiFiUdp.cpp:221] parsePacket(): could not receive data: 9
[ 41109][E][WiFiUdp.cpp:221] parsePacket(): could not receive data: 9
[ 41116][E][WiFiUdp.cpp:221] parsePacket(): could not receive data: 9
[ 41122][E][WiFiUdp.cpp:221] parsePacket(): could not receive data: 9
[ 41128][E][WiFiUdp.cpp:221] parsePacket(): could not receive data: 9
[ 41134][E][WiFiUdp.cpp:221] parsePacket(): could not receive data: 9
[ 41139][E][WiFiUdp.cpp:221] parsePacket(): could not receive data: 9
[ 41146][E][WiFiUdp.cpp:221] parsePacket(): could not receive data: 9
[ 41152][E][WiFiUdp.cpp:221] parsePacket(): could not receive data: 9
[ 41158][E][WiFiUdp.cpp:221] parsePacket(): could not receive data: 9
[ 41164][E][WiFiUdp.cpp:221] parsePacket(): could not receive data: 9
[ 41170][E][WiFiUdp.cpp:221] parsePacket(): could not receive data: 9
[ 41176][E][WiFiUdp.cpp:221] parsePacket(): could not receive data: 9
[ 41182][E][WiFiUdp.cpp:221] parsePacket(): could not receive data: 9
[ 41187][E][WiFiUdp.cpp:221] parsePacket(): could not receive data: 9
[ 41194][E][WiFiUdp.cpp:221] parsePacket(): could not receive data: 9
[ 41199][E][WiFiUdp.cpp:221] parsePacket(): could not receive data: 9
[ 41205][E][WiFiUdp.cpp:221] parsePacket(): could not receive data: 9
[ 41212][E][WiFiUdp.cpp:221] parsePacket(): could not receive data: 9
[ 41217][E][WiFiUdp.cpp:221] parsePacket(): could not receive data: 9
[ 41224][E][WiFiUdp.cpp:221] parsePacket(): could not receive data: 9
[ 41230][E][WiFiUdp.cpp:221] parsePacket(): could not receive data: 9
[ 41235][E][WiFiUdp.cpp:221] parsePacket(): could not receive data: 9
[ 41241][E][WiFiUdp.cpp:221] parsePacket(): could not receive data: 9
[ 41248][E][WiFiUdp.cpp:221] parsePacket(): could not receive data: 9
[ 41253][E][WiFiUdp.cpp:221] parsePacket(): could not receive data: 9
[ 41259][E][WiFiUdp.cpp:221] parsePacket(): could not receive data: 9
[ 41265][E][WiFiUdp.cpp:221] parsePacket(): could not receive data: 9
[ 41271][E][WiFiUdp.cpp:221] parsePacket(): could not receive data: 9
[ 41277][E][WiFiUdp.cpp:221] parsePacket(): could not receive data: 9
[ 41283][E][WiFiUdp.cpp:221] parsePacket(): could not receive data: 9
[ 41290][E][WiFiUdp.cpp:221] parsePacket(): could not receive data: 9
[ 41295][E][WiFiUdp.cpp:221] parsePacket(): could not receive data: 9
[ 41302][E][WiFiUdp.cpp:221] parsePacket(): could not receive data: 9
[ 41307][E][WiFiUdp.cpp:221] parsePacket(): could not receive data: 9
[ 41313][E][WiFiUdp.cpp:221] parsePacket(): could not receive data: 9
[ 41319][E][WiFiUdp.cpp:221] parsePacket(): could not receive data: 9
[ 41326][E][WiFiUdp.cpp:221] parsePacket(): could not receive data: 9
[ 41332][E][WiFiUdp.cpp:221] parsePacket(): could not receive data: 9
[ 41338][E][WiFiUdp.cpp:221] parsePacket(): could not receive data: 9
[ 41343][E][WiFiUdp.cpp:221] parsePacket(): could not receive data: 9
[ 41349][E][WiFiUdp.cpp:221] parsePacket(): could not receive data: 9
[ 41356][E][WiFiUdp.cpp:221] parsePacket(): could not receive data: 9
[ 41361][E][WiFiUdp.cpp:221] parsePacket(): could not receive data: 9
[ 41367][E][WiFiUdp.cpp:221] parsePacket(): could not receive data: 9
[ 41373][E][WiFiUdp.cpp:221] parsePacket(): could not receive data: 9
[ 41380][E][WiFiUdp.cpp:221] parsePacket(): could not receive data: 9
[ 41386][E][WiFiUdp.cpp:221] parsePacket(): could not receive data: 9
[ 41391][E][WiFiUdp.cpp:221] parsePacket(): could not receive data: 9
[ 41397][E][WiFiUdp.cpp:221] parsePacket(): could not receive data: 9
[ 41403][E][WiFiUdp.cpp:221] parsePacket(): could not receive data: 9
[ 41410][E][WiFiUdp.cpp:221] parsePacket(): could not receive data: 9
[ 41416][E][WiFiUdp.cpp:221] parsePacket(): could not receive data: 9
[ 41421][E][WiFiUdp.cpp:221] parsePacket(): could not receive data: 9
[ 41428][E][WiFiUdp.cpp:221] parsePacket(): could not receive data: 9
[ 41433][E][WiFiUdp.cpp:221] parsePacket(): could not receive data: 9
[ 41439][E][WiFiUdp.cpp:221] parsePacket(): could not receive data: 9
[ 41445][E][WiFiUdp.cpp:221] parsePacket(): could not receive data: 9
[ 41452][E][WiFiUdp.cpp:221] parsePacket(): could not receive data: 9
[ 41458][E][WiFiUdp.cpp:221] parsePacket(): could not receive data: 9
[ 41463][E][WiFiUdp.cpp:221] parsePacket(): could not receive data: 9
[ 41469][E][WiFiUdp.cpp:221] parsePacket(): could not receive data: 9
[ 41476][E][WiFiUdp.cpp:221] parsePacket(): could not receive data: 9
[ 41482][E][WiFiUdp.cpp:221] parsePacket(): could not receive data: 9
[ 41487][E][WiFiUdp.cpp:221] parsePacket(): could not receive data: 9
[ 41494][E][WiFiUdp.cpp:221] parsePacket(): could not receive data: 9
[ 41500][E][WiFiUdp.cpp:221] parsePacket(): could not receive data: 9
[ 41506][E][WiFiUdp.cpp:221] parsePacket(): could not receive data: 9
[ 41512][E][WiFiUdp.cpp:221] parsePacket(): could not receive data: 9
[ 41518][E][WiFiUdp.cpp:221] parsePacket(): could not receive data: 9
[ 41524][E][WiFiUdp.cpp:221] parsePacket(): could not receive data: 9
[ 41529][E][WiFiUdp.cpp:221] parsePacket(): could not receive data: 9
[ 41536][E][WiFiUdp.cpp:221] parsePacket(): could not receive data: 9
[ 41541][E][WiFiUdp.cpp:221] parsePacket(): could not receive data: 9
[ 41548][E][WiFiUdp.cpp:221] parsePacket(): could not receive data: 9
[ 41553][E][WiFiUdp.cpp:221] parsePacket(): could not receive data: 9
[ 41559][E][WiFiUdp.cpp:221] parsePacket(): could not receive data: 9
[ 41565][E][WiFiUdp.cpp:221] parsePacket(): could not receive data: 9
[ 41571][E][WiFiUdp.cpp:221] parsePacket(): could not receive data: 9
[ 41577][E][WiFiUdp.cpp:221] parsePacket(): could not receive data: 9
[ 41583][E][WiFiUdp.cpp:221] parsePacket(): could not receive data: 9
[ 41589][E][WiFiUdp.cpp:221] parsePacket(): could not receive data: 9
[ 41595][E][WiFiUdp.cpp:221] parsePacket(): could not receive data: 9
[ 41602][E][WiFiUdp.cpp:221] parsePacket(): could not receive data: 9
[ 41608][E][WiFiUdp.cpp:221] parsePacket(): could not receive data: 9
[ 41614][E][WiFiUdp.cpp:221] parsePacket(): could not receive data: 9
[ 41619][E][WiFiUdp.cpp:221] parsePacket(): could not receive data: 9
[ 41625][E][WiFiUdp.cpp:221] parsePacket(): could not receive data: 9
[ 41632][E][WiFiUdp.cpp:221] parsePacket(): could not receive data: 9
[ 41637][E][WiFiUdp.cpp:221] parsePacket(): could not receive data: 9
[ 41643][E][WiFiUdp.cpp:221] parsePacket(): could not receive data: 9
[ 41649][E][WiFiUdp.cpp:221] parsePacket(): could not receive data: 9
[ 41656][E][WiFiUdp.cpp:221] parsePacket(): could not receive data: 9
[ 41661][E][WiFiUdp.cpp:221] parsePacket(): could not receive data: 9
[ 41667][E][WiFiUdp.cpp:221] parsePacket(): could not receive data: 9
[ 41673][E][WiFiUdp.cpp:221] parsePacket(): could not receive data: 9
[ 41679][E][WiFiUdp.cpp:221] parsePacket(): could not receive data: 9
[ 41686][E][WiFiUdp.cpp:221] parsePacket(): could not receive data: 9
[ 41692][E][WiFiUdp.cpp:221] parsePacket(): could not receive data: 9
[ 41697][E][WiFiUdp.cpp:221] parsePacket(): could not receive data: 9
[ 41703][E][WiFiUdp.cpp:221] parsePacket(): could not receive data: 9
[ 41710][E][WiFiUdp.cpp:221] parsePacket(): could not receive data: 9
[ 41715][E][WiFiUdp.cpp:221] parsePacket(): could not receive data: 9
[ 41721][E][WiFiUdp.cpp:221] parsePacket(): could not receive data: 9
[ 41728][E][WiFiUdp.cpp:221] parsePacket(): could not receive data: 9
[ 41733][E][WiFiUdp.cpp:221] parsePacket(): could not receive data: 9
[ 41739][E][WiFiUdp.cpp:221] parsePacket(): could not receive data: 9
[ 41745][E][WiFiUdp.cpp:221] parsePacket(): could not receive data: 9
[ 41752][E][WiFiUdp.cpp:221] parsePacket(): could not receive data: 9
[ 41757][E][WiFiUdp.cpp:221] parsePacket(): could not receive data: 9
[ 41763][E][WiFiUdp.cpp:221] parsePacket(): could not receive data: 9
[ 41770][E][WiFiUdp.cpp:221] parsePacket(): could not receive data: 9
[ 41775][E][WiFiUdp.cpp:221] parsePacket(): could not receive data: 9
[ 41782][E][WiFiUdp.cpp:221] parsePacket(): could not receive data: 9
[ 41788][E][WiFiUdp.cpp:221] parsePacket(): could not receive data: 9
[ 41794][E][WiFiUdp.cpp:221] parsePacket(): could not receive data: 9
[ 41800][E][WiFiUdp.cpp:221] parsePacket(): could not receive data: 9
[ 41806][E][WiFiUdp.cpp:221] parsePacket(): could not receive data: 9
[ 41812][E][WiFiUdp.cpp:221] parsePacket(): could not receive data: 9
[ 41817][E][WiFiUdp.cpp:221] parsePacket(): could not receive data: 9
[ 41824][E][WiFiUdp.cpp:221] parsePacket(): could not receive data: 9
[ 41830][E][WiFiUdp.cpp:221] parsePacket(): could not receive data: 9
[ 41835][E][WiFiUdp.cpp:221] parsePacket(): could not receive data: 9
[ 41842][E][WiFiUdp.cpp:221] parsePacket(): could not receive data: 9
[ 41848][E][WiFiUdp.cpp:221] parsePacket(): could not receive data: 9
[ 41854][E][WiFiUdp.cpp:221] parsePacket(): could not receive data: 9
[ 41859][E][WiFiUdp.cpp:221] parsePacket(): could not receive data: 9
[ 41866][E][WiFiUdp.cpp:221] parsePacket(): could not receive data: 9
[ 41872][E][WiFiUdp.cpp:221] parsePacket(): could not receive data: 9
[ 41877][E][WiFiUdp.cpp:221] parsePacket(): could not receive data: 9
[ 41884][E][WiFiUdp.cpp:221] parsePacket(): could not receive data: 9
[ 41889][E][WiFiUdp.cpp:221] parsePacket(): could not receive data: 9
[ 41895][E][WiFiUdp.cpp:221] parsePacket(): could not receive data: 9
[ 41902][E][WiFiUdp.cpp:221] parsePacket(): could not receive data: 9
[ 41908][E][WiFiUdp.cpp:221] parsePacket(): could not receive data: 9
[ 41914][E][WiFiUdp.cpp:221] parsePacket(): could not receive data: 9
[ 41920][E][WiFiUdp.cpp:221] parsePacket(): could not receive data: 9
[ 41926][E][WiFiUdp.cpp:221] parsePacket(): could not receive data: 9
[ 41932][E][WiFiUdp.cpp:221] parsePacket(): could not receive data: 9
[ 41938][E][WiFiUdp.cpp:221] parsePacket(): could not receive data: 9
[ 41944][E][WiFiUdp.cpp:221] parsePacket(): could not receive data: 9
[ 41950][E][WiFiUdp.cpp:221] parsePacket(): could not receive data: 9
[ 41956][E][WiFiUdp.cpp:221] parsePacket(): could not receive data: 9
[ 41962][E][WiFiUdp.cpp:221] parsePacket(): could not receive data: 9
[ 41968][E][WiFiUdp.cpp:221] parsePacket(): could not receive data: 9
[ 41974][E][WiFiUdp.cpp:221] parsePacket(): could not receive data: 9
[ 41980][E][WiFiUdp.cpp:221] parsePacket(): could not receive data: 9
[ 41985][E][WiFiUdp.cpp:221] parsePacket(): could not receive data: 9
[ 41991][E][WiFiUdp.cpp:221] parsePacket(): could not receive data: 9
[ 41997][E][WiFiUdp.cpp:221] parsePacket(): could not receive data: 9
[ 42003][E][WiFiUdp.cpp:221] parsePacket(): could not receive data: 9
[ 42009][E][WiFiUdp.cpp:221] parsePacket(): could not receive data: 9
[ 42015][E][WiFiUdp.cpp:221] parsePacket(): could not receive data: 9
[ 42020][E][WiFiUdp.cpp:221] parsePacket(): could not receive data: 9
[ 42026][E][WiFiUdp.cpp:221] parsePacket(): could not receive data: 9
[ 42033][E][WiFiUdp.cpp:221] parsePacket(): could not receive data: 9
[ 42039][E][WiFiUdp.cpp:221] parsePacket(): could not receive data: 9
[ 42044][E][WiFiUdp.cpp:221] parsePacket(): could not receive data: 9
[ 42050][E][WiFiUdp.cpp:221] parsePacket(): could not receive data: 9
[ 42057][E][WiFiUdp.cpp:221] parsePacket(): could not receive data: 9
[ 42062][E][WiFiUdp.cpp:221] parsePacket(): could not receive data: 9
[ 42068][E][WiFiUdp.cpp:221] parsePacket(): could not receive data: 9
[ 42074][E][WiFiUdp.cpp:221] parsePacket(): could not receive data: 9
[ 42080][E][WiFiUdp.cpp:221] parsePacket(): could not receive data: 9
[ 42086][E][WiFiUdp.cpp:221] parsePacket(): could not receive data: 9
[ 42093][E][WiFiUdp.cpp:221] parsePacket(): could not receive data: 9
[ 42099][E][WiFiUdp.cpp:221] parsePacket(): could not receive data: 9
[ 42104][E][WiFiUdp.cpp:221] parsePacket(): could not receive data: 9
[ 42110][E][WiFiUdp.cpp:221] parsePacket(): could not receive data: 9
[ 42116][E][WiFiUdp.cpp:221] parsePacket(): could not receive data: 9
[ 42122][E][WiFiUdp.cpp:221] parsePacket(): could not receive data: 9
[ 42129][E][WiFiUdp.cpp:221] parsePacket(): could not receive data: 9
[ 42134][E][WiFiUdp.cpp:221] parsePacket(): could not receive data: 9
[ 42140][E][WiFiUdp.cpp:221] parsePacket(): could not receive data: 9
[ 42146][E][WiFiUdp.cpp:221] parsePacket(): could not receive data: 9
[ 42152][E][WiFiUdp.cpp:221] parsePacket(): could not receive data: 9
[ 42158][E][WiFiUdp.cpp:221] parsePacket(): could not receive data: 9
[ 42165][E][WiFiUdp.cpp:221] parsePacket(): could not receive data: 9
[ 42170][E][WiFiUdp.cpp:221] parsePacket(): could not receive data: 9
[ 42176][E][WiFiUdp.cpp:221] parsePacket(): could not receive data: 9
[ 42182][E][WiFiUdp.cpp:221] parsePacket(): could not receive data: 9
[ 42189][E][WiFiUdp.cpp:221] parsePacket(): could not receive data: 9
[ 42195][E][WiFiUdp.cpp:221] parsePacket(): could not receive data: 9
[ 42200][E][WiFiUdp.cpp:221] parsePacket(): could not receive data: 9
[ 42206][E][WiFiUdp.cpp:221] parsePacket(): could not receive data: 9
[ 42212][E][WiFiUdp.cpp:221] parsePacket(): could not receive data: 9
[ 42218][E][WiFiUdp.cpp:221] parsePacket(): could not receive data: 9
[ 42224][E][WiFiUdp.cpp:221] parsePacket(): could not receive data: 9
[ 42230][E][WiFiUdp.cpp:221] parsePacket(): could not receive data: 9
[ 42237][E][WiFiUdp.cpp:221] parsePacket(): could not receive data: 9
[ 42242][E][WiFiUdp.cpp:221] parsePacket(): could not receive data: 9
[ 42248][E][WiFiUdp.cpp:221] parsePacket(): could not receive data: 9
[ 42254][E][WiFiUdp.cpp:221] parsePacket(): could not receive data: 9
[ 42260][E][WiFiUdp.cpp:221] parsePacket(): could not receive data: 9
[ 42266][E][WiFiUdp.cpp:221] parsePacket(): could not receive data: 9
[ 42272][E][WiFiUdp.cpp:221] parsePacket(): could not receive data: 9
[ 42278][E][WiFiUdp.cpp:221] parsePacket(): could not receive data: 9
[ 42284][E][WiFiUdp.cpp:221] parsePacket(): could not receive data: 9
[ 42290][E][WiFiUdp.cpp:221] parsePacket(): could not receive data: 9
[ 42296][E][WiFiUdp.cpp:221] parsePacket(): could not receive data: 9
[ 42302][E][WiFiUdp.cpp:221] parsePacket(): could not receive data: 9
[ 42308][E][WiFiUdp.cpp:221] parsePacket(): could not receive data: 9
[ 42315][E][WiFiUdp.cpp:221] parsePacket(): could not receive data: 9
[ 42320][E][WiFiUdp.cpp:221] parsePacket(): could not receive data: 9
[ 42326][E][WiFiUdp.cpp:221] parsePacket(): could not receive data: 9
[ 42333][E][WiFiUdp.cpp:221] parsePacket(): could not receive data: 9
[ 42338][E][WiFiUdp.cpp:221] parsePacket(): could not receive data: 9
[ 42344][E][WiFiUdp.cpp:221] parsePacket(): could not receive data: 9
[ 42351][E][WiFiUdp.cpp:221] parsePacket(): could not receive data: 9
[ 42356][E][WiFiUdp.cpp:221] parsePacket(): could not receive data: 9
[ 42363][E][WiFiUdp.cpp:221] parsePacket(): could not receive data: 9
[ 42368][E][WiFiUdp.cpp:221] parsePacket(): could not receive data: 9
[ 42374][E][WiFiUdp.cpp:221] parsePacket(): could not receive data: 9
[ 42380][E][WiFiUdp.cpp:221] parsePacket(): could not receive data: 9
[ 42386][E][WiFiUdp.cpp:221] parsePacket(): could not receive data: 9
[ 42392][E][WiFiUdp.cpp:221] parsePacket(): could not receive data: 9
[ 42399][E][WiFiUdp.cpp:221] parsePacket(): could not receive data: 9
[ 42405][E][WiFiUdp.cpp:221] parsePacket(): could not receive data: 9
[ 42411][E][WiFiUdp.cpp:221] parsePacket(): could not receive data: 9
[ 42417][E][WiFiUdp.cpp:221] parsePacket(): could not receive data: 9
[ 42423][E][WiFiUdp.cpp:221] parsePacket(): could not receive data: 9
[ 42429][E][WiFiUdp.cpp:221] parsePacket(): could not receive data: 9
[ 42435][E][WiFiUdp.cpp:221] parsePacket(): could not receive data: 9
[ 42441][E][WiFiUdp.cpp:221] parsePacket(): could not receive data: 9
[ 42446][E][WiFiUdp.cpp:221] parsePacket(): could not receive data: 9
[ 42453][E][WiFiUdp.cpp:221] parsePacket(): could not receive data: 9
[ 42459][E][WiFiUdp.cpp:221] parsePacket(): could not receive data: 9
[ 42465][E][WiFiUdp.cpp:221] parsePacket(): could not receive data: 9
[ 42471][E][WiFiUdp.cpp:221] parsePacket(): could not receive data: 9
[ 42477][E][WiFiUdp.cpp:221] parsePacket(): could not receive data: 9
[ 42483][E][WiFiUdp.cpp:221] parsePacket(): could not receive data: 9
[ 42489][E][WiFiUdp.cpp:221] parsePacket(): could not receive data: 9
[ 42495][E][WiFiUdp.cpp:221] parsePacket(): could not receive data: 9
[ 42501][E][WiFiUdp.cpp:221] parsePacket(): could not receive data: 9
[ 42506][E][WiFiUdp.cpp:221] parsePacket(): could not receive data: 9
[ 42512][E][WiFiUdp.cpp:221] parsePacket(): could not receive data: 9
[ 42518][E][WiFiUdp.cpp:221] parsePacket(): could not receive data: 9
[ 42524][E][WiFiUdp.cpp:221] parsePacket(): could not receive data: 9
[ 42530][E][WiFiUdp.cpp:221] parsePacket(): could not receive data: 9
[ 42536][E][WiFiUdp.cpp:221] parsePacket(): could not receive data: 9
[ 42542][E][WiFiUdp.cpp:221] parsePacket(): could not receive data: 9
[ 42549][E][WiFiUdp.cpp:221] parsePacket(): could not receive data: 9
[ 42555][E][WiFiUdp.cpp:221] parsePacket(): could not receive data: 9
[ 42560][E][WiFiUdp.cpp:221] parsePacket(): could not receive data: 9
[ 42566][E][WiFiUdp.cpp:221] parsePacket(): could not receive data: 9
[ 42572][E][WiFiUdp.cpp:221] parsePacket(): could not receive data: 9
[ 42579][E][WiFiUdp.cpp:221] parsePacket(): could not receive data: 9
[ 42584][E][WiFiUdp.cpp:221] parsePacket(): could not receive data: 9
[ 42591][E][WiFiUdp.cpp:221] parsePacket(): could not receive data: 9
[ 42597][E][WiFiUdp.cpp:221] parsePacket(): could not receive data: 9
[ 42602][E][WiFiUdp.cpp:221] parsePacket(): could not receive data: 9
[ 42609][E][WiFiUdp.cpp:221] parsePacket(): could not receive data: 9
[ 42615][E][WiFiUdp.cpp:221] parsePacket(): could not receive data: 9
[ 42621][E][WiFiUdp.cpp:221] parsePacket(): could not receive data: 9
[ 42626][E][WiFiUdp.cpp:221] parsePacket(): could not receive data: 9
[ 42632][E][WiFiUdp.cpp:221] parsePacket(): could not receive data: 9
[ 42639][E][WiFiUdp.cpp:221] parsePacket(): could not receive data: 9
[ 42644][E][WiFiUdp.cpp:221] parsePacket(): could not receive data: 9
[ 42650][E][WiFiUdp.cpp:221] parsePacket(): could not receive data: 9
[ 42657][E][WiFiUdp.cpp:221] parsePacket(): could not receive data: 9
[ 42662][E][WiFiUdp.cpp:221] parsePacket(): could not receive data: 9
[ 42668][E][WiFiUdp.cpp:221] parsePacket(): could not receive data: 9
[ 42675][E][WiFiUdp.cpp:221] parsePacket(): could not receive data: 9
[ 42681][E][WiFiUdp.cpp:221] parsePacket(): could not receive data: 9
[ 42687][E][WiFiUdp.cpp:221] parsePacket(): could not receive data: 9
[ 42692][E][WiFiUdp.cpp:221] parsePacket(): could not receive data: 9
[ 42699][E][WiFiUdp.cpp:221] parsePacket(): could not receive data: 9
[ 42705][E][WiFiUdp.cpp:221] parsePacket(): could not receive data: 9
[ 42711][E][WiFiUdp.cpp:221] parsePacket(): could not receive data: 9
[ 42717][E][WiFiUdp.cpp:221] parsePacket(): could not receive data: 9
[ 42723][E][WiFiUdp.cpp:221] parsePacket(): could not receive data: 9
[ 42729][E][WiFiUdp.cpp:221] parsePacket(): could not receive data: 9
[ 42735][E][WiFiUdp.cpp:221] parsePacket(): could not receive data: 9
[ 42741][E][WiFiUdp.cpp:221] parsePacket(): could not receive data: 9
[ 42747][E][WiFiUdp.cpp:221] parsePacket(): could not receive data: 9
[ 42753][E][WiFiUdp.cpp:221] parsePacket(): could not receive data: 9
[ 42759][E][WiFiUdp.cpp:221] parsePacket(): could not receive data: 9
[ 42765][E][WiFiUdp.cpp:221] parsePacket(): could not receive data: 9
[ 42771][E][WiFiUdp.cpp:221] parsePacket(): could not receive data: 9
[ 42777][E][WiFiUdp.cpp:221] parsePacket(): could not receive data: 9
[ 42783][E][WiFiUdp.cpp:221] parsePacket(): could not receive data: 9
[ 42789][E][WiFiUdp.cpp:221] parsePacket(): could not receive data: 9
[ 42794][E][WiFiUdp.cpp:221] parsePacket(): could not receive data: 9
[ 42801][E][WiFiUdp.cpp:221] parsePacket(): could not receive data: 9
[ 42807][E][WiFiUdp.cpp:221] parsePacket(): could not receive data: 9
[ 42813][E][WiFiUdp.cpp:221] parsePacket(): could not receive data: 9
[ 42818][E][WiFiUdp.cpp:221] parsePacket(): could not receive data: 9
[ 42825][E][WiFiUdp.cpp:221] parsePacket(): could not receive data: 9
[ 42831][E][WiFiUdp.cpp:221] parsePacket(): could not receive data: 9
[ 42837][E][WiFiUdp.cpp:221] parsePacket(): could not receive data: 9
[ 42843][E][WiFiUdp.cpp:221] parsePacket(): could not receive data: 9
[ 42849][E][WiFiUdp.cpp:221] parsePacket(): could not receive data: 9
[ 42854][E][WiFiUdp.cpp:221] parsePacket(): could not receive data: 9
[ 42861][E][WiFiUdp.cpp:221] parsePacket(): could not receive data: 9
[ 42867][E][WiFiUdp.cpp:221] parsePacket(): could not receive data: 9
[ 42873][E][WiFiUdp.cpp:221] parsePacket(): could not receive data: 9
[ 42879][E][WiFiUdp.cpp:221] parsePacket(): could not receive data: 9
[ 42884][E][WiFiUdp.cpp:221] parsePacket(): could not receive data: 9
[ 42890][E][WiFiUdp.cpp:221] parsePacket(): could not receive data: 9
[ 42896][E][WiFiUdp.cpp:221] parsePacket(): could not receive data: 9
[ 42903][E][WiFiUdp.cpp:221] parsePacket(): could not receive data: 9
[ 42909][E][WiFiUdp.cpp:221] parsePacket(): could not receive data: 9
[ 42914][E][WiFiUdp.cpp:221] parsePacket(): could not receive data: 9
[ 42921][E][WiFiUdp.cpp:221] parsePacket(): could not receive data: 9
[ 42927][E][WiFiUdp.cpp:221] parsePacket(): could not receive data: 9
[ 42933][E][WiFiUdp.cpp:221] parsePacket(): could not receive data: 9
[ 42939][E][WiFiUdp.cpp:221] parsePacket(): could not receive data: 9
[ 42945][E][WiFiUdp.cpp:221] parsePacket(): could not receive data: 9
[ 42951][E][WiFiUdp.cpp:221] parsePacket(): could not receive data: 9
[ 42957][E][WiFiUdp.cpp:221] parsePacket(): could not receive data: 9
[ 42963][E][WiFiUdp.cpp:221] parsePacket(): could not receive data: 9
[ 42969][E][WiFiUdp.cpp:221] parsePacket(): could not receive data: 9
[ 42975][E][WiFiUdp.cpp:221] parsePacket(): could not receive data: 9
[ 42981][E][WiFiUdp.cpp:221] parsePacket(): could not receive data: 9
[ 42987][E][WiFiUdp.cpp:221] parsePacket(): could not receive data: 9
[ 42993][E][WiFiUdp.cpp:221] parsePacket(): could not receive data: 9
[ 42999][E][WiFiUdp.cpp:221] parsePacket(): could not receive data: 9
[ 43005][E][WiFiUdp.cpp:221] parsePacket(): could not receive data: 9
[ 43011][E][WiFiUdp.cpp:221] parsePacket(): could not receive data: 9
[ 43017][E][WiFiUdp.cpp:221] parsePacket(): could not receive data: 9
[ 43023][E][WiFiUdp.cpp:221] parsePacket(): could not receive data: 9
[ 43029][E][WiFiUdp.cpp:221] parsePacket(): could not receive data: 9
[ 43035][E][WiFiUdp.cpp:221] parsePacket(): could not receive data: 9
[ 43041][E][WiFiUdp.cpp:221] parsePacket(): could not receive data: 9
[ 43047][E][WiFiUdp.cpp:221] parsePacket(): could not receive data: 9
[ 43053][E][WiFiUdp.cpp:221] parsePacket(): could not receive data: 9
[ 43059][E][WiFiUdp.cpp:221] parsePacket(): could not receive data: 9
[ 43065][E][WiFiUdp.cpp:221] parsePacket(): could not receive data: 9
[ 43071][E][WiFiUdp.cpp:221] parsePacket(): could not receive data: 9
[ 43077][E][WiFiUdp.cpp:221] parsePacket(): could not receive data: 9
[ 43083][E][WiFiUdp.cpp:221] parsePacket(): could not receive data: 9
[ 43088][E][WiFiUdp.cpp:221] parsePacket(): could not receive data: 9
[ 43095][E][WiFiUdp.cpp:221] parsePacket(): could not receive data: 9
[ 43101][E][WiFiUdp.cpp:221] parsePacket(): could not receive data: 9
[ 43107][E][WiFiUdp.cpp:221] parsePacket(): could not receive data: 9
[ 43113][E][WiFiUdp.cpp:221] parsePacket(): could not receive data: 9
[ 43119][E][WiFiUdp.cpp:221] parsePacket(): could not receive data: 9
[ 43125][E][WiFiUdp.cpp:221] parsePacket(): could not receive data: 9
[ 43131][E][WiFiUdp.cpp:221] parsePacket(): could not receive data: 9
[ 43137][E][WiFiUdp.cpp:221] parsePacket(): could not receive data: 9
[ 43143][E][WiFiUdp.cpp:221] parsePacket(): could not receive data: 9
[ 43149][E][WiFiUdp.cpp:221] parsePacket(): could not receive data: 9
[ 43155][E][WiFiUdp.cpp:221] parsePacket(): could not receive data: 9
[ 43161][E][WiFiUdp.cpp:221] parsePacket(): could not receive data: 9
[ 43167][E][WiFiUdp.cpp:221] parsePacket(): could not receive data: 9
[ 43172][E][WiFiUdp.cpp:221] parsePacket(): could not receive data: 9
[ 43179][E][WiFiUdp.cpp:221] parsePacket(): could not receive data: 9
[ 43185][E][WiFiUdp.cpp:221] parsePacket(): could not receive data: 9
[ 43191][E][WiFiUdp.cpp:221] parsePacket(): could not receive data: 9
[ 43197][E][WiFiUdp.cpp:221] parsePacket(): could not receive data: 9
[ 43204][E][WiFiUdp.cpp:221] parsePacket(): could not receive data: 9
[ 43212][E][WiFiUdp.cpp:221] parsePacket(): could not receive data: 9
[ 43221][E][WiFiUdp.cpp:221] parsePacket(): could not receive data: 9
[ 43229][E][WiFiUdp.cpp:221] parsePacket(): could not receive data: 9
[ 43237][E][WiFiUdp.cpp:221] parsePacket(): could not receive data: 9
[ 43243][E][WiFiUdp.cpp:221] parsePacket(): could not receive data: 9
[ 43250][E][WiFiUdp.cpp:221] parsePacket(): could not receive data: 9
[ 43256][E][WiFiUdp.cpp:221] parsePacket(): could not receive data: 9
[ 43263][E][WiFiUdp.cpp:221] parsePacket(): could not receive data: 9
[ 43270][E][WiFiUdp.cpp:221] parsePacket(): could not receive data: 9
[ 43277][E][WiFiUdp.cpp:221] parsePacket(): could not receive data: 9
[ 43284][E][WiFiUdp.cpp:221] parsePacket(): could not receive data: 9
[ 43291][E][WiFiUdp.cpp:221] parsePacket(): could not receive data: 9
[ 43298][E][WiFiUdp.cpp:221] parsePacket(): could not receive data: 9
[ 43305][E][WiFiUdp.cpp:221] parsePacket(): could not receive data: 9
[ 43312][E][WiFiUdp.cpp:221] parsePacket(): could not receive data: 9
[ 43319][E][WiFiUdp.cpp:221] parsePacket(): could not receive data: 9
[ 43326][E][WiFiUdp.cpp:221] parsePacket(): could not receive data: 9
[ 43333][E][WiFiUdp.cpp:221] parsePacket(): could not receive data: 9
[ 43340][E][WiFiUdp.cpp:221] parsePacket(): could not receive data: 9
[ 43347][E][WiFiUdp.cpp:221] parsePacket(): could not receive data: 9
[ 43354][E][WiFiUdp.cpp:221] parsePacket(): could not receive data: 9
[ 43361][E][WiFiUdp.cpp:221] parsePacket(): could not receive data: 9
[ 43368][E][WiFiUdp.cpp:221] parsePacket(): could not receive data: 9
[ 43375][E][WiFiUdp.cpp:221] parsePacket(): could not receive data: 9
[ 43382][E][WiFiUdp.cpp:221] parsePacket(): could not receive data: 9
[ 43389][E][WiFiUdp.cpp:221] parsePacket(): could not receive data: 9
[ 43395][E][WiFiUdp.cpp:221] parsePacket(): could not receive data: 9
[ 43401][E][WiFiUdp.cpp:221] parsePacket(): could not receive data: 9
[ 43407][E][WiFiUdp.cpp:221] parsePacket(): could not receive data: 9
[ 43413][E][WiFiUdp.cpp:221] parsePacket(): could not receive data: 9
[ 43419][E][WiFiUdp.cpp:221] parsePacket(): could not receive data: 9
[ 43425][E][WiFiUdp.cpp:221] parsePacket(): could not receive data: 9
[ 43431][E][WiFiUdp.cpp:221] parsePacket(): could not receive data: 9
[ 43436][E][WiFiUdp.cpp:221] parsePacket(): could not receive data: 9
[ 43443][E][WiFiUdp.cpp:221] parsePacket(): could not receive data: 9
[ 43449][E][WiFiUdp.cpp:221] parsePacket(): could not receive data: 9
[ 43455][E][WiFiUdp.cpp:221] parsePacket(): could not receive data: 9
[ 43461][E][WiFiUdp.cpp:221] parsePacket(): could not receive data: 9
[ 43467][E][WiFiUdp.cpp:221] parsePacket(): could not receive data: 9
[ 43473][E][WiFiUdp.cpp:221] parsePacket(): could not receive data: 9
[ 43479][E][WiFiUdp.cpp:221] parsePacket(): could not receive data: 9
[ 43485][E][WiFiUdp.cpp:221] parsePacket(): could not receive data: 9
[ 43491][E][WiFiUdp.cpp:221] parsePacket(): could not receive data: 9
[ 43497][E][WiFiUdp.cpp:221] parsePacket(): could not receive data: 9
[ 43503][E][WiFiUdp.cpp:221] parsePacket(): could not receive data: 9
[ 43509][E][WiFiUdp.cpp:221] parsePacket(): could not receive data: 9
[ 43515][E][WiFiUdp.cpp:221] parsePacket(): could not receive data: 9
[ 43521][E][WiFiUdp.cpp:221] parsePacket(): could not receive data: 9
[ 43527][E][WiFiUdp.cpp:221] parsePacket(): could not receive data: 9
[ 43533][E][WiFiUdp.cpp:221] parsePacket(): could not receive data: 9
[ 43539][E][WiFiUdp.cpp:221] parsePacket(): could not receive data: 9
[ 43545][E][WiFiUdp.cpp:221] parsePacket(): could not receive data: 9
[ 43551][E][WiFiUdp.cpp:221] parsePacket(): could not receive data: 9
[ 43557][E][WiFiUdp.cpp:221] parsePacket(): could not receive data: 9
[ 43563][E][WiFiUdp.cpp:221] parsePacket(): could not receive data: 9
[ 43569][E][WiFiUdp.cpp:221] parsePacket(): could not receive data: 9
[ 43575][E][WiFiUdp.cpp:221] parsePacket(): could not receive data: 9
[ 43581][E][WiFiUdp.cpp:221] parsePacket(): could not receive data: 9
[ 43587][E][WiFiUdp.cpp:221] parsePacket(): could not receive data: 9
[ 43593][E][WiFiUdp.cpp:221] parsePacket(): could not receive data: 9
[ 43599][E][WiFiUdp.cpp:221] parsePacket(): could not receive data: 9
[ 43605][E][WiFiUdp.cpp:221] parsePacket(): could not receive data: 9
[ 43611][E][WiFiUdp.cpp:221] parsePacket(): could not receive data: 9
[ 43617][E][WiFiUdp.cpp:221] parsePacket(): could not receive data: 9
[ 43623][E][WiFiUdp.cpp:221] parsePacket(): could not receive data: 9
[ 43629][E][WiFiUdp.cpp:221] parsePacket(): could not receive data: 9
[ 43635][E][WiFiUdp.cpp:221] parsePacket(): could not receive data: 9
[ 43641][E][WiFiUdp.cpp:221] parsePacket(): could not receive data: 9
[ 43647][E][WiFiUdp.cpp:221] parsePacket(): could not receive data: 9
[ 43653][E][WiFiUdp.cpp:221] parsePacket(): could not receive data: 9
[ 43659][E][WiFiUdp.cpp:221] parsePacket(): could not receive data: 9
[ 43665][E][WiFiUdp.cpp:221] parsePacket(): could not receive data: 9
[ 43670][E][WiFiUdp.cpp:221] parsePacket(): could not receive data: 9
[ 43676][E][WiFiUdp.cpp:221] parsePacket(): could not receive data: 9
[ 43682][E][WiFiUdp.cpp:221] parsePacket(): could not receive data: 9
[ 43689][E][WiFiUdp.cpp:221] parsePacket(): could not receive data: 9
[ 43695][E][WiFiUdp.cpp:221] parsePacket(): could not receive data: 9
[ 43701][E][WiFiUdp.cpp:221] parsePacket(): could not receive data: 9
[ 43707][E][WiFiUdp.cpp:221] parsePacket(): could not receive data: 9
[ 43713][E][WiFiUdp.cpp:221] parsePacket(): could not receive data: 9
[ 43719][E][WiFiUdp.cpp:221] parsePacket(): could not receive data: 9
[ 43725][E][WiFiUdp.cpp:221] parsePacket(): could not receive data: 9
[ 43731][E][WiFiUdp.cpp:221] parsePacket(): could not receive data: 9
[ 43737][E][WiFiUdp.cpp:221] parsePacket(): could not receive data: 9
[ 43743][E][WiFiUdp.cpp:221] parsePacket(): could not receive data: 9
[ 43749][E][WiFiUdp.cpp:221] parsePacket(): could not receive data: 9
[ 43755][E][WiFiUdp.cpp:221] parsePacket(): could not receive data: 9
[ 43761][E][WiFiUdp.cpp:221] parsePacket(): could not receive data: 9
[ 43767][E][WiFiUdp.cpp:221] parsePacket(): could not receive data: 9
[ 43772][E][WiFiUdp.cpp:221] parsePacket(): could not receive data: 9
[ 43779][E][WiFiUdp.cpp:221] parsePacket(): could not receive data: 9
[ 43785][E][WiFiUdp.cpp:221] parsePacket(): could not receive data: 9
[ 43791][E][WiFiUdp.cpp:221] parsePacket(): could not receive data: 9
[ 43797][E][WiFiUdp.cpp:221] parsePacket(): could not receive data: 9
[ 43803][E][WiFiUdp.cpp:221] parsePacket(): could not receive data: 9
[ 43809][E][WiFiUdp.cpp:221] parsePacket(): could not receive data: 9
[ 43815][E][WiFiUdp.cpp:221] parsePacket(): could not receive data: 9
[ 43821][E][WiFiUdp.cpp:221] parsePacket(): could not receive data: 9
[ 43827][E][WiFiUdp.cpp:221] parsePacket(): could not receive data: 9
[ 43833][E][WiFiUdp.cpp:221] parsePacket(): could not receive data: 9
[ 43839][E][WiFiUdp.cpp:221] parsePacket(): could not receive data: 9
[ 43845][E][WiFiUdp.cpp:221] parsePacket(): could not receive data: 9
[ 43851][E][WiFiUdp.cpp:221] parsePacket(): could not receive data: 9
[ 43857][E][WiFiUdp.cpp:221] parsePacket(): could not receive data: 9
[ 43863][E][WiFiUdp.cpp:221] parsePacket(): could not receive data: 9
[ 43869][E][WiFiUdp.cpp:221] parsePacket(): could not receive data: 9
[ 43875][E][WiFiUdp.cpp:221] parsePacket(): could not receive data: 9
[ 43881][E][WiFiUdp.cpp:221] parsePacket(): could not receive data: 9
[ 43887][E][WiFiUdp.cpp:221] parsePacket(): could not receive data: 9
[ 43893][E][WiFiUdp.cpp:221] parsePacket(): could not receive data: 9
[ 43899][E][WiFiUdp.cpp:221] parsePacket(): could not receive data: 9
[ 43905][E][WiFiUdp.cpp:221] parsePacket(): could not receive data: 9
[ 43911][E][WiFiUdp.cpp:221] parsePacket(): could not receive data: 9
[ 43917][E][WiFiUdp.cpp:221] parsePacket(): could not receive data: 9
[ 43923][E][WiFiUdp.cpp:221] parsePacket(): could not receive data: 9
[ 43929][E][WiFiUdp.cpp:221] parsePacket(): could not receive data: 9
[ 43935][E][WiFiUdp.cpp:221] parsePacket(): could not receive data: 9
[ 43941][E][WiFiUdp.cpp:221] parsePacket(): could not receive data: 9
[ 43947][E][WiFiUdp.cpp:221] parsePacket(): could not receive data: 9
[ 43953][E][WiFiUdp.cpp:221] parsePacket(): could not receive data: 9
[ 43959][E][WiFiUdp.cpp:221] parsePacket(): could not receive data: 9
[ 43965][E][WiFiUdp.cpp:221] parsePacket(): could not receive data: 9
[ 43970][E][WiFiUdp.cpp:221] parsePacket(): could not receive data: 9
[ 43976][E][WiFiUdp.cpp:221] parsePacket(): could not receive data: 9
[ 43982][E][WiFiUdp.cpp:221] parsePacket(): could not receive data: 9
[ 43988][E][WiFiUdp.cpp:221] parsePacket(): could not receive data: 9
[ 43995][E][WiFiUdp.cpp:221] parsePacket(): could not receive data: 9
[ 44001][E][WiFiUdp.cpp:221] parsePacket(): could not receive data: 9
[ 44007][E][WiFiUdp.cpp:221] parsePacket(): could not receive data: 9
[ 44012][E][WiFiUdp.cpp:221] parsePacket(): could not receive data: 9
[ 44019][E][WiFiUdp.cpp:221] parsePacket(): could not receive data: 9
[ 44025][E][WiFiUdp.cpp:221] parsePacket(): could not receive data: 9
[ 44031][E][WiFiUdp.cpp:221] parsePacket(): could not receive data: 9
[ 44037][E][WiFiUdp.cpp:221] parsePacket(): could not receive data: 9
[ 44043][E][WiFiUdp.cpp:221] parsePacket(): could not receive data: 9
[ 44049][E][WiFiUdp.cpp:221] parsePacket(): could not receive data: 9
[ 44055][E][WiFiUdp.cpp:221] parsePacket(): could not receive data: 9
[ 44061][E][WiFiUdp.cpp:221] parsePacket(): could not receive data: 9
[ 44067][E][WiFiUdp.cpp:221] parsePacket(): could not receive data: 9
[ 44073][E][WiFiUdp.cpp:221] parsePacket(): could not receive data: 9
[ 44078][E][WiFiUdp.cpp:221] parsePacket(): could not receive data: 9
[ 44085][E][WiFiUdp.cpp:221] parsePacket(): could not receive data: 9
[ 44090][E][WiFiUdp.cpp:221] parsePacket(): could not receive data: 9
[ 44097][E][WiFiUdp.cpp:221] parsePacket(): could not receive data: 9
[ 44102][E][WiFiUdp.cpp:221] parsePacket(): could not receive data: 9
[ 44108][E][WiFiUdp.cpp:221] parsePacket(): could not receive data: 9
[ 44115][E][WiFiUdp.cpp:221] parsePacket(): could not receive data: 9
[ 44120][E][WiFiUdp.cpp:221] parsePacket(): could not receive data: 9
[ 44127][E][WiFiUdp.cpp:221] parsePacket(): could not receive data: 9
[ 44132][E][WiFiUdp.cpp:221] parsePacket(): could not receive data: 9
[ 44139][E][WiFiUdp.cpp:221] parsePacket(): could not receive data: 9
[ 44145][E][WiFiUdp.cpp:221] parsePacket(): could not receive data: 9
[ 44151][E][WiFiUdp.cpp:221] parsePacket(): could not receive data: 9
[ 44156][E][WiFiUdp.cpp:221] parsePacket(): could not receive data: 9
[ 44162][E][WiFiUdp.cpp:221] parsePacket(): could not receive data: 9
[ 44168][E][WiFiUdp.cpp:221] parsePacket(): could not receive data: 9
[ 44175][E][WiFiUdp.cpp:221] parsePacket(): could not receive data: 9
[ 44181][E][WiFiUdp.cpp:221] parsePacket(): could not receive data: 9
[ 44187][E][WiFiUdp.cpp:221] parsePacket(): could not receive data: 9
[ 44193][E][WiFiUdp.cpp:221] parsePacket(): could not receive data: 9
[ 44199][E][WiFiUdp.cpp:221] parsePacket(): could not receive data: 9
[ 44205][E][WiFiUdp.cpp:221] parsePacket(): could not receive data: 9
[ 44211][E][WiFiUdp.cpp:221] parsePacket(): could not receive data: 9
[ 44217][E][WiFiUdp.cpp:221] parsePacket(): could not receive data: 9
[ 44223][E][WiFiUdp.cpp:221] parsePacket(): could not receive data: 9
[ 44229][E][WiFiUdp.cpp:221] parsePacket(): could not receive data: 9
[ 44235][E][WiFiUdp.cpp:221] parsePacket(): could not receive data: 9
[ 44241][E][WiFiUdp.cpp:221] parsePacket(): could not receive data: 9
[ 44247][E][WiFiUdp.cpp:221] parsePacket(): could not receive data: 9
[ 44253][E][WiFiUdp.cpp:221] parsePacket(): could not receive data: 9
[ 44259][E][WiFiUdp.cpp:221] parsePacket(): could not receive data: 9
[ 44265][E][WiFiUdp.cpp:221] parsePacket(): could not receive data: 9
[ 44271][E][WiFiUdp.cpp:221] parsePacket(): could not receive data: 9
[ 44277][E][WiFiUdp.cpp:221] parsePacket(): could not receive data: 9
[ 44283][E][WiFiUdp.cpp:221] parsePacket(): could not receive data: 9
[ 44288][E][WiFiUdp.cpp:221] parsePacket(): could not receive data: 9
[ 44294][E][WiFiUdp.cpp:221] parsePacket(): could not receive data: 9
[ 44300][E][WiFiUdp.cpp:221] parsePacket(): could not receive data: 9
[ 44306][E][WiFiUdp.cpp:221] parsePacket(): could not receive data: 9
[ 44313][E][WiFiUdp.cpp:221] parsePacket(): could not receive data: 9
[ 44319][E][WiFiUdp.cpp:221] parsePacket(): could not receive data: 9
[ 44325][E][WiFiUdp.cpp:221] parsePacket(): could not receive data: 9
[ 44331][E][WiFiUdp.cpp:221] parsePacket(): could not receive data: 9
[ 44337][E][WiFiUdp.cpp:221] parsePacket(): could not receive data: 9
[ 44343][E][WiFiUdp.cpp:221] parsePacket(): could not receive data: 9
[ 44349][E][WiFiUdp.cpp:221] parsePacket(): could not receive data: 9
[ 44354][E][WiFiUdp.cpp:221] parsePacket(): could not receive data: 9
[ 44361][E][WiFiUdp.cpp:221] parsePacket(): could not receive data: 9
[ 44367][E][WiFiUdp.cpp:221] parsePacket(): could not receive data: 9
[ 44373][E][WiFiUdp.cpp:221] parsePacket(): could not receive data: 9
[ 44378][E][WiFiUdp.cpp:221] parsePacket(): could not receive data: 9
[ 44385][E][WiFiUdp.cpp:221] parsePacket(): could not receive data: 9
[ 44391][E][WiFiUdp.cpp:221] parsePacket(): could not receive data: 9
[ 44397][E][WiFiUdp.cpp:221] parsePacket(): could not receive data: 9
[ 44403][E][WiFiUdp.cpp:221] parsePacket(): could not receive data: 9
[ 44409][E][WiFiUdp.cpp:221] parsePacket(): could not receive data: 9
[ 44415][E][WiFiUdp.cpp:221] parsePacket(): could not receive data: 9
[ 44421][E][WiFiUdp.cpp:221] parsePacket(): could not receive data: 9
[ 44427][E][WiFiUdp.cpp:221] parsePacket(): could not receive data: 9
[ 44433][E][WiFiUdp.cpp:221] parsePacket(): could not receive data: 9
[ 44439][E][WiFiUdp.cpp:221] parsePacket(): could not receive data: 9
[ 44445][E][WiFiUdp.cpp:221] parsePacket(): could not receive data: 9
[ 44451][E][WiFiUdp.cpp:221] parsePacket(): could not receive data: 9
[ 44457][E][WiFiUdp.cpp:221] parsePacket(): could not receive data: 9
[ 44463][E][WiFiUdp.cpp:221] parsePacket(): could not receive data: 9
[ 44469][E][WiFiUdp.cpp:221] parsePacket(): could not receive data: 9
[ 44475][E][WiFiUdp.cpp:221] parsePacket(): could not receive data: 9
[ 44481][E][WiFiUdp.cpp:221] parsePacket(): could not receive data: 9
[ 44487][E][WiFiUdp.cpp:221] parsePacket(): could not receive data: 9
[ 44492][E][WiFiUdp.cpp:221] parsePacket(): could not receive data: 9
[ 44499][E][WiFiUdp.cpp:221] parsePacket(): could not receive data: 9
[ 44505][E][WiFiUdp.cpp:221] parsePacket(): could not receive data: 9
[ 44511][E][WiFiUdp.cpp:221] parsePacket(): could not receive data: 9
[ 44517][E][WiFiUdp.cpp:221] parsePacket(): could not receive data: 9
[ 44523][E][WiFiUdp.cpp:221] parsePacket(): could not receive data: 9
[ 44529][E][WiFiUdp.cpp:221] parsePacket(): could not receive data: 9
[ 44535][E][WiFiUdp.cpp:221] parsePacket(): could not receive data: 9
[ 44541][E][WiFiUdp.cpp:221] parsePacket(): could not receive data: 9
[ 44547][E][WiFiUdp.cpp:221] parsePacket(): could not receive data: 9
[ 44553][E][WiFiUdp.cpp:221] parsePacket(): could not receive data: 9
[ 44559][E][WiFiUdp.cpp:221] parsePacket(): could not receive data: 9
[ 44565][E][WiFiUdp.cpp:221] parsePacket(): could not receive data: 9
[ 44571][E][WiFiUdp.cpp:221] parsePacket(): could not receive data: 9
[ 44577][E][WiFiUdp.cpp:221] parsePacket(): could not receive data: 9
[ 44583][E][WiFiUdp.cpp:221] parsePacket(): could not receive data: 9
[ 44589][E][WiFiUdp.cpp:221] parsePacket(): could not receive data: 9
[ 44595][E][WiFiUdp.cpp:221] parsePacket(): could not receive data: 9
[ 44601][E][WiFiUdp.cpp:221] parsePacket(): could not receive data: 9
[ 44607][E][WiFiUdp.cpp:221] parsePacket(): could not receive data: 9
[ 44613][E][WiFiUdp.cpp:221] parsePacket(): could not receive data: 9
[ 44619][E][WiFiUdp.cpp:221] parsePacket(): could not receive data: 9
[ 44625][E][WiFiUdp.cpp:221] parsePacket(): could not receive data: 9
[ 44631][E][WiFiUdp.cpp:221] parsePacket(): could not receive data: 9
[ 44637][E][WiFiUdp.cpp:221] parsePacket(): could not receive data: 9
[ 44643][E][WiFiUdp.cpp:221] parsePacket(): could not receive data: 9
[ 44649][E][WiFiUdp.cpp:221] parsePacket(): could not receive data: 9
[ 44655][E][WiFiUdp.cpp:221] parsePacket(): could not receive data: 9
[ 44661][E][WiFiUdp.cpp:221] parsePacket(): could not receive data: 9
[ 44667][E][WiFiUdp.cpp:221] parsePacket(): could not receive data: 9
[ 44673][E][WiFiUdp.cpp:221] parsePacket(): could not receive data: 9
[ 44679][E][WiFiUdp.cpp:221] parsePacket(): could not receive data: 9
[ 44685][E][WiFiUdp.cpp:221] parsePacket(): could not receive data: 9
[ 44691][E][WiFiUdp.cpp:221] parsePacket(): could not receive data: 9
[ 44697][E][WiFiUdp.cpp:221] parsePacket(): could not receive data: 9
[ 44703][E][WiFiUdp.cpp:221] parsePacket(): could not receive data: 9
[ 44709][E][WiFiUdp.cpp:221] parsePacket(): could not receive data: 9
[ 44715][E][WiFiUdp.cpp:221] parsePacket(): could not receive data: 9
[ 44721][E][WiFiUdp.cpp:221] parsePacket(): could not receive data: 9
[ 44727][E][WiFiUdp.cpp:221] parsePacket(): could not receive data: 9
[ 44733][E][WiFiUdp.cpp:221] parsePacket(): could not receive data: 9
[ 44739][E][WiFiUdp.cpp:221] parsePacket(): could not receive data: 9
[ 44745][E][WiFiUdp.cpp:221] parsePacket(): could not receive data: 9
[ 44751][E][WiFiUdp.cpp:221] parsePacket(): could not receive data: 9
[ 44757][E][WiFiUdp.cpp:221] parsePacket(): could not receive data: 9
[ 44763][E][WiFiUdp.cpp:221] parsePacket(): could not receive data: 9
[ 44769][E][WiFiUdp.cpp:221] parsePacket(): could not receive data: 9
[ 44775][E][WiFiUdp.cpp:221] parsePacket(): could not receive data: 9
[ 44781][E][WiFiUdp.cpp:221] parsePacket(): could not receive data: 9
[ 44787][E][WiFiUdp.cpp:221] parsePacket(): could not receive data: 9
[ 44793][E][WiFiUdp.cpp:221] parsePacket(): could not receive data: 9
[ 44799][E][WiFiUdp.cpp:221] parsePacket(): could not receive data: 9
[ 44805][E][WiFiUdp.cpp:221] parsePacket(): could not receive data: 9
[ 44811][E][WiFiUdp.cpp:221] parsePacket(): could not receive data: 9
[ 44817][E][WiFiUdp.cpp:221] parsePacket(): could not receive data: 9
[ 44823][E][WiFiUdp.cpp:221] parsePacket(): could not receive data: 9
[ 44829][E][WiFiUdp.cpp:221] parsePacket(): could not receive data: 9
[ 44835][E][WiFiUdp.cpp:221] parsePacket(): could not receive data: 9
[ 44841][E][WiFiUdp.cpp:221] parsePacket(): could not receive data: 9
[ 44847][E][WiFiUdp.cpp:221] parsePacket(): could not receive data: 9
[ 44854][E][WiFiUdp.cpp:221] parsePacket(): could not receive data: 9
[ 44860][E][WiFiUdp.cpp:221] parsePacket(): could not receive data: 9
[ 44867][E][WiFiUdp.cpp:221] parsePacket(): could not receive data: 9
[ 44873][E][WiFiUdp.cpp:221] parsePacket(): could not receive data: 9
[ 44879][E][WiFiUdp.cpp:221] parsePacket(): could not receive data: 9
[ 44885][E][WiFiUdp.cpp:221] parsePacket(): could not receive data: 9
[ 44891][E][WiFiUdp.cpp:221] parsePacket(): could not receive data: 9
[ 44897][E][WiFiUdp.cpp:221] parsePacket(): could not receive data: 9
[ 44903][E][WiFiUdp.cpp:221] parsePacket(): could not receive data: 9
[ 44909][E][WiFiUdp.cpp:221] parsePacket(): could not receive data: 9
[ 44915][E][WiFiUdp.cpp:221] parsePacket(): could not receive data: 9
[ 44921][E][WiFiUdp.cpp:221] parsePacket(): could not receive data: 9
[ 44926][E][WiFiUdp.cpp:221] parsePacket(): could not receive data: 9
[ 44933][E][WiFiUdp.cpp:221] parsePacket(): could not receive data: 9
[ 44939][E][WiFiUdp.cpp:221] parsePacket(): could not receive data: 9
[ 44945][E][WiFiUdp.cpp:221] parsePacket(): could not receive data: 9
[ 44951][E][WiFiUdp.cpp:221] parsePacket(): could not receive data: 9
[ 44956][E][WiFiUdp.cpp:221] parsePacket(): could not receive data: 9
[ 44963][E][WiFiUdp.cpp:221] parsePacket(): could not receive data: 9
[ 44968][E][WiFiUdp.cpp:221] parsePacket(): could not receive data: 9
[ 44975][E][WiFiUdp.cpp:221] parsePacket(): could not receive data: 9
[ 44981][E][WiFiUdp.cpp:221] parsePacket(): could not receive data: 9
[ 44986][E][WiFiUdp.cpp:221] parsePacket(): could not receive data: 9
[ 44993][E][WiFiUdp.cpp:221] parsePacket(): could not receive data: 9
[ 44999][E][WiFiUdp.cpp:221] parsePacket(): could not receive data: 9
[ 45005][E][WiFiUdp.cpp:221] parsePacket(): could not receive data: 9
[ 45011][E][WiFiUdp.cpp:221] parsePacket(): could not receive data: 9
[ 45016][E][WiFiUdp.cpp:221] parsePacket(): could not receive data: 9
[ 45022][E][WiFiUdp.cpp:221] parsePacket(): could not receive data: 9
[ 45029][E][WiFiUdp.cpp:221] parsePacket(): could not receive data: 9
[ 45034][E][WiFiUdp.cpp:221] parsePacket(): could not receive data: 9
[ 45041][E][WiFiUdp.cpp:221] parsePacket(): could not receive data: 9
[ 45046][E][WiFiUdp.cpp:221] parsePacket(): could not receive data: 9
[ 45052][E][WiFiUdp.cpp:221] parsePacket(): could not receive data: 9
[ 45059][E][WiFiUdp.cpp:221] parsePacket(): could not receive data: 9
[ 45065][E][WiFiUdp.cpp:221] parsePacket(): could not receive data: 9
[ 45071][E][WiFiUdp.cpp:221] parsePacket(): could not receive data: 9
[ 45077][E][WiFiUdp.cpp:221] parsePacket(): could not receive data: 9
[ 45083][E][WiFiUdp.cpp:221] parsePacket(): could not receive data: 9
[ 45089][E][WiFiUdp.cpp:221] parsePacket(): could not receive data: 9
[ 45095][E][WiFiUdp.cpp:221] parsePacket(): could not receive data: 9
[ 45101][E][WiFiUdp.cpp:221] parsePacket(): could not receive data: 9
[ 45107][E][WiFiUdp.cpp:221] parsePacket(): could not receive data: 9
[ 45113][E][WiFiUdp.cpp:221] parsePacket(): could not receive data: 9
[ 45118][E][WiFiUdp.cpp:221] parsePacket(): could not receive data: 9
[ 45125][E][WiFiUdp.cpp:221] parsePacket(): could not receive data: 9
[ 45131][E][WiFiUdp.cpp:221] parsePacket(): could not receive data: 9
[ 45137][E][WiFiUdp.cpp:221] parsePacket(): could not receive data: 9
[ 45143][E][WiFiUdp.cpp:221] parsePacket(): could not receive data: 9
[ 45149][E][WiFiUdp.cpp:221] parsePacket(): could not receive data: 9
[ 45155][E][WiFiUdp.cpp:221] parsePacket(): could not receive data: 9
[ 45161][E][WiFiUdp.cpp:221] parsePacket(): could not receive data: 9
[ 45167][E][WiFiUdp.cpp:221] parsePacket(): could not receive data: 9
[ 45172][E][WiFiUdp.cpp:221] parsePacket(): could not receive data: 9
[ 45179][E][WiFiUdp.cpp:221] parsePacket(): could not receive data: 9
[ 45185][E][WiFiUdp.cpp:221] parsePacket(): could not receive data: 9
[ 45190][E][WiFiUdp.cpp:221] parsePacket(): could not receive data: 9
[ 45197][E][WiFiUdp.cpp:221] parsePacket(): could not receive data: 9
[ 45203][E][WiFiUdp.cpp:221] parsePacket(): could not receive data: 9
[ 45209][E][WiFiUdp.cpp:221] parsePacket(): could not receive data: 9
[ 45215][E][WiFiUdp.cpp:221] parsePacket(): could not receive data: 9
[ 45221][E][WiFiUdp.cpp:221] parsePacket(): could not receive data: 9
[ 45227][E][WiFiUdp.cpp:221] parsePacket(): could not receive data: 9
[ 45233][E][WiFiUdp.cpp:221] parsePacket(): could not receive data: 9
[ 45239][E][WiFiUdp.cpp:221] parsePacket(): could not receive data: 9
[ 45245][E][WiFiUdp.cpp:221] parsePacket(): could not receive data: 9
[ 45251][E][WiFiUdp.cpp:221] parsePacket(): could not receive data: 9
[ 45257][E][WiFiUdp.cpp:221] parsePacket(): could not receive data: 9
[ 45263][E][WiFiUdp.cpp:221] parsePacket(): could not receive data: 9
[ 45269][E][WiFiUdp.cpp:221] parsePacket(): could not receive data: 9
[ 45275][E][WiFiUdp.cpp:221] parsePacket(): could not receive data: 9
[ 45281][E][WiFiUdp.cpp:221] parsePacket(): could not receive data: 9
[ 45287][E][WiFiUdp.cpp:221] parsePacket(): could not receive data: 9
[ 45293][E][WiFiUdp.cpp:221] parsePacket(): could not receive data: 9
[ 45299][E][WiFiUdp.cpp:221] parsePacket(): could not receive data: 9
[ 45305][E][WiFiUdp.cpp:221] parsePacket(): could not receive data: 9
[ 45311][E][WiFiUdp.cpp:221] parsePacket(): could not receive data: 9
[ 45316][E][WiFiUdp.cpp:221] parsePacket(): could not receive data: 9
[ 45323][E][WiFiUdp.cpp:221] parsePacket(): could not receive data: 9
[ 45329][E][WiFiUdp.cpp:221] parsePacket(): could not receive data: 9
[ 45335][E][WiFiUdp.cpp:221] parsePacket(): could not receive data: 9
[ 45341][E][WiFiUdp.cpp:221] parsePacket(): could not receive data: 9
[ 45347][E][WiFiUdp.cpp:221] parsePacket(): could not receive data: 9
[ 45353][E][WiFiUdp.cpp:221] parsePacket(): could not receive data: 9
[ 45359][E][WiFiUdp.cpp:221] parsePacket(): could not receive data: 9
[ 45365][E][WiFiUdp.cpp:221] parsePacket(): could not receive data: 9
[ 45371][E][WiFiUdp.cpp:221] parsePacket(): could not receive data: 9
[ 45377][E][WiFiUdp.cpp:221] parsePacket(): could not receive data: 9
[ 45382][E][WiFiUdp.cpp:221] parsePacket(): could not receive data: 9
[ 45389][E][WiFiUdp.cpp:221] parsePacket(): could not receive data: 9
[ 45394][E][WiFiUdp.cpp:221] parsePacket(): could not receive data: 9
[ 45401][E][WiFiUdp.cpp:221] parsePacket(): could not receive data: 9
[ 45406][E][WiFiUdp.cpp:221] parsePacket(): could not receive data: 9
[ 45412][E][WiFiUdp.cpp:221] parsePacket(): could not receive data: 9
[ 45418][E][WiFiUdp.cpp:221] parsePacket(): could not receive data: 9
[ 45425][E][WiFiUdp.cpp:221] parsePacket(): could not receive data: 9
[ 45430][E][WiFiUdp.cpp:221] parsePacket(): could not receive data: 9
[ 45437][E][WiFiUdp.cpp:221] parsePacket(): could not receive data: 9
[ 45443][E][WiFiUdp.cpp:221] parsePacket(): could not receive data: 9
[ 45449][E][WiFiUdp.cpp:221] parsePacket(): could not receive data: 9
[ 45455][E][WiFiUdp.cpp:221] parsePacket(): could not receive data: 9
[ 45461][E][WiFiUdp.cpp:221] parsePacket(): could not receive data: 9
[ 45467][E][WiFiUdp.cpp:221] parsePacket(): could not receive data: 9
[ 45473][E][WiFiUdp.cpp:221] parsePacket(): could not receive data: 9
[ 45478][E][WiFiUdp.cpp:221] parsePacket(): could not receive data: 9
[ 45485][E][WiFiUdp.cpp:221] parsePacket(): could not receive data: 9
[ 45491][E][WiFiUdp.cpp:221] parsePacket(): could not receive data: 9
[ 45497][E][WiFiUdp.cpp:221] parsePacket(): could not receive data: 9
[ 45503][E][WiFiUdp.cpp:221] parsePacket(): could not receive data: 9
[ 45509][E][WiFiUdp.cpp:221] parsePacket(): could not receive data: 9
[ 45514][E][WiFiUdp.cpp:221] parsePacket(): could not receive data: 9
[ 45520][E][WiFiUdp.cpp:221] parsePacket(): could not receive data: 9
[ 45527][E][WiFiUdp.cpp:221] parsePacket(): could not receive data: 9
[ 45532][E][WiFiUdp.cpp:221] parsePacket(): could not receive data: 9
[ 45538][E][WiFiUdp.cpp:221] parsePacket(): could not receive data: 9
[ 45544][E][WiFiUdp.cpp:221] parsePacket(): could not receive data: 9
[ 45550][E][WiFiUdp.cpp:221] parsePacket(): could not receive data: 9
[ 45556][E][WiFiUdp.cpp:221] parsePacket(): could not receive data: 9
[ 45563][E][WiFiUdp.cpp:221] parsePacket(): could not receive data: 9
[ 45568][E][WiFiUdp.cpp:221] parsePacket(): could not receive data: 9
[ 45574][E][WiFiUdp.cpp:221] parsePacket(): could not receive data: 9
[ 45580][E][WiFiUdp.cpp:221] parsePacket(): could not receive data: 9
[ 45586][E][WiFiUdp.cpp:221] parsePacket(): could not receive data: 9
[ 45592][E][WiFiUdp.cpp:221] parsePacket(): could not receive data: 9
[ 45599][E][WiFiUdp.cpp:221] parsePacket(): could not receive data: 9
[ 45604][E][WiFiUdp.cpp:221] parsePacket(): could not receive data: 9
[ 45610][E][WiFiUdp.cpp:221] parsePacket(): could not receive data: 9
[ 45616][E][WiFiUdp.cpp:221] parsePacket(): could not receive data: 9
[ 45622][E][WiFiUdp.cpp:221] parsePacket(): could not receive data: 9
[ 45628][E][WiFiUdp.cpp:221] parsePacket(): could not receive data: 9
[ 45634][E][WiFiUdp.cpp:221] parsePacket(): could not receive data: 9
[ 45640][E][WiFiUdp.cpp:221] parsePacket(): could not receive data: 9
[ 45646][E][WiFiUdp.cpp:221] parsePacket(): could not receive data: 9
[ 45652][E][WiFiUdp.cpp:221] parsePacket(): could not receive data: 9
[ 45658][E][WiFiUdp.cpp:221] parsePacket(): could not receive data: 9
[ 45664][E][WiFiUdp.cpp:221] parsePacket(): could not receive data: 9
[ 45670][E][WiFiUdp.cpp:221] parsePacket(): could not receive data: 9
[ 45676][E][WiFiUdp.cpp:221] parsePacket(): could not receive data: 9
[ 45682][E][WiFiUdp.cpp:221] parsePacket(): could not receive data: 9
[ 45688][E][WiFiUdp.cpp:221] parsePacket(): could not receive data: 9
[ 45694][E][WiFiUdp.cpp:221] parsePacket(): could not receive data: 9
[ 45700][E][WiFiUdp.cpp:221] parsePacket(): could not receive data: 9
[ 45707][E][WiFiUdp.cpp:221] parsePacket(): could not receive data: 9
[ 45712][E][WiFiUdp.cpp:221] parsePacket(): could not receive data: 9
[ 45718][E][WiFiUdp.cpp:221] parsePacket(): could not receive data: 9
[ 45724][E][WiFiUdp.cpp:221] parsePacket(): could not receive data: 9
[ 45730][E][WiFiUdp.cpp:221] parsePacket(): could not receive data: 9
[ 45736][E][WiFiUdp.cpp:221] parsePacket(): could not receive data: 9
[ 45742][E][WiFiUdp.cpp:221] parsePacket(): could not receive data: 9
[ 45748][E][WiFiUdp.cpp:221] parsePacket(): could not receive data: 9
[ 45755][E][WiFiUdp.cpp:221] parsePacket(): could not receive data: 9
[ 45760][E][WiFiUdp.cpp:221] parsePacket(): could not receive data: 9
[ 45766][E][WiFiUdp.cpp:221] parsePacket(): could not receive data: 9
[ 45772][E][WiFiUdp.cpp:221] parsePacket(): could not receive data: 9
[ 45778][E][WiFiUdp.cpp:221] parsePacket(): could not receive data: 9
[ 45784][E][WiFiUdp.cpp:221] parsePacket(): could not receive data: 9
[ 45791][E][WiFiUdp.cpp:221] parsePacket(): could not receive data: 9
[ 45796][E][WiFiUdp.cpp:221] parsePacket(): could not receive data: 9
[ 45802][E][WiFiUdp.cpp:221] parsePacket(): could not receive data: 9
[ 45808][E][WiFiUdp.cpp:221] parsePacket(): could not receive data: 9
[ 45814][E][WiFiUdp.cpp:221] parsePacket(): could not receive data: 9
[ 45820][E][WiFiUdp.cpp:221] parsePacket(): could not receive data: 9
[ 45826][E][WiFiUdp.cpp:221] parsePacket(): could not receive data: 9
[ 45833][E][WiFiUdp.cpp:221] parsePacket(): could not receive data: 9
[ 45839][E][WiFiUdp.cpp:221] parsePacket(): could not receive data: 9
[ 45845][E][WiFiUdp.cpp:221] parsePacket(): could not receive data: 9
[ 45851][E][WiFiUdp.cpp:221] parsePacket(): could not receive data: 9
[ 45857][E][WiFiUdp.cpp:221] parsePacket(): could not receive data: 9
[ 45864][E][WiFiUdp.cpp:221] parsePacket(): could not receive data: 9
[ 45871][E][WiFiUdp.cpp:221] parsePacket(): could not receive data: 9
[ 45878][E][WiFiUdp.cpp:221] parsePacket(): could not receive data: 9
[ 45885][E][WiFiUdp.cpp:221] parsePacket(): could not receive data: 9
[ 45892][E][WiFiUdp.cpp:221] parsePacket(): could not receive data: 9
[ 45899][E][WiFiUdp.cpp:221] parsePacket(): could not receive data: 9
[ 45906][E][WiFiUdp.cpp:221] parsePacket(): could not receive data: 9
[ 45912][E][WiFiUdp.cpp:221] parsePacket(): could not receive data: 9
[ 45918][E][WiFiUdp.cpp:221] parsePacket(): could not receive data: 9
[ 45924][E][WiFiUdp.cpp:221] parsePacket(): could not receive data: 9
[ 45931][E][WiFiUdp.cpp:221] parsePacket(): could not receive data: 9
[ 45938][E][WiFiUdp.cpp:221] parsePacket(): could not receive data: 9
[ 45945][E][WiFiUdp.cpp:221] parsePacket(): could not receive data: 9
[ 45952][E][WiFiUdp.cpp:221] parsePacket(): could not receive data: 9
[ 45959][E][WiFiUdp.cpp:221] parsePacket(): could not receive data: 9
[ 45966][E][WiFiUdp.cpp:221] parsePacket(): could not receive data: 9
[ 45973][E][WiFiUdp.cpp:221] parsePacket(): could not receive data: 9
[ 45980][E][WiFiUdp.cpp:221] parsePacket(): could not receive data: 9
[ 45987][E][WiFiUdp.cpp:221] parsePacket(): could not receive data: 9
[ 45994][E][WiFiUdp.cpp:221] parsePacket(): could not receive data: 9
[ 46001][E][WiFiUdp.cpp:221] parsePacket(): could not receive data: 9
[ 46008][E][WiFiUdp.cpp:221] parsePacket(): could not receive data: 9
[ 46015][E][WiFiUdp.cpp:221] parsePacket(): could not receive data: 9
[ 46022][E][WiFiUdp.cpp:221] parsePacket(): could not receive data: 9
[ 46029][E][WiFiUdp.cpp:221] parsePacket(): could not receive data: 9
[ 46036][E][WiFiUdp.cpp:221] parsePacket(): could not receive data: 9
[ 46043][E][WiFiUdp.cpp:221] parsePacket(): could not receive data: 9
[ 46050][E][WiFiUdp.cpp:221] parsePacket(): could not receive data: 9
[ 46057][E][WiFiUdp.cpp:221] parsePacket(): could not receive data: 9
[ 46064][E][WiFiUdp.cpp:221] parsePacket(): could not receive data: 9
[ 46071][E][WiFiUdp.cpp:221] parsePacket(): could not receive data: 9
[ 46078][E][WiFiUdp.cpp:221] parsePacket(): could not receive data: 9
[ 46085][E][WiFiUdp.cpp:221] parsePacket(): could not receive data: 9
[ 46092][E][WiFiUdp.cpp:221] parsePacket(): could not receive data: 9
[ 46099][E][WiFiUdp.cpp:221] parsePacket(): could not receive data: 9
[ 46106][E][WiFiUdp.cpp:221] parsePacket(): could not receive data: 9
[ 46113][E][WiFiUdp.cpp:221] parsePacket(): could not receive data: 9
[ 46120][E][WiFiUdp.cpp:221] parsePacket(): could not receive data: 9
[ 46127][E][WiFiUdp.cpp:221] parsePacket(): could not receive data: 9
[ 46134][E][WiFiUdp.cpp:221] parsePacket(): could not receive data: 9
[ 46141][E][WiFiUdp.cpp:221] parsePacket(): could not receive data: 9
[ 46148][E][WiFiUdp.cpp:221] parsePacket(): could not receive data: 9
[ 46155][E][WiFiUdp.cpp:221] parsePacket(): could not receive data: 9
[ 46162][E][WiFiUdp.cpp:221] parsePacket(): could not receive data: 9
[ 46169][E][WiFiUdp.cpp:221] parsePacket(): could not receive data: 9
[ 46175][E][WiFiUdp.cpp:221] parsePacket(): could not receive data: 9
[ 46182][E][WiFiUdp.cpp:221] parsePacket(): could not receive data: 9
[ 46188][E][WiFiUdp.cpp:221] parsePacket(): could not receive data: 9
[ 46195][E][WiFiUdp.cpp:221] parsePacket(): could not receive data: 9
[ 46202][E][WiFiUdp.cpp:221] parsePacket(): could not receive data: 9
[ 46209][E][WiFiUdp.cpp:221] parsePacket(): could not receive data: 9
[ 46216][E][WiFiUdp.cpp:221] parsePacket(): could not receive data: 9
[ 46223][E][WiFiUdp.cpp:221] parsePacket(): could not receive data: 9
[ 46230][E][WiFiUdp.cpp:221] parsePacket(): could not receive data: 9
[ 46237][E][WiFiUdp.cpp:221] parsePacket(): could not receive data: 9
[ 46244][E][WiFiUdp.cpp:221] parsePacket(): could not receive data: 9
[ 46251][E][WiFiUdp.cpp:221] parsePacket(): could not receive data: 9
[ 46257][E][WiFiUdp.cpp:221] parsePacket(): could not receive data: 9
[ 46263][E][WiFiUdp.cpp:221] parsePacket(): could not receive data: 9
[ 46270][E][WiFiUdp.cpp:221] parsePacket(): could not receive data: 9
[ 46277][E][WiFiUdp.cpp:221] parsePacket(): could not receive data: 9
[ 46284][E][WiFiUdp.cpp:221] parsePacket(): could not receive data: 9
[ 46291][E][WiFiUdp.cpp:221] parsePacket(): could not receive data: 9
[ 46298][E][WiFiUdp.cpp:221] parsePacket(): could not receive data: 9
[ 46305][E][WiFiUdp.cpp:221] parsePacket(): could not receive data: 9
[ 46313][E][WiFiUdp.cpp:221] parsePacket(): could not receive data: 9
[ 46320][E][WiFiUdp.cpp:221] parsePacket(): could not receive data: 9
[ 46327][E][WiFiUdp.cpp:221] parsePacket(): could not receive data: 9
[ 46334][E][WiFiUdp.cpp:221] parsePacket(): could not receive data: 9
[ 46341][E][WiFiUdp.cpp:221] parsePacket(): could not receive data: 9
[ 46348][E][WiFiUdp.cpp:221] parsePacket(): could not receive data: 9
[ 46355][E][WiFiUdp.cpp:221] parsePacket(): could not receive data: 9
[ 46362][E][WiFiUdp.cpp:221] parsePacket(): could not receive data: 9
[ 46369][E][WiFiUdp.cpp:221] parsePacket(): could not receive data: 9
[ 46376][E][WiFiUdp.cpp:221] parsePacket(): could not receive data: 9
[ 46383][E][WiFiUdp.cpp:221] parsePacket(): could not receive data: 9
[ 46390][E][WiFiUdp.cpp:221] parsePacket(): could not receive data: 9
[ 46397][E][WiFiUdp.cpp:221] parsePacket(): could not receive data: 9
[ 46404][E][WiFiUdp.cpp:221] parsePacket(): could not receive data: 9
[ 46411][E][WiFiUdp.cpp:221] parsePacket(): could not receive data: 9
[ 46418][E][WiFiUdp.cpp:221] parsePacket(): could not receive data: 9
[ 46425][E][WiFiUdp.cpp:221] parsePacket(): could not receive data: 9
[ 46432][E][WiFiUdp.cpp:221] parsePacket(): could not receive data: 9
[ 46439][E][WiFiUdp.cpp:221] parsePacket(): could not receive data: 9
[ 46446][E][WiFiUdp.cpp:221] parsePacket(): could not receive data: 9
[ 46453][E][WiFiUdp.cpp:221] parsePacket(): could not receive data: 9
[ 46460][E][WiFiUdp.cpp:221] parsePacket(): could not receive data: 9
[ 46467][E][WiFiUdp.cpp:221] parsePacket(): could not receive data: 9
[ 46474][E][WiFiUdp.cpp:221] parsePacket(): could not receive data: 9
[ 46481][E][WiFiUdp.cpp:221] parsePacket(): could not receive data: 9
[ 46488][E][WiFiUdp.cpp:221] parsePacket(): could not receive data: 9
[ 46495][E][WiFiUdp.cpp:221] parsePacket(): could not receive data: 9
[ 46502][E][WiFiUdp.cpp:221] parsePacket(): could not receive data: 9
[ 46509][E][WiFiUdp.cpp:221] parsePacket(): could not receive data: 9
[ 46516][E][WiFiUdp.cpp:221] parsePacket(): could not receive data: 9
[ 46523][E][WiFiUdp.cpp:221] parsePacket(): could not receive data: 9
[ 46530][E][WiFiUdp.cpp:221] parsePacket(): could not receive data: 9
[ 46537][E][WiFiUdp.cpp:221] parsePacket(): could not receive data: 9
[ 46544][E][WiFiUdp.cpp:221] parsePacket(): could not receive data: 9
[ 46551][E][WiFiUdp.cpp:221] parsePacket(): could not receive data: 9
[ 46558][E][WiFiUdp.cpp:221] parsePacket(): could not receive data: 9
[ 46565][E][WiFiUdp.cpp:221] parsePacket(): could not receive data: 9
[ 46572][E][WiFiUdp.cpp:221] parsePacket(): could not receive data: 9
[ 46579][E][WiFiUdp.cpp:221] parsePacket(): could not receive data: 9
[ 46586][E][WiFiUdp.cpp:221] parsePacket(): could not receive data: 9
[ 46592][E][WiFiUdp.cpp:221] parsePacket(): could not receive data: 9
[ 46599][E][WiFiUdp.cpp:221] parsePacket(): could not receive data: 9
[ 46606][E][WiFiUdp.cpp:221] parsePacket(): could not receive data: 9
[ 46613][E][WiFiUdp.cpp:221] parsePacket(): could not receive data: 9
[ 46620][E][WiFiUdp.cpp:221] parsePacket(): could not receive data: 9
[ 46626][E][WiFiUdp.cpp:221] parsePacket(): could not receive data: 9
[ 46633][E][WiFiUdp.cpp:221] parsePacket(): could not receive data: 9
[ 46640][E][WiFiUdp.cpp:221] parsePacket(): could not receive data: 9
[ 46647][E][WiFiUdp.cpp:221] parsePacket(): could not receive data: 9
[ 46654][E][WiFiUdp.cpp:221] parsePacket(): could not receive data: 9
[ 46661][E][WiFiUdp.cpp:221] parsePacket(): could not receive data: 9
[ 46668][E][WiFiUdp.cpp:221] parsePacket(): could not receive data: 9
[ 46675][E][WiFiUdp.cpp:221] parsePacket(): could not receive data: 9
[ 46682][E][WiFiUdp.cpp:221] parsePacket(): could not receive data: 9
[ 46689][E][WiFiUdp.cpp:221] parsePacket(): could not receive data: 9
[ 46696][E][WiFiUdp.cpp:221] parsePacket(): could not receive data: 9
[ 46703][E][WiFiUdp.cpp:221] parsePacket(): could not receive data: 9
[ 46710][E][WiFiUdp.cpp:221] parsePacket(): could not receive data: 9
[ 46717][E][WiFiUdp.cpp:221] parsePacket(): could not receive data: 9
[ 46724][E][WiFiUdp.cpp:221] parsePacket(): could not receive data: 9
[ 46731][E][WiFiUdp.cpp:221] parsePacket(): could not receive data: 9
[ 46739][E][WiFiUdp.cpp:221] parsePacket(): could not receive data: 9
[ 46745][E][WiFiUdp.cpp:221] parsePacket(): could not receive data: 9
[ 46753][E][WiFiUdp.cpp:221] parsePacket(): could not receive data: 9
[ 46761][E][WiFiUdp.cpp:221] parsePacket(): could not receive data: 9
[ 46768][E][WiFiUdp.cpp:221] parsePacket(): could not receive data: 9
[ 46775][E][WiFiUdp.cpp:221] parsePacket(): could not receive data: 9
[ 46782][E][WiFiUdp.cpp:221] parsePacket(): could not receive data: 9
[ 46790][E][WiFiUdp.cpp:221] parsePacket(): could not receive data: 9
[ 46797][E][WiFiUdp.cpp:221] parsePacket(): could not receive data: 9
[ 46804][E][WiFiUdp.cpp:221] parsePacket(): could not receive data: 9
[ 46811][E][WiFiUdp.cpp:221] parsePacket(): could not receive data: 9
[ 46818][E][WiFiUdp.cpp:221] parsePacket(): could not receive data: 9
[ 46825][E][WiFiUdp.cpp:221] parsePacket(): could not receive data: 9
[ 46831][E][WiFiUdp.cpp:221] parsePacket(): could not receive data: 9
[ 46838][E][WiFiUdp.cpp:221] parsePacket(): could not receive data: 9
[ 46845][E][WiFiUdp.cpp:221] parsePacket(): could not receive data: 9
[ 46852][E][WiFiUdp.cpp:221] parsePacket(): could not receive data: 9
[ 46859][E][WiFiUdp.cpp:221] parsePacket(): could not receive data: 9
[ 46866][E][WiFiUdp.cpp:221] parsePacket(): could not receive data: 9
[ 46873][E][WiFiUdp.cpp:221] parsePacket(): could not receive data: 9
[ 46880][E][WiFiUdp.cpp:221] parsePacket(): could not receive data: 9
[ 46887][E][WiFiUdp.cpp:221] parsePacket(): could not receive data: 9
[ 46892][E][WiFiUdp.cpp:221] parsePacket(): could not receive data: 9
[ 46899][E][WiFiUdp.cpp:221] parsePacket(): could not receive data: 9
[ 46904][E][WiFiUdp.cpp:221] parsePacket(): could not receive data: 9
[ 46910][E][WiFiUdp.cpp:221] parsePacket(): could not receive data: 9
[ 46916][E][WiFiUdp.cpp:221] parsePacket(): could not receive data: 9
[ 46923][E][WiFiUdp.cpp:221] parsePacket(): could not receive data: 9
[ 46929][E][WiFiUdp.cpp:221] parsePacket(): could not receive data: 9
[ 46935][E][WiFiUdp.cpp:221] parsePacket(): could not receive data: 9
[ 46941][E][WiFiUdp.cpp:221] parsePacket(): could not receive data: 9
[ 46947][E][WiFiUdp.cpp:221] parsePacket(): could not receive data: 9
[ 46954][E][WiFiUdp.cpp:221] parsePacket(): could not receive data: 9
[ 46960][E][WiFiUdp.cpp:221] parsePacket(): could not receive data: 9
[ 46967][E][WiFiUdp.cpp:221] parsePacket(): could not receive data: 9
[ 46974][E][WiFiUdp.cpp:221] parsePacket(): could not receive data: 9
[ 46981][E][WiFiUdp.cpp:221] parsePacket(): could not receive data: 9
[ 46988][E][WiFiUdp.cpp:221] parsePacket(): could not receive data: 9
[ 46995][E][WiFiUdp.cpp:221] parsePacket(): could not receive data: 9
[ 47002][E][WiFiUdp.cpp:221] parsePacket(): could not receive data: 9
[ 47009][E][WiFiUdp.cpp:221] parsePacket(): could not receive data: 9
[ 47016][E][WiFiUdp.cpp:221] parsePacket(): could not receive data: 9
[ 47023][E][WiFiUdp.cpp:221] parsePacket(): could not receive data: 9
[ 47030][E][WiFiUdp.cpp:221] parsePacket(): could not receive data: 9
[ 47037][E][WiFiUdp.cpp:221] parsePacket(): could not receive data: 9
[ 47044][E][WiFiUdp.cpp:221] parsePacket(): could not receive data: 9
[ 47051][E][WiFiUdp.cpp:221] parsePacket(): could not receive data: 9
[ 47058][E][WiFiUdp.cpp:221] parsePacket(): could not receive data: 9
[ 47065][E][WiFiUdp.cpp:221] parsePacket(): could not receive data: 9
[ 47071][E][WiFiUdp.cpp:221] parsePacket(): could not receive data: 9
[ 47077][E][WiFiUdp.cpp:221] parsePacket(): could not receive data: 9
[ 47083][E][WiFiUdp.cpp:221] parsePacket(): could not receive data: 9
[ 47089][E][WiFiUdp.cpp:221] parsePacket(): could not receive data: 9
[ 47095][E][WiFiUdp.cpp:221] parsePacket(): could not receive data: 9
[ 47101][E][WiFiUdp.cpp:221] parsePacket(): could not receive data: 9
[ 47107][E][WiFiUdp.cpp:221] parsePacket(): could not receive data: 9
[ 47113][E][WiFiUdp.cpp:221] parsePacket(): could not receive data: 9
[ 47119][E][WiFiUdp.cpp:221] parsePacket(): could not receive data: 9
[ 47125][E][WiFiUdp.cpp:221] parsePacket(): could not receive data: 9
[ 47131][E][WiFiUdp.cpp:221] parsePacket(): could not receive data: 9
[ 47136][E][WiFiUdp.cpp:221] parsePacket(): could not receive data: 9
[ 47142][E][WiFiUdp.cpp:221] parsePacket(): could not receive data: 9
[ 47148][E][WiFiUdp.cpp:221] parsePacket(): could not receive data: 9
[ 47154][E][WiFiUdp.cpp:221] parsePacket(): could not receive data: 9
[ 47160][E][WiFiUdp.cpp:221] parsePacket(): could not receive data: 9
[ 47166][E][WiFiUdp.cpp:221] parsePacket(): could not receive data: 9
[ 47172][E][WiFiUdp.cpp:221] parsePacket(): could not receive data: 9
[ 47178][E][WiFiUdp.cpp:221] parsePacket(): could not receive data: 9
[ 47184][E][WiFiUdp.cpp:221] parsePacket(): could not receive data: 9
[ 47190][E][WiFiUdp.cpp:221] parsePacket(): could not receive data: 9
[ 47196][E][WiFiUdp.cpp:221] parsePacket(): could not receive data: 9
[ 47202][E][WiFiUdp.cpp:221] parsePacket(): could not receive data: 9
[ 47208][E][WiFiUdp.cpp:221] parsePacket(): could not receive data: 9
[ 47214][E][WiFiUdp.cpp:221] parsePacket(): could not receive data: 9
[ 47220][E][WiFiUdp.cpp:221] parsePacket(): could not receive data: 9
[ 47226][E][WiFiUdp.cpp:221] parsePacket(): could not receive data: 9
[ 47231][E][WiFiUdp.cpp:221] parsePacket(): could not receive data: 9
[ 47237][E][WiFiUdp.cpp:221] parsePacket(): could not receive data: 9
[ 47244][E][WiFiUdp.cpp:221] parsePacket(): could not receive data: 9
[ 47249][E][WiFiUdp.cpp:221] parsePacket(): could not receive data: 9
[ 47256][E][WiFiUdp.cpp:221] parsePacket(): could not receive data: 9
[ 47262][E][WiFiUdp.cpp:221] parsePacket(): could not receive data: 9
[ 47268][E][WiFiUdp.cpp:221] parsePacket(): could not receive data: 9
[ 47274][E][WiFiUdp.cpp:221] parsePacket(): could not receive data: 9
[ 47281][E][WiFiUdp.cpp:221] parsePacket(): could not receive data: 9
[ 47288][E][WiFiUdp.cpp:221] parsePacket(): could not receive data: 9
[ 47295][E][WiFiUdp.cpp:221] parsePacket(): could not receive data: 9
[ 47302][E][WiFiUdp.cpp:221] parsePacket(): could not receive data: 9
[ 47309][E][WiFiUdp.cpp:221] parsePacket(): could not receive data: 9
[ 47316][E][WiFiUdp.cpp:221] parsePacket(): could not receive data: 9
[ 47325][E][WiFiUdp.cpp:221] parsePacket(): could not receive data: 9
[ 47332][E][WiFiUdp.cpp:221] parsePacket(): could not receive data: 9
[ 47339][E][WiFiUdp.cpp:221] parsePacket(): could not receive data: 9
[ 47346][E][WiFiUdp.cpp:221] parsePacket(): could not receive data: 9
[ 47353][E][WiFiUdp.cpp:221] parsePacket(): could not receive data: 9
[ 47360][E][WiFiUdp.cpp:221] parsePacket(): could not receive data: 9
[ 47367][E][WiFiUdp.cpp:221] parsePacket(): could not receive data: 9
[ 47374][E][WiFiUdp.cpp:221] parsePacket(): could not receive data: 9
[ 47381][E][WiFiUdp.cpp:221] parsePacket(): could not receive data: 9
[ 47388][E][WiFiUdp.cpp:221] parsePacket(): could not receive data: 9
[ 47395][E][WiFiUdp.cpp:221] parsePacket(): could not receive data: 9
[ 47402][E][WiFiUdp.cpp:221] parsePacket(): could not receive data: 9
[ 47409][E][WiFiUdp.cpp:221] parsePacket(): could not receive data: 9
[ 47416][E][WiFiUdp.cpp:221] parsePacket(): could not receive data: 9
[ 47423][E][WiFiUdp.cpp:221] parsePacket(): could not receive data: 9
[ 47430][E][WiFiUdp.cpp:221] parsePacket(): could not receive data: 9
[ 47437][E][WiFiUdp.cpp:221] parsePacket(): could not receive data: 9
[ 47444][E][WiFiUdp.cpp:221] parsePacket(): could not receive data: 9
[ 47451][E][WiFiUdp.cpp:221] parsePacket(): could not receive data: 9
[ 47459][E][WiFiUdp.cpp:221] parsePacket(): could not receive data: 9
[ 47468][E][WiFiUdp.cpp:221] parsePacket(): could not receive data: 9
[ 47476][E][WiFiUdp.cpp:221] parsePacket(): could not receive data: 9
[ 47483][E][WiFiUdp.cpp:221] parsePacket(): could not receive data: 9
[ 47490][E][WiFiUdp.cpp:221] parsePacket(): could not receive data: 9
[ 47497][E][WiFiUdp.cpp:221] parsePacket(): could not receive data: 9
[ 47504][E][WiFiUdp.cpp:221] parsePacket(): could not receive data: 9
[ 47511][E][WiFiUdp.cpp:221] parsePacket(): could not receive data: 9
[ 47518][E][WiFiUdp.cpp:221] parsePacket(): could not receive data: 9
[ 47525][E][WiFiUdp.cpp:221] parsePacket(): could not receive data: 9
[ 47532][E][WiFiUdp.cpp:221] parsePacket(): could not receive data: 9
[ 47539][E][WiFiUdp.cpp:221] parsePacket(): could not receive data: 9
[ 47546][E][WiFiUdp.cpp:221] parsePacket(): could not receive data: 9
[ 47553][E][WiFiUdp.cpp:221] parsePacket(): could not receive data: 9
[ 47560][E][WiFiUdp.cpp:221] parsePacket(): could not receive data: 9
[ 47567][E][WiFiUdp.cpp:221] parsePacket(): could not receive data: 9
[ 47574][E][WiFiUdp.cpp:221] parsePacket(): could not receive data: 9
[ 47581][E][WiFiUdp.cpp:221] parsePacket(): could not receive data: 9
[ 47588][E][WiFiUdp.cpp:221] parsePacket(): could not receive data: 9
[ 47595][E][WiFiUdp.cpp:221] parsePacket(): could not receive data: 9
[ 47602][E][WiFiUdp.cpp:221] parsePacket(): could not receive data: 9
[ 47609][E][WiFiUdp.cpp:221] parsePacket(): could not receive data: 9
[ 47616][E][WiFiUdp.cpp:221] parsePacket(): could not receive data: 9
[ 47623][E][WiFiUdp.cpp:221] parsePacket(): could not receive data: 9
[ 47630][E][WiFiUdp.cpp:221] parsePacket(): could not receive data: 9
[ 47637][E][WiFiUdp.cpp:221] parsePacket(): could not receive data: 9
[ 47642][E][WiFiUdp.cpp:221] parsePacket(): could not receive data: 9
[ 47649][E][WiFiUdp.cpp:221] parsePacket(): could not receive data: 9
[ 47654][E][WiFiUdp.cpp:221] parsePacket(): could not receive data: 9
[ 47660][E][WiFiUdp.cpp:221] parsePacket(): could not receive data: 9
[ 47666][E][WiFiUdp.cpp:221] parsePacket(): could not receive data: 9
[ 47672][E][WiFiUdp.cpp:221] parsePacket(): could not receive data: 9
[ 47679][E][WiFiUdp.cpp:221] parsePacket(): could not receive data: 9
[ 47684][E][WiFiUdp.cpp:221] parsePacket(): could not receive data: 9
[ 47690][E][WiFiUdp.cpp:221] parsePacket(): could not receive data: 9
[ 47696][E][WiFiUdp.cpp:221] parsePacket(): could not receive data: 9
[ 47702][E][WiFiUdp.cpp:221] parsePacket(): could not receive data: 9
[ 47708][E][WiFiUdp.cpp:221] parsePacket(): could not receive data: 9
[ 47714][E][WiFiUdp.cpp:221] parsePacket(): could not receive data: 9
[ 47719][E][WiFiUdp.cpp:221] parsePacket(): could not receive data: 9
[ 47725][E][WiFiUdp.cpp:221] parsePacket(): could not receive data: 9
[ 47732][E][WiFiUdp.cpp:221] parsePacket(): could not receive data: 9
[ 47738][E][WiFiUdp.cpp:221] parsePacket(): could not receive data: 9
[ 47743][E][WiFiUdp.cpp:221] parsePacket(): could not receive data: 9
[ 47750][E][WiFiUdp.cpp:221] parsePacket(): could not receive data: 9
[ 47755][E][WiFiUdp.cpp:221] parsePacket(): could not receive data: 9
[ 47761][E][WiFiUdp.cpp:221] parsePacket(): could not receive data: 9
[ 47767][E][WiFiUdp.cpp:221] parsePacket(): could not receive data: 9
[ 47774][E][WiFiUdp.cpp:221] parsePacket(): could not receive data: 9
[ 47780][E][WiFiUdp.cpp:221] parsePacket(): could not receive data: 9
[ 47785][E][WiFiUdp.cpp:221] parsePacket(): could not receive data: 9
[ 47792][E][WiFiUdp.cpp:221] parsePacket(): could not receive data: 9
[ 47798][E][WiFiUdp.cpp:221] parsePacket(): could not receive data: 9
[ 47803][E][WiFiUdp.cpp:221] parsePacket(): could not receive data: 9
[ 47810][E][WiFiUdp.cpp:221] parsePacket(): could not receive data: 9
[ 47815][E][WiFiUdp.cpp:221] parsePacket(): could not receive data: 9
[ 47822][E][WiFiUdp.cpp:221] parsePacket(): could not receive data: 9
[ 47827][E][WiFiUdp.cpp:221] parsePacket(): could not receive data: 9
[ 47833][E][WiFiUdp.cpp:221] parsePacket(): could not receive data: 9
[ 47839][E][WiFiUdp.cpp:221] parsePacket(): could not receive data: 9
[ 47844][E][WiFiUdp.cpp:221] parsePacket(): could not receive data: 9
[ 47849][E][WiFiUdp.cpp:221] parsePacket(): could not receive data: 9
[ 47854][E][WiFiUdp.cpp:221] parsePacket(): could not receive data: 9
[ 47860][E][WiFiUdp.cpp:221] parsePacket(): could not receive data: 9
[ 47867][E][WiFiUdp.cpp:221] parsePacket(): could not receive data: 9
[ 47872][E][WiFiUdp.cpp:221] parsePacket(): could not receive data: 9
[ 47879][E][WiFiUdp.cpp:221] parsePacket(): could not receive data: 9
[ 47884][E][WiFiUdp.cpp:221] parsePacket(): could not receive data: 9
[ 47890][E][WiFiUdp.cpp:221] parsePacket(): could not receive data: 9
[ 47896][E][WiFiUdp.cpp:221] parsePacket(): could not receive data: 9
[ 47903][E][WiFiUdp.cpp:221] parsePacket(): could not receive data: 9
[ 47908][E][WiFiUdp.cpp:221] parsePacket(): could not receive data: 9
[ 47915][E][WiFiUdp.cpp:221] parsePacket(): could not receive data: 9
[ 47921][E][WiFiUdp.cpp:221] parsePacket(): could not receive data: 9
[ 47926][E][WiFiUdp.cpp:221] parsePacket(): could not receive data: 9
[ 47933][E][WiFiUdp.cpp:221] parsePacket(): could not receive data: 9
[ 47939][E][WiFiUdp.cpp:221] parsePacket(): could not receive data: 9
[ 47945][E][WiFiUdp.cpp:221] parsePacket(): could not receive data: 9
[ 47950][E][WiFiUdp.cpp:221] parsePacket(): could not receive data: 9
[ 47957][E][WiFiUdp.cpp:221] parsePacket(): could not receive data: 9
[ 47963][E][WiFiUdp.cpp:221] parsePacket(): could not receive data: 9
[ 47969][E][WiFiUdp.cpp:221] parsePacket(): could not receive data: 9
[ 47975][E][WiFiUdp.cpp:221] parsePacket(): could not receive data: 9
[ 47980][E][WiFiUdp.cpp:221] parsePacket(): could not receive data: 9
[ 47986][E][WiFiUdp.cpp:221] parsePacket(): could not receive data: 9
[ 47992][E][WiFiUdp.cpp:221] parsePacket(): could not receive data: 9
[ 47998][E][WiFiUdp.cpp:221] parsePacket(): could not receive data: 9
[ 48005][E][WiFiUdp.cpp:221] parsePacket(): could not receive data: 9
[ 48010][E][WiFiUdp.cpp:221] parsePacket(): could not receive data: 9
[ 48017][E][WiFiUdp.cpp:221] parsePacket(): could not receive data: 9
[ 48023][E][WiFiUdp.cpp:221] parsePacket(): could not receive data: 9
[ 48029][E][WiFiUdp.cpp:221] parsePacket(): could not receive data: 9
[ 48034][E][WiFiUdp.cpp:221] parsePacket(): could not receive data: 9
[ 48041][E][WiFiUdp.cpp:221] parsePacket(): could not receive data: 9
[ 48046][E][WiFiUdp.cpp:221] parsePacket(): could not receive data: 9
[ 48053][E][WiFiUdp.cpp:221] parsePacket(): could not receive data: 9
[ 48058][E][WiFiUdp.cpp:221] parsePacket(): could not receive data: 9
[ 48064][E][WiFiUdp.cpp:221] parsePacket(): could not receive data: 9
[ 48071][E][WiFiUdp.cpp:221] parsePacket(): could not receive data: 9
[ 48076][E][WiFiUdp.cpp:221] parsePacket(): could not receive data: 9
[ 48082][E][WiFiUdp.cpp:221] parsePacket(): could not receive data: 9
[ 48088][E][WiFiUdp.cpp:221] parsePacket(): could not receive data: 9
[ 48095][E][WiFiUdp.cpp:221] parsePacket(): could not receive data: 9
[ 48100][E][WiFiUdp.cpp:221] parsePacket(): could not receive data: 9
[ 48106][E][WiFiUdp.cpp:221] parsePacket(): could not receive data: 9
[ 48113][E][WiFiUdp.cpp:221] parsePacket(): could not receive data: 9
[ 48119][E][WiFiUdp.cpp:221] parsePacket(): could not receive data: 9
[ 48125][E][WiFiUdp.cpp:221] parsePacket(): could not receive data: 9
[ 48131][E][WiFiUdp.cpp:221] parsePacket(): could not receive data: 9
[ 48136][E][WiFiUdp.cpp:221] parsePacket(): could not receive data: 9
[ 48143][E][WiFiUdp.cpp:221] parsePacket(): could not receive data: 9
[ 48148][E][WiFiUdp.cpp:221] parsePacket(): could not receive data: 9
[ 48155][E][WiFiUdp.cpp:221] parsePacket(): could not receive data: 9
[ 48161][E][WiFiUdp.cpp:221] parsePacket(): could not receive data: 9
[ 48167][E][WiFiUdp.cpp:221] parsePacket(): could not receive data: 9
[ 48173][E][WiFiUdp.cpp:221] parsePacket(): could not receive data: 9
[ 48179][E][WiFiUdp.cpp:221] parsePacket(): could not receive data: 9
[ 48185][E][WiFiUdp.cpp:221] parsePacket(): could not receive data: 9
[ 48191][E][WiFiUdp.cpp:221] parsePacket(): could not receive data: 9
[ 48197][E][WiFiUdp.cpp:221] parsePacket(): could not receive data: 9
[ 48203][E][WiFiUdp.cpp:221] parsePacket(): could not receive data: 9
[ 48209][E][WiFiUdp.cpp:221] parsePacket(): could not receive data: 9
[ 48215][E][WiFiUdp.cpp:221] parsePacket(): could not receive data: 9
[ 48221][E][WiFiUdp.cpp:221] parsePacket(): could not receive data: 9
[ 48226][E][WiFiUdp.cpp:221] parsePacket(): could not receive data: 9
[ 48232][E][WiFiUdp.cpp:221] parsePacket(): could not receive data: 9
[ 48239][E][WiFiUdp.cpp:221] parsePacket(): could not receive data: 9
[ 48245][E][WiFiUdp.cpp:221] parsePacket(): could not receive data: 9
[ 48250][E][WiFiUdp.cpp:221] parsePacket(): could not receive data: 9
[ 48257][E][WiFiUdp.cpp:221] parsePacket(): could not receive data: 9
[ 48263][E][WiFiUdp.cpp:221] parsePacket(): could not receive data: 9
[ 48269][E][WiFiUdp.cpp:221] parsePacket(): could not receive data: 9
[ 48275][E][WiFiUdp.cpp:221] parsePacket(): could not receive data: 9
[ 48281][E][WiFiUdp.cpp:221] parsePacket(): could not receive data: 9
[ 48287][E][WiFiUdp.cpp:221] parsePacket(): could not receive data: 9
[ 48293][E][WiFiUdp.cpp:221] parsePacket(): could not receive data: 9
[ 48299][E][WiFiUdp.cpp:221] parsePacket(): could not receive data: 9
[ 48305][E][WiFiUdp.cpp:221] parsePacket(): could not receive data: 9
[ 48311][E][WiFiUdp.cpp:221] parsePacket(): could not receive data: 9
[ 48317][E][WiFiUdp.cpp:221] parsePacket(): could not receive data: 9
[ 48323][E][WiFiUdp.cpp:221] parsePacket(): could not receive data: 9
[ 48329][E][WiFiUdp.cpp:221] parsePacket(): could not receive data: 9
[ 48335][E][WiFiUdp.cpp:221] parsePacket(): could not receive data: 9
[ 48341][E][WiFiUdp.cpp:221] parsePacket(): could not receive data: 9
[ 48347][E][WiFiUdp.cpp:221] parsePacket(): could not receive data: 9
[ 48353][E][WiFiUdp.cpp:221] parsePacket(): could not receive data: 9
[ 48359][E][WiFiUdp.cpp:221] parsePacket(): could not receive data: 9
[ 48365][E][WiFiUdp.cpp:221] parsePacket(): could not receive data: 9
[ 48371][E][WiFiUdp.cpp:221] parsePacket(): could not receive data: 9
[ 48376][E][WiFiUdp.cpp:221] parsePacket(): could not receive data: 9
[ 48383][E][WiFiUdp.cpp:221] parsePacket(): could not receive data: 9
[ 48389][E][WiFiUdp.cpp:221] parsePacket(): could not receive data: 9
[ 48394][E][WiFiUdp.cpp:221] parsePacket(): could not receive data: 9
[ 48401][E][WiFiUdp.cpp:221] parsePacket(): could not receive data: 9
[ 48406][E][WiFiUdp.cpp:221] parsePacket(): could not receive data: 9
[ 48412][E][WiFiUdp.cpp:221] parsePacket(): could not receive data: 9
[ 48418][E][WiFiUdp.cpp:221] parsePacket(): could not receive data: 9
[ 48425][E][WiFiUdp.cpp:221] parsePacket(): could not receive data: 9
[ 48431][E][WiFiUdp.cpp:221] parsePacket(): could not receive data: 9
[ 48437][E][WiFiUdp.cpp:221] parsePacket(): could not receive data: 9
[ 48443][E][WiFiUdp.cpp:221] parsePacket(): could not receive data: 9
[ 48449][E][WiFiUdp.cpp:221] parsePacket(): could not receive data: 9
[ 48454][E][WiFiUdp.cpp:221] parsePacket(): could not receive data: 9
[ 48461][E][WiFiUdp.cpp:221] parsePacket(): could not receive data: 9
[ 48466][E][WiFiUdp.cpp:221] parsePacket(): could not receive data: 9
[ 48473][E][WiFiUdp.cpp:221] parsePacket(): could not receive data: 9
[ 48479][E][WiFiUdp.cpp:221] parsePacket(): could not receive data: 9
[ 48484][E][WiFiUdp.cpp:221] parsePacket(): could not receive data: 9
[ 48490][E][WiFiUdp.cpp:221] parsePacket(): could not receive data: 9
[ 48497][E][WiFiUdp.cpp:221] parsePacket(): could not receive data: 9
[ 48502][E][WiFiUdp.cpp:221] parsePacket(): could not receive data: 9
[ 48508][E][WiFiUdp.cpp:221] parsePacket(): could not receive data: 9
[ 48514][E][WiFiUdp.cpp:221] parsePacket(): could not receive data: 9
[ 48520][E][WiFiUdp.cpp:221] parsePacket(): could not receive data: 9
[ 48527][E][WiFiUdp.cpp:221] parsePacket(): could not receive data: 9
[ 48532][E][WiFiUdp.cpp:221] parsePacket(): could not receive data: 9
[ 48538][E][WiFiUdp.cpp:221] parsePacket(): could not receive data: 9
[ 48545][E][WiFiUdp.cpp:221] parsePacket(): could not receive data: 9
[ 48551][E][WiFiUdp.cpp:221] parsePacket(): could not receive data: 9
[ 48557][E][WiFiUdp.cpp:221] parsePacket(): could not receive data: 9
[ 48563][E][WiFiUdp.cpp:221] parsePacket(): could not receive data: 9
[ 48569][E][WiFiUdp.cpp:221] parsePacket(): could not receive data: 9
[ 48575][E][WiFiUdp.cpp:221] parsePacket(): could not receive data: 9
[ 48580][E][WiFiUdp.cpp:221] parsePacket(): could not receive data: 9
[ 48586][E][WiFiUdp.cpp:221] parsePacket(): could not receive data: 9
[ 48592][E][WiFiUdp.cpp:221] parsePacket(): could not receive data: 9
[ 48598][E][WiFiUdp.cpp:221] parsePacket(): could not receive data: 9
[ 48604][E][WiFiUdp.cpp:221] parsePacket(): could not receive data: 9
[ 48611][E][WiFiUdp.cpp:221] parsePacket(): could not receive data: 9
[ 48616][E][WiFiUdp.cpp:221] parsePacket(): could not receive data: 9
[ 48622][E][WiFiUdp.cpp:221] parsePacket(): could not receive data: 9
[ 48628][E][WiFiUdp.cpp:221] parsePacket(): could not receive data: 9
[ 48634][E][WiFiUdp.cpp:221] parsePacket(): could not receive data: 9
[ 48640][E][WiFiUdp.cpp:221] parsePacket(): could not receive data: 9
[ 48646][E][WiFiUdp.cpp:221] parsePacket(): could not receive data: 9
[ 48652][E][WiFiUdp.cpp:221] parsePacket(): could not receive data: 9
[ 48659][E][WiFiUdp.cpp:221] parsePacket(): could not receive data: 9
[ 48664][E][WiFiUdp.cpp:221] parsePacket(): could not receive data: 9
[ 48670][E][WiFiUdp.cpp:221] parsePacket(): could not receive data: 9
[ 48676][E][WiFiUdp.cpp:221] parsePacket(): could not receive data: 9
[ 48682][E][WiFiUdp.cpp:221] parsePacket(): could not receive data: 9
[ 48689][E][WiFiUdp.cpp:221] parsePacket(): could not receive data: 9
[ 48695][E][WiFiUdp.cpp:221] parsePacket(): could not receive data: 9
[ 48701][E][WiFiUdp.cpp:221] parsePacket(): could not receive data: 9
[ 48707][E][WiFiUdp.cpp:221] parsePacket(): could not receive data: 9
[ 48712][E][WiFiUdp.cpp:221] parsePacket(): could not receive data: 9
[ 48719][E][WiFiUdp.cpp:221] parsePacket(): could not receive data: 9
[ 48725][E][WiFiUdp.cpp:221] parsePacket(): could not receive data: 9
[ 48730][E][WiFiUdp.cpp:221] parsePacket(): could not receive data: 9
[ 48736][E][WiFiUdp.cpp:221] parsePacket(): could not receive data: 9
[ 48743][E][WiFiUdp.cpp:221] parsePacket(): could not receive data: 9
[ 48748][E][WiFiUdp.cpp:221] parsePacket(): could not receive data: 9
[ 48755][E][WiFiUdp.cpp:221] parsePacket(): could not receive data: 9
[ 48760][E][WiFiUdp.cpp:221] parsePacket(): could not receive data: 9
[ 48766][E][WiFiUdp.cpp:221] parsePacket(): could not receive data: 9
[ 48772][E][WiFiUdp.cpp:221] parsePacket(): could not receive data: 9
[ 48778][E][WiFiUdp.cpp:221] parsePacket(): could not receive data: 9
[ 48785][E][WiFiUdp.cpp:221] parsePacket(): could not receive data: 9
[ 48790][E][WiFiUdp.cpp:221] parsePacket(): could not receive data: 9
[ 48797][E][WiFiUdp.cpp:221] parsePacket(): could not receive data: 9
[ 48802][E][WiFiUdp.cpp:221] parsePacket(): could not receive data: 9
[ 48809][E][WiFiUdp.cpp:221] parsePacket(): could not receive data: 9
[ 48814][E][WiFiUdp.cpp:221] parsePacket(): could not receive data: 9
[ 48820][E][WiFiUdp.cpp:221] parsePacket(): could not receive data: 9
[ 48826][E][WiFiUdp.cpp:221] parsePacket(): could not receive data: 9
[ 48833][E][WiFiUdp.cpp:221] parsePacket(): could not receive data: 9
[ 48838][E][WiFiUdp.cpp:221] parsePacket(): could not receive data: 9
[ 48845][E][WiFiUdp.cpp:221] parsePacket(): could not receive data: 9
[ 48851][E][WiFiUdp.cpp:221] parsePacket(): could not receive data: 9
[ 48856][E][WiFiUdp.cpp:221] parsePacket(): could not receive data: 9
[ 48863][E][WiFiUdp.cpp:221] parsePacket(): could not receive data: 9
[ 48868][E][WiFiUdp.cpp:221] parsePacket(): could not receive data: 9
[ 48874][E][WiFiUdp.cpp:221] parsePacket(): could not receive data: 9
[ 48881][E][WiFiUdp.cpp:221] parsePacket(): could not receive data: 9
[ 48887][E][WiFiUdp.cpp:221] parsePacket(): could not receive data: 9
[ 48892][E][WiFiUdp.cpp:221] parsePacket(): could not receive data: 9
[ 48898][E][WiFiUdp.cpp:221] parsePacket(): could not receive data: 9
[ 48905][E][WiFiUdp.cpp:221] parsePacket(): could not receive data: 9
[ 48911][E][WiFiUdp.cpp:221] parsePacket(): could not receive data: 9
[ 48916][E][WiFiUdp.cpp:221] parsePacket(): could not receive data: 9
[ 48922][E][WiFiUdp.cpp:221] parsePacket(): could not receive data: 9
[ 48929][E][WiFiUdp.cpp:221] parsePacket(): could not receive data: 9
[ 48935][E][WiFiUdp.cpp:221] parsePacket(): could not receive data: 9
[ 48940][E][WiFiUdp.cpp:221] parsePacket(): could not receive data: 9
[ 48947][E][WiFiUdp.cpp:221] parsePacket(): could not receive data: 9
[ 48952][E][WiFiUdp.cpp:221] parsePacket(): could not receive data: 9
[ 48958][E][WiFiUdp.cpp:221] parsePacket(): could not receive data: 9
[ 48965][E][WiFiUdp.cpp:221] parsePacket(): could not receive data: 9
[ 48971][E][WiFiUdp.cpp:221] parsePacket(): could not receive data: 9
[ 48977][E][WiFiUdp.cpp:221] parsePacket(): could not receive data: 9
[ 48983][E][WiFiUdp.cpp:221] parsePacket(): could not receive data: 9
[ 48989][E][WiFiUdp.cpp:221] parsePacket(): could not receive data: 9
[ 48994][E][WiFiUdp.cpp:221] parsePacket(): could not receive data: 9
[ 49001][E][WiFiUdp.cpp:221] parsePacket(): could not receive data: 9
[ 49007][E][WiFiUdp.cpp:221] parsePacket(): could not receive data: 9
[ 49013][E][WiFiUdp.cpp:221] parsePacket(): could not receive data: 9
[ 49018][E][WiFiUdp.cpp:221] parsePacket(): could not receive data: 9
[ 49025][E][WiFiUdp.cpp:221] parsePacket(): could not receive data: 9
[ 49030][E][WiFiUdp.cpp:221] parsePacket(): could not receive data: 9
[ 49037][E][WiFiUdp.cpp:221] parsePacket(): could not receive data: 9
[ 49042][E][WiFiUdp.cpp:221] parsePacket(): could not receive data: 9
[ 49049][E][WiFiUdp.cpp:221] parsePacket(): could not receive data: 9
[ 49055][E][WiFiUdp.cpp:221] parsePacket(): could not receive data: 9
[ 49061][E][WiFiUdp.cpp:221] parsePacket(): could not receive data: 9
[ 49066][E][WiFiUdp.cpp:221] parsePacket(): could not receive data: 9
[ 49073][E][WiFiUdp.cpp:221] parsePacket(): could not receive data: 9
[ 49079][E][WiFiUdp.cpp:221] parsePacket(): could not receive data: 9
[ 49084][E][WiFiUdp.cpp:221] parsePacket(): could not receive data: 9
[ 49091][E][WiFiUdp.cpp:221] parsePacket(): could not receive data: 9
[ 49096][E][WiFiUdp.cpp:221] parsePacket(): could not receive data: 9
[ 49102][E][WiFiUdp.cpp:221] parsePacket(): could not receive data: 9
[ 49108][E][WiFiUdp.cpp:221] parsePacket(): could not receive data: 9
[ 49115][E][WiFiUdp.cpp:221] parsePacket(): could not receive data: 9
[ 49121][E][WiFiUdp.cpp:221] parsePacket(): could not receive data: 9
[ 49127][E][WiFiUdp.cpp:221] parsePacket(): could not receive data: 9
[ 49132][E][WiFiUdp.cpp:221] parsePacket(): could not receive data: 9
[ 49139][E][WiFiUdp.cpp:221] parsePacket(): could not receive data: 9
[ 49144][E][WiFiUdp.cpp:221] parsePacket(): could not receive data: 9
[ 49151][E][WiFiUdp.cpp:221] parsePacket(): could not receive data: 9
[ 49157][E][WiFiUdp.cpp:221] parsePacket(): could not receive data: 9
[ 49163][E][WiFiUdp.cpp:221] parsePacket(): could not receive data: 9
[ 49169][E][WiFiUdp.cpp:221] parsePacket(): could not receive data: 9
[ 49175][E][WiFiUdp.cpp:221] parsePacket(): could not receive data: 9
[ 49181][E][WiFiUdp.cpp:221] parsePacket(): could not receive data: 9
[ 49187][E][WiFiUdp.cpp:221] parsePacket(): could not receive data: 9
[ 49193][E][WiFiUdp.cpp:221] parsePacket(): could not receive data: 9
[ 49199][E][WiFiUdp.cpp:221] parsePacket(): could not receive data: 9
[ 49205][E][WiFiUdp.cpp:221] parsePacket(): could not receive data: 9
[ 49210][E][WiFiUdp.cpp:221] parsePacket(): could not receive data: 9
[ 49217][E][WiFiUdp.cpp:221] parsePacket(): could not receive data: 9
[ 49223][E][WiFiUdp.cpp:221] parsePacket(): could not receive data: 9
[ 49229][E][WiFiUdp.cpp:221] parsePacket(): could not receive data: 9
[ 49235][E][WiFiUdp.cpp:221] parsePacket(): could not receive data: 9
[ 49240][E][WiFiUdp.cpp:221] parsePacket(): could not receive data: 9
[ 49246][E][WiFiUdp.cpp:221] parsePacket(): could not receive data: 9
[ 49252][E][WiFiUdp.cpp:221] parsePacket(): could not receive data: 9
[ 49258][E][WiFiUdp.cpp:221] parsePacket(): could not receive data: 9
[ 49265][E][WiFiUdp.cpp:221] parsePacket(): could not receive data: 9
[ 49270][E][WiFiUdp.cpp:221] parsePacket(): could not receive data: 9
[ 49277][E][WiFiUdp.cpp:221] parsePacket(): could not receive data: 9
[ 49283][E][WiFiUdp.cpp:221] parsePacket(): could not receive data: 9
[ 49289][E][WiFiUdp.cpp:221] parsePacket(): could not receive data: 9
[ 49295][E][WiFiUdp.cpp:221] parsePacket(): could not receive data: 9
[ 49300][E][WiFiUdp.cpp:221] parsePacket(): could not receive data: 9
[ 49307][E][WiFiUdp.cpp:221] parsePacket(): could not receive data: 9
[ 49312][E][WiFiUdp.cpp:221] parsePacket(): could not receive data: 9
[ 49318][E][WiFiUdp.cpp:221] parsePacket(): could not receive data: 9
[ 49324][E][WiFiUdp.cpp:221] parsePacket(): could not receive data: 9
[ 49331][E][WiFiUdp.cpp:221] parsePacket(): could not receive data: 9
[ 49336][E][WiFiUdp.cpp:221] parsePacket(): could not receive data: 9
[ 49342][E][WiFiUdp.cpp:221] parsePacket(): could not receive data: 9
[ 49348][E][WiFiUdp.cpp:221] parsePacket(): could not receive data: 9
[ 49354][E][WiFiUdp.cpp:221] parsePacket(): could not receive data: 9
[ 49360][E][WiFiUdp.cpp:221] parsePacket(): could not receive data: 9
[ 49367][E][WiFiUdp.cpp:221] parsePacket(): could not receive data: 9
[ 49373][E][WiFiUdp.cpp:221] parsePacket(): could not receive data: 9
[ 49378][E][WiFiUdp.cpp:221] parsePacket(): could not receive data: 9
[ 49384][E][WiFiUdp.cpp:221] parsePacket(): could not receive data: 9
[ 49391][E][WiFiUdp.cpp:221] parsePacket(): could not receive data: 9
[ 49397][E][WiFiUdp.cpp:221] parsePacket(): could not receive data: 9
[ 49403][E][WiFiUdp.cpp:221] parsePacket(): could not receive data: 9
[ 49409][E][WiFiUdp.cpp:221] parsePacket(): could not receive data: 9
[ 49414][E][WiFiUdp.cpp:221] parsePacket(): could not receive data: 9
[ 49420][E][WiFiUdp.cpp:221] parsePacket(): could not receive data: 9
[ 49426][E][WiFiUdp.cpp:221] parsePacket(): could not receive data: 9
[ 49432][E][WiFiUdp.cpp:221] parsePacket(): could not receive data: 9
[ 49439][E][WiFiUdp.cpp:221] parsePacket(): could not receive data: 9
[ 49445][E][WiFiUdp.cpp:221] parsePacket(): could not receive data: 9
[ 49451][E][WiFiUdp.cpp:221] parsePacket(): could not receive data: 9
[ 49457][E][WiFiUdp.cpp:221] parsePacket(): could not receive data: 9
[ 49463][E][WiFiUdp.cpp:221] parsePacket(): could not receive data: 9
[ 49469][E][WiFiUdp.cpp:221] parsePacket(): could not receive data: 9
[ 49474][E][WiFiUdp.cpp:221] parsePacket(): could not receive data: 9
[ 49480][E][WiFiUdp.cpp:221] parsePacket(): could not receive data: 9
[ 49486][E][WiFiUdp.cpp:221] parsePacket(): could not receive data: 9
[ 49492][E][WiFiUdp.cpp:221] parsePacket(): could not receive data: 9
[ 49498][E][WiFiUdp.cpp:221] parsePacket(): could not receive data: 9
[ 49504][E][WiFiUdp.cpp:221] parsePacket(): could not receive data: 9
[ 49511][E][WiFiUdp.cpp:221] parsePacket(): could not receive data: 9
[ 49516][E][WiFiUdp.cpp:221] parsePacket(): could not receive data: 9
[ 49522][E][WiFiUdp.cpp:221] parsePacket(): could not receive data: 9
[ 49528][E][WiFiUdp.cpp:221] parsePacket(): could not receive data: 9
[ 49535][E][WiFiUdp.cpp:221] parsePacket(): could not receive data: 9
[ 49541][E][WiFiUdp.cpp:221] parsePacket(): could not receive data: 9
[ 49546][E][WiFiUdp.cpp:221] parsePacket(): could not receive data: 9
[ 49552][E][WiFiUdp.cpp:221] parsePacket(): could not receive data: 9
[ 49559][E][WiFiUdp.cpp:221] parsePacket(): could not receive data: 9
[ 49564][E][WiFiUdp.cpp:221] parsePacket(): could not receive data: 9
[ 49570][E][WiFiUdp.cpp:221] parsePacket(): could not receive data: 9
[ 49576][E][WiFiUdp.cpp:221] parsePacket(): could not receive data: 9
[ 49582][E][WiFiUdp.cpp:221] parsePacket(): could not receive data: 9
[ 49588][E][WiFiUdp.cpp:221] parsePacket(): could not receive data: 9
[ 49594][E][WiFiUdp.cpp:221] parsePacket(): could not receive data: 9
[ 49601][E][WiFiUdp.cpp:221] parsePacket(): could not receive data: 9
[ 49607][E][WiFiUdp.cpp:221] parsePacket(): could not receive data: 9
[ 49613][E][WiFiUdp.cpp:221] parsePacket(): could not receive data: 9
[ 49619][E][WiFiUdp.cpp:221] parsePacket(): could not receive data: 9
[ 49624][E][WiFiUdp.cpp:221] parsePacket(): could not receive data: 9
[ 49631][E][WiFiUdp.cpp:221] parsePacket(): could not receive data: 9
[ 49637][E][WiFiUdp.cpp:221] parsePacket(): could not receive data: 9
[ 49643][E][WiFiUdp.cpp:221] parsePacket(): could not receive data: 9
[ 49649][E][WiFiUdp.cpp:221] parsePacket(): could not receive data: 9
[ 49655][E][WiFiUdp.cpp:221] parsePacket(): could not receive data: 9
[ 49661][E][WiFiUdp.cpp:221] parsePacket(): could not receive data: 9
[ 49667][E][WiFiUdp.cpp:221] parsePacket(): could not receive data: 9
[ 49673][E][WiFiUdp.cpp:221] parsePacket(): could not receive data: 9
[ 49679][E][WiFiUdp.cpp:221] parsePacket(): could not receive data: 9
[ 49685][E][WiFiUdp.cpp:221] parsePacket(): could not receive data: 9
[ 49691][E][WiFiUdp.cpp:221] parsePacket(): could not receive data: 9
[ 49697][E][WiFiUdp.cpp:221] parsePacket(): could not receive data: 9
[ 49703][E][WiFiUdp.cpp:221] parsePacket(): could not receive data: 9
[ 49709][E][WiFiUdp.cpp:221] parsePacket(): could not receive data: 9
[ 49714][E][WiFiUdp.cpp:221] parsePacket(): could not receive data: 9
[ 49721][E][WiFiUdp.cpp:221] parsePacket(): could not receive data: 9
[ 49727][E][WiFiUdp.cpp:221] parsePacket(): could not receive data: 9
[ 49733][E][WiFiUdp.cpp:221] parsePacket(): could not receive data: 9
[ 49739][E][WiFiUdp.cpp:221] parsePacket(): could not receive data: 9
[ 49744][E][WiFiUdp.cpp:221] parsePacket(): could not receive data: 9
[ 49751][E][WiFiUdp.cpp:221] parsePacket(): could not receive data: 9
[ 49757][E][WiFiUdp.cpp:221] parsePacket(): could not receive data: 9
[ 49762][E][WiFiUdp.cpp:221] parsePacket(): could not receive data: 9
[ 49769][E][WiFiUdp.cpp:221] parsePacket(): could not receive data: 9
[ 49775][E][WiFiUdp.cpp:221] parsePacket(): could not receive data: 9
[ 49780][E][WiFiUdp.cpp:221] parsePacket(): could not receive data: 9
[ 49786][E][WiFiUdp.cpp:221] parsePacket(): could not receive data: 9
[ 49792][E][WiFiUdp.cpp:221] parsePacket(): could not receive data: 9
[ 49798][E][WiFiUdp.cpp:221] parsePacket(): could not receive data: 9
[ 49804][E][WiFiUdp.cpp:221] parsePacket(): could not receive data: 9
[ 49810][E][WiFiUdp.cpp:221] parsePacket(): could not receive data: 9
[ 49816][E][WiFiUdp.cpp:221] parsePacket(): could not receive data: 9
[ 49822][E][WiFiUdp.cpp:221] parsePacket(): could not receive data: 9
[ 49828][E][WiFiUdp.cpp:221] parsePacket(): could not receive data: 9
[ 49834][E][WiFiUdp.cpp:221] parsePacket(): could not receive data: 9
[ 49840][E][WiFiUdp.cpp:221] parsePacket(): could not receive data: 9
[ 49847][E][WiFiUdp.cpp:221] parsePacket(): could not receive data: 9
[ 49853][E][WiFiUdp.cpp:221] parsePacket(): could not receive data: 9
[ 49858][E][WiFiUdp.cpp:221] parsePacket(): could not receive data: 9
[ 49865][E][WiFiUdp.cpp:221] parsePacket(): could not receive data: 9
[ 49871][E][WiFiUdp.cpp:221] parsePacket(): could not receive data: 9
[ 49876][E][WiFiUdp.cpp:221] parsePacket(): could not receive data: 9
[ 49882][E][WiFiUdp.cpp:221] parsePacket(): could not receive data: 9
[ 49888][E][WiFiUdp.cpp:221] parsePacket(): could not receive data: 9
[ 49894][E][WiFiUdp.cpp:221] parsePacket(): could not receive data: 9
[ 49901][E][WiFiUdp.cpp:221] parsePacket(): could not receive data: 9
[ 49907][E][WiFiUdp.cpp:221] parsePacket(): could not receive data: 9
[ 49913][E][WiFiUdp.cpp:221] parsePacket(): could not receive data: 9
[ 49919][E][WiFiUdp.cpp:221] parsePacket(): could not receive data: 9
[ 49925][E][WiFiUdp.cpp:221] parsePacket(): could not receive data: 9
[ 49931][E][WiFiUdp.cpp:221] parsePacket(): could not receive data: 9
[ 49936][E][WiFiUdp.cpp:221] parsePacket(): could not receive data: 9
[ 49942][E][WiFiUdp.cpp:221] parsePacket(): could not receive data: 9
[ 49949][E][WiFiUdp.cpp:221] parsePacket(): could not receive data: 9
[ 49954][E][WiFiUdp.cpp:221] parsePacket(): could not receive data: 9
[ 49960][E][WiFiUdp.cpp:221] parsePacket(): could not receive data: 9
[ 49966][E][WiFiUdp.cpp:221] parsePacket(): could not receive data: 9
[ 49973][E][WiFiUdp.cpp:221] parsePacket(): could not receive data: 9
[ 49978][E][WiFiUdp.cpp:221] parsePacket(): could not receive data: 9
[ 49984][E][WiFiUdp.cpp:221] parsePacket(): could not receive data: 9
[ 49991][E][WiFiUdp.cpp:221] parsePacket(): could not receive data: 9
[ 49996][E][WiFiUdp.cpp:221] parsePacket(): could not receive data: 9
[ 50003][E][WiFiUdp.cpp:221] parsePacket(): could not receive data: 9
[ 50009][E][WiFiUdp.cpp:221] parsePacket(): could not receive data: 9
[ 50015][E][WiFiUdp.cpp:221] parsePacket(): could not receive data: 9
[ 50021][E][WiFiUdp.cpp:221] parsePacket(): could not receive data: 9
[ 50027][E][WiFiUdp.cpp:221] parsePacket(): could not receive data: 9
[ 50033][E][WiFiUdp.cpp:221] parsePacket(): could not receive data: 9
[ 50039][E][WiFiUdp.cpp:221] parsePacket(): could not receive data: 9
[ 50045][E][WiFiUdp.cpp:221] parsePacket(): could not receive data: 9
[ 50051][E][WiFiUdp.cpp:221] parsePacket(): could not receive data: 9
[ 50057][E][WiFiUdp.cpp:221] parsePacket(): could not receive data: 9
[ 50063][E][WiFiUdp.cpp:221] parsePacket(): could not receive data: 9
[ 50069][E][WiFiUdp.cpp:221] parsePacket(): could not receive data: 9
[ 50075][E][WiFiUdp.cpp:221] parsePacket(): could not receive data: 9
[ 50081][E][WiFiUdp.cpp:221] parsePacket(): could not receive data: 9
[ 50094][E][WiFiUdp.cpp:221] parsePacket(): could not receive data: 9
[ 50101][E][WiFiUdp.cpp:221] parsePacket(): could not receive data: 9
[ 50106][E][WiFiUdp.cpp:221] parsePacket(): could not receive data: 9
[ 50113][E][WiFiUdp.cpp:221] parsePacket(): could not receive data: 9
[ 50119][E][WiFiUdp.cpp:221] parsePacket(): could not receive data: 9
[ 50125][E][WiFiUdp.cpp:221] parsePacket(): could not receive data: 9
[ 50131][E][WiFiUdp.cpp:221] parsePacket(): could not receive data: 9
[ 50137][E][WiFiUdp.cpp:221] parsePacket(): could not receive data: 9
[ 50143][E][WiFiUdp.cpp:221] parsePacket(): could not receive data: 9
[ 50149][E][WiFiUdp.cpp:221] parsePacket(): could not receive data: 9
[ 50155][E][WiFiUdp.cpp:221] parsePacket(): could not receive data: 9
[ 50160][E][WiFiUdp.cpp:221] parsePacket(): could not receive data: 9
[ 50167][E][WiFiUdp.cpp:221] parsePacket(): could not receive data: 9
[ 50172][E][WiFiUdp.cpp:221] parsePacket(): could not receive data: 9
[ 50179][E][WiFiUdp.cpp:221] parsePacket(): could not receive data: 9
[ 50185][E][WiFiUdp.cpp:221] parsePacket(): could not receive data: 9
[ 50191][E][WiFiUdp.cpp:221] parsePacket(): could not receive data: 9
[ 50196][E][WiFiUdp.cpp:221] parsePacket(): could not receive data: 9
[ 50203][E][WiFiUdp.cpp:221] parsePacket(): could not receive data: 9
[ 50208][E][WiFiUdp.cpp:221] parsePacket(): could not receive data: 9
[ 50214][E][WiFiUdp.cpp:221] parsePacket(): could not receive data: 9
[ 50220][E][WiFiUdp.cpp:221] parsePacket(): could not receive data: 9
[ 50226][E][WiFiUdp.cpp:221] parsePacket(): could not receive data: 9
[ 50232][E][WiFiUdp.cpp:221] parsePacket(): could not receive data: 9
[ 50239][E][WiFiUdp.cpp:221] parsePacket(): could not receive data: 9
[ 50245][E][WiFiUdp.cpp:221] parsePacket(): could not receive data: 9
[ 50251][E][WiFiUdp.cpp:221] parsePacket(): could not receive data: 9
[ 50256][E][WiFiUdp.cpp:221] parsePacket(): could not receive data: 9
[ 50263][E][WiFiUdp.cpp:221] parsePacket(): could not receive data: 9
[ 50269][E][WiFiUdp.cpp:221] parsePacket(): could not receive data: 9
[ 50275][E][WiFiUdp.cpp:221] parsePacket(): could not receive data: 9
[ 50281][E][WiFiUdp.cpp:221] parsePacket(): could not receive data: 9
[ 50287][E][WiFiUdp.cpp:221] parsePacket(): could not receive data: 9
[ 50293][E][WiFiUdp.cpp:221] parsePacket(): could not receive data: 9
[ 50299][E][WiFiUdp.cpp:221] parsePacket(): could not receive data: 9
[ 50305][E][WiFiUdp.cpp:221] parsePacket(): could not receive data: 9
[ 50311][E][WiFiUdp.cpp:221] parsePacket(): could not receive data: 9
[ 50317][E][WiFiUdp.cpp:221] parsePacket(): could not receive data: 9
[ 50323][E][WiFiUdp.cpp:221] parsePacket(): could not receive data: 9
[ 50329][E][WiFiUdp.cpp:221] parsePacket(): could not receive data: 9
[ 50335][E][WiFiUdp.cpp:221] parsePacket(): could not receive data: 9
[ 50341][E][WiFiUdp.cpp:221] parsePacket(): could not receive data: 9
[ 50347][E][WiFiUdp.cpp:221] parsePacket(): could not receive data: 9
[ 50353][E][WiFiUdp.cpp:221] parsePacket(): could not receive data: 9
[ 50359][E][WiFiUdp.cpp:221] parsePacket(): could not receive data: 9
[ 50365][E][WiFiUdp.cpp:221] parsePacket(): could not receive data: 9
[ 50371][E][WiFiUdp.cpp:221] parsePacket(): could not receive data: 9
[ 50377][E][WiFiUdp.cpp:221] parsePacket(): could not receive data: 9
[ 50383][E][WiFiUdp.cpp:221] parsePacket(): could not receive data: 9
[ 50389][E][WiFiUdp.cpp:221] parsePacket(): could not receive data: 9
[ 50395][E][WiFiUdp.cpp:221] parsePacket(): could not receive data: 9
[ 50401][E][WiFiUdp.cpp:221] parsePacket(): could not receive data: 9
[ 50407][E][WiFiUdp.cpp:221] parsePacket(): could not receive data: 9
[ 50413][E][WiFiUdp.cpp:221] parsePacket(): could not receive data: 9
[ 50419][E][WiFiUdp.cpp:221] parsePacket(): could not receive data: 9
[ 50424][E][WiFiUdp.cpp:221] parsePacket(): could not receive data: 9
[ 50431][E][WiFiUdp.cpp:221] parsePacket(): could not receive data: 9
[ 50437][E][WiFiUdp.cpp:221] parsePacket(): could not receive data: 9
[ 50442][E][WiFiUdp.cpp:221] parsePacket(): could not receive data: 9
[ 50449][E][WiFiUdp.cpp:221] parsePacket(): could not receive data: 9
[ 50455][E][WiFiUdp.cpp:221] parsePacket(): could not receive data: 9
[ 50460][E][WiFiUdp.cpp:221] parsePacket(): could not receive data: 9
[ 50467][E][WiFiUdp.cpp:221] parsePacket(): could not receive data: 9
[ 50472][E][WiFiUdp.cpp:221] parsePacket(): could not receive data: 9
[ 50478][E][WiFiUdp.cpp:221] parsePacket(): could not receive data: 9
[ 50484][E][WiFiUdp.cpp:221] parsePacket(): could not receive data: 9
[ 50491][E][WiFiUdp.cpp:221] parsePacket(): could not receive data: 9
[ 50497][E][WiFiUdp.cpp:221] parsePacket(): could not receive data: 9
[ 50503][E][WiFiUdp.cpp:221] parsePacket(): could not receive data: 9
[ 50509][E][WiFiUdp.cpp:221] parsePacket(): could not receive data: 9
[ 50515][E][WiFiUdp.cpp:221] parsePacket(): could not receive data: 9
[ 50521][E][WiFiUdp.cpp:221] parsePacket(): could not receive data: 9
[ 50527][E][WiFiUdp.cpp:221] parsePacket(): could not receive data: 9
[ 50533][E][WiFiUdp.cpp:221] parsePacket(): could not receive data: 9
[ 50538][E][WiFiUdp.cpp:221] parsePacket(): could not receive data: 9
[ 50545][E][WiFiUdp.cpp:221] parsePacket(): could not receive data: 9
[ 50551][E][WiFiUdp.cpp:221] parsePacket(): could not receive data: 9
[ 50557][E][WiFiUdp.cpp:221] parsePacket(): could not receive data: 9
[ 50563][E][WiFiUdp.cpp:221] parsePacket(): could not receive data: 9
[ 50569][E][WiFiUdp.cpp:221] parsePacket(): could not receive data: 9
[ 50574][E][WiFiUdp.cpp:221] parsePacket(): could not receive data: 9
[ 50580][E][WiFiUdp.cpp:221] parsePacket(): could not receive data: 9
[ 50586][E][WiFiUdp.cpp:221] parsePacket(): could not receive data: 9
[ 50593][E][WiFiUdp.cpp:221] parsePacket(): could not receive data: 9
[ 50599][E][WiFiUdp.cpp:221] parsePacket(): could not receive data: 9
[ 50605][E][WiFiUdp.cpp:221] parsePacket(): could not receive data: 9
[ 50611][E][WiFiUdp.cpp:221] parsePacket(): could not receive data: 9
[ 50617][E][WiFiUdp.cpp:221] parsePacket(): could not receive data: 9
[ 50623][E][WiFiUdp.cpp:221] parsePacket(): could not receive data: 9
[ 50629][E][WiFiUdp.cpp:221] parsePacket(): could not receive data: 9
[ 50635][E][WiFiUdp.cpp:221] parsePacket(): could not receive data: 9
[ 50641][E][WiFiUdp.cpp:221] parsePacket(): could not receive data: 9
[ 50647][E][WiFiUdp.cpp:221] parsePacket(): could not receive data: 9
[ 50653][E][WiFiUdp.cpp:221] parsePacket(): could not receive data: 9
[ 50659][E][WiFiUdp.cpp:221] parsePacket(): could not receive data: 9
[ 50665][E][WiFiUdp.cpp:221] parsePacket(): could not receive data: 9
[ 50670][E][WiFiUdp.cpp:221] parsePacket(): could not receive data: 9
[ 50677][E][WiFiUdp.cpp:221] parsePacket(): could not receive data: 9
[ 50683][E][WiFiUdp.cpp:221] parsePacket(): could not receive data: 9
[ 50689][E][WiFiUdp.cpp:221] parsePacket(): could not receive data: 9
[ 50695][E][WiFiUdp.cpp:221] parsePacket(): could not receive data: 9
[ 50701][E][WiFiUdp.cpp:221] parsePacket(): could not receive data: 9
[ 50707][E][WiFiUdp.cpp:221] parsePacket(): could not receive data: 9
[ 50712][E][WiFiUdp.cpp:221] parsePacket(): could not receive data: 9
[ 50719][E][WiFiUdp.cpp:221] parsePacket(): could not receive data: 9
[ 50725][E][WiFiUdp.cpp:221] parsePacket(): could not receive data: 9
[ 50731][E][WiFiUdp.cpp:221] parsePacket(): could not receive data: 9
[ 50736][E][WiFiUdp.cpp:221] parsePacket(): could not receive data: 9
[ 50743][E][WiFiUdp.cpp:221] parsePacket(): could not receive data: 9
[ 50749][E][WiFiUdp.cpp:221] parsePacket(): could not receive data: 9
[ 50755][E][WiFiUdp.cpp:221] parsePacket(): could not receive data: 9
[ 50761][E][WiFiUdp.cpp:221] parsePacket(): could not receive data: 9
[ 50767][E][WiFiUdp.cpp:221] parsePacket(): could not receive data: 9
[ 50773][E][WiFiUdp.cpp:221] parsePacket(): could not receive data: 9
[ 50779][E][WiFiUdp.cpp:221] parsePacket(): could not receive data: 9
[ 50785][E][WiFiUdp.cpp:221] parsePacket(): could not receive data: 9
[ 50791][E][WiFiUdp.cpp:221] parsePacket(): could not receive data: 9
[ 50797][E][WiFiUdp.cpp:221] parsePacket(): could not receive data: 9
[ 50803][E][WiFiUdp.cpp:221] parsePacket(): could not receive data: 9
[ 50809][E][WiFiUdp.cpp:221] parsePacket(): could not receive data: 9
[ 50815][E][WiFiUdp.cpp:221] parsePacket(): could not receive data: 9
[ 50821][E][WiFiUdp.cpp:221] parsePacket(): could not receive data: 9
[ 50826][E][WiFiUdp.cpp:221] parsePacket(): could not receive data: 9
[ 50831][E][WiFiUdp.cpp:221] parsePacket(): could not receive data: 9
[ 50837][E][WiFiUdp.cpp:221] parsePacket(): could not receive data: 9
[ 50843][E][WiFiUdp.cpp:221] parsePacket(): could not receive data: 9
[ 50849][E][WiFiUdp.cpp:221] parsePacket(): could not receive data: 9
[ 50855][E][WiFiUdp.cpp:221] parsePacket(): could not receive data: 9
[ 50861][E][WiFiUdp.cpp:221] parsePacket(): could not receive data: 9
[ 50867][E][WiFiUdp.cpp:221] parsePacket(): could not receive data: 9
[ 50873][E][WiFiUdp.cpp:221] parsePacket(): could not receive data: 9
[ 50879][E][WiFiUdp.cpp:221] parsePacket(): could not receive data: 9
[ 50884][E][WiFiUdp.cpp:221] parsePacket(): could not receive data: 9
[ 50891][E][WiFiUdp.cpp:221] parsePacket(): could not receive data: 9
[ 50897][E][WiFiUdp.cpp:221] parsePacket(): could not receive data: 9
[ 50903][E][WiFiUdp.cpp:221] parsePacket(): could not receive data: 9
[ 50909][E][WiFiUdp.cpp:221] parsePacket(): could not receive data: 9
[ 50915][E][WiFiUdp.cpp:221] parsePacket(): could not receive data: 9
[ 50921][E][WiFiUdp.cpp:221] parsePacket(): could not receive data: 9
[ 50927][E][WiFiUdp.cpp:221] parsePacket(): could not receive data: 9
[ 50933][E][WiFiUdp.cpp:221] parsePacket(): could not receive data: 9
[ 50939][E][WiFiUdp.cpp:221] parsePacket(): could not receive data: 9
[ 50945][E][WiFiUdp.cpp:221] parsePacket(): could not receive data: 9
[ 50951][E][WiFiUdp.cpp:221] parsePacket(): could not receive data: 9
[ 50957][E][WiFiUdp.cpp:221] parsePacket(): could not receive data: 9
[ 50963][E][WiFiUdp.cpp:221] parsePacket(): could not receive data: 9
[ 50969][E][WiFiUdp.cpp:221] parsePacket(): could not receive data: 9
[ 50975][E][WiFiUdp.cpp:221] parsePacket(): could not receive data: 9
[ 50981][E][WiFiUdp.cpp:221] parsePacket(): could not receive data: 9
[ 50987][E][WiFiUdp.cpp:221] parsePacket(): could not receive data: 9
[ 50993][E][WiFiUdp.cpp:221] parsePacket(): could not receive data: 9
[ 50999][E][WiFiUdp.cpp:221] parsePacket(): could not receive data: 9
[ 51005][E][WiFiUdp.cpp:221] parsePacket(): could not receive data: 9
[ 51011][E][WiFiUdp.cpp:221] parsePacket(): could not receive data: 9
[ 51017][E][WiFiUdp.cpp:221] parsePacket(): could not receive data: 9
[ 51023][E][WiFiUdp.cpp:221] parsePacket(): could not receive data: 9
[ 51029][E][WiFiUdp.cpp:221] parsePacket(): could not receive data: 9
[ 51035][E][WiFiUdp.cpp:221] parsePacket(): could not receive data: 9
[ 51041][E][WiFiUdp.cpp:221] parsePacket(): could not receive data: 9
[ 51047][E][WiFiUdp.cpp:221] parsePacket(): could not receive data: 9
[ 51053][E][WiFiUdp.cpp:221] parsePacket(): could not receive data: 9
[ 51059][E][WiFiUdp.cpp:221] parsePacket(): could not receive data: 9
[ 51065][E][WiFiUdp.cpp:221] parsePacket(): could not receive data: 9
[ 51071][E][WiFiUdp.cpp:221] parsePacket(): could not receive data: 9
[ 51077][E][WiFiUdp.cpp:221] parsePacket(): could not receive data: 9
[ 51083][E][WiFiUdp.cpp:221] parsePacket(): could not receive data: 9
[ 51089][E][WiFiUdp.cpp:221] parsePacket(): could not receive data: 9
[ 51095][E][WiFiUdp.cpp:221] parsePacket(): could not receive data: 9
[ 51101][E][WiFiUdp.cpp:221] parsePacket(): could not receive data: 9
[ 51107][E][WiFiUdp.cpp:221] parsePacket(): could not receive data: 9
[ 51113][E][WiFiUdp.cpp:221] parsePacket(): could not receive data: 9
[ 51119][E][WiFiUdp.cpp:221] parsePacket(): could not receive data: 9
[ 51125][E][WiFiUdp.cpp:221] parsePacket(): could not receive data: 9
[ 51131][E][WiFiUdp.cpp:221] parsePacket(): could not receive data: 9
[ 51137][E][WiFiUdp.cpp:221] parsePacket(): could not receive data: 9
[ 51143][E][WiFiUdp.cpp:221] parsePacket(): could not receive data: 9
[ 51149][E][WiFiUdp.cpp:221] parsePacket(): could not receive data: 9
[ 51155][E][WiFiUdp.cpp:221] parsePacket(): could not receive data: 9
[ 51161][E][WiFiUdp.cpp:221] parsePacket(): could not receive data: 9
[ 51167][E][WiFiUdp.cpp:221] parsePacket(): could not receive data: 9
[ 51173][E][WiFiUdp.cpp:221] parsePacket(): could not receive data: 9
[ 51179][E][WiFiUdp.cpp:221] parsePacket(): could not receive data: 9
[ 51185][E][WiFiUdp.cpp:221] parsePacket(): could not receive data: 9
[ 51191][E][WiFiUdp.cpp:221] parsePacket(): could not receive data: 9
[ 51197][E][WiFiUdp.cpp:221] parsePacket(): could not receive data: 9
[ 51203][E][WiFiUdp.cpp:221] parsePacket(): could not receive data: 9
[ 51209][E][WiFiUdp.cpp:221] parsePacket(): could not receive data: 9
[ 51215][E][WiFiUdp.cpp:221] parsePacket(): could not receive data: 9
[ 51221][E][WiFiUdp.cpp:221] parsePacket(): could not receive data: 9
[ 51227][E][WiFiUdp.cpp:221] parsePacket(): could not receive data: 9
[ 51233][E][WiFiUdp.cpp:221] parsePacket(): could not receive data: 9
[ 51239][E][WiFiUdp.cpp:221] parsePacket(): could not receive data: 9
[ 51245][E][WiFiUdp.cpp:221] parsePacket(): could not receive data: 9
[ 51251][E][WiFiUdp.cpp:221] parsePacket(): could not receive data: 9
[ 51257][E][WiFiUdp.cpp:221] parsePacket(): could not receive data: 9
[ 51263][E][WiFiUdp.cpp:221] parsePacket(): could not receive data: 9
[ 51269][E][WiFiUdp.cpp:221] parsePacket(): could not receive data: 9
[ 51275][E][WiFiUdp.cpp:221] parsePacket(): could not receive data: 9
[ 51281][E][WiFiUdp.cpp:221] parsePacket(): could not receive data: 9
[ 51287][E][WiFiUdp.cpp:221] parsePacket(): could not receive data: 9
[ 51293][E][WiFiUdp.cpp:221] parsePacket(): could not receive data: 9
[ 51299][E][WiFiUdp.cpp:221] parsePacket(): could not receive data: 9
[ 51305][E][WiFiUdp.cpp:221] parsePacket(): could not receive data: 9
[ 51311][E][WiFiUdp.cpp:221] parsePacket(): could not receive data: 9
[ 51317][E][WiFiUdp.cpp:221] parsePacket(): could not receive data: 9
[ 51323][E][WiFiUdp.cpp:221] parsePacket(): could not receive data: 9
[ 51328][E][WiFiUdp.cpp:221] parsePacket(): could not receive data: 9
[ 51335][E][WiFiUdp.cpp:221] parsePacket(): could not receive data: 9
[ 51341][E][WiFiUdp.cpp:221] parsePacket(): could not receive data: 9
[ 51347][E][WiFiUdp.cpp:221] parsePacket(): could not receive data: 9
[ 51353][E][WiFiUdp.cpp:221] parsePacket(): could not receive data: 9
[ 51359][E][WiFiUdp.cpp:221] parsePacket(): could not receive data: 9
[ 51365][E][WiFiUdp.cpp:221] parsePacket(): could not receive data: 9
[ 51371][E][WiFiUdp.cpp:221] parsePacket(): could not receive data: 9
[ 51376][E][WiFiUdp.cpp:221] parsePacket(): could not receive data: 9
[ 51383][E][WiFiUdp.cpp:221] parsePacket(): could not receive data: 9
[ 51389][E][WiFiUdp.cpp:221] parsePacket(): could not receive data: 9
[ 51395][E][WiFiUdp.cpp:221] parsePacket(): could not receive data: 9
[ 51401][E][WiFiUdp.cpp:221] parsePacket(): could not receive data: 9
[ 51407][E][WiFiUdp.cpp:221] parsePacket(): could not receive data: 9
[ 51413][E][WiFiUdp.cpp:221] parsePacket(): could not receive data: 9
[ 51419][E][WiFiUdp.cpp:221] parsePacket(): could not receive data: 9
[ 51425][E][WiFiUdp.cpp:221] parsePacket(): could not receive data: 9
[ 51431][E][WiFiUdp.cpp:221] parsePacket(): could not receive data: 9
[ 51437][E][WiFiUdp.cpp:221] parsePacket(): could not receive data: 9
[ 51443][E][WiFiUdp.cpp:221] parsePacket(): could not receive data: 9
[ 51449][E][WiFiUdp.cpp:221] parsePacket(): could not receive data: 9
[ 51455][E][WiFiUdp.cpp:221] parsePacket(): could not receive data: 9
[ 51461][E][WiFiUdp.cpp:221] parsePacket(): could not receive data: 9
[ 51467][E][WiFiUdp.cpp:221] parsePacket(): could not receive data: 9
[ 51473][E][WiFiUdp.cpp:221] parsePacket(): could not receive data: 9
[ 51479][E][WiFiUdp.cpp:221] parsePacket(): could not receive data: 9
[ 51485][E][WiFiUdp.cpp:221] parsePacket(): could not receive data: 9
[ 51491][E][WiFiUdp.cpp:221] parsePacket(): could not receive data: 9
[ 51497][E][WiFiUdp.cpp:221] parsePacket(): could not receive data: 9
[ 51503][E][WiFiUdp.cpp:221] parsePacket(): could not receive data: 9
[ 51509][E][WiFiUdp.cpp:221] parsePacket(): could not receive data: 9
[ 51514][E][WiFiUdp.cpp:221] parsePacket(): could not receive data: 9
[ 51521][E][WiFiUdp.cpp:221] parsePacket(): could not receive data: 9
[ 51527][E][WiFiUdp.cpp:221] parsePacket(): could not receive data: 9
[ 51532][E][WiFiUdp.cpp:221] parsePacket(): could not receive data: 9
[ 51538][E][WiFiUdp.cpp:221] parsePacket(): could not receive data: 9
[ 51545][E][WiFiUdp.cpp:221] parsePacket(): could not receive data: 9
[ 51551][E][WiFiUdp.cpp:221] parsePacket(): could not receive data: 9
[ 51557][E][WiFiUdp.cpp:221] parsePacket(): could not receive data: 9
[ 51563][E][WiFiUdp.cpp:221] parsePacket(): could not receive data: 9
[ 51569][E][WiFiUdp.cpp:221] parsePacket(): could not receive data: 9
[ 51575][E][WiFiUdp.cpp:221] parsePacket(): could not receive data: 9
[ 51581][E][WiFiUdp.cpp:221] parsePacket(): could not receive data: 9
[ 51587][E][WiFiUdp.cpp:221] parsePacket(): could not receive data: 9
[ 51593][E][WiFiUdp.cpp:221] parsePacket(): could not receive data: 9
[ 51599][E][WiFiUdp.cpp:221] parsePacket(): could not receive data: 9
[ 51605][E][WiFiUdp.cpp:221] parsePacket(): could not receive data: 9
[ 51611][E][WiFiUdp.cpp:221] parsePacket(): could not receive data: 9
[ 51617][E][WiFiUdp.cpp:221] parsePacket(): could not receive data: 9
[ 51623][E][WiFiUdp.cpp:221] parsePacket(): could not receive data: 9
[ 51629][E][WiFiUdp.cpp:221] parsePacket(): could not receive data: 9
[ 51635][E][WiFiUdp.cpp:221] parsePacket(): could not receive data: 9
[ 51641][E][WiFiUdp.cpp:221] parsePacket(): could not receive data: 9
[ 51647][E][WiFiUdp.cpp:221] parsePacket(): could not receive data: 9
[ 51653][E][WiFiUdp.cpp:221] parsePacket(): could not receive data: 9
[ 51659][E][WiFiUdp.cpp:221] parsePacket(): could not receive data: 9
[ 51665][E][WiFiUdp.cpp:221] parsePacket(): could not receive data: 9
[ 51670][E][WiFiUdp.cpp:221] parsePacket(): could not receive data: 9
[ 51677][E][WiFiUdp.cpp:221] parsePacket(): could not receive data: 9
[ 51682][E][WiFiUdp.cpp:221] parsePacket(): could not receive data: 9
[ 51689][E][WiFiUdp.cpp:221] parsePacket(): could not receive data: 9
[ 51695][E][WiFiUdp.cpp:221] parsePacket(): could not receive data: 9
[ 51701][E][WiFiUdp.cpp:221] parsePacket(): could not receive data: 9
[ 51706][E][WiFiUdp.cpp:221] parsePacket(): could not receive data: 9
[ 51712][E][WiFiUdp.cpp:221] parsePacket(): could not receive data: 9
[ 51718][E][WiFiUdp.cpp:221] parsePacket(): could not receive data: 9
[ 51724][E][WiFiUdp.cpp:221] parsePacket(): could not receive data: 9
[ 51730][E][WiFiUdp.cpp:221] parsePacket(): could not receive data: 9
[ 51736][E][WiFiUdp.cpp:221] parsePacket(): could not receive data: 9
[ 51742][E][WiFiUdp.cpp:221] parsePacket(): could not receive data: 9
[ 51748][E][WiFiUdp.cpp:221] parsePacket(): could not receive data: 9
[ 51754][E][WiFiUdp.cpp:221] parsePacket(): could not receive data: 9
[ 51759][E][WiFiUdp.cpp:221] parsePacket(): could not receive data: 9
[ 51766][E][WiFiUdp.cpp:221] parsePacket(): could not receive data: 9
[ 51772][E][WiFiUdp.cpp:221] parsePacket(): could not receive data: 9
[ 51778][E][WiFiUdp.cpp:221] parsePacket(): could not receive data: 9
[ 51784][E][WiFiUdp.cpp:221] parsePacket(): could not receive data: 9
[ 51790][E][WiFiUdp.cpp:221] parsePacket(): could not receive data: 9
[ 51796][E][WiFiUdp.cpp:221] parsePacket(): could not receive data: 9
[ 51802][E][WiFiUdp.cpp:221] parsePacket(): could not receive data: 9
[ 51808][E][WiFiUdp.cpp:221] parsePacket(): could not receive data: 9
[ 51814][E][WiFiUdp.cpp:221] parsePacket(): could not receive data: 9
[ 51820][E][WiFiUdp.cpp:221] parsePacket(): could not receive data: 9
[ 51826][E][WiFiUdp.cpp:221] parsePacket(): could not receive data: 9
[ 51832][E][WiFiUdp.cpp:221] parsePacket(): could not receive data: 9
[ 51838][E][WiFiUdp.cpp:221] parsePacket(): could not receive data: 9
[ 51844][E][WiFiUdp.cpp:221] parsePacket(): could not receive data: 9
[ 51850][E][WiFiUdp.cpp:221] parsePacket(): could not receive data: 9
[ 51856][E][WiFiUdp.cpp:221] parsePacket(): could not receive data: 9
[ 51862][E][WiFiUdp.cpp:221] parsePacket(): could not receive data: 9
[ 51868][E][WiFiUdp.cpp:221] parsePacket(): could not receive data: 9
[ 51874][E][WiFiUdp.cpp:221] parsePacket(): could not receive data: 9
[ 51880][E][WiFiUdp.cpp:221] parsePacket(): could not receive data: 9
[ 51886][E][WiFiUdp.cpp:221] parsePacket(): could not receive data: 9
[ 51892][E][WiFiUdp.cpp:221] parsePacket(): could not receive data: 9
[ 51898][E][WiFiUdp.cpp:221] parsePacket(): could not receive data: 9
[ 51904][E][WiFiUdp.cpp:221] parsePacket(): could not receive data: 9
[ 51910][E][WiFiUdp.cpp:221] parsePacket(): could not receive data: 9
[ 51916][E][WiFiUdp.cpp:221] parsePacket(): could not receive data: 9
[ 51922][E][WiFiUdp.cpp:221] parsePacket(): could not receive data: 9
[ 51928][E][WiFiUdp.cpp:221] parsePacket(): could not receive data: 9
[ 51934][E][WiFiUdp.cpp:221] parsePacket(): could not receive data: 9
[ 51940][E][WiFiUdp.cpp:221] parsePacket(): could not receive data: 9
[ 51946][E][WiFiUdp.cpp:221] parsePacket(): could not receive data: 9
[ 51952][E][WiFiUdp.cpp:221] parsePacket(): could not receive data: 9
[ 51958][E][WiFiUdp.cpp:221] parsePacket(): could not receive data: 9
[ 51964][E][WiFiUdp.cpp:221] parsePacket(): could not receive data: 9
[ 51970][E][WiFiUdp.cpp:221] parsePacket(): could not receive data: 9
[ 51976][E][WiFiUdp.cpp:221] parsePacket(): could not receive data: 9
[ 51982][E][WiFiUdp.cpp:221] parsePacket(): could not receive data: 9
[ 51988][E][WiFiUdp.cpp:221] parsePacket(): could not receive data: 9
[ 51994][E][WiFiUdp.cpp:221] parsePacket(): could not receive data: 9
[ 52000][E][WiFiUdp.cpp:221] parsePacket(): could not receive data: 9
[ 52006][E][WiFiUdp.cpp:221] parsePacket(): could not receive data: 9
[ 52012][E][WiFiUdp.cpp:221] parsePacket(): could not receive data: 9
[ 52018][E][WiFiUdp.cpp:221] parsePacket(): could not receive data: 9
[ 52024][E][WiFiUdp.cpp:221] parsePacket(): could not receive data: 9
[ 52030][E][WiFiUdp.cpp:221] parsePacket(): could not receive data: 9
[ 52036][E][WiFiUdp.cpp:221] parsePacket(): could not receive data: 9
[ 52042][E][WiFiUdp.cpp:221] parsePacket(): could not receive data: 9
[ 52048][E][WiFiUdp.cpp:221] parsePacket(): could not receive data: 9
[ 52054][E][WiFiUdp.cpp:221] parsePacket(): could not receive data: 9
[ 52060][E][WiFiUdp.cpp:221] parsePacket(): could not receive data: 9
[ 52066][E][WiFiUdp.cpp:221] parsePacket(): could not receive data: 9
[ 52072][E][WiFiUdp.cpp:221] parsePacket(): could not receive data: 9
[ 52078][E][WiFiUdp.cpp:221] parsePacket(): could not receive data: 9
[ 52084][E][WiFiUdp.cpp:221] parsePacket(): could not receive data: 9
[ 52090][E][WiFiUdp.cpp:221] parsePacket(): could not receive data: 9
[ 52096][E][WiFiUdp.cpp:221] parsePacket(): could not receive data: 9
[ 52102][E][WiFiUdp.cpp:221] parsePacket(): could not receive data: 9
[ 52108][E][WiFiUdp.cpp:221] parsePacket(): could not receive data: 9
[ 52114][E][WiFiUdp.cpp:221] parsePacket(): could not receive data: 9
[ 52120][E][WiFiUdp.cpp:221] parsePacket(): could not receive data: 9
[ 52126][E][WiFiUdp.cpp:221] parsePacket(): could not receive data: 9
[ 52131][E][WiFiUdp.cpp:221] parsePacket(): could not receive data: 9
[ 52137][E][WiFiUdp.cpp:221] parsePacket(): could not receive data: 9
[ 52143][E][WiFiUdp.cpp:221] parsePacket(): could not receive data: 9
[ 52149][E][WiFiUdp.cpp:221] parsePacket(): could not receive data: 9
[ 52155][E][WiFiUdp.cpp:221] parsePacket(): could not receive data: 9
[ 52161][E][WiFiUdp.cpp:221] parsePacket(): could not receive data: 9
[ 52167][E][WiFiUdp.cpp:221] parsePacket(): could not receive data: 9
[ 52173][E][WiFiUdp.cpp:221] parsePacket(): could not receive data: 9
[ 52179][E][WiFiUdp.cpp:221] parsePacket(): could not receive data: 9
[ 52185][E][WiFiUdp.cpp:221] parsePacket(): could not receive data: 9
[ 52190][E][WiFiUdp.cpp:221] parsePacket(): could not receive data: 9
[ 52196][E][WiFiUdp.cpp:221] parsePacket(): could not receive data: 9
[ 52202][E][WiFiUdp.cpp:221] parsePacket(): could not receive data: 9
[ 52208][E][WiFiUdp.cpp:221] parsePacket(): could not receive data: 9
[ 52215][E][WiFiUdp.cpp:221] parsePacket(): could not receive data: 9
[ 52220][E][WiFiUdp.cpp:221] parsePacket(): could not receive data: 9
[ 52226][E][WiFiUdp.cpp:221] parsePacket(): could not receive data: 9
[ 52232][E][WiFiUdp.cpp:221] parsePacket(): could not receive data: 9
[ 52238][E][WiFiUdp.cpp:221] parsePacket(): could not receive data: 9
[ 52244][E][WiFiUdp.cpp:221] parsePacket(): could not receive data: 9
[ 52250][E][WiFiUdp.cpp:221] parsePacket(): could not receive data: 9
[ 52256][E][WiFiUdp.cpp:221] parsePacket(): could not receive data: 9
[ 52262][E][WiFiUdp.cpp:221] parsePacket(): could not receive data: 9
[ 52268][E][WiFiUdp.cpp:221] parsePacket(): could not receive data: 9
[ 52274][E][WiFiUdp.cpp:221] parsePacket(): could not receive data: 9
[ 52280][E][WiFiUdp.cpp:221] parsePacket(): could not receive data: 9
[ 52286][E][WiFiUdp.cpp:221] parsePacket(): could not receive data: 9
[ 52292][E][WiFiUdp.cpp:221] parsePacket(): could not receive data: 9
[ 52298][E][WiFiUdp.cpp:221] parsePacket(): could not receive data: 9
[ 52304][E][WiFiUdp.cpp:221] parsePacket(): could not receive data: 9
[ 52310][E][WiFiUdp.cpp:221] parsePacket(): could not receive data: 9
[ 52317][E][WiFiUdp.cpp:221] parsePacket(): could not receive data: 9
[ 52322][E][WiFiUdp.cpp:221] parsePacket(): could not receive data: 9
[ 52328][E][WiFiUdp.cpp:221] parsePacket(): could not receive data: 9
[ 52334][E][WiFiUdp.cpp:221] parsePacket(): could not receive data: 9
[ 52340][E][WiFiUdp.cpp:221] parsePacket(): could not receive data: 9
[ 52346][E][WiFiUdp.cpp:221] parsePacket(): could not receive data: 9
[ 52352][E][WiFiUdp.cpp:221] parsePacket(): could not receive data: 9
[ 52358][E][WiFiUdp.cpp:221] parsePacket(): could not receive data: 9
[ 52365][E][WiFiUdp.cpp:221] parsePacket(): could not receive data: 9
[ 52371][E][WiFiUdp.cpp:221] parsePacket(): could not receive data: 9
[ 52377][E][WiFiUdp.cpp:221] parsePacket(): could not receive data: 9
[ 52383][E][WiFiUdp.cpp:221] parsePacket(): could not receive data: 9
[ 52389][E][WiFiUdp.cpp:221] parsePacket(): could not receive data: 9
[ 52395][E][WiFiUdp.cpp:221] parsePacket(): could not receive data: 9
[ 52401][E][WiFiUdp.cpp:221] parsePacket(): could not receive data: 9
[ 52407][E][WiFiUdp.cpp:221] parsePacket(): could not receive data: 9
[ 52413][E][WiFiUdp.cpp:221] parsePacket(): could not receive data: 9
[ 52419][E][WiFiUdp.cpp:221] parsePacket(): could not receive data: 9
[ 52425][E][WiFiUdp.cpp:221] parsePacket(): could not receive data: 9
[ 52431][E][WiFiUdp.cpp:221] parsePacket(): could not receive data: 9
[ 52437][E][WiFiUdp.cpp:221] parsePacket(): could not receive data: 9
[ 52443][E][WiFiUdp.cpp:221] parsePacket(): could not receive data: 9
[ 52449][E][WiFiUdp.cpp:221] parsePacket(): could not receive data: 9
[ 52455][E][WiFiUdp.cpp:221] parsePacket(): could not receive data: 9
[ 52461][E][WiFiUdp.cpp:221] parsePacket(): could not receive data: 9
[ 52467][E][WiFiUdp.cpp:221] parsePacket(): could not receive data: 9
[ 52473][E][WiFiUdp.cpp:221] parsePacket(): could not receive data: 9
[ 52479][E][WiFiUdp.cpp:221] parsePacket(): could not receive data: 9
[ 52485][E][WiFiUdp.cpp:221] parsePacket(): could not receive data: 9
[ 52491][E][WiFiUdp.cpp:221] parsePacket(): could not receive data: 9
[ 52497][E][WiFiUdp.cpp:221] parsePacket(): could not receive data: 9
[ 52503][E][WiFiUdp.cpp:221] parsePacket(): could not receive data: 9
[ 52509][E][WiFiUdp.cpp:221] parsePacket(): could not receive data: 9
[ 52515][E][WiFiUdp.cpp:221] parsePacket(): could not receive data: 9
[ 52521][E][WiFiUdp.cpp:221] parsePacket(): could not receive data: 9
[ 52527][E][WiFiUdp.cpp:221] parsePacket(): could not receive data: 9
[ 52533][E][WiFiUdp.cpp:221] parsePacket(): could not receive data: 9
[ 52539][E][WiFiUdp.cpp:221] parsePacket(): could not receive data: 9
[ 52544][E][WiFiUdp.cpp:221] parsePacket(): could not receive data: 9
[ 52550][E][WiFiUdp.cpp:221] parsePacket(): could not receive data: 9
[ 52557][E][WiFiUdp.cpp:221] parsePacket(): could not receive data: 9
[ 52562][E][WiFiUdp.cpp:221] parsePacket(): could not receive data: 9
[ 52568][E][WiFiUdp.cpp:221] parsePacket(): could not receive data: 9
[ 52574][E][WiFiUdp.cpp:221] parsePacket(): could not receive data: 9
[ 52580][E][WiFiUdp.cpp:221] parsePacket(): could not receive data: 9
[ 52586][E][WiFiUdp.cpp:221] parsePacket(): could not receive data: 9
[ 52592][E][WiFiUdp.cpp:221] parsePacket(): could not receive data: 9
[ 52598][E][WiFiUdp.cpp:221] parsePacket(): could not receive data: 9
[ 52604][E][WiFiUdp.cpp:221] parsePacket(): could not receive data: 9
[ 52611][E][WiFiUdp.cpp:221] parsePacket(): could not receive data: 9
[ 52616][E][WiFiUdp.cpp:221] parsePacket(): could not receive data: 9
[ 52622][E][WiFiUdp.cpp:221] parsePacket(): could not receive data: 9
[ 52628][E][WiFiUdp.cpp:221] parsePacket(): could not receive data: 9
[ 52634][E][WiFiUdp.cpp:221] parsePacket(): could not receive data: 9
[ 52640][E][WiFiUdp.cpp:221] parsePacket(): could not receive data: 9
[ 52647][E][WiFiUdp.cpp:221] parsePacket(): could not receive data: 9
[ 52652][E][WiFiUdp.cpp:221] parsePacket(): could not receive data: 9
[ 52658][E][WiFiUdp.cpp:221] parsePacket(): could not receive data: 9
[ 52664][E][WiFiUdp.cpp:221] parsePacket(): could not receive data: 9
[ 52671][E][WiFiUdp.cpp:221] parsePacket(): could not receive data: 9
[ 52677][E][WiFiUdp.cpp:221] parsePacket(): could not receive data: 9
[ 52682][E][WiFiUdp.cpp:221] parsePacket(): could not receive data: 9
[ 52688][E][WiFiUdp.cpp:221] parsePacket(): could not receive data: 9
[ 52694][E][WiFiUdp.cpp:221] parsePacket(): could not receive data: 9
[ 52701][E][WiFiUdp.cpp:221] parsePacket(): could not receive data: 9
[ 52707][E][WiFiUdp.cpp:221] parsePacket(): could not receive data: 9
[ 52713][E][WiFiUdp.cpp:221] parsePacket(): could not receive data: 9
[ 52719][E][WiFiUdp.cpp:221] parsePacket(): could not receive data: 9
[ 52725][E][WiFiUdp.cpp:221] parsePacket(): could not receive data: 9
[ 52730][E][WiFiUdp.cpp:221] parsePacket(): could not receive data: 9
[ 52736][E][WiFiUdp.cpp:221] parsePacket(): could not receive data: 9
[ 52742][E][WiFiUdp.cpp:221] parsePacket(): could not receive data: 9
[ 52749][E][WiFiUdp.cpp:221] parsePacket(): could not receive data: 9
[ 52755][E][WiFiUdp.cpp:221] parsePacket(): could not receive data: 9
[ 52761][E][WiFiUdp.cpp:221] parsePacket(): could not receive data: 9
[ 52767][E][WiFiUdp.cpp:221] parsePacket(): could not receive data: 9
[ 52772][E][WiFiUdp.cpp:221] parsePacket(): could not receive data: 9
[ 52779][E][WiFiUdp.cpp:221] parsePacket(): could not receive data: 9
[ 52785][E][WiFiUdp.cpp:221] parsePacket(): could not receive data: 9
[ 52791][E][WiFiUdp.cpp:221] parsePacket(): could not receive data: 9
[ 52797][E][WiFiUdp.cpp:221] parsePacket(): could not receive data: 9
[ 52803][E][WiFiUdp.cpp:221] parsePacket(): could not receive data: 9
[ 52809][E][WiFiUdp.cpp:221] parsePacket(): could not receive data: 9
[ 52815][E][WiFiUdp.cpp:221] parsePacket(): could not receive data: 9
[ 52821][E][WiFiUdp.cpp:221] parsePacket(): could not receive data: 9
[ 52827][E][WiFiUdp.cpp:221] parsePacket(): could not receive data: 9
[ 52833][E][WiFiUdp.cpp:221] parsePacket(): could not receive data: 9
[ 52839][E][WiFiUdp.cpp:221] parsePacket(): could not receive data: 9
[ 52845][E][WiFiUdp.cpp:221] parsePacket(): could not receive data: 9
[ 52851][E][WiFiUdp.cpp:221] parsePacket(): could not receive data: 9
[ 52857][E][WiFiUdp.cpp:221] parsePacket(): could not receive data: 9
[ 52863][E][WiFiUdp.cpp:221] parsePacket(): could not receive data: 9
[ 52868][E][WiFiUdp.cpp:221] parsePacket(): could not receive data: 9
[ 52874][E][WiFiUdp.cpp:221] parsePacket(): could not receive data: 9
[ 52881][E][WiFiUdp.cpp:221] parsePacket(): could not receive data: 9
[ 52886][E][WiFiUdp.cpp:221] parsePacket(): could not receive data: 9
[ 52893][E][WiFiUdp.cpp:221] parsePacket(): could not receive data: 9
[ 52899][E][WiFiUdp.cpp:221] parsePacket(): could not receive data: 9
[ 52905][E][WiFiUdp.cpp:221] parsePacket(): could not receive data: 9
[ 52911][E][WiFiUdp.cpp:221] parsePacket(): could not receive data: 9
[ 52917][E][WiFiUdp.cpp:221] parsePacket(): could not receive data: 9
[ 52923][E][WiFiUdp.cpp:221] parsePacket(): could not receive data: 9
[ 52929][E][WiFiUdp.cpp:221] parsePacket(): could not receive data: 9
[ 52934][E][WiFiUdp.cpp:221] parsePacket(): could not receive data: 9
[ 52941][E][WiFiUdp.cpp:221] parsePacket(): could not receive data: 9
[ 52946][E][WiFiUdp.cpp:221] parsePacket(): could not receive data: 9
[ 52952][E][WiFiUdp.cpp:221] parsePacket(): could not receive data: 9
[ 52958][E][WiFiUdp.cpp:221] parsePacket(): could not receive data: 9
[ 52964][E][WiFiUdp.cpp:221] parsePacket(): could not receive data: 9
[ 52970][E][WiFiUdp.cpp:221] parsePacket(): could not receive data: 9
[ 52976][E][WiFiUdp.cpp:221] parsePacket(): could not receive data: 9
[ 52981][E][WiFiUdp.cpp:221] parsePacket(): could not receive data: 9
[ 52987][E][WiFiUdp.cpp:221] parsePacket(): could not receive data: 9
[ 52994][E][WiFiUdp.cpp:221] parsePacket(): could not receive data: 9
[ 53000][E][WiFiUdp.cpp:221] parsePacket(): could not receive data: 9
[ 53006][E][WiFiUdp.cpp:221] parsePacket(): could not receive data: 9
[ 53012][E][WiFiUdp.cpp:221] parsePacket(): could not receive data: 9
[ 53018][E][WiFiUdp.cpp:221] parsePacket(): could not receive data: 9
[ 53023][E][WiFiUdp.cpp:221] parsePacket(): could not receive data: 9
[ 53029][E][WiFiUdp.cpp:221] parsePacket(): could not receive data: 9
[ 53036][E][WiFiUdp.cpp:221] parsePacket(): could not receive data: 9
[ 53041][E][WiFiUdp.cpp:221] parsePacket(): could not receive data: 9
[ 53047][E][WiFiUdp.cpp:221] parsePacket(): could not receive data: 9
[ 53054][E][WiFiUdp.cpp:221] parsePacket(): could not receive data: 9
[ 53060][E][WiFiUdp.cpp:221] parsePacket(): could not receive data: 9
[ 53065][E][WiFiUdp.cpp:221] parsePacket(): could not receive data: 9
[ 53071][E][WiFiUdp.cpp:221] parsePacket(): could not receive data: 9
[ 53078][E][WiFiUdp.cpp:221] parsePacket(): could not receive data: 9
[ 53083][E][WiFiUdp.cpp:221] parsePacket(): could not receive data: 9
[ 53090][E][WiFiUdp.cpp:221] parsePacket(): could not receive data: 9
[ 53095][E][WiFiUdp.cpp:221] parsePacket(): could not receive data: 9
[ 53101][E][WiFiUdp.cpp:221] parsePacket(): could not receive data: 9
[ 53108][E][WiFiUdp.cpp:221] parsePacket(): could not receive data: 9
[ 53114][E][WiFiUdp.cpp:221] parsePacket(): could not receive data: 9
[ 53119][E][WiFiUdp.cpp:221] parsePacket(): could not receive data: 9
[ 53126][E][WiFiUdp.cpp:221] parsePacket(): could not receive data: 9
[ 53131][E][WiFiUdp.cpp:221] parsePacket(): could not receive data: 9
[ 53138][E][WiFiUdp.cpp:221] parsePacket(): could not receive data: 9
[ 53144][E][WiFiUdp.cpp:221] parsePacket(): could not receive data: 9
[ 53150][E][WiFiUdp.cpp:221] parsePacket(): could not receive data: 9
[ 53156][E][WiFiUdp.cpp:221] parsePacket(): could not receive data: 9
[ 53161][E][WiFiUdp.cpp:221] parsePacket(): could not receive data: 9
[ 53168][E][WiFiUdp.cpp:221] parsePacket(): could not receive data: 9
[ 53174][E][WiFiUdp.cpp:221] parsePacket(): could not receive data: 9
[ 53179][E][WiFiUdp.cpp:221] parsePacket(): could not receive data: 9
[ 53186][E][WiFiUdp.cpp:221] parsePacket(): could not receive data: 9
[ 53192][E][WiFiUdp.cpp:221] parsePacket(): could not receive data: 9
[ 53198][E][WiFiUdp.cpp:221] parsePacket(): could not receive data: 9
[ 53204][E][WiFiUdp.cpp:221] parsePacket(): could not receive data: 9
[ 53210][E][WiFiUdp.cpp:221] parsePacket(): could not receive data: 9
[ 53216][E][WiFiUdp.cpp:221] parsePacket(): could not receive data: 9
[ 53222][E][WiFiUdp.cpp:221] parsePacket(): could not receive data: 9
[ 53228][E][WiFiUdp.cpp:221] parsePacket(): could not receive data: 9
[ 53234][E][WiFiUdp.cpp:221] parsePacket(): could not receive data: 9
[ 53240][E][WiFiUdp.cpp:221] parsePacket(): could not receive data: 9
[ 53246][E][WiFiUdp.cpp:221] parsePacket(): could not receive data: 9
[ 53252][E][WiFiUdp.cpp:221] parsePacket(): could not receive data: 9
[ 53258][E][WiFiUdp.cpp:221] parsePacket(): could not receive data: 9
[ 53264][E][WiFiUdp.cpp:221] parsePacket(): could not receive data: 9
[ 53269][E][WiFiUdp.cpp:221] parsePacket(): could not receive data: 9
[ 53276][E][WiFiUdp.cpp:221] parsePacket(): could not receive data: 9
[ 53282][E][WiFiUdp.cpp:221] parsePacket(): could not receive data: 9
[ 53287][E][WiFiUdp.cpp:221] parsePacket(): could not receive data: 9
[ 53293][E][WiFiUdp.cpp:221] parsePacket(): could not receive data: 9
[ 53300][E][WiFiUdp.cpp:221] parsePacket(): could not receive data: 9
[ 53305][E][WiFiUdp.cpp:221] parsePacket(): could not receive data: 9
[ 53311][E][WiFiUdp.cpp:221] parsePacket(): could not receive data: 9
[ 53318][E][WiFiUdp.cpp:221] parsePacket(): could not receive data: 9
[ 53323][E][WiFiUdp.cpp:221] parsePacket(): could not receive data: 9
[ 53328][E][WiFiUdp.cpp:221] parsePacket(): could not receive data: 9
[ 53335][E][WiFiUdp.cpp:221] parsePacket(): could not receive data: 9
[ 53340][E][WiFiUdp.cpp:221] parsePacket(): could not receive data: 9
[ 53347][E][WiFiUdp.cpp:221] parsePacket(): could not receive data: 9
[ 53352][E][WiFiUdp.cpp:221] parsePacket(): could not receive data: 9
[ 53358][E][WiFiUdp.cpp:221] parsePacket(): could not receive data: 9
[ 53365][E][WiFiUdp.cpp:221] parsePacket(): could not receive data: 9
[ 53370][E][WiFiUdp.cpp:221] parsePacket(): could not receive data: 9
[ 53376][E][WiFiUdp.cpp:221] parsePacket(): could not receive data: 9
[ 53383][E][WiFiUdp.cpp:221] parsePacket(): could not receive data: 9
[ 53388][E][WiFiUdp.cpp:221] parsePacket(): could not receive data: 9
[ 53395][E][WiFiUdp.cpp:221] parsePacket(): could not receive data: 9
[ 53401][E][WiFiUdp.cpp:221] parsePacket(): could not receive data: 9
[ 53406][E][WiFiUdp.cpp:221] parsePacket(): could not receive data: 9
[ 53413][E][WiFiUdp.cpp:221] parsePacket(): could not receive data: 9
[ 53418][E][WiFiUdp.cpp:221] parsePacket(): could not receive data: 9
[ 53425][E][WiFiUdp.cpp:221] parsePacket(): could not receive data: 9
[ 53431][E][WiFiUdp.cpp:221] parsePacket(): could not receive data: 9
[ 53437][E][WiFiUdp.cpp:221] parsePacket(): could not receive data: 9
[ 53442][E][WiFiUdp.cpp:221] parsePacket(): could not receive data: 9
[ 53448][E][WiFiUdp.cpp:221] parsePacket(): could not receive data: 9
[ 53454][E][WiFiUdp.cpp:221] parsePacket(): could not receive data: 9
[ 53461][E][WiFiUdp.cpp:221] parsePacket(): could not receive data: 9
[ 53467][E][WiFiUdp.cpp:221] parsePacket(): could not receive data: 9
[ 53472][E][WiFiUdp.cpp:221] parsePacket(): could not receive data: 9
[ 53478][E][WiFiUdp.cpp:221] parsePacket(): could not receive data: 9
[ 53485][E][WiFiUdp.cpp:221] parsePacket(): could not receive data: 9
[ 53491][E][WiFiUdp.cpp:221] parsePacket(): could not receive data: 9
[ 53496][E][WiFiUdp.cpp:221] parsePacket(): could not receive data: 9
[ 53502][E][WiFiUdp.cpp:221] parsePacket(): could not receive data: 9
[ 53508][E][WiFiUdp.cpp:221] parsePacket(): could not receive data: 9
[ 53514][E][WiFiUdp.cpp:221] parsePacket(): could not receive data: 9
[ 53521][E][WiFiUdp.cpp:221] parsePacket(): could not receive data: 9
[ 53526][E][WiFiUdp.cpp:221] parsePacket(): could not receive data: 9
[ 53532][E][WiFiUdp.cpp:221] parsePacket(): could not receive data: 9
[ 53539][E][WiFiUdp.cpp:221] parsePacket(): could not receive data: 9
[ 53545][E][WiFiUdp.cpp:221] parsePacket(): could not receive data: 9
[ 53550][E][WiFiUdp.cpp:221] parsePacket(): could not receive data: 9
[ 53556][E][WiFiUdp.cpp:221] parsePacket(): could not receive data: 9
[ 53562][E][WiFiUdp.cpp:221] parsePacket(): could not receive data: 9
[ 53568][E][WiFiUdp.cpp:221] parsePacket(): could not receive data: 9
[ 53574][E][WiFiUdp.cpp:221] parsePacket(): could not receive data: 9
[ 53580][E][WiFiUdp.cpp:221] parsePacket(): could not receive data: 9
[ 53586][E][WiFiUdp.cpp:221] parsePacket(): could not receive data: 9
[ 53592][E][WiFiUdp.cpp:221] parsePacket(): could not receive data: 9
[ 53598][E][WiFiUdp.cpp:221] parsePacket(): could not receive data: 9
[ 53604][E][WiFiUdp.cpp:221] parsePacket(): could not receive data: 9
[ 53611][E][WiFiUdp.cpp:221] parsePacket(): could not receive data: 9
[ 53619][E][WiFiUdp.cpp:221] parsePacket(): could not receive data: 9
[ 53626][E][WiFiUdp.cpp:221] parsePacket(): could not receive data: 9
[ 53633][E][WiFiUdp.cpp:221] parsePacket(): could not receive data: 9
[ 53640][E][WiFiUdp.cpp:221] parsePacket(): could not receive data: 9
[ 53647][E][WiFiUdp.cpp:221] parsePacket(): could not receive data: 9
[ 53654][E][WiFiUdp.cpp:221] parsePacket(): could not receive data: 9
[ 53661][E][WiFiUdp.cpp:221] parsePacket(): could not receive data: 9
[ 53668][E][WiFiUdp.cpp:221] parsePacket(): could not receive data: 9
[ 53675][E][WiFiUdp.cpp:221] parsePacket(): could not receive data: 9
[ 53682][E][WiFiUdp.cpp:221] parsePacket(): could not receive data: 9
[ 53690][E][WiFiUdp.cpp:221] parsePacket(): could not receive data: 9
[ 53695][E][WiFiUdp.cpp:221] parsePacket(): could not receive data: 9
[ 53701][E][WiFiUdp.cpp:221] parsePacket(): could not receive data: 9
[ 53709][E][WiFiUdp.cpp:221] parsePacket(): could not receive data: 9
[ 53717][E][WiFiUdp.cpp:221] parsePacket(): could not receive data: 9
[ 53724][E][WiFiUdp.cpp:221] parsePacket(): could not receive data: 9
[ 53731][E][WiFiUdp.cpp:221] parsePacket(): could not receive data: 9
[ 53737][E][WiFiUdp.cpp:221] parsePacket(): could not receive data: 9
[ 53743][E][WiFiUdp.cpp:221] parsePacket(): could not receive data: 9
[ 53748][E][WiFiUdp.cpp:221] parsePacket(): could not receive data: 9
[ 53754][E][WiFiUdp.cpp:221] parsePacket(): could not receive data: 9
[ 53761][E][WiFiUdp.cpp:221] parsePacket(): could not receive data: 9
[ 53767][E][WiFiUdp.cpp:221] parsePacket(): could not receive data: 9
[ 53773][E][WiFiUdp.cpp:221] parsePacket(): could not receive data: 9
[ 53780][E][WiFiUdp.cpp:221] parsePacket(): could not receive data: 9
[ 53786][E][WiFiUdp.cpp:221] parsePacket(): could not receive data: 9
[ 53794][E][WiFiUdp.cpp:221] parsePacket(): could not receive data: 9
[ 53802][E][WiFiUdp.cpp:221] parsePacket(): could not receive data: 9
[ 53808][E][WiFiUdp.cpp:221] parsePacket(): could not receive data: 9
[ 53814][E][WiFiUdp.cpp:221] parsePacket(): could not receive data: 9
[ 53819][E][WiFiUdp.cpp:221] parsePacket(): could not receive data: 9
[ 53825][E][WiFiUdp.cpp:221] parsePacket(): could not receive data: 9
[ 53831][E][WiFiUdp.cpp:221] parsePacket(): could not receive data: 9
[ 53837][E][WiFiUdp.cpp:221] parsePacket(): could not receive data: 9
[ 53843][E][WiFiUdp.cpp:221] parsePacket(): could not receive data: 9
[ 53849][E][WiFiUdp.cpp:221] parsePacket(): could not receive data: 9
[ 53855][E][WiFiUdp.cpp:221] parsePacket(): could not receive data: 9
[ 53861][E][WiFiUdp.cpp:221] parsePacket(): could not receive data: 9
[ 53868][E][WiFiUdp.cpp:221] parsePacket(): could not receive data: 9
[ 53873][E][WiFiUdp.cpp:221] parsePacket(): could not receive data: 9
[ 53879][E][WiFiUdp.cpp:221] parsePacket(): could not receive data: 9
[ 53885][E][WiFiUdp.cpp:221] parsePacket(): could not receive data: 9
[ 53892][E][WiFiUdp.cpp:221] parsePacket(): could not receive data: 9
[ 53897][E][WiFiUdp.cpp:221] parsePacket(): could not receive data: 9
[ 53904][E][WiFiUdp.cpp:221] parsePacket(): could not receive data: 9
[ 53909][E][WiFiUdp.cpp:221] parsePacket(): could not receive data: 9
[ 53915][E][WiFiUdp.cpp:221] parsePacket(): could not receive data: 9
[ 53922][E][WiFiUdp.cpp:221] parsePacket(): could not receive data: 9
[ 53927][E][WiFiUdp.cpp:221] parsePacket(): could not receive data: 9
[ 53933][E][WiFiUdp.cpp:221] parsePacket(): could not receive data: 9
[ 53939][E][WiFiUdp.cpp:221] parsePacket(): could not receive data: 9
[ 53946][E][WiFiUdp.cpp:221] parsePacket(): could not receive data: 9
[ 53951][E][WiFiUdp.cpp:221] parsePacket(): could not receive data: 9
[ 53957][E][WiFiUdp.cpp:221] parsePacket(): could not receive data: 9
[ 53964][E][WiFiUdp.cpp:221] parsePacket(): could not receive data: 9
[ 53969][E][WiFiUdp.cpp:221] parsePacket(): could not receive data: 9
[ 53976][E][WiFiUdp.cpp:221] parsePacket(): could not receive data: 9
[ 53981][E][WiFiUdp.cpp:221] parsePacket(): could not receive data: 9
[ 53988][E][WiFiUdp.cpp:221] parsePacket(): could not receive data: 9
[ 53993][E][WiFiUdp.cpp:221] parsePacket(): could not receive data: 9
[ 53999][E][WiFiUdp.cpp:221] parsePacket(): could not receive data: 9
[ 54005][E][WiFiUdp.cpp:221] parsePacket(): could not receive data: 9
[ 54011][E][WiFiUdp.cpp:221] parsePacket(): could not receive data: 9
[ 54018][E][WiFiUdp.cpp:221] parsePacket(): could not receive data: 9
[ 54024][E][WiFiUdp.cpp:221] parsePacket(): could not receive data: 9
[ 54030][E][WiFiUdp.cpp:221] parsePacket(): could not receive data: 9
[ 54036][E][WiFiUdp.cpp:221] parsePacket(): could not receive data: 9
[ 54042][E][WiFiUdp.cpp:221] parsePacket(): could not receive data: 9
[ 54048][E][WiFiUdp.cpp:221] parsePacket(): could not receive data: 9
[ 54053][E][WiFiUdp.cpp:221] parsePacket(): could not receive data: 9
[ 54059][E][WiFiUdp.cpp:221] parsePacket(): could not receive data: 9
[ 54066][E][WiFiUdp.cpp:221] parsePacket(): could not receive data: 9
[ 54072][E][WiFiUdp.cpp:221] parsePacket(): could not receive data: 9
[ 54077][E][WiFiUdp.cpp:221] parsePacket(): could not receive data: 9
[ 54083][E][WiFiUdp.cpp:221] parsePacket(): could not receive data: 9
[ 54089][E][WiFiUdp.cpp:221] parsePacket(): could not receive data: 9
[ 54095][E][WiFiUdp.cpp:221] parsePacket(): could not receive data: 9
[ 54101][E][WiFiUdp.cpp:221] parsePacket(): could not receive data: 9
[ 54107][E][WiFiUdp.cpp:221] parsePacket(): could not receive data: 9
[ 54113][E][WiFiUdp.cpp:221] parsePacket(): could not receive data: 9
[ 54118][E][WiFiUdp.cpp:221] parsePacket(): could not receive data: 9
[ 54124][E][WiFiUdp.cpp:221] parsePacket(): could not receive data: 9
[ 54131][E][WiFiUdp.cpp:221] parsePacket(): could not receive data: 9
[ 54137][E][WiFiUdp.cpp:221] parsePacket(): could not receive data: 9
[ 54143][E][WiFiUdp.cpp:221] parsePacket(): could not receive data: 9
[ 54148][E][WiFiUdp.cpp:221] parsePacket(): could not receive data: 9
[ 54154][E][WiFiUdp.cpp:221] parsePacket(): could not receive data: 9
[ 54160][E][WiFiUdp.cpp:221] parsePacket(): could not receive data: 9
[ 54166][E][WiFiUdp.cpp:221] parsePacket(): could not receive data: 9
[ 54172][E][WiFiUdp.cpp:221] parsePacket(): could not receive data: 9
[ 54178][E][WiFiUdp.cpp:221] parsePacket(): could not receive data: 9
[ 54184][E][WiFiUdp.cpp:221] parsePacket(): could not receive data: 9
[ 54190][E][WiFiUdp.cpp:221] parsePacket(): could not receive data: 9
[ 54196][E][WiFiUdp.cpp:221] parsePacket(): could not receive data: 9
[ 54202][E][WiFiUdp.cpp:221] parsePacket(): could not receive data: 9
[ 54208][E][WiFiUdp.cpp:221] parsePacket(): could not receive data: 9
[ 54215][E][WiFiUdp.cpp:221] parsePacket(): could not receive data: 9
[ 54220][E][WiFiUdp.cpp:221] parsePacket(): could not receive data: 9
[ 54226][E][WiFiUdp.cpp:221] parsePacket(): could not receive data: 9
[ 54233][E][WiFiUdp.cpp:221] parsePacket(): could not receive data: 9
[ 54238][E][WiFiUdp.cpp:221] parsePacket(): could not receive data: 9
[ 54245][E][WiFiUdp.cpp:221] parsePacket(): could not receive data: 9
[ 54251][E][WiFiUdp.cpp:221] parsePacket(): could not receive data: 9
[ 54257][E][WiFiUdp.cpp:221] parsePacket(): could not receive data: 9
[ 54263][E][WiFiUdp.cpp:221] parsePacket(): could not receive data: 9
[ 54269][E][WiFiUdp.cpp:221] parsePacket(): could not receive data: 9
[ 54275][E][WiFiUdp.cpp:221] parsePacket(): could not receive data: 9
[ 54281][E][WiFiUdp.cpp:221] parsePacket(): could not receive data: 9
[ 54287][E][WiFiUdp.cpp:221] parsePacket(): could not receive data: 9
[ 54293][E][WiFiUdp.cpp:221] parsePacket(): could not receive data: 9
[ 54299][E][WiFiUdp.cpp:221] parsePacket(): could not receive data: 9
[ 54305][E][WiFiUdp.cpp:221] parsePacket(): could not receive data: 9
[ 54310][E][WiFiUdp.cpp:221] parsePacket(): could not receive data: 9
[ 54317][E][WiFiUdp.cpp:221] parsePacket(): could not receive data: 9
[ 54323][E][WiFiUdp.cpp:221] parsePacket(): could not receive data: 9
[ 54328][E][WiFiUdp.cpp:221] parsePacket(): could not receive data: 9
[ 54334][E][WiFiUdp.cpp:221] parsePacket(): could not receive data: 9
[ 54340][E][WiFiUdp.cpp:221] parsePacket(): could not receive data: 9
[ 54347][E][WiFiUdp.cpp:221] parsePacket(): could not receive data: 9
[ 54353][E][WiFiUdp.cpp:221] parsePacket(): could not receive data: 9
[ 54358][E][WiFiUdp.cpp:221] parsePacket(): could not receive data: 9
[ 54365][E][WiFiUdp.cpp:221] parsePacket(): could not receive data: 9
[ 54371][E][WiFiUdp.cpp:221] parsePacket(): could not receive data: 9
[ 54377][E][WiFiUdp.cpp:221] parsePacket(): could not receive data: 9
[ 54383][E][WiFiUdp.cpp:221] parsePacket(): could not receive data: 9
[ 54388][E][WiFiUdp.cpp:221] parsePacket(): could not receive data: 9
[ 54395][E][WiFiUdp.cpp:221] parsePacket(): could not receive data: 9
[ 54400][E][WiFiUdp.cpp:221] parsePacket(): could not receive data: 9
[ 54406][E][WiFiUdp.cpp:221] parsePacket(): could not receive data: 9
[ 54412][E][WiFiUdp.cpp:221] parsePacket(): could not receive data: 9
[ 54418][E][WiFiUdp.cpp:221] parsePacket(): could not receive data: 9
[ 54424][E][WiFiUdp.cpp:221] parsePacket(): could not receive data: 9
[ 54430][E][WiFiUdp.cpp:221] parsePacket(): could not receive data: 9
[ 54436][E][WiFiUdp.cpp:221] parsePacket(): could not receive data: 9
[ 54443][E][WiFiUdp.cpp:221] parsePacket(): could not receive data: 9
[ 54448][E][WiFiUdp.cpp:221] parsePacket(): could not receive data: 9
[ 54454][E][WiFiUdp.cpp:221] parsePacket(): could not receive data: 9
[ 54461][E][WiFiUdp.cpp:221] parsePacket(): could not receive data: 9
[ 54467][E][WiFiUdp.cpp:221] parsePacket(): could not receive data: 9
[ 54473][E][WiFiUdp.cpp:221] parsePacket(): could not receive data: 9
[ 54479][E][WiFiUdp.cpp:221] parsePacket(): could not receive data: 9
[ 54484][E][WiFiUdp.cpp:221] parsePacket(): could not receive data: 9
[ 54491][E][WiFiUdp.cpp:221] parsePacket(): could not receive data: 9
[ 54497][E][WiFiUdp.cpp:221] parsePacket(): could not receive data: 9
[ 54502][E][WiFiUdp.cpp:221] parsePacket(): could not receive data: 9
[ 54509][E][WiFiUdp.cpp:221] parsePacket(): could not receive data: 9
[ 54515][E][WiFiUdp.cpp:221] parsePacket(): could not receive data: 9
[ 54521][E][WiFiUdp.cpp:221] parsePacket(): could not receive data: 9
[ 54527][E][WiFiUdp.cpp:221] parsePacket(): could not receive data: 9
[ 54532][E][WiFiUdp.cpp:221] parsePacket(): could not receive data: 9
[ 54538][E][WiFiUdp.cpp:221] parsePacket(): could not receive data: 9
[ 54545][E][WiFiUdp.cpp:221] parsePacket(): could not receive data: 9
[ 54550][E][WiFiUdp.cpp:221] parsePacket(): could not receive data: 9
[ 54556][E][WiFiUdp.cpp:221] parsePacket(): could not receive data: 9
[ 54562][E][WiFiUdp.cpp:221] parsePacket(): could not receive data: 9
[ 54568][E][WiFiUdp.cpp:221] parsePacket(): could not receive data: 9
[ 54574][E][WiFiUdp.cpp:221] parsePacket(): could not receive data: 9
[ 54580][E][WiFiUdp.cpp:221] parsePacket(): could not receive data: 9
[ 54586][E][WiFiUdp.cpp:221] parsePacket(): could not receive data: 9
[ 54592][E][WiFiUdp.cpp:221] parsePacket(): could not receive data: 9
[ 54598][E][WiFiUdp.cpp:221] parsePacket(): could not receive data: 9
[ 54604][E][WiFiUdp.cpp:221] parsePacket(): could not receive data: 9
[ 54610][E][WiFiUdp.cpp:221] parsePacket(): could not receive data: 9
[ 54616][E][WiFiUdp.cpp:221] parsePacket(): could not receive data: 9
[ 54622][E][WiFiUdp.cpp:221] parsePacket(): could not receive data: 9
[ 54628][E][WiFiUdp.cpp:221] parsePacket(): could not receive data: 9
[ 54634][E][WiFiUdp.cpp:221] parsePacket(): could not receive data: 9
[ 54641][E][WiFiUdp.cpp:221] parsePacket(): could not receive data: 9
[ 54646][E][WiFiUdp.cpp:221] parsePacket(): could not receive data: 9
[ 54652][E][WiFiUdp.cpp:221] parsePacket(): could not receive data: 9
[ 54658][E][WiFiUdp.cpp:221] parsePacket(): could not receive data: 9
[ 54664][E][WiFiUdp.cpp:221] parsePacket(): could not receive data: 9
[ 54670][E][WiFiUdp.cpp:221] parsePacket(): could not receive data: 9
[ 54676][E][WiFiUdp.cpp:221] parsePacket(): could not receive data: 9
[ 54682][E][WiFiUdp.cpp:221] parsePacket(): could not receive data: 9
[ 54688][E][WiFiUdp.cpp:221] parsePacket(): could not receive data: 9
[ 54694][E][WiFiUdp.cpp:221] parsePacket(): could not receive data: 9
[ 54701][E][WiFiUdp.cpp:221] parsePacket(): could not receive data: 9
[ 54706][E][WiFiUdp.cpp:221] parsePacket(): could not receive data: 9
[ 54712][E][WiFiUdp.cpp:221] parsePacket(): could not receive data: 9
[ 54718][E][WiFiUdp.cpp:221] parsePacket(): could not receive data: 9
[ 54724][E][WiFiUdp.cpp:221] parsePacket(): could not receive data: 9
[ 54730][E][WiFiUdp.cpp:221] parsePacket(): could not receive data: 9
[ 54736][E][WiFiUdp.cpp:221] parsePacket(): could not receive data: 9
[ 54743][E][WiFiUdp.cpp:221] parsePacket(): could not receive data: 9
[ 54748][E][WiFiUdp.cpp:221] parsePacket(): could not receive data: 9
[ 54754][E][WiFiUdp.cpp:221] parsePacket(): could not receive data: 9
[ 54760][E][WiFiUdp.cpp:221] parsePacket(): could not receive data: 9
[ 54766][E][WiFiUdp.cpp:221] parsePacket(): could not receive data: 9
[ 54772][E][WiFiUdp.cpp:221] parsePacket(): could not receive data: 9
[ 54778][E][WiFiUdp.cpp:221] parsePacket(): could not receive data: 9
[ 54784][E][WiFiUdp.cpp:221] parsePacket(): could not receive data: 9
[ 54790][E][WiFiUdp.cpp:221] parsePacket(): could not receive data: 9
[ 54796][E][WiFiUdp.cpp:221] parsePacket(): could not receive data: 9
[ 54802][E][WiFiUdp.cpp:221] parsePacket(): could not receive data: 9
[ 54808][E][WiFiUdp.cpp:221] parsePacket(): could not receive data: 9
[ 54815][E][WiFiUdp.cpp:221] parsePacket(): could not receive data: 9
[ 54820][E][WiFiUdp.cpp:221] parsePacket(): could not receive data: 9
[ 54826][E][WiFiUdp.cpp:221] parsePacket(): could not receive data: 9
[ 54832][E][WiFiUdp.cpp:221] parsePacket(): could not receive data: 9
[ 54838][E][WiFiUdp.cpp:221] parsePacket(): could not receive data: 9
[ 54844][E][WiFiUdp.cpp:221] parsePacket(): could not receive data: 9
[ 54850][E][WiFiUdp.cpp:221] parsePacket(): could not receive data: 9
[ 54856][E][WiFiUdp.cpp:221] parsePacket(): could not receive data: 9
[ 54862][E][WiFiUdp.cpp:221] parsePacket(): could not receive data: 9
[ 54868][E][WiFiUdp.cpp:221] parsePacket(): could not receive data: 9
[ 54875][E][WiFiUdp.cpp:221] parsePacket(): could not receive data: 9
[ 54880][E][WiFiUdp.cpp:221] parsePacket(): could not receive data: 9
[ 54886][E][WiFiUdp.cpp:221] parsePacket(): could not receive data: 9
[ 54892][E][WiFiUdp.cpp:221] parsePacket(): could not receive data: 9
[ 54898][E][WiFiUdp.cpp:221] parsePacket(): could not receive data: 9
[ 54905][E][WiFiUdp.cpp:221] parsePacket(): could not receive data: 9
[ 54911][E][WiFiUdp.cpp:221] parsePacket(): could not receive data: 9
[ 54916][E][WiFiUdp.cpp:221] parsePacket(): could not receive data: 9
[ 54922][E][WiFiUdp.cpp:221] parsePacket(): could not receive data: 9
[ 54928][E][WiFiUdp.cpp:221] parsePacket(): could not receive data: 9
[ 54934][E][WiFiUdp.cpp:221] parsePacket(): could not receive data: 9
[ 54940][E][WiFiUdp.cpp:221] parsePacket(): could not receive data: 9
[ 54946][E][WiFiUdp.cpp:221] parsePacket(): could not receive data: 9
[ 54952][E][WiFiUdp.cpp:221] parsePacket(): could not receive data: 9
[ 54958][E][WiFiUdp.cpp:221] parsePacket(): could not receive data: 9
[ 54964][E][WiFiUdp.cpp:221] parsePacket(): could not receive data: 9
[ 54970][E][WiFiUdp.cpp:221] parsePacket(): could not receive data: 9
[ 54976][E][WiFiUdp.cpp:221] parsePacket(): could not receive data: 9
[ 54983][E][WiFiUdp.cpp:221] parsePacket(): could not receive data: 9
[ 54988][E][WiFiUdp.cpp:221] parsePacket(): could not receive data: 9
[ 54994][E][WiFiUdp.cpp:221] parsePacket(): could not receive data: 9
[ 55001][E][WiFiUdp.cpp:221] parsePacket(): could not receive data: 9
[ 55006][E][WiFiUdp.cpp:221] parsePacket(): could not receive data: 9
[ 55012][E][WiFiUdp.cpp:221] parsePacket(): could not receive data: 9
[ 55018][E][WiFiUdp.cpp:221] parsePacket(): could not receive data: 9
[ 55024][E][WiFiUdp.cpp:221] parsePacket(): could not receive data: 9
[ 55030][E][WiFiUdp.cpp:221] parsePacket(): could not receive data: 9
[ 55036][E][WiFiUdp.cpp:221] parsePacket(): could not receive data: 9
[ 55043][E][WiFiUdp.cpp:221] parsePacket(): could not receive data: 9
[ 55049][E][WiFiUdp.cpp:221] parsePacket(): could not receive data: 9
[ 55054][E][WiFiUdp.cpp:221] parsePacket(): could not receive data: 9
[ 55060][E][WiFiUdp.cpp:221] parsePacket(): could not receive data: 9
[ 55067][E][WiFiUdp.cpp:221] parsePacket(): could not receive data: 9
[ 55073][E][WiFiUdp.cpp:221] parsePacket(): could not receive data: 9
[ 55079][E][WiFiUdp.cpp:221] parsePacket(): could not receive data: 9
[ 55084][E][WiFiUdp.cpp:221] parsePacket(): could not receive data: 9
[ 55090][E][WiFiUdp.cpp:221] parsePacket(): could not receive data: 9
[ 55096][E][WiFiUdp.cpp:221] parsePacket(): could not receive data: 9
[ 55102][E][WiFiUdp.cpp:221] parsePacket(): could not receive data: 9
[ 55108][E][WiFiUdp.cpp:221] parsePacket(): could not receive data: 9
[ 55114][E][WiFiUdp.cpp:221] parsePacket(): could not receive data: 9
[ 55120][E][WiFiUdp.cpp:221] parsePacket(): could not receive data: 9
[ 55126][E][WiFiUdp.cpp:221] parsePacket(): could not receive data: 9
[ 55132][E][WiFiUdp.cpp:221] parsePacket(): could not receive data: 9
[ 55138][E][WiFiUdp.cpp:221] parsePacket(): could not receive data: 9
[ 55145][E][WiFiUdp.cpp:221] parsePacket(): could not receive data: 9
[ 55151][E][WiFiUdp.cpp:221] parsePacket(): could not receive data: 9
[ 55156][E][WiFiUdp.cpp:221] parsePacket(): could not receive data: 9
[ 55163][E][WiFiUdp.cpp:221] parsePacket(): could not receive data: 9
[ 55168][E][WiFiUdp.cpp:221] parsePacket(): could not receive data: 9
[ 55174][E][WiFiUdp.cpp:221] parsePacket(): could not receive data: 9
[ 55181][E][WiFiUdp.cpp:221] parsePacket(): could not receive data: 9
[ 55186][E][WiFiUdp.cpp:221] parsePacket(): could not receive data: 9
[ 55192][E][WiFiUdp.cpp:221] parsePacket(): could not receive data: 9
[ 55198][E][WiFiUdp.cpp:221] parsePacket(): could not receive data: 9
[ 55204][E][WiFiUdp.cpp:221] parsePacket(): could not receive data: 9
[ 55210][E][WiFiUdp.cpp:221] parsePacket(): could not receive data: 9
[ 55216][E][WiFiUdp.cpp:221] parsePacket(): could not receive data: 9
[ 55222][E][WiFiUdp.cpp:221] parsePacket(): could not receive data: 9
[ 55228][E][WiFiUdp.cpp:221] parsePacket(): could not receive data: 9
[ 55234][E][WiFiUdp.cpp:221] parsePacket(): could not receive data: 9
[ 55241][E][WiFiUdp.cpp:221] parsePacket(): could not receive data: 9
[ 55247][E][WiFiUdp.cpp:221] parsePacket(): could not receive data: 9
[ 55252][E][WiFiUdp.cpp:221] parsePacket(): could not receive data: 9
[ 55258][E][WiFiUdp.cpp:221] parsePacket(): could not receive data: 9
[ 55264][E][WiFiUdp.cpp:221] parsePacket(): could not receive data: 9
[ 55270][E][WiFiUdp.cpp:221] parsePacket(): could not receive data: 9
[ 55277][E][WiFiUdp.cpp:221] parsePacket(): could not receive data: 9
[ 55283][E][WiFiUdp.cpp:221] parsePacket(): could not receive data: 9
[ 55289][E][WiFiUdp.cpp:221] parsePacket(): could not receive data: 9
[ 55295][E][WiFiUdp.cpp:221] parsePacket(): could not receive data: 9
[ 55301][E][WiFiUdp.cpp:221] parsePacket(): could not receive data: 9
[ 55307][E][WiFiUdp.cpp:221] parsePacket(): could not receive data: 9
[ 55313][E][WiFiUdp.cpp:221] parsePacket(): could not receive data: 9
[ 55319][E][WiFiUdp.cpp:221] parsePacket(): could not receive data: 9
[ 55325][E][WiFiUdp.cpp:221] parsePacket(): could not receive data: 9
[ 55331][E][WiFiUdp.cpp:221] parsePacket(): could not receive data: 9
[ 55337][E][WiFiUdp.cpp:221] parsePacket(): could not receive data: 9
[ 55343][E][WiFiUdp.cpp:221] parsePacket(): could not receive data: 9
[ 55349][E][WiFiUdp.cpp:221] parsePacket(): could not receive data: 9
[ 55355][E][WiFiUdp.cpp:221] parsePacket(): could not receive data: 9
[ 55361][E][WiFiUdp.cpp:221] parsePacket(): could not receive data: 9
[ 55367][E][WiFiUdp.cpp:221] parsePacket(): could not receive data: 9
[ 55373][E][WiFiUdp.cpp:221] parsePacket(): could not receive data: 9
[ 55379][E][WiFiUdp.cpp:221] parsePacket(): could not receive data: 9
[ 55385][E][WiFiUdp.cpp:221] parsePacket(): could not receive data: 9
[ 55391][E][WiFiUdp.cpp:221] parsePacket(): could not receive data: 9
[ 55397][E][WiFiUdp.cpp:221] parsePacket(): could not receive data: 9
[ 55403][E][WiFiUdp.cpp:221] parsePacket(): could not receive data: 9
[ 55409][E][WiFiUdp.cpp:221] parsePacket(): could not receive data: 9
[ 55415][E][WiFiUdp.cpp:221] parsePacket(): could not receive data: 9
[ 55421][E][WiFiUdp.cpp:221] parsePacket(): could not receive data: 9
[ 55427][E][WiFiUdp.cpp:221] parsePacket(): could not receive data: 9
[ 55433][E][WiFiUdp.cpp:221] parsePacket(): could not receive data: 9
[ 55439][E][WiFiUdp.cpp:221] parsePacket(): could not receive data: 9
[ 55444][E][WiFiUdp.cpp:221] parsePacket(): could not receive data: 9
[ 55450][E][WiFiUdp.cpp:221] parsePacket(): could not receive data: 9
[ 55456][E][WiFiUdp.cpp:221] parsePacket(): could not receive data: 9
[ 55462][E][WiFiUdp.cpp:221] parsePacket(): could not receive data: 9
[ 55468][E][WiFiUdp.cpp:221] parsePacket(): could not receive data: 9
[ 55474][E][WiFiUdp.cpp:221] parsePacket(): could not receive data: 9
[ 55480][E][WiFiUdp.cpp:221] parsePacket(): could not receive data: 9
[ 55486][E][WiFiUdp.cpp:221] parsePacket(): could not receive data: 9
[ 55492][E][WiFiUdp.cpp:221] parsePacket(): could not receive data: 9
[ 55498][E][WiFiUdp.cpp:221] parsePacket(): could not receive data: 9
[ 55504][E][WiFiUdp.cpp:221] parsePacket(): could not receive data: 9
[ 55510][E][WiFiUdp.cpp:221] parsePacket(): could not receive data: 9
[ 55516][E][WiFiUdp.cpp:221] parsePacket(): could not receive data: 9
[ 55522][E][WiFiUdp.cpp:221] parsePacket(): could not receive data: 9
[ 55527][E][WiFiUdp.cpp:221] parsePacket(): could not receive data: 9
[ 55534][E][WiFiUdp.cpp:221] parsePacket(): could not receive data: 9
[ 55540][E][WiFiUdp.cpp:221] parsePacket(): could not receive data: 9
[ 55546][E][WiFiUdp.cpp:221] parsePacket(): could not receive data: 9
[ 55551][E][WiFiUdp.cpp:221] parsePacket(): could not receive data: 9
[ 55557][E][WiFiUdp.cpp:221] parsePacket(): could not receive data: 9
[ 55563][E][WiFiUdp.cpp:221] parsePacket(): could not receive data: 9
[ 55570][E][WiFiUdp.cpp:221] parsePacket(): could not receive data: 9
[ 55576][E][WiFiUdp.cpp:221] parsePacket(): could not receive data: 9
[ 55582][E][WiFiUdp.cpp:221] parsePacket(): could not receive data: 9
[ 55587][E][WiFiUdp.cpp:221] parsePacket(): could not receive data: 9
[ 55593][E][WiFiUdp.cpp:221] parsePacket(): could not receive data: 9
[ 55599][E][WiFiUdp.cpp:221] parsePacket(): could not receive data: 9
[ 55605][E][WiFiUdp.cpp:221] parsePacket(): could not receive data: 9
[ 55611][E][WiFiUdp.cpp:221] parsePacket(): could not receive data: 9
[ 55617][E][WiFiUdp.cpp:221] parsePacket(): could not receive data: 9
[ 55622][E][WiFiUdp.cpp:221] parsePacket(): could not receive data: 9
[ 55628][E][WiFiUdp.cpp:221] parsePacket(): could not receive data: 9
[ 55635][E][WiFiUdp.cpp:221] parsePacket(): could not receive data: 9
[ 55640][E][WiFiUdp.cpp:221] parsePacket(): could not receive data: 9
[ 55646][E][WiFiUdp.cpp:221] parsePacket(): could not receive data: 9
[ 55652][E][WiFiUdp.cpp:221] parsePacket(): could not receive data: 9
[ 55658][E][WiFiUdp.cpp:221] parsePacket(): could not receive data: 9
[ 55665][E][WiFiUdp.cpp:221] parsePacket(): could not receive data: 9
[ 55670][E][WiFiUdp.cpp:221] parsePacket(): could not receive data: 9
[ 55676][E][WiFiUdp.cpp:221] parsePacket(): could not receive data: 9
[ 55682][E][WiFiUdp.cpp:221] parsePacket(): could not receive data: 9
[ 55689][E][WiFiUdp.cpp:221] parsePacket(): could not receive data: 9
[ 55694][E][WiFiUdp.cpp:221] parsePacket(): could not receive data: 9
[ 55701][E][WiFiUdp.cpp:221] parsePacket(): could not receive data: 9
[ 55707][E][WiFiUdp.cpp:221] parsePacket(): could not receive data: 9
[ 55713][E][WiFiUdp.cpp:221] parsePacket(): could not receive data: 9
[ 55719][E][WiFiUdp.cpp:221] parsePacket(): could not receive data: 9
[ 55725][E][WiFiUdp.cpp:221] parsePacket(): could not receive data: 9
[ 55731][E][WiFiUdp.cpp:221] parsePacket(): could not receive data: 9
[ 55737][E][WiFiUdp.cpp:221] parsePacket(): could not receive data: 9
[ 55743][E][WiFiUdp.cpp:221] parsePacket(): could not receive data: 9
[ 55749][E][WiFiUdp.cpp:221] parsePacket(): could not receive data: 9
[ 55755][E][WiFiUdp.cpp:221] parsePacket(): could not receive data: 9
[ 55761][E][WiFiUdp.cpp:221] parsePacket(): could not receive data: 9
[ 55767][E][WiFiUdp.cpp:221] parsePacket(): could not receive data: 9
[ 55773][E][WiFiUdp.cpp:221] parsePacket(): could not receive data: 9
[ 55779][E][WiFiUdp.cpp:221] parsePacket(): could not receive data: 9
[ 55785][E][WiFiUdp.cpp:221] parsePacket(): could not receive data: 9
[ 55791][E][WiFiUdp.cpp:221] parsePacket(): could not receive data: 9
[ 55797][E][WiFiUdp.cpp:221] parsePacket(): could not receive data: 9
[ 55803][E][WiFiUdp.cpp:221] parsePacket(): could not receive data: 9
[ 55809][E][WiFiUdp.cpp:221] parsePacket(): could not receive data: 9
[ 55815][E][WiFiUdp.cpp:221] parsePacket(): could not receive data: 9
[ 55821][E][WiFiUdp.cpp:221] parsePacket(): could not receive data: 9
[ 55827][E][WiFiUdp.cpp:221] parsePacket(): could not receive data: 9
[ 55833][E][WiFiUdp.cpp:221] parsePacket(): could not receive data: 9
[ 55839][E][WiFiUdp.cpp:221] parsePacket(): could not receive data: 9
[ 55845][E][WiFiUdp.cpp:221] parsePacket(): could not receive data: 9
[ 55851][E][WiFiUdp.cpp:221] parsePacket(): could not receive data: 9
[ 55857][E][WiFiUdp.cpp:221] parsePacket(): could not receive data: 9
[ 55863][E][WiFiUdp.cpp:221] parsePacket(): could not receive data: 9
[ 55869][E][WiFiUdp.cpp:221] parsePacket(): could not receive data: 9
[ 55875][E][WiFiUdp.cpp:221] parsePacket(): could not receive data: 9
[ 55881][E][WiFiUdp.cpp:221] parsePacket(): could not receive data: 9
[ 55887][E][WiFiUdp.cpp:221] parsePacket(): could not receive data: 9
[ 55893][E][WiFiUdp.cpp:221] parsePacket(): could not receive data: 9
[ 55899][E][WiFiUdp.cpp:221] parsePacket(): could not receive data: 9
[ 55905][E][WiFiUdp.cpp:221] parsePacket(): could not receive data: 9
[ 55911][E][WiFiUdp.cpp:221] parsePacket(): could not receive data: 9
[ 55917][E][WiFiUdp.cpp:221] parsePacket(): could not receive data: 9
[ 55923][E][WiFiUdp.cpp:221] parsePacket(): could not receive data: 9
[ 55929][E][WiFiUdp.cpp:221] parsePacket(): could not receive data: 9
[ 55935][E][WiFiUdp.cpp:221] parsePacket(): could not receive data: 9
[ 55940][E][WiFiUdp.cpp:221] parsePacket(): could not receive data: 9
[ 55947][E][WiFiUdp.cpp:221] parsePacket(): could not receive data: 9
[ 55952][E][WiFiUdp.cpp:221] parsePacket(): could not receive data: 9
[ 55959][E][WiFiUdp.cpp:221] parsePacket(): could not receive data: 9
[ 55965][E][WiFiUdp.cpp:221] parsePacket(): could not receive data: 9
[ 55971][E][WiFiUdp.cpp:221] parsePacket(): could not receive data: 9
[ 55977][E][WiFiUdp.cpp:221] parsePacket(): could not receive data: 9
[ 55983][E][WiFiUdp.cpp:221] parsePacket(): could not receive data: 9
[ 55988][E][WiFiUdp.cpp:221] parsePacket(): could not receive data: 9
[ 55994][E][WiFiUdp.cpp:221] parsePacket(): could not receive data: 9
[ 56001][E][WiFiUdp.cpp:221] parsePacket(): could not receive data: 9
[ 56007][E][WiFiUdp.cpp:221] parsePacket(): could not receive data: 9
[ 56013][E][WiFiUdp.cpp:221] parsePacket(): could not receive data: 9
[ 56019][E][WiFiUdp.cpp:221] parsePacket(): could not receive data: 9
[ 56025][E][WiFiUdp.cpp:221] parsePacket(): could not receive data: 9
[ 56031][E][WiFiUdp.cpp:221] parsePacket(): could not receive data: 9
[ 56037][E][WiFiUdp.cpp:221] parsePacket(): could not receive data: 9
[ 56043][E][WiFiUdp.cpp:221] parsePacket(): could not receive data: 9
[ 56049][E][WiFiUdp.cpp:221] parsePacket(): could not receive data: 9
[ 56055][E][WiFiUdp.cpp:221] parsePacket(): could not receive data: 9
[ 56061][E][WiFiUdp.cpp:221] parsePacket(): could not receive data: 9
[ 56067][E][WiFiUdp.cpp:221] parsePacket(): could not receive data: 9
[ 56073][E][WiFiUdp.cpp:221] parsePacket(): could not receive data: 9
[ 56079][E][WiFiUdp.cpp:221] parsePacket(): could not receive data: 9
[ 56085][E][WiFiUdp.cpp:221] parsePacket(): could not receive data: 9
[ 56091][E][WiFiUdp.cpp:221] parsePacket(): could not receive data: 9
[ 56097][E][WiFiUdp.cpp:221] parsePacket(): could not receive data: 9
[ 56103][E][WiFiUdp.cpp:221] parsePacket(): could not receive data: 9
[ 56108][E][WiFiUdp.cpp:221] parsePacket(): could not receive data: 9
[ 56114][E][WiFiUdp.cpp:221] parsePacket(): could not receive data: 9
[ 56120][E][WiFiUdp.cpp:221] parsePacket(): could not receive data: 9
[ 56126][E][WiFiUdp.cpp:221] parsePacket(): could not receive data: 9
[ 56132][E][WiFiUdp.cpp:221] parsePacket(): could not receive data: 9
[ 56138][E][WiFiUdp.cpp:221] parsePacket(): could not receive data: 9
[ 56144][E][WiFiUdp.cpp:221] parsePacket(): could not receive data: 9
[ 56150][E][WiFiUdp.cpp:221] parsePacket(): could not receive data: 9
[ 56156][E][WiFiUdp.cpp:221] parsePacket(): could not receive data: 9
[ 56162][E][WiFiUdp.cpp:221] parsePacket(): could not receive data: 9
[ 56168][E][WiFiUdp.cpp:221] parsePacket(): could not receive data: 9
[ 56174][E][WiFiUdp.cpp:221] parsePacket(): could not receive data: 9
[ 56180][E][WiFiUdp.cpp:221] parsePacket(): could not receive data: 9
[ 56186][E][WiFiUdp.cpp:221] parsePacket(): could not receive data: 9
[ 56192][E][WiFiUdp.cpp:221] parsePacket(): could not receive data: 9
[ 56198][E][WiFiUdp.cpp:221] parsePacket(): could not receive data: 9
[ 56204][E][WiFiUdp.cpp:221] parsePacket(): could not receive data: 9
[ 56210][E][WiFiUdp.cpp:221] parsePacket(): could not receive data: 9
[ 56216][E][WiFiUdp.cpp:221] parsePacket(): could not receive data: 9
[ 56222][E][WiFiUdp.cpp:221] parsePacket(): could not receive data: 9
[ 56228][E][WiFiUdp.cpp:221] parsePacket(): could not receive data: 9
[ 56234][E][WiFiUdp.cpp:221] parsePacket(): could not receive data: 9
[ 56240][E][WiFiUdp.cpp:221] parsePacket(): could not receive data: 9
[ 56246][E][WiFiUdp.cpp:221] parsePacket(): could not receive data: 9
[ 56252][E][WiFiUdp.cpp:221] parsePacket(): could not receive data: 9
[ 56258][E][WiFiUdp.cpp:221] parsePacket(): could not receive data: 9
[ 56264][E][WiFiUdp.cpp:221] parsePacket(): could not receive data: 9
[ 56270][E][WiFiUdp.cpp:221] parsePacket(): could not receive data: 9
[ 56276][E][WiFiUdp.cpp:221] parsePacket(): could not receive data: 9
[ 56282][E][WiFiUdp.cpp:221] parsePacket(): could not receive data: 9
[ 56288][E][WiFiUdp.cpp:221] parsePacket(): could not receive data: 9
[ 56294][E][WiFiUdp.cpp:221] parsePacket(): could not receive data: 9
[ 56300][E][WiFiUdp.cpp:221] parsePacket(): could not receive data: 9
[ 56306][E][WiFiUdp.cpp:221] parsePacket(): could not receive data: 9
[ 56312][E][WiFiUdp.cpp:221] parsePacket(): could not receive data: 9
[ 56318][E][WiFiUdp.cpp:221] parsePacket(): could not receive data: 9
[ 56324][E][WiFiUdp.cpp:221] parsePacket(): could not receive data: 9
[ 56330][E][WiFiUdp.cpp:221] parsePacket(): could not receive data: 9
[ 56336][E][WiFiUdp.cpp:221] parsePacket(): could not receive data: 9
[ 56342][E][WiFiUdp.cpp:221] parsePacket(): could not receive data: 9
[ 56348][E][WiFiUdp.cpp:221] parsePacket(): could not receive data: 9
[ 56354][E][WiFiUdp.cpp:221] parsePacket(): could not receive data: 9
[ 56360][E][WiFiUdp.cpp:221] parsePacket(): could not receive data: 9
[ 56366][E][WiFiUdp.cpp:221] parsePacket(): could not receive data: 9
[ 56372][E][WiFiUdp.cpp:221] parsePacket(): could not receive data: 9
[ 56378][E][WiFiUdp.cpp:221] parsePacket(): could not receive data: 9
[ 56384][E][WiFiUdp.cpp:221] parsePacket(): could not receive data: 9
[ 56390][E][WiFiUdp.cpp:221] parsePacket(): could not receive data: 9
[ 56396][E][WiFiUdp.cpp:221] parsePacket(): could not receive data: 9
[ 56402][E][WiFiUdp.cpp:221] parsePacket(): could not receive data: 9
[ 56408][E][WiFiUdp.cpp:221] parsePacket(): could not receive data: 9
[ 56414][E][WiFiUdp.cpp:221] parsePacket(): could not receive data: 9
[ 56421][E][WiFiUdp.cpp:221] parsePacket(): could not receive data: 9
[ 56428][E][WiFiUdp.cpp:221] parsePacket(): could not receive data: 9
[ 56435][E][WiFiUdp.cpp:221] parsePacket(): could not receive data: 9
[ 56441][E][WiFiUdp.cpp:221] parsePacket(): could not receive data: 9
[ 56448][E][WiFiUdp.cpp:221] parsePacket(): could not receive data: 9
[ 56455][E][WiFiUdp.cpp:221] parsePacket(): could not receive data: 9
[ 56462][E][WiFiUdp.cpp:221] parsePacket(): could not receive data: 9
[ 56469][E][WiFiUdp.cpp:221] parsePacket(): could not receive data: 9
[ 56476][E][WiFiUdp.cpp:221] parsePacket(): could not receive data: 9
[ 56483][E][WiFiUdp.cpp:221] parsePacket(): could not receive data: 9
[ 56490][E][WiFiUdp.cpp:221] parsePacket(): could not receive data: 9
[ 56497][E][WiFiUdp.cpp:221] parsePacket(): could not receive data: 9
[ 56504][E][WiFiUdp.cpp:221] parsePacket(): could not receive data: 9
[ 56511][E][WiFiUdp.cpp:221] parsePacket(): could not receive data: 9
[ 56518][E][WiFiUdp.cpp:221] parsePacket(): could not receive data: 9
[ 56525][E][WiFiUdp.cpp:221] parsePacket(): could not receive data: 9
[ 56532][E][WiFiUdp.cpp:221] parsePacket(): could not receive data: 9
[ 56539][E][WiFiUdp.cpp:221] parsePacket(): could not receive data: 9
[ 56546][E][WiFiUdp.cpp:221] parsePacket(): could not receive data: 9
[ 56553][E][WiFiUdp.cpp:221] parsePacket(): could not receive data: 9
[ 56560][E][WiFiUdp.cpp:221] parsePacket(): could not receive data: 9
[ 56567][E][WiFiUdp.cpp:221] parsePacket(): could not receive data: 9
[ 56574][E][WiFiUdp.cpp:221] parsePacket(): could not receive data: 9
[ 56581][E][WiFiUdp.cpp:221] parsePacket(): could not receive data: 9
[ 56588][E][WiFiUdp.cpp:221] parsePacket(): could not receive data: 9
[ 56595][E][WiFiUdp.cpp:221] parsePacket(): could not receive data: 9
[ 56601][E][WiFiUdp.cpp:221] parsePacket(): could not receive data: 9
[ 56609][E][WiFiUdp.cpp:221] parsePacket(): could not receive data: 9
[ 56616][E][WiFiUdp.cpp:221] parsePacket(): could not receive data: 9
[ 56623][E][WiFiUdp.cpp:221] parsePacket(): could not receive data: 9
[ 56630][E][WiFiUdp.cpp:221] parsePacket(): could not receive data: 9
[ 56637][E][WiFiUdp.cpp:221] parsePacket(): could not receive data: 9
[ 56644][E][WiFiUdp.cpp:221] parsePacket(): could not receive data: 9
[ 56651][E][WiFiUdp.cpp:221] parsePacket(): could not receive data: 9
[ 56658][E][WiFiUdp.cpp:221] parsePacket(): could not receive data: 9
[ 56665][E][WiFiUdp.cpp:221] parsePacket(): could not receive data: 9
[ 56672][E][WiFiUdp.cpp:221] parsePacket(): could not receive data: 9
[ 56679][E][WiFiUdp.cpp:221] parsePacket(): could not receive data: 9
[ 56686][E][WiFiUdp.cpp:221] parsePacket(): could not receive data: 9
[ 56693][E][WiFiUdp.cpp:221] parsePacket(): could not receive data: 9
[ 56700][E][WiFiUdp.cpp:221] parsePacket(): could not receive data: 9
[ 56707][E][WiFiUdp.cpp:221] parsePacket(): could not receive data: 9
[ 56714][E][WiFiUdp.cpp:221] parsePacket(): could not receive data: 9
[ 56722][E][WiFiUdp.cpp:221] parsePacket(): could not receive data: 9
[ 56728][E][WiFiUdp.cpp:221] parsePacket(): could not receive data: 9
[ 56734][E][WiFiUdp.cpp:221] parsePacket(): could not receive data: 9
[ 56741][E][WiFiUdp.cpp:221] parsePacket(): could not receive data: 9
[ 56748][E][WiFiUdp.cpp:221] parsePacket(): could not receive data: 9
[ 56756][E][WiFiUdp.cpp:221] parsePacket(): could not receive data: 9
[ 56763][E][WiFiUdp.cpp:221] parsePacket(): could not receive data: 9
[ 56770][E][WiFiUdp.cpp:221] parsePacket(): could not receive data: 9
[ 56777][E][WiFiUdp.cpp:221] parsePacket(): could not receive data: 9
[ 56784][E][WiFiUdp.cpp:221] parsePacket(): could not receive data: 9
[ 56791][E][WiFiUdp.cpp:221] parsePacket(): could not receive data: 9
[ 56798][E][WiFiUdp.cpp:221] parsePacket(): could not receive data: 9
[ 56805][E][WiFiUdp.cpp:221] parsePacket(): could not receive data: 9
[ 56812][E][WiFiUdp.cpp:221] parsePacket(): could not receive data: 9
[ 56819][E][WiFiUdp.cpp:221] parsePacket(): could not receive data: 9
[ 56826][E][WiFiUdp.cpp:221] parsePacket(): could not receive data: 9
[ 56833][E][WiFiUdp.cpp:221] parsePacket(): could not receive data: 9
[ 56840][E][WiFiUdp.cpp:221] parsePacket(): could not receive data: 9
[ 56847][E][WiFiUdp.cpp:221] parsePacket(): could not receive data: 9
[ 56854][E][WiFiUdp.cpp:221] parsePacket(): could not receive data: 9
[ 56862][E][WiFiUdp.cpp:221] parsePacket(): could not receive data: 9
[ 56869][E][WiFiUdp.cpp:221] parsePacket(): could not receive data: 9
[ 56876][E][WiFiUdp.cpp:221] parsePacket(): could not receive data: 9
[ 56883][E][WiFiUdp.cpp:221] parsePacket(): could not receive data: 9
[ 56890][E][WiFiUdp.cpp:221] parsePacket(): could not receive data: 9
[ 56897][E][WiFiUdp.cpp:221] parsePacket(): could not receive data: 9
[ 56904][E][WiFiUdp.cpp:221] parsePacket(): could not receive data: 9
[ 56910][E][WiFiUdp.cpp:221] parsePacket(): could not receive data: 9
[ 56916][E][WiFiUdp.cpp:221] parsePacket(): could not receive data: 9
[ 56922][E][WiFiUdp.cpp:221] parsePacket(): could not receive data: 9
[ 56928][E][WiFiUdp.cpp:221] parsePacket(): could not receive data: 9
[ 56934][E][WiFiUdp.cpp:221] parsePacket(): could not receive data: 9
[ 56940][E][WiFiUdp.cpp:221] parsePacket(): could not receive data: 9
[ 56947][E][WiFiUdp.cpp:221] parsePacket(): could not receive data: 9
[ 56954][E][WiFiUdp.cpp:221] parsePacket(): could not receive data: 9
[ 56961][E][WiFiUdp.cpp:221] parsePacket(): could not receive data: 9
[ 56968][E][WiFiUdp.cpp:221] parsePacket(): could not receive data: 9
[ 56975][E][WiFiUdp.cpp:221] parsePacket(): could not receive data: 9
[ 56982][E][WiFiUdp.cpp:221] parsePacket(): could not receive data: 9
[ 56989][E][WiFiUdp.cpp:221] parsePacket(): could not receive data: 9
[ 56996][E][WiFiUdp.cpp:221] parsePacket(): could not receive data: 9
[ 57003][E][WiFiUdp.cpp:221] parsePacket(): could not receive data: 9
[ 57010][E][WiFiUdp.cpp:221] parsePacket(): could not receive data: 9
[ 57017][E][WiFiUdp.cpp:221] parsePacket(): could not receive data: 9
[ 57024][E][WiFiUdp.cpp:221] parsePacket(): could not receive data: 9
[ 57031][E][WiFiUdp.cpp:221] parsePacket(): could not receive data: 9
[ 57038][E][WiFiUdp.cpp:221] parsePacket(): could not receive data: 9
[ 57045][E][WiFiUdp.cpp:221] parsePacket(): could not receive data: 9
[ 57052][E][WiFiUdp.cpp:221] parsePacket(): could not receive data: 9
[ 57059][E][WiFiUdp.cpp:221] parsePacket(): could not receive data: 9
[ 57065][E][WiFiUdp.cpp:221] parsePacket(): could not receive data: 9
[ 57071][E][WiFiUdp.cpp:221] parsePacket(): could not receive data: 9
[ 57077][E][WiFiUdp.cpp:221] parsePacket(): could not receive data: 9
[ 57083][E][WiFiUdp.cpp:221] parsePacket(): could not receive data: 9
[ 57089][E][WiFiUdp.cpp:221] parsePacket(): could not receive data: 9
[ 57094][E][WiFiUdp.cpp:221] parsePacket(): could not receive data: 9
[ 57101][E][WiFiUdp.cpp:221] parsePacket(): could not receive data: 9
[ 57106][E][WiFiUdp.cpp:221] parsePacket(): could not receive data: 9
[ 57113][E][WiFiUdp.cpp:221] parsePacket(): could not receive data: 9
[ 57118][E][WiFiUdp.cpp:221] parsePacket(): could not receive data: 9
[ 57124][E][WiFiUdp.cpp:221] parsePacket(): could not receive data: 9
[ 57130][E][WiFiUdp.cpp:221] parsePacket(): could not receive data: 9
[ 57137][E][WiFiUdp.cpp:221] parsePacket(): could not receive data: 9
[ 57143][E][WiFiUdp.cpp:221] parsePacket(): could not receive data: 9
[ 57149][E][WiFiUdp.cpp:221] parsePacket(): could not receive data: 9
[ 57155][E][WiFiUdp.cpp:221] parsePacket(): could not receive data: 9
[ 57161][E][WiFiUdp.cpp:221] parsePacket(): could not receive data: 9
[ 57167][E][WiFiUdp.cpp:221] parsePacket(): could not receive data: 9
[ 57174][E][WiFiUdp.cpp:221] parsePacket(): could not receive data: 9
[ 57180][E][WiFiUdp.cpp:221] parsePacket(): could not receive data: 9
[ 57186][E][WiFiUdp.cpp:221] parsePacket(): could not receive data: 9
[ 57193][E][WiFiUdp.cpp:221] parsePacket(): could not receive data: 9
[ 57198][E][WiFiUdp.cpp:221] parsePacket(): could not receive data: 9
[ 57205][E][WiFiUdp.cpp:221] parsePacket(): could not receive data: 9
[ 57210][E][WiFiUdp.cpp:221] parsePacket(): could not receive data: 9
[ 57217][E][WiFiUdp.cpp:221] parsePacket(): could not receive data: 9
[ 57223][E][WiFiUdp.cpp:221] parsePacket(): could not receive data: 9
[ 57229][E][WiFiUdp.cpp:221] parsePacket(): could not receive data: 9
[ 57236][E][WiFiUdp.cpp:221] parsePacket(): could not receive data: 9
[ 57243][E][WiFiUdp.cpp:221] parsePacket(): could not receive data: 9
[ 57249][E][WiFiUdp.cpp:221] parsePacket(): could not receive data: 9
[ 57255][E][WiFiUdp.cpp:221] parsePacket(): could not receive data: 9
[ 57261][E][WiFiUdp.cpp:221] parsePacket(): could not receive data: 9
[ 57267][E][WiFiUdp.cpp:221] parsePacket(): could not receive data: 9
[ 57272][E][WiFiUdp.cpp:221] parsePacket(): could not receive data: 9
[ 57278][E][WiFiUdp.cpp:221] parsePacket(): could not receive data: 9
[ 57284][E][WiFiUdp.cpp:221] parsePacket(): could not receive data: 9
[ 57291][E][WiFiUdp.cpp:221] parsePacket(): could not receive data: 9
[ 57297][E][WiFiUdp.cpp:221] parsePacket(): could not receive data: 9
[ 57303][E][WiFiUdp.cpp:221] parsePacket(): could not receive data: 9
[ 57309][E][WiFiUdp.cpp:221] parsePacket(): could not receive data: 9
[ 57315][E][WiFiUdp.cpp:221] parsePacket(): could not receive data: 9
[ 57321][E][WiFiUdp.cpp:221] parsePacket(): could not receive data: 9
[ 57327][E][WiFiUdp.cpp:221] parsePacket(): could not receive data: 9
[ 57333][E][WiFiUdp.cpp:221] parsePacket(): could not receive data: 9
[ 57339][E][WiFiUdp.cpp:221] parsePacket(): could not receive data: 9
[ 57346][E][WiFiUdp.cpp:221] parsePacket(): could not receive data: 9
[ 57353][E][WiFiUdp.cpp:221] parsePacket(): could not receive data: 9
[ 57359][E][WiFiUdp.cpp:221] parsePacket(): could not receive data: 9
[ 57366][E][WiFiUdp.cpp:221] parsePacket(): could not receive data: 9
[ 57373][E][WiFiUdp.cpp:221] parsePacket(): could not receive data: 9
[ 57380][E][WiFiUdp.cpp:221] parsePacket(): could not receive data: 9
[ 57387][E][WiFiUdp.cpp:221] parsePacket(): could not receive data: 9
[ 57394][E][WiFiUdp.cpp:221] parsePacket(): could not receive data: 9
[ 57401][E][WiFiUdp.cpp:221] parsePacket(): could not receive data: 9
[ 57410][E][WiFiUdp.cpp:221] parsePacket(): could not receive data: 9
[ 57418][E][WiFiUdp.cpp:221] parsePacket(): could not receive data: 9
[ 57425][E][WiFiUdp.cpp:221] parsePacket(): could not receive data: 9
[ 57432][E][WiFiUdp.cpp:221] parsePacket(): could not receive data: 9
[ 57438][E][WiFiUdp.cpp:221] parsePacket(): could not receive data: 9
[ 57446][E][WiFiUdp.cpp:221] parsePacket(): could not receive data: 9
[ 57453][E][WiFiUdp.cpp:221] parsePacket(): could not receive data: 9
[ 57460][E][WiFiUdp.cpp:221] parsePacket(): could not receive data: 9
[ 57467][E][WiFiUdp.cpp:221] parsePacket(): could not receive data: 9
[ 57474][E][WiFiUdp.cpp:221] parsePacket(): could not receive data: 9
[ 57481][E][WiFiUdp.cpp:221] parsePacket(): could not receive data: 9
[ 57488][E][WiFiUdp.cpp:221] parsePacket(): could not receive data: 9
[ 57495][E][WiFiUdp.cpp:221] parsePacket(): could not receive data: 9
[ 57502][E][WiFiUdp.cpp:221] parsePacket(): could not receive data: 9
[ 57509][E][WiFiUdp.cpp:221] parsePacket(): could not receive data: 9
[ 57516][E][WiFiUdp.cpp:221] parsePacket(): could not receive data: 9
[ 57523][E][WiFiUdp.cpp:221] parsePacket(): could not receive data: 9
[ 57530][E][WiFiUdp.cpp:221] parsePacket(): could not receive data: 9
[ 57537][E][WiFiUdp.cpp:221] parsePacket(): could not receive data: 9
[ 57544][E][WiFiUdp.cpp:221] parsePacket(): could not receive data: 9
[ 57551][E][WiFiUdp.cpp:221] parsePacket(): could not receive data: 9
[ 57558][E][WiFiUdp.cpp:221] parsePacket(): could not receive data: 9
[ 57565][E][WiFiUdp.cpp:221] parsePacket(): could not receive data: 9
[ 57572][E][WiFiUdp.cpp:221] parsePacket(): could not receive data: 9
[ 57579][E][WiFiUdp.cpp:221] parsePacket(): could not receive data: 9
[ 57586][E][WiFiUdp.cpp:221] parsePacket(): could not receive data: 9
[ 57593][E][WiFiUdp.cpp:221] parsePacket(): could not receive data: 9
[ 57600][E][WiFiUdp.cpp:221] parsePacket(): could not receive data: 9
[ 57607][E][WiFiUdp.cpp:221] parsePacket(): could not receive data: 9
[ 57614][E][WiFiUdp.cpp:221] parsePacket(): could not receive data: 9
[ 57621][E][WiFiUdp.cpp:221] parsePacket(): could not receive data: 9
[ 57628][E][WiFiUdp.cpp:221] parsePacket(): could not receive data: 9
[ 57635][E][WiFiUdp.cpp:221] parsePacket(): could not receive data: 9
[ 57642][E][WiFiUdp.cpp:221] parsePacket(): could not receive data: 9
[ 57649][E][WiFiUdp.cpp:221] parsePacket(): could not receive data: 9
[ 57656][E][WiFiUdp.cpp:221] parsePacket(): could not receive data: 9
[ 57663][E][WiFiUdp.cpp:221] parsePacket(): could not receive data: 9
[ 57670][E][WiFiUdp.cpp:221] parsePacket(): could not receive data: 9
[ 57678][E][WiFiUdp.cpp:221] parsePacket(): could not receive data: 9
[ 57685][E][WiFiUdp.cpp:221] parsePacket(): could not receive data: 9
[ 57692][E][WiFiUdp.cpp:221] parsePacket(): could not receive data: 9
[ 57699][E][WiFiUdp.cpp:221] parsePacket(): could not receive data: 9
[ 57706][E][WiFiUdp.cpp:221] parsePacket(): could not receive data: 9
[ 57713][E][WiFiUdp.cpp:221] parsePacket(): could not receive data: 9
[ 57720][E][WiFiUdp.cpp:221] parsePacket(): could not receive data: 9
[ 57727][E][WiFiUdp.cpp:221] parsePacket(): could not receive data: 9
[ 57734][E][WiFiUdp.cpp:221] parsePacket(): could not receive data: 9
[ 57740][E][WiFiUdp.cpp:221] parsePacket(): could not receive data: 9
[ 57747][E][WiFiUdp.cpp:221] parsePacket(): could not receive data: 9
[ 57753][E][WiFiUdp.cpp:221] parsePacket(): could not receive data: 9
[ 57759][E][WiFiUdp.cpp:221] parsePacket(): could not receive data: 9
[ 57766][E][WiFiUdp.cpp:221] parsePacket(): could not receive data: 9
[ 57775][E][WiFiUdp.cpp:221] parsePacket(): could not receive data: 9
[ 57783][E][WiFiUdp.cpp:221] parsePacket(): could not receive data: 9
[ 57791][E][WiFiUdp.cpp:221] parsePacket(): could not receive data: 9
[ 57799][E][WiFiUdp.cpp:221] parsePacket(): could not receive data: 9
[ 57805][E][WiFiUdp.cpp:221] parsePacket(): could not receive data: 9
[ 57812][E][WiFiUdp.cpp:221] parsePacket(): could not receive data: 9
[ 57819][E][WiFiUdp.cpp:221] parsePacket(): could not receive data: 9
[ 57826][E][WiFiUdp.cpp:221] parsePacket(): could not receive data: 9
[ 57832][E][WiFiUdp.cpp:221] parsePacket(): could not receive data: 9
[ 57839][E][WiFiUdp.cpp:221] parsePacket(): could not receive data: 9
[ 57846][E][WiFiUdp.cpp:221] parsePacket(): could not receive data: 9
[ 57853][E][WiFiUdp.cpp:221] parsePacket(): could not receive data: 9
[ 57860][E][WiFiUdp.cpp:221] parsePacket(): could not receive data: 9
[ 57867][E][WiFiUdp.cpp:221] parsePacket(): could not receive data: 9
[ 57876][E][WiFiUdp.cpp:221] parsePacket(): could not receive data: 9
[ 57883][E][WiFiUdp.cpp:221] parsePacket(): could not receive data: 9
[ 57890][E][WiFiUdp.cpp:221] parsePacket(): could not receive data: 9
[ 57897][E][WiFiUdp.cpp:221] parsePacket(): could not receive data: 9
[ 57904][E][WiFiUdp.cpp:221] parsePacket(): could not receive data: 9
[ 57911][E][WiFiUdp.cpp:221] parsePacket(): could not receive data: 9
[ 57917][E][WiFiUdp.cpp:221] parsePacket(): could not receive data: 9
[ 57923][E][WiFiUdp.cpp:221] parsePacket(): could not receive data: 9
[ 57929][E][WiFiUdp.cpp:221] parsePacket(): could not receive data: 9
[ 57936][E][WiFiUdp.cpp:221] parsePacket(): could not receive data: 9
[ 57943][E][WiFiUdp.cpp:221] parsePacket(): could not receive data: 9
[ 57950][E][WiFiUdp.cpp:221] parsePacket(): could not receive data: 9
[ 57957][E][WiFiUdp.cpp:221] parsePacket(): could not receive data: 9
[ 57964][E][WiFiUdp.cpp:221] parsePacket(): could not receive data: 9
[ 57971][E][WiFiUdp.cpp:221] parsePacket(): could not receive data: 9
[ 57978][E][WiFiUdp.cpp:221] parsePacket(): could not receive data: 9
[ 57984][E][WiFiUdp.cpp:221] parsePacket(): could not receive data: 9
[ 57993][E][WiFiUdp.cpp:221] parsePacket(): could not receive data: 9
[ 58002][E][WiFiUdp.cpp:221] parsePacket(): could not receive data: 9
[ 58010][E][WiFiUdp.cpp:221] parsePacket(): could not receive data: 9
[ 58018][E][WiFiUdp.cpp:221] parsePacket(): could not receive data: 9
[ 58025][E][WiFiUdp.cpp:221] parsePacket(): could not receive data: 9
[ 58032][E][WiFiUdp.cpp:221] parsePacket(): could not receive data: 9
[ 58039][E][WiFiUdp.cpp:221] parsePacket(): could not receive data: 9
[ 58046][E][WiFiUdp.cpp:221] parsePacket(): could not receive data: 9
[ 58053][E][WiFiUdp.cpp:221] parsePacket(): could not receive data: 9
[ 58060][E][WiFiUdp.cpp:221] parsePacket(): could not receive data: 9
[ 58067][E][WiFiUdp.cpp:221] parsePacket(): could not receive data: 9
[ 58074][E][WiFiUdp.cpp:221] parsePacket(): could not receive data: 9
[ 58081][E][WiFiUdp.cpp:221] parsePacket(): could not receive data: 9
[ 58087][E][WiFiUdp.cpp:221] parsePacket(): could not receive data: 9
[ 58093][E][WiFiUdp.cpp:221] parsePacket(): could not receive data: 9
[ 58099][E][WiFiUdp.cpp:221] parsePacket(): could not receive data: 9
[ 58105][E][WiFiUdp.cpp:221] parsePacket(): could not receive data: 9
[ 58112][E][WiFiUdp.cpp:221] parsePacket(): could not receive data: 9
[ 58119][E][WiFiUdp.cpp:221] parsePacket(): could not receive data: 9
[ 58126][E][WiFiUdp.cpp:221] parsePacket(): could not receive data: 9
[ 58133][E][WiFiUdp.cpp:221] parsePacket(): could not receive data: 9
[ 58140][E][WiFiUdp.cpp:221] parsePacket(): could not receive data: 9
[ 58147][E][WiFiUdp.cpp:221] parsePacket(): could not receive data: 9
[ 58153][E][WiFiUdp.cpp:221] parsePacket(): could not receive data: 9
[ 58159][E][WiFiUdp.cpp:221] parsePacket(): could not receive data: 9
[ 58165][E][WiFiUdp.cpp:221] parsePacket(): could not receive data: 9
[ 58171][E][WiFiUdp.cpp:221] parsePacket(): could not receive data: 9
[ 58178][E][WiFiUdp.cpp:221] parsePacket(): could not receive data: 9
[ 58185][E][WiFiUdp.cpp:221] parsePacket(): could not receive data: 9
[ 58192][E][WiFiUdp.cpp:221] parsePacket(): could not receive data: 9
[ 58199][E][WiFiUdp.cpp:221] parsePacket(): could not receive data: 9
[ 58206][E][WiFiUdp.cpp:221] parsePacket(): could not receive data: 9
[ 58213][E][WiFiUdp.cpp:221] parsePacket(): could not receive data: 9
[ 58220][E][WiFiUdp.cpp:221] parsePacket(): could not receive data: 9
[ 58227][E][WiFiUdp.cpp:221] parsePacket(): could not receive data: 9
[ 58234][E][WiFiUdp.cpp:221] parsePacket(): could not receive data: 9
[ 58241][E][WiFiUdp.cpp:221] parsePacket(): could not receive data: 9
[ 58248][E][WiFiUdp.cpp:221] parsePacket(): could not receive data: 9
[ 58255][E][WiFiUdp.cpp:221] parsePacket(): could not receive data: 9
[ 58261][E][WiFiUdp.cpp:221] parsePacket(): could not receive data: 9
[ 58268][E][WiFiUdp.cpp:221] parsePacket(): could not receive data: 9
[ 58275][E][WiFiUdp.cpp:221] parsePacket(): could not receive data: 9
[ 58282][E][WiFiUdp.cpp:221] parsePacket(): could not receive data: 9
[ 58289][E][WiFiUdp.cpp:221] parsePacket(): could not receive data: 9
[ 58296][E][WiFiUdp.cpp:221] parsePacket(): could not receive data: 9
[ 58303][E][WiFiUdp.cpp:221] parsePacket(): could not receive data: 9
[ 58310][E][WiFiUdp.cpp:221] parsePacket(): could not receive data: 9
[ 58317][E][WiFiUdp.cpp:221] parsePacket(): could not receive data: 9
[ 58324][E][WiFiUdp.cpp:221] parsePacket(): could not receive data: 9
[ 58331][E][WiFiUdp.cpp:221] parsePacket(): could not receive data: 9
[ 58338][E][WiFiUdp.cpp:221] parsePacket(): could not receive data: 9
[ 58345][E][WiFiUdp.cpp:221] parsePacket(): could not receive data: 9
[ 58350][E][WiFiUdp.cpp:221] parsePacket(): could not receive data: 9
[ 58357][E][WiFiUdp.cpp:221] parsePacket(): could not receive data: 9
[ 58363][E][WiFiUdp.cpp:221] parsePacket(): could not receive data: 9
[ 58370][E][WiFiUdp.cpp:221] parsePacket(): could not receive data: 9
[ 58377][E][WiFiUdp.cpp:221] parsePacket(): could not receive data: 9
[ 58384][E][WiFiUdp.cpp:221] parsePacket(): could not receive data: 9
[ 58391][E][WiFiUdp.cpp:221] parsePacket(): could not receive data: 9
[ 58398][E][WiFiUdp.cpp:221] parsePacket(): could not receive data: 9
[ 58405][E][WiFiUdp.cpp:221] parsePacket(): could not receive data: 9
[ 58412][E][WiFiUdp.cpp:221] parsePacket(): could not receive data: 9
[ 58419][E][WiFiUdp.cpp:221] parsePacket(): could not receive data: 9
[ 58426][E][WiFiUdp.cpp:221] parsePacket(): could not receive data: 9
[ 58433][E][WiFiUdp.cpp:221] parsePacket(): could not receive data: 9
[ 58440][E][WiFiUdp.cpp:221] parsePacket(): could not receive data: 9
[ 58447][E][WiFiUdp.cpp:221] parsePacket(): could not receive data: 9
[ 58454][E][WiFiUdp.cpp:221] parsePacket(): could not receive data: 9
[ 58461][E][WiFiUdp.cpp:221] parsePacket(): could not receive data: 9
[ 58468][E][WiFiUdp.cpp:221] parsePacket(): could not receive data: 9
[ 58475][E][WiFiUdp.cpp:221] parsePacket(): could not receive data: 9
[ 58482][E][WiFiUdp.cpp:221] parsePacket(): could not receive data: 9
[ 58489][E][WiFiUdp.cpp:221] parsePacket(): could not receive data: 9
[ 58496][E][WiFiUdp.cpp:221] parsePacket(): could not receive data: 9
[ 58503][E][WiFiUdp.cpp:221] parsePacket(): could not receive data: 9
[ 58509][E][WiFiUdp.cpp:221] parsePacket(): could not receive data: 9
[ 58516][E][WiFiUdp.cpp:221] parsePacket(): could not receive data: 9
[ 58523][E][WiFiUdp.cpp:221] parsePacket(): could not receive data: 9
[ 58530][E][WiFiUdp.cpp:221] parsePacket(): could not receive data: 9
[ 58537][E][WiFiUdp.cpp:221] parsePacket(): could not receive data: 9
[ 58544][E][WiFiUdp.cpp:221] parsePacket(): could not receive data: 9
[ 58551][E][WiFiUdp.cpp:221] parsePacket(): could not receive data: 9
[ 58558][E][WiFiUdp.cpp:221] parsePacket(): could not receive data: 9
[ 58564][E][WiFiUdp.cpp:221] parsePacket(): could not receive data: 9
[ 58573][E][WiFiUdp.cpp:221] parsePacket(): could not receive data: 9
[ 58582][E][WiFiUdp.cpp:221] parsePacket(): could not receive data: 9
[ 58589][E][WiFiUdp.cpp:221] parsePacket(): could not receive data: 9
[ 58597][E][WiFiUdp.cpp:221] parsePacket(): could not receive data: 9
[ 58604][E][WiFiUdp.cpp:221] parsePacket(): could not receive data: 9
[ 58610][E][WiFiUdp.cpp:221] parsePacket(): could not receive data: 9
[ 58618][E][WiFiUdp.cpp:221] parsePacket(): could not receive data: 9
[ 58624][E][WiFiUdp.cpp:221] parsePacket(): could not receive data: 9
[ 58630][E][WiFiUdp.cpp:221] parsePacket(): could not receive data: 9
[ 58637][E][WiFiUdp.cpp:221] parsePacket(): could not receive data: 9
[ 58643][E][WiFiUdp.cpp:221] parsePacket(): could not receive data: 9
[ 58652][E][WiFiUdp.cpp:221] parsePacket(): could not receive data: 9
[ 58660][E][WiFiUdp.cpp:221] parsePacket(): could not receive data: 9
[ 58668][E][WiFiUdp.cpp:221] parsePacket(): could not receive data: 9
[ 58674][E][WiFiUdp.cpp:221] parsePacket(): could not receive data: 9
[ 58680][E][WiFiUdp.cpp:221] parsePacket(): could not receive data: 9
[ 58687][E][WiFiUdp.cpp:221] parsePacket(): could not receive data: 9
[ 58694][E][WiFiUdp.cpp:221] parsePacket(): could not receive data: 9
[ 58701][E][WiFiUdp.cpp:221] parsePacket(): could not receive data: 9
[ 58709][E][WiFiUdp.cpp:221] parsePacket(): could not receive data: 9
[ 58717][E][WiFiUdp.cpp:221] parsePacket(): could not receive data: 9
[ 58724][E][WiFiUdp.cpp:221] parsePacket(): could not receive data: 9
[ 58731][E][WiFiUdp.cpp:221] parsePacket(): could not receive data: 9
[ 58738][E][WiFiUdp.cpp:221] parsePacket(): could not receive data: 9
[ 58745][E][WiFiUdp.cpp:221] parsePacket(): could not receive data: 9
[ 58752][E][WiFiUdp.cpp:221] parsePacket(): could not receive data: 9
[ 58757][E][WiFiUdp.cpp:221] parsePacket(): could not receive data: 9
[ 58764][E][WiFiUdp.cpp:221] parsePacket(): could not receive data: 9
[ 58770][E][WiFiUdp.cpp:221] parsePacket(): could not receive data: 9
[ 58776][E][WiFiUdp.cpp:221] parsePacket(): could not receive data: 9
[ 58783][E][WiFiUdp.cpp:221] parsePacket(): could not receive data: 9
[ 58790][E][WiFiUdp.cpp:221] parsePacket(): could not receive data: 9
[ 58797][E][WiFiUdp.cpp:221] parsePacket(): could not receive data: 9
[ 58804][E][WiFiUdp.cpp:221] parsePacket(): could not receive data: 9
[ 58811][E][WiFiUdp.cpp:221] parsePacket(): could not receive data: 9
[ 58817][E][WiFiUdp.cpp:221] parsePacket(): could not receive data: 9
[ 58824][E][WiFiUdp.cpp:221] parsePacket(): could not receive data: 9
[ 58830][E][WiFiUdp.cpp:221] parsePacket(): could not receive data: 9
[ 58838][E][WiFiUdp.cpp:221] parsePacket(): could not receive data: 9
[ 58846][E][WiFiUdp.cpp:221] parsePacket(): could not receive data: 9
[ 58853][E][WiFiUdp.cpp:221] parsePacket(): could not receive data: 9
[ 58860][E][WiFiUdp.cpp:221] parsePacket(): could not receive data: 9
[ 58868][E][WiFiUdp.cpp:221] parsePacket(): could not receive data: 9
[ 58876][E][WiFiUdp.cpp:221] parsePacket(): could not receive data: 9
[ 58884][E][WiFiUdp.cpp:221] parsePacket(): could not receive data: 9
[ 58891][E][WiFiUdp.cpp:221] parsePacket(): could not receive data: 9
[ 58898][E][WiFiUdp.cpp:221] parsePacket(): could not receive data: 9
[ 58905][E][WiFiUdp.cpp:221] parsePacket(): could not receive data: 9
[ 58910][E][WiFiUdp.cpp:221] parsePacket(): could not receive data: 9
[ 58917][E][WiFiUdp.cpp:221] parsePacket(): could not receive data: 9
[ 58923][E][WiFiUdp.cpp:221] parsePacket(): could not receive data: 9
[ 58929][E][WiFiUdp.cpp:221] parsePacket(): could not receive data: 9
[ 58936][E][WiFiUdp.cpp:221] parsePacket(): could not receive data: 9
[ 58943][E][WiFiUdp.cpp:221] parsePacket(): could not receive data: 9
[ 58950][E][WiFiUdp.cpp:221] parsePacket(): could not receive data: 9
[ 58957][E][WiFiUdp.cpp:221] parsePacket(): could not receive data: 9
[ 58964][E][WiFiUdp.cpp:221] parsePacket(): could not receive data: 9
[ 58971][E][WiFiUdp.cpp:221] parsePacket(): could not receive data: 9
[ 58978][E][WiFiUdp.cpp:221] parsePacket(): could not receive data: 9
[ 58984][E][WiFiUdp.cpp:221] parsePacket(): could not receive data: 9
[ 58990][E][WiFiUdp.cpp:221] parsePacket(): could not receive data: 9
[ 58996][E][WiFiUdp.cpp:221] parsePacket(): could not receive data: 9
[ 59002][E][WiFiUdp.cpp:221] parsePacket(): could not receive data: 9
[ 59007][E][WiFiUdp.cpp:221] parsePacket(): could not receive data: 9
[ 59013][E][WiFiUdp.cpp:221] parsePacket(): could not receive data: 9
[ 59019][E][WiFiUdp.cpp:221] parsePacket(): could not receive data: 9
[ 59026][E][WiFiUdp.cpp:221] parsePacket(): could not receive data: 9
[ 59032][E][WiFiUdp.cpp:221] parsePacket(): could not receive data: 9
[ 59038][E][WiFiUdp.cpp:221] parsePacket(): could not receive data: 9
[ 59044][E][WiFiUdp.cpp:221] parsePacket(): could not receive data: 9
[ 59050][E][WiFiUdp.cpp:221] parsePacket(): could not receive data: 9
[ 59057][E][WiFiUdp.cpp:221] parsePacket(): could not receive data: 9
[ 59064][E][WiFiUdp.cpp:221] parsePacket(): could not receive data: 9
[ 59072][E][WiFiUdp.cpp:221] parsePacket(): could not receive data: 9
[ 59079][E][WiFiUdp.cpp:221] parsePacket(): could not receive data: 9
[ 59086][E][WiFiUdp.cpp:221] parsePacket(): could not receive data: 9
[ 59093][E][WiFiUdp.cpp:221] parsePacket(): could not receive data: 9
[ 59100][E][WiFiUdp.cpp:221] parsePacket(): could not receive data: 9
[ 59106][E][WiFiUdp.cpp:221] parsePacket(): could not receive data: 9
[ 59112][E][WiFiUdp.cpp:221] parsePacket(): could not receive data: 9
[ 59119][E][WiFiUdp.cpp:221] parsePacket(): could not receive data: 9
[ 59126][E][WiFiUdp.cpp:221] parsePacket(): could not receive data: 9
[ 59133][E][WiFiUdp.cpp:221] parsePacket(): could not receive data: 9
[ 59141][E][WiFiUdp.cpp:221] parsePacket(): could not receive data: 9
[ 59149][E][WiFiUdp.cpp:221] parsePacket(): could not receive data: 9
[ 59157][E][WiFiUdp.cpp:221] parsePacket(): could not receive data: 9
[ 59165][E][WiFiUdp.cpp:221] parsePacket(): could not receive data: 9
[ 59172][E][WiFiUdp.cpp:221] parsePacket(): could not receive data: 9
[ 59179][E][WiFiUdp.cpp:221] parsePacket(): could not receive data: 9
[ 59186][E][WiFiUdp.cpp:221] parsePacket(): could not receive data: 9
[ 59193][E][WiFiUdp.cpp:221] parsePacket(): could not receive data: 9
[ 59198][E][WiFiUdp.cpp:221] parsePacket(): could not receive data: 9
[ 59204][E][WiFiUdp.cpp:221] parsePacket(): could not receive data: 9
[ 59210][E][WiFiUdp.cpp:221] parsePacket(): could not receive data: 9
[ 59217][E][WiFiUdp.cpp:221] parsePacket(): could not receive data: 9
[ 59223][E][WiFiUdp.cpp:221] parsePacket(): could not receive data: 9
[ 59229][E][WiFiUdp.cpp:221] parsePacket(): could not receive data: 9
[ 59235][E][WiFiUdp.cpp:221] parsePacket(): could not receive data: 9
[ 59242][E][WiFiUdp.cpp:221] parsePacket(): could not receive data: 9
[ 59249][E][WiFiUdp.cpp:221] parsePacket(): could not receive data: 9
[ 59256][E][WiFiUdp.cpp:221] parsePacket(): could not receive data: 9
[ 59263][E][WiFiUdp.cpp:221] parsePacket(): could not receive data: 9
[ 59270][E][WiFiUdp.cpp:221] parsePacket(): could not receive data: 9
[ 59277][E][WiFiUdp.cpp:221] parsePacket(): could not receive data: 9
[ 59284][E][WiFiUdp.cpp:221] parsePacket(): could not receive data: 9
[ 59291][E][WiFiUdp.cpp:221] parsePacket(): could not receive data: 9
[ 59298][E][WiFiUdp.cpp:221] parsePacket(): could not receive data: 9
[ 59305][E][WiFiUdp.cpp:221] parsePacket(): could not receive data: 9
[ 59312][E][WiFiUdp.cpp:221] parsePacket(): could not receive data: 9
[ 59319][E][WiFiUdp.cpp:221] parsePacket(): could not receive data: 9
[ 59325][E][WiFiUdp.cpp:221] parsePacket(): could not receive data: 9
[ 59332][E][WiFiUdp.cpp:221] parsePacket(): could not receive data: 9
[ 59340][E][WiFiUdp.cpp:221] parsePacket(): could not receive data: 9
[ 59347][E][WiFiUdp.cpp:221] parsePacket(): could not receive data: 9
[ 59354][E][WiFiUdp.cpp:221] parsePacket(): could not receive data: 9
[ 59361][E][WiFiUdp.cpp:221] parsePacket(): could not receive data: 9
[ 59368][E][WiFiUdp.cpp:221] parsePacket(): could not receive data: 9
[ 59375][E][WiFiUdp.cpp:221] parsePacket(): could not receive data: 9
[ 59382][E][WiFiUdp.cpp:221] parsePacket(): could not receive data: 9
[ 59390][E][WiFiUdp.cpp:221] parsePacket(): could not receive data: 9
[ 59397][E][WiFiUdp.cpp:221] parsePacket(): could not receive data: 9
[ 59404][E][WiFiUdp.cpp:221] parsePacket(): could not receive data: 9
[ 59411][E][WiFiUdp.cpp:221] parsePacket(): could not receive data: 9
[ 59418][E][WiFiUdp.cpp:221] parsePacket(): could not receive data: 9
[ 59425][E][WiFiUdp.cpp:221] parsePacket(): could not receive data: 9
[ 59433][E][WiFiUdp.cpp:221] parsePacket(): could not receive data: 9
[ 59439][E][WiFiUdp.cpp:221] parsePacket(): could not receive data: 9
[ 59445][E][WiFiUdp.cpp:221] parsePacket(): could not receive data: 9
[ 59451][E][WiFiUdp.cpp:221] parsePacket(): could not receive data: 9
[ 59457][E][WiFiUdp.cpp:221] parsePacket(): could not receive data: 9
[ 59463][E][WiFiUdp.cpp:221] parsePacket(): could not receive data: 9
[ 59469][E][WiFiUdp.cpp:221] parsePacket(): could not receive data: 9
[ 59475][E][WiFiUdp.cpp:221] parsePacket(): could not receive data: 9
[ 59482][E][WiFiUdp.cpp:221] parsePacket(): could not receive data: 9
[ 59489][E][WiFiUdp.cpp:221] parsePacket(): could not receive data: 9
[ 59496][E][WiFiUdp.cpp:221] parsePacket(): could not receive data: 9
[ 59503][E][WiFiUdp.cpp:221] parsePacket(): could not receive data: 9
[ 59510][E][WiFiUdp.cpp:221] parsePacket(): could not receive data: 9
[ 59517][E][WiFiUdp.cpp:221] parsePacket(): could not receive data: 9
[ 59524][E][WiFiUdp.cpp:221] parsePacket(): could not receive data: 9
[ 59531][E][WiFiUdp.cpp:221] parsePacket(): could not receive data: 9
[ 59538][E][WiFiUdp.cpp:221] parsePacket(): could not receive data: 9
[ 59545][E][WiFiUdp.cpp:221] parsePacket(): could not receive data: 9
[ 59552][E][WiFiUdp.cpp:221] parsePacket(): could not receive data: 9
[ 59559][E][WiFiUdp.cpp:221] parsePacket(): could not receive data: 9
[ 59566][E][WiFiUdp.cpp:221] parsePacket(): could not receive data: 9
[ 59573][E][WiFiUdp.cpp:221] parsePacket(): could not receive data: 9
[ 59580][E][WiFiUdp.cpp:221] parsePacket(): could not receive data: 9
[ 59587][E][WiFiUdp.cpp:221] parsePacket(): could not receive data: 9
[ 59594][E][WiFiUdp.cpp:221] parsePacket(): could not receive data: 9
[ 59601][E][WiFiUdp.cpp:221] parsePacket(): could not receive data: 9
[ 59608][E][WiFiUdp.cpp:221] parsePacket(): could not receive data: 9
[ 59615][E][WiFiUdp.cpp:221] parsePacket(): could not receive data: 9
[ 59622][E][WiFiUdp.cpp:221] parsePacket(): could not receive data: 9
[ 59629][E][WiFiUdp.cpp:221] parsePacket(): could not receive data: 9
[ 59636][E][WiFiUdp.cpp:221] parsePacket(): could not receive data: 9
[ 59643][E][WiFiUdp.cpp:221] parsePacket(): could not receive data: 9
[ 59650][E][WiFiUdp.cpp:221] parsePacket(): could not receive data: 9
[ 59657][E][WiFiUdp.cpp:221] parsePacket(): could not receive data: 9
[ 59664][E][WiFiUdp.cpp:221] parsePacket(): could not receive data: 9
[ 59671][E][WiFiUdp.cpp:221] parsePacket(): could not receive data: 9
[ 59678][E][WiFiUdp.cpp:221] parsePacket(): could not receive data: 9
[ 59684][E][WiFiUdp.cpp:221] parsePacket(): could not receive data: 9
[ 59691][E][WiFiUdp.cpp:221] parsePacket(): could not receive data: 9
[ 59698][E][WiFiUdp.cpp:221] parsePacket(): could not receive data: 9
[ 59705][E][WiFiUdp.cpp:221] parsePacket(): could not receive data: 9
[ 59712][E][WiFiUdp.cpp:221] parsePacket(): could not receive data: 9
[ 59719][E][WiFiUdp.cpp:221] parsePacket(): could not receive data: 9
[ 59726][E][WiFiUdp.cpp:221] parsePacket(): could not receive data: 9
[ 59733][E][WiFiUdp.cpp:221] parsePacket(): could not receive data: 9
[ 59740][E][WiFiUdp.cpp:221] parsePacket(): could not receive data: 9
[ 59747][E][WiFiUdp.cpp:221] parsePacket(): could not receive data: 9
[ 59754][E][WiFiUdp.cpp:221] parsePacket(): could not receive data: 9
[ 59761][E][WiFiUdp.cpp:221] parsePacket(): could not receive data: 9
[ 59768][E][WiFiUdp.cpp:221] parsePacket(): could not receive data: 9
[ 59774][E][WiFiUdp.cpp:221] parsePacket(): could not receive data: 9
[ 59781][E][WiFiUdp.cpp:221] parsePacket(): could not receive data: 9
[ 59788][E][WiFiUdp.cpp:221] parsePacket(): could not receive data: 9
[ 59795][E][WiFiUdp.cpp:221] parsePacket(): could not receive data: 9
[ 59802][E][WiFiUdp.cpp:221] parsePacket(): could not receive data: 9
[ 59809][E][WiFiUdp.cpp:221] parsePacket(): could not receive data: 9
[ 59816][E][WiFiUdp.cpp:221] parsePacket(): could not receive data: 9
[ 59823][E][WiFiUdp.cpp:221] parsePacket(): could not receive data: 9
[ 59830][E][WiFiUdp.cpp:221] parsePacket(): could not receive data: 9
[ 59837][E][WiFiUdp.cpp:221] parsePacket(): could not receive data: 9
[ 59844][E][WiFiUdp.cpp:221] parsePacket(): could not receive data: 9
[ 59851][E][WiFiUdp.cpp:221] parsePacket(): could not receive data: 9
[ 59858][E][WiFiUdp.cpp:221] parsePacket(): could not receive data: 9
[ 59865][E][WiFiUdp.cpp:221] parsePacket(): could not receive data: 9
[ 59872][E][WiFiUdp.cpp:221] parsePacket(): could not receive data: 9
[ 59879][E][WiFiUdp.cpp:221] parsePacket(): could not receive data: 9
[ 59885][E][WiFiUdp.cpp:221] parsePacket(): could not receive data: 9
[ 59894][E][WiFiUdp.cpp:221] parsePacket(): could not receive data: 9
[ 59902][E][WiFiUdp.cpp:221] parsePacket(): could not receive data: 9
[ 59910][E][WiFiUdp.cpp:221] parsePacket(): could not receive data: 9
[ 59917][E][WiFiUdp.cpp:221] parsePacket(): could not receive data: 9
[ 59923][E][WiFiUdp.cpp:221] parsePacket(): could not receive data: 9
[ 59929][E][WiFiUdp.cpp:221] parsePacket(): could not receive data: 9
[ 59936][E][WiFiUdp.cpp:221] parsePacket(): could not receive data: 9
[ 59943][E][WiFiUdp.cpp:221] parsePacket(): could not receive data: 9
[ 59950][E][WiFiUdp.cpp:221] parsePacket(): could not receive data: 9
[ 59957][E][WiFiUdp.cpp:221] parsePacket(): could not receive data: 9
[ 59964][E][WiFiUdp.cpp:221] parsePacket(): could not receive data: 9
[ 59971][E][WiFiUdp.cpp:221] parsePacket(): could not receive data: 9
[ 59978][E][WiFiUdp.cpp:221] parsePacket(): could not receive data: 9
[ 59985][E][WiFiUdp.cpp:221] parsePacket(): could not receive data: 9
[ 59992][E][WiFiUdp.cpp:221] parsePacket(): could not receive data: 9
[ 59999][E][WiFiUdp.cpp:221] parsePacket(): could not receive data: 9
[ 60005][E][WiFiUdp.cpp:221] parsePacket(): could not receive data: 9
[ 60012][E][WiFiUdp.cpp:221] parsePacket(): could not receive data: 9
[ 60019][E][WiFiUdp.cpp:221] parsePacket(): could not receive data: 9
[ 60026][E][WiFiUdp.cpp:221] parsePacket(): could not receive data: 9
[ 60033][E][WiFiUdp.cpp:221] parsePacket(): could not receive data: 9
[ 60040][E][WiFiUdp.cpp:221] parsePacket(): could not receive data: 9
[ 60047][E][WiFiUdp.cpp:221] parsePacket(): could not receive data: 9
[ 60054][E][WiFiUdp.cpp:221] parsePacket(): could not receive data: 9
[ 60061][E][WiFiUdp.cpp:221] parsePacket(): could not receive data: 9
[ 60067][E][WiFiUdp.cpp:221] parsePacket(): could not receive data: 9
[ 60073][E][WiFiUdp.cpp:221] parsePacket(): could not receive data: 9
[ 60079][E][WiFiUdp.cpp:221] parsePacket(): could not receive data: 9
[ 60085][E][WiFiUdp.cpp:221] parsePacket(): could not receive data: 9
[ 60092][E][WiFiUdp.cpp:221] parsePacket(): could not receive data: 9
[ 60098][E][WiFiUdp.cpp:221] parsePacket(): could not receive data: 9
[ 60104][E][WiFiUdp.cpp:221] parsePacket(): could not receive data: 9
[ 60111][E][WiFiUdp.cpp:221] parsePacket(): could not receive data: 9
[ 60118][E][WiFiUdp.cpp:221] parsePacket(): could not receive data: 9
[ 60124][E][WiFiUdp.cpp:221] parsePacket(): could not receive data: 9
[ 60130][E][WiFiUdp.cpp:221] parsePacket(): could not receive data: 9
[ 60135][E][WiFiUdp.cpp:221] parsePacket(): could not receive data: 9
[ 60141][E][WiFiUdp.cpp:221] parsePacket(): could not receive data: 9
[ 60148][E][WiFiUdp.cpp:221] parsePacket(): could not receive data: 9
[ 60154][E][WiFiUdp.cpp:221] parsePacket(): could not receive data: 9
[ 60161][E][WiFiUdp.cpp:221] parsePacket(): could not receive data: 9
[ 60168][E][WiFiUdp.cpp:221] parsePacket(): could not receive data: 9
[ 60175][E][WiFiUdp.cpp:221] parsePacket(): could not receive data: 9
[ 60182][E][WiFiUdp.cpp:221] parsePacket(): could not receive data: 9
[ 60189][E][WiFiUdp.cpp:221] parsePacket(): could not receive data: 9
[ 60196][E][WiFiUdp.cpp:221] parsePacket(): could not receive data: 9
[ 60203][E][WiFiUdp.cpp:221] parsePacket(): could not receive data: 9
[ 60210][E][WiFiUdp.cpp:221] parsePacket(): could not receive data: 9
[ 60217][E][WiFiUdp.cpp:221] parsePacket(): could not receive data: 9
[ 60224][E][WiFiUdp.cpp:221] parsePacket(): could not receive data: 9
[ 60231][E][WiFiUdp.cpp:221] parsePacket(): could not receive data: 9
[ 60238][E][WiFiUdp.cpp:221] parsePacket(): could not receive data: 9
[ 60245][E][WiFiUdp.cpp:221] parsePacket(): could not receive data: 9
[ 60252][E][WiFiUdp.cpp:221] parsePacket(): could not receive data: 9
[ 60259][E][WiFiUdp.cpp:221] parsePacket(): could not receive data: 9
[ 60265][E][WiFiUdp.cpp:221] parsePacket(): could not receive data: 9
[ 60272][E][WiFiUdp.cpp:221] parsePacket(): could not receive data: 9
[ 60279][E][WiFiUdp.cpp:221] parsePacket(): could not receive data: 9
[ 60285][E][WiFiUdp.cpp:221] parsePacket(): could not receive data: 9
[ 60291][E][WiFiUdp.cpp:221] parsePacket(): could not receive data: 9
[ 60298][E][WiFiUdp.cpp:221] parsePacket(): could not receive data: 9
[ 60305][E][WiFiUdp.cpp:221] parsePacket(): could not receive data: 9
[ 60313][E][WiFiUdp.cpp:221] parsePacket(): could not receive data: 9
[ 60320][E][WiFiUdp.cpp:221] parsePacket(): could not receive data: 9
[ 60329][E][WiFiUdp.cpp:221] parsePacket(): could not receive data: 9
[ 60335][E][WiFiUdp.cpp:221] parsePacket(): could not receive data: 9
[ 60342][E][WiFiUdp.cpp:221] parsePacket(): could not receive data: 9
[ 60349][E][WiFiUdp.cpp:221] parsePacket(): could not receive data: 9
[ 60356][E][WiFiUdp.cpp:221] parsePacket(): could not receive data: 9
[ 60363][E][WiFiUdp.cpp:221] parsePacket(): could not receive data: 9
[ 60370][E][WiFiUdp.cpp:221] parsePacket(): could not receive data: 9
[ 60377][E][WiFiUdp.cpp:221] parsePacket(): could not receive data: 9
[ 60385][E][WiFiUdp.cpp:221] parsePacket(): could not receive data: 9
[ 60393][E][WiFiUdp.cpp:221] parsePacket(): could not receive data: 9
[ 60401][E][WiFiUdp.cpp:221] parsePacket(): could not receive data: 9
[ 60408][E][WiFiUdp.cpp:221] parsePacket(): could not receive data: 9
[ 60416][E][WiFiUdp.cpp:221] parsePacket(): could not receive data: 9
[ 60424][E][WiFiUdp.cpp:221] parsePacket(): could not receive data: 9
[ 60432][E][WiFiUdp.cpp:221] parsePacket(): could not receive data: 9
[ 60439][E][WiFiUdp.cpp:221] parsePacket(): could not receive data: 9
[ 60446][E][WiFiUdp.cpp:221] parsePacket(): could not receive data: 9
[ 60453][E][WiFiUdp.cpp:221] parsePacket(): could not receive data: 9
[ 60460][E][WiFiUdp.cpp:221] parsePacket(): could not receive data: 9
[ 60467][E][WiFiUdp.cpp:221] parsePacket(): could not receive data: 9
[ 60474][E][WiFiUdp.cpp:221] parsePacket(): could not receive data: 9
[ 60481][E][WiFiUdp.cpp:221] parsePacket(): could not receive data: 9
[ 60488][E][WiFiUdp.cpp:221] parsePacket(): could not receive data: 9
[ 60495][E][WiFiUdp.cpp:221] parsePacket(): could not receive data: 9
[ 60502][E][WiFiUdp.cpp:221] parsePacket(): could not receive data: 9
[ 60509][E][WiFiUdp.cpp:221] parsePacket(): could not receive data: 9
[ 60516][E][WiFiUdp.cpp:221] parsePacket(): could not receive data: 9
[ 60523][E][WiFiUdp.cpp:221] parsePacket(): could not receive data: 9
[ 60530][E][WiFiUdp.cpp:221] parsePacket(): could not receive data: 9
[ 60538][E][WiFiUdp.cpp:221] parsePacket(): could not receive data: 9
[ 60545][E][WiFiUdp.cpp:221] parsePacket(): could not receive data: 9
[ 60553][E][WiFiUdp.cpp:221] parsePacket(): could not receive data: 9
[ 60560][E][WiFiUdp.cpp:221] parsePacket(): could not receive data: 9
[ 60567][E][WiFiUdp.cpp:221] parsePacket(): could not receive data: 9
[ 60574][E][WiFiUdp.cpp:221] parsePacket(): could not receive data: 9
[ 60581][E][WiFiUdp.cpp:221] parsePacket(): could not receive data: 9
[ 60588][E][WiFiUdp.cpp:221] parsePacket(): could not receive data: 9
[ 60595][E][WiFiUdp.cpp:221] parsePacket(): could not receive data: 9
[ 60602][E][WiFiUdp.cpp:221] parsePacket(): could not receive data: 9
[ 60609][E][WiFiUdp.cpp:221] parsePacket(): could not receive data: 9
[ 60616][E][WiFiUdp.cpp:221] parsePacket(): could not receive data: 9
[ 60623][E][WiFiUdp.cpp:221] parsePacket(): could not receive data: 9
[ 60630][E][WiFiUdp.cpp:221] parsePacket(): could not receive data: 9
[ 60638][E][WiFiUdp.cpp:221] parsePacket(): could not receive data: 9
[ 60647][E][WiFiUdp.cpp:221] parsePacket(): could not receive data: 9
[ 60656][E][WiFiUdp.cpp:221] parsePacket(): could not receive data: 9
[ 60665][E][WiFiUdp.cpp:221] parsePacket(): could not receive data: 9
[ 60673][E][WiFiUdp.cpp:221] parsePacket(): could not receive data: 9
[ 60681][E][WiFiUdp.cpp:221] parsePacket(): could not receive data: 9
[ 60688][E][WiFiUdp.cpp:221] parsePacket(): could not receive data: 9
[ 60695][E][WiFiUdp.cpp:221] parsePacket(): could not receive data: 9
[ 60702][E][WiFiUdp.cpp:221] parsePacket(): could not receive data: 9
[ 60709][E][WiFiUdp.cpp:221] parsePacket(): could not receive data: 9
[ 60716][E][WiFiUdp.cpp:221] parsePacket(): could not receive data: 9
[ 60723][E][WiFiUdp.cpp:221] parsePacket(): could not receive data: 9
[ 60730][E][WiFiUdp.cpp:221] parsePacket(): could not receive data: 9
[ 60736][E][WiFiUdp.cpp:221] parsePacket(): could not receive data: 9
[ 60742][E][WiFiUdp.cpp:221] parsePacket(): could not receive data: 9
[ 60749][E][WiFiUdp.cpp:221] parsePacket(): could not receive data: 9
[ 60756][E][WiFiUdp.cpp:221] parsePacket(): could not receive data: 9
[ 60763][E][WiFiUdp.cpp:221] parsePacket(): could not receive data: 9
[ 60770][E][WiFiUdp.cpp:221] parsePacket(): could not receive data: 9
[ 60777][E][WiFiUdp.cpp:221] parsePacket(): could not receive data: 9
[ 60784][E][WiFiUdp.cpp:221] parsePacket(): could not receive data: 9
[ 60792][E][WiFiUdp.cpp:221] parsePacket(): could not receive data: 9
[ 60799][E][WiFiUdp.cpp:221] parsePacket(): could not receive data: 9
[ 60806][E][WiFiUdp.cpp:221] parsePacket(): could not receive data: 9
[ 60813][E][WiFiUdp.cpp:221] parsePacket(): could not receive data: 9
[ 60820][E][WiFiUdp.cpp:221] parsePacket(): could not receive data: 9
[ 60826][E][WiFiUdp.cpp:221] parsePacket(): could not receive data: 9
[ 60832][E][WiFiUdp.cpp:221] parsePacket(): could not receive data: 9
[ 60838][E][WiFiUdp.cpp:221] parsePacket(): could not receive data: 9
[ 60844][E][WiFiUdp.cpp:221] parsePacket(): could not receive data: 9
[ 60850][E][WiFiUdp.cpp:221] parsePacket(): could not receive data: 9
[ 60856][E][WiFiUdp.cpp:221] parsePacket(): could not receive data: 9
[ 60862][E][WiFiUdp.cpp:221] parsePacket(): could not receive data: 9
[ 60868][E][WiFiUdp.cpp:221] parsePacket(): could not receive data: 9
[ 60874][E][WiFiUdp.cpp:221] parsePacket(): could not receive data: 9
[ 60880][E][WiFiUdp.cpp:221] parsePacket(): could not receive data: 9
[ 60885][E][WiFiUdp.cpp:221] parsePacket(): could not receive data: 9
[ 60891][E][WiFiUdp.cpp:221] parsePacket(): could not receive data: 9
[ 60898][E][WiFiUdp.cpp:221] parsePacket(): could not receive data: 9
[ 60904][E][WiFiUdp.cpp:221] parsePacket(): could not receive data: 9
[ 60910][E][WiFiUdp.cpp:221] parsePacket(): could not receive data: 9
[ 60916][E][WiFiUdp.cpp:221] parsePacket(): could not receive data: 9
[ 60922][E][WiFiUdp.cpp:221] parsePacket(): could not receive data: 9
[ 60929][E][WiFiUdp.cpp:221] parsePacket(): could not receive data: 9
[ 60934][E][WiFiUdp.cpp:221] parsePacket(): could not receive data: 9
[ 60941][E][WiFiUdp.cpp:221] parsePacket(): could not receive data: 9
[ 60946][E][WiFiUdp.cpp:221] parsePacket(): could not receive data: 9
[ 60953][E][WiFiUdp.cpp:221] parsePacket(): could not receive data: 9
[ 60959][E][WiFiUdp.cpp:221] parsePacket(): could not receive data: 9
[ 60965][E][WiFiUdp.cpp:221] parsePacket(): could not receive data: 9
[ 60970][E][WiFiUdp.cpp:221] parsePacket(): could not receive data: 9
[ 60977][E][WiFiUdp.cpp:221] parsePacket(): could not receive data: 9
[ 60982][E][WiFiUdp.cpp:221] parsePacket(): could not receive data: 9
[ 60988][E][WiFiUdp.cpp:221] parsePacket(): could not receive data: 9
[ 60994][E][WiFiUdp.cpp:221] parsePacket(): could not receive data: 9
[ 61001][E][WiFiUdp.cpp:221] parsePacket(): could not receive data: 9
[ 61007][E][WiFiUdp.cpp:221] parsePacket(): could not receive data: 9
[ 61013][E][WiFiUdp.cpp:221] parsePacket(): could not receive data: 9
[ 61019][E][WiFiUdp.cpp:221] parsePacket(): could not receive data: 9
[ 61025][E][WiFiUdp.cpp:221] parsePacket(): could not receive data: 9
[ 61030][E][WiFiUdp.cpp:221] parsePacket(): could not receive data: 9
[ 61037][E][WiFiUdp.cpp:221] parsePacket(): could not receive data: 9
[ 61043][E][WiFiUdp.cpp:221] parsePacket(): could not receive data: 9
[ 61049][E][WiFiUdp.cpp:221] parsePacket(): could not receive data: 9
[ 61055][E][WiFiUdp.cpp:221] parsePacket(): could not receive data: 9
[ 61061][E][WiFiUdp.cpp:221] parsePacket(): could not receive data: 9
[ 61067][E][WiFiUdp.cpp:221] parsePacket(): could not receive data: 9
[ 61073][E][WiFiUdp.cpp:221] parsePacket(): could not receive data: 9
[ 61079][E][WiFiUdp.cpp:221] parsePacket(): could not receive data: 9
[ 61085][E][WiFiUdp.cpp:221] parsePacket(): could not receive data: 9
[ 61091][E][WiFiUdp.cpp:221] parsePacket(): could not receive data: 9
[ 61097][E][WiFiUdp.cpp:221] parsePacket(): could not receive data: 9
[ 61103][E][WiFiUdp.cpp:221] parsePacket(): could not receive data: 9
[ 61109][E][WiFiUdp.cpp:221] parsePacket(): could not receive data: 9
[ 61115][E][WiFiUdp.cpp:221] parsePacket(): could not receive data: 9
[ 61121][E][WiFiUdp.cpp:221] parsePacket(): could not receive data: 9
[ 61127][E][WiFiUdp.cpp:221] parsePacket(): could not receive data: 9
[ 61133][E][WiFiUdp.cpp:221] parsePacket(): could not receive data: 9
[ 61139][E][WiFiUdp.cpp:221] parsePacket(): could not receive data: 9
[ 61145][E][WiFiUdp.cpp:221] parsePacket(): could not receive data: 9
[ 61151][E][WiFiUdp.cpp:221] parsePacket(): could not receive data: 9
[ 61157][E][WiFiUdp.cpp:221] parsePacket(): could not receive data: 9
[ 61163][E][WiFiUdp.cpp:221] parsePacket(): could not receive data: 9
[ 61168][E][WiFiUdp.cpp:221] parsePacket(): could not receive data: 9
[ 61173][E][WiFiUdp.cpp:221] parsePacket(): could not receive data: 9
[ 61178][E][WiFiUdp.cpp:221] parsePacket(): could not receive data: 9
[ 61184][E][WiFiUdp.cpp:221] parsePacket(): could not receive data: 9
[ 61190][E][WiFiUdp.cpp:221] parsePacket(): could not receive data: 9
[ 61196][E][WiFiUdp.cpp:221] parsePacket(): could not receive data: 9
[ 61202][E][WiFiUdp.cpp:221] parsePacket(): could not receive data: 9
[ 61208][E][WiFiUdp.cpp:221] parsePacket(): could not receive data: 9
[ 61213][E][WiFiUdp.cpp:221] parsePacket(): could not receive data: 9
[ 61220][E][WiFiUdp.cpp:221] parsePacket(): could not receive data: 9
[ 61226][E][WiFiUdp.cpp:221] parsePacket(): could not receive data: 9
[ 61231][E][WiFiUdp.cpp:221] parsePacket(): could not receive data: 9
[ 61238][E][WiFiUdp.cpp:221] parsePacket(): could not receive data: 9
[ 61244][E][WiFiUdp.cpp:221] parsePacket(): could not receive data: 9
[ 61250][E][WiFiUdp.cpp:221] parsePacket(): could not receive data: 9
[ 61256][E][WiFiUdp.cpp:221] parsePacket(): could not receive data: 9
[ 61261][E][WiFiUdp.cpp:221] parsePacket(): could not receive data: 9
[ 61267][E][WiFiUdp.cpp:221] parsePacket(): could not receive data: 9
[ 61273][E][WiFiUdp.cpp:221] parsePacket(): could not receive data: 9
[ 61279][E][WiFiUdp.cpp:221] parsePacket(): could not receive data: 9
[ 61286][E][WiFiUdp.cpp:221] parsePacket(): could not receive data: 9
[ 61291][E][WiFiUdp.cpp:221] parsePacket(): could not receive data: 9
[ 61298][E][WiFiUdp.cpp:221] parsePacket(): could not receive data: 9
[ 61303][E][WiFiUdp.cpp:221] parsePacket(): could not receive data: 9
[ 61310][E][WiFiUdp.cpp:221] parsePacket(): could not receive data: 9
[ 61316][E][WiFiUdp.cpp:221] parsePacket(): could not receive data: 9
[ 61321][E][WiFiUdp.cpp:221] parsePacket(): could not receive data: 9
[ 61327][E][WiFiUdp.cpp:221] parsePacket(): could not receive data: 9
[ 61333][E][WiFiUdp.cpp:221] parsePacket(): could not receive data: 9
[ 61339][E][WiFiUdp.cpp:221] parsePacket(): could not receive data: 9
[ 61345][E][WiFiUdp.cpp:221] parsePacket(): could not receive data: 9
[ 61351][E][WiFiUdp.cpp:221] parsePacket(): could not receive data: 9
[ 61358][E][WiFiUdp.cpp:221] parsePacket(): could not receive data: 9
[ 61363][E][WiFiUdp.cpp:221] parsePacket(): could not receive data: 9
[ 61369][E][WiFiUdp.cpp:221] parsePacket(): could not receive data: 9
[ 61375][E][WiFiUdp.cpp:221] parsePacket(): could not receive data: 9
[ 61382][E][WiFiUdp.cpp:221] parsePacket(): could not receive data: 9
[ 61387][E][WiFiUdp.cpp:221] parsePacket(): could not receive data: 9
[ 61393][E][WiFiUdp.cpp:221] parsePacket(): could not receive data: 9
[ 61399][E][WiFiUdp.cpp:221] parsePacket(): could not receive data: 9
[ 61405][E][WiFiUdp.cpp:221] parsePacket(): could not receive data: 9
[ 61411][E][WiFiUdp.cpp:221] parsePacket(): could not receive data: 9
[ 61418][E][WiFiUdp.cpp:221] parsePacket(): could not receive data: 9
[ 61423][E][WiFiUdp.cpp:221] parsePacket(): could not receive data: 9
[ 61429][E][WiFiUdp.cpp:221] parsePacket(): could not receive data: 9
[ 61435][E][WiFiUdp.cpp:221] parsePacket(): could not receive data: 9
[ 61442][E][WiFiUdp.cpp:221] parsePacket(): could not receive data: 9
[ 61447][E][WiFiUdp.cpp:221] parsePacket(): could not receive data: 9
[ 61454][E][WiFiUdp.cpp:221] parsePacket(): could not receive data: 9
[ 61460][E][WiFiUdp.cpp:221] parsePacket(): could not receive data: 9
[ 61466][E][WiFiUdp.cpp:221] parsePacket(): could not receive data: 9
[ 61471][E][WiFiUdp.cpp:221] parsePacket(): could not receive data: 9
[ 61477][E][WiFiUdp.cpp:221] parsePacket(): could not receive data: 9
[ 61484][E][WiFiUdp.cpp:221] parsePacket(): could not receive data: 9
[ 61489][E][WiFiUdp.cpp:221] parsePacket(): could not receive data: 9
[ 61495][E][WiFiUdp.cpp:221] parsePacket(): could not receive data: 9
[ 61501][E][WiFiUdp.cpp:221] parsePacket(): could not receive data: 9
[ 61507][E][WiFiUdp.cpp:221] parsePacket(): could not receive data: 9
[ 61514][E][WiFiUdp.cpp:221] parsePacket(): could not receive data: 9
[ 61519][E][WiFiUdp.cpp:221] parsePacket(): could not receive data: 9
[ 61525][E][WiFiUdp.cpp:221] parsePacket(): could not receive data: 9
[ 61532][E][WiFiUdp.cpp:221] parsePacket(): could not receive data: 9
[ 61538][E][WiFiUdp.cpp:221] parsePacket(): could not receive data: 9
[ 61544][E][WiFiUdp.cpp:221] parsePacket(): could not receive data: 9
[ 61550][E][WiFiUdp.cpp:221] parsePacket(): could not receive data: 9
[ 61556][E][WiFiUdp.cpp:221] parsePacket(): could not receive data: 9
[ 61562][E][WiFiUdp.cpp:221] parsePacket(): could not receive data: 9
[ 61568][E][WiFiUdp.cpp:221] parsePacket(): could not receive data: 9
[ 61574][E][WiFiUdp.cpp:221] parsePacket(): could not receive data: 9
[ 61580][E][WiFiUdp.cpp:221] parsePacket(): could not receive data: 9
[ 61586][E][WiFiUdp.cpp:221] parsePacket(): could not receive data: 9
[ 61592][E][WiFiUdp.cpp:221] parsePacket(): could not receive data: 9
[ 61597][E][WiFiUdp.cpp:221] parsePacket(): could not receive data: 9
[ 61604][E][WiFiUdp.cpp:221] parsePacket(): could not receive data: 9
[ 61610][E][WiFiUdp.cpp:221] parsePacket(): could not receive data: 9
[ 61615][E][WiFiUdp.cpp:221] parsePacket(): could not receive data: 9
[ 61621][E][WiFiUdp.cpp:221] parsePacket(): could not receive data: 9
[ 61627][E][WiFiUdp.cpp:221] parsePacket(): could not receive data: 9
[ 61634][E][WiFiUdp.cpp:221] parsePacket(): could not receive data: 9
[ 61640][E][WiFiUdp.cpp:221] parsePacket(): could not receive data: 9
[ 61646][E][WiFiUdp.cpp:221] parsePacket(): could not receive data: 9
[ 61652][E][WiFiUdp.cpp:221] parsePacket(): could not receive data: 9
[ 61658][E][WiFiUdp.cpp:221] parsePacket(): could not receive data: 9
[ 61664][E][WiFiUdp.cpp:221] parsePacket(): could not receive data: 9
[ 61669][E][WiFiUdp.cpp:221] parsePacket(): could not receive data: 9
[ 61676][E][WiFiUdp.cpp:221] parsePacket(): could not receive data: 9
[ 61682][E][WiFiUdp.cpp:221] parsePacket(): could not receive data: 9
[ 61688][E][WiFiUdp.cpp:221] parsePacket(): could not receive data: 9
[ 61694][E][WiFiUdp.cpp:221] parsePacket(): could not receive data: 9
[ 61699][E][WiFiUdp.cpp:221] parsePacket(): could not receive data: 9
[ 61706][E][WiFiUdp.cpp:221] parsePacket(): could not receive data: 9
[ 61712][E][WiFiUdp.cpp:221] parsePacket(): could not receive data: 9
[ 61718][E][WiFiUdp.cpp:221] parsePacket(): could not receive data: 9
[ 61724][E][WiFiUdp.cpp:221] parsePacket(): could not receive data: 9
[ 61730][E][WiFiUdp.cpp:221] parsePacket(): could not receive data: 9
[ 61736][E][WiFiUdp.cpp:221] parsePacket(): could not receive data: 9
[ 61742][E][WiFiUdp.cpp:221] parsePacket(): could not receive data: 9
[ 61748][E][WiFiUdp.cpp:221] parsePacket(): could not receive data: 9
[ 61754][E][WiFiUdp.cpp:221] parsePacket(): could not receive data: 9
[ 61760][E][WiFiUdp.cpp:221] parsePacket(): could not receive data: 9
[ 61765][E][WiFiUdp.cpp:221] parsePacket(): could not receive data: 9
[ 61772][E][WiFiUdp.cpp:221] parsePacket(): could not receive data: 9
[ 61778][E][WiFiUdp.cpp:221] parsePacket(): could not receive data: 9
[ 61784][E][WiFiUdp.cpp:221] parsePacket(): could not receive data: 9
[ 61790][E][WiFiUdp.cpp:221] parsePacket(): could not receive data: 9
[ 61796][E][WiFiUdp.cpp:221] parsePacket(): could not receive data: 9
[ 61802][E][WiFiUdp.cpp:221] parsePacket(): could not receive data: 9
[ 61808][E][WiFiUdp.cpp:221] parsePacket(): could not receive data: 9
[ 61814][E][WiFiUdp.cpp:221] parsePacket(): could not receive data: 9
[ 61820][E][WiFiUdp.cpp:221] parsePacket(): could not receive data: 9
[ 61826][E][WiFiUdp.cpp:221] parsePacket(): could not receive data: 9
[ 61832][E][WiFiUdp.cpp:221] parsePacket(): could not receive data: 9
[ 61838][E][WiFiUdp.cpp:221] parsePacket(): could not receive data: 9
[ 61844][E][WiFiUdp.cpp:221] parsePacket(): could not receive data: 9
[ 61850][E][WiFiUdp.cpp:221] parsePacket(): could not receive data: 9
[ 61856][E][WiFiUdp.cpp:221] parsePacket(): could not receive data: 9
[ 61862][E][WiFiUdp.cpp:221] parsePacket(): could not receive data: 9
[ 61868][E][WiFiUdp.cpp:221] parsePacket(): could not receive data: 9
[ 61874][E][WiFiUdp.cpp:221] parsePacket(): could not receive data: 9
[ 61880][E][WiFiUdp.cpp:221] parsePacket(): could not receive data: 9
[ 61886][E][WiFiUdp.cpp:221] parsePacket(): could not receive data: 9
[ 61892][E][WiFiUdp.cpp:221] parsePacket(): could not receive data: 9
[ 61897][E][WiFiUdp.cpp:221] parsePacket(): could not receive data: 9
[ 61904][E][WiFiUdp.cpp:221] parsePacket(): could not receive data: 9
[ 61910][E][WiFiUdp.cpp:221] parsePacket(): could not receive data: 9
[ 61916][E][WiFiUdp.cpp:221] parsePacket(): could not receive data: 9
[ 61922][E][WiFiUdp.cpp:221] parsePacket(): could not receive data: 9
[ 61928][E][WiFiUdp.cpp:221] parsePacket(): could not receive data: 9
[ 61934][E][WiFiUdp.cpp:221] parsePacket(): could not receive data: 9
[ 61940][E][WiFiUdp.cpp:221] parsePacket(): could not receive data: 9
[ 61946][E][WiFiUdp.cpp:221] parsePacket(): could not receive data: 9
[ 61952][E][WiFiUdp.cpp:221] parsePacket(): could not receive data: 9
[ 61958][E][WiFiUdp.cpp:221] parsePacket(): could not receive data: 9
[ 61964][E][WiFiUdp.cpp:221] parsePacket(): could not receive data: 9
[ 61970][E][WiFiUdp.cpp:221] parsePacket(): could not receive data: 9
[ 61976][E][WiFiUdp.cpp:221] parsePacket(): could not receive data: 9
[ 61982][E][WiFiUdp.cpp:221] parsePacket(): could not receive data: 9
[ 61988][E][WiFiUdp.cpp:221] parsePacket(): could not receive data: 9
[ 61994][E][WiFiUdp.cpp:221] parsePacket(): could not receive data: 9
[ 62000][E][WiFiUdp.cpp:221] parsePacket(): could not receive data: 9
[ 62006][E][WiFiUdp.cpp:221] parsePacket(): could not receive data: 9
[ 62012][E][WiFiUdp.cpp:221] parsePacket(): could not receive data: 9
[ 62018][E][WiFiUdp.cpp:221] parsePacket(): could not receive data: 9
[ 62024][E][WiFiUdp.cpp:221] parsePacket(): could not receive data: 9
[ 62030][E][WiFiUdp.cpp:221] parsePacket(): could not receive data: 9
[ 62036][E][WiFiUdp.cpp:221] parsePacket(): could not receive data: 9
[ 62041][E][WiFiUdp.cpp:221] parsePacket(): could not receive data: 9
[ 62047][E][WiFiUdp.cpp:221] parsePacket(): could not receive data: 9
[ 62053][E][WiFiUdp.cpp:221] parsePacket(): could not receive data: 9
[ 62059][E][WiFiUdp.cpp:221] parsePacket(): could not receive data: 9
[ 62065][E][WiFiUdp.cpp:221] parsePacket(): could not receive data: 9
[ 62071][E][WiFiUdp.cpp:221] parsePacket(): could not receive data: 9
[ 62077][E][WiFiUdp.cpp:221] parsePacket(): could not receive data: 9
[ 62083][E][WiFiUdp.cpp:221] parsePacket(): could not receive data: 9
[ 62089][E][WiFiUdp.cpp:221] parsePacket(): could not receive data: 9
[ 62095][E][WiFiUdp.cpp:221] parsePacket(): could not receive data: 9
[ 62100][E][WiFiUdp.cpp:221] parsePacket(): could not receive data: 9
[ 62107][E][WiFiUdp.cpp:221] parsePacket(): could not receive data: 9
[ 62113][E][WiFiUdp.cpp:221] parsePacket(): could not receive data: 9
[ 62119][E][WiFiUdp.cpp:221] parsePacket(): could not receive data: 9
[ 62125][E][WiFiUdp.cpp:221] parsePacket(): could not receive data: 9
[ 62131][E][WiFiUdp.cpp:221] parsePacket(): could not receive data: 9
[ 62137][E][WiFiUdp.cpp:221] parsePacket(): could not receive data: 9
[ 62143][E][WiFiUdp.cpp:221] parsePacket(): could not receive data: 9
[ 62149][E][WiFiUdp.cpp:221] parsePacket(): could not receive data: 9
[ 62155][E][WiFiUdp.cpp:221] parsePacket(): could not receive data: 9
[ 62161][E][WiFiUdp.cpp:221] parsePacket(): could not receive data: 9
[ 62167][E][WiFiUdp.cpp:221] parsePacket(): could not receive data: 9
[ 62173][E][WiFiUdp.cpp:221] parsePacket(): could not receive data: 9
[ 62179][E][WiFiUdp.cpp:221] parsePacket(): could not receive data: 9
[ 62185][E][WiFiUdp.cpp:221] parsePacket(): could not receive data: 9
[ 62191][E][WiFiUdp.cpp:221] parsePacket(): could not receive data: 9
[ 62197][E][WiFiUdp.cpp:221] parsePacket(): could not receive data: 9
[ 62203][E][WiFiUdp.cpp:221] parsePacket(): could not receive data: 9
[ 62209][E][WiFiUdp.cpp:221] parsePacket(): could not receive data: 9
[ 62215][E][WiFiUdp.cpp:221] parsePacket(): could not receive data: 9
[ 62221][E][WiFiUdp.cpp:221] parsePacket(): could not receive data: 9
[ 62227][E][WiFiUdp.cpp:221] parsePacket(): could not receive data: 9
[ 62233][E][WiFiUdp.cpp:221] parsePacket(): could not receive data: 9
[ 62239][E][WiFiUdp.cpp:221] parsePacket(): could not receive data: 9
[ 62245][E][WiFiUdp.cpp:221] parsePacket(): could not receive data: 9
[ 62251][E][WiFiUdp.cpp:221] parsePacket(): could not receive data: 9
[ 62257][E][WiFiUdp.cpp:221] parsePacket(): could not receive data: 9
[ 62263][E][WiFiUdp.cpp:221] parsePacket(): could not receive data: 9
[ 62269][E][WiFiUdp.cpp:221] parsePacket(): could not receive data: 9
[ 62274][E][WiFiUdp.cpp:221] parsePacket(): could not receive data: 9
[ 62281][E][WiFiUdp.cpp:221] parsePacket(): could not receive data: 9
[ 62287][E][WiFiUdp.cpp:221] parsePacket(): could not receive data: 9
[ 62292][E][WiFiUdp.cpp:221] parsePacket(): could not receive data: 9
[ 62299][E][WiFiUdp.cpp:221] parsePacket(): could not receive data: 9
[ 62304][E][WiFiUdp.cpp:221] parsePacket(): could not receive data: 9
[ 62310][E][WiFiUdp.cpp:221] parsePacket(): could not receive data: 9
[ 62316][E][WiFiUdp.cpp:221] parsePacket(): could not receive data: 9
[ 62323][E][WiFiUdp.cpp:221] parsePacket(): could not receive data: 9
[ 62329][E][WiFiUdp.cpp:221] parsePacket(): could not receive data: 9
[ 62335][E][WiFiUdp.cpp:221] parsePacket(): could not receive data: 9
[ 62341][E][WiFiUdp.cpp:221] parsePacket(): could not receive data: 9
[ 62347][E][WiFiUdp.cpp:221] parsePacket(): could not receive data: 9
[ 62353][E][WiFiUdp.cpp:221] parsePacket(): could not receive data: 9
[ 62359][E][WiFiUdp.cpp:221] parsePacket(): could not receive data: 9
[ 62365][E][WiFiUdp.cpp:221] parsePacket(): could not receive data: 9
[ 62371][E][WiFiUdp.cpp:221] parsePacket(): could not receive data: 9
[ 62376][E][WiFiUdp.cpp:221] parsePacket(): could not receive data: 9
[ 62383][E][WiFiUdp.cpp:221] parsePacket(): could not receive data: 9
[ 62388][E][WiFiUdp.cpp:221] parsePacket(): could not receive data: 9
[ 62395][E][WiFiUdp.cpp:221] parsePacket(): could not receive data: 9
[ 62401][E][WiFiUdp.cpp:221] parsePacket(): could not receive data: 9
[ 62407][E][WiFiUdp.cpp:221] parsePacket(): could not receive data: 9
[ 62413][E][WiFiUdp.cpp:221] parsePacket(): could not receive data: 9
[ 62419][E][WiFiUdp.cpp:221] parsePacket(): could not receive data: 9
[ 62425][E][WiFiUdp.cpp:221] parsePacket(): could not receive data: 9
[ 62431][E][WiFiUdp.cpp:221] parsePacket(): could not receive data: 9
[ 62436][E][WiFiUdp.cpp:221] parsePacket(): could not receive data: 9
[ 62442][E][WiFiUdp.cpp:221] parsePacket(): could not receive data: 9
[ 62449][E][WiFiUdp.cpp:221] parsePacket(): could not receive data: 9
[ 62455][E][WiFiUdp.cpp:221] parsePacket(): could not receive data: 9
[ 62461][E][WiFiUdp.cpp:221] parsePacket(): could not receive data: 9
[ 62467][E][WiFiUdp.cpp:221] parsePacket(): could not receive data: 9
[ 62473][E][WiFiUdp.cpp:221] parsePacket(): could not receive data: 9
[ 62478][E][WiFiUdp.cpp:221] parsePacket(): could not receive data: 9
[ 62485][E][WiFiUdp.cpp:221] parsePacket(): could not receive data: 9
[ 62491][E][WiFiUdp.cpp:221] parsePacket(): could not receive data: 9
[ 62497][E][WiFiUdp.cpp:221] parsePacket(): could not receive data: 9
[ 62503][E][WiFiUdp.cpp:221] parsePacket(): could not receive data: 9
[ 62508][E][WiFiUdp.cpp:221] parsePacket(): could not receive data: 9
[ 62515][E][WiFiUdp.cpp:221] parsePacket(): could not receive data: 9
[ 62520][E][WiFiUdp.cpp:221] parsePacket(): could not receive data: 9
[ 62526][E][WiFiUdp.cpp:221] parsePacket(): could not receive data: 9
[ 62532][E][WiFiUdp.cpp:221] parsePacket(): could not receive data: 9
[ 62538][E][WiFiUdp.cpp:221] parsePacket(): could not receive data: 9
[ 62544][E][WiFiUdp.cpp:221] parsePacket(): could not receive data: 9
[ 62551][E][WiFiUdp.cpp:221] parsePacket(): could not receive data: 9
[ 62556][E][WiFiUdp.cpp:221] parsePacket(): could not receive data: 9
[ 62563][E][WiFiUdp.cpp:221] parsePacket(): could not receive data: 9
[ 62569][E][WiFiUdp.cpp:221] parsePacket(): could not receive data: 9
[ 62574][E][WiFiUdp.cpp:221] parsePacket(): could not receive data: 9
[ 62581][E][WiFiUdp.cpp:221] parsePacket(): could not receive data: 9
[ 62586][E][WiFiUdp.cpp:221] parsePacket(): could not receive data: 9
[ 62592][E][WiFiUdp.cpp:221] parsePacket(): could not receive data: 9
[ 62599][E][WiFiUdp.cpp:221] parsePacket(): could not receive data: 9
[ 62605][E][WiFiUdp.cpp:221] parsePacket(): could not receive data: 9
[ 62610][E][WiFiUdp.cpp:221] parsePacket(): could not receive data: 9
[ 62617][E][WiFiUdp.cpp:221] parsePacket(): could not receive data: 9
[ 62623][E][WiFiUdp.cpp:221] parsePacket(): could not receive data: 9
[ 62629][E][WiFiUdp.cpp:221] parsePacket(): could not receive data: 9
[ 62635][E][WiFiUdp.cpp:221] parsePacket(): could not receive data: 9
[ 62640][E][WiFiUdp.cpp:221] parsePacket(): could not receive data: 9
[ 62647][E][WiFiUdp.cpp:221] parsePacket(): could not receive data: 9
[ 62653][E][WiFiUdp.cpp:221] parsePacket(): could not receive data: 9
[ 62659][E][WiFiUdp.cpp:221] parsePacket(): could not receive data: 9
[ 62665][E][WiFiUdp.cpp:221] parsePacket(): could not receive data: 9
[ 62671][E][WiFiUdp.cpp:221] parsePacket(): could not receive data: 9
[ 62676][E][WiFiUdp.cpp:221] parsePacket(): could not receive data: 9
[ 62683][E][WiFiUdp.cpp:221] parsePacket(): could not receive data: 9
[ 62688][E][WiFiUdp.cpp:221] parsePacket(): could not receive data: 9
[ 62694][E][WiFiUdp.cpp:221] parsePacket(): could not receive data: 9
[ 62701][E][WiFiUdp.cpp:221] parsePacket(): could not receive data: 9
[ 62707][E][WiFiUdp.cpp:221] parsePacket(): could not receive data: 9
[ 62713][E][WiFiUdp.cpp:221] parsePacket(): could not receive data: 9
[ 62719][E][WiFiUdp.cpp:221] parsePacket(): could not receive data: 9
[ 62725][E][WiFiUdp.cpp:221] parsePacket(): could not receive data: 9
[ 62731][E][WiFiUdp.cpp:221] parsePacket(): could not receive data: 9
[ 62737][E][WiFiUdp.cpp:221] parsePacket(): could not receive data: 9
[ 62743][E][WiFiUdp.cpp:221] parsePacket(): could not receive data: 9
[ 62749][E][WiFiUdp.cpp:221] parsePacket(): could not receive data: 9
[ 62754][E][WiFiUdp.cpp:221] parsePacket(): could not receive data: 9
[ 62761][E][WiFiUdp.cpp:221] parsePacket(): could not receive data: 9
[ 62767][E][WiFiUdp.cpp:221] parsePacket(): could not receive data: 9
[ 62773][E][WiFiUdp.cpp:221] parsePacket(): could not receive data: 9
[ 62778][E][WiFiUdp.cpp:221] parsePacket(): could not receive data: 9
[ 62785][E][WiFiUdp.cpp:221] parsePacket(): could not receive data: 9
[ 62791][E][WiFiUdp.cpp:221] parsePacket(): could not receive data: 9
[ 62797][E][WiFiUdp.cpp:221] parsePacket(): could not receive data: 9
[ 62803][E][WiFiUdp.cpp:221] parsePacket(): could not receive data: 9
[ 62809][E][WiFiUdp.cpp:221] parsePacket(): could not receive data: 9
[ 62815][E][WiFiUdp.cpp:221] parsePacket(): could not receive data: 9
[ 62820][E][WiFiUdp.cpp:221] parsePacket(): could not receive data: 9
[ 62827][E][WiFiUdp.cpp:221] parsePacket(): could not receive data: 9
[ 62833][E][WiFiUdp.cpp:221] parsePacket(): could not receive data: 9
[ 62838][E][WiFiUdp.cpp:221] parsePacket(): could not receive data: 9
[ 62845][E][WiFiUdp.cpp:221] parsePacket(): could not receive data: 9
[ 62851][E][WiFiUdp.cpp:221] parsePacket(): could not receive data: 9
[ 62857][E][WiFiUdp.cpp:221] parsePacket(): could not receive data: 9
[ 62863][E][WiFiUdp.cpp:221] parsePacket(): could not receive data: 9
[ 62869][E][WiFiUdp.cpp:221] parsePacket(): could not receive data: 9
[ 62875][E][WiFiUdp.cpp:221] parsePacket(): could not receive data: 9
[ 62881][E][WiFiUdp.cpp:221] parsePacket(): could not receive data: 9
[ 62886][E][WiFiUdp.cpp:221] parsePacket(): could not receive data: 9
[ 62892][E][WiFiUdp.cpp:221] parsePacket(): could not receive data: 9
[ 62899][E][WiFiUdp.cpp:221] parsePacket(): could not receive data: 9
[ 62905][E][WiFiUdp.cpp:221] parsePacket(): could not receive data: 9
[ 62911][E][WiFiUdp.cpp:221] parsePacket(): could not receive data: 9
[ 62917][E][WiFiUdp.cpp:221] parsePacket(): could not receive data: 9
[ 62923][E][WiFiUdp.cpp:221] parsePacket(): could not receive data: 9
[ 62929][E][WiFiUdp.cpp:221] parsePacket(): could not receive data: 9
[ 62935][E][WiFiUdp.cpp:221] parsePacket(): could not receive data: 9
[ 62940][E][WiFiUdp.cpp:221] parsePacket(): could not receive data: 9
[ 62947][E][WiFiUdp.cpp:221] parsePacket(): could not receive data: 9
[ 62953][E][WiFiUdp.cpp:221] parsePacket(): could not receive data: 9
[ 62959][E][WiFiUdp.cpp:221] parsePacket(): could not receive data: 9
[ 62965][E][WiFiUdp.cpp:221] parsePacket(): could not receive data: 9
[ 62971][E][WiFiUdp.cpp:221] parsePacket(): could not receive data: 9
[ 62977][E][WiFiUdp.cpp:221] parsePacket(): could not receive data: 9
[ 62983][E][WiFiUdp.cpp:221] parsePacket(): could not receive data: 9
[ 62989][E][WiFiUdp.cpp:221] parsePacket(): could not receive data: 9
[ 62994][E][WiFiUdp.cpp:221] parsePacket(): could not receive data: 9
[ 63001][E][WiFiUdp.cpp:221] parsePacket(): could not receive data: 9
[ 63007][E][WiFiUdp.cpp:221] parsePacket(): could not receive data: 9
[ 63013][E][WiFiUdp.cpp:221] parsePacket(): could not receive data: 9
[ 63019][E][WiFiUdp.cpp:221] parsePacket(): could not receive data: 9
[ 63025][E][WiFiUdp.cpp:221] parsePacket(): could not receive data: 9
[ 63031][E][WiFiUdp.cpp:221] parsePacket(): could not receive data: 9
[ 63037][E][WiFiUdp.cpp:221] parsePacket(): could not receive data: 9
[ 63043][E][WiFiUdp.cpp:221] parsePacket(): could not receive data: 9
[ 63049][E][WiFiUdp.cpp:221] parsePacket(): could not receive data: 9
[ 63054][E][WiFiUdp.cpp:221] parsePacket(): could not receive data: 9
[ 63061][E][WiFiUdp.cpp:221] parsePacket(): could not receive data: 9
[ 63067][E][WiFiUdp.cpp:221] parsePacket(): could not receive data: 9
[ 63073][E][WiFiUdp.cpp:221] parsePacket(): could not receive data: 9
[ 63079][E][WiFiUdp.cpp:221] parsePacket(): could not receive data: 9
[ 63085][E][WiFiUdp.cpp:221] parsePacket(): could not receive data: 9
[ 63091][E][WiFiUdp.cpp:221] parsePacket(): could not receive data: 9
[ 63097][E][WiFiUdp.cpp:221] parsePacket(): could not receive data: 9
[ 63103][E][WiFiUdp.cpp:221] parsePacket(): could not receive data: 9
[ 63109][E][WiFiUdp.cpp:221] parsePacket(): could not receive data: 9
[ 63115][E][WiFiUdp.cpp:221] parsePacket(): could not receive data: 9
[ 63121][E][WiFiUdp.cpp:221] parsePacket(): could not receive data: 9
[ 63126][E][WiFiUdp.cpp:221] parsePacket(): could not receive data: 9
[ 63133][E][WiFiUdp.cpp:221] parsePacket(): could not receive data: 9
[ 63139][E][WiFiUdp.cpp:221] parsePacket(): could not receive data: 9
[ 63145][E][WiFiUdp.cpp:221] parsePacket(): could not receive data: 9
[ 63151][E][WiFiUdp.cpp:221] parsePacket(): could not receive data: 9
[ 63157][E][WiFiUdp.cpp:221] parsePacket(): could not receive data: 9
[ 63163][E][WiFiUdp.cpp:221] parsePacket(): could not receive data: 9
[ 63169][E][WiFiUdp.cpp:221] parsePacket(): could not receive data: 9
[ 63174][E][WiFiUdp.cpp:221] parsePacket(): could not receive data: 9
[ 63181][E][WiFiUdp.cpp:221] parsePacket(): could not receive data: 9
[ 63186][E][WiFiUdp.cpp:221] parsePacket(): could not receive data: 9
[ 63193][E][WiFiUdp.cpp:221] parsePacket(): could not receive data: 9
[ 63199][E][WiFiUdp.cpp:221] parsePacket(): could not receive data: 9
[ 63205][E][WiFiUdp.cpp:221] parsePacket(): could not receive data: 9
[ 63211][E][WiFiUdp.cpp:221] parsePacket(): could not receive data: 9
[ 63217][E][WiFiUdp.cpp:221] parsePacket(): could not receive data: 9
[ 63222][E][WiFiUdp.cpp:221] parsePacket(): could not receive data: 9
[ 63228][E][WiFiUdp.cpp:221] parsePacket(): could not receive data: 9
[ 63235][E][WiFiUdp.cpp:221] parsePacket(): could not receive data: 9
[ 63240][E][WiFiUdp.cpp:221] parsePacket(): could not receive data: 9
[ 63247][E][WiFiUdp.cpp:221] parsePacket(): could not receive data: 9
[ 63253][E][WiFiUdp.cpp:221] parsePacket(): could not receive data: 9
[ 63259][E][WiFiUdp.cpp:221] parsePacket(): could not receive data: 9
[ 63265][E][WiFiUdp.cpp:221] parsePacket(): could not receive data: 9
[ 63270][E][WiFiUdp.cpp:221] parsePacket(): could not receive data: 9
[ 63276][E][WiFiUdp.cpp:221] parsePacket(): could not receive data: 9
[ 63282][E][WiFiUdp.cpp:221] parsePacket(): could not receive data: 9
[ 63288][E][WiFiUdp.cpp:221] parsePacket(): could not receive data: 9
[ 63294][E][WiFiUdp.cpp:221] parsePacket(): could not receive data: 9
[ 63301][E][WiFiUdp.cpp:221] parsePacket(): could not receive data: 9
[ 63306][E][WiFiUdp.cpp:221] parsePacket(): could not receive data: 9
[ 63313][E][WiFiUdp.cpp:221] parsePacket(): could not receive data: 9
[ 63319][E][WiFiUdp.cpp:221] parsePacket(): could not receive data: 9
[ 63325][E][WiFiUdp.cpp:221] parsePacket(): could not receive data: 9
[ 63331][E][WiFiUdp.cpp:221] parsePacket(): could not receive data: 9
[ 63337][E][WiFiUdp.cpp:221] parsePacket(): could not receive data: 9
[ 63343][E][WiFiUdp.cpp:221] parsePacket(): could not receive data: 9
[ 63349][E][WiFiUdp.cpp:221] parsePacket(): could not receive data: 9
[ 63355][E][WiFiUdp.cpp:221] parsePacket(): could not receive data: 9
[ 63361][E][WiFiUdp.cpp:221] parsePacket(): could not receive data: 9
[ 63366][E][WiFiUdp.cpp:221] parsePacket(): could not receive data: 9
[ 63373][E][WiFiUdp.cpp:221] parsePacket(): could not receive data: 9
[ 63379][E][WiFiUdp.cpp:221] parsePacket(): could not receive data: 9
[ 63385][E][WiFiUdp.cpp:221] parsePacket(): could not receive data: 9
[ 63391][E][WiFiUdp.cpp:221] parsePacket(): could not receive data: 9
[ 63397][E][WiFiUdp.cpp:221] parsePacket(): could not receive data: 9
[ 63404][E][WiFiUdp.cpp:221] parsePacket(): could not receive data: 9
[ 63410][E][WiFiUdp.cpp:221] parsePacket(): could not receive data: 9
[ 63416][E][WiFiUdp.cpp:221] parsePacket(): could not receive data: 9
[ 63421][E][WiFiUdp.cpp:221] parsePacket(): could not receive data: 9
[ 63428][E][WiFiUdp.cpp:221] parsePacket(): could not receive data: 9
[ 63434][E][WiFiUdp.cpp:221] parsePacket(): could not receive data: 9
[ 63440][E][WiFiUdp.cpp:221] parsePacket(): could not receive data: 9
[ 63446][E][WiFiUdp.cpp:221] parsePacket(): could not receive data: 9
[ 63452][E][WiFiUdp.cpp:221] parsePacket(): could not receive data: 9
[ 63458][E][WiFiUdp.cpp:221] parsePacket(): could not receive data: 9
[ 63464][E][WiFiUdp.cpp:221] parsePacket(): could not receive data: 9
[ 63470][E][WiFiUdp.cpp:221] parsePacket(): could not receive data: 9
[ 63477][E][WiFiUdp.cpp:221] parsePacket(): could not receive data: 9
[ 63484][E][WiFiUdp.cpp:221] parsePacket(): could not receive data: 9
[ 63491][E][WiFiUdp.cpp:221] parsePacket(): could not receive data: 9
[ 63498][E][WiFiUdp.cpp:221] parsePacket(): could not receive data: 9
[ 63504][E][WiFiUdp.cpp:221] parsePacket(): could not receive data: 9
[ 63510][E][WiFiUdp.cpp:221] parsePacket(): could not receive data: 9
[ 63516][E][WiFiUdp.cpp:221] parsePacket(): could not receive data: 9
[ 63523][E][WiFiUdp.cpp:221] parsePacket(): could not receive data: 9
[ 63530][E][WiFiUdp.cpp:221] parsePacket(): could not receive data: 9
[ 63537][E][WiFiUdp.cpp:221] parsePacket(): could not receive data: 9
[ 63544][E][WiFiUdp.cpp:221] parsePacket(): could not receive data: 9
[ 63551][E][WiFiUdp.cpp:221] parsePacket(): could not receive data: 9
[ 63558][E][WiFiUdp.cpp:221] parsePacket(): could not receive data: 9
[ 63565][E][WiFiUdp.cpp:221] parsePacket(): could not receive data: 9
[ 63572][E][WiFiUdp.cpp:221] parsePacket(): could not receive data: 9
[ 63579][E][WiFiUdp.cpp:221] parsePacket(): could not receive data: 9
[ 63586][E][WiFiUdp.cpp:221] parsePacket(): could not receive data: 9
[ 63593][E][WiFiUdp.cpp:221] parsePacket(): could not receive data: 9
[ 63600][E][WiFiUdp.cpp:221] parsePacket(): could not receive data: 9
[ 63607][E][WiFiUdp.cpp:221] parsePacket(): could not receive data: 9
[ 63614][E][WiFiUdp.cpp:221] parsePacket(): could not receive data: 9
[ 63621][E][WiFiUdp.cpp:221] parsePacket(): could not receive data: 9
[ 63628][E][WiFiUdp.cpp:221] parsePacket(): could not receive data: 9
[ 63635][E][WiFiUdp.cpp:221] parsePacket(): could not receive data: 9
[ 63642][E][WiFiUdp.cpp:221] parsePacket(): could not receive data: 9
[ 63649][E][WiFiUdp.cpp:221] parsePacket(): could not receive data: 9
[ 63655][E][WiFiUdp.cpp:221] parsePacket(): could not receive data: 9
[ 63661][E][WiFiUdp.cpp:221] parsePacket(): could not receive data: 9
[ 63667][E][WiFiUdp.cpp:221] parsePacket(): could not receive data: 9
[ 63673][E][WiFiUdp.cpp:221] parsePacket(): could not receive data: 9
[ 63679][E][WiFiUdp.cpp:221] parsePacket(): could not receive data: 9
[ 63685][E][WiFiUdp.cpp:221] parsePacket(): could not receive data: 9
[ 63692][E][WiFiUdp.cpp:221] parsePacket(): could not receive data: 9
[ 63699][E][WiFiUdp.cpp:221] parsePacket(): could not receive data: 9
[ 63706][E][WiFiUdp.cpp:221] parsePacket(): could not receive data: 9
[ 63713][E][WiFiUdp.cpp:221] parsePacket(): could not receive data: 9
[ 63721][E][WiFiUdp.cpp:221] parsePacket(): could not receive data: 9
[ 63728][E][WiFiUdp.cpp:221] parsePacket(): could not receive data: 9
[ 63735][E][WiFiUdp.cpp:221] parsePacket(): could not receive data: 9
[ 63742][E][WiFiUdp.cpp:221] parsePacket(): could not receive data: 9
[ 63748][E][WiFiUdp.cpp:221] parsePacket(): could not receive data: 9
[ 63754][E][WiFiUdp.cpp:221] parsePacket(): could not receive data: 9
[ 63759][E][WiFiUdp.cpp:221] parsePacket(): could not receive data: 9
[ 63765][E][WiFiUdp.cpp:221] parsePacket(): could not receive data: 9
[ 63771][E][WiFiUdp.cpp:221] parsePacket(): could not receive data: 9
[ 63776][E][WiFiUdp.cpp:221] parsePacket(): could not receive data: 9
[ 63782][E][WiFiUdp.cpp:221] parsePacket(): could not receive data: 9
[ 63789][E][WiFiUdp.cpp:221] parsePacket(): could not receive data: 9
[ 63795][E][WiFiUdp.cpp:221] parsePacket(): could not receive data: 9
[ 63801][E][WiFiUdp.cpp:221] parsePacket(): could not receive data: 9
[ 63807][E][WiFiUdp.cpp:221] parsePacket(): could not receive data: 9
[ 63813][E][WiFiUdp.cpp:221] parsePacket(): could not receive data: 9
[ 63819][E][WiFiUdp.cpp:221] parsePacket(): could not receive data: 9
[ 63825][E][WiFiUdp.cpp:221] parsePacket(): could not receive data: 9
[ 63831][E][WiFiUdp.cpp:221] parsePacket(): could not receive data: 9
[ 63838][E][WiFiUdp.cpp:221] parsePacket(): could not receive data: 9
[ 63845][E][WiFiUdp.cpp:221] parsePacket(): could not receive data: 9
[ 63852][E][WiFiUdp.cpp:221] parsePacket(): could not receive data: 9
[ 63859][E][WiFiUdp.cpp:221] parsePacket(): could not receive data: 9
[ 63866][E][WiFiUdp.cpp:221] parsePacket(): could not receive data: 9
[ 63872][E][WiFiUdp.cpp:221] parsePacket(): could not receive data: 9
[ 63879][E][WiFiUdp.cpp:221] parsePacket(): could not receive data: 9
[ 63885][E][WiFiUdp.cpp:221] parsePacket(): could not receive data: 9
[ 63892][E][WiFiUdp.cpp:221] parsePacket(): could not receive data: 9
[ 63899][E][WiFiUdp.cpp:221] parsePacket(): could not receive data: 9
[ 63906][E][WiFiUdp.cpp:221] parsePacket(): could not receive data: 9
[ 63912][E][WiFiUdp.cpp:221] parsePacket(): could not receive data: 9
[ 63918][E][WiFiUdp.cpp:221] parsePacket(): could not receive data: 9
[ 63924][E][WiFiUdp.cpp:221] parsePacket(): could not receive data: 9
[ 63931][E][WiFiUdp.cpp:221] parsePacket(): could not receive data: 9
[ 63938][E][WiFiUdp.cpp:221] parsePacket(): could not receive data: 9
[ 63945][E][WiFiUdp.cpp:221] parsePacket(): could not receive data: 9
[ 63952][E][WiFiUdp.cpp:221] parsePacket(): could not receive data: 9
[ 63959][E][WiFiUdp.cpp:221] parsePacket(): could not receive data: 9
[ 63966][E][WiFiUdp.cpp:221] parsePacket(): could not receive data: 9
[ 63973][E][WiFiUdp.cpp:221] parsePacket(): could not receive data: 9
[ 63980][E][WiFiUdp.cpp:221] parsePacket(): could not receive data: 9
[ 63987][E][WiFiUdp.cpp:221] parsePacket(): could not receive data: 9
[ 63995][E][WiFiUdp.cpp:221] parsePacket(): could not receive data: 9
[ 64002][E][WiFiUdp.cpp:221] parsePacket(): could not receive data: 9
[ 64009][E][WiFiUdp.cpp:221] parsePacket(): could not receive data: 9
[ 64016][E][WiFiUdp.cpp:221] parsePacket(): could not receive data: 9
[ 64023][E][WiFiUdp.cpp:221] parsePacket(): could not receive data: 9
[ 64030][E][WiFiUdp.cpp:221] parsePacket(): could not receive data: 9
[ 64037][E][WiFiUdp.cpp:221] parsePacket(): could not receive data: 9
[ 64044][E][WiFiUdp.cpp:221] parsePacket(): could not receive data: 9
[ 64051][E][WiFiUdp.cpp:221] parsePacket(): could not receive data: 9
[ 64058][E][WiFiUdp.cpp:221] parsePacket(): could not receive data: 9
[ 64065][E][WiFiUdp.cpp:221] parsePacket(): could not receive data: 9
[ 64071][E][WiFiUdp.cpp:221] parsePacket(): could not receive data: 9
[ 64077][E][WiFiUdp.cpp:221] parsePacket(): could not receive data: 9
[ 64083][E][WiFiUdp.cpp:221] parsePacket(): could not receive data: 9
[ 64089][E][WiFiUdp.cpp:221] parsePacket(): could not receive data: 9
[ 64096][E][WiFiUdp.cpp:221] parsePacket(): could not receive data: 9
[ 64103][E][WiFiUdp.cpp:221] parsePacket(): could not receive data: 9
[ 64110][E][WiFiUdp.cpp:221] parsePacket(): could not receive data: 9
[ 64117][E][WiFiUdp.cpp:221] parsePacket(): could not receive data: 9
[ 64124][E][WiFiUdp.cpp:221] parsePacket(): could not receive data: 9
[ 64131][E][WiFiUdp.cpp:221] parsePacket(): could not receive data: 9
[ 64138][E][WiFiUdp.cpp:221] parsePacket(): could not receive data: 9
[ 64145][E][WiFiUdp.cpp:221] parsePacket(): could not receive data: 9
[ 64152][E][WiFiUdp.cpp:221] parsePacket(): could not receive data: 9
[ 64159][E][WiFiUdp.cpp:221] parsePacket(): could not receive data: 9
[ 64166][E][WiFiUdp.cpp:221] parsePacket(): could not receive data: 9
[ 64173][E][WiFiUdp.cpp:221] parsePacket(): could not receive data: 9
[ 64180][E][WiFiUdp.cpp:221] parsePacket(): could not receive data: 9
[ 64187][E][WiFiUdp.cpp:221] parsePacket(): could not receive data: 9
[ 64194][E][WiFiUdp.cpp:221] parsePacket(): could not receive data: 9
[ 64201][E][WiFiUdp.cpp:221] parsePacket(): could not receive data: 9
[ 64208][E][WiFiUdp.cpp:221] parsePacket(): could not receive data: 9
[ 64215][E][WiFiUdp.cpp:221] parsePacket(): could not receive data: 9
[ 64222][E][WiFiUdp.cpp:221] parsePacket(): could not receive data: 9
[ 64229][E][WiFiUdp.cpp:221] parsePacket(): could not receive data: 9
[ 64237][E][WiFiUdp.cpp:221] parsePacket(): could not receive data: 9
[ 64244][E][WiFiUdp.cpp:221] parsePacket(): could not receive data: 9
[ 64251][E][WiFiUdp.cpp:221] parsePacket(): could not receive data: 9
[ 64257][E][WiFiUdp.cpp:221] parsePacket(): could not receive data: 9
[ 64263][E][WiFiUdp.cpp:221] parsePacket(): could not receive data: 9
[ 64270][E][WiFiUdp.cpp:221] parsePacket(): could not receive data: 9
[ 64278][E][WiFiUdp.cpp:221] parsePacket(): could not receive data: 9
[ 64285][E][WiFiUdp.cpp:221] parsePacket(): could not receive data: 9
[ 64292][E][WiFiUdp.cpp:221] parsePacket(): could not receive data: 9
[ 64299][E][WiFiUdp.cpp:221] parsePacket(): could not receive data: 9
[ 64306][E][WiFiUdp.cpp:221] parsePacket(): could not receive data: 9
[ 64313][E][WiFiUdp.cpp:221] parsePacket(): could not receive data: 9
[ 64320][E][WiFiUdp.cpp:221] parsePacket(): could not receive data: 9
[ 64327][E][WiFiUdp.cpp:221] parsePacket(): could not receive data: 9
[ 64334][E][WiFiUdp.cpp:221] parsePacket(): could not receive data: 9
[ 64341][E][WiFiUdp.cpp:221] parsePacket(): could not receive data: 9
[ 64348][E][WiFiUdp.cpp:221] parsePacket(): could not receive data: 9
[ 64355][E][WiFiUdp.cpp:221] parsePacket(): could not receive data: 9
[ 64362][E][WiFiUdp.cpp:221] parsePacket(): could not receive data: 9
[ 64369][E][WiFiUdp.cpp:221] parsePacket(): could not receive data: 9
[ 64376][E][WiFiUdp.cpp:221] parsePacket(): could not receive data: 9
[ 64384][E][WiFiUdp.cpp:221] parsePacket(): could not receive data: 9
[ 64393][E][WiFiUdp.cpp:221] parsePacket(): could not receive data: 9
[ 64401][E][WiFiUdp.cpp:221] parsePacket(): could not receive data: 9
[ 64409][E][WiFiUdp.cpp:221] parsePacket(): could not receive data: 9
[ 64416][E][WiFiUdp.cpp:221] parsePacket(): could not receive data: 9
[ 64423][E][WiFiUdp.cpp:221] parsePacket(): could not receive data: 9
[ 64430][E][WiFiUdp.cpp:221] parsePacket(): could not receive data: 9
[ 64437][E][WiFiUdp.cpp:221] parsePacket(): could not receive data: 9
[ 64445][E][WiFiUdp.cpp:221] parsePacket(): could not receive data: 9
[ 64453][E][WiFiUdp.cpp:221] parsePacket(): could not receive data: 9
[ 64461][E][WiFiUdp.cpp:221] parsePacket(): could not receive data: 9
[ 64468][E][WiFiUdp.cpp:221] parsePacket(): could not receive data: 9
[ 64475][E][WiFiUdp.cpp:221] parsePacket(): could not receive data: 9
[ 64482][E][WiFiUdp.cpp:221] parsePacket(): could not receive data: 9
[ 64489][E][WiFiUdp.cpp:221] parsePacket(): could not receive data: 9
[ 64495][E][WiFiUdp.cpp:221] parsePacket(): could not receive data: 9
[ 64501][E][WiFiUdp.cpp:221] parsePacket(): could not receive data: 9
[ 64506][E][WiFiUdp.cpp:221] parsePacket(): could not receive data: 9
[ 64513][E][WiFiUdp.cpp:221] parsePacket(): could not receive data: 9
[ 64519][E][WiFiUdp.cpp:221] parsePacket(): could not receive data: 9
[ 64524][E][WiFiUdp.cpp:221] parsePacket(): could not receive data: 9
[ 64531][E][WiFiUdp.cpp:221] parsePacket(): could not receive data: 9
[ 64537][E][WiFiUdp.cpp:221] parsePacket(): could not receive data: 9
[ 64543][E][WiFiUdp.cpp:221] parsePacket(): could not receive data: 9
[ 64549][E][WiFiUdp.cpp:221] parsePacket(): could not receive data: 9
[ 64555][E][WiFiUdp.cpp:221] parsePacket(): could not receive data: 9
[ 64561][E][WiFiUdp.cpp:221] parsePacket(): could not receive data: 9
[ 64567][E][WiFiUdp.cpp:221] parsePacket(): could not receive data: 9
[ 64573][E][WiFiUdp.cpp:221] parsePacket(): could not receive data: 9
[ 64578][E][WiFiUdp.cpp:221] parsePacket(): could not receive data: 9
[ 64585][E][WiFiUdp.cpp:221] parsePacket(): could not receive data: 9
[ 64591][E][WiFiUdp.cpp:221] parsePacket(): could not receive data: 9
[ 64597][E][WiFiUdp.cpp:221] parsePacket(): could not receive data: 9
[ 64603][E][WiFiUdp.cpp:221] parsePacket(): could not receive data: 9
[ 64609][E][WiFiUdp.cpp:221] parsePacket(): could not receive data: 9
[ 64615][E][WiFiUdp.cpp:221] parsePacket(): could not receive data: 9
[ 64620][E][WiFiUdp.cpp:221] parsePacket(): could not receive data: 9
[ 64627][E][WiFiUdp.cpp:221] parsePacket(): could not receive data: 9
[ 64633][E][WiFiUdp.cpp:221] parsePacket(): could not receive data: 9
[ 64639][E][WiFiUdp.cpp:221] parsePacket(): could not receive data: 9
[ 64645][E][WiFiUdp.cpp:221] parsePacket(): could not receive data: 9
[ 64651][E][WiFiUdp.cpp:221] parsePacket(): could not receive data: 9
[ 64656][E][WiFiUdp.cpp:221] parsePacket(): could not receive data: 9
[ 64663][E][WiFiUdp.cpp:221] parsePacket(): could not receive data: 9
[ 64669][E][WiFiUdp.cpp:221] parsePacket(): could not receive data: 9
[ 64675][E][WiFiUdp.cpp:221] parsePacket(): could not receive data: 9
[ 64681][E][WiFiUdp.cpp:221] parsePacket(): could not receive data: 9
[ 64687][E][WiFiUdp.cpp:221] parsePacket(): could not receive data: 9
[ 64693][E][WiFiUdp.cpp:221] parsePacket(): could not receive data: 9
[ 64698][E][WiFiUdp.cpp:221] parsePacket(): could not receive data: 9
[ 64705][E][WiFiUdp.cpp:221] parsePacket(): could not receive data: 9
[ 64711][E][WiFiUdp.cpp:221] parsePacket(): could not receive data: 9
[ 64717][E][WiFiUdp.cpp:221] parsePacket(): could not receive data: 9
[ 64723][E][WiFiUdp.cpp:221] parsePacket(): could not receive data: 9
[ 64728][E][WiFiUdp.cpp:221] parsePacket(): could not receive data: 9
[ 64735][E][WiFiUdp.cpp:221] parsePacket(): could not receive data: 9
[ 64741][E][WiFiUdp.cpp:221] parsePacket(): could not receive data: 9
[ 64747][E][WiFiUdp.cpp:221] parsePacket(): could not receive data: 9
[ 64753][E][WiFiUdp.cpp:221] parsePacket(): could not receive data: 9
[ 64759][E][WiFiUdp.cpp:221] parsePacket(): could not receive data: 9
[ 64765][E][WiFiUdp.cpp:221] parsePacket(): could not receive data: 9
[ 64771][E][WiFiUdp.cpp:221] parsePacket(): could not receive data: 9
[ 64777][E][WiFiUdp.cpp:221] parsePacket(): could not receive data: 9
[ 64783][E][WiFiUdp.cpp:221] parsePacket(): could not receive data: 9
[ 64789][E][WiFiUdp.cpp:221] parsePacket(): could not receive data: 9
[ 64796][E][WiFiUdp.cpp:221] parsePacket(): could not receive data: 9
[ 64803][E][WiFiUdp.cpp:221] parsePacket(): could not receive data: 9
[ 64810][E][WiFiUdp.cpp:221] parsePacket(): could not receive data: 9
[ 64816][E][WiFiUdp.cpp:221] parsePacket(): could not receive data: 9
[ 64822][E][WiFiUdp.cpp:221] parsePacket(): could not receive data: 9
[ 64828][E][WiFiUdp.cpp:221] parsePacket(): could not receive data: 9
[ 64833][E][WiFiUdp.cpp:221] parsePacket(): could not receive data: 9
[ 64839][E][WiFiUdp.cpp:221] parsePacket(): could not receive data: 9
[ 64846][E][WiFiUdp.cpp:221] parsePacket(): could not receive data: 9
[ 64852][E][WiFiUdp.cpp:221] parsePacket(): could not receive data: 9
[ 64858][E][WiFiUdp.cpp:221] parsePacket(): could not receive data: 9
[ 64864][E][WiFiUdp.cpp:221] parsePacket(): could not receive data: 9
[ 64871][E][WiFiUdp.cpp:221] parsePacket(): could not receive data: 9
[ 64878][E][WiFiUdp.cpp:221] parsePacket(): could not receive data: 9
[ 64885][E][WiFiUdp.cpp:221] parsePacket(): could not receive data: 9
[ 64893][E][WiFiUdp.cpp:221] parsePacket(): could not receive data: 9
[ 64900][E][WiFiUdp.cpp:221] parsePacket(): could not receive data: 9
[ 64907][E][WiFiUdp.cpp:221] parsePacket(): could not receive data: 9
[ 64913][E][WiFiUdp.cpp:221] parsePacket(): could not receive data: 9
[ 64919][E][WiFiUdp.cpp:221] parsePacket(): could not receive data: 9
[ 64925][E][WiFiUdp.cpp:221] parsePacket(): could not receive data: 9
[ 64930][E][WiFiUdp.cpp:221] parsePacket(): could not receive data: 9
[ 64937][E][WiFiUdp.cpp:221] parsePacket(): could not receive data: 9
[ 64943][E][WiFiUdp.cpp:221] parsePacket(): could not receive data: 9
[ 64949][E][WiFiUdp.cpp:221] parsePacket(): could not receive data: 9
[ 64955][E][WiFiUdp.cpp:221] parsePacket(): could not receive data: 9
[ 64961][E][WiFiUdp.cpp:221] parsePacket(): could not receive data: 9
[ 64967][E][WiFiUdp.cpp:221] parsePacket(): could not receive data: 9
[ 64973][E][WiFiUdp.cpp:221] parsePacket(): could not receive data: 9
[ 64979][E][WiFiUdp.cpp:221] parsePacket(): could not receive data: 9
[ 64985][E][WiFiUdp.cpp:221] parsePacket(): could not receive data: 9
[ 64991][E][WiFiUdp.cpp:221] parsePacket(): could not receive data: 9
[ 64997][E][WiFiUdp.cpp:221] parsePacket(): could not receive data: 9
[ 65003][E][WiFiUdp.cpp:221] parsePacket(): could not receive data: 9
[ 65009][E][WiFiUdp.cpp:221] parsePacket(): could not receive data: 9
[ 65015][E][WiFiUdp.cpp:221] parsePacket(): could not receive data: 9
[ 65021][E][WiFiUdp.cpp:221] parsePacket(): could not receive data: 9
[ 65027][E][WiFiUdp.cpp:221] parsePacket(): could not receive data: 9
[ 65033][E][WiFiUdp.cpp:221] parsePacket(): could not receive data: 9
[ 65039][E][WiFiUdp.cpp:221] parsePacket(): could not receive data: 9
[ 65045][E][WiFiUdp.cpp:221] parsePacket(): could not receive data: 9
[ 65051][E][WiFiUdp.cpp:221] parsePacket(): could not receive data: 9
[ 65057][E][WiFiUdp.cpp:221] parsePacket(): could not receive data: 9
[ 65063][E][WiFiUdp.cpp:221] parsePacket(): could not receive data: 9
[ 65069][E][WiFiUdp.cpp:221] parsePacket(): could not receive data: 9
[ 65075][E][WiFiUdp.cpp:221] parsePacket(): could not receive data: 9
[ 65081][E][WiFiUdp.cpp:221] parsePacket(): could not receive data: 9
[ 65087][E][WiFiUdp.cpp:221] parsePacket(): could not receive data: 9
[ 65093][E][WiFiUdp.cpp:221] parsePacket(): could not receive data: 9
[ 65099][E][WiFiUdp.cpp:221] parsePacket(): could not receive data: 9
[ 65105][E][WiFiUdp.cpp:221] parsePacket(): could not receive data: 9
[ 65111][E][WiFiUdp.cpp:221] parsePacket(): could not receive data: 9
[ 65117][E][WiFiUdp.cpp:221] parsePacket(): could not receive data: 9
[ 65123][E][WiFiUdp.cpp:221] parsePacket(): could not receive data: 9
[ 65129][E][WiFiUdp.cpp:221] parsePacket(): could not receive data: 9
[ 65135][E][WiFiUdp.cpp:221] parsePacket(): could not receive data: 9
[ 65141][E][WiFiUdp.cpp:221] parsePacket(): could not receive data: 9
[ 65147][E][WiFiUdp.cpp:221] parsePacket(): could not receive data: 9
[ 65153][E][WiFiUdp.cpp:221] parsePacket(): could not receive data: 9
[ 65159][E][WiFiUdp.cpp:221] parsePacket(): could not receive data: 9
[ 65165][E][WiFiUdp.cpp:221] parsePacket(): could not receive data: 9
[ 65171][E][WiFiUdp.cpp:221] parsePacket(): could not receive data: 9
[ 65176][E][WiFiUdp.cpp:221] parsePacket(): could not receive data: 9
[ 65183][E][WiFiUdp.cpp:221] parsePacket(): could not receive data: 9
[ 65189][E][WiFiUdp.cpp:221] parsePacket(): could not receive data: 9
[ 65195][E][WiFiUdp.cpp:221] parsePacket(): could not receive data: 9
[ 65201][E][WiFiUdp.cpp:221] parsePacket(): could not receive data: 9
[ 65206][E][WiFiUdp.cpp:221] parsePacket(): could not receive data: 9
[ 65213][E][WiFiUdp.cpp:221] parsePacket(): could not receive data: 9
[ 65219][E][WiFiUdp.cpp:221] parsePacket(): could not receive data: 9
[ 65225][E][WiFiUdp.cpp:221] parsePacket(): could not receive data: 9
[ 65231][E][WiFiUdp.cpp:221] parsePacket(): could not receive data: 9
[ 65236][E][WiFiUdp.cpp:221] parsePacket(): could not receive data: 9
[ 65242][E][WiFiUdp.cpp:221] parsePacket(): could not receive data: 9
[ 65248][E][WiFiUdp.cpp:221] parsePacket(): could not receive data: 9
[ 65254][E][WiFiUdp.cpp:221] parsePacket(): could not receive data: 9
[ 65260][E][WiFiUdp.cpp:221] parsePacket(): could not receive data: 9
[ 65266][E][WiFiUdp.cpp:221] parsePacket(): could not receive data: 9
[ 65272][E][WiFiUdp.cpp:221] parsePacket(): could not receive data: 9
[ 65278][E][WiFiUdp.cpp:221] parsePacket(): could not receive data: 9
[ 65284][E][WiFiUdp.cpp:221] parsePacket(): could not receive data: 9
[ 65290][E][WiFiUdp.cpp:221] parsePacket(): could not receive data: 9
[ 65296][E][WiFiUdp.cpp:221] parsePacket(): could not receive data: 9
[ 65302][E][WiFiUdp.cpp:221] parsePacket(): could not receive data: 9
[ 65308][E][WiFiUdp.cpp:221] parsePacket(): could not receive data: 9
[ 65314][E][WiFiUdp.cpp:221] parsePacket(): could not receive data: 9
[ 65320][E][WiFiUdp.cpp:221] parsePacket(): could not receive data: 9
[ 65326][E][WiFiUdp.cpp:221] parsePacket(): could not receive data: 9
[ 65332][E][WiFiUdp.cpp:221] parsePacket(): could not receive data: 9
[ 65338][E][WiFiUdp.cpp:221] parsePacket(): could not receive data: 9
[ 65344][E][WiFiUdp.cpp:221] parsePacket(): could not receive data: 9
[ 65349][E][WiFiUdp.cpp:221] parsePacket(): could not receive data: 9
[ 65355][E][WiFiUdp.cpp:221] parsePacket(): could not receive data: 9
[ 65361][E][WiFiUdp.cpp:221] parsePacket(): could not receive data: 9
[ 65367][E][WiFiUdp.cpp:221] parsePacket(): could not receive data: 9
[ 65373][E][WiFiUdp.cpp:221] parsePacket(): could not receive data: 9
[ 65379][E][WiFiUdp.cpp:221] parsePacket(): could not receive data: 9
[ 65385][E][WiFiUdp.cpp:221] parsePacket(): could not receive data: 9
[ 65391][E][WiFiUdp.cpp:221] parsePacket(): could not receive data: 9
[ 65397][E][WiFiUdp.cpp:221] parsePacket(): could not receive data: 9
[ 65403][E][WiFiUdp.cpp:221] parsePacket(): could not receive data: 9
[ 65409][E][WiFiUdp.cpp:221] parsePacket(): could not receive data: 9
[ 65415][E][WiFiUdp.cpp:221] parsePacket(): could not receive data: 9
[ 65421][E][WiFiUdp.cpp:221] parsePacket(): could not receive data: 9
[ 65427][E][WiFiUdp.cpp:221] parsePacket(): could not receive data: 9
[ 65433][E][WiFiUdp.cpp:221] parsePacket(): could not receive data: 9
[ 65439][E][WiFiUdp.cpp:221] parsePacket(): could not receive data: 9
[ 65445][E][WiFiUdp.cpp:221] parsePacket(): could not receive data: 9
[ 65451][E][WiFiUdp.cpp:221] parsePacket(): could not receive data: 9
[ 65457][E][WiFiUdp.cpp:221] parsePacket(): could not receive data: 9
[ 65463][E][WiFiUdp.cpp:221] parsePacket(): could not receive data: 9
[ 65469][E][WiFiUdp.cpp:221] parsePacket(): could not receive data: 9
[ 65475][E][WiFiUdp.cpp:221] parsePacket(): could not receive data: 9
[ 65481][E][WiFiUdp.cpp:221] parsePacket(): could not receive data: 9
[ 65487][E][WiFiUdp.cpp:221] parsePacket(): could not receive data: 9
[ 65493][E][WiFiUdp.cpp:221] parsePacket(): could not receive data: 9
[ 65499][E][WiFiUdp.cpp:221] parsePacket(): could not receive data: 9
[ 65505][E][WiFiUdp.cpp:221] parsePacket(): could not receive data: 9
[ 65511][E][WiFiUdp.cpp:221] parsePacket(): could not receive data: 9
[ 65517][E][WiFiUdp.cpp:221] parsePacket(): could not receive data: 9
[ 65523][E][WiFiUdp.cpp:221] parsePacket(): could not receive data: 9
[ 65529][E][WiFiUdp.cpp:221] parsePacket(): could not receive data: 9
[ 65535][E][WiFiUdp.cpp:221] parsePacket(): could not receive data: 9
[ 65541][E][WiFiUdp.cpp:221] parsePacket(): could not receive data: 9
[ 65547][E][WiFiUdp.cpp:221] parsePacket(): could not receive data: 9
[ 65553][E][WiFiUdp.cpp:221] parsePacket(): could not receive data: 9
[ 65559][E][WiFiUdp.cpp:221] parsePacket(): could not receive data: 9
[ 65565][E][WiFiUdp.cpp:221] parsePacket(): could not receive data: 9
[ 65571][E][WiFiUdp.cpp:221] parsePacket(): could not receive data: 9
[ 65577][E][WiFiUdp.cpp:221] parsePacket(): could not receive data: 9
[ 65583][E][WiFiUdp.cpp:221] parsePacket(): could not receive data: 9
[ 65589][E][WiFiUdp.cpp:221] parsePacket(): could not receive data: 9
[ 65594][E][WiFiUdp.cpp:221] parsePacket(): could not receive data: 9
[ 65600][E][WiFiUdp.cpp:221] parsePacket(): could not receive data: 9
[ 65606][E][WiFiUdp.cpp:221] parsePacket(): could not receive data: 9
[ 65612][E][WiFiUdp.cpp:221] parsePacket(): could not receive data: 9
[ 65618][E][WiFiUdp.cpp:221] parsePacket(): could not receive data: 9
[ 65624][E][WiFiUdp.cpp:221] parsePacket(): could not receive data: 9
[ 65630][E][WiFiUdp.cpp:221] parsePacket(): could not receive data: 9
[ 65636][E][WiFiUdp.cpp:221] parsePacket(): could not receive data: 9
[ 65642][E][WiFiUdp.cpp:221] parsePacket(): could not receive data: 9
[ 65648][E][WiFiUdp.cpp:221] parsePacket(): could not receive data: 9
[ 65654][E][WiFiUdp.cpp:221] parsePacket(): could not receive data: 9
[ 65660][E][WiFiUdp.cpp:221] parsePacket(): could not receive data: 9
[ 65666][E][WiFiUdp.cpp:221] parsePacket(): could not receive data: 9
[ 65672][E][WiFiUdp.cpp:221] parsePacket(): could not receive data: 9
[ 65678][E][WiFiUdp.cpp:221] parsePacket(): could not receive data: 9
[ 65684][E][WiFiUdp.cpp:221] parsePacket(): could not receive data: 9
[ 65690][E][WiFiUdp.cpp:221] parsePacket(): could not receive data: 9
[ 65696][E][WiFiUdp.cpp:221] parsePacket(): could not receive data: 9
[ 65702][E][WiFiUdp.cpp:221] parsePacket(): could not receive data: 9
[ 65708][E][WiFiUdp.cpp:221] parsePacket(): could not receive data: 9
[ 65714][E][WiFiUdp.cpp:221] parsePacket(): could not receive data: 9
[ 65720][E][WiFiUdp.cpp:221] parsePacket(): could not receive data: 9
[ 65726][E][WiFiUdp.cpp:221] parsePacket(): could not receive data: 9
[ 65732][E][WiFiUdp.cpp:221] parsePacket(): could not receive data: 9
[ 65738][E][WiFiUdp.cpp:221] parsePacket(): could not receive data: 9
[ 65744][E][WiFiUdp.cpp:221] parsePacket(): could not receive data: 9
[ 65750][E][WiFiUdp.cpp:221] parsePacket(): could not receive data: 9
[ 65756][E][WiFiUdp.cpp:221] parsePacket(): could not receive data: 9
[ 65762][E][WiFiUdp.cpp:221] parsePacket(): could not receive data: 9
[ 65768][E][WiFiUdp.cpp:221] parsePacket(): could not receive data: 9
[ 65774][E][WiFiUdp.cpp:221] parsePacket(): could not receive data: 9
[ 65780][E][WiFiUdp.cpp:221] parsePacket(): could not receive data: 9
[ 65786][E][WiFiUdp.cpp:221] parsePacket(): could not receive data: 9
[ 65792][E][WiFiUdp.cpp:221] parsePacket(): could not receive data: 9
[ 65798][E][WiFiUdp.cpp:221] parsePacket(): could not receive data: 9
[ 65804][E][WiFiUdp.cpp:221] parsePacket(): could not receive data: 9
[ 65810][E][WiFiUdp.cpp:221] parsePacket(): could not receive data: 9
[ 65816][E][WiFiUdp.cpp:221] parsePacket(): could not receive data: 9
[ 65822][E][WiFiUdp.cpp:221] parsePacket(): could not receive data: 9
[ 65828][E][WiFiUdp.cpp:221] parsePacket(): could not receive data: 9
[ 65834][E][WiFiUdp.cpp:221] parsePacket(): could not receive data: 9
[ 65840][E][WiFiUdp.cpp:221] parsePacket(): could not receive data: 9
[ 65846][E][WiFiUdp.cpp:221] parsePacket(): could not receive data: 9
[ 65852][E][WiFiUdp.cpp:221] parsePacket(): could not receive data: 9
[ 65858][E][WiFiUdp.cpp:221] parsePacket(): could not receive data: 9
[ 65864][E][WiFiUdp.cpp:221] parsePacket(): could not receive data: 9
[ 65870][E][WiFiUdp.cpp:221] parsePacket(): could not receive data: 9
[ 65876][E][WiFiUdp.cpp:221] parsePacket(): could not receive data: 9
[ 65882][E][WiFiUdp.cpp:221] parsePacket(): could not receive data: 9
[ 65888][E][WiFiUdp.cpp:221] parsePacket(): could not receive data: 9
[ 65894][E][WiFiUdp.cpp:221] parsePacket(): could not receive data: 9
[ 65900][E][WiFiUdp.cpp:221] parsePacket(): could not receive data: 9
[ 65906][E][WiFiUdp.cpp:221] parsePacket(): could not receive data: 9
[ 65912][E][WiFiUdp.cpp:221] parsePacket(): could not receive data: 9
[ 65918][E][WiFiUdp.cpp:221] parsePacket(): could not receive data: 9
[ 65924][E][WiFiUdp.cpp:221] parsePacket(): could not receive data: 9
[ 65930][E][WiFiUdp.cpp:221] parsePacket(): could not receive data: 9
[ 65936][E][WiFiUdp.cpp:221] parsePacket(): could not receive data: 9
[ 65942][E][WiFiUdp.cpp:221] parsePacket(): could not receive data: 9
[ 65948][E][WiFiUdp.cpp:221] parsePacket(): could not receive data: 9
[ 65954][E][WiFiUdp.cpp:221] parsePacket(): could not receive data: 9
[ 65960][E][WiFiUdp.cpp:221] parsePacket(): could not receive data: 9
[ 65966][E][WiFiUdp.cpp:221] parsePacket(): could not receive data: 9
[ 65972][E][WiFiUdp.cpp:221] parsePacket(): could not receive data: 9
[ 65978][E][WiFiUdp.cpp:221] parsePacket(): could not receive data: 9
[ 65984][E][WiFiUdp.cpp:221] parsePacket(): could not receive data: 9
[ 65990][E][WiFiUdp.cpp:221] parsePacket(): could not receive data: 9
[ 65996][E][WiFiUdp.cpp:221] parsePacket(): could not receive data: 9
[ 66002][E][WiFiUdp.cpp:221] parsePacket(): could not receive data: 9
[ 66008][E][WiFiUdp.cpp:221] parsePacket(): could not receive data: 9
[ 66014][E][WiFiUdp.cpp:221] parsePacket(): could not receive data: 9
[ 66020][E][WiFiUdp.cpp:221] parsePacket(): could not receive data: 9
[ 66026][E][WiFiUdp.cpp:221] parsePacket(): could not receive data: 9
[ 66032][E][WiFiUdp.cpp:221] parsePacket(): could not receive data: 9
[ 66038][E][WiFiUdp.cpp:221] parsePacket(): could not receive data: 9
[ 66044][E][WiFiUdp.cpp:221] parsePacket(): could not receive data: 9
[ 66050][E][WiFiUdp.cpp:221] parsePacket(): could not receive data: 9
[ 66056][E][WiFiUdp.cpp:221] parsePacket(): could not receive data: 9
[ 66062][E][WiFiUdp.cpp:221] parsePacket(): could not receive data: 9
[ 66067][E][WiFiUdp.cpp:221] parsePacket(): could not receive data: 9
[ 66073][E][WiFiUdp.cpp:221] parsePacket(): could not receive data: 9
[ 66079][E][WiFiUdp.cpp:221] parsePacket(): could not receive data: 9
[ 66085][E][WiFiUdp.cpp:221] parsePacket(): could not receive data: 9
[ 66091][E][WiFiUdp.cpp:221] parsePacket(): could not receive data: 9
[ 66097][E][WiFiUdp.cpp:221] parsePacket(): could not receive data: 9
[ 66103][E][WiFiUdp.cpp:221] parsePacket(): could not receive data: 9
[ 66109][E][WiFiUdp.cpp:221] parsePacket(): could not receive data: 9
[ 66115][E][WiFiUdp.cpp:221] parsePacket(): could not receive data: 9
[ 66121][E][WiFiUdp.cpp:221] parsePacket(): could not receive data: 9
[ 66127][E][WiFiUdp.cpp:221] parsePacket(): could not receive data: 9
[ 66133][E][WiFiUdp.cpp:221] parsePacket(): could not receive data: 9
[ 66138][E][WiFiUdp.cpp:221] parsePacket(): could not receive data: 9
[ 66145][E][WiFiUdp.cpp:221] parsePacket(): could not receive data: 9
[ 66151][E][WiFiUdp.cpp:221] parsePacket(): could not receive data: 9
[ 66157][E][WiFiUdp.cpp:221] parsePacket(): could not receive data: 9
[ 66163][E][WiFiUdp.cpp:221] parsePacket(): could not receive data: 9
[ 66169][E][WiFiUdp.cpp:221] parsePacket(): could not receive data: 9
[ 66175][E][WiFiUdp.cpp:221] parsePacket(): could not receive data: 9
[ 66181][E][WiFiUdp.cpp:221] parsePacket(): could not receive data: 9
[ 66187][E][WiFiUdp.cpp:221] parsePacket(): could not receive data: 9
[ 66193][E][WiFiUdp.cpp:221] parsePacket(): could not receive data: 9
[ 66199][E][WiFiUdp.cpp:221] parsePacket(): could not receive data: 9
[ 66205][E][WiFiUdp.cpp:221] parsePacket(): could not receive data: 9
[ 66211][E][WiFiUdp.cpp:221] parsePacket(): could not receive data: 9
[ 66217][E][WiFiUdp.cpp:221] parsePacket(): could not receive data: 9
[ 66223][E][WiFiUdp.cpp:221] parsePacket(): could not receive data: 9
[ 66229][E][WiFiUdp.cpp:221] parsePacket(): could not receive data: 9
[ 66235][E][WiFiUdp.cpp:221] parsePacket(): could not receive data: 9
[ 66241][E][WiFiUdp.cpp:221] parsePacket(): could not receive data: 9
[ 66247][E][WiFiUdp.cpp:221] parsePacket(): could not receive data: 9
[ 66253][E][WiFiUdp.cpp:221] parsePacket(): could not receive data: 9
[ 66259][E][WiFiUdp.cpp:221] parsePacket(): could not receive data: 9
[ 66265][E][WiFiUdp.cpp:221] parsePacket(): could not receive data: 9
[ 66271][E][WiFiUdp.cpp:221] parsePacket(): could not receive data: 9
[ 66277][E][WiFiUdp.cpp:221] parsePacket(): could not receive data: 9
[ 66283][E][WiFiUdp.cpp:221] parsePacket(): could not receive data: 9
[ 66289][E][WiFiUdp.cpp:221] parsePacket(): could not receive data: 9
[ 66295][E][WiFiUdp.cpp:221] parsePacket(): could not receive data: 9
[ 66301][E][WiFiUdp.cpp:221] parsePacket(): could not receive data: 9
[ 66307][E][WiFiUdp.cpp:221] parsePacket(): could not receive data: 9
[ 66313][E][WiFiUdp.cpp:221] parsePacket(): could not receive data: 9
[ 66319][E][WiFiUdp.cpp:221] parsePacket(): could not receive data: 9
[ 66325][E][WiFiUdp.cpp:221] parsePacket(): could not receive data: 9
[ 66331][E][WiFiUdp.cpp:221] parsePacket(): could not receive data: 9
[ 66337][E][WiFiUdp.cpp:221] parsePacket(): could not receive data: 9
[ 66343][E][WiFiUdp.cpp:221] parsePacket(): could not receive data: 9
[ 66349][E][WiFiUdp.cpp:221] parsePacket(): could not receive data: 9
[ 66355][E][WiFiUdp.cpp:221] parsePacket(): could not receive data: 9
[ 66361][E][WiFiUdp.cpp:221] parsePacket(): could not receive data: 9
[ 66367][E][WiFiUdp.cpp:221] parsePacket(): could not receive data: 9
[ 66373][E][WiFiUdp.cpp:221] parsePacket(): could not receive data: 9
[ 66379][E][WiFiUdp.cpp:221] parsePacket(): could not receive data: 9
[ 66385][E][WiFiUdp.cpp:221] parsePacket(): could not receive data: 9
[ 66391][E][WiFiUdp.cpp:221] parsePacket(): could not receive data: 9
[ 66397][E][WiFiUdp.cpp:221] parsePacket(): could not receive data: 9
[ 66403][E][WiFiUdp.cpp:221] parsePacket(): could not receive data: 9
[ 66409][E][WiFiUdp.cpp:221] parsePacket(): could not receive data: 9
[ 66415][E][WiFiUdp.cpp:221] parsePacket(): could not receive data: 9
[ 66421][E][WiFiUdp.cpp:221] parsePacket(): could not receive data: 9
[ 66427][E][WiFiUdp.cpp:221] parsePacket(): could not receive data: 9
[ 66433][E][WiFiUdp.cpp:221] parsePacket(): could not receive data: 9
[ 66439][E][WiFiUdp.cpp:221] parsePacket(): could not receive data: 9
[ 66445][E][WiFiUdp.cpp:221] parsePacket(): could not receive data: 9
[ 66451][E][WiFiUdp.cpp:221] parsePacket(): could not receive data: 9
[ 66457][E][WiFiUdp.cpp:221] parsePacket(): could not receive data: 9
[ 66463][E][WiFiUdp.cpp:221] parsePacket(): could not receive data: 9
[ 66469][E][WiFiUdp.cpp:221] parsePacket(): could not receive data: 9
[ 66475][E][WiFiUdp.cpp:221] parsePacket(): could not receive data: 9
[ 66481][E][WiFiUdp.cpp:221] parsePacket(): could not receive data: 9
[ 66487][E][WiFiUdp.cpp:221] parsePacket(): could not receive data: 9
[ 66493][E][WiFiUdp.cpp:221] parsePacket(): could not receive data: 9
[ 66499][E][WiFiUdp.cpp:221] parsePacket(): could not receive data: 9
[ 66505][E][WiFiUdp.cpp:221] parsePacket(): could not receive data: 9
[ 66511][E][WiFiUdp.cpp:221] parsePacket(): could not receive data: 9
[ 66517][E][WiFiUdp.cpp:221] parsePacket(): could not receive data: 9
[ 66523][E][WiFiUdp.cpp:221] parsePacket(): could not receive data: 9
[ 66529][E][WiFiUdp.cpp:221] parsePacket(): could not receive data: 9
[ 66535][E][WiFiUdp.cpp:221] parsePacket(): could not receive data: 9
[ 66541][E][WiFiUdp.cpp:221] parsePacket(): could not receive data: 9
[ 66547][E][WiFiUdp.cpp:221] parsePacket(): could not receive data: 9
[ 66553][E][WiFiUdp.cpp:221] parsePacket(): could not receive data: 9
[ 66559][E][WiFiUdp.cpp:221] parsePacket(): could not receive data: 9
[ 66565][E][WiFiUdp.cpp:221] parsePacket(): could not receive data: 9
[ 66571][E][WiFiUdp.cpp:221] parsePacket(): could not receive data: 9
[ 66577][E][WiFiUdp.cpp:221] parsePacket(): could not receive data: 9
[ 66583][E][WiFiUdp.cpp:221] parsePacket(): could not receive data: 9
[ 66589][E][WiFiUdp.cpp:221] parsePacket(): could not receive data: 9
[ 66595][E][WiFiUdp.cpp:221] parsePacket(): could not receive data: 9
[ 66601][E][WiFiUdp.cpp:221] parsePacket(): could not receive data: 9
[ 66606][E][WiFiUdp.cpp:221] parsePacket(): could not receive data: 9
[ 66612][E][WiFiUdp.cpp:221] parsePacket(): could not receive data: 9
[ 66618][E][WiFiUdp.cpp:221] parsePacket(): could not receive data: 9
[ 66624][E][WiFiUdp.cpp:221] parsePacket(): could not receive data: 9
[ 66630][E][WiFiUdp.cpp:221] parsePacket(): could not receive data: 9
[ 66636][E][WiFiUdp.cpp:221] parsePacket(): could not receive data: 9
[ 66642][E][WiFiUdp.cpp:221] parsePacket(): could not receive data: 9
[ 66648][E][WiFiUdp.cpp:221] parsePacket(): could not receive data: 9
[ 66654][E][WiFiUdp.cpp:221] parsePacket(): could not receive data: 9
[ 66660][E][WiFiUdp.cpp:221] parsePacket(): could not receive data: 9
[ 66666][E][WiFiUdp.cpp:221] parsePacket(): could not receive data: 9
[ 66672][E][WiFiUdp.cpp:221] parsePacket(): could not receive data: 9
[ 66678][E][WiFiUdp.cpp:221] parsePacket(): could not receive data: 9
[ 66684][E][WiFiUdp.cpp:221] parsePacket(): could not receive data: 9
[ 66690][E][WiFiUdp.cpp:221] parsePacket(): could not receive data: 9
[ 66696][E][WiFiUdp.cpp:221] parsePacket(): could not receive data: 9
[ 66701][E][WiFiUdp.cpp:221] parsePacket(): could not receive data: 9
[ 66707][E][WiFiUdp.cpp:221] parsePacket(): could not receive data: 9
[ 66712][E][WiFiUdp.cpp:221] parsePacket(): could not receive data: 9
[ 66718][E][WiFiUdp.cpp:221] parsePacket(): could not receive data: 9
[ 66724][E][WiFiUdp.cpp:221] parsePacket(): could not receive data: 9
[ 66730][E][WiFiUdp.cpp:221] parsePacket(): could not receive data: 9
[ 66736][E][WiFiUdp.cpp:221] parsePacket(): could not receive data: 9
[ 66742][E][WiFiUdp.cpp:221] parsePacket(): could not receive data: 9
[ 66748][E][WiFiUdp.cpp:221] parsePacket(): could not receive data: 9
[ 66754][E][WiFiUdp.cpp:221] parsePacket(): could not receive data: 9
[ 66760][E][WiFiUdp.cpp:221] parsePacket(): could not receive data: 9
[ 66766][E][WiFiUdp.cpp:221] parsePacket(): could not receive data: 9
[ 66772][E][WiFiUdp.cpp:221] parsePacket(): could not receive data: 9
[ 66778][E][WiFiUdp.cpp:221] parsePacket(): could not receive data: 9
[ 66784][E][WiFiUdp.cpp:221] parsePacket(): could not receive data: 9
[ 66789][E][WiFiUdp.cpp:221] parsePacket(): could not receive data: 9
[ 66795][E][WiFiUdp.cpp:221] parsePacket(): could not receive data: 9
[ 66801][E][WiFiUdp.cpp:221] parsePacket(): could not receive data: 9
[ 66807][E][WiFiUdp.cpp:221] parsePacket(): could not receive data: 9
[ 66813][E][WiFiUdp.cpp:221] parsePacket(): could not receive data: 9
[ 66819][E][WiFiUdp.cpp:221] parsePacket(): could not receive data: 9
[ 66825][E][WiFiUdp.cpp:221] parsePacket(): could not receive data: 9
[ 66831][E][WiFiUdp.cpp:221] parsePacket(): could not receive data: 9
[ 66837][E][WiFiUdp.cpp:221] parsePacket(): could not receive data: 9
[ 66843][E][WiFiUdp.cpp:221] parsePacket(): could not receive data: 9
[ 66849][E][WiFiUdp.cpp:221] parsePacket(): could not receive data: 9
[ 66855][E][WiFiUdp.cpp:221] parsePacket(): could not receive data: 9
[ 66861][E][WiFiUdp.cpp:221] parsePacket(): could not receive data: 9
[ 66867][E][WiFiUdp.cpp:221] parsePacket(): could not receive data: 9
[ 66873][E][WiFiUdp.cpp:221] parsePacket(): could not receive data: 9
[ 66879][E][WiFiUdp.cpp:221] parsePacket(): could not receive data: 9
[ 66885][E][WiFiUdp.cpp:221] parsePacket(): could not receive data: 9
[ 66891][E][WiFiUdp.cpp:221] parsePacket(): could not receive data: 9
[ 66897][E][WiFiUdp.cpp:221] parsePacket(): could not receive data: 9
[ 66903][E][WiFiUdp.cpp:221] parsePacket(): could not receive data: 9
[ 66909][E][WiFiUdp.cpp:221] parsePacket(): could not receive data: 9
[ 66915][E][WiFiUdp.cpp:221] parsePacket(): could not receive data: 9
[ 66921][E][WiFiUdp.cpp:221] parsePacket(): could not receive data: 9
[ 66927][E][WiFiUdp.cpp:221] parsePacket(): could not receive data: 9
[ 66933][E][WiFiUdp.cpp:221] parsePacket(): could not receive data: 9
[ 66939][E][WiFiUdp.cpp:221] parsePacket(): could not receive data: 9
[ 66944][E][WiFiUdp.cpp:221] parsePacket(): could not receive data: 9
[ 66950][E][WiFiUdp.cpp:221] parsePacket(): could not receive data: 9
[ 66956][E][WiFiUdp.cpp:221] parsePacket(): could not receive data: 9
[ 66962][E][WiFiUdp.cpp:221] parsePacket(): could not receive data: 9
[ 66968][E][WiFiUdp.cpp:221] parsePacket(): could not receive data: 9
[ 66974][E][WiFiUdp.cpp:221] parsePacket(): could not receive data: 9
[ 66980][E][WiFiUdp.cpp:221] parsePacket(): could not receive data: 9
[ 66986][E][WiFiUdp.cpp:221] parsePacket(): could not receive data: 9
[ 66992][E][WiFiUdp.cpp:221] parsePacket(): could not receive data: 9
[ 66998][E][WiFiUdp.cpp:221] parsePacket(): could not receive data: 9
[ 67004][E][WiFiUdp.cpp:221] parsePacket(): could not receive data: 9
[ 67010][E][WiFiUdp.cpp:221] parsePacket(): could not receive data: 9
[ 67016][E][WiFiUdp.cpp:221] parsePacket(): could not receive data: 9
[ 67022][E][WiFiUdp.cpp:221] parsePacket(): could not receive data: 9
[ 67028][E][WiFiUdp.cpp:221] parsePacket(): could not receive data: 9
[ 67034][E][WiFiUdp.cpp:221] parsePacket(): could not receive data: 9
[ 67040][E][WiFiUdp.cpp:221] parsePacket(): could not receive data: 9
[ 67046][E][WiFiUdp.cpp:221] parsePacket(): could not receive data: 9
[ 67052][E][WiFiUdp.cpp:221] parsePacket(): could not receive data: 9
[ 67058][E][WiFiUdp.cpp:221] parsePacket(): could not receive data: 9
[ 67064][E][WiFiUdp.cpp:221] parsePacket(): could not receive data: 9
[ 67070][E][WiFiUdp.cpp:221] parsePacket(): could not receive data: 9
[ 67076][E][WiFiUdp.cpp:221] parsePacket(): could not receive data: 9
[ 67082][E][WiFiUdp.cpp:221] parsePacket(): could not receive data: 9
[ 67088][E][WiFiUdp.cpp:221] parsePacket(): could not receive data: 9
[ 67094][E][WiFiUdp.cpp:221] parsePacket(): could not receive data: 9
[ 67100][E][WiFiUdp.cpp:221] parsePacket(): could not receive data: 9
[ 67106][E][WiFiUdp.cpp:221] parsePacket(): could not receive data: 9
[ 67112][E][WiFiUdp.cpp:221] parsePacket(): could not receive data: 9
[ 67118][E][WiFiUdp.cpp:221] parsePacket(): could not receive data: 9
[ 67124][E][WiFiUdp.cpp:221] parsePacket(): could not receive data: 9
[ 67130][E][WiFiUdp.cpp:221] parsePacket(): could not receive data: 9
[ 67136][E][WiFiUdp.cpp:221] parsePacket(): could not receive data: 9
[ 67142][E][WiFiUdp.cpp:221] parsePacket(): could not receive data: 9
[ 67148][E][WiFiUdp.cpp:221] parsePacket(): could not receive data: 9
[ 67154][E][WiFiUdp.cpp:221] parsePacket(): could not receive data: 9
[ 67160][E][WiFiUdp.cpp:221] parsePacket(): could not receive data: 9
[ 67166][E][WiFiUdp.cpp:221] parsePacket(): could not receive data: 9
[ 67172][E][WiFiUdp.cpp:221] parsePacket(): could not receive data: 9
[ 67178][E][WiFiUdp.cpp:221] parsePacket(): could not receive data: 9
[ 67184][E][WiFiUdp.cpp:221] parsePacket(): could not receive data: 9
[ 67190][E][WiFiUdp.cpp:221] parsePacket(): could not receive data: 9
[ 67196][E][WiFiUdp.cpp:221] parsePacket(): could not receive data: 9
[ 67202][E][WiFiUdp.cpp:221] parsePacket(): could not receive data: 9
[ 67208][E][WiFiUdp.cpp:221] parsePacket(): could not receive data: 9
[ 67214][E][WiFiUdp.cpp:221] parsePacket(): could not receive data: 9
[ 67220][E][WiFiUdp.cpp:221] parsePacket(): could not receive data: 9
[ 67226][E][WiFiUdp.cpp:221] parsePacket(): could not receive data: 9
[ 67232][E][WiFiUdp.cpp:221] parsePacket(): could not receive data: 9
[ 67238][E][WiFiUdp.cpp:221] parsePacket(): could not receive data: 9
[ 67244][E][WiFiUdp.cpp:221] parsePacket(): could not receive data: 9
[ 67250][E][WiFiUdp.cpp:221] parsePacket(): could not receive data: 9
[ 67256][E][WiFiUdp.cpp:221] parsePacket(): could not receive data: 9
[ 67262][E][WiFiUdp.cpp:221] parsePacket(): could not receive data: 9
[ 67268][E][WiFiUdp.cpp:221] parsePacket(): could not receive data: 9
[ 67274][E][WiFiUdp.cpp:221] parsePacket(): could not receive data: 9
[ 67280][E][WiFiUdp.cpp:221] parsePacket(): could not receive data: 9
[ 67286][E][WiFiUdp.cpp:221] parsePacket(): could not receive data: 9
[ 67292][E][WiFiUdp.cpp:221] parsePacket(): could not receive data: 9
[ 67298][E][WiFiUdp.cpp:221] parsePacket(): could not receive data: 9
[ 67304][E][WiFiUdp.cpp:221] parsePacket(): could not receive data: 9
[ 67309][E][WiFiUdp.cpp:221] parsePacket(): could not receive data: 9
[ 67316][E][WiFiUdp.cpp:221] parsePacket(): could not receive data: 9
[ 67322][E][WiFiUdp.cpp:221] parsePacket(): could not receive data: 9
[ 67327][E][WiFiUdp.cpp:221] parsePacket(): could not receive data: 9
[ 67333][E][WiFiUdp.cpp:221] parsePacket(): could not receive data: 9
[ 67339][E][WiFiUdp.cpp:221] parsePacket(): could not receive data: 9
[ 67345][E][WiFiUdp.cpp:221] parsePacket(): could not receive data: 9
[ 67351][E][WiFiUdp.cpp:221] parsePacket(): could not receive data: 9
[ 67356][E][WiFiUdp.cpp:221] parsePacket(): could not receive data: 9
[ 67362][E][WiFiUdp.cpp:221] parsePacket(): could not receive data: 9
[ 67369][E][WiFiUdp.cpp:221] parsePacket(): could not receive data: 9
[ 67375][E][WiFiUdp.cpp:221] parsePacket(): could not receive data: 9
[ 67380][E][WiFiUdp.cpp:221] parsePacket(): could not receive data: 9
[ 67386][E][WiFiUdp.cpp:221] parsePacket(): could not receive data: 9
[ 67393][E][WiFiUdp.cpp:221] parsePacket(): could not receive data: 9
[ 67399][E][WiFiUdp.cpp:221] parsePacket(): could not receive data: 9
[ 67405][E][WiFiUdp.cpp:221] parsePacket(): could not receive data: 9
[ 67411][E][WiFiUdp.cpp:221] parsePacket(): could not receive data: 9
[ 67417][E][WiFiUdp.cpp:221] parsePacket(): could not receive data: 9
[ 67423][E][WiFiUdp.cpp:221] parsePacket(): could not receive data: 9
[ 67429][E][WiFiUdp.cpp:221] parsePacket(): could not receive data: 9
[ 67435][E][WiFiUdp.cpp:221] parsePacket(): could not receive data: 9
[ 67441][E][WiFiUdp.cpp:221] parsePacket(): could not receive data: 9
[ 67447][E][WiFiUdp.cpp:221] parsePacket(): could not receive data: 9
[ 67453][E][WiFiUdp.cpp:221] parsePacket(): could not receive data: 9
[ 67459][E][WiFiUdp.cpp:221] parsePacket(): could not receive data: 9
[ 67465][E][WiFiUdp.cpp:221] parsePacket(): could not receive data: 9
[ 67471][E][WiFiUdp.cpp:221] parsePacket(): could not receive data: 9
[ 67477][E][WiFiUdp.cpp:221] parsePacket(): could not receive data: 9
[ 67483][E][WiFiUdp.cpp:221] parsePacket(): could not receive data: 9
[ 67489][E][WiFiUdp.cpp:221] parsePacket(): could not receive data: 9
[ 67495][E][WiFiUdp.cpp:221] parsePacket(): could not receive data: 9
[ 67501][E][WiFiUdp.cpp:221] parsePacket(): could not receive data: 9
[ 67507][E][WiFiUdp.cpp:221] parsePacket(): could not receive data: 9
[ 67513][E][WiFiUdp.cpp:221] parsePacket(): could not receive data: 9
[ 67519][E][WiFiUdp.cpp:221] parsePacket(): could not receive data: 9
[ 67525][E][WiFiUdp.cpp:221] parsePacket(): could not receive data: 9
[ 67531][E][WiFiUdp.cpp:221] parsePacket(): could not receive data: 9
[ 67537][E][WiFiUdp.cpp:221] parsePacket(): could not receive data: 9
[ 67543][E][WiFiUdp.cpp:221] parsePacket(): could not receive data: 9
[ 67549][E][WiFiUdp.cpp:221] parsePacket(): could not receive data: 9
[ 67554][E][WiFiUdp.cpp:221] parsePacket(): could not receive data: 9
[ 67561][E][WiFiUdp.cpp:221] parsePacket(): could not receive data: 9
[ 67567][E][WiFiUdp.cpp:221] parsePacket(): could not receive data: 9
[ 67573][E][WiFiUdp.cpp:221] parsePacket(): could not receive data: 9
[ 67579][E][WiFiUdp.cpp:221] parsePacket(): could not receive data: 9
[ 67585][E][WiFiUdp.cpp:221] parsePacket(): could not receive data: 9
[ 67591][E][WiFiUdp.cpp:221] parsePacket(): could not receive data: 9
[ 67597][E][WiFiUdp.cpp:221] parsePacket(): could not receive data: 9
[ 67603][E][WiFiUdp.cpp:221] parsePacket(): could not receive data: 9
[ 67609][E][WiFiUdp.cpp:221] parsePacket(): could not receive data: 9
[ 67615][E][WiFiUdp.cpp:221] parsePacket(): could not receive data: 9
[ 67621][E][WiFiUdp.cpp:221] parsePacket(): could not receive data: 9
[ 67627][E][WiFiUdp.cpp:221] parsePacket(): could not receive data: 9
[ 67633][E][WiFiUdp.cpp:221] parsePacket(): could not receive data: 9
[ 67639][E][WiFiUdp.cpp:221] parsePacket(): could not receive data: 9
[ 67646][E][WiFiUdp.cpp:221] parsePacket(): could not receive data: 9
[ 67652][E][WiFiUdp.cpp:221] parsePacket(): could not receive data: 9
[ 67658][E][WiFiUdp.cpp:221] parsePacket(): could not receive data: 9
[ 67664][E][WiFiUdp.cpp:221] parsePacket(): could not receive data: 9
[ 67670][E][WiFiUdp.cpp:221] parsePacket(): could not receive data: 9
[ 67676][E][WiFiUdp.cpp:221] parsePacket(): could not receive data: 9
[ 67682][E][WiFiUdp.cpp:221] parsePacket(): could not receive data: 9
[ 67688][E][WiFiUdp.cpp:221] parsePacket(): could not receive data: 9
[ 67694][E][WiFiUdp.cpp:221] parsePacket(): could not receive data: 9
[ 67700][E][WiFiUdp.cpp:221] parsePacket(): could not receive data: 9
[ 67706][E][WiFiUdp.cpp:221] parsePacket(): could not receive data: 9
[ 67712][E][WiFiUdp.cpp:221] parsePacket(): could not receive data: 9
[ 67718][E][WiFiUdp.cpp:221] parsePacket(): could not receive data: 9
[ 67724][E][WiFiUdp.cpp:221] parsePacket(): could not receive data: 9
[ 67730][E][WiFiUdp.cpp:221] parsePacket(): could not receive data: 9
[ 67736][E][WiFiUdp.cpp:221] parsePacket(): could not receive data: 9
[ 67742][E][WiFiUdp.cpp:221] parsePacket(): could not receive data: 9
[ 67748][E][WiFiUdp.cpp:221] parsePacket(): could not receive data: 9
[ 67754][E][WiFiUdp.cpp:221] parsePacket(): could not receive data: 9
[ 67760][E][WiFiUdp.cpp:221] parsePacket(): could not receive data: 9
[ 67766][E][WiFiUdp.cpp:221] parsePacket(): could not receive data: 9
[ 67772][E][WiFiUdp.cpp:221] parsePacket(): could not receive data: 9
[ 67778][E][WiFiUdp.cpp:221] parsePacket(): could not receive data: 9
[ 67784][E][WiFiUdp.cpp:221] parsePacket(): could not receive data: 9
[ 67790][E][WiFiUdp.cpp:221] parsePacket(): could not receive data: 9
[ 67796][E][WiFiUdp.cpp:221] parsePacket(): could not receive data: 9
[ 67802][E][WiFiUdp.cpp:221] parsePacket(): could not receive data: 9
[ 67808][E][WiFiUdp.cpp:221] parsePacket(): could not receive data: 9
[ 67814][E][WiFiUdp.cpp:221] parsePacket(): could not receive data: 9
[ 67820][E][WiFiUdp.cpp:221] parsePacket(): could not receive data: 9
[ 67826][E][WiFiUdp.cpp:221] parsePacket(): could not receive data: 9
[ 67832][E][WiFiUdp.cpp:221] parsePacket(): could not receive data: 9
[ 67838][E][WiFiUdp.cpp:221] parsePacket(): could not receive data: 9
[ 67844][E][WiFiUdp.cpp:221] parsePacket(): could not receive data: 9
[ 67850][E][WiFiUdp.cpp:221] parsePacket(): could not receive data: 9
[ 67856][E][WiFiUdp.cpp:221] parsePacket(): could not receive data: 9
[ 67862][E][WiFiUdp.cpp:221] parsePacket(): could not receive data: 9
[ 67868][E][WiFiUdp.cpp:221] parsePacket(): could not receive data: 9
[ 67874][E][WiFiUdp.cpp:221] parsePacket(): could not receive data: 9
[ 67880][E][WiFiUdp.cpp:221] parsePacket(): could not receive data: 9
[ 67886][E][WiFiUdp.cpp:221] parsePacket(): could not receive data: 9
[ 67892][E][WiFiUdp.cpp:221] parsePacket(): could not receive data: 9
[ 67898][E][WiFiUdp.cpp:221] parsePacket(): could not receive data: 9
[ 67904][E][WiFiUdp.cpp:221] parsePacket(): could not receive data: 9
[ 67910][E][WiFiUdp.cpp:221] parsePacket(): could not receive data: 9
[ 67916][E][WiFiUdp.cpp:221] parsePacket(): could not receive data: 9
[ 67922][E][WiFiUdp.cpp:221] parsePacket(): could not receive data: 9
[ 67928][E][WiFiUdp.cpp:221] parsePacket(): could not receive data: 9
[ 67934][E][WiFiUdp.cpp:221] parsePacket(): could not receive data: 9
[ 67940][E][WiFiUdp.cpp:221] parsePacket(): could not receive data: 9
[ 67946][E][WiFiUdp.cpp:221] parsePacket(): could not receive data: 9
[ 67952][E][WiFiUdp.cpp:221] parsePacket(): could not receive data: 9
[ 67958][E][WiFiUdp.cpp:221] parsePacket(): could not receive data: 9
[ 67964][E][WiFiUdp.cpp:221] parsePacket(): could not receive data: 9
[ 67970][E][WiFiUdp.cpp:221] parsePacket(): could not receive data: 9
[ 67976][E][WiFiUdp.cpp:221] parsePacket(): could not receive data: 9
[ 67982][E][WiFiUdp.cpp:221] parsePacket(): could not receive data: 9
[ 67988][E][WiFiUdp.cpp:221] parsePacket(): could not receive data: 9
[ 67994][E][WiFiUdp.cpp:221] parsePacket(): could not receive data: 9
[ 68000][E][WiFiUdp.cpp:221] parsePacket(): could not receive data: 9
[ 68006][E][WiFiUdp.cpp:221] parsePacket(): could not receive data: 9
[ 68012][E][WiFiUdp.cpp:221] parsePacket(): could not receive data: 9
[ 68018][E][WiFiUdp.cpp:221] parsePacket(): could not receive data: 9
[ 68024][E][WiFiUdp.cpp:221] parsePacket(): could not receive data: 9
[ 68030][E][WiFiUdp.cpp:221] parsePacket(): could not receive data: 9
[ 68036][E][WiFiUdp.cpp:221] parsePacket(): could not receive data: 9
[ 68042][E][WiFiUdp.cpp:221] parsePacket(): could not receive data: 9
[ 68048][E][WiFiUdp.cpp:221] parsePacket(): could not receive data: 9
[ 68054][E][WiFiUdp.cpp:221] parsePacket(): could not receive data: 9
[ 68060][E][WiFiUdp.cpp:221] parsePacket(): could not receive data: 9
[ 68066][E][WiFiUdp.cpp:221] parsePacket(): could not receive data: 9
[ 68072][E][WiFiUdp.cpp:221] parsePacket(): could not receive data: 9
[ 68078][E][WiFiUdp.cpp:221] parsePacket(): could not receive data: 9
[ 68084][E][WiFiUdp.cpp:221] parsePacket(): could not receive data: 9
[ 68090][E][WiFiUdp.cpp:221] parsePacket(): could not receive data: 9
[ 68096][E][WiFiUdp.cpp:221] parsePacket(): could not receive data: 9
[ 68102][E][WiFiUdp.cpp:221] parsePacket(): could not receive data: 9
[ 68108][E][WiFiUdp.cpp:221] parsePacket(): could not receive data: 9
[ 68114][E][WiFiUdp.cpp:221] parsePacket(): could not receive data: 9
[ 68120][E][WiFiUdp.cpp:221] parsePacket(): could not receive data: 9
[ 68126][E][WiFiUdp.cpp:221] parsePacket(): could not receive data: 9
[ 68132][E][WiFiUdp.cpp:221] parsePacket(): could not receive data: 9
[ 68138][E][WiFiUdp.cpp:221] parsePacket(): could not receive data: 9
[ 68144][E][WiFiUdp.cpp:221] parsePacket(): could not receive data: 9
[ 68150][E][WiFiUdp.cpp:221] parsePacket(): could not receive data: 9
[ 68156][E][WiFiUdp.cpp:221] parsePacket(): could not receive data: 9
[ 68162][E][WiFiUdp.cpp:221] parsePacket(): could not receive data: 9
[ 68168][E][WiFiUdp.cpp:221] parsePacket(): could not receive data: 9
[ 68174][E][WiFiUdp.cpp:221] parsePacket(): could not receive data: 9
[ 68180][E][WiFiUdp.cpp:221] parsePacket(): could not receive data: 9
[ 68186][E][WiFiUdp.cpp:221] parsePacket(): could not receive data: 9
[ 68192][E][WiFiUdp.cpp:221] parsePacket(): could not receive data: 9
[ 68198][E][WiFiUdp.cpp:221] parsePacket(): could not receive data: 9
[ 68204][E][WiFiUdp.cpp:221] parsePacket(): could not receive data: 9
[ 68210][E][WiFiUdp.cpp:221] parsePacket(): could not receive data: 9
[ 68216][E][WiFiUdp.cpp:221] parsePacket(): could not receive data: 9
[ 68222][E][WiFiUdp.cpp:221] parsePacket(): could not receive data: 9
[ 68228][E][WiFiUdp.cpp:221] parsePacket(): could not receive data: 9
[ 68234][E][WiFiUdp.cpp:221] parsePacket(): could not receive data: 9
[ 68240][E][WiFiUdp.cpp:221] parsePacket(): could not receive data: 9
[ 68246][E][WiFiUdp.cpp:221] parsePacket(): could not receive data: 9
[ 68252][E][WiFiUdp.cpp:221] parsePacket(): could not receive data: 9
[ 68258][E][WiFiUdp.cpp:221] parsePacket(): could not receive data: 9
[ 68264][E][WiFiUdp.cpp:221] parsePacket(): could not receive data: 9
[ 68270][E][WiFiUdp.cpp:221] parsePacket(): could not receive data: 9
[ 68276][E][WiFiUdp.cpp:221] parsePacket(): could not receive data: 9
[ 68282][E][WiFiUdp.cpp:221] parsePacket(): could not receive data: 9
[ 68288][E][WiFiUdp.cpp:221] parsePacket(): could not receive data: 9
[ 68294][E][WiFiUdp.cpp:221] parsePacket(): could not receive data: 9
[ 68300][E][WiFiUdp.cpp:221] parsePacket(): could not receive data: 9
[ 68306][E][WiFiUdp.cpp:221] parsePacket(): could not receive data: 9
[ 68312][E][WiFiUdp.cpp:221] parsePacket(): could not receive data: 9
[ 68318][E][WiFiUdp.cpp:221] parsePacket(): could not receive data: 9
[ 68324][E][WiFiUdp.cpp:221] parsePacket(): could not receive data: 9
[ 68330][E][WiFiUdp.cpp:221] parsePacket(): could not receive data: 9
[ 68336][E][WiFiUdp.cpp:221] parsePacket(): could not receive data: 9
[ 68342][E][WiFiUdp.cpp:221] parsePacket(): could not receive data: 9
[ 68348][E][WiFiUdp.cpp:221] parsePacket(): could not receive data: 9
[ 68354][E][WiFiUdp.cpp:221] parsePacket(): could not receive data: 9
[ 68360][E][WiFiUdp.cpp:221] parsePacket(): could not receive data: 9
[ 68366][E][WiFiUdp.cpp:221] parsePacket(): could not receive data: 9
[ 68372][E][WiFiUdp.cpp:221] parsePacket(): could not receive data: 9
[ 68378][E][WiFiUdp.cpp:221] parsePacket(): could not receive data: 9
[ 68384][E][WiFiUdp.cpp:221] parsePacket(): could not receive data: 9
[ 68390][E][WiFiUdp.cpp:221] parsePacket(): could not receive data: 9
[ 68396][E][WiFiUdp.cpp:221] parsePacket(): could not receive data: 9
[ 68402][E][WiFiUdp.cpp:221] parsePacket(): could not receive data: 9
[ 68408][E][WiFiUdp.cpp:221] parsePacket(): could not receive data: 9
[ 68414][E][WiFiUdp.cpp:221] parsePacket(): could not receive data: 9
[ 68420][E][WiFiUdp.cpp:221] parsePacket(): could not receive data: 9
[ 68426][E][WiFiUdp.cpp:221] parsePacket(): could not receive data: 9
[ 68432][E][WiFiUdp.cpp:221] parsePacket(): could not receive data: 9
[ 68438][E][WiFiUdp.cpp:221] parsePacket(): could not receive data: 9
[ 68444][E][WiFiUdp.cpp:221] parsePacket(): could not receive data: 9
[ 68450][E][WiFiUdp.cpp:221] parsePacket(): could not receive data: 9
[ 68456][E][WiFiUdp.cpp:221] parsePacket(): could not receive data: 9
[ 68462][E][WiFiUdp.cpp:221] parsePacket(): could not receive data: 9
[ 68468][E][WiFiUdp.cpp:221] parsePacket(): could not receive data: 9
[ 68474][E][WiFiUdp.cpp:221] parsePacket(): could not receive data: 9
[ 68480][E][WiFiUdp.cpp:221] parsePacket(): could not receive data: 9
[ 68486][E][WiFiUdp.cpp:221] parsePacket(): could not receive data: 9
[ 68492][E][WiFiUdp.cpp:221] parsePacket(): could not receive data: 9
[ 68498][E][WiFiUdp.cpp:221] parsePacket(): could not receive data: 9
[ 68504][E][WiFiUdp.cpp:221] parsePacket(): could not receive data: 9
[ 68510][E][WiFiUdp.cpp:221] parsePacket(): could not receive data: 9
[ 68516][E][WiFiUdp.cpp:221] parsePacket(): could not receive data: 9
[ 68522][E][WiFiUdp.cpp:221] parsePacket(): could not receive data: 9
[CON ]...accept() fd=50 free=132788
[CON ]...Client authenticated on port 2323. free heap=127576
-[ 68530][E][WiFiUdp.cpp:221] parsePacket(): could not receive data: 9
-[ 68537][E][WiFiUdp.cpp:221] parsePacket(): could not receive data: 9
s[ 68544][E][WiFiUdp.cpp:221] parsePacket(): could not receive data: 9
e[ 68551][E][WiFiUdp.cpp:221] parsePacket(): could not receive data: 9
t[ 68558][E][WiFiUdp.cpp:221] parsePacket(): could not receive data: 9
c[ 68565][E][WiFiUdp.cpp:221] parsePacket(): could not receive data: 9
a[ 68572][E][WiFiUdp.cpp:221] parsePacket(): could not receive data: 9
l[ 68579][E][WiFiUdp.cpp:221] parsePacket(): could not receive data: 9
l[ 68586][E][WiFiUdp.cpp:221] parsePacket(): could not receive data: 9
 [ 68593][E][WiFiUdp.cpp:221] parsePacket(): could not receive data: 9
T[ 68600][E][WiFiUdp.cpp:221] parsePacket(): could not receive data: 9
E[ 68607][E][WiFiUdp.cpp:221] parsePacket(): could not receive data: 9
5[ 68614][E][WiFiUdp.cpp:221] parsePacket(): could not receive data: 9
T[ 68620][E][WiFiUdp.cpp:221] parsePacket(): could not receive data: 9
-[ 68627][E][WiFiUdp.cpp:221] parsePacket(): could not receive data: 9
1[ 68634][E][WiFiUdp.cpp:221] parsePacket(): could not receive data: 9
[ 68641][E][WiFiUdp.cpp:221] parsePacket(): could not receive data: 9

Call:TE5T-1 Short:E5T40 set
[ 72758][E][WiFiUdp.cpp:221] parsePacket(): could not receive data: 9
[ 72777][E][WiFiUdp.cpp:221] parsePacket(): could not receive data: 9
[ 72784][E][WiFiUdp.cpp:221] parsePacket(): could not receive data: 9
[ 72790][E][WiFiUdp.cpp:221] parsePacket(): could not receive data: 9
[ 72796][E][WiFiUdp.cpp:221] parsePacket(): could not receive data: 9
[ 72802][E][WiFiUdp.cpp:221] parsePacket(): could not receive data: 9
[ 72808][E][WiFiUdp.cpp:221] parsePacket(): could not receive data: 9
[ 72814][E][WiFiUdp.cpp:221] parsePacket(): could not receive data: 9
[ 72820][E][WiFiUdp.cpp:221] parsePacket(): could not receive data: 9
[ 72826][E][WiFiUdp.cpp:221] parsePacket(): could not receive data: 9
[ 72832][E][WiFiUdp.cpp:221] parsePacket(): could not receive data: 9
[ 72838][E][WiFiUdp.cpp:221] parsePacket(): could not receive data: 9
[ 72844][E][WiFiUdp.cpp:221] parsePacket(): could not receive data: 9
[ 72850][E][WiFiUdp.cpp:221] parsePacket(): could not receive data: 9
[ 72856][E][WiFiUdp.cpp:221] parsePacket(): could not receive data: 9
[ 72862][E][WiFiUdp.cpp:221] parsePacket(): could not receive data: 9
[ 72868][E][WiFiUdp.cpp:221] parsePacket(): could not receive data: 9
[ 72874][E][WiFiUdp.cpp:221] parsePacket(): could not receive data: 9
[ 72880][E][WiFiUdp.cpp:221] parsePacket(): could not receive data: 9
[ 72886][E][WiFiUdp.cpp:221] parsePacket(): could not receive data: 9
[ 72892][E][WiFiUdp.cpp:221] parsePacket(): could not receive data: 9
[ 72898][E][WiFiUdp.cpp:221] parsePacket(): could not receive data: 9
[ 72904][E][WiFiUdp.cpp:221] parsePacket(): could not receive data: 9
[ 72910][E][WiFiUdp.cpp:221] parsePacket(): could not receive data: 9
[ 72916][E][WiFiUdp.cpp:221] parsePacket(): could not receive data: 9
[ 72922][E][WiFiUdp.cpp:221] parsePacket(): could not receive data: 9
[ 72928][E][WiFiUdp.cpp:221] parsePacket(): could not receive data: 9
[ 72934][E][WiFiUdp.cpp:221] parsePacket(): could not receive data: 9
[ 72940][E][WiFiUdp.cpp:221] parsePacket(): could not receive data: 9
[ 72946][E][WiFiUdp.cpp:221] parsePacket(): could not receive data: 9
[ 72952][E][WiFiUdp.cpp:221] parsePacket(): could not receive data: 9
[ 72958][E][WiFiUdp.cpp:221] parsePacket(): could not receive data: 9
[ 72964][E][WiFiUdp.cpp:221] parsePacket(): could not receive data: 9
[ 72970][E][WiFiUdp.cpp:221] parsePacket(): could not receive data: 9
[ 72976][E][WiFiUdp.cpp:221] parsePacket(): could not receive data: 9
[ 72982][E][WiFiUdp.cpp:221] parsePacket(): could not receive data: 9
[ 72988][E][WiFiUdp.cpp:221] parsePacket(): could not receive data: 9
[ 72994][E][WiFiUdp.cpp:221] parsePacket(): could not receive data: 9
[ 73000][E][WiFiUdp.cpp:221] parsePacket(): could not receive data: 9
[ 73006][E][WiFiUdp.cpp:221] parsePacket(): could not receive data: 9
[ 73012][E][WiFiUdp.cpp:221] parsePacket(): could not receive data: 9
[ 73018][E][WiFiUdp.cpp:221] parsePacket(): could not receive data: 9
[ 73024][E][WiFiUdp.cpp:221] parsePacket(): could not receive data: 9
[ 73030][E][WiFiUdp.cpp:221] parsePacket(): could not receive data: 9
[ 73036][E][WiFiUdp.cpp:221] parsePacket(): could not receive data: 9
[ 73042][E][WiFiUdp.cpp:221] parsePacket(): could not receive data: 9
[ 73048][E][WiFiUdp.cpp:221] parsePacket(): could not receive data: 9
[ 73054][E][WiFiUdp.cpp:221] parsePacket(): could not receive data: 9
[ 73060][E][WiFiUdp.cpp:221] parsePacket(): could not receive data: 9
[ 73066][E][WiFiUdp.cpp:221] parsePacket(): could not receive data: 9
[ 73072][E][WiFiUdp.cpp:221] parsePacket(): could not receive data: 9
[ 73078][E][WiFiUdp.cpp:221] parsePacket(): could not receive data: 9
[ 73084][E][WiFiUdp.cpp:221] parsePacket(): could not receive data: 9
[ 73090][E][WiFiUdp.cpp:221] parsePacket(): could not receive data: 9
[ 73096][E][WiFiUdp.cpp:221] parsePacket(): could not receive data: 9
[ 73102][E][WiFiUdp.cpp:221] parsePacket(): could not receive data: 9
[ 73108][E][WiFiUdp.cpp:221] parsePacket(): could not receive data: 9
[ 73114][E][WiFiUdp.cpp:221] parsePacket(): could not receive data: 9
[ 73120][E][WiFiUdp.cpp:221] parsePacket(): could not receive data: 9
[ 73126][E][WiFiUdp.cpp:221] parsePacket(): could not receive data: 9
[ 73132][E][WiFiUdp.cpp:221] parsePacket(): could not receive data: 9
[ 73138][E][WiFiUdp.cpp:221] parsePacket(): could not receive data: 9
[ 73144][E][WiFiUdp.cpp:221] parsePacket(): could not receive data: 9
[ 73150][E][WiFiUdp.cpp:221] parsePacket(): could not receive data: 9
[ 73156][E][WiFiUdp.cpp:221] parsePacket(): could not receive data: 9
[ 73162][E][WiFiUdp.cpp:221] parsePacket(): could not receive data: 9
[ 73168][E][WiFiUdp.cpp:221] parsePacket(): could not receive data: 9
[ 73174][E][WiFiUdp.cpp:221] parsePacket(): could not receive data: 9
[ 73180][E][WiFiUdp.cpp:221] parsePacket(): could not receive data: 9
[ 73186][E][WiFiUdp.cpp:221] parsePacket(): could not receive data: 9
[ 73192][E][WiFiUdp.cpp:221] parsePacket(): could not receive data: 9
[ 73198][E][WiFiUdp.cpp:221] parsePacket(): could not receive data: 9
[ 73204][E][WiFiUdp.cpp:221] parsePacket(): could not receive data: 9
[ 73210][E][WiFiUdp.cpp:221] parsePacket(): could not receive data: 9
[ 73216][E][WiFiUdp.cpp:221] parsePacket(): could not receive data: 9
[ 73222][E][WiFiUdp.cpp:221] parsePacket(): could not receive data: 9
[ 73228][E][WiFiUdp.cpp:221] parsePacket(): could not receive data: 9
[ 73234][E][WiFiUdp.cpp:221] parsePacket(): could not receive data: 9
[ 73240][E][WiFiUdp.cpp:221] parsePacket(): could not receive data: 9
[ 73246][E][WiFiUdp.cpp:221] parsePacket(): could not receive data: 9
[ 73252][E][WiFiUdp.cpp:221] parsePacket(): could not receive data: 9
[ 73258][E][WiFiUdp.cpp:221] parsePacket(): could not receive data: 9
[ 73264][E][WiFiUdp.cpp:221] parsePacket(): could not receive data: 9
[ 73270][E][WiFiUdp.cpp:221] parsePacket(): could not receive data: 9
[ 73276][E][WiFiUdp.cpp:221] parsePacket(): could not receive data: 9
[ 73282][E][WiFiUdp.cpp:221] parsePacket(): could not receive data: 9
[ 73288][E][WiFiUdp.cpp:221] parsePacket(): could not receive data: 9
[ 73294][E][WiFiUdp.cpp:221] parsePacket(): could not receive data: 9
[ 73300][E][WiFiUdp.cpp:221] parsePacket(): could not receive data: 9
[ 73306][E][WiFiUdp.cpp:221] parsePacket(): could not receive data: 9
[ 73312][E][WiFiUdp.cpp:221] parsePacket(): could not receive data: 9
[ 73318][E][WiFiUdp.cpp:221] parsePacket(): could not receive data: 9
[ 73324][E][WiFiUdp.cpp:221] parsePacket(): could not receive data: 9
[ 73330][E][WiFiUdp.cpp:221] parsePacket(): could not receive data: 9
[ 73336][E][WiFiUdp.cpp:221] parsePacket(): could not receive data: 9
[ 73342][E][WiFiUdp.cpp:221] parsePacket(): could not receive data: 9
[ 73348][E][WiFiUdp.cpp:221] parsePacket(): could not receive data: 9
[ 73354][E][WiFiUdp.cpp:221] parsePacket(): could not receive data: 9
[ 73360][E][WiFiUdp.cpp:221] parsePacket(): could not receive data: 9
[ 73366][E][WiFiUdp.cpp:221] parsePacket(): could not receive data: 9
[ 73372][E][WiFiUdp.cpp:221] parsePacket(): could not receive data: 9
[ 73378][E][WiFiUdp.cpp:221] parsePacket(): could not receive data: 9
[ 73384][E][WiFiUdp.cpp:221] parsePacket(): could not receive data: 9
[ 73390][E][WiFiUdp.cpp:221] parsePacket(): could not receive data: 9
[ 73396][E][WiFiUdp.cpp:221] parsePacket(): could not receive data: 9
[ 73402][E][WiFiUdp.cpp:221] parsePacket(): could not receive data: 9
[ 73408][E][WiFiUdp.cpp:221] parsePacket(): could not receive data: 9
[ 73414][E][WiFiUdp.cpp:221] parsePacket(): could not receive data: 9
[ 73420][E][WiFiUdp.cpp:221] parsePacket(): could not receive data: 9
[ 73426][E][WiFiUdp.cpp:221] parsePacket(): could not receive data: 9
[ 73432][E][WiFiUdp.cpp:221] parsePacket(): could not receive data: 9
[ 73438][E][WiFiUdp.cpp:221] parsePacket(): could not receive data: 9
[ 73444][E][WiFiUdp.cpp:221] parsePacket(): could not receive data: 9
[ 73450][E][WiFiUdp.cpp:221] parsePacket(): could not receive data: 9
[ 73456][E][WiFiUdp.cpp:221] parsePacket(): could not receive data: 9
[ 73462][E][WiFiUdp.cpp:221] parsePacket(): could not receive data: 9
[ 73468][E][WiFiUdp.cpp:221] parsePacket(): could not receive data: 9
[ 73474][E][WiFiUdp.cpp:221] parsePacket(): could not receive data: 9
[ 73480][E][WiFiUdp.cpp:221] parsePacket(): could not receive data: 9
[ 73486][E][WiFiUdp.cpp:221] parsePacket(): could not receive data: 9
[ 73492][E][WiFiUdp.cpp:221] parsePacket(): could not receive data: 9
[ 73498][E][WiFiUdp.cpp:221] parsePacket(): could not receive data: 9
[ 73504][E][WiFiUdp.cpp:221] parsePacket(): could not receive data: 9
[ 73510][E][WiFiUdp.cpp:221] parsePacket(): could not receive data: 9
[ 73516][E][WiFiUdp.cpp:221] parsePacket(): could not receive data: 9
[ 73522][E][WiFiUdp.cpp:221] parsePacket(): could not receive data: 9
[ 73528][E][WiFiUdp.cpp:221] parsePacket(): could not receive data: 9
[ 73534][E][WiFiUdp.cpp:221] parsePacket(): could not receive data: 9
[ 73540][E][WiFiUdp.cpp:221] parsePacket(): could not receive data: 9
[ 73546][E][WiFiUdp.cpp:221] parsePacket(): could not receive data: 9
[ 73552][E][WiFiUdp.cpp:221] parsePacket(): could not receive data: 9
[ 73558][E][WiFiUdp.cpp:221] parsePacket(): could not receive data: 9
[ 73564][E][WiFiUdp.cpp:221] parsePacket(): could not receive data: 9
[ 73570][E][WiFiUdp.cpp:221] parsePacket(): could not receive data: 9
[ 73576][E][WiFiUdp.cpp:221] parsePacket(): could not receive data: 9
[ 73582][E][WiFiUdp.cpp:221] parsePacket(): could not receive data: 9
[ 73588][E][WiFiUdp.cpp:221] parsePacket(): could not receive data: 9
[ 73594][E][WiFiUdp.cpp:221] parsePacket(): could not receive data: 9
[ 73600][E][WiFiUdp.cpp:221] parsePacket(): could not receive data: 9
[ 73606][E][WiFiUdp.cpp:221] parsePacket(): could not receive data: 9
[ 73612][E][WiFiUdp.cpp:221] parsePacket(): could not receive data: 9
[ 73618][E][WiFiUdp.cpp:221] parsePacket(): could not receive data: 9
[ 73624][E][WiFiUdp.cpp:221] parsePacket(): could not receive data: 9
[ 73630][E][WiFiUdp.cpp:221] parsePacket(): could not receive data: 9
[ 73636][E][WiFiUdp.cpp:221] parsePacket(): could not receive data: 9
[ 73642][E][WiFiUdp.cpp:221] parsePacket(): could not receive data: 9
[ 73648][E][WiFiUdp.cpp:221] parsePacket(): could not receive data: 9
[ 73654][E][WiFiUdp.cpp:221] parsePacket(): could not receive data: 9
[ 73661][E][WiFiUdp.cpp:221] parsePacket(): could not receive data: 9
[CON ]...Client disconnected. free heap=134820
[ 73673][E][WiFiUdp.cpp:221] parsePacket(): could not receive data: 9
[ 73679][E][WiFiUdp.cpp:221] parsePacket(): could not receive data: 9
[ 73685][E][WiFiUdp.cpp:221] parsePacket(): could not receive data: 9
[ 73691][E][WiFiUdp.cpp:221] parsePacket(): could not receive data: 9
[ 73697][E][WiFiUdp.cpp:221] parsePacket(): could not receive data: 9
[ 73703][E][WiFiUdp.cpp:221] parsePacket(): could not receive data: 9
[ 73709][E][WiFiUdp.cpp:221] parsePacket(): could not receive data: 9
[ 73715][E][WiFiUdp.cpp:221] parsePacket(): could not receive data: 9
[ 73721][E][WiFiUdp.cpp:221] parsePacket(): could not receive data: 9
[ 73727][E][WiFiUdp.cpp:221] parsePacket(): could not receive data: 9
[ 73733][E][WiFiUdp.cpp:221] parsePacket(): could not receive data: 9
[ 73739][E][WiFiUdp.cpp:221] parsePacket(): could not receive data: 9
[ 73745][E][WiFiUdp.cpp:221] parsePacket(): could not receive data: 9
[ 73751][E][WiFiUdp.cpp:221] parsePacket(): could not receive data: 9
[ 73757][E][WiFiUdp.cpp:221] parsePacket(): could not receive data: 9
[ 73763][E][WiFiUdp.cpp:221] parsePacket(): could not receive data: 9
[ 73769][E][WiFiUdp.cpp:221] parsePacket(): could not receive data: 9
[ 73775][E][WiFiUdp.cpp:221] parsePacket(): could not receive data: 9
[ 73781][E][WiFiUdp.cpp:221] parsePacket(): could not receive data: 9
[ 73787][E][WiFiUdp.cpp:221] parsePacket(): could not receive data: 9
[ 73793][E][WiFiUdp.cpp:221] parsePacket(): could not receive data: 9
[ 73799][E][WiFiUdp.cpp:221] parsePacket(): could not receive data: 9
[ 73805][E][WiFiUdp.cpp:221] parsePacket(): could not receive data: 9
[ 73811][E][WiFiUdp.cpp:221] parsePacket(): could not receive data: 9
[ 73817][E][WiFiUdp.cpp:221] parsePacket(): could not receive data: 9
[ 73823][E][WiFiUdp.cpp:221] parsePacket(): could not receive data: 9
[ 73829][E][WiFiUdp.cpp:221] parsePacket(): could not receive data: 9
[ 73835][E][WiFiUdp.cpp:221] parsePacket(): could not receive data: 9
[ 73841][E][WiFiUdp.cpp:221] parsePacket(): could not receive data: 9
[ 73847][E][WiFiUdp.cpp:221] parsePacket(): could not receive data: 9
[ 73853][E][WiFiUdp.cpp:221] parsePacket(): could not receive data: 9
[ 73859][E][WiFiUdp.cpp:221] parsePacket(): could not receive data: 9
[ 73865][E][WiFiUdp.cpp:221] parsePacket(): could not receive data: 9
[ 73871][E][WiFiUdp.cpp:221] parsePacket(): could not receive data: 9
[ 73877][E][WiFiUdp.cpp:221] parsePacket(): could not receive data: 9
[ 73883][E][WiFiUdp.cpp:221] parsePacket(): could not receive data: 9
[ 73889][E][WiFiUdp.cpp:221] parsePacket(): could not receive data: 9
[ 73895][E][WiFiUdp.cpp:221] parsePacket(): could not receive data: 9
[ 73901][E][WiFiUdp.cpp:221] parsePacket(): could not receive data: 9
[ 73907][E][WiFiUdp.cpp:221] parsePacket(): could not receive data: 9
[ 73913][E][WiFiUdp.cpp:221] parsePacket(): could not receive data: 9
[ 73919][E][WiFiUdp.cpp:221] parsePacket(): could not receive data: 9
[ 73925][E][WiFiUdp.cpp:221] parsePacket(): could not receive data: 9
[ 73931][E][WiFiUdp.cpp:221] parsePacket(): could not receive data: 9
[ 73937][E][WiFiUdp.cpp:221] parsePacket(): could not receive data: 9
[ 73943][E][WiFiUdp.cpp:221] parsePacket(): could not receive data: 9
[ 73949][E][WiFiUdp.cpp:221] parsePacket(): could not receive data: 9
[ 73955][E][WiFiUdp.cpp:221] parsePacket(): could not receive data: 9
[ 73961][E][WiFiUdp.cpp:221] parsePacket(): could not receive data: 9
[ 73967][E][WiFiUdp.cpp:221] parsePacket(): could not receive data: 9
[ 73973][E][WiFiUdp.cpp:221] parsePacket(): could not receive data: 9
[ 73979][E][WiFiUdp.cpp:221] parsePacket(): could not receive data: 9
[ 73985][E][WiFiUdp.cpp:221] parsePacket(): could not receive data: 9
[ 73991][E][WiFiUdp.cpp:221] parsePacket(): could not receive data: 9
[ 73997][E][WiFiUdp.cpp:221] parsePacket(): could not receive data: 9
[ 74003][E][WiFiUdp.cpp:221] parsePacket(): could not receive data: 9
[ 74009][E][WiFiUdp.cpp:221] parsePacket(): could not receive data: 9
[ 74015][E][WiFiUdp.cpp:221] parsePacket(): could not receive data: 9
[ 74021][E][WiFiUdp.cpp:221] parsePacket(): could not receive data: 9
[ 74027][E][WiFiUdp.cpp:221] parsePacket(): could not receive data: 9
[ 74033][E][WiFiUdp.cpp:221] parsePacket(): could not receive data: 9
[ 74039][E][WiFiUdp.cpp:221] parsePacket(): could not receive data: 9
[ 74045][E][WiFiUdp.cpp:221] parsePacket(): could not receive data: 9
[ 74051][E][WiFiUdp.cpp:221] parsePacket(): could not receive data: 9
[ 74057][E][WiFiUdp.cpp:221] parsePacket(): could not receive data: 9
[ 74063][E][WiFiUdp.cpp:221] parsePacket(): could not receive data: 9
[ 74069][E][WiFiUdp.cpp:221] parsePacket(): could not receive data: 9
[ 74075][E][WiFiUdp.cpp:221] parsePacket(): could not receive data: 9
[ 74081][E][WiFiUdp.cpp:221] parsePacket(): could not receive data: 9
[ 74087][E][WiFiUdp.cpp:221] parsePacket(): could not receive data: 9
[ 74093][E][WiFiUdp.cpp:221] parsePacket(): could not receive data: 9
[ 74099][E][WiFiUdp.cpp:221] parsePacket(): could not receive data: 9
[ 74105][E][WiFiUdp.cpp:221] parsePacket(): could not receive data: 9
[ 74111][E][WiFiUdp.cpp:221] parsePacket(): could not receive data: 9
[ 74117][E][WiFiUdp.cpp:221] parsePacket(): could not receive data: 9
[ 74123][E][WiFiUdp.cpp:221] parsePacket(): could not receive data: 9
[ 74129][E][WiFiUdp.cpp:221] parsePacket(): could not receive data: 9
[ 74135][E][WiFiUdp.cpp:221] parsePacket(): could not receive data: 9
[ 74141][E][WiFiUdp.cpp:221] parsePacket(): could not receive data: 9
[ 74147][E][WiFiUdp.cpp:221] parsePacket(): could not receive data: 9
[ 74153][E][WiFiUdp.cpp:221] parsePacket(): could not receive data: 9
[ 74159][E][WiFiUdp.cpp:221] parsePacket(): could not receive data: 9
[ 74165][E][WiFiUdp.cpp:221] parsePacket(): could not receive data: 9
[ 74171][E][WiFiUdp.cpp:221] parsePacket(): could not receive data: 9
[ 74177][E][WiFiUdp.cpp:221] parsePacket(): could not receive data: 9
[ 74183][E][WiFiUdp.cpp:221] parsePacket(): could not receive data: 9
[ 74188][E][WiFiUdp.cpp:221] parsePacket(): could not receive data: 9
[ 74194][E][WiFiUdp.cpp:221] parsePacket(): could not receive data: 9
[ 74200][E][WiFiUdp.cpp:221] parsePacket(): could not receive data: 9
[ 74206][E][WiFiUdp.cpp:221] parsePacket(): could not receive data: 9
[ 74212][E][WiFiUdp.cpp:221] parsePacket(): could not receive data: 9
[ 74218][E][WiFiUdp.cpp:221] parsePacket(): could not receive data: 9
[ 74224][E][WiFiUdp.cpp:221] parsePacket(): could not receive data: 9
[ 74230][E][WiFiUdp.cpp:221] parsePacket(): could not receive data: 9
[ 74236][E][WiFiUdp.cpp:221] parsePacket(): could not receive data: 9
[ 74242][E][WiFiUdp.cpp:221] parsePacket(): could not receive data: 9
[ 74248][E][WiFiUdp.cpp:221] parsePacket(): could not receive data: 9
[ 74254][E][WiFiUdp.cpp:221] parsePacket(): could not receive data: 9
[ 74260][E][WiFiUdp.cpp:221] parsePacket(): could not receive data: 9
[ 74266][E][WiFiUdp.cpp:221] parsePacket(): could not receive data: 9
[ 74272][E][WiFiUdp.cpp:221] parsePacket(): could not receive data: 9
[ 74278][E][WiFiUdp.cpp:221] parsePacket(): could not receive data: 9
[ 74284][E][WiFiUdp.cpp:221] parsePacket(): could not receive data: 9
[ 74290][E][WiFiUdp.cpp:221] parsePacket(): could not receive data: 9
[ 74296][E][WiFiUdp.cpp:221] parsePacket(): could not receive data: 9
[ 74302][E][WiFiUdp.cpp:221] parsePacket(): could not receive data: 9
[ 74308][E][WiFiUdp.cpp:221] parsePacket(): could not receive data: 9
[ 74314][E][WiFiUdp.cpp:221] parsePacket(): could not receive data: 9
[ 74320][E][WiFiUdp.cpp:221] parsePacket(): could not receive data: 9
[ 74326][E][WiFiUdp.cpp:221] parsePacket(): could not receive data: 9
[ 74332][E][WiFiUdp.cpp:221] parsePacket(): could not receive data: 9
[ 74338][E][WiFiUdp.cpp:221] parsePacket(): could not receive data: 9
[ 74344][E][WiFiUdp.cpp:221] parsePacket(): could not receive data: 9
[ 74350][E][WiFiUdp.cpp:221] parsePacket(): could not receive data: 9
[ 74356][E][WiFiUdp.cpp:221] parsePacket(): could not receive data: 9
[ 74362][E][WiFiUdp.cpp:221] parsePacket(): could not receive data: 9
[ 74368][E][WiFiUdp.cpp:221] parsePacket(): could not receive data: 9
[ 74374][E][WiFiUdp.cpp:221] parsePacket(): could not receive data: 9
[ 74380][E][WiFiUdp.cpp:221] parsePacket(): could not receive data: 9
[ 74386][E][WiFiUdp.cpp:221] parsePacket(): could not receive data: 9
[ 74392][E][WiFiUdp.cpp:221] parsePacket(): could not receive data: 9
[ 74398][E][WiFiUdp.cpp:221] parsePacket(): could not receive data: 9
[ 74404][E][WiFiUdp.cpp:221] parsePacket(): could not receive data: 9
[ 74410][E][WiFiUdp.cpp:221] parsePacket(): could not receive data: 9
[ 74416][E][WiFiUdp.cpp:221] parsePacket(): could not receive data: 9
[ 74422][E][WiFiUdp.cpp:221] parsePacket(): could not receive data: 9
[ 74428][E][WiFiUdp.cpp:221] parsePacket(): could not receive data: 9
[ 74434][E][WiFiUdp.cpp:221] parsePacket(): could not receive data: 9
[ 74440][E][WiFiUdp.cpp:221] parsePacket(): could not receive data: 9
[ 74446][E][WiFiUdp.cpp:221] parsePacket(): could not receive data: 9
[ 74452][E][WiFiUdp.cpp:221] parsePacket(): could not receive data: 9
[ 74458][E][WiFiUdp.cpp:221] parsePacket(): could not receive data: 9
[ 74464][E][WiFiUdp.cpp:221] parsePacket(): could not receive data: 9
[ 74470][E][WiFiUdp.cpp:221] parsePacket(): could not receive data: 9
[ 74476][E][WiFiUdp.cpp:221] parsePacket(): could not receive data: 9
[ 74482][E][WiFiUdp.cpp:221] parsePacket(): could not receive data: 9
[ 74488][E][WiFiUdp.cpp:221] parsePacket(): could not receive data: 9
[ 74494][E][WiFiUdp.cpp:221] parsePacket(): could not receive data: 9
[ 74500][E][WiFiUdp.cpp:221] parsePacket(): could not receive data: 9
[ 74506][E][WiFiUdp.cpp:221] parsePacket(): could not receive data: 9
[ 74512][E][WiFiUdp.cpp:221] parsePacket(): could not receive data: 9
[ 74517][E][WiFiUdp.cpp:221] parsePacket(): could not receive data: 9
[ 74523][E][WiFiUdp.cpp:221] parsePacket(): could not receive data: 9
[ 74529][E][WiFiUdp.cpp:221] parsePacket(): could not receive data: 9
[ 74535][E][WiFiUdp.cpp:221] parsePacket(): could not receive data: 9
[ 74541][E][WiFiUdp.cpp:221] parsePacket(): could not receive data: 9
[ 74547][E][WiFiUdp.cpp:221] parsePacket(): could not receive data: 9
[ 74553][E][WiFiUdp.cpp:221] parsePacket(): could not receive data: 9
[ 74559][E][WiFiUdp.cpp:221] parsePacket(): could not receive data: 9
[ 74565][E][WiFiUdp.cpp:221] parsePacket(): could not receive data: 9
[ 74571][E][WiFiUdp.cpp:221] parsePacket(): could not receive data: 9
[ 74577][E][WiFiUdp.cpp:221] parsePacket(): could not receive data: 9
[ 74583][E][WiFiUdp.cpp:221] parsePacket(): could not receive data: 9
[ 74589][E][WiFiUdp.cpp:221] parsePacket(): could not receive data: 9
[ 74595][E][WiFiUdp.cpp:221] parsePacket(): could not receive data: 9
[ 74601][E][WiFiUdp.cpp:221] parsePacket(): could not receive data: 9
[ 74607][E][WiFiUdp.cpp:221] parsePacket(): could not receive data: 9
[ 74613][E][WiFiUdp.cpp:221] parsePacket(): could not receive data: 9
[ 74619][E][WiFiUdp.cpp:221] parsePacket(): could not receive data: 9
[ 74625][E][WiFiUdp.cpp:221] parsePacket(): could not receive data: 9
[ 74631][E][WiFiUdp.cpp:221] parsePacket(): could not receive data: 9
[ 74637][E][WiFiUdp.cpp:221] parsePacket(): could not receive data: 9
[ 74643][E][WiFiUdp.cpp:221] parsePacket(): could not receive data: 9
[ 74649][E][WiFiUdp.cpp:221] parsePacket(): could not receive data: 9
[ 74655][E][WiFiUdp.cpp:221] parsePacket(): could not receive data: 9
[ 74661][E][WiFiUdp.cpp:221] parsePacket(): could not receive data: 9
[ 74667][E][WiFiUdp.cpp:221] parsePacket(): could not receive data: 9
[ 74673][E][WiFiUdp.cpp:221] parsePacket(): could not receive data: 9
[ 74679][E][WiFiUdp.cpp:221] parsePacket(): could not receive data: 9
[ 74685][E][WiFiUdp.cpp:221] parsePacket(): could not receive data: 9
[ 74691][E][WiFiUdp.cpp:221] parsePacket(): could not receive data: 9
[ 74697][E][WiFiUdp.cpp:221] parsePacket(): could not receive data: 9
[ 74703][E][WiFiUdp.cpp:221] parsePacket(): could not receive data: 9
[ 74709][E][WiFiUdp.cpp:221] parsePacket(): could not receive data: 9
[ 74715][E][WiFiUdp.cpp:221] parsePacket(): could not receive data: 9
[ 74721][E][WiFiUdp.cpp:221] parsePacket(): could not receive data: 9
[ 74727][E][WiFiUdp.cpp:221] parsePacket(): could not receive data: 9
[ 74733][E][WiFiUdp.cpp:221] parsePacket(): could not receive data: 9
[ 74739][E][WiFiUdp.cpp:221] parsePacket(): could not receive data: 9
[ 74745][E][WiFiUdp.cpp:221] parsePacket(): could not receive data: 9
[ 74751][E][WiFiUdp.cpp:221] parsePacket(): could not receive data: 9
[ 74757][E][WiFiUdp.cpp:221] parsePacket(): could not receive data: 9
[ 74763][E][WiFiUdp.cpp:221] parsePacket(): could not receive data: 9
[ 74769][E][WiFiUdp.cpp:221] parsePacket(): could not receive data: 9
[ 74775][E][WiFiUdp.cpp:221] parsePacket(): could not receive data: 9
[ 74781][E][WiFiUdp.cpp:221] parsePacket(): could not receive data: 9
[ 74787][E][WiFiUdp.cpp:221] parsePacket(): could not receive data: 9
[ 74793][E][WiFiUdp.cpp:221] parsePacket(): could not receive data: 9
[ 74799][E][WiFiUdp.cpp:221] parsePacket(): could not receive data: 9
[ 74805][E][WiFiUdp.cpp:221] parsePacket(): could not receive data: 9
[ 74811][E][WiFiUdp.cpp:221] parsePacket(): could not receive data: 9
[ 74817][E][WiFiUdp.cpp:221] parsePacket(): could not receive data: 9
[ 74823][E][WiFiUdp.cpp:221] parsePacket(): could not receive data: 9
[ 74829][E][WiFiUdp.cpp:221] parsePacket(): could not receive data: 9
[ 74835][E][WiFiUdp.cpp:221] parsePacket(): could not receive data: 9
[ 74841][E][WiFiUdp.cpp:221] parsePacket(): could not receive data: 9
[ 74847][E][WiFiUdp.cpp:221] parsePacket(): could not receive data: 9
[ 74853][E][WiFiUdp.cpp:221] parsePacket(): could not receive data: 9
[ 74859][E][WiFiUdp.cpp:221] parsePacket(): could not receive data: 9
[ 74865][E][WiFiUdp.cpp:221] parsePacket(): could not receive data: 9
[ 74871][E][WiFiUdp.cpp:221] parsePacket(): could not receive data: 9
[ 74877][E][WiFiUdp.cpp:221] parsePacket(): could not receive data: 9
[ 74883][E][WiFiUdp.cpp:221] parsePacket(): could not receive data: 9
[ 74889][E][WiFiUdp.cpp:221] parsePacket(): could not receive data: 9
[ 74895][E][WiFiUdp.cpp:221] parsePacket(): could not receive data: 9
[ 74901][E][WiFiUdp.cpp:221] parsePacket(): could not receive data: 9
[ 74907][E][WiFiUdp.cpp:221] parsePacket(): could not receive data: 9
[ 74913][E][WiFiUdp.cpp:221] parsePacket(): could not receive data: 9
[ 74919][E][WiFiUdp.cpp:221] parsePacket(): could not receive data: 9
[ 74925][E][WiFiUdp.cpp:221] parsePacket(): could not receive data: 9
[ 74931][E][WiFiUdp.cpp:221] parsePacket(): could not receive data: 9
[ 74937][E][WiFiUdp.cpp:221] parsePacket(): could not receive data: 9
[ 74943][E][WiFiUdp.cpp:221] parsePacket(): could not receive data: 9
[ 74949][E][WiFiUdp.cpp:221] parsePacket(): could not receive data: 9
[ 74955][E][WiFiUdp.cpp:221] parsePacket(): could not receive data: 9
[ 74961][E][WiFiUdp.cpp:221] parsePacket(): could not receive data: 9
[ 74967][E][WiFiUdp.cpp:221] parsePacket(): could not receive data: 9
[ 74973][E][WiFiUdp.cpp:221] parsePacket(): could not receive data: 9
[ 74979][E][WiFiUdp.cpp:221] parsePacket(): could not receive data: 9
[ 74985][E][WiFiUdp.cpp:221] parsePacket(): could not receive data: 9
[ 74991][E][WiFiUdp.cpp:221] parsePacket(): could not receive data: 9
[ 74997][E][WiFiUdp.cpp:221] parsePacket(): could not receive data: 9
[ 75003][E][WiFiUdp.cpp:221] parsePacket(): could not receive data: 9
[ 75009][E][WiFiUdp.cpp:221] parsePacket(): could not receive data: 9
[ 75015][E][WiFiUdp.cpp:221] parsePacket(): could not receive data: 9
[ 75021][E][WiFiUdp.cpp:221] parsePacket(): could not receive data: 9
[ 75027][E][WiFiUdp.cpp:221] parsePacket(): could not receive data: 9
[ 75033][E][WiFiUdp.cpp:221] parsePacket(): could not receive data: 9
[ 75039][E][WiFiUdp.cpp:221] parsePacket(): could not receive data: 9
[ 75045][E][WiFiUdp.cpp:221] parsePacket(): could not receive data: 9
[ 75051][E][WiFiUdp.cpp:221] parsePacket(): could not receive data: 9
[ 75057][E][WiFiUdp.cpp:221] parsePacket(): could not receive data: 9
[ 75063][E][WiFiUdp.cpp:221] parsePacket(): could not receive data: 9
[ 75069][E][WiFiUdp.cpp:221] parsePacket(): could not receive data: 9
[ 75075][E][WiFiUdp.cpp:221] parsePacket(): could not receive data: 9
[ 75081][E][WiFiUdp.cpp:221] parsePacket(): could not receive data: 9
[ 75087][E][WiFiUdp.cpp:221] parsePacket(): could not receive data: 9
[ 75093][E][WiFiUdp.cpp:221] parsePacket(): could not receive data: 9
[ 75099][E][WiFiUdp.cpp:221] parsePacket(): could not receive data: 9
[ 75105][E][WiFiUdp.cpp:221] parsePacket(): could not receive data: 9
[ 75111][E][WiFiUdp.cpp:221] parsePacket(): could not receive data: 9
[ 75117][E][WiFiUdp.cpp:221] parsePacket(): could not receive data: 9
[ 75122][E][WiFiUdp.cpp:221] parsePacket(): could not receive data: 9
[ 75129][E][WiFiUdp.cpp:221] parsePacket(): could not receive data: 9
[ 75135][E][WiFiUdp.cpp:221] parsePacket(): could not receive data: 9
[ 75141][E][WiFiUdp.cpp:221] parsePacket(): could not receive data: 9
[ 75147][E][WiFiUdp.cpp:221] parsePacket(): could not receive data: 9
[ 75153][E][WiFiUdp.cpp:221] parsePacket(): could not receive data: 9
[ 75159][E][WiFiUdp.cpp:221] parsePacket(): could not receive data: 9
[ 75165][E][WiFiUdp.cpp:221] parsePacket(): could not receive data: 9
[ 75171][E][WiFiUdp.cpp:221] parsePacket(): could not receive data: 9
[ 75177][E][WiFiUdp.cpp:221] parsePacket(): could not receive data: 9
[ 75183][E][WiFiUdp.cpp:221] parsePacket(): could not receive data: 9
[ 75189][E][WiFiUdp.cpp:221] parsePacket(): could not receive data: 9
[ 75195][E][WiFiUdp.cpp:221] parsePacket(): could not receive data: 9
[ 75201][E][WiFiUdp.cpp:221] parsePacket(): could not receive data: 9
[ 75207][E][WiFiUdp.cpp:221] parsePacket(): could not receive data: 9
[ 75213][E][WiFiUdp.cpp:221] parsePacket(): could not receive data: 9
[ 75219][E][WiFiUdp.cpp:221] parsePacket(): could not receive data: 9
[ 75225][E][WiFiUdp.cpp:221] parsePacket(): could not receive data: 9
[ 75231][E][WiFiUdp.cpp:221] parsePacket(): could not receive data: 9
[ 75237][E][WiFiUdp.cpp:221] parsePacket(): could not receive data: 9
[ 75243][E][WiFiUdp.cpp:221] parsePacket(): could not receive data: 9
[ 75249][E][WiFiUdp.cpp:221] parsePacket(): could not receive data: 9
[ 75255][E][WiFiUdp.cpp:221] parsePacket(): could not receive data: 9
[ 75261][E][WiFiUdp.cpp:221] parsePacket(): could not receive data: 9
[ 75267][E][WiFiUdp.cpp:221] parsePacket(): could not receive data: 9
[ 75273][E][WiFiUdp.cpp:221] parsePacket(): could not receive data: 9
[ 75279][E][WiFiUdp.cpp:221] parsePacket(): could not receive data: 9
[ 75285][E][WiFiUdp.cpp:221] parsePacket(): could not receive data: 9
[ 75291][E][WiFiUdp.cpp:221] parsePacket(): could not receive data: 9
[ 75297][E][WiFiUdp.cpp:221] parsePacket(): could not receive data: 9
[ 75303][E][WiFiUdp.cpp:221] parsePacket(): could not receive data: 9
[ 75309][E][WiFiUdp.cpp:221] parsePacket(): could not receive data: 9
[ 75315][E][WiFiUdp.cpp:221] parsePacket(): could not receive data: 9
[ 75321][E][WiFiUdp.cpp:221] parsePacket(): could not receive data: 9
[ 75327][E][WiFiUdp.cpp:221] parsePacket(): could not receive data: 9
[ 75333][E][WiFiUdp.cpp:221] parsePacket(): could not receive data: 9
[ 75339][E][WiFiUdp.cpp:221] parsePacket(): could not receive data: 9
[ 75345][E][WiFiUdp.cpp:221] parsePacket(): could not receive data: 9
[ 75351][E][WiFiUdp.cpp:221] parsePacket(): could not receive data: 9
[ 75357][E][WiFiUdp.cpp:221] parsePacket(): could not receive data: 9
[ 75363][E][WiFiUdp.cpp:221] parsePacket(): could not receive data: 9
[ 75369][E][WiFiUdp.cpp:221] parsePacket(): could not receive data: 9
[ 75375][E][WiFiUdp.cpp:221] parsePacket(): could not receive data: 9
[ 75381][E][WiFiUdp.cpp:221] parsePacket(): could not receive data: 9
[ 75387][E][WiFiUdp.cpp:221] parsePacket(): could not receive data: 9
[ 75393][E][WiFiUdp.cpp:221] parsePacket(): could not receive data: 9
[ 75399][E][WiFiUdp.cpp:221] parsePacket(): could not receive data: 9
[ 75405][E][WiFiUdp.cpp:221] parsePacket(): could not receive data: 9
[ 75411][E][WiFiUdp.cpp:221] parsePacket(): could not receive data: 9
[ 75417][E][WiFiUdp.cpp:221] parsePacket(): could not receive data: 9
[ 75423][E][WiFiUdp.cpp:221] parsePacket(): could not receive data: 9
[ 75429][E][WiFiUdp.cpp:221] parsePacket(): could not receive data: 9
[ 75435][E][WiFiUdp.cpp:221] parsePacket(): could not receive data: 9
[ 75441][E][WiFiUdp.cpp:221] parsePacket(): could not receive data: 9
[ 75447][E][WiFiUdp.cpp:221] parsePacket(): could not receive data: 9
[ 75453][E][WiFiUdp.cpp:221] parsePacket(): could not receive data: 9
[ 75459][E][WiFiUdp.cpp:221] parsePacket(): could not receive data: 9
[ 75465][E][WiFiUdp.cpp:221] parsePacket(): could not receive data: 9
[ 75471][E][WiFiUdp.cpp:221] parsePacket(): could not receive data: 9
[ 75477][E][WiFiUdp.cpp:221] parsePacket(): could not receive data: 9
[ 75483][E][WiFiUdp.cpp:221] parsePacket(): could not receive data: 9
[ 75489][E][WiFiUdp.cpp:221] parsePacket(): could not receive data: 9
[ 75495][E][WiFiUdp.cpp:221] parsePacket(): could not receive data: 9
[ 75501][E][WiFiUdp.cpp:221] parsePacket(): could not receive data: 9
[ 75507][E][WiFiUdp.cpp:221] parsePacket(): could not receive data: 9
[ 75513][E][WiFiUdp.cpp:221] parsePacket(): could not receive data: 9
[ 75519][E][WiFiUdp.cpp:221] parsePacket(): could not receive data: 9
[ 75525][E][WiFiUdp.cpp:221] parsePacket(): could not receive data: 9
[ 75531][E][WiFiUdp.cpp:221] parsePacket(): could not receive data: 9
[ 75537][E][WiFiUdp.cpp:221] parsePacket(): could not receive data: 9
[ 75543][E][WiFiUdp.cpp:221] parsePacket(): could not receive data: 9
[ 75549][E][WiFiUdp.cpp:221] parsePacket(): could not receive data: 9
[ 75555][E][WiFiUdp.cpp:221] parsePacket(): could not receive data: 9
[ 75561][E][WiFiUdp.cpp:221] parsePacket(): could not receive data: 9
[ 75567][E][WiFiUdp.cpp:221] parsePacket(): could not receive data: 9
[ 75573][E][WiFiUdp.cpp:221] parsePacket(): could not receive data: 9
[ 75579][E][WiFiUdp.cpp:221] parsePacket(): could not receive data: 9
[ 75585][E][WiFiUdp.cpp:221] parsePacket(): could not receive data: 9
[ 75591][E][WiFiUdp.cpp:221] parsePacket(): could not receive data: 9
[ 75597][E][WiFiUdp.cpp:221] parsePacket(): could not receive data: 9
[ 75603][E][WiFiUdp.cpp:221] parsePacket(): could not receive data: 9
[ 75609][E][WiFiUdp.cpp:221] parsePacket(): could not receive data: 9
[ 75615][E][WiFiUdp.cpp:221] parsePacket(): could not receive data: 9
[ 75621][E][WiFiUdp.cpp:221] parsePacket(): could not receive data: 9
[ 75627][E][WiFiUdp.cpp:221] parsePacket(): could not receive data: 9
[ 75633][E][WiFiUdp.cpp:221] parsePacket(): could not receive data: 9
[ 75639][E][WiFiUdp.cpp:221] parsePacket(): could not receive data: 9
[ 75645][E][WiFiUdp.cpp:221] parsePacket(): could not receive data: 9
[ 75651][E][WiFiUdp.cpp:221] parsePacket(): could not receive data: 9
[ 75657][E][WiFiUdp.cpp:221] parsePacket(): could not receive data: 9
[ 75663][E][WiFiUdp.cpp:221] parsePacket(): could not receive data: 9
[ 75669][E][WiFiUdp.cpp:221] parsePacket(): could not receive data: 9
[ 75675][E][WiFiUdp.cpp:221] parsePacket(): could not receive data: 9
[ 75681][E][WiFiUdp.cpp:221] parsePacket(): could not receive data: 9
[ 75687][E][WiFiUdp.cpp:221] parsePacket(): could not receive data: 9
[ 75693][E][WiFiUdp.cpp:221] parsePacket(): could not receive data: 9
[ 75699][E][WiFiUdp.cpp:221] parsePacket(): could not receive data: 9
[ 75705][E][WiFiUdp.cpp:221] parsePacket(): could not receive data: 9
[ 75711][E][WiFiUdp.cpp:221] parsePacket(): could not receive data: 9
[ 75717][E][WiFiUdp.cpp:221] parsePacket(): could not receive data: 9
[ 75723][E][WiFiUdp.cpp:221] parsePacket(): could not receive data: 9
[ 75729][E][WiFiUdp.cpp:221] parsePacket(): could not receive data: 9
[ 75735][E][WiFiUdp.cpp:221] parsePacket(): could not receive data: 9
[ 75741][E][WiFiUdp.cpp:221] parsePacket(): could not receive data: 9
[ 75747][E][WiFiUdp.cpp:221] parsePacket(): could not receive data: 9
[ 75753][E][WiFiUdp.cpp:221] parsePacket(): could not receive data: 9
[ 75759][E][WiFiUdp.cpp:221] parsePacket(): could not receive data: 9
[ 75765][E][WiFiUdp.cpp:221] parsePacket(): could not receive data: 9
[ 75771][E][WiFiUdp.cpp:221] parsePacket(): could not receive data: 9
[ 75777][E][WiFiUdp.cpp:221] parsePacket(): could not receive data: 9
[ 75783][E][WiFiUdp.cpp:221] parsePacket(): could not receive data: 9
[ 75789][E][WiFiUdp.cpp:221] parsePacket(): could not receive data: 9
[ 75795][E][WiFiUdp.cpp:221] parsePacket(): could not receive data: 9
[ 75801][E][WiFiUdp.cpp:221] parsePacket(): could not receive data: 9
[ 75807][E][WiFiUdp.cpp:221] parsePacket(): could not receive data: 9
[ 75813][E][WiFiUdp.cpp:221] parsePacket(): could not receive data: 9
[ 75819][E][WiFiUdp.cpp:221] parsePacket(): could not receive data: 9
[ 75825][E][WiFiUdp.cpp:221] parsePacket(): could not receive data: 9
[ 75831][E][WiFiUdp.cpp:221] parsePacket(): could not receive data: 9
[ 75837][E][WiFiUdp.cpp:221] parsePacket(): could not receive data: 9
[ 75843][E][WiFiUdp.cpp:221] parsePacket(): could not receive data: 9
[ 75849][E][WiFiUdp.cpp:221] parsePacket(): could not receive data: 9
[ 75855][E][WiFiUdp.cpp:221] parsePacket(): could not receive data: 9
[ 75861][E][WiFiUdp.cpp:221] parsePacket(): could not receive data: 9
[ 75867][E][WiFiUdp.cpp:221] parsePacket(): could not receive data: 9
[ 75873][E][WiFiUdp.cpp:221] parsePacket(): could not receive data: 9
[ 75879][E][WiFiUdp.cpp:221] parsePacket(): could not receive data: 9
[ 75885][E][WiFiUdp.cpp:221] parsePacket(): could not receive data: 9
[ 75891][E][WiFiUdp.cpp:221] parsePacket(): could not receive data: 9
[ 75897][E][WiFiUdp.cpp:221] parsePacket(): could not receive data: 9
[ 75903][E][WiFiUdp.cpp:221] parsePacket(): could not receive data: 9
[ 75909][E][WiFiUdp.cpp:221] parsePacket(): could not receive data: 9
[ 75915][E][WiFiUdp.cpp:221] parsePacket(): could not receive data: 9
[ 75921][E][WiFiUdp.cpp:221] parsePacket(): could not receive data: 9
[ 75927][E][WiFiUdp.cpp:221] parsePacket(): could not receive data: 9
[ 75933][E][WiFiUdp.cpp:221] parsePacket(): could not receive data: 9
[ 75939][E][WiFiUdp.cpp:221] parsePacket(): could not receive data: 9
[ 75945][E][WiFiUdp.cpp:221] parsePacket(): could not receive data: 9
[ 75951][E][WiFiUdp.cpp:221] parsePacket(): could not receive data: 9
[ 75957][E][WiFiUdp.cpp:221] parsePacket(): could not receive data: 9
[ 75963][E][WiFiUdp.cpp:221] parsePacket(): could not receive data: 9
[ 75969][E][WiFiUdp.cpp:221] parsePacket(): could not receive data: 9
[ 75975][E][WiFiUdp.cpp:221] parsePacket(): could not receive data: 9
[ 75981][E][WiFiUdp.cpp:221] parsePacket(): could not receive data: 9
[ 75987][E][WiFiUdp.cpp:221] parsePacket(): could not receive data: 9
[ 75993][E][WiFiUdp.cpp:221] parsePacket(): could not receive data: 9
[ 75999][E][WiFiUdp.cpp:221] parsePacket(): could not receive data: 9
[ 76005][E][WiFiUdp.cpp:221] parsePacket(): could not receive data: 9
[ 76011][E][WiFiUdp.cpp:221] parsePacket(): could not receive data: 9
[ 76017][E][WiFiUdp.cpp:221] parsePacket(): could not receive data: 9
[ 76023][E][WiFiUdp.cpp:221] parsePacket(): could not receive data: 9
[ 76029][E][WiFiUdp.cpp:221] parsePacket(): could not receive data: 9
[ 76035][E][WiFiUdp.cpp:221] parsePacket(): could not receive data: 9
[ 76041][E][WiFiUdp.cpp:221] parsePacket(): could not receive data: 9
[ 76047][E][WiFiUdp.cpp:221] parsePacket(): could not receive data: 9
[ 76053][E][WiFiUdp.cpp:221] parsePacket(): could not receive data: 9
[ 76059][E][WiFiUdp.cpp:221] parsePacket(): could not receive data: 9
[ 76065][E][WiFiUdp.cpp:221] parsePacket(): could not receive data: 9
[ 76071][E][WiFiUdp.cpp:221] parsePacket(): could not receive data: 9
[ 76077][E][WiFiUdp.cpp:221] parsePacket(): could not receive data: 9
[ 76083][E][WiFiUdp.cpp:221] parsePacket(): could not receive data: 9
[ 76089][E][WiFiUdp.cpp:221] parsePacket(): could not receive data: 9
[ 76095][E][WiFiUdp.cpp:221] parsePacket(): could not receive data: 9
[ 76101][E][WiFiUdp.cpp:221] parsePacket(): could not receive data: 9
[ 76107][E][WiFiUdp.cpp:221] parsePacket(): could not receive data: 9
[ 76113][E][WiFiUdp.cpp:221] parsePacket(): could not receive data: 9
[ 76119][E][WiFiUdp.cpp:221] parsePacket(): could not receive data: 9
[ 76125][E][WiFiUdp.cpp:221] parsePacket(): could not receive data: 9
[ 76131][E][WiFiUdp.cpp:221] parsePacket(): could not receive data: 9
[ 76137][E][WiFiUdp.cpp:221] parsePacket(): could not receive data: 9
[ 76143][E][WiFiUdp.cpp:221] parsePacket(): could not receive data: 9
[ 76149][E][WiFiUdp.cpp:221] parsePacket(): could not receive data: 9
[ 76155][E][WiFiUdp.cpp:221] parsePacket(): could not receive data: 9
[ 76161][E][WiFiUdp.cpp:221] parsePacket(): could not receive data: 9
[ 76167][E][WiFiUdp.cpp:221] parsePacket(): could not receive data: 9
[ 76173][E][WiFiUdp.cpp:221] parsePacket(): could not receive data: 9
[ 76179][E][WiFiUdp.cpp:221] parsePacket(): could not receive data: 9
[ 76185][E][WiFiUdp.cpp:221] parsePacket(): could not receive data: 9
[ 76191][E][WiFiUdp.cpp:221] parsePacket(): could not receive data: 9
[ 76197][E][WiFiUdp.cpp:221] parsePacket(): could not receive data: 9
[ 76203][E][WiFiUdp.cpp:221] parsePacket(): could not receive data: 9
[ 76209][E][WiFiUdp.cpp:221] parsePacket(): could not receive data: 9
[ 76215][E][WiFiUdp.cpp:221] parsePacket(): could not receive data: 9
[ 76221][E][WiFiUdp.cpp:221] parsePacket(): could not receive data: 9
[ 76227][E][WiFiUdp.cpp:221] parsePacket(): could not receive data: 9
[ 76233][E][WiFiUdp.cpp:221] parsePacket(): could not receive data: 9
[ 76239][E][WiFiUdp.cpp:221] parsePacket(): could not receive data: 9
[ 76245][E][WiFiUdp.cpp:221] parsePacket(): could not receive data: 9
[ 76251][E][WiFiUdp.cpp:221] parsePacket(): could not receive data: 9
[ 76257][E][WiFiUdp.cpp:221] parsePacket(): could not receive data: 9
[ 76263][E][WiFiUdp.cpp:221] parsePacket(): could not receive data: 9
[ 76269][E][WiFiUdp.cpp:221] parsePacket(): could not receive data: 9
[ 76275][E][WiFiUdp.cpp:221] parsePacket(): could not receive data: 9
[ 76281][E][WiFiUdp.cpp:221] parsePacket(): could not receive data: 9
[ 76287][E][WiFiUdp.cpp:221] parsePacket(): could not receive data: 9
[ 76293][E][WiFiUdp.cpp:221] parsePacket(): could not receive data: 9
[ 76299][E][WiFiUdp.cpp:221] parsePacket(): could not receive data: 9
[ 76305][E][WiFiUdp.cpp:221] parsePacket(): could not receive data: 9
[ 76311][E][WiFiUdp.cpp:221] parsePacket(): could not receive data: 9
[ 76317][E][WiFiUdp.cpp:221] parsePacket(): could not receive data: 9
[ 76323][E][WiFiUdp.cpp:221] parsePacket(): could not receive data: 9
[ 76329][E][WiFiUdp.cpp:221] parsePacket(): could not receive data: 9
[ 76335][E][WiFiUdp.cpp:221] parsePacket(): could not receive data: 9
[ 76341][E][WiFiUdp.cpp:221] parsePacket(): could not receive data: 9
[ 76347][E][WiFiUdp.cpp:221] parsePacket(): could not receive data: 9
[ 76353][E][WiFiUdp.cpp:221] parsePacket(): could not receive data: 9
[ 76359][E][WiFiUdp.cpp:221] parsePacket(): could not receive data: 9
[ 76365][E][WiFiUdp.cpp:221] parsePacket(): could not receive data: 9
[ 76371][E][WiFiUdp.cpp:221] parsePacket(): could not receive data: 9
[ 76377][E][WiFiUdp.cpp:221] parsePacket(): could not receive data: 9
[ 76383][E][WiFiUdp.cpp:221] parsePacket(): could not receive data: 9
[ 76389][E][WiFiUdp.cpp:221] parsePacket(): could not receive data: 9
[ 76395][E][WiFiUdp.cpp:221] parsePacket(): could not receive data: 9
[ 76401][E][WiFiUdp.cpp:221] parsePacket(): could not receive data: 9
[ 76407][E][WiFiUdp.cpp:221] parsePacket(): could not receive data: 9
[ 76413][E][WiFiUdp.cpp:221] parsePacket(): could not receive data: 9
[ 76419][E][WiFiUdp.cpp:221] parsePacket(): could not receive data: 9
[ 76425][E][WiFiUdp.cpp:221] parsePacket(): could not receive data: 9
[ 76431][E][WiFiUdp.cpp:221] parsePacket(): could not receive data: 9
[ 76437][E][WiFiUdp.cpp:221] parsePacket(): could not receive data: 9
[ 76443][E][WiFiUdp.cpp:221] parsePacket(): could not receive data: 9
[ 76449][E][WiFiUdp.cpp:221] parsePacket(): could not receive data: 9
[ 76455][E][WiFiUdp.cpp:221] parsePacket(): could not receive data: 9
[ 76461][E][WiFiUdp.cpp:221] parsePacket(): could not receive data: 9
[ 76467][E][WiFiUdp.cpp:221] parsePacket(): could not receive data: 9
[ 76473][E][WiFiUdp.cpp:221] parsePacket(): could not receive data: 9
[ 76479][E][WiFiUdp.cpp:221] parsePacket(): could not receive data: 9
[ 76485][E][WiFiUdp.cpp:221] parsePacket(): could not receive data: 9
[ 76491][E][WiFiUdp.cpp:221] parsePacket(): could not receive data: 9
[ 76497][E][WiFiUdp.cpp:221] parsePacket(): could not receive data: 9
[ 76503][E][WiFiUdp.cpp:221] parsePacket(): could not receive data: 9
[ 76509][E][WiFiUdp.cpp:221] parsePacket(): could not receive data: 9
[ 76515][E][WiFiUdp.cpp:221] parsePacket(): could not receive data: 9
[ 76521][E][WiFiUdp.cpp:221] parsePacket(): could not receive data: 9
[ 76527][E][WiFiUdp.cpp:221] parsePacket(): could not receive data: 9
[ 76533][E][WiFiUdp.cpp:221] parsePacket(): could not receive data: 9
[ 76539][E][WiFiUdp.cpp:221] parsePacket(): could not receive data: 9
[ 76545][E][WiFiUdp.cpp:221] parsePacket(): could not receive data: 9
[ 76551][E][WiFiUdp.cpp:221] parsePacket(): could not receive data: 9
[ 76557][E][WiFiUdp.cpp:221] parsePacket(): could not receive data: 9
[ 76563][E][WiFiUdp.cpp:221] parsePacket(): could not receive data: 9
[ 76569][E][WiFiUdp.cpp:221] parsePacket(): could not receive data: 9
[ 76575][E][WiFiUdp.cpp:221] parsePacket(): could not receive data: 9
[ 76581][E][WiFiUdp.cpp:221] parsePacket(): could not receive data: 9
[ 76587][E][WiFiUdp.cpp:221] parsePacket(): could not receive data: 9
[ 76593][E][WiFiUdp.cpp:221] parsePacket(): could not receive data: 9
[ 76599][E][WiFiUdp.cpp:221] parsePacket(): could not receive data: 9
[ 76605][E][WiFiUdp.cpp:221] parsePacket(): could not receive data: 9
[ 76611][E][WiFiUdp.cpp:221] parsePacket(): could not receive data: 9
[ 76617][E][WiFiUdp.cpp:221] parsePacket(): could not receive data: 9
[ 76623][E][WiFiUdp.cpp:221] parsePacket(): could not receive data: 9
[ 76629][E][WiFiUdp.cpp:221] parsePacket(): could not receive data: 9
[ 76635][E][WiFiUdp.cpp:221] parsePacket(): could not receive data: 9
[ 76641][E][WiFiUdp.cpp:221] parsePacket(): could not receive data: 9
[ 76647][E][WiFiUdp.cpp:221] parsePacket(): could not receive data: 9
[ 76653][E][WiFiUdp.cpp:221] parsePacket(): could not receive data: 9
[ 76659][E][WiFiUdp.cpp:221] parsePacket(): could not receive data: 9
[ 76665][E][WiFiUdp.cpp:221] parsePacket(): could not receive data: 9
[ 76671][E][WiFiUdp.cpp:221] parsePacket(): could not receive data: 9
[ 76677][E][WiFiUdp.cpp:221] parsePacket(): could not receive data: 9
[ 76683][E][WiFiUdp.cpp:221] parsePacket(): could not receive data: 9
[ 76689][E][WiFiUdp.cpp:221] parsePacket(): could not receive data: 9
[ 76695][E][WiFiUdp.cpp:221] parsePacket(): could not receive data: 9
[ 76701][E][WiFiUdp.cpp:221] parsePacket(): could not receive data: 9
[ 76707][E][WiFiUdp.cpp:221] parsePacket(): could not receive data: 9
[ 76713][E][WiFiUdp.cpp:221] parsePacket(): could not receive data: 9
[ 76719][E][WiFiUdp.cpp:221] parsePacket(): could not receive data: 9
[ 76725][E][WiFiUdp.cpp:221] parsePacket(): could not receive data: 9
[ 76731][E][WiFiUdp.cpp:221] parsePacket(): could not receive data: 9
[ 76737][E][WiFiUdp.cpp:221] parsePacket(): could not receive data: 9
[ 76743][E][WiFiUdp.cpp:221] parsePacket(): could not receive data: 9
[ 76749][E][WiFiUdp.cpp:221] parsePacket(): could not receive data: 9
[ 76755][E][WiFiUdp.cpp:221] parsePacket(): could not receive data: 9
[ 76761][E][WiFiUdp.cpp:221] parsePacket(): could not receive data: 9
[ 76767][E][WiFiUdp.cpp:221] parsePacket(): could not receive data: 9
[ 76773][E][WiFiUdp.cpp:221] parsePacket(): could not receive data: 9
[ 76779][E][WiFiUdp.cpp:221] parsePacket(): could not receive data: 9
[ 76785][E][WiFiUdp.cpp:221] parsePacket(): could not receive data: 9
[ 76791][E][WiFiUdp.cpp:221] parsePacket(): could not receive data: 9
[ 76797][E][WiFiUdp.cpp:221] parsePacket(): could not receive data: 9
[ 76803][E][WiFiUdp.cpp:221] parsePacket(): could not receive data: 9
[ 76809][E][WiFiUdp.cpp:221] parsePacket(): could not receive data: 9
[ 76815][E][WiFiUdp.cpp:221] parsePacket(): could not receive data: 9
[ 76821][E][WiFiUdp.cpp:221] parsePacket(): could not receive data: 9
[ 76827][E][WiFiUdp.cpp:221] parsePacket(): could not receive data: 9
[ 76833][E][WiFiUdp.cpp:221] parsePacket(): could not receive data: 9
[ 76839][E][WiFiUdp.cpp:221] parsePacket(): could not receive data: 9
[ 76845][E][WiFiUdp.cpp:221] parsePacket(): could not receive data: 9
[ 76851][E][WiFiUdp.cpp:221] parsePacket(): could not receive data: 9
[ 76857][E][WiFiUdp.cpp:221] parsePacket(): could not receive data: 9
[ 76863][E][WiFiUdp.cpp:221] parsePacket(): could not receive data: 9
[ 76869][E][WiFiUdp.cpp:221] parsePacket(): could not receive data: 9
[ 76875][E][WiFiUdp.cpp:221] parsePacket(): could not receive data: 9
[ 76881][E][WiFiUdp.cpp:221] parsePacket(): could not receive data: 9
[ 76887][E][WiFiUdp.cpp:221] parsePacket(): could not receive data: 9
[ 76893][E][WiFiUdp.cpp:221] parsePacket(): could not receive data: 9
[ 76899][E][WiFiUdp.cpp:221] parsePacket(): could not receive data: 9
[ 76905][E][WiFiUdp.cpp:221] parsePacket(): could not receive data: 9
[ 76911][E][WiFiUdp.cpp:221] parsePacket(): could not receive data: 9
[ 76917][E][WiFiUdp.cpp:221] parsePacket(): could not receive data: 9
[ 76923][E][WiFiUdp.cpp:221] parsePacket(): could not receive data: 9
[ 76929][E][WiFiUdp.cpp:221] parsePacket(): could not receive data: 9
[ 76935][E][WiFiUdp.cpp:221] parsePacket(): could not receive data: 9
[ 76941][E][WiFiUdp.cpp:221] parsePacket(): could not receive data: 9
[ 76947][E][WiFiUdp.cpp:221] parsePacket(): could not receive data: 9
[ 76953][E][WiFiUdp.cpp:221] parsePacket(): could not receive data: 9
[ 76959][E][WiFiUdp.cpp:221] parsePacket(): could not receive data: 9
[ 76965][E][WiFiUdp.cpp:221] parsePacket(): could not receive data: 9
[ 76971][E][WiFiUdp.cpp:221] parsePacket(): could not receive data: 9
[ 76977][E][WiFiUdp.cpp:221] parsePacket(): could not receive data: 9
[ 76983][E][WiFiUdp.cpp:221] parsePacket(): could not receive data: 9
[ 76989][E][WiFiUdp.cpp:221] parsePacket(): could not receive data: 9
[ 76995][E][WiFiUdp.cpp:221] parsePacket(): could not receive data: 9
[ 77001][E][WiFiUdp.cpp:221] parsePacket(): could not receive data: 9
[ 77007][E][WiFiUdp.cpp:221] parsePacket(): could not receive data: 9
[ 77013][E][WiFiUdp.cpp:221] parsePacket(): could not receive data: 9
[ 77019][E][WiFiUdp.cpp:221] parsePacket(): could not receive data: 9
[ 77025][E][WiFiUdp.cpp:221] parsePacket(): could not receive data: 9
[ 77031][E][WiFiUdp.cpp:221] parsePacket(): could not receive data: 9
[ 77037][E][WiFiUdp.cpp:221] parsePacket(): could not receive data: 9
[ 77043][E][WiFiUdp.cpp:221] parsePacket(): could not receive data: 9
[ 77049][E][WiFiUdp.cpp:221] parsePacket(): could not receive data: 9
[ 77055][E][WiFiUdp.cpp:221] parsePacket(): could not receive data: 9
[ 77061][E][WiFiUdp.cpp:221] parsePacket(): could not receive data: 9
[ 77067][E][WiFiUdp.cpp:221] parsePacket(): could not receive data: 9
[ 77073][E][WiFiUdp.cpp:221] parsePacket(): could not receive data: 9
[ 77079][E][WiFiUdp.cpp:221] parsePacket(): could not receive data: 9
[ 77085][E][WiFiUdp.cpp:221] parsePacket(): could not receive data: 9
[ 77091][E][WiFiUdp.cpp:221] parsePacket(): could not receive data: 9
[ 77097][E][WiFiUdp.cpp:221] parsePacket(): could not receive data: 9
[ 77103][E][WiFiUdp.cpp:221] parsePacket(): could not receive data: 9
[ 77109][E][WiFiUdp.cpp:221] parsePacket(): could not receive data: 9
[ 77115][E][WiFiUdp.cpp:221] parsePacket(): could not receive data: 9
[ 77121][E][WiFiUdp.cpp:221] parsePacket(): could not receive data: 9
[ 77127][E][WiFiUdp.cpp:221] parsePacket(): could not receive data: 9
[ 77133][E][WiFiUdp.cpp:221] parsePacket(): could not receive data: 9
[ 77139][E][WiFiUdp.cpp:221] parsePacket(): could not receive data: 9
[ 77145][E][WiFiUdp.cpp:221] parsePacket(): could not receive data: 9
[ 77151][E][WiFiUdp.cpp:221] parsePacket(): could not receive data: 9
[ 77157][E][WiFiUdp.cpp:221] parsePacket(): could not receive data: 9
[ 77163][E][WiFiUdp.cpp:221] parsePacket(): could not receive data: 9
[ 77169][E][WiFiUdp.cpp:221] parsePacket(): could not receive data: 9
[ 77175][E][WiFiUdp.cpp:221] parsePacket(): could not receive data: 9
[ 77181][E][WiFiUdp.cpp:221] parsePacket(): could not receive data: 9
[ 77187][E][WiFiUdp.cpp:221] parsePacket(): could not receive data: 9
[ 77193][E][WiFiUdp.cpp:221] parsePacket(): could not receive data: 9
[ 77199][E][WiFiUdp.cpp:221] parsePacket(): could not receive data: 9
[ 77205][E][WiFiUdp.cpp:221] parsePacket(): could not receive data: 9
[ 77211][E][WiFiUdp.cpp:221] parsePacket(): could not receive data: 9
[ 77217][E][WiFiUdp.cpp:221] parsePacket(): could not receive data: 9
[ 77223][E][WiFiUdp.cpp:221] parsePacket(): could not receive data: 9
[ 77229][E][WiFiUdp.cpp:221] parsePacket(): could not receive data: 9
[ 77235][E][WiFiUdp.cpp:221] parsePacket(): could not receive data: 9
[ 77241][E][WiFiUdp.cpp:221] parsePacket(): could not receive data: 9
[ 77247][E][WiFiUdp.cpp:221] parsePacket(): could not receive data: 9
[ 77253][E][WiFiUdp.cpp:221] parsePacket(): could not receive data: 9
[ 77259][E][WiFiUdp.cpp:221] parsePacket(): could not receive data: 9
[ 77265][E][WiFiUdp.cpp:221] parsePacket(): could not receive data: 9
[ 77271][E][WiFiUdp.cpp:221] parsePacket(): could not receive data: 9
[ 77277][E][WiFiUdp.cpp:221] parsePacket(): could not receive data: 9
[ 77283][E][WiFiUdp.cpp:221] parsePacket(): could not receive data: 9
[ 77289][E][WiFiUdp.cpp:221] parsePacket(): could not receive data: 9
[ 77295][E][WiFiUdp.cpp:221] parsePacket(): could not receive data: 9
[ 77301][E][WiFiUdp.cpp:221] parsePacket(): could not receive data: 9
[ 77307][E][WiFiUdp.cpp:221] parsePacket(): could not receive data: 9
[ 77313][E][WiFiUdp.cpp:221] parsePacket(): could not receive data: 9
[ 77319][E][WiFiUdp.cpp:221] parsePacket(): could not receive data: 9
[ 77325][E][WiFiUdp.cpp:221] parsePacket(): could not receive data: 9
[ 77331][E][WiFiUdp.cpp:221] parsePacket(): could not receive data: 9
[ 77337][E][WiFiUdp.cpp:221] parsePacket(): could not receive data: 9
[ 77343][E][WiFiUdp.cpp:221] parsePacket(): could not receive data: 9
[ 77349][E][WiFiUdp.cpp:221] parsePacket(): could not receive data: 9
[ 77355][E][WiFiUdp.cpp:221] parsePacket(): could not receive data: 9
[ 77361][E][WiFiUdp.cpp:221] parsePacket(): could not receive data: 9
[ 77367][E][WiFiUdp.cpp:221] parsePacket(): could not receive data: 9
[ 77373][E][WiFiUdp.cpp:221] parsePacket(): could not receive data: 9
[ 77379][E][WiFiUdp.cpp:221] parsePacket(): could not receive data: 9
[ 77385][E][WiFiUdp.cpp:221] parsePacket(): could not receive data: 9
[ 77391][E][WiFiUdp.cpp:221] parsePacket(): could not receive data: 9
[ 77397][E][WiFiUdp.cpp:221] parsePacket(): could not receive data: 9
[ 77403][E][WiFiUdp.cpp:221] parsePacket(): could not receive data: 9
[ 77409][E][WiFiUdp.cpp:221] parsePacket(): could not receive data: 9
[ 77415][E][WiFiUdp.cpp:221] parsePacket(): could not receive data: 9
[ 77421][E][WiFiUdp.cpp:221] parsePacket(): could not receive data: 9
[ 77427][E][WiFiUdp.cpp:221] parsePacket(): could not receive data: 9
[ 77433][E][WiFiUdp.cpp:221] parsePacket(): could not receive data: 9
[ 77439][E][WiFiUdp.cpp:221] parsePacket(): could not receive data: 9
[ 77445][E][WiFiUdp.cpp:221] parsePacket(): could not receive data: 9
[ 77451][E][WiFiUdp.cpp:221] parsePacket(): could not receive data: 9
[ 77457][E][WiFiUdp.cpp:221] parsePacket(): could not receive data: 9
[ 77463][E][WiFiUdp.cpp:221] parsePacket(): could not receive data: 9
[ 77469][E][WiFiUdp.cpp:221] parsePacket(): could not receive data: 9
[ 77475][E][WiFiUdp.cpp:221] parsePacket(): could not receive data: 9
[ 77481][E][WiFiUdp.cpp:221] parsePacket(): could not receive data: 9
[ 77487][E][WiFiUdp.cpp:221] parsePacket(): could not receive data: 9
[ 77493][E][WiFiUdp.cpp:221] parsePacket(): could not receive data: 9
[ 77499][E][WiFiUdp.cpp:221] parsePacket(): could not receive data: 9
[ 77505][E][WiFiUdp.cpp:221] parsePacket(): could not receive data: 9
[ 77511][E][WiFiUdp.cpp:221] parsePacket(): could not receive data: 9
[ 77517][E][WiFiUdp.cpp:221] parsePacket(): could not receive data: 9
[ 77523][E][WiFiUdp.cpp:221] parsePacket(): could not receive data: 9
[ 77529][E][WiFiUdp.cpp:221] parsePacket(): could not receive data: 9
[ 77535][E][WiFiUdp.cpp:221] parsePacket(): could not receive data: 9
[ 77541][E][WiFiUdp.cpp:221] parsePacket(): could not receive data: 9
[ 77547][E][WiFiUdp.cpp:221] parsePacket(): could not receive data: 9
[ 77553][E][WiFiUdp.cpp:221] parsePacket(): could not receive data: 9
[ 77559][E][WiFiUdp.cpp:221] parsePacket(): could not receive data: 9
[ 77565][E][WiFiUdp.cpp:221] parsePacket(): could not receive data: 9
[ 77571][E][WiFiUdp.cpp:221] parsePacket(): could not receive data: 9
[ 77577][E][WiFiUdp.cpp:221] parsePacket(): could not receive data: 9
[ 77583][E][WiFiUdp.cpp:221] parsePacket(): could not receive data: 9
[ 77589][E][WiFiUdp.cpp:221] parsePacket(): could not receive data: 9
[ 77595][E][WiFiUdp.cpp:221] parsePacket(): could not receive data: 9
[ 77601][E][WiFiUdp.cpp:221] parsePacket(): could not receive data: 9
[ 77607][E][WiFiUdp.cpp:221] parsePacket(): could not receive data: 9
[ 77613][E][WiFiUdp.cpp:221] parsePacket(): could not receive data: 9
[ 77619][E][WiFiUdp.cpp:221] parsePacket(): could not receive data: 9
[ 77625][E][WiFiUdp.cpp:221] parsePacket(): could not receive data: 9
[ 77631][E][WiFiUdp.cpp:221] parsePacket(): could not receive data: 9
[ 77637][E][WiFiUdp.cpp:221] parsePacket(): could not receive data: 9
[ 77643][E][WiFiUdp.cpp:221] parsePacket(): could not receive data: 9
[HEAP] 00:01:01 142212 130484 110580 (mon)
[ 77652][E][WiFiUdp.cpp:221] parsePacket(): could not receive data: 9
[WIFI];link;down;sta;0;status;255;down_s;0;last_reason;0;got_ip_n;0;ip;1;ms;77652
[ 77659][E][WiFiUdp.cpp:221] parsePacket(): could not receive data: 9
[ 77665][E][WiFiUdp.cpp:221] parsePacket(): could not receive data: 9
[ 77671][E][WiFiUdp.cpp:221] parsePacket(): could not receive data: 9
[ 77677][E][WiFiUdp.cpp:221] parsePacket(): could not receive data: 9
[ 77683][E][WiFiUdp.cpp:221] parsePacket(): could not receive data: 9
[ 77689][E][WiFiUdp.cpp:221] parsePacket(): could not receive data: 9
[ 77695][E][WiFiUdp.cpp:221] parsePacket(): could not receive data: 9
[ 77701][E][WiFiUdp.cpp:221] parsePacket(): could not receive data: 9
[ 77707][E][WiFiUdp.cpp:221] parsePacket(): could not receive data: 9
[ 77713][E][WiFiUdp.cpp:221] parsePacket(): could not receive data: 9
[ 77719][E][WiFiUdp.cpp:221] parsePacket(): could not receive data: 9
[ 77725][E][WiFiUdp.cpp:221] parsePacket(): could not receive data: 9
[ 77731][E][WiFiUdp.cpp:221] parsePacket(): could not receive data: 9
[ 77737][E][WiFiUdp.cpp:221] parsePacket(): could not receive data: 9
[ 77743][E][WiFiUdp.cpp:221] parsePacket(): could not receive data: 9
[ 77749][E][WiFiUdp.cpp:221] parsePacket(): could not receive data: 9
[ 77755][E][WiFiUdp.cpp:221] parsePacket(): could not receive data: 9
[ 77761][E][WiFiUdp.cpp:221] parsePacket(): could not receive data: 9
[ 77767][E][WiFiUdp.cpp:221] parsePacket(): could not receive data: 9
[ 77773][E][WiFiUdp.cpp:221] parsePacket(): could not receive data: 9
[ 77779][E][WiFiUdp.cpp:221] parsePacket(): could not receive data: 9
[ 77785][E][WiFiUdp.cpp:221] parsePacket(): could not receive data: 9
[ 77791][E][WiFiUdp.cpp:221] parsePacket(): could not receive data: 9
[ 77797][E][WiFiUdp.cpp:221] parsePacket(): could not receive data: 9
[ 77803][E][WiFiUdp.cpp:221] parsePacket(): could not receive data: 9
[ 77809][E][WiFiUdp.cpp:221] parsePacket(): could not receive data: 9
[ 77815][E][WiFiUdp.cpp:221] parsePacket(): could not receive data: 9
[ 77821][E][WiFiUdp.cpp:221] parsePacket(): could not receive data: 9
[ 77827][E][WiFiUdp.cpp:221] parsePacket(): could not receive data: 9
[ 77833][E][WiFiUdp.cpp:221] parsePacket(): could not receive data: 9
[ 77839][E][WiFiUdp.cpp:221] parsePacket(): could not receive data: 9
[ 77845][E][WiFiUdp.cpp:221] parsePacket(): could not receive data: 9
[ 77851][E][WiFiUdp.cpp:221] parsePacket(): could not receive data: 9
[ 77857][E][WiFiUdp.cpp:221] parsePacket(): could not receive data: 9
[ 77863][E][WiFiUdp.cpp:221] parsePacket(): could not receive data: 9
[ 77869][E][WiFiUdp.cpp:221] parsePacket(): could not receive data: 9
[ 77875][E][WiFiUdp.cpp:221] parsePacket(): could not receive data: 9
[ 77881][E][WiFiUdp.cpp:221] parsePacket(): could not receive data: 9
[ 77887][E][WiFiUdp.cpp:221] parsePacket(): could not receive data: 9
[ 77893][E][WiFiUdp.cpp:221] parsePacket(): could not receive data: 9
[ 77899][E][WiFiUdp.cpp:221] parsePacket(): could not receive data: 9
[ 77905][E][WiFiUdp.cpp:221] parsePacket(): could not receive data: 9
[ 77911][E][WiFiUdp.cpp:221] parsePacket(): could not receive data: 9
[ 77917][E][WiFiUdp.cpp:221] parsePacket(): could not receive data: 9
[ 77923][E][WiFiUdp.cpp:221] parsePacket(): could not receive data: 9
[ 77929][E][WiFiUdp.cpp:221] parsePacket(): could not receive data: 9
[ 77935][E][WiFiUdp.cpp:221] parsePacket(): could not receive data: 9
[ 77941][E][WiFiUdp.cpp:221] parsePacket(): could not receive data: 9
[ 77947][E][WiFiUdp.cpp:221] parsePacket(): could not receive data: 9
[ 77953][E][WiFiUdp.cpp:221] parsePacket(): could not receive data: 9
[ 77959][E][WiFiUdp.cpp:221] parsePacket(): could not receive data: 9
[ 77965][E][WiFiUdp.cpp:221] parsePacket(): could not receive data: 9
[ 77971][E][WiFiUdp.cpp:221] parsePacket(): could not receive data: 9
[ 77977][E][WiFiUdp.cpp:221] parsePacket(): could not receive data: 9
[ 77983][E][WiFiUdp.cpp:221] parsePacket(): could not receive data: 9
[ 77989][E][WiFiUdp.cpp:221] parsePacket(): could not receive data: 9
[ 77995][E][WiFiUdp.cpp:221] parsePacket(): could not receive data: 9
[ 78001][E][WiFiUdp.cpp:221] parsePacket(): could not receive data: 9
[ 78007][E][WiFiUdp.cpp:221] parsePacket(): could not receive data: 9
[ 78013][E][WiFiUdp.cpp:221] parsePacket(): could not receive data: 9
[ 78019][E][WiFiUdp.cpp:221] parsePacket(): could not receive data: 9
[ 78025][E][WiFiUdp.cpp:221] parsePacket(): could not receive data: 9
[ 78031][E][WiFiUdp.cpp:221] parsePacket(): could not receive data: 9
[ 78037][E][WiFiUdp.cpp:221] parsePacket(): could not receive data: 9
[ 78042][E][WiFiUdp.cpp:221] parsePacket(): could not receive data: 9
[ 78048][E][WiFiUdp.cpp:221] parsePacket(): could not receive data: 9
[ 78054][E][WiFiUdp.cpp:221] parsePacket(): could not receive data: 9
[ 78060][E][WiFiUdp.cpp:221] parsePacket(): could not receive data: 9
[ 78066][E][WiFiUdp.cpp:221] parsePacket(): could not receive data: 9
[ 78072][E][WiFiUdp.cpp:221] parsePacket(): could not receive data: 9
[ 78078][E][WiFiUdp.cpp:221] parsePacket(): could not receive data: 9
[ 78084][E][WiFiUdp.cpp:221] parsePacket(): could not receive data: 9
[ 78090][E][WiFiUdp.cpp:221] parsePacket(): could not receive data: 9
[ 78096][E][WiFiUdp.cpp:221] parsePacket(): could not receive data: 9
[ 78102][E][WiFiUdp.cpp:221] parsePacket(): could not receive data: 9
[ 78108][E][WiFiUdp.cpp:221] parsePacket(): could not receive data: 9
[ 78114][E][WiFiUdp.cpp:221] parsePacket(): could not receive data: 9
[ 78120][E][WiFiUdp.cpp:221] parsePacket(): could not receive data: 9
[ 78126][E][WiFiUdp.cpp:221] parsePacket(): could not receive data: 9
[ 78132][E][WiFiUdp.cpp:221] parsePacket(): could not receive data: 9
[ 78138][E][WiFiUdp.cpp:221] parsePacket(): could not receive data: 9
[ 78144][E][WiFiUdp.cpp:221] parsePacket(): could not receive data: 9
[ 78150][E][WiFiUdp.cpp:221] parsePacket(): could not receive data: 9
[ 78156][E][WiFiUdp.cpp:221] parsePacket(): could not receive data: 9
[ 78162][E][WiFiUdp.cpp:221] parsePacket(): could not receive data: 9
[ 78168][E][WiFiUdp.cpp:221] parsePacket(): could not receive data: 9
[ 78174][E][WiFiUdp.cpp:221] parsePacket(): could not receive data: 9
[ 78180][E][WiFiUdp.cpp:221] parsePacket(): could not receive data: 9
[ 78186][E][WiFiUdp.cpp:221] parsePacket(): could not receive data: 9
[ 78192][E][WiFiUdp.cpp:221] parsePacket(): could not receive data: 9
[ 78198][E][WiFiUdp.cpp:221] parsePacket(): could not receive data: 9
[ 78204][E][WiFiUdp.cpp:221] parsePacket(): could not receive data: 9
[ 78210][E][WiFiUdp.cpp:221] parsePacket(): could not receive data: 9
[ 78216][E][WiFiUdp.cpp:221] parsePacket(): could not receive data: 9
[ 78222][E][WiFiUdp.cpp:221] parsePacket(): could not receive data: 9
[ 78228][E][WiFiUdp.cpp:221] parsePacket(): could not receive data: 9
[ 78234][E][WiFiUdp.cpp:221] parsePacket(): could not receive data: 9
[ 78240][E][WiFiUdp.cpp:221] parsePacket(): could not receive data: 9
[ 78246][E][WiFiUdp.cpp:221] parsePacket(): could not receive data: 9
[ 78252][E][WiFiUdp.cpp:221] parsePacket(): could not receive data: 9
[ 78258][E][WiFiUdp.cpp:221] parsePacket(): could not receive data: 9
[ 78264][E][WiFiUdp.cpp:221] parsePacket(): could not receive data: 9
[ 78270][E][WiFiUdp.cpp:221] parsePacket(): could not receive data: 9
[ 78276][E][WiFiUdp.cpp:221] parsePacket(): could not receive data: 9
[ 78282][E][WiFiUdp.cpp:221] parsePacket(): could not receive data: 9
[ 78288][E][WiFiUdp.cpp:221] parsePacket(): could not receive data: 9
[ 78294][E][WiFiUdp.cpp:221] parsePacket(): could not receive data: 9
[ 78300][E][WiFiUdp.cpp:221] parsePacket(): could not receive data: 9
[ 78306][E][WiFiUdp.cpp:221] parsePacket(): could not receive data: 9
[ 78312][E][WiFiUdp.cpp:221] parsePacket(): could not receive data: 9
[ 78318][E][WiFiUdp.cpp:221] parsePacket(): could not receive data: 9
[ 78324][E][WiFiUdp.cpp:221] parsePacket(): could not receive data: 9
[ 78330][E][WiFiUdp.cpp:221] parsePacket(): could not receive data: 9
[ 78336][E][WiFiUdp.cpp:221] parsePacket(): could not receive data: 9
[ 78342][E][WiFiUdp.cpp:221] parsePacket(): could not receive data: 9
[ 78348][E][WiFiUdp.cpp:221] parsePacket(): could not receive data: 9
[ 78354][E][WiFiUdp.cpp:221] parsePacket(): could not receive data: 9
[ 78360][E][WiFiUdp.cpp:221] parsePacket(): could not receive data: 9
[ 78366][E][WiFiUdp.cpp:221] parsePacket(): could not receive data: 9
[ 78372][E][WiFiUdp.cpp:221] parsePacket(): could not receive data: 9
[ 78378][E][WiFiUdp.cpp:221] parsePacket(): could not receive data: 9
[ 78384][E][WiFiUdp.cpp:221] parsePacket(): could not receive data: 9
[ 78390][E][WiFiUdp.cpp:221] parsePacket(): could not receive data: 9
[ 78396][E][WiFiUdp.cpp:221] parsePacket(): could not receive data: 9
[ 78402][E][WiFiUdp.cpp:221] parsePacket(): could not receive data: 9
[ 78408][E][WiFiUdp.cpp:221] parsePacket(): could not receive data: 9
[ 78414][E][WiFiUdp.cpp:221] parsePacket(): could not receive data: 9
[ 78420][E][WiFiUdp.cpp:221] parsePacket(): could not receive data: 9
[ 78426][E][WiFiUdp.cpp:221] parsePacket(): could not receive data: 9
[ 78432][E][WiFiUdp.cpp:221] parsePacket(): could not receive data: 9
[ 78438][E][WiFiUdp.cpp:221] parsePacket(): could not receive data: 9
[ 78444][E][WiFiUdp.cpp:221] parsePacket(): could not receive data: 9
[ 78450][E][WiFiUdp.cpp:221] parsePacket(): could not receive data: 9
[ 78456][E][WiFiUdp.cpp:221] parsePacket(): could not receive data: 9
[ 78462][E][WiFiUdp.cpp:221] parsePacket(): could not receive data: 9
[ 78468][E][WiFiUdp.cpp:221] parsePacket(): could not receive data: 9
[ 78474][E][WiFiUdp.cpp:221] parsePacket(): could not receive data: 9
[ 78480][E][WiFiUdp.cpp:221] parsePacket(): could not receive data: 9
[ 78486][E][WiFiUdp.cpp:221] parsePacket(): could not receive data: 9
[ 78492][E][WiFiUdp.cpp:221] parsePacket(): could not receive data: 9
[ 78498][E][WiFiUdp.cpp:221] parsePacket(): could not receive data: 9
[ 78504][E][WiFiUdp.cpp:221] parsePacket(): could not receive data: 9
[ 78510][E][WiFiUdp.cpp:221] parsePacket(): could not receive data: 9
[ 78516][E][WiFiUdp.cpp:221] parsePacket(): could not receive data: 9
[ 78522][E][WiFiUdp.cpp:221] parsePacket(): could not receive data: 9
[ 78528][E][WiFiUdp.cpp:221] parsePacket(): could not receive data: 9
[ 78534][E][WiFiUdp.cpp:221] parsePacket(): could not receive data: 9
[ 78540][E][WiFiUdp.cpp:221] parsePacket(): could not receive data: 9
[ 78546][E][WiFiUdp.cpp:221] parsePacket(): could not receive data: 9
[ 78552][E][WiFiUdp.cpp:221] parsePacket(): could not receive data: 9
[ 78558][E][WiFiUdp.cpp:221] parsePacket(): could not receive data: 9
[ 78564][E][WiFiUdp.cpp:221] parsePacket(): could not receive data: 9
[ 78570][E][WiFiUdp.cpp:221] parsePacket(): could not receive data: 9
[ 78576][E][WiFiUdp.cpp:221] parsePacket(): could not receive data: 9
[ 78582][E][WiFiUdp.cpp:221] parsePacket(): could not receive data: 9
[ 78588][E][WiFiUdp.cpp:221] parsePacket(): could not receive data: 9
[ 78594][E][WiFiUdp.cpp:221] parsePacket(): could not receive data: 9
[ 78600][E][WiFiUdp.cpp:221] parsePacket(): could not receive data: 9
[ 78606][E][WiFiUdp.cpp:221] parsePacket(): could not receive data: 9
[ 78612][E][WiFiUdp.cpp:221] parsePacket(): could not receive data: 9
[ 78618][E][WiFiUdp.cpp:221] parsePacket(): could not receive data: 9
[ 78624][E][WiFiUdp.cpp:221] parsePacket(): could not receive data: 9
[ 78630][E][WiFiUdp.cpp:221] parsePacket(): could not receive data: 9
[ 78636][E][WiFiUdp.cpp:221] parsePacket(): could not receive data: 9
[ 78642][E][WiFiUdp.cpp:221] parsePacket(): could not receive data: 9
[ 78648][E][WiFiUdp.cpp:221] parsePacket(): could not receive data: 9
[ 78654][E][WiFiUdp.cpp:221] parsePacket(): could not receive data: 9
[ 78660][E][WiFiUdp.cpp:221] parsePacket(): could not receive data: 9
[ 78666][E][WiFiUdp.cpp:221] parsePacket(): could not receive data: 9
[ 78672][E][WiFiUdp.cpp:221] parsePacket(): could not receive data: 9
[ 78678][E][WiFiUdp.cpp:221] parsePacket(): could not receive data: 9
[ 78684][E][WiFiUdp.cpp:221] parsePacket(): could not receive data: 9
[ 78690][E][WiFiUdp.cpp:221] parsePacket(): could not receive data: 9
[ 78696][E][WiFiUdp.cpp:221] parsePacket(): could not receive data: 9
[ 78702][E][WiFiUdp.cpp:221] parsePacket(): could not receive data: 9
[ 78708][E][WiFiUdp.cpp:221] parsePacket(): could not receive data: 9
[ 78714][E][WiFiUdp.cpp:221] parsePacket(): could not receive data: 9
[ 78720][E][WiFiUdp.cpp:221] parsePacket(): could not receive data: 9
[ 78726][E][WiFiUdp.cpp:221] parsePacket(): could not receive data: 9
[ 78732][E][WiFiUdp.cpp:221] parsePacket(): could not receive data: 9
[ 78738][E][WiFiUdp.cpp:221] parsePacket(): could not receive data: 9
[ 78744][E][WiFiUdp.cpp:221] parsePacket(): could not receive data: 9
[ 78750][E][WiFiUdp.cpp:221] parsePacket(): could not receive data: 9
[ 78756][E][WiFiUdp.cpp:221] parsePacket(): could not receive data: 9
[ 78762][E][WiFiUdp.cpp:221] parsePacket(): could not receive data: 9
[ 78768][E][WiFiUdp.cpp:221] parsePacket(): could not receive data: 9
[ 78774][E][WiFiUdp.cpp:221] parsePacket(): could not receive data: 9
[ 78780][E][WiFiUdp.cpp:221] parsePacket(): could not receive data: 9
[ 78786][E][WiFiUdp.cpp:221] parsePacket(): could not receive data: 9
[ 78792][E][WiFiUdp.cpp:221] parsePacket(): could not receive data: 9
[ 78798][E][WiFiUdp.cpp:221] parsePacket(): could not receive data: 9
[ 78804][E][WiFiUdp.cpp:221] parsePacket(): could not receive data: 9
[ 78810][E][WiFiUdp.cpp:221] parsePacket(): could not receive data: 9
[ 78816][E][WiFiUdp.cpp:221] parsePacket(): could not receive data: 9
[ 78822][E][WiFiUdp.cpp:221] parsePacket(): could not receive data: 9
[ 78828][E][WiFiUdp.cpp:221] parsePacket(): could not receive data: 9
[ 78834][E][WiFiUdp.cpp:221] parsePacket(): could not receive data: 9
[ 78840][E][WiFiUdp.cpp:221] parsePacket(): could not receive data: 9
[ 78846][E][WiFiUdp.cpp:221] parsePacket(): could not receive data: 9
[ 78852][E][WiFiUdp.cpp:221] parsePacket(): could not receive data: 9
[ 78858][E][WiFiUdp.cpp:221] parsePacket(): could not receive data: 9
[ 78864][E][WiFiUdp.cpp:221] parsePacket(): could not receive data: 9
[ 78870][E][WiFiUdp.cpp:221] parsePacket(): could not receive data: 9
[ 78876][E][WiFiUdp.cpp:221] parsePacket(): could not receive data: 9
[ 78882][E][WiFiUdp.cpp:221] parsePacket(): could not receive data: 9
[ 78888][E][WiFiUdp.cpp:221] parsePacket(): could not receive data: 9
[ 78894][E][WiFiUdp.cpp:221] parsePacket(): could not receive data: 9
[ 78900][E][WiFiUdp.cpp:221] parsePacket(): could not receive data: 9
[ 78906][E][WiFiUdp.cpp:221] parsePacket(): could not receive data: 9
[ 78912][E][WiFiUdp.cpp:221] parsePacket(): could not receive data: 9
[ 78918][E][WiFiUdp.cpp:221] parsePacket(): could not receive data: 9
[ 78924][E][WiFiUdp.cpp:221] parsePacket(): could not receive data: 9
[ 78930][E][WiFiUdp.cpp:221] parsePacket(): could not receive data: 9
[ 78936][E][WiFiUdp.cpp:221] parsePacket(): could not receive data: 9
[ 78942][E][WiFiUdp.cpp:221] parsePacket(): could not receive data: 9
[ 78948][E][WiFiUdp.cpp:221] parsePacket(): could not receive data: 9
[ 78954][E][WiFiUdp.cpp:221] parsePacket(): could not receive data: 9
[ 78960][E][WiFiUdp.cpp:221] parsePacket(): could not receive data: 9
[ 78966][E][WiFiUdp.cpp:221] parsePacket(): could not receive data: 9
[ 78972][E][WiFiUdp.cpp:221] parsePacket(): could not receive data: 9
[ 78978][E][WiFiUdp.cpp:221] parsePacket(): could not receive data: 9
[ 78984][E][WiFiUdp.cpp:221] parsePacket(): could not receive data: 9
[ 78990][E][WiFiUdp.cpp:221] parsePacket(): could not receive data: 9
[ 78996][E][WiFiUdp.cpp:221] parsePacket(): could not receive data: 9
[ 79002][E][WiFiUdp.cpp:221] parsePacket(): could not receive data: 9
[ 79008][E][WiFiUdp.cpp:221] parsePacket(): could not receive data: 9
[ 79014][E][WiFiUdp.cpp:221] parsePacket(): could not receive data: 9
[ 79020][E][WiFiUdp.cpp:221] parsePacket(): could not receive data: 9
[ 79026][E][WiFiUdp.cpp:221] parsePacket(): could not receive data: 9
[ 79032][E][WiFiUdp.cpp:221] parsePacket(): could not receive data: 9
[ 79038][E][WiFiUdp.cpp:221] parsePacket(): could not receive data: 9
[ 79044][E][WiFiUdp.cpp:221] parsePacket(): could not receive data: 9
[ 79050][E][WiFiUdp.cpp:221] parsePacket(): could not receive data: 9
[ 79056][E][WiFiUdp.cpp:221] parsePacket(): could not receive data: 9
[ 79062][E][WiFiUdp.cpp:221] parsePacket(): could not receive data: 9
[ 79068][E][WiFiUdp.cpp:221] parsePacket(): could not receive data: 9
[ 79074][E][WiFiUdp.cpp:221] parsePacket(): could not receive data: 9
[ 79080][E][WiFiUdp.cpp:221] parsePacket(): could not receive data: 9
[ 79086][E][WiFiUdp.cpp:221] parsePacket(): could not receive data: 9
[ 79092][E][WiFiUdp.cpp:221] parsePacket(): could not receive data: 9
[ 79098][E][WiFiUdp.cpp:221] parsePacket(): could not receive data: 9
[ 79104][E][WiFiUdp.cpp:221] parsePacket(): could not receive data: 9
[ 79110][E][WiFiUdp.cpp:221] parsePacket(): could not receive data: 9
[ 79116][E][WiFiUdp.cpp:221] parsePacket(): could not receive data: 9
[ 79122][E][WiFiUdp.cpp:221] parsePacket(): could not receive data: 9
[ 79128][E][WiFiUdp.cpp:221] parsePacket(): could not receive data: 9
[ 79134][E][WiFiUdp.cpp:221] parsePacket(): could not receive data: 9
[ 79140][E][WiFiUdp.cpp:221] parsePacket(): could not receive data: 9
[ 79146][E][WiFiUdp.cpp:221] parsePacket(): could not receive data: 9
[ 79152][E][WiFiUdp.cpp:221] parsePacket(): could not receive data: 9
[ 79158][E][WiFiUdp.cpp:221] parsePacket(): could not receive data: 9
[ 79164][E][WiFiUdp.cpp:221] parsePacket(): could not receive data: 9
[ 79170][E][WiFiUdp.cpp:221] parsePacket(): could not receive data: 9
[ 79176][E][WiFiUdp.cpp:221] parsePacket(): could not receive data: 9
[ 79182][E][WiFiUdp.cpp:221] parsePacket(): could not receive data: 9
[ 79188][E][WiFiUdp.cpp:221] parsePacket(): could not receive data: 9
[ 79194][E][WiFiUdp.cpp:221] parsePacket(): could not receive data: 9
[ 79200][E][WiFiUdp.cpp:221] parsePacket(): could not receive data: 9
[ 79206][E][WiFiUdp.cpp:221] parsePacket(): could not receive data: 9
[ 79212][E][WiFiUdp.cpp:221] parsePacket(): could not receive data: 9
[ 79218][E][WiFiUdp.cpp:221] parsePacket(): could not receive data: 9
[ 79224][E][WiFiUdp.cpp:221] parsePacket(): could not receive data: 9
[ 79230][E][WiFiUdp.cpp:221] parsePacket(): could not receive data: 9
[ 79236][E][WiFiUdp.cpp:221] parsePacket(): could not receive data: 9
[ 79242][E][WiFiUdp.cpp:221] parsePacket(): could not receive data: 9
[ 79248][E][WiFiUdp.cpp:221] parsePacket(): could not receive data: 9
[ 79254][E][WiFiUdp.cpp:221] parsePacket(): could not receive data: 9
[ 79260][E][WiFiUdp.cpp:221] parsePacket(): could not receive data: 9
[ 79266][E][WiFiUdp.cpp:221] parsePacket(): could not receive data: 9
[ 79272][E][WiFiUdp.cpp:221] parsePacket(): could not receive data: 9
[ 79278][E][WiFiUdp.cpp:221] parsePacket(): could not receive data: 9
[ 79284][E][WiFiUdp.cpp:221] parsePacket(): could not receive data: 9
[ 79290][E][WiFiUdp.cpp:221] parsePacket(): could not receive data: 9
[ 79296][E][WiFiUdp.cpp:221] parsePacket(): could not receive data: 9
[ 79302][E][WiFiUdp.cpp:221] parsePacket(): could not receive data: 9
[ 79308][E][WiFiUdp.cpp:221] parsePacket(): could not receive data: 9
[ 79314][E][WiFiUdp.cpp:221] parsePacket(): could not receive data: 9
[ 79320][E][WiFiUdp.cpp:221] parsePacket(): could not receive data: 9
[ 79326][E][WiFiUdp.cpp:221] parsePacket(): could not receive data: 9
[ 79332][E][WiFiUdp.cpp:221] parsePacket(): could not receive data: 9
[ 79338][E][WiFiUdp.cpp:221] parsePacket(): could not receive data: 9
[ 79344][E][WiFiUdp.cpp:221] parsePacket(): could not receive data: 9
[ 79350][E][WiFiUdp.cpp:221] parsePacket(): could not receive data: 9
[ 79356][E][WiFiUdp.cpp:221] parsePacket(): could not receive data: 9
[ 79362][E][WiFiUdp.cpp:221] parsePacket(): could not receive data: 9
[ 79368][E][WiFiUdp.cpp:221] parsePacket(): could not receive data: 9
[ 79374][E][WiFiUdp.cpp:221] parsePacket(): could not receive data: 9
[ 79380][E][WiFiUdp.cpp:221] parsePacket(): could not receive data: 9
[ 79386][E][WiFiUdp.cpp:221] parsePacket(): could not receive data: 9
[ 79392][E][WiFiUdp.cpp:221] parsePacket(): could not receive data: 9
[ 79398][E][WiFiUdp.cpp:221] parsePacket(): could not receive data: 9
[ 79404][E][WiFiUdp.cpp:221] parsePacket(): could not receive data: 9
[ 79410][E][WiFiUdp.cpp:221] parsePacket(): could not receive data: 9
[ 79416][E][WiFiUdp.cpp:221] parsePacket(): could not receive data: 9
[ 79422][E][WiFiUdp.cpp:221] parsePacket(): could not receive data: 9
[ 79428][E][WiFiUdp.cpp:221] parsePacket(): could not receive data: 9
[ 79434][E][WiFiUdp.cpp:221] parsePacket(): could not receive data: 9
[ 79440][E][WiFiUdp.cpp:221] parsePacket(): could not receive data: 9
[ 79446][E][WiFiUdp.cpp:221] parsePacket(): could not receive data: 9
[ 79452][E][WiFiUdp.cpp:221] parsePacket(): could not receive data: 9
[ 79458][E][WiFiUdp.cpp:221] parsePacket(): could not receive data: 9
[ 79464][E][WiFiUdp.cpp:221] parsePacket(): could not receive data: 9
[ 79470][E][WiFiUdp.cpp:221] parsePacket(): could not receive data: 9
[ 79476][E][WiFiUdp.cpp:221] parsePacket(): could not receive data: 9
[ 79482][E][WiFiUdp.cpp:221] parsePacket(): could not receive data: 9
[ 79488][E][WiFiUdp.cpp:221] parsePacket(): could not receive data: 9
[ 79494][E][WiFiUdp.cpp:221] parsePacket(): could not receive data: 9
[ 79500][E][WiFiUdp.cpp:221] parsePacket(): could not receive data: 9
[ 79506][E][WiFiUdp.cpp:221] parsePacket(): could not receive data: 9
[ 79512][E][WiFiUdp.cpp:221] parsePacket(): could not receive data: 9
[ 79518][E][WiFiUdp.cpp:221] parsePacket(): could not receive data: 9
[ 79524][E][WiFiUdp.cpp:221] parsePacket(): could not receive data: 9
[ 79530][E][WiFiUdp.cpp:221] parsePacket(): could not receive data: 9
[ 79536][E][WiFiUdp.cpp:221] parsePacket(): could not receive data: 9
[ 79542][E][WiFiUdp.cpp:221] parsePacket(): could not receive data: 9
[ 79548][E][WiFiUdp.cpp:221] parsePacket(): could not receive data: 9
[ 79554][E][WiFiUdp.cpp:221] parsePacket(): could not receive data: 9
[ 79560][E][WiFiUdp.cpp:221] parsePacket(): could not receive data: 9
[ 79566][E][WiFiUdp.cpp:221] parsePacket(): could not receive data: 9
[ 79572][E][WiFiUdp.cpp:221] parsePacket(): could not receive data: 9
[ 79578][E][WiFiUdp.cpp:221] parsePacket(): could not receive data: 9
[ 79583][E][WiFiUdp.cpp:221] parsePacket(): could not receive data: 9
[ 79589][E][WiFiUdp.cpp:221] parsePacket(): could not receive data: 9
[ 79595][E][WiFiUdp.cpp:221] parsePacket(): could not receive data: 9
[ 79601][E][WiFiUdp.cpp:221] parsePacket(): could not receive data: 9
[ 79607][E][WiFiUdp.cpp:221] parsePacket(): could not receive data: 9
[ 79613][E][WiFiUdp.cpp:221] parsePacket(): could not receive data: 9
[ 79619][E][WiFiUdp.cpp:221] parsePacket(): could not receive data: 9
[ 79625][E][WiFiUdp.cpp:221] parsePacket(): could not receive data: 9
[ 79631][E][WiFiUdp.cpp:221] parsePacket(): could not receive data: 9
[ 79637][E][WiFiUdp.cpp:221] parsePacket(): could not receive data: 9
[ 79643][E][WiFiUdp.cpp:221] parsePacket(): could not receive data: 9
[ 79649][E][WiFiUdp.cpp:221] parsePacket(): could not receive data: 9
[ 79655][E][WiFiUdp.cpp:221] parsePacket(): could not receive data: 9
[ 79661][E][WiFiUdp.cpp:221] parsePacket(): could not receive data: 9
[ 79667][E][WiFiUdp.cpp:221] parsePacket(): could not receive data: 9
[ 79673][E][WiFiUdp.cpp:221] parsePacket(): could not receive data: 9
[ 79679][E][WiFiUdp.cpp:221] parsePacket(): could not receive data: 9
[ 79685][E][WiFiUdp.cpp:221] parsePacket(): could not receive data: 9
[ 79691][E][WiFiUdp.cpp:221] parsePacket(): could not receive data: 9
[ 79697][E][WiFiUdp.cpp:221] parsePacket(): could not receive data: 9
[ 79703][E][WiFiUdp.cpp:221] parsePacket(): could not receive data: 9
[ 79709][E][WiFiUdp.cpp:221] parsePacket(): could not receive data: 9
[ 79715][E][WiFiUdp.cpp:221] parsePacket(): could not receive data: 9
[ 79721][E][WiFiUdp.cpp:221] parsePacket(): could not receive data: 9
[ 79727][E][WiFiUdp.cpp:221] parsePacket(): could not receive data: 9
[ 79733][E][WiFiUdp.cpp:221] parsePacket(): could not receive data: 9
[ 79739][E][WiFiUdp.cpp:221] parsePacket(): could not receive data: 9
[ 79745][E][WiFiUdp.cpp:221] parsePacket(): could not receive data: 9
[ 79751][E][WiFiUdp.cpp:221] parsePacket(): could not receive data: 9
[ 79757][E][WiFiUdp.cpp:221] parsePacket(): could not receive data: 9
[ 79763][E][WiFiUdp.cpp:221] parsePacket(): could not receive data: 9
[ 79769][E][WiFiUdp.cpp:221] parsePacket(): could not receive data: 9
[ 79775][E][WiFiUdp.cpp:221] parsePacket(): could not receive data: 9
[ 79781][E][WiFiUdp.cpp:221] parsePacket(): could not receive data: 9
[ 79787][E][WiFiUdp.cpp:221] parsePacket(): could not receive data: 9
[ 79793][E][WiFiUdp.cpp:221] parsePacket(): could not receive data: 9
[ 79799][E][WiFiUdp.cpp:221] parsePacket(): could not receive data: 9
[ 79805][E][WiFiUdp.cpp:221] parsePacket(): could not receive data: 9
[ 79811][E][WiFiUdp.cpp:221] parsePacket(): could not receive data: 9
[ 79817][E][WiFiUdp.cpp:221] parsePacket(): could not receive data: 9
[ 79823][E][WiFiUdp.cpp:221] parsePacket(): could not receive data: 9
[ 79829][E][WiFiUdp.cpp:221] parsePacket(): could not receive data: 9
[ 79835][E][WiFiUdp.cpp:221] parsePacket(): could not receive data: 9
[ 79841][E][WiFiUdp.cpp:221] parsePacket(): could not receive data: 9
[ 79847][E][WiFiUdp.cpp:221] parsePacket(): could not receive data: 9
[ 79853][E][WiFiUdp.cpp:221] parsePacket(): could not receive data: 9
[ 79859][E][WiFiUdp.cpp:221] parsePacket(): could not receive data: 9
[ 79865][E][WiFiUdp.cpp:221] parsePacket(): could not receive data: 9
[ 79871][E][WiFiUdp.cpp:221] parsePacket(): could not receive data: 9
[ 79877][E][WiFiUdp.cpp:221] parsePacket(): could not receive data: 9
[ 79883][E][WiFiUdp.cpp:221] parsePacket(): could not receive data: 9
[ 79889][E][WiFiUdp.cpp:221] parsePacket(): could not receive data: 9
[ 79895][E][WiFiUdp.cpp:221] parsePacket(): could not receive data: 9
[ 79901][E][WiFiUdp.cpp:221] parsePacket(): could not receive data: 9
[ 79907][E][WiFiUdp.cpp:221] parsePacket(): could not receive data: 9
[ 79913][E][WiFiUdp.cpp:221] parsePacket(): could not receive data: 9
[ 79919][E][WiFiUdp.cpp:221] parsePacket(): could not receive data: 9
[ 79925][E][WiFiUdp.cpp:221] parsePacket(): could not receive data: 9
[ 79931][E][WiFiUdp.cpp:221] parsePacket(): could not receive data: 9
[ 79937][E][WiFiUdp.cpp:221] parsePacket(): could not receive data: 9
[ 79943][E][WiFiUdp.cpp:221] parsePacket(): could not receive data: 9
[ 79949][E][WiFiUdp.cpp:221] parsePacket(): could not receive data: 9
[ 79955][E][WiFiUdp.cpp:221] parsePacket(): could not receive data: 9
[ 79961][E][WiFiUdp.cpp:221] parsePacket(): could not receive data: 9
[ 79967][E][WiFiUdp.cpp:221] parsePacket(): could not receive data: 9
[ 79973][E][WiFiUdp.cpp:221] parsePacket(): could not receive data: 9
[ 79979][E][WiFiUdp.cpp:221] parsePacket(): could not receive data: 9
[ 79985][E][WiFiUdp.cpp:221] parsePacket(): could not receive data: 9
[ 79991][E][WiFiUdp.cpp:221] parsePacket(): could not receive data: 9
[ 79997][E][WiFiUdp.cpp:221] parsePacket(): could not receive data: 9
[ 80003][E][WiFiUdp.cpp:221] parsePacket(): could not receive data: 9
[ 80009][E][WiFiUdp.cpp:221] parsePacket(): could not receive data: 9
[ 80015][E][WiFiUdp.cpp:221] parsePacket(): could not receive data: 9
[ 80021][E][WiFiUdp.cpp:221] parsePacket(): could not receive data: 9
[ 80027][E][WiFiUdp.cpp:221] parsePacket(): could not receive data: 9
[ 80033][E][WiFiUdp.cpp:221] parsePacket(): could not receive data: 9
[ 80039][E][WiFiUdp.cpp:221] parsePacket(): could not receive data: 9
[ 80045][E][WiFiUdp.cpp:221] parsePacket(): could not receive data: 9
[ 80051][E][WiFiUdp.cpp:221] parsePacket(): could not receive data: 9
[ 80057][E][WiFiUdp.cpp:221] parsePacket(): could not receive data: 9
[ 80063][E][WiFiUdp.cpp:221] parsePacket(): could not receive data: 9
[ 80069][E][WiFiUdp.cpp:221] parsePacket(): could not receive data: 9
[ 80075][E][WiFiUdp.cpp:221] parsePacket(): could not receive data: 9
[ 80081][E][WiFiUdp.cpp:221] parsePacket(): could not receive data: 9
[ 80087][E][WiFiUdp.cpp:221] parsePacket(): could not receive data: 9
[ 80093][E][WiFiUdp.cpp:221] parsePacket(): could not receive data: 9
[ 80099][E][WiFiUdp.cpp:221] parsePacket(): could not receive data: 9
[ 80105][E][WiFiUdp.cpp:221] parsePacket(): could not receive data: 9
[ 80123][E][WiFiUdp.cpp:221] parsePacket(): could not receive data: 9
[ 80139][E][WiFiUdp.cpp:221] parsePacket(): could not receive data: 9
[ 80146][E][WiFiUdp.cpp:221] parsePacket(): could not receive data: 9
[ 80152][E][WiFiUdp.cpp:221] parsePacket(): could not receive data: 9
[ 80158][E][WiFiUdp.cpp:221] parsePacket(): could not receive data: 9
[ 80164][E][WiFiUdp.cpp:221] parsePacket(): could not receive data: 9
[ 80170][E][WiFiUdp.cpp:221] parsePacket(): could not receive data: 9
[ 80176][E][WiFiUdp.cpp:221] parsePacket(): could not receive data: 9
[ 80182][E][WiFiUdp.cpp:221] parsePacket(): could not receive data: 9
[ 80188][E][WiFiUdp.cpp:221] parsePacket(): could not receive data: 9
[ 80194][E][WiFiUdp.cpp:221] parsePacket(): could not receive data: 9
[ 80200][E][WiFiUdp.cpp:221] parsePacket(): could not receive data: 9
[ 80206][E][WiFiUdp.cpp:221] parsePacket(): could not receive data: 9
[ 80212][E][WiFiUdp.cpp:221] parsePacket(): could not receive data: 9
[ 80218][E][WiFiUdp.cpp:221] parsePacket(): could not receive data: 9
[ 80224][E][WiFiUdp.cpp:221] parsePacket(): could not receive data: 9
[ 80230][E][WiFiUdp.cpp:221] parsePacket(): could not receive data: 9
[ 80236][E][WiFiUdp.cpp:221] parsePacket(): could not receive data: 9
[ 80242][E][WiFiUdp.cpp:221] parsePacket(): could not receive data: 9
[ 80248][E][WiFiUdp.cpp:221] parsePacket(): could not receive data: 9
[ 80254][E][WiFiUdp.cpp:221] parsePacket(): could not receive data: 9
[ 80260][E][WiFiUdp.cpp:221] parsePacket(): could not receive data: 9
[ 80266][E][WiFiUdp.cpp:221] parsePacket(): could not receive data: 9
[ 80272][E][WiFiUdp.cpp:221] parsePacket(): could not receive data: 9
[ 80278][E][WiFiUdp.cpp:221] parsePacket(): could not receive data: 9
[ 80284][E][WiFiUdp.cpp:221] parsePacket(): could not receive data: 9
[ 80290][E][WiFiUdp.cpp:221] parsePacket(): could not receive data: 9
[ 80296][E][WiFiUdp.cpp:221] parsePacket(): could not receive data: 9
[ 80302][E][WiFiUdp.cpp:221] parsePacket(): could not receive data: 9
[ 80308][E][WiFiUdp.cpp:221] parsePacket(): could not receive data: 9
[ 80314][E][WiFiUdp.cpp:221] parsePacket(): could not receive data: 9
[ 80320][E][WiFiUdp.cpp:221] parsePacket(): could not receive data: 9
[ 80326][E][WiFiUdp.cpp:221] parsePacket(): could not receive data: 9
[ 80332][E][WiFiUdp.cpp:221] parsePacket(): could not receive data: 9
[ 80338][E][WiFiUdp.cpp:221] parsePacket(): could not receive data: 9
[ 80344][E][WiFiUdp.cpp:221] parsePacket(): could not receive data: 9
[ 80350][E][WiFiUdp.cpp:221] parsePacket(): could not receive data: 9
[ 80356][E][WiFiUdp.cpp:221] parsePacket(): could not receive data: 9
[ 80362][E][WiFiUdp.cpp:221] parsePacket(): could not receive data: 9
[ 80368][E][WiFiUdp.cpp:221] parsePacket(): could not receive data: 9
[ 80374][E][WiFiUdp.cpp:221] parsePacket(): could not receive data: 9
[ 80380][E][WiFiUdp.cpp:221] parsePacket(): could not receive data: 9
[ 80386][E][WiFiUdp.cpp:221] parsePacket(): could not receive data: 9
[ 80392][E][WiFiUdp.cpp:221] parsePacket(): could not receive data: 9
[ 80398][E][WiFiUdp.cpp:221] parsePacket(): could not receive data: 9
[ 80404][E][WiFiUdp.cpp:221] parsePacket(): could not receive data: 9
[ 80410][E][WiFiUdp.cpp:221] parsePacket(): could not receive data: 9
[ 80416][E][WiFiUdp.cpp:221] parsePacket(): could not receive data: 9
[ 80422][E][WiFiUdp.cpp:221] parsePacket(): could not receive data: 9
[ 80428][E][WiFiUdp.cpp:221] parsePacket(): could not receive data: 9
[ 80434][E][WiFiUdp.cpp:221] parsePacket(): could not receive data: 9
[ 80440][E][WiFiUdp.cpp:221] parsePacket(): could not receive data: 9
[ 80446][E][WiFiUdp.cpp:221] parsePacket(): could not receive data: 9
[ 80452][E][WiFiUdp.cpp:221] parsePacket(): could not receive data: 9
[ 80458][E][WiFiUdp.cpp:221] parsePacket(): could not receive data: 9
[ 80464][E][WiFiUdp.cpp:221] parsePacket(): could not receive data: 9
[ 80470][E][WiFiUdp.cpp:221] parsePacket(): could not receive data: 9
[ 80476][E][WiFiUdp.cpp:221] parsePacket(): could not receive data: 9
[ 80482][E][WiFiUdp.cpp:221] parsePacket(): could not receive data: 9
[ 80488][E][WiFiUdp.cpp:221] parsePacket(): could not receive data: 9
[ 80494][E][WiFiUdp.cpp:221] parsePacket(): could not receive data: 9
[ 80500][E][WiFiUdp.cpp:221] parsePacket(): could not receive data: 9
[ 80506][E][WiFiUdp.cpp:221] parsePacket(): could not receive data: 9
[ 80512][E][WiFiUdp.cpp:221] parsePacket(): could not receive data: 9
[ 80518][E][WiFiUdp.cpp:221] parsePacket(): could not receive data: 9
[ 80524][E][WiFiUdp.cpp:221] parsePacket(): could not receive data: 9
[ 80530][E][WiFiUdp.cpp:221] parsePacket(): could not receive data: 9
[ 80536][E][WiFiUdp.cpp:221] parsePacket(): could not receive data: 9
[ 80542][E][WiFiUdp.cpp:221] parsePacket(): could not receive data: 9
[ 80548][E][WiFiUdp.cpp:221] parsePacket(): could not receive data: 9
[ 80554][E][WiFiUdp.cpp:221] parsePacket(): could not receive data: 9
[ 80560][E][WiFiUdp.cpp:221] parsePacket(): could not receive data: 9
[ 80566][E][WiFiUdp.cpp:221] parsePacket(): could not receive data: 9
[ 80572][E][WiFiUdp.cpp:221] parsePacket(): could not receive data: 9
[ 80578][E][WiFiUdp.cpp:221] parsePacket(): could not receive data: 9
[ 80584][E][WiFiUdp.cpp:221] parsePacket(): could not receive data: 9
[ 80590][E][WiFiUdp.cpp:221] parsePacket(): could not receive data: 9
[ 80596][E][WiFiUdp.cpp:221] parsePacket(): could not receive data: 9
[ 80602][E][WiFiUdp.cpp:221] parsePacket(): could not receive data: 9
[ 80608][E][WiFiUdp.cpp:221] parsePacket(): could not receive data: 9
[ 80614][E][WiFiUdp.cpp:221] parsePacket(): could not receive data: 9
[ 80620][E][WiFiUdp.cpp:221] parsePacket(): could not receive data: 9
[ 80626][E][WiFiUdp.cpp:221] parsePacket(): could not receive data: 9
[ 80632][E][WiFiUdp.cpp:221] parsePacket(): could not receive data: 9
[ 80638][E][WiFiUdp.cpp:221] parsePacket(): could not receive data: 9
[ 80644][E][WiFiUdp.cpp:221] parsePacket(): could not receive data: 9
[ 80650][E][WiFiUdp.cpp:221] parsePacket(): could not receive data: 9
[ 80656][E][WiFiUdp.cpp:221] parsePacket(): could not receive data: 9
[ 80662][E][WiFiUdp.cpp:221] parsePacket(): could not receive data: 9
[ 80668][E][WiFiUdp.cpp:221] parsePacket(): could not receive data: 9
[ 80674][E][WiFiUdp.cpp:221] parsePacket(): could not receive data: 9
[ 80680][E][WiFiUdp.cpp:221] parsePacket(): could not receive data: 9
[ 80686][E][WiFiUdp.cpp:221] parsePacket(): could not receive data: 9
[ 80692][E][WiFiUdp.cpp:221] parsePacket(): could not receive data: 9
[ 80698][E][WiFiUdp.cpp:221] parsePacket(): could not receive data: 9
[ 80704][E][WiFiUdp.cpp:221] parsePacket(): could not receive data: 9
[ 80710][E][WiFiUdp.cpp:221] parsePacket(): could not receive data: 9
[ 80716][E][WiFiUdp.cpp:221] parsePacket(): could not receive data: 9
[ 80722][E][WiFiUdp.cpp:221] parsePacket(): could not receive data: 9
[ 80728][E][WiFiUdp.cpp:221] parsePacket(): could not receive data: 9
[ 80734][E][WiFiUdp.cpp:221] parsePacket(): could not receive data: 9
[ 80740][E][WiFiUdp.cpp:221] parsePacket(): could not receive data: 9
[ 80746][E][WiFiUdp.cpp:221] parsePacket(): could not receive data: 9
[ 80752][E][WiFiUdp.cpp:221] parsePacket(): could not receive data: 9
[ 80758][E][WiFiUdp.cpp:221] parsePacket(): could not receive data: 9
[ 80764][E][WiFiUdp.cpp:221] parsePacket(): could not receive data: 9
[ 80770][E][WiFiUdp.cpp:221] parsePacket(): could not receive data: 9
[ 80776][E][WiFiUdp.cpp:221] parsePacket(): could not receive data: 9
[ 80782][E][WiFiUdp.cpp:221] parsePacket(): could not receive data: 9
[ 80788][E][WiFiUdp.cpp:221] parsePacket(): could not receive data: 9
[ 80794][E][WiFiUdp.cpp:221] parsePacket(): could not receive data: 9
[ 80800][E][WiFiUdp.cpp:221] parsePacket(): could not receive data: 9
[ 80806][E][WiFiUdp.cpp:221] parsePacket(): could not receive data: 9
[ 80812][E][WiFiUdp.cpp:221] parsePacket(): could not receive data: 9
[ 80818][E][WiFiUdp.cpp:221] parsePacket(): could not receive data: 9
[ 80824][E][WiFiUdp.cpp:221] parsePacket(): could not receive data: 9
[ 80830][E][WiFiUdp.cpp:221] parsePacket(): could not receive data: 9
[ 80836][E][WiFiUdp.cpp:221] parsePacket(): could not receive data: 9
[ 80842][E][WiFiUdp.cpp:221] parsePacket(): could not receive data: 9
[ 80848][E][WiFiUdp.cpp:221] parsePacket(): could not receive data: 9
[ 80854][E][WiFiUdp.cpp:221] parsePacket(): could not receive data: 9
[ 80860][E][WiFiUdp.cpp:221] parsePacket(): could not receive data: 9
[ 80866][E][WiFiUdp.cpp:221] parsePacket(): could not receive data: 9
[ 80872][E][WiFiUdp.cpp:221] parsePacket(): could not receive data: 9
[ 80878][E][WiFiUdp.cpp:221] parsePacket(): could not receive data: 9
[ 80884][E][WiFiUdp.cpp:221] parsePacket(): could not receive data: 9
[ 80890][E][WiFiUdp.cpp:221] parsePacket(): could not receive data: 9
[ 80896][E][WiFiUdp.cpp:221] parsePacket(): could not receive data: 9
[ 80902][E][WiFiUdp.cpp:221] parsePacket(): could not receive data: 9
[ 80908][E][WiFiUdp.cpp:221] parsePacket(): could not receive data: 9
[ 80914][E][WiFiUdp.cpp:221] parsePacket(): could not receive data: 9
[ 80920][E][WiFiUdp.cpp:221] parsePacket(): could not receive data: 9
[ 80926][E][WiFiUdp.cpp:221] parsePacket(): could not receive data: 9
[ 80932][E][WiFiUdp.cpp:221] parsePacket(): could not receive data: 9
[ 80938][E][WiFiUdp.cpp:221] parsePacket(): could not receive data: 9
[ 80944][E][WiFiUdp.cpp:221] parsePacket(): could not receive data: 9
[ 80950][E][WiFiUdp.cpp:221] parsePacket(): could not receive data: 9
[ 80956][E][WiFiUdp.cpp:221] parsePacket(): could not receive data: 9
[ 80962][E][WiFiUdp.cpp:221] parsePacket(): could not receive data: 9
[ 80968][E][WiFiUdp.cpp:221] parsePacket(): could not receive data: 9
[ 80974][E][WiFiUdp.cpp:221] parsePacket(): could not receive data: 9
[ 80980][E][WiFiUdp.cpp:221] parsePacket(): could not receive data: 9
[ 80986][E][WiFiUdp.cpp:221] parsePacket(): could not receive data: 9
[ 80992][E][WiFiUdp.cpp:221] parsePacket(): could not receive data: 9
[ 80998][E][WiFiUdp.cpp:221] parsePacket(): could not receive data: 9
[ 81004][E][WiFiUdp.cpp:221] parsePacket(): could not receive data: 9
[ 81010][E][WiFiUdp.cpp:221] parsePacket(): could not receive data: 9
[ 81016][E][WiFiUdp.cpp:221] parsePacket(): could not receive data: 9
[ 81022][E][WiFiUdp.cpp:221] parsePacket(): could not receive data: 9
[ 81028][E][WiFiUdp.cpp:221] parsePacket(): could not receive data: 9
[ 81034][E][WiFiUdp.cpp:221] parsePacket(): could not receive data: 9
[ 81040][E][WiFiUdp.cpp:221] parsePacket(): could not receive data: 9
[ 81046][E][WiFiUdp.cpp:221] parsePacket(): could not receive data: 9
[ 81052][E][WiFiUdp.cpp:221] parsePacket(): could not receive data: 9
[ 81058][E][WiFiUdp.cpp:221] parsePacket(): could not receive data: 9
[ 81064][E][WiFiUdp.cpp:221] parsePacket(): could not receive data: 9
[ 81070][E][WiFiUdp.cpp:221] parsePacket(): could not receive data: 9
[ 81076][E][WiFiUdp.cpp:221] parsePacket(): could not receive data: 9
[ 81082][E][WiFiUdp.cpp:221] parsePacket(): could not receive data: 9
[ 81088][E][WiFiUdp.cpp:221] parsePacket(): could not receive data: 9
[ 81094][E][WiFiUdp.cpp:221] parsePacket(): could not receive data: 9
[ 81100][E][WiFiUdp.cpp:221] parsePacket(): could not receive data: 9
[ 81106][E][WiFiUdp.cpp:221] parsePacket(): could not receive data: 9
[ 81112][E][WiFiUdp.cpp:221] parsePacket(): could not receive data: 9
[ 81118][E][WiFiUdp.cpp:221] parsePacket(): could not receive data: 9
[ 81124][E][WiFiUdp.cpp:221] parsePacket(): could not receive data: 9
[ 81130][E][WiFiUdp.cpp:221] parsePacket(): could not receive data: 9
[ 81136][E][WiFiUdp.cpp:221] parsePacket(): could not receive data: 9
[ 81142][E][WiFiUdp.cpp:221] parsePacket(): could not receive data: 9
[ 81148][E][WiFiUdp.cpp:221] parsePacket(): could not receive data: 9
[ 81154][E][WiFiUdp.cpp:221] parsePacket(): could not receive data: 9
[ 81160][E][WiFiUdp.cpp:221] parsePacket(): could not receive data: 9
[ 81166][E][WiFiUdp.cpp:221] parsePacket(): could not receive data: 9
[ 81172][E][WiFiUdp.cpp:221] parsePacket(): could not receive data: 9
[ 81178][E][WiFiUdp.cpp:221] parsePacket(): could not receive data: 9
[ 81184][E][WiFiUdp.cpp:221] parsePacket(): could not receive data: 9
[ 81190][E][WiFiUdp.cpp:221] parsePacket(): could not receive data: 9
[ 81196][E][WiFiUdp.cpp:221] parsePacket(): could not receive data: 9
[ 81202][E][WiFiUdp.cpp:221] parsePacket(): could not receive data: 9
[ 81208][E][WiFiUdp.cpp:221] parsePacket(): could not receive data: 9
[ 81214][E][WiFiUdp.cpp:221] parsePacket(): could not receive data: 9
[ 81220][E][WiFiUdp.cpp:221] parsePacket(): could not receive data: 9
[ 81226][E][WiFiUdp.cpp:221] parsePacket(): could not receive data: 9
[ 81232][E][WiFiUdp.cpp:221] parsePacket(): could not receive data: 9
[ 81238][E][WiFiUdp.cpp:221] parsePacket(): could not receive data: 9
[ 81244][E][WiFiUdp.cpp:221] parsePacket(): could not receive data: 9
[ 81250][E][WiFiUdp.cpp:221] parsePacket(): could not receive data: 9
[ 81256][E][WiFiUdp.cpp:221] parsePacket(): could not receive data: 9
[ 81262][E][WiFiUdp.cpp:221] parsePacket(): could not receive data: 9
[ 81268][E][WiFiUdp.cpp:221] parsePacket(): could not receive data: 9
[ 81274][E][WiFiUdp.cpp:221] parsePacket(): could not receive data: 9
[ 81280][E][WiFiUdp.cpp:221] parsePacket(): could not receive data: 9
[ 81286][E][WiFiUdp.cpp:221] parsePacket(): could not receive data: 9
[ 81292][E][WiFiUdp.cpp:221] parsePacket(): could not receive data: 9
[ 81298][E][WiFiUdp.cpp:221] parsePacket(): could not receive data: 9
[ 81304][E][WiFiUdp.cpp:221] parsePacket(): could not receive data: 9
[ 81310][E][WiFiUdp.cpp:221] parsePacket(): could not receive data: 9
[ 81316][E][WiFiUdp.cpp:221] parsePacket(): could not receive data: 9
[ 81322][E][WiFiUdp.cpp:221] parsePacket(): could not receive data: 9
[ 81328][E][WiFiUdp.cpp:221] parsePacket(): could not receive data: 9
[ 81334][E][WiFiUdp.cpp:221] parsePacket(): could not receive data: 9
[ 81340][E][WiFiUdp.cpp:221] parsePacket(): could not receive data: 9
[ 81346][E][WiFiUdp.cpp:221] parsePacket(): could not receive data: 9
[ 81352][E][WiFiUdp.cpp:221] parsePacket(): could not receive data: 9
[ 81358][E][WiFiUdp.cpp:221] parsePacket(): could not receive data: 9
[ 81364][E][WiFiUdp.cpp:221] parsePacket(): could not receive data: 9
[ 81370][E][WiFiUdp.cpp:221] parsePacket(): could not receive data: 9
[ 81376][E][WiFiUdp.cpp:221] parsePacket(): could not receive data: 9
[ 81382][E][WiFiUdp.cpp:221] parsePacket(): could not receive data: 9
[ 81388][E][WiFiUdp.cpp:221] parsePacket(): could not receive data: 9
[ 81394][E][WiFiUdp.cpp:221] parsePacket(): could not receive data: 9
[ 81400][E][WiFiUdp.cpp:221] parsePacket(): could not receive data: 9
[ 81406][E][WiFiUdp.cpp:221] parsePacket(): could not receive data: 9
[ 81412][E][WiFiUdp.cpp:221] parsePacket(): could not receive data: 9
[ 81418][E][WiFiUdp.cpp:221] parsePacket(): could not receive data: 9
[ 81424][E][WiFiUdp.cpp:221] parsePacket(): could not receive data: 9
[ 81430][E][WiFiUdp.cpp:221] parsePacket(): could not receive data: 9
[ 81436][E][WiFiUdp.cpp:221] parsePacket(): could not receive data: 9
[ 81442][E][WiFiUdp.cpp:221] parsePacket(): could not receive data: 9
[ 81448][E][WiFiUdp.cpp:221] parsePacket(): could not receive data: 9
[ 81454][E][WiFiUdp.cpp:221] parsePacket(): could not receive data: 9
[ 81460][E][WiFiUdp.cpp:221] parsePacket(): could not receive data: 9
[ 81466][E][WiFiUdp.cpp:221] parsePacket(): could not receive data: 9
[ 81472][E][WiFiUdp.cpp:221] parsePacket(): could not receive data: 9
[ 81478][E][WiFiUdp.cpp:221] parsePacket(): could not receive data: 9
[ 81484][E][WiFiUdp.cpp:221] parsePacket(): could not receive data: 9
[ 81490][E][WiFiUdp.cpp:221] parsePacket(): could not receive data: 9
[ 81496][E][WiFiUdp.cpp:221] parsePacket(): could not receive data: 9
[ 81502][E][WiFiUdp.cpp:221] parsePacket(): could not receive data: 9
[ 81508][E][WiFiUdp.cpp:221] parsePacket(): could not receive data: 9
[ 81514][E][WiFiUdp.cpp:221] parsePacket(): could not receive data: 9
[ 81520][E][WiFiUdp.cpp:221] parsePacket(): could not receive data: 9
[ 81526][E][WiFiUdp.cpp:221] parsePacket(): could not receive data: 9
[ 81532][E][WiFiUdp.cpp:221] parsePacket(): could not receive data: 9
[ 81538][E][WiFiUdp.cpp:221] parsePacket(): could not receive data: 9
[ 81544][E][WiFiUdp.cpp:221] parsePacket(): could not receive data: 9
[ 81550][E][WiFiUdp.cpp:221] parsePacket(): could not receive data: 9
[ 81556][E][WiFiUdp.cpp:221] parsePacket(): could not receive data: 9
[ 81562][E][WiFiUdp.cpp:221] parsePacket(): could not receive data: 9
[ 81568][E][WiFiUdp.cpp:221] parsePacket(): could not receive data: 9
[ 81574][E][WiFiUdp.cpp:221] parsePacket(): could not receive data: 9
[ 81580][E][WiFiUdp.cpp:221] parsePacket(): could not receive data: 9
[ 81586][E][WiFiUdp.cpp:221] parsePacket(): could not receive data: 9
[ 81592][E][WiFiUdp.cpp:221] parsePacket(): could not receive data: 9
[ 81598][E][WiFiUdp.cpp:221] parsePacket(): could not receive data: 9
[ 81604][E][WiFiUdp.cpp:221] parsePacket(): could not receive data: 9
[ 81610][E][WiFiUdp.cpp:221] parsePacket(): could not receive data: 9
[ 81616][E][WiFiUdp.cpp:221] parsePacket(): could not receive data: 9
[ 81622][E][WiFiUdp.cpp:221] parsePacket(): could not receive data: 9
[ 81628][E][WiFiUdp.cpp:221] parsePacket(): could not receive data: 9
[ 81634][E][WiFiUdp.cpp:221] parsePacket(): could not receive data: 9
[ 81640][E][WiFiUdp.cpp:221] parsePacket(): could not receive data: 9
[ 81646][E][WiFiUdp.cpp:221] parsePacket(): could not receive data: 9
[ 81652][E][WiFiUdp.cpp:221] parsePacket(): could not receive data: 9
[ 81658][E][WiFiUdp.cpp:221] parsePacket(): could not receive data: 9
[ 81664][E][WiFiUdp.cpp:221] parsePacket(): could not receive data: 9
[ 81670][E][WiFiUdp.cpp:221] parsePacket(): could not receive data: 9
[ 81676][E][WiFiUdp.cpp:221] parsePacket(): could not receive data: 9
[ 81682][E][WiFiUdp.cpp:221] parsePacket(): could not receive data: 9
[ 81688][E][WiFiUdp.cpp:221] parsePacket(): could not receive data: 9
[ 81694][E][WiFiUdp.cpp:221] parsePacket(): could not receive data: 9
[ 81700][E][WiFiUdp.cpp:221] parsePacket(): could not receive data: 9
[ 81706][E][WiFiUdp.cpp:221] parsePacket(): could not receive data: 9
[ 81712][E][WiFiUdp.cpp:221] parsePacket(): could not receive data: 9
[ 81718][E][WiFiUdp.cpp:221] parsePacket(): could not receive data: 9
[ 81724][E][WiFiUdp.cpp:221] parsePacket(): could not receive data: 9
[ 81730][E][WiFiUdp.cpp:221] parsePacket(): could not receive data: 9
[ 81736][E][WiFiUdp.cpp:221] parsePacket(): could not receive data: 9
[ 81742][E][WiFiUdp.cpp:221] parsePacket(): could not receive data: 9
[ 81748][E][WiFiUdp.cpp:221] parsePacket(): could not receive data: 9
[ 81754][E][WiFiUdp.cpp:221] parsePacket(): could not receive data: 9
[ 81760][E][WiFiUdp.cpp:221] parsePacket(): could not receive data: 9
[ 81766][E][WiFiUdp.cpp:221] parsePacket(): could not receive data: 9
[ 81772][E][WiFiUdp.cpp:221] parsePacket(): could not receive data: 9
[ 81778][E][WiFiUdp.cpp:221] parsePacket(): could not receive data: 9
[ 81784][E][WiFiUdp.cpp:221] parsePacket(): could not receive data: 9
[ 81790][E][WiFiUdp.cpp:221] parsePacket(): could not receive data: 9
[ 81796][E][WiFiUdp.cpp:221] parsePacket(): could not receive data: 9
[ 81802][E][WiFiUdp.cpp:221] parsePacket(): could not receive data: 9
[ 81808][E][WiFiUdp.cpp:221] parsePacket(): could not receive data: 9
[ 81814][E][WiFiUdp.cpp:221] parsePacket(): could not receive data: 9
[ 81820][E][WiFiUdp.cpp:221] parsePacket(): could not receive data: 9
[ 81826][E][WiFiUdp.cpp:221] parsePacket(): could not receive data: 9
[ 81832][E][WiFiUdp.cpp:221] parsePacket(): could not receive data: 9
[ 81838][E][WiFiUdp.cpp:221] parsePacket(): could not receive data: 9
[ 81844][E][WiFiUdp.cpp:221] parsePacket(): could not receive data: 9
[ 81850][E][WiFiUdp.cpp:221] parsePacket(): could not receive data: 9
[ 81856][E][WiFiUdp.cpp:221] parsePacket(): could not receive data: 9
[ 81862][E][WiFiUdp.cpp:221] parsePacket(): could not receive data: 9
[ 81868][E][WiFiUdp.cpp:221] parsePacket(): could not receive data: 9
[ 81874][E][WiFiUdp.cpp:221] parsePacket(): could not receive data: 9
[ 81880][E][WiFiUdp.cpp:221] parsePacket(): could not receive data: 9
[ 81886][E][WiFiUdp.cpp:221] parsePacket(): could not receive data: 9
[ 81892][E][WiFiUdp.cpp:221] parsePacket(): could not receive data: 9
[ 81898][E][WiFiUdp.cpp:221] parsePacket(): could not receive data: 9
[ 81904][E][WiFiUdp.cpp:221] parsePacket(): could not receive data: 9
[ 81910][E][WiFiUdp.cpp:221] parsePacket(): could not receive data: 9
[ 81916][E][WiFiUdp.cpp:221] parsePacket(): could not receive data: 9
[ 81922][E][WiFiUdp.cpp:221] parsePacket(): could not receive data: 9
[ 81928][E][WiFiUdp.cpp:221] parsePacket(): could not receive data: 9
[ 81934][E][WiFiUdp.cpp:221] parsePacket(): could not receive data: 9
[ 81940][E][WiFiUdp.cpp:221] parsePacket(): could not receive data: 9
[ 81946][E][WiFiUdp.cpp:221] parsePacket(): could not receive data: 9
[ 81952][E][WiFiUdp.cpp:221] parsePacket(): could not receive data: 9
[ 81958][E][WiFiUdp.cpp:221] parsePacket(): could not receive data: 9
[ 81964][E][WiFiUdp.cpp:221] parsePacket(): could not receive data: 9
[ 81970][E][WiFiUdp.cpp:221] parsePacket(): could not receive data: 9
[ 81976][E][WiFiUdp.cpp:221] parsePacket(): could not receive data: 9
[ 81982][E][WiFiUdp.cpp:221] parsePacket(): could not receive data: 9
[ 81988][E][WiFiUdp.cpp:221] parsePacket(): could not receive data: 9
[ 81994][E][WiFiUdp.cpp:221] parsePacket(): could not receive data: 9
[ 82000][E][WiFiUdp.cpp:221] parsePacket(): could not receive data: 9
[ 82006][E][WiFiUdp.cpp:221] parsePacket(): could not receive data: 9
[ 82012][E][WiFiUdp.cpp:221] parsePacket(): could not receive data: 9
[ 82018][E][WiFiUdp.cpp:221] parsePacket(): could not receive data: 9
[ 82024][E][WiFiUdp.cpp:221] parsePacket(): could not receive data: 9
[ 82030][E][WiFiUdp.cpp:221] parsePacket(): could not receive data: 9
[ 82036][E][WiFiUdp.cpp:221] parsePacket(): could not receive data: 9
[ 82042][E][WiFiUdp.cpp:221] parsePacket(): could not receive data: 9
[ 82048][E][WiFiUdp.cpp:221] parsePacket(): could not receive data: 9
[ 82054][E][WiFiUdp.cpp:221] parsePacket(): could not receive data: 9
[ 82060][E][WiFiUdp.cpp:221] parsePacket(): could not receive data: 9
[ 82066][E][WiFiUdp.cpp:221] parsePacket(): could not receive data: 9
[ 82072][E][WiFiUdp.cpp:221] parsePacket(): could not receive data: 9
[ 82078][E][WiFiUdp.cpp:221] parsePacket(): could not receive data: 9
[ 82084][E][WiFiUdp.cpp:221] parsePacket(): could not receive data: 9
[ 82090][E][WiFiUdp.cpp:221] parsePacket(): could not receive data: 9
[ 82096][E][WiFiUdp.cpp:221] parsePacket(): could not receive data: 9
[ 82102][E][WiFiUdp.cpp:221] parsePacket(): could not receive data: 9
[ 82108][E][WiFiUdp.cpp:221] parsePacket(): could not receive data: 9
[ 82114][E][WiFiUdp.cpp:221] parsePacket(): could not receive data: 9
[ 82120][E][WiFiUdp.cpp:221] parsePacket(): could not receive data: 9
[ 82126][E][WiFiUdp.cpp:221] parsePacket(): could not receive data: 9
[ 82132][E][WiFiUdp.cpp:221] parsePacket(): could not receive data: 9
[ 82138][E][WiFiUdp.cpp:221] parsePacket(): could not receive data: 9
[ 82144][E][WiFiUdp.cpp:221] parsePacket(): could not receive data: 9
[ 82150][E][WiFiUdp.cpp:221] parsePacket(): could not receive data: 9
[ 82156][E][WiFiUdp.cpp:221] parsePacket(): could not receive data: 9
[ 82162][E][WiFiUdp.cpp:221] parsePacket(): could not receive data: 9
[ 82168][E][WiFiUdp.cpp:221] parsePacket(): could not receive data: 9
[ 82174][E][WiFiUdp.cpp:221] parsePacket(): could not receive data: 9
[ 82180][E][WiFiUdp.cpp:221] parsePacket(): could not receive data: 9
[ 82186][E][WiFiUdp.cpp:221] parsePacket(): could not receive data: 9
[ 82192][E][WiFiUdp.cpp:221] parsePacket(): could not receive data: 9
[ 82198][E][WiFiUdp.cpp:221] parsePacket(): could not receive data: 9
[ 82204][E][WiFiUdp.cpp:221] parsePacket(): could not receive data: 9
[ 82210][E][WiFiUdp.cpp:221] parsePacket(): could not receive data: 9
[ 82216][E][WiFiUdp.cpp:221] parsePacket(): could not receive data: 9
[ 82222][E][WiFiUdp.cpp:221] parsePacket(): could not receive data: 9
[ 82228][E][WiFiUdp.cpp:221] parsePacket(): could not receive data: 9
[ 82234][E][WiFiUdp.cpp:221] parsePacket(): could not receive data: 9
[ 82240][E][WiFiUdp.cpp:221] parsePacket(): could not receive data: 9
[ 82246][E][WiFiUdp.cpp:221] parsePacket(): could not receive data: 9
[ 82252][E][WiFiUdp.cpp:221] parsePacket(): could not receive data: 9
[ 82258][E][WiFiUdp.cpp:221] parsePacket(): could not receive data: 9
[ 82264][E][WiFiUdp.cpp:221] parsePacket(): could not receive data: 9
[ 82270][E][WiFiUdp.cpp:221] parsePacket(): could not receive data: 9
[ 82276][E][WiFiUdp.cpp:221] parsePacket(): could not receive data: 9
[ 82282][E][WiFiUdp.cpp:221] parsePacket(): could not receive data: 9
[ 82288][E][WiFiUdp.cpp:221] parsePacket(): could not receive data: 9
[ 82294][E][WiFiUdp.cpp:221] parsePacket(): could not receive data: 9
[ 82300][E][WiFiUdp.cpp:221] parsePacket(): could not receive data: 9
[ 82306][E][WiFiUdp.cpp:221] parsePacket(): could not receive data: 9
[ 82312][E][WiFiUdp.cpp:221] parsePacket(): could not receive data: 9
[ 82318][E][WiFiUdp.cpp:221] parsePacket(): could not receive data: 9
[ 82324][E][WiFiUdp.cpp:221] parsePacket(): could not receive data: 9
[ 82330][E][WiFiUdp.cpp:221] parsePacket(): could not receive data: 9
[ 82336][E][WiFiUdp.cpp:221] parsePacket(): could not receive data: 9
[ 82342][E][WiFiUdp.cpp:221] parsePacket(): could not receive data: 9
[ 82348][E][WiFiUdp.cpp:221] parsePacket(): could not receive data: 9
[ 82354][E][WiFiUdp.cpp:221] parsePacket(): could not receive data: 9
[ 82360][E][WiFiUdp.cpp:221] parsePacket(): could not receive data: 9
[ 82366][E][WiFiUdp.cpp:221] parsePacket(): could not receive data: 9
[ 82372][E][WiFiUdp.cpp:221] parsePacket(): could not receive data: 9
[ 82378][E][WiFiUdp.cpp:221] parsePacket(): could not receive data: 9
[ 82384][E][WiFiUdp.cpp:221] parsePacket(): could not receive data: 9
[ 82390][E][WiFiUdp.cpp:221] parsePacket(): could not receive data: 9
[ 82396][E][WiFiUdp.cpp:221] parsePacket(): could not receive data: 9
[ 82402][E][WiFiUdp.cpp:221] parsePacket(): could not receive data: 9
[ 82408][E][WiFiUdp.cpp:221] parsePacket(): could not receive data: 9
[ 82414][E][WiFiUdp.cpp:221] parsePacket(): could not receive data: 9
[ 82420][E][WiFiUdp.cpp:221] parsePacket(): could not receive data: 9
[ 82426][E][WiFiUdp.cpp:221] parsePacket(): could not receive data: 9
[ 82432][E][WiFiUdp.cpp:221] parsePacket(): could not receive data: 9
[ 82438][E][WiFiUdp.cpp:221] parsePacket(): could not receive data: 9
[ 82444][E][WiFiUdp.cpp:221] parsePacket(): could not receive data: 9
[ 82450][E][WiFiUdp.cpp:221] parsePacket(): could not receive data: 9
[ 82456][E][WiFiUdp.cpp:221] parsePacket(): could not receive data: 9
[ 82462][E][WiFiUdp.cpp:221] parsePacket(): could not receive data: 9
[ 82468][E][WiFiUdp.cpp:221] parsePacket(): could not receive data: 9
[ 82474][E][WiFiUdp.cpp:221] parsePacket(): could not receive data: 9
[ 82480][E][WiFiUdp.cpp:221] parsePacket(): could not receive data: 9
[ 82486][E][WiFiUdp.cpp:221] parsePacket(): could not receive data: 9
[ 82492][E][WiFiUdp.cpp:221] parsePacket(): could not receive data: 9
[ 82498][E][WiFiUdp.cpp:221] parsePacket(): could not receive data: 9
[ 82504][E][WiFiUdp.cpp:221] parsePacket(): could not receive data: 9
[ 82510][E][WiFiUdp.cpp:221] parsePacket(): could not receive data: 9
[ 82516][E][WiFiUdp.cpp:221] parsePacket(): could not receive data: 9
[ 82522][E][WiFiUdp.cpp:221] parsePacket(): could not receive data: 9
[ 82528][E][WiFiUdp.cpp:221] parsePacket(): could not receive data: 9
[ 82534][E][WiFiUdp.cpp:221] parsePacket(): could not receive data: 9
[ 82540][E][WiFiUdp.cpp:221] parsePacket(): could not receive data: 9
[ 82546][E][WiFiUdp.cpp:221] parsePacket(): could not receive data: 9
[ 82552][E][WiFiUdp.cpp:221] parsePacket(): could not receive data: 9
[ 82558][E][WiFiUdp.cpp:221] parsePacket(): could not receive data: 9
[ 82564][E][WiFiUdp.cpp:221] parsePacket(): could not receive data: 9
[ 82570][E][WiFiUdp.cpp:221] parsePacket(): could not receive data: 9
[ 82576][E][WiFiUdp.cpp:221] parsePacket(): could not receive data: 9
[ 82582][E][WiFiUdp.cpp:221] parsePacket(): could not receive data: 9
[ 82588][E][WiFiUdp.cpp:221] parsePacket(): could not receive data: 9
[ 82594][E][WiFiUdp.cpp:221] parsePacket(): could not receive data: 9
[ 82600][E][WiFiUdp.cpp:221] parsePacket(): could not receive data: 9
[ 82606][E][WiFiUdp.cpp:221] parsePacket(): could not receive data: 9
[ 82612][E][WiFiUdp.cpp:221] parsePacket(): could not receive data: 9
[ 82618][E][WiFiUdp.cpp:221] parsePacket(): could not receive data: 9
[ 82624][E][WiFiUdp.cpp:221] parsePacket(): could not receive data: 9
[ 82630][E][WiFiUdp.cpp:221] parsePacket(): could not receive data: 9
[ 82636][E][WiFiUdp.cpp:221] parsePacket(): could not receive data: 9
[ 82642][E][WiFiUdp.cpp:221] parsePacket(): could not receive data: 9
[ 82648][E][WiFiUdp.cpp:221] parsePacket(): could not receive data: 9
[ 82654][E][WiFiUdp.cpp:221] parsePacket(): could not receive data: 9
[ 82660][E][WiFiUdp.cpp:221] parsePacket(): could not receive data: 9
[ 82666][E][WiFiUdp.cpp:221] parsePacket(): could not receive data: 9
[ 82672][E][WiFiUdp.cpp:221] parsePacket(): could not receive data: 9
[ 82678][E][WiFiUdp.cpp:221] parsePacket(): could not receive data: 9
[ 82684][E][WiFiUdp.cpp:221] parsePacket(): could not receive data: 9
[ 82690][E][WiFiUdp.cpp:221] parsePacket(): could not receive data: 9
[ 82696][E][WiFiUdp.cpp:221] parsePacket(): could not receive data: 9
[ 82702][E][WiFiUdp.cpp:221] parsePacket(): could not receive data: 9
[ 82708][E][WiFiUdp.cpp:221] parsePacket(): could not receive data: 9
[ 82714][E][WiFiUdp.cpp:221] parsePacket(): could not receive data: 9
[ 82720][E][WiFiUdp.cpp:221] parsePacket(): could not receive data: 9
[ 82726][E][WiFiUdp.cpp:221] parsePacket(): could not receive data: 9
[ 82732][E][WiFiUdp.cpp:221] parsePacket(): could not receive data: 9
[ 82738][E][WiFiUdp.cpp:221] parsePacket(): could not receive data: 9
[ 82744][E][WiFiUdp.cpp:221] parsePacket(): could not receive data: 9
[ 82750][E][WiFiUdp.cpp:221] parsePacket(): could not receive data: 9
[ 82756][E][WiFiUdp.cpp:221] parsePacket(): could not receive data: 9
[ 82762][E][WiFiUdp.cpp:221] parsePacket(): could not receive data: 9
[ 82768][E][WiFiUdp.cpp:221] parsePacket(): could not receive data: 9
[ 82774][E][WiFiUdp.cpp:221] parsePacket(): could not receive data: 9
[ 82780][E][WiFiUdp.cpp:221] parsePacket(): could not receive data: 9
[ 82786][E][WiFiUdp.cpp:221] parsePacket(): could not receive data: 9
[ 82792][E][WiFiUdp.cpp:221] parsePacket(): could not receive data: 9
[ 82798][E][WiFiUdp.cpp:221] parsePacket(): could not receive data: 9
[ 82804][E][WiFiUdp.cpp:221] parsePacket(): could not receive data: 9
[ 82810][E][WiFiUdp.cpp:221] parsePacket(): could not receive data: 9
[ 82816][E][WiFiUdp.cpp:221] parsePacket(): could not receive data: 9
[ 82822][E][WiFiUdp.cpp:221] parsePacket(): could not receive data: 9
[ 82828][E][WiFiUdp.cpp:221] parsePacket(): could not receive data: 9
[ 82834][E][WiFiUdp.cpp:221] parsePacket(): could not receive data: 9
[ 82840][E][WiFiUdp.cpp:221] parsePacket(): could not receive data: 9
[ 82846][E][WiFiUdp.cpp:221] parsePacket(): could not receive data: 9
[ 82852][E][WiFiUdp.cpp:221] parsePacket(): could not receive data: 9
[ 82858][E][WiFiUdp.cpp:221] parsePacket(): could not receive data: 9
[ 82864][E][WiFiUdp.cpp:221] parsePacket(): could not receive data: 9
[ 82870][E][WiFiUdp.cpp:221] parsePacket(): could not receive data: 9
[ 82876][E][WiFiUdp.cpp:221] parsePacket(): could not receive data: 9
[ 82882][E][WiFiUdp.cpp:221] parsePacket(): could not receive data: 9
[ 82888][E][WiFiUdp.cpp:221] parsePacket(): could not receive data: 9
[ 82894][E][WiFiUdp.cpp:221] parsePacket(): could not receive data: 9
[ 82900][E][WiFiUdp.cpp:221] parsePacket(): could not receive data: 9
[ 82906][E][WiFiUdp.cpp:221] parsePacket(): could not receive data: 9
[ 82912][E][WiFiUdp.cpp:221] parsePacket(): could not receive data: 9
[ 82918][E][WiFiUdp.cpp:221] parsePacket(): could not receive data: 9
[ 82924][E][WiFiUdp.cpp:221] parsePacket(): could not receive data: 9
[ 82930][E][WiFiUdp.cpp:221] parsePacket(): could not receive data: 9
[ 82936][E][WiFiUdp.cpp:221] parsePacket(): could not receive data: 9
[ 82942][E][WiFiUdp.cpp:221] parsePacket(): could not receive data: 9
[ 82948][E][WiFiUdp.cpp:221] parsePacket(): could not receive data: 9
[ 82954][E][WiFiUdp.cpp:221] parsePacket(): could not receive data: 9
[ 82960][E][WiFiUdp.cpp:221] parsePacket(): could not receive data: 9
[ 82966][E][WiFiUdp.cpp:221] parsePacket(): could not receive data: 9
[ 82972][E][WiFiUdp.cpp:221] parsePacket(): could not receive data: 9
[ 82978][E][WiFiUdp.cpp:221] parsePacket(): could not receive data: 9
[ 82984][E][WiFiUdp.cpp:221] parsePacket(): could not receive data: 9
[ 82990][E][WiFiUdp.cpp:221] parsePacket(): could not receive data: 9
[ 82996][E][WiFiUdp.cpp:221] parsePacket(): could not receive data: 9
[ 83002][E][WiFiUdp.cpp:221] parsePacket(): could not receive data: 9
[ 83008][E][WiFiUdp.cpp:221] parsePacket(): could not receive data: 9
[ 83014][E][WiFiUdp.cpp:221] parsePacket(): could not receive data: 9
[ 83020][E][WiFiUdp.cpp:221] parsePacket(): could not receive data: 9
[ 83026][E][WiFiUdp.cpp:221] parsePacket(): could not receive data: 9
[ 83032][E][WiFiUdp.cpp:221] parsePacket(): could not receive data: 9
[ 83038][E][WiFiUdp.cpp:221] parsePacket(): could not receive data: 9
[ 83044][E][WiFiUdp.cpp:221] parsePacket(): could not receive data: 9
[ 83050][E][WiFiUdp.cpp:221] parsePacket(): could not receive data: 9
[ 83056][E][WiFiUdp.cpp:221] parsePacket(): could not receive data: 9
[ 83062][E][WiFiUdp.cpp:221] parsePacket(): could not receive data: 9
[ 83068][E][WiFiUdp.cpp:221] parsePacket(): could not receive data: 9
[ 83074][E][WiFiUdp.cpp:221] parsePacket(): could not receive data: 9
[ 83080][E][WiFiUdp.cpp:221] parsePacket(): could not receive data: 9
[ 83086][E][WiFiUdp.cpp:221] parsePacket(): could not receive data: 9
[ 83092][E][WiFiUdp.cpp:221] parsePacket(): could not receive data: 9
[ 83098][E][WiFiUdp.cpp:221] parsePacket(): could not receive data: 9
[ 83104][E][WiFiUdp.cpp:221] parsePacket(): could not receive data: 9
[ 83110][E][WiFiUdp.cpp:221] parsePacket(): could not receive data: 9
[ 83116][E][WiFiUdp.cpp:221] parsePacket(): could not receive data: 9
[ 83122][E][WiFiUdp.cpp:221] parsePacket(): could not receive data: 9
[ 83128][E][WiFiUdp.cpp:221] parsePacket(): could not receive data: 9
[ 83134][E][WiFiUdp.cpp:221] parsePacket(): could not receive data: 9
[ 83140][E][WiFiUdp.cpp:221] parsePacket(): could not receive data: 9
[ 83146][E][WiFiUdp.cpp:221] parsePacket(): could not receive data: 9
[ 83152][E][WiFiUdp.cpp:221] parsePacket(): could not receive data: 9
[ 83158][E][WiFiUdp.cpp:221] parsePacket(): could not receive data: 9
[ 83164][E][WiFiUdp.cpp:221] parsePacket(): could not receive data: 9
[ 83170][E][WiFiUdp.cpp:221] parsePacket(): could not receive data: 9
[ 83176][E][WiFiUdp.cpp:221] parsePacket(): could not receive data: 9
[ 83182][E][WiFiUdp.cpp:221] parsePacket(): could not receive data: 9
[ 83188][E][WiFiUdp.cpp:221] parsePacket(): could not receive data: 9
[ 83194][E][WiFiUdp.cpp:221] parsePacket(): could not receive data: 9
[ 83200][E][WiFiUdp.cpp:221] parsePacket(): could not receive data: 9
[ 83205][E][WiFiUdp.cpp:221] parsePacket(): could not receive data: 9
[ 83212][E][WiFiUdp.cpp:221] parsePacket(): could not receive data: 9
[ 83218][E][WiFiUdp.cpp:221] parsePacket(): could not receive data: 9
[ 83224][E][WiFiUdp.cpp:221] parsePacket(): could not receive data: 9
[ 83230][E][WiFiUdp.cpp:221] parsePacket(): could not receive data: 9
[ 83236][E][WiFiUdp.cpp:221] parsePacket(): could not receive data: 9
[ 83242][E][WiFiUdp.cpp:221] parsePacket(): could not receive data: 9
[ 83248][E][WiFiUdp.cpp:221] parsePacket(): could not receive data: 9
[ 83254][E][WiFiUdp.cpp:221] parsePacket(): could not receive data: 9
[ 83260][E][WiFiUdp.cpp:221] parsePacket(): could not receive data: 9
[ 83266][E][WiFiUdp.cpp:221] parsePacket(): could not receive data: 9
[ 83272][E][WiFiUdp.cpp:221] parsePacket(): could not receive data: 9
[ 83278][E][WiFiUdp.cpp:221] parsePacket(): could not receive data: 9
[ 83284][E][WiFiUdp.cpp:221] parsePacket(): could not receive data: 9
[ 83290][E][WiFiUdp.cpp:221] parsePacket(): could not receive data: 9
[ 83296][E][WiFiUdp.cpp:221] parsePacket(): could not receive data: 9
[ 83302][E][WiFiUdp.cpp:221] parsePacket(): could not receive data: 9
[ 83308][E][WiFiUdp.cpp:221] parsePacket(): could not receive data: 9
[ 83314][E][WiFiUdp.cpp:221] parsePacket(): could not receive data: 9
[ 83320][E][WiFiUdp.cpp:221] parsePacket(): could not receive data: 9
[ 83326][E][WiFiUdp.cpp:221] parsePacket(): could not receive data: 9
[ 83332][E][WiFiUdp.cpp:221] parsePacket(): could not receive data: 9
[ 83338][E][WiFiUdp.cpp:221] parsePacket(): could not receive data: 9
[ 83344][E][WiFiUdp.cpp:221] parsePacket(): could not receive data: 9
[ 83350][E][WiFiUdp.cpp:221] parsePacket(): could not receive data: 9
[ 83356][E][WiFiUdp.cpp:221] parsePacket(): could not receive data: 9
[ 83362][E][WiFiUdp.cpp:221] parsePacket(): could not receive data: 9
[ 83368][E][WiFiUdp.cpp:221] parsePacket(): could not receive data: 9
[ 83374][E][WiFiUdp.cpp:221] parsePacket(): could not receive data: 9
[ 83380][E][WiFiUdp.cpp:221] parsePacket(): could not receive data: 9
[ 83386][E][WiFiUdp.cpp:221] parsePacket(): could not receive data: 9
[ 83392][E][WiFiUdp.cpp:221] parsePacket(): could not receive data: 9
[ 83398][E][WiFiUdp.cpp:221] parsePacket(): could not receive data: 9
[ 83404][E][WiFiUdp.cpp:221] parsePacket(): could not receive data: 9
[ 83410][E][WiFiUdp.cpp:221] parsePacket(): could not receive data: 9
[ 83416][E][WiFiUdp.cpp:221] parsePacket(): could not receive data: 9
[ 83422][E][WiFiUdp.cpp:221] parsePacket(): could not receive data: 9
[ 83428][E][WiFiUdp.cpp:221] parsePacket(): could not receive data: 9
[ 83434][E][WiFiUdp.cpp:221] parsePacket(): could not receive data: 9
[ 83440][E][WiFiUdp.cpp:221] parsePacket(): could not receive data: 9
[ 83446][E][WiFiUdp.cpp:221] parsePacket(): could not receive data: 9
[ 83452][E][WiFiUdp.cpp:221] parsePacket(): could not receive data: 9
[ 83458][E][WiFiUdp.cpp:221] parsePacket(): could not receive data: 9
[ 83464][E][WiFiUdp.cpp:221] parsePacket(): could not receive data: 9
[ 83470][E][WiFiUdp.cpp:221] parsePacket(): could not receive data: 9
[ 83476][E][WiFiUdp.cpp:221] parsePacket(): could not receive data: 9
[ 83482][E][WiFiUdp.cpp:221] parsePacket(): could not receive data: 9
[ 83488][E][WiFiUdp.cpp:221] parsePacket(): could not receive data: 9
[ 83493][E][WiFiUdp.cpp:221] parsePacket(): could not receive data: 9
[ 83500][E][WiFiUdp.cpp:221] parsePacket(): could not receive data: 9
[ 83506][E][WiFiUdp.cpp:221] parsePacket(): could not receive data: 9
[ 83512][E][WiFiUdp.cpp:221] parsePacket(): could not receive data: 9
[ 83518][E][WiFiUdp.cpp:221] parsePacket(): could not receive data: 9
[ 83524][E][WiFiUdp.cpp:221] parsePacket(): could not receive data: 9
[ 83530][E][WiFiUdp.cpp:221] parsePacket(): could not receive data: 9
[ 83536][E][WiFiUdp.cpp:221] parsePacket(): could not receive data: 9
[ 83542][E][WiFiUdp.cpp:221] parsePacket(): could not receive data: 9
[ 83548][E][WiFiUdp.cpp:221] parsePacket(): could not receive data: 9
[ 83554][E][WiFiUdp.cpp:221] parsePacket(): could not receive data: 9
[ 83560][E][WiFiUdp.cpp:221] parsePacket(): could not receive data: 9
[ 83566][E][WiFiUdp.cpp:221] parsePacket(): could not receive data: 9
[ 83572][E][WiFiUdp.cpp:221] parsePacket(): could not receive data: 9
[ 83578][E][WiFiUdp.cpp:221] parsePacket(): could not receive data: 9
[ 83584][E][WiFiUdp.cpp:221] parsePacket(): could not receive data: 9
[ 83590][E][WiFiUdp.cpp:221] parsePacket(): could not receive data: 9
[ 83596][E][WiFiUdp.cpp:221] parsePacket(): could not receive data: 9
[ 83602][E][WiFiUdp.cpp:221] parsePacket(): could not receive data: 9
[ 83608][E][WiFiUdp.cpp:221] parsePacket(): could not receive data: 9
[ 83614][E][WiFiUdp.cpp:221] parsePacket(): could not receive data: 9
[ 83620][E][WiFiUdp.cpp:221] parsePacket(): could not receive data: 9
[ 83626][E][WiFiUdp.cpp:221] parsePacket(): could not receive data: 9
[ 83632][E][WiFiUdp.cpp:221] parsePacket(): could not receive data: 9
[ 83638][E][WiFiUdp.cpp:221] parsePacket(): could not receive data: 9
[ 83644][E][WiFiUdp.cpp:221] parsePacket(): could not receive data: 9
[ 83650][E][WiFiUdp.cpp:221] parsePacket(): could not receive data: 9
[ 83656][E][WiFiUdp.cpp:221] parsePacket(): could not receive data: 9
[ 83662][E][WiFiUdp.cpp:221] parsePacket(): could not receive data: 9
[ 83668][E][WiFiUdp.cpp:221] parsePacket(): could not receive data: 9
[ 83674][E][WiFiUdp.cpp:221] parsePacket(): could not receive data: 9
[ 83680][E][WiFiUdp.cpp:221] parsePacket(): could not receive data: 9
[ 83686][E][WiFiUdp.cpp:221] parsePacket(): could not receive data: 9
[ 83692][E][WiFiUdp.cpp:221] parsePacket(): could not receive data: 9
[ 83698][E][WiFiUdp.cpp:221] parsePacket(): could not receive data: 9
[ 83704][E][WiFiUdp.cpp:221] parsePacket(): could not receive data: 9
[ 83710][E][WiFiUdp.cpp:221] parsePacket(): could not receive data: 9
[ 83716][E][WiFiUdp.cpp:221] parsePacket(): could not receive data: 9
[ 83722][E][WiFiUdp.cpp:221] parsePacket(): could not receive data: 9
[ 83728][E][WiFiUdp.cpp:221] parsePacket(): could not receive data: 9
[ 83734][E][WiFiUdp.cpp:221] parsePacket(): could not receive data: 9
[ 83740][E][WiFiUdp.cpp:221] parsePacket(): could not receive data: 9
[ 83746][E][WiFiUdp.cpp:221] parsePacket(): could not receive data: 9
[ 83752][E][WiFiUdp.cpp:221] parsePacket(): could not receive data: 9
[ 83758][E][WiFiUdp.cpp:221] parsePacket(): could not receive data: 9
[ 83764][E][WiFiUdp.cpp:221] parsePacket(): could not receive data: 9
[ 83770][E][WiFiUdp.cpp:221] parsePacket(): could not receive data: 9
[ 83776][E][WiFiUdp.cpp:221] parsePacket(): could not receive data: 9
[ 83782][E][WiFiUdp.cpp:221] parsePacket(): could not receive data: 9
[ 83788][E][WiFiUdp.cpp:221] parsePacket(): could not receive data: 9
[ 83794][E][WiFiUdp.cpp:221] parsePacket(): could not receive data: 9
[ 83800][E][WiFiUdp.cpp:221] parsePacket(): could not receive data: 9
[ 83806][E][WiFiUdp.cpp:221] parsePacket(): could not receive data: 9
[ 83812][E][WiFiUdp.cpp:221] parsePacket(): could not receive data: 9
[ 83818][E][WiFiUdp.cpp:221] parsePacket(): could not receive data: 9
[ 83824][E][WiFiUdp.cpp:221] parsePacket(): could not receive data: 9
[ 83830][E][WiFiUdp.cpp:221] parsePacket(): could not receive data: 9
[ 83836][E][WiFiUdp.cpp:221] parsePacket(): could not receive data: 9
[ 83842][E][WiFiUdp.cpp:221] parsePacket(): could not receive data: 9
[ 83848][E][WiFiUdp.cpp:221] parsePacket(): could not receive data: 9
[ 83854][E][WiFiUdp.cpp:221] parsePacket(): could not receive data: 9
[ 83860][E][WiFiUdp.cpp:221] parsePacket(): could not receive data: 9
[ 83866][E][WiFiUdp.cpp:221] parsePacket(): could not receive data: 9
[ 83872][E][WiFiUdp.cpp:221] parsePacket(): could not receive data: 9
[ 83878][E][WiFiUdp.cpp:221] parsePacket(): could not receive data: 9
[ 83884][E][WiFiUdp.cpp:221] parsePacket(): could not receive data: 9
[ 83890][E][WiFiUdp.cpp:221] parsePacket(): could not receive data: 9
[ 83896][E][WiFiUdp.cpp:221] parsePacket(): could not receive data: 9
[ 83902][E][WiFiUdp.cpp:221] parsePacket(): could not receive data: 9
[ 83908][E][WiFiUdp.cpp:221] parsePacket(): could not receive data: 9
[ 83914][E][WiFiUdp.cpp:221] parsePacket(): could not receive data: 9
[ 83920][E][WiFiUdp.cpp:221] parsePacket(): could not receive data: 9
[ 83926][E][WiFiUdp.cpp:221] parsePacket(): could not receive data: 9
[ 83932][E][WiFiUdp.cpp:221] parsePacket(): could not receive data: 9
[ 83938][E][WiFiUdp.cpp:221] parsePacket(): could not receive data: 9
[ 83944][E][WiFiUdp.cpp:221] parsePacket(): could not receive data: 9
[ 83950][E][WiFiUdp.cpp:221] parsePacket(): could not receive data: 9
[ 83956][E][WiFiUdp.cpp:221] parsePacket(): could not receive data: 9
[ 83962][E][WiFiUdp.cpp:221] parsePacket(): could not receive data: 9
[ 83968][E][WiFiUdp.cpp:221] parsePacket(): could not receive data: 9
[ 83974][E][WiFiUdp.cpp:221] parsePacket(): could not receive data: 9
[ 83980][E][WiFiUdp.cpp:221] parsePacket(): could not receive data: 9
[ 83986][E][WiFiUdp.cpp:221] parsePacket(): could not receive data: 9
[ 83992][E][WiFiUdp.cpp:221] parsePacket(): could not receive data: 9
[ 83998][E][WiFiUdp.cpp:221] parsePacket(): could not receive data: 9
[ 84004][E][WiFiUdp.cpp:221] parsePacket(): could not receive data: 9
[ 84010][E][WiFiUdp.cpp:221] parsePacket(): could not receive data: 9
[ 84016][E][WiFiUdp.cpp:221] parsePacket(): could not receive data: 9
[ 84022][E][WiFiUdp.cpp:221] parsePacket(): could not receive data: 9
[ 84028][E][WiFiUdp.cpp:221] parsePacket(): could not receive data: 9
[ 84034][E][WiFiUdp.cpp:221] parsePacket(): could not receive data: 9
[ 84040][E][WiFiUdp.cpp:221] parsePacket(): could not receive data: 9
[ 84046][E][WiFiUdp.cpp:221] parsePacket(): could not receive data: 9
[ 84052][E][WiFiUdp.cpp:221] parsePacket(): could not receive data: 9
[ 84058][E][WiFiUdp.cpp:221] parsePacket(): could not receive data: 9
[ 84064][E][WiFiUdp.cpp:221] parsePacket(): could not receive data: 9
[ 84070][E][WiFiUdp.cpp:221] parsePacket(): could not receive data: 9
[ 84076][E][WiFiUdp.cpp:221] parsePacket(): could not receive data: 9
[ 84082][E][WiFiUdp.cpp:221] parsePacket(): could not receive data: 9
[ 84088][E][WiFiUdp.cpp:221] parsePacket(): could not receive data: 9
[ 84094][E][WiFiUdp.cpp:221] parsePacket(): could not receive data: 9
[ 84100][E][WiFiUdp.cpp:221] parsePacket(): could not receive data: 9
[ 84106][E][WiFiUdp.cpp:221] parsePacket(): could not receive data: 9
[ 84112][E][WiFiUdp.cpp:221] parsePacket(): could not receive data: 9
[ 84118][E][WiFiUdp.cpp:221] parsePacket(): could not receive data: 9
[ 84124][E][WiFiUdp.cpp:221] parsePacket(): could not receive data: 9
[ 84130][E][WiFiUdp.cpp:221] parsePacket(): could not receive data: 9
[ 84136][E][WiFiUdp.cpp:221] parsePacket(): could not receive data: 9
[ 84142][E][WiFiUdp.cpp:221] parsePacket(): could not receive data: 9
[ 84148][E][WiFiUdp.cpp:221] parsePacket(): could not receive data: 9
[ 84154][E][WiFiUdp.cpp:221] parsePacket(): could not receive data: 9
[ 84160][E][WiFiUdp.cpp:221] parsePacket(): could not receive data: 9
[ 84166][E][WiFiUdp.cpp:221] parsePacket(): could not receive data: 9
[ 84172][E][WiFiUdp.cpp:221] parsePacket(): could not receive data: 9
[ 84178][E][WiFiUdp.cpp:221] parsePacket(): could not receive data: 9
[ 84184][E][WiFiUdp.cpp:221] parsePacket(): could not receive data: 9
[ 84190][E][WiFiUdp.cpp:221] parsePacket(): could not receive data: 9
[ 84196][E][WiFiUdp.cpp:221] parsePacket(): could not receive data: 9
[ 84202][E][WiFiUdp.cpp:221] parsePacket(): could not receive data: 9
[ 84208][E][WiFiUdp.cpp:221] parsePacket(): could not receive data: 9
[ 84214][E][WiFiUdp.cpp:221] parsePacket(): could not receive data: 9
[ 84220][E][WiFiUdp.cpp:221] parsePacket(): could not receive data: 9
[ 84226][E][WiFiUdp.cpp:221] parsePacket(): could not receive data: 9
[ 84232][E][WiFiUdp.cpp:221] parsePacket(): could not receive data: 9
[ 84238][E][WiFiUdp.cpp:221] parsePacket(): could not receive data: 9
[ 84244][E][WiFiUdp.cpp:221] parsePacket(): could not receive data: 9
[ 84250][E][WiFiUdp.cpp:221] parsePacket(): could not receive data: 9
[ 84256][E][WiFiUdp.cpp:221] parsePacket(): could not receive data: 9
[ 84262][E][WiFiUdp.cpp:221] parsePacket(): could not receive data: 9
[ 84268][E][WiFiUdp.cpp:221] parsePacket(): could not receive data: 9
[ 84274][E][WiFiUdp.cpp:221] parsePacket(): could not receive data: 9
[ 84280][E][WiFiUdp.cpp:221] parsePacket(): could not receive data: 9
[ 84286][E][WiFiUdp.cpp:221] parsePacket(): could not receive data: 9
[ 84292][E][WiFiUdp.cpp:221] parsePacket(): could not receive data: 9
[ 84298][E][WiFiUdp.cpp:221] parsePacket(): could not receive data: 9
[ 84304][E][WiFiUdp.cpp:221] parsePacket(): could not receive data: 9
[ 84310][E][WiFiUdp.cpp:221] parsePacket(): could not receive data: 9
[ 84316][E][WiFiUdp.cpp:221] parsePacket(): could not receive data: 9
[ 84322][E][WiFiUdp.cpp:221] parsePacket(): could not receive data: 9
[ 84328][E][WiFiUdp.cpp:221] parsePacket(): could not receive data: 9
[ 84334][E][WiFiUdp.cpp:221] parsePacket(): could not receive data: 9
[ 84340][E][WiFiUdp.cpp:221] parsePacket(): could not receive data: 9
[ 84346][E][WiFiUdp.cpp:221] parsePacket(): could not receive data: 9
[ 84352][E][WiFiUdp.cpp:221] parsePacket(): could not receive data: 9
[ 84358][E][WiFiUdp.cpp:221] parsePacket(): could not receive data: 9
[ 84364][E][WiFiUdp.cpp:221] parsePacket(): could not receive data: 9
[ 84370][E][WiFiUdp.cpp:221] parsePacket(): could not receive data: 9
[ 84376][E][WiFiUdp.cpp:221] parsePacket(): could not receive data: 9
[ 84382][E][WiFiUdp.cpp:221] parsePacket(): could not receive data: 9
[ 84388][E][WiFiUdp.cpp:221] parsePacket(): could not receive data: 9
[ 84394][E][WiFiUdp.cpp:221] parsePacket(): could not receive data: 9
[ 84400][E][WiFiUdp.cpp:221] parsePacket(): could not receive data: 9
[ 84406][E][WiFiUdp.cpp:221] parsePacket(): could not receive data: 9
[ 84412][E][WiFiUdp.cpp:221] parsePacket(): could not receive data: 9
[ 84418][E][WiFiUdp.cpp:221] parsePacket(): could not receive data: 9
[ 84424][E][WiFiUdp.cpp:221] parsePacket(): could not receive data: 9
[ 84430][E][WiFiUdp.cpp:221] parsePacket(): could not receive data: 9
[ 84436][E][WiFiUdp.cpp:221] parsePacket(): could not receive data: 9
[ 84442][E][WiFiUdp.cpp:221] parsePacket(): could not receive data: 9
[ 84448][E][WiFiUdp.cpp:221] parsePacket(): could not receive data: 9
[ 84454][E][WiFiUdp.cpp:221] parsePacket(): could not receive data: 9
[ 84460][E][WiFiUdp.cpp:221] parsePacket(): could not receive data: 9
[ 84466][E][WiFiUdp.cpp:221] parsePacket(): could not receive data: 9
[ 84472][E][WiFiUdp.cpp:221] parsePacket(): could not receive data: 9
[ 84478][E][WiFiUdp.cpp:221] parsePacket(): could not receive data: 9
[ 84484][E][WiFiUdp.cpp:221] parsePacket(): could not receive data: 9
[ 84490][E][WiFiUdp.cpp:221] parsePacket(): could not receive data: 9
[ 84496][E][WiFiUdp.cpp:221] parsePacket(): could not receive data: 9
[ 84502][E][WiFiUdp.cpp:221] parsePacket(): could not receive data: 9
[ 84508][E][WiFiUdp.cpp:221] parsePacket(): could not receive data: 9
[ 84514][E][WiFiUdp.cpp:221] parsePacket(): could not receive data: 9
[ 84520][E][WiFiUdp.cpp:221] parsePacket(): could not receive data: 9
[ 84526][E][WiFiUdp.cpp:221] parsePacket(): could not receive data: 9
[ 84532][E][WiFiUdp.cpp:221] parsePacket(): could not receive data: 9
[ 84538][E][WiFiUdp.cpp:221] parsePacket(): could not receive data: 9
[ 84544][E][WiFiUdp.cpp:221] parsePacket(): could not receive data: 9
[ 84550][E][WiFiUdp.cpp:221] parsePacket(): could not receive data: 9
[ 84556][E][WiFiUdp.cpp:221] parsePacket(): could not receive data: 9
[ 84562][E][WiFiUdp.cpp:221] parsePacket(): could not receive data: 9
[ 84568][E][WiFiUdp.cpp:221] parsePacket(): could not receive data: 9
[ 84574][E][WiFiUdp.cpp:221] parsePacket(): could not receive data: 9
[ 84580][E][WiFiUdp.cpp:221] parsePacket(): could not receive data: 9
[ 84586][E][WiFiUdp.cpp:221] parsePacket(): could not receive data: 9
[ 84592][E][WiFiUdp.cpp:221] parsePacket(): could not receive data: 9
[ 84598][E][WiFiUdp.cpp:221] parsePacket(): could not receive data: 9
[ 84604][E][WiFiUdp.cpp:221] parsePacket(): could not receive data: 9
[ 84610][E][WiFiUdp.cpp:221] parsePacket(): could not receive data: 9
[ 84616][E][WiFiUdp.cpp:221] parsePacket(): could not receive data: 9
[ 84622][E][WiFiUdp.cpp:221] parsePacket(): could not receive data: 9
[ 84628][E][WiFiUdp.cpp:221] parsePacket(): could not receive data: 9
[ 84634][E][WiFiUdp.cpp:221] parsePacket(): could not receive data: 9
[ 84640][E][WiFiUdp.cpp:221] parsePacket(): could not receive data: 9
[ 84646][E][WiFiUdp.cpp:221] parsePacket(): could not receive data: 9
[ 84652][E][WiFiUdp.cpp:221] parsePacket(): could not receive data: 9
[ 84658][E][WiFiUdp.cpp:221] parsePacket(): could not receive data: 9
[ 84664][E][WiFiUdp.cpp:221] parsePacket(): could not receive data: 9
[ 84670][E][WiFiUdp.cpp:221] parsePacket(): could not receive data: 9
[ 84676][E][WiFiUdp.cpp:221] parsePacket(): could not receive data: 9
[ 84682][E][WiFiUdp.cpp:221] parsePacket(): could not receive data: 9
[ 84688][E][WiFiUdp.cpp:221] parsePacket(): could not receive data: 9
[ 84694][E][WiFiUdp.cpp:221] parsePacket(): could not receive data: 9
[ 84700][E][WiFiUdp.cpp:221] parsePacket(): could not receive data: 9
[ 84706][E][WiFiUdp.cpp:221] parsePacket(): could not receive data: 9
[ 84712][E][WiFiUdp.cpp:221] parsePacket(): could not receive data: 9
[ 84718][E][WiFiUdp.cpp:221] parsePacket(): could not receive data: 9
[ 84724][E][WiFiUdp.cpp:221] parsePacket(): could not receive data: 9
[ 84730][E][WiFiUdp.cpp:221] parsePacket(): could not receive data: 9
[ 84736][E][WiFiUdp.cpp:221] parsePacket(): could not receive data: 9
[ 84742][E][WiFiUdp.cpp:221] parsePacket(): could not receive data: 9
[ 84748][E][WiFiUdp.cpp:221] parsePacket(): could not receive data: 9
[ 84754][E][WiFiUdp.cpp:221] parsePacket(): could not receive data: 9
[ 84760][E][WiFiUdp.cpp:221] parsePacket(): could not receive data: 9
[ 84766][E][WiFiUdp.cpp:221] parsePacket(): could not receive data: 9
[ 84772][E][WiFiUdp.cpp:221] parsePacket(): could not receive data: 9
[ 84778][E][WiFiUdp.cpp:221] parsePacket(): could not receive data: 9
[ 84784][E][WiFiUdp.cpp:221] parsePacket(): could not receive data: 9
[ 84790][E][WiFiUdp.cpp:221] parsePacket(): could not receive data: 9
[ 84796][E][WiFiUdp.cpp:221] parsePacket(): could not receive data: 9
[ 84802][E][WiFiUdp.cpp:221] parsePacket(): could not receive data: 9
[ 84808][E][WiFiUdp.cpp:221] parsePacket(): could not receive data: 9
[ 84814][E][WiFiUdp.cpp:221] parsePacket(): could not receive data: 9
[ 84820][E][WiFiUdp.cpp:221] parsePacket(): could not receive data: 9
[ 84826][E][WiFiUdp.cpp:221] parsePacket(): could not receive data: 9
[ 84832][E][WiFiUdp.cpp:221] parsePacket(): could not receive data: 9
[ 84838][E][WiFiUdp.cpp:221] parsePacket(): could not receive data: 9
[ 84844][E][WiFiUdp.cpp:221] parsePacket(): could not receive data: 9
[ 84850][E][WiFiUdp.cpp:221] parsePacket(): could not receive data: 9
[ 84856][E][WiFiUdp.cpp:221] parsePacket(): could not receive data: 9
[ 84862][E][WiFiUdp.cpp:221] parsePacket(): could not receive data: 9
[ 84868][E][WiFiUdp.cpp:221] parsePacket(): could not receive data: 9
[ 84874][E][WiFiUdp.cpp:221] parsePacket(): could not receive data: 9
[ 84880][E][WiFiUdp.cpp:221] parsePacket(): could not receive data: 9
[ 84886][E][WiFiUdp.cpp:221] parsePacket(): could not receive data: 9
[ 84892][E][WiFiUdp.cpp:221] parsePacket(): could not receive data: 9
[ 84898][E][WiFiUdp.cpp:221] parsePacket(): could not receive data: 9
[ 84904][E][WiFiUdp.cpp:221] parsePacket(): could not receive data: 9
[ 84910][E][WiFiUdp.cpp:221] parsePacket(): could not receive data: 9
[ 84916][E][WiFiUdp.cpp:221] parsePacket(): could not receive data: 9
[ 84922][E][WiFiUdp.cpp:221] parsePacket(): could not receive data: 9
[ 84928][E][WiFiUdp.cpp:221] parsePacket(): could not receive data: 9
[ 84934][E][WiFiUdp.cpp:221] parsePacket(): could not receive data: 9
[ 84940][E][WiFiUdp.cpp:221] parsePacket(): could not receive data: 9
[ 84946][E][WiFiUdp.cpp:221] parsePacket(): could not receive data: 9
[ 84952][E][WiFiUdp.cpp:221] parsePacket(): could not receive data: 9
[ 84958][E][WiFiUdp.cpp:221] parsePacket(): could not receive data: 9
[ 84964][E][WiFiUdp.cpp:221] parsePacket(): could not receive data: 9
[ 84970][E][WiFiUdp.cpp:221] parsePacket(): could not receive data: 9
[ 84976][E][WiFiUdp.cpp:221] parsePacket(): could not receive data: 9
[ 84982][E][WiFiUdp.cpp:221] parsePacket(): could not receive data: 9
[ 84988][E][WiFiUdp.cpp:221] parsePacket(): could not receive data: 9
[ 84994][E][WiFiUdp.cpp:221] parsePacket(): could not receive data: 9
[ 85000][E][WiFiUdp.cpp:221] parsePacket(): could not receive data: 9
[ 85006][E][WiFiUdp.cpp:221] parsePacket(): could not receive data: 9
[ 85012][E][WiFiUdp.cpp:221] parsePacket(): could not receive data: 9
[ 85018][E][WiFiUdp.cpp:221] parsePacket(): could not receive data: 9
[ 85024][E][WiFiUdp.cpp:221] parsePacket(): could not receive data: 9
[ 85030][E][WiFiUdp.cpp:221] parsePacket(): could not receive data: 9
[ 85036][E][WiFiUdp.cpp:221] parsePacket(): could not receive data: 9
[ 85042][E][WiFiUdp.cpp:221] parsePacket(): could not receive data: 9
[ 85048][E][WiFiUdp.cpp:221] parsePacket(): could not receive data: 9
[ 85054][E][WiFiUdp.cpp:221] parsePacket(): could not receive data: 9
[ 85060][E][WiFiUdp.cpp:221] parsePacket(): could not receive data: 9
[ 85066][E][WiFiUdp.cpp:221] parsePacket(): could not receive data: 9
[ 85072][E][WiFiUdp.cpp:221] parsePacket(): could not receive data: 9
[ 85078][E][WiFiUdp.cpp:221] parsePacket(): could not receive data: 9
[ 85084][E][WiFiUdp.cpp:221] parsePacket(): could not receive data: 9
[ 85090][E][WiFiUdp.cpp:221] parsePacket(): could not receive data: 9
[ 85096][E][WiFiUdp.cpp:221] parsePacket(): could not receive data: 9
[ 85102][E][WiFiUdp.cpp:221] parsePacket(): could not receive data: 9
[ 85108][E][WiFiUdp.cpp:221] parsePacket(): could not receive data: 9
[ 85114][E][WiFiUdp.cpp:221] parsePacket(): could not receive data: 9
[ 85120][E][WiFiUdp.cpp:221] parsePacket(): could not receive data: 9
[ 85126][E][WiFiUdp.cpp:221] parsePacket(): could not receive data: 9
[ 85132][E][WiFiUdp.cpp:221] parsePacket(): could not receive data: 9
[ 85138][E][WiFiUdp.cpp:221] parsePacket(): could not receive data: 9
[ 85144][E][WiFiUdp.cpp:221] parsePacket(): could not receive data: 9
[ 85150][E][WiFiUdp.cpp:221] parsePacket(): could not receive data: 9
[ 85156][E][WiFiUdp.cpp:221] parsePacket(): could not receive data: 9
[ 85162][E][WiFiUdp.cpp:221] parsePacket(): could not receive data: 9
[ 85168][E][WiFiUdp.cpp:221] parsePacket(): could not receive data: 9
[ 85174][E][WiFiUdp.cpp:221] parsePacket(): could not receive data: 9
[ 85180][E][WiFiUdp.cpp:221] parsePacket(): could not receive data: 9
[ 85186][E][WiFiUdp.cpp:221] parsePacket(): could not receive data: 9
[ 85192][E][WiFiUdp.cpp:221] parsePacket(): could not receive data: 9
[ 85198][E][WiFiUdp.cpp:221] parsePacket(): could not receive data: 9
[ 85204][E][WiFiUdp.cpp:221] parsePacket(): could not receive data: 9
[ 85210][E][WiFiUdp.cpp:221] parsePacket(): could not receive data: 9
[ 85216][E][WiFiUdp.cpp:221] parsePacket(): could not receive data: 9
[ 85222][E][WiFiUdp.cpp:221] parsePacket(): could not receive data: 9
[ 85228][E][WiFiUdp.cpp:221] parsePacket(): could not receive data: 9
[ 85234][E][WiFiUdp.cpp:221] parsePacket(): could not receive data: 9
[ 85240][E][WiFiUdp.cpp:221] parsePacket(): could not receive data: 9
[ 85246][E][WiFiUdp.cpp:221] parsePacket(): could not receive data: 9
[ 85252][E][WiFiUdp.cpp:221] parsePacket(): could not receive data: 9
[ 85258][E][WiFiUdp.cpp:221] parsePacket(): could not receive data: 9
[ 85264][E][WiFiUdp.cpp:221] parsePacket(): could not receive data: 9
[ 85270][E][WiFiUdp.cpp:221] parsePacket(): could not receive data: 9
[ 85276][E][WiFiUdp.cpp:221] parsePacket(): could not receive data: 9
[ 85282][E][WiFiUdp.cpp:221] parsePacket(): could not receive data: 9
[ 85288][E][WiFiUdp.cpp:221] parsePacket(): could not receive data: 9
[ 85294][E][WiFiUdp.cpp:221] parsePacket(): could not receive data: 9
[ 85300][E][WiFiUdp.cpp:221] parsePacket(): could not receive data: 9
[ 85306][E][WiFiUdp.cpp:221] parsePacket(): could not receive data: 9
[ 85312][E][WiFiUdp.cpp:221] parsePacket(): could not receive data: 9
[ 85318][E][WiFiUdp.cpp:221] parsePacket(): could not receive data: 9
[ 85324][E][WiFiUdp.cpp:221] parsePacket(): could not receive data: 9
[ 85330][E][WiFiUdp.cpp:221] parsePacket(): could not receive data: 9
[ 85336][E][WiFiUdp.cpp:221] parsePacket(): could not receive data: 9
[ 85342][E][WiFiUdp.cpp:221] parsePacket(): could not receive data: 9
[ 85348][E][WiFiUdp.cpp:221] parsePacket(): could not receive data: 9
[ 85354][E][WiFiUdp.cpp:221] parsePacket(): could not receive data: 9
[ 85360][E][WiFiUdp.cpp:221] parsePacket(): could not receive data: 9
[ 85366][E][WiFiUdp.cpp:221] parsePacket(): could not receive data: 9
[ 85372][E][WiFiUdp.cpp:221] parsePacket(): could not receive data: 9
[ 85378][E][WiFiUdp.cpp:221] parsePacket(): could not receive data: 9
[ 85384][E][WiFiUdp.cpp:221] parsePacket(): could not receive data: 9
[ 85390][E][WiFiUdp.cpp:221] parsePacket(): could not receive data: 9
[ 85396][E][WiFiUdp.cpp:221] parsePacket(): could not receive data: 9
[ 85402][E][WiFiUdp.cpp:221] parsePacket(): could not receive data: 9
[ 85408][E][WiFiUdp.cpp:221] parsePacket(): could not receive data: 9
[ 85414][E][WiFiUdp.cpp:221] parsePacket(): could not receive data: 9
[ 85420][E][WiFiUdp.cpp:221] parsePacket(): could not receive data: 9
[ 85426][E][WiFiUdp.cpp:221] parsePacket(): could not receive data: 9
[ 85432][E][WiFiUdp.cpp:221] parsePacket(): could not receive data: 9
[ 85438][E][WiFiUdp.cpp:221] parsePacket(): could not receive data: 9
[ 85444][E][WiFiUdp.cpp:221] parsePacket(): could not receive data: 9
[ 85450][E][WiFiUdp.cpp:221] parsePacket(): could not receive data: 9
[ 85456][E][WiFiUdp.cpp:221] parsePacket(): could not receive data: 9
[ 85462][E][WiFiUdp.cpp:221] parsePacket(): could not receive data: 9
[ 85468][E][WiFiUdp.cpp:221] parsePacket(): could not receive data: 9
[ 85474][E][WiFiUdp.cpp:221] parsePacket(): could not receive data: 9
[ 85480][E][WiFiUdp.cpp:221] parsePacket(): could not receive data: 9
[ 85486][E][WiFiUdp.cpp:221] parsePacket(): could not receive data: 9
[ 85492][E][WiFiUdp.cpp:221] parsePacket(): could not receive data: 9
[ 85498][E][WiFiUdp.cpp:221] parsePacket(): could not receive data: 9
[ 85504][E][WiFiUdp.cpp:221] parsePacket(): could not receive data: 9
[ 85510][E][WiFiUdp.cpp:221] parsePacket(): could not receive data: 9
[ 85516][E][WiFiUdp.cpp:221] parsePacket(): could not receive data: 9
[ 85522][E][WiFiUdp.cpp:221] parsePacket(): could not receive data: 9
[ 85528][E][WiFiUdp.cpp:221] parsePacket(): could not receive data: 9
[ 85534][E][WiFiUdp.cpp:221] parsePacket(): could not receive data: 9
[ 85540][E][WiFiUdp.cpp:221] parsePacket(): could not receive data: 9
[ 85546][E][WiFiUdp.cpp:221] parsePacket(): could not receive data: 9
[ 85552][E][WiFiUdp.cpp:221] parsePacket(): could not receive data: 9
[ 85558][E][WiFiUdp.cpp:221] parsePacket(): could not receive data: 9
[ 85564][E][WiFiUdp.cpp:221] parsePacket(): could not receive data: 9
[ 85570][E][WiFiUdp.cpp:221] parsePacket(): could not receive data: 9
[ 85576][E][WiFiUdp.cpp:221] parsePacket(): could not receive data: 9
[ 85582][E][WiFiUdp.cpp:221] parsePacket(): could not receive data: 9
[ 85588][E][WiFiUdp.cpp:221] parsePacket(): could not receive data: 9
[ 85594][E][WiFiUdp.cpp:221] parsePacket(): could not receive data: 9
[ 85600][E][WiFiUdp.cpp:221] parsePacket(): could not receive data: 9
[ 85606][E][WiFiUdp.cpp:221] parsePacket(): could not receive data: 9
[ 85612][E][WiFiUdp.cpp:221] parsePacket(): could not receive data: 9
[ 85618][E][WiFiUdp.cpp:221] parsePacket(): could not receive data: 9
[ 85624][E][WiFiUdp.cpp:221] parsePacket(): could not receive data: 9
[ 85630][E][WiFiUdp.cpp:221] parsePacket(): could not receive data: 9
[ 85636][E][WiFiUdp.cpp:221] parsePacket(): could not receive data: 9
[ 85642][E][WiFiUdp.cpp:221] parsePacket(): could not receive data: 9
[ 85648][E][WiFiUdp.cpp:221] parsePacket(): could not receive data: 9
[ 85654][E][WiFiUdp.cpp:221] parsePacket(): could not receive data: 9
[ 85660][E][WiFiUdp.cpp:221] parsePacket(): could not receive data: 9
[ 85666][E][WiFiUdp.cpp:221] parsePacket(): could not receive data: 9
[ 85672][E][WiFiUdp.cpp:221] parsePacket(): could not receive data: 9
[ 85678][E][WiFiUdp.cpp:221] parsePacket(): could not receive data: 9
[ 85684][E][WiFiUdp.cpp:221] parsePacket(): could not receive data: 9
[ 85690][E][WiFiUdp.cpp:221] parsePacket(): could not receive data: 9
[ 85696][E][WiFiUdp.cpp:221] parsePacket(): could not receive data: 9
[ 85702][E][WiFiUdp.cpp:221] parsePacket(): could not receive data: 9
[ 85708][E][WiFiUdp.cpp:221] parsePacket(): could not receive data: 9
[ 85714][E][WiFiUdp.cpp:221] parsePacket(): could not receive data: 9
[ 85720][E][WiFiUdp.cpp:221] parsePacket(): could not receive data: 9
[ 85726][E][WiFiUdp.cpp:221] parsePacket(): could not receive data: 9
[ 85732][E][WiFiUdp.cpp:221] parsePacket(): could not receive data: 9
[ 85738][E][WiFiUdp.cpp:221] parsePacket(): could not receive data: 9
[ 85744][E][WiFiUdp.cpp:221] parsePacket(): could not receive data: 9
[ 85750][E][WiFiUdp.cpp:221] parsePacket(): could not receive data: 9
[ 85756][E][WiFiUdp.cpp:221] parsePacket(): could not receive data: 9
[ 85762][E][WiFiUdp.cpp:221] parsePacket(): could not receive data: 9
[ 85768][E][WiFiUdp.cpp:221] parsePacket(): could not receive data: 9
[ 85774][E][WiFiUdp.cpp:221] parsePacket(): could not receive data: 9
[ 85780][E][WiFiUdp.cpp:221] parsePacket(): could not receive data: 9
[ 85786][E][WiFiUdp.cpp:221] parsePacket(): could not receive data: 9
[ 85792][E][WiFiUdp.cpp:221] parsePacket(): could not receive data: 9
[ 85798][E][WiFiUdp.cpp:221] parsePacket(): could not receive data: 9
[ 85804][E][WiFiUdp.cpp:221] parsePacket(): could not receive data: 9
[ 85810][E][WiFiUdp.cpp:221] parsePacket(): could not receive data: 9
[ 85816][E][WiFiUdp.cpp:221] parsePacket(): could not receive data: 9
[ 85822][E][WiFiUdp.cpp:221] parsePacket(): could not receive data: 9
[ 85828][E][WiFiUdp.cpp:221] parsePacket(): could not receive data: 9
[ 85834][E][WiFiUdp.cpp:221] parsePacket(): could not receive data: 9
[ 85840][E][WiFiUdp.cpp:221] parsePacket(): could not receive data: 9
[ 85846][E][WiFiUdp.cpp:221] parsePacket(): could not receive data: 9
[ 85852][E][WiFiUdp.cpp:221] parsePacket(): could not receive data: 9
[ 85858][E][WiFiUdp.cpp:221] parsePacket(): could not receive data: 9
[ 85864][E][WiFiUdp.cpp:221] parsePacket(): could not receive data: 9
[ 85870][E][WiFiUdp.cpp:221] parsePacket(): could not receive data: 9
[ 85876][E][WiFiUdp.cpp:221] parsePacket(): could not receive data: 9
[ 85882][E][WiFiUdp.cpp:221] parsePacket(): could not receive data: 9
[ 85888][E][WiFiUdp.cpp:221] parsePacket(): could not receive data: 9
[ 85894][E][WiFiUdp.cpp:221] parsePacket(): could not receive data: 9
[ 85900][E][WiFiUdp.cpp:221] parsePacket(): could not receive data: 9
[ 85906][E][WiFiUdp.cpp:221] parsePacket(): could not receive data: 9
[ 85912][E][WiFiUdp.cpp:221] parsePacket(): could not receive data: 9
[ 85918][E][WiFiUdp.cpp:221] parsePacket(): could not receive data: 9
[ 85924][E][WiFiUdp.cpp:221] parsePacket(): could not receive data: 9
[ 85930][E][WiFiUdp.cpp:221] parsePacket(): could not receive data: 9
[ 85936][E][WiFiUdp.cpp:221] parsePacket(): could not receive data: 9
[ 85942][E][WiFiUdp.cpp:221] parsePacket(): could not receive data: 9
[ 85948][E][WiFiUdp.cpp:221] parsePacket(): could not receive data: 9
[ 85954][E][WiFiUdp.cpp:221] parsePacket(): could not receive data: 9
[ 85960][E][WiFiUdp.cpp:221] parsePacket(): could not receive data: 9
[ 85966][E][WiFiUdp.cpp:221] parsePacket(): could not receive data: 9
[ 85972][E][WiFiUdp.cpp:221] parsePacket(): could not receive data: 9
[ 85978][E][WiFiUdp.cpp:221] parsePacket(): could not receive data: 9
[ 85984][E][WiFiUdp.cpp:221] parsePacket(): could not receive data: 9
[ 85990][E][WiFiUdp.cpp:221] parsePacket(): could not receive data: 9
[ 85996][E][WiFiUdp.cpp:221] parsePacket(): could not receive data: 9
[ 86002][E][WiFiUdp.cpp:221] parsePacket(): could not receive data: 9
[ 86008][E][WiFiUdp.cpp:221] parsePacket(): could not receive data: 9
[ 86014][E][WiFiUdp.cpp:221] parsePacket(): could not receive data: 9
[ 86020][E][WiFiUdp.cpp:221] parsePacket(): could not receive data: 9
[ 86026][E][WiFiUdp.cpp:221] parsePacket(): could not receive data: 9
[ 86032][E][WiFiUdp.cpp:221] parsePacket(): could not receive data: 9
[ 86038][E][WiFiUdp.cpp:221] parsePacket(): could not receive data: 9
[ 86044][E][WiFiUdp.cpp:221] parsePacket(): could not receive data: 9
[ 86050][E][WiFiUdp.cpp:221] parsePacket(): could not receive data: 9
[ 86056][E][WiFiUdp.cpp:221] parsePacket(): could not receive data: 9
[ 86062][E][WiFiUdp.cpp:221] parsePacket(): could not receive data: 9
[ 86068][E][WiFiUdp.cpp:221] parsePacket(): could not receive data: 9
[ 86074][E][WiFiUdp.cpp:221] parsePacket(): could not receive data: 9
[ 86080][E][WiFiUdp.cpp:221] parsePacket(): could not receive data: 9
[ 86086][E][WiFiUdp.cpp:221] parsePacket(): could not receive data: 9
[ 86092][E][WiFiUdp.cpp:221] parsePacket(): could not receive data: 9
[ 86098][E][WiFiUdp.cpp:221] parsePacket(): could not receive data: 9
[ 86104][E][WiFiUdp.cpp:221] parsePacket(): could not receive data: 9
[ 86110][E][WiFiUdp.cpp:221] parsePacket(): could not receive data: 9
[ 86116][E][WiFiUdp.cpp:221] parsePacket(): could not receive data: 9
[ 86122][E][WiFiUdp.cpp:221] parsePacket(): could not receive data: 9
[ 86128][E][WiFiUdp.cpp:221] parsePacket(): could not receive data: 9
[ 86134][E][WiFiUdp.cpp:221] parsePacket(): could not receive data: 9
[ 86140][E][WiFiUdp.cpp:221] parsePacket(): could not receive data: 9
[ 86146][E][WiFiUdp.cpp:221] parsePacket(): could not receive data: 9
[ 86152][E][WiFiUdp.cpp:221] parsePacket(): could not receive data: 9
[ 86158][E][WiFiUdp.cpp:221] parsePacket(): could not receive data: 9
[ 86164][E][WiFiUdp.cpp:221] parsePacket(): could not receive data: 9
[ 86170][E][WiFiUdp.cpp:221] parsePacket(): could not receive data: 9
[ 86176][E][WiFiUdp.cpp:221] parsePacket(): could not receive data: 9
[ 86182][E][WiFiUdp.cpp:221] parsePacket(): could not receive data: 9
[ 86188][E][WiFiUdp.cpp:221] parsePacket(): could not receive data: 9
[ 86194][E][WiFiUdp.cpp:221] parsePacket(): could not receive data: 9
[ 86200][E][WiFiUdp.cpp:221] parsePacket(): could not receive data: 9
[ 86206][E][WiFiUdp.cpp:221] parsePacket(): could not receive data: 9
[ 86212][E][WiFiUdp.cpp:221] parsePacket(): could not receive data: 9
[ 86218][E][WiFiUdp.cpp:221] parsePacket(): could not receive data: 9
[ 86224][E][WiFiUdp.cpp:221] parsePacket(): could not receive data: 9
[ 86230][E][WiFiUdp.cpp:221] parsePacket(): could not receive data: 9
[ 86236][E][WiFiUdp.cpp:221] parsePacket(): could not receive data: 9
[ 86242][E][WiFiUdp.cpp:221] parsePacket(): could not receive data: 9
[ 86248][E][WiFiUdp.cpp:221] parsePacket(): could not receive data: 9
[ 86254][E][WiFiUdp.cpp:221] parsePacket(): could not receive data: 9
[ 86260][E][WiFiUdp.cpp:221] parsePacket(): could not receive data: 9
[ 86266][E][WiFiUdp.cpp:221] parsePacket(): could not receive data: 9
[ 86272][E][WiFiUdp.cpp:221] parsePacket(): could not receive data: 9
[ 86278][E][WiFiUdp.cpp:221] parsePacket(): could not receive data: 9
[ 86284][E][WiFiUdp.cpp:221] parsePacket(): could not receive data: 9
[ 86290][E][WiFiUdp.cpp:221] parsePacket(): could not receive data: 9
[ 86296][E][WiFiUdp.cpp:221] parsePacket(): could not receive data: 9
[ 86302][E][WiFiUdp.cpp:221] parsePacket(): could not receive data: 9
[ 86308][E][WiFiUdp.cpp:221] parsePacket(): could not receive data: 9
[ 86314][E][WiFiUdp.cpp:221] parsePacket(): could not receive data: 9
[ 86320][E][WiFiUdp.cpp:221] parsePacket(): could not receive data: 9
[ 86326][E][WiFiUdp.cpp:221] parsePacket(): could not receive data: 9
[ 86332][E][WiFiUdp.cpp:221] parsePacket(): could not receive data: 9
[ 86338][E][WiFiUdp.cpp:221] parsePacket(): could not receive data: 9
[ 86344][E][WiFiUdp.cpp:221] parsePacket(): could not receive data: 9
[ 86350][E][WiFiUdp.cpp:221] parsePacket(): could not receive data: 9
[ 86356][E][WiFiUdp.cpp:221] parsePacket(): could not receive data: 9
[ 86362][E][WiFiUdp.cpp:221] parsePacket(): could not receive data: 9
[ 86368][E][WiFiUdp.cpp:221] parsePacket(): could not receive data: 9
[ 86374][E][WiFiUdp.cpp:221] parsePacket(): could not receive data: 9
[ 86380][E][WiFiUdp.cpp:221] parsePacket(): could not receive data: 9
[ 86386][E][WiFiUdp.cpp:221] parsePacket(): could not receive data: 9
[ 86391][E][WiFiUdp.cpp:221] parsePacket(): could not receive data: 9
[ 86398][E][WiFiUdp.cpp:221] parsePacket(): could not receive data: 9
[ 86404][E][WiFiUdp.cpp:221] parsePacket(): could not receive data: 9
[ 86410][E][WiFiUdp.cpp:221] parsePacket(): could not receive data: 9
[ 86416][E][WiFiUdp.cpp:221] parsePacket(): could not receive data: 9
[ 86422][E][WiFiUdp.cpp:221] parsePacket(): could not receive data: 9
[ 86428][E][WiFiUdp.cpp:221] parsePacket(): could not receive data: 9
[ 86434][E][WiFiUdp.cpp:221] parsePacket(): could not receive data: 9
[ 86440][E][WiFiUdp.cpp:221] parsePacket(): could not receive data: 9
[ 86446][E][WiFiUdp.cpp:221] parsePacket(): could not receive data: 9
[ 86452][E][WiFiUdp.cpp:221] parsePacket(): could not receive data: 9
[ 86458][E][WiFiUdp.cpp:221] parsePacket(): could not receive data: 9
[ 86464][E][WiFiUdp.cpp:221] parsePacket(): could not receive data: 9
[ 86470][E][WiFiUdp.cpp:221] parsePacket(): could not receive data: 9
[ 86476][E][WiFiUdp.cpp:221] parsePacket(): could not receive data: 9
[ 86482][E][WiFiUdp.cpp:221] parsePacket(): could not receive data: 9
[ 86488][E][WiFiUdp.cpp:221] parsePacket(): could not receive data: 9
[ 86494][E][WiFiUdp.cpp:221] parsePacket(): could not receive data: 9
[ 86500][E][WiFiUdp.cpp:221] parsePacket(): could not receive data: 9
[ 86506][E][WiFiUdp.cpp:221] parsePacket(): could not receive data: 9
[ 86512][E][WiFiUdp.cpp:221] parsePacket(): could not receive data: 9
[ 86518][E][WiFiUdp.cpp:221] parsePacket(): could not receive data: 9
[ 86524][E][WiFiUdp.cpp:221] parsePacket(): could not receive data: 9
[ 86530][E][WiFiUdp.cpp:221] parsePacket(): could not receive data: 9
[ 86536][E][WiFiUdp.cpp:221] parsePacket(): could not receive data: 9
[ 86542][E][WiFiUdp.cpp:221] parsePacket(): could not receive data: 9
[ 86548][E][WiFiUdp.cpp:221] parsePacket(): could not receive data: 9
[ 86554][E][WiFiUdp.cpp:221] parsePacket(): could not receive data: 9
[ 86560][E][WiFiUdp.cpp:221] parsePacket(): could not receive data: 9
[ 86566][E][WiFiUdp.cpp:221] parsePacket(): could not receive data: 9
[ 86572][E][WiFiUdp.cpp:221] parsePacket(): could not receive data: 9
[ 86578][E][WiFiUdp.cpp:221] parsePacket(): could not receive data: 9
[ 86584][E][WiFiUdp.cpp:221] parsePacket(): could not receive data: 9
[ 86590][E][WiFiUdp.cpp:221] parsePacket(): could not receive data: 9
[ 86596][E][WiFiUdp.cpp:221] parsePacket(): could not receive data: 9
[ 86602][E][WiFiUdp.cpp:221] parsePacket(): could not receive data: 9
[ 86608][E][WiFiUdp.cpp:221] parsePacket(): could not receive data: 9
[ 86614][E][WiFiUdp.cpp:221] parsePacket(): could not receive data: 9
[ 86620][E][WiFiUdp.cpp:221] parsePacket(): could not receive data: 9
[ 86626][E][WiFiUdp.cpp:221] parsePacket(): could not receive data: 9
[ 86632][E][WiFiUdp.cpp:221] parsePacket(): could not receive data: 9
[ 86638][E][WiFiUdp.cpp:221] parsePacket(): could not receive data: 9
[ 86644][E][WiFiUdp.cpp:221] parsePacket(): could not receive data: 9
[ 86650][E][WiFiUdp.cpp:221] parsePacket(): could not receive data: 9
[ 86655][E][WiFiUdp.cpp:221] parsePacket(): could not receive data: 9
[ 86662][E][WiFiUdp.cpp:221] parsePacket(): could not receive data: 9
[ 86668][E][WiFiUdp.cpp:221] parsePacket(): could not receive data: 9
[ 86674][E][WiFiUdp.cpp:221] parsePacket(): could not receive data: 9
[ 86680][E][WiFiUdp.cpp:221] parsePacket(): could not receive data: 9
[ 86685][E][WiFiUdp.cpp:221] parsePacket(): could not receive data: 9
[ 86692][E][WiFiUdp.cpp:221] parsePacket(): could not receive data: 9
[ 86698][E][WiFiUdp.cpp:221] parsePacket(): could not receive data: 9
[ 86704][E][WiFiUdp.cpp:221] parsePacket(): could not receive data: 9
[ 86710][E][WiFiUdp.cpp:221] parsePacket(): could not receive data: 9
[ 86716][E][WiFiUdp.cpp:221] parsePacket(): could not receive data: 9
[ 86722][E][WiFiUdp.cpp:221] parsePacket(): could not receive data: 9
[ 86728][E][WiFiUdp.cpp:221] parsePacket(): could not receive data: 9
[ 86734][E][WiFiUdp.cpp:221] parsePacket(): could not receive data: 9
[ 86740][E][WiFiUdp.cpp:221] parsePacket(): could not receive data: 9
[ 86746][E][WiFiUdp.cpp:221] parsePacket(): could not receive data: 9
[ 86752][E][WiFiUdp.cpp:221] parsePacket(): could not receive data: 9
[ 86758][E][WiFiUdp.cpp:221] parsePacket(): could not receive data: 9
[ 86764][E][WiFiUdp.cpp:221] parsePacket(): could not receive data: 9
[ 86770][E][WiFiUdp.cpp:221] parsePacket(): could not receive data: 9
[ 86776][E][WiFiUdp.cpp:221] parsePacket(): could not receive data: 9
[ 86782][E][WiFiUdp.cpp:221] parsePacket(): could not receive data: 9
[ 86788][E][WiFiUdp.cpp:221] parsePacket(): could not receive data: 9
[ 86794][E][WiFiUdp.cpp:221] parsePacket(): could not receive data: 9
[ 86800][E][WiFiUdp.cpp:221] parsePacket(): could not receive data: 9
[ 86806][E][WiFiUdp.cpp:221] parsePacket(): could not receive data: 9
[ 86812][E][WiFiUdp.cpp:221] parsePacket(): could not receive data: 9
[ 86818][E][WiFiUdp.cpp:221] parsePacket(): could not receive data: 9
[ 86824][E][WiFiUdp.cpp:221] parsePacket(): could not receive data: 9
[ 86830][E][WiFiUdp.cpp:221] parsePacket(): could not receive data: 9
[ 86836][E][WiFiUdp.cpp:221] parsePacket(): could not receive data: 9
[ 86842][E][WiFiUdp.cpp:221] parsePacket(): could not receive data: 9
[ 86848][E][WiFiUdp.cpp:221] parsePacket(): could not receive data: 9
[ 86854][E][WiFiUdp.cpp:221] parsePacket(): could not receive data: 9
[ 86860][E][WiFiUdp.cpp:221] parsePacket(): could not receive data: 9
[ 86866][E][WiFiUdp.cpp:221] parsePacket(): could not receive data: 9
[ 86872][E][WiFiUdp.cpp:221] parsePacket(): could not receive data: 9
[ 86878][E][WiFiUdp.cpp:221] parsePacket(): could not receive data: 9
[ 86884][E][WiFiUdp.cpp:221] parsePacket(): could not receive data: 9
[ 86890][E][WiFiUdp.cpp:221] parsePacket(): could not receive data: 9
[ 86896][E][WiFiUdp.cpp:221] parsePacket(): could not receive data: 9
[ 86902][E][WiFiUdp.cpp:221] parsePacket(): could not receive data: 9
[ 86908][E][WiFiUdp.cpp:221] parsePacket(): could not receive data: 9
[ 86914][E][WiFiUdp.cpp:221] parsePacket(): could not receive data: 9
[ 86920][E][WiFiUdp.cpp:221] parsePacket(): could not receive data: 9
[ 86926][E][WiFiUdp.cpp:221] parsePacket(): could not receive data: 9
[ 86932][E][WiFiUdp.cpp:221] parsePacket(): could not receive data: 9
[ 86938][E][WiFiUdp.cpp:221] parsePacket(): could not receive data: 9
[ 86944][E][WiFiUdp.cpp:221] parsePacket(): could not receive data: 9
[ 86950][E][WiFiUdp.cpp:221] parsePacket(): could not receive data: 9
[ 86956][E][WiFiUdp.cpp:221] parsePacket(): could not receive data: 9
[ 86962][E][WiFiUdp.cpp:221] parsePacket(): could not receive data: 9
[ 86968][E][WiFiUdp.cpp:221] parsePacket(): could not receive data: 9
[ 86974][E][WiFiUdp.cpp:221] parsePacket(): could not receive data: 9
[ 86980][E][WiFiUdp.cpp:221] parsePacket(): could not receive data: 9
[ 86986][E][WiFiUdp.cpp:221] parsePacket(): could not receive data: 9
[ 86992][E][WiFiUdp.cpp:221] parsePacket(): could not receive data: 9
[ 86998][E][WiFiUdp.cpp:221] parsePacket(): could not receive data: 9
[ 87004][E][WiFiUdp.cpp:221] parsePacket(): could not receive data: 9
[ 87010][E][WiFiUdp.cpp:221] parsePacket(): could not receive data: 9
[ 87016][E][WiFiUdp.cpp:221] parsePacket(): could not receive data: 9
[ 87022][E][WiFiUdp.cpp:221] parsePacket(): could not receive data: 9
[ 87028][E][WiFiUdp.cpp:221] parsePacket(): could not receive data: 9
[ 87034][E][WiFiUdp.cpp:221] parsePacket(): could not receive data: 9
[ 87040][E][WiFiUdp.cpp:221] parsePacket(): could not receive data: 9
[ 87046][E][WiFiUdp.cpp:221] parsePacket(): could not receive data: 9
[ 87052][E][WiFiUdp.cpp:221] parsePacket(): could not receive data: 9
[ 87058][E][WiFiUdp.cpp:221] parsePacket(): could not receive data: 9
[ 87064][E][WiFiUdp.cpp:221] parsePacket(): could not receive data: 9
[ 87070][E][WiFiUdp.cpp:221] parsePacket(): could not receive data: 9
[ 87076][E][WiFiUdp.cpp:221] parsePacket(): could not receive data: 9
[ 87082][E][WiFiUdp.cpp:221] parsePacket(): could not receive data: 9
[ 87088][E][WiFiUdp.cpp:221] parsePacket(): could not receive data: 9
[ 87094][E][WiFiUdp.cpp:221] parsePacket(): could not receive data: 9
[ 87100][E][WiFiUdp.cpp:221] parsePacket(): could not receive data: 9
[ 87106][E][WiFiUdp.cpp:221] parsePacket(): could not receive data: 9
[ 87112][E][WiFiUdp.cpp:221] parsePacket(): could not receive data: 9
[ 87118][E][WiFiUdp.cpp:221] parsePacket(): could not receive data: 9
[ 87124][E][WiFiUdp.cpp:221] parsePacket(): could not receive data: 9
[ 87130][E][WiFiUdp.cpp:221] parsePacket(): could not receive data: 9
[ 87136][E][WiFiUdp.cpp:221] parsePacket(): could not receive data: 9
[ 87142][E][WiFiUdp.cpp:221] parsePacket(): could not receive data: 9
[ 87148][E][WiFiUdp.cpp:221] parsePacket(): could not receive data: 9
[ 87154][E][WiFiUdp.cpp:221] parsePacket(): could not receive data: 9
[ 87160][E][WiFiUdp.cpp:221] parsePacket(): could not receive data: 9
[ 87166][E][WiFiUdp.cpp:221] parsePacket(): could not receive data: 9
[ 87172][E][WiFiUdp.cpp:221] parsePacket(): could not receive data: 9
[ 87178][E][WiFiUdp.cpp:221] parsePacket(): could not receive data: 9
[ 87184][E][WiFiUdp.cpp:221] parsePacket(): could not receive data: 9
[ 87190][E][WiFiUdp.cpp:221] parsePacket(): could not receive data: 9
[ 87196][E][WiFiUdp.cpp:221] parsePacket(): could not receive data: 9
[ 87202][E][WiFiUdp.cpp:221] parsePacket(): could not receive data: 9
[ 87208][E][WiFiUdp.cpp:221] parsePacket(): could not receive data: 9
[ 87214][E][WiFiUdp.cpp:221] parsePacket(): could not receive data: 9
[ 87220][E][WiFiUdp.cpp:221] parsePacket(): could not receive data: 9
[ 87226][E][WiFiUdp.cpp:221] parsePacket(): could not receive data: 9
[ 87232][E][WiFiUdp.cpp:221] parsePacket(): could not receive data: 9
[ 87238][E][WiFiUdp.cpp:221] parsePacket(): could not receive data: 9
[ 87244][E][WiFiUdp.cpp:221] parsePacket(): could not receive data: 9
[ 87250][E][WiFiUdp.cpp:221] parsePacket(): could not receive data: 9
[ 87256][E][WiFiUdp.cpp:221] parsePacket(): could not receive data: 9
[ 87262][E][WiFiUdp.cpp:221] parsePacket(): could not receive data: 9
[ 87268][E][WiFiUdp.cpp:221] parsePacket(): could not receive data: 9
[ 87274][E][WiFiUdp.cpp:221] parsePacket(): could not receive data: 9
[ 87280][E][WiFiUdp.cpp:221] parsePacket(): could not receive data: 9
[ 87286][E][WiFiUdp.cpp:221] parsePacket(): could not receive data: 9
[ 87292][E][WiFiUdp.cpp:221] parsePacket(): could not receive data: 9
[ 87298][E][WiFiUdp.cpp:221] parsePacket(): could not receive data: 9
[ 87304][E][WiFiUdp.cpp:221] parsePacket(): could not receive data: 9
[ 87310][E][WiFiUdp.cpp:221] parsePacket(): could not receive data: 9
[ 87316][E][WiFiUdp.cpp:221] parsePacket(): could not receive data: 9
[ 87322][E][WiFiUdp.cpp:221] parsePacket(): could not receive data: 9
[ 87328][E][WiFiUdp.cpp:221] parsePacket(): could not receive data: 9
[ 87334][E][WiFiUdp.cpp:221] parsePacket(): could not receive data: 9
[ 87340][E][WiFiUdp.cpp:221] parsePacket(): could not receive data: 9
[ 87346][E][WiFiUdp.cpp:221] parsePacket(): could not receive data: 9
[ 87352][E][WiFiUdp.cpp:221] parsePacket(): could not receive data: 9
[ 87358][E][WiFiUdp.cpp:221] parsePacket(): could not receive data: 9
[ 87364][E][WiFiUdp.cpp:221] parsePacket(): could not receive data: 9
[ 87370][E][WiFiUdp.cpp:221] parsePacket(): could not receive data: 9
[ 87376][E][WiFiUdp.cpp:221] parsePacket(): could not receive data: 9
[ 87381][E][WiFiUdp.cpp:221] parsePacket(): could not receive data: 9
[ 87387][E][WiFiUdp.cpp:221] parsePacket(): could not receive data: 9
[ 87393][E][WiFiUdp.cpp:221] parsePacket(): could not receive data: 9
[ 87400][E][WiFiUdp.cpp:221] parsePacket(): could not receive data: 9
[ 87406][E][WiFiUdp.cpp:221] parsePacket(): could not receive data: 9
[ 87412][E][WiFiUdp.cpp:221] parsePacket(): could not receive data: 9
[ 87418][E][WiFiUdp.cpp:221] parsePacket(): could not receive data: 9
[ 87424][E][WiFiUdp.cpp:221] parsePacket(): could not receive data: 9
[ 87430][E][WiFiUdp.cpp:221] parsePacket(): could not receive data: 9
[ 87436][E][WiFiUdp.cpp:221] parsePacket(): could not receive data: 9
[ 87442][E][WiFiUdp.cpp:221] parsePacket(): could not receive data: 9
[ 87448][E][WiFiUdp.cpp:221] parsePacket(): could not receive data: 9
[ 87454][E][WiFiUdp.cpp:221] parsePacket(): could not receive data: 9
[ 87460][E][WiFiUdp.cpp:221] parsePacket(): could not receive data: 9
[ 87466][E][WiFiUdp.cpp:221] parsePacket(): could not receive data: 9
[ 87472][E][WiFiUdp.cpp:221] parsePacket(): could not receive data: 9
[ 87478][E][WiFiUdp.cpp:221] parsePacket(): could not receive data: 9
[ 87484][E][WiFiUdp.cpp:221] parsePacket(): could not receive data: 9
[ 87490][E][WiFiUdp.cpp:221] parsePacket(): could not receive data: 9
[ 87496][E][WiFiUdp.cpp:221] parsePacket(): could not receive data: 9
[ 87502][E][WiFiUdp.cpp:221] parsePacket(): could not receive data: 9
[ 87508][E][WiFiUdp.cpp:221] parsePacket(): could not receive data: 9
[ 87514][E][WiFiUdp.cpp:221] parsePacket(): could not receive data: 9
[ 87520][E][WiFiUdp.cpp:221] parsePacket(): could not receive data: 9
[ 87526][E][WiFiUdp.cpp:221] parsePacket(): could not receive data: 9
[ 87532][E][WiFiUdp.cpp:221] parsePacket(): could not receive data: 9
[ 87538][E][WiFiUdp.cpp:221] parsePacket(): could not receive data: 9
[ 87544][E][WiFiUdp.cpp:221] parsePacket(): could not receive data: 9
[ 87550][E][WiFiUdp.cpp:221] parsePacket(): could not receive data: 9
[ 87556][E][WiFiUdp.cpp:221] parsePacket(): could not receive data: 9
[ 87562][E][WiFiUdp.cpp:221] parsePacket(): could not receive data: 9
[ 87568][E][WiFiUdp.cpp:221] parsePacket(): could not receive data: 9
[ 87574][E][WiFiUdp.cpp:221] parsePacket(): could not receive data: 9
[ 87580][E][WiFiUdp.cpp:221] parsePacket(): could not receive data: 9
[ 87586][E][WiFiUdp.cpp:221] parsePacket(): could not receive data: 9
[ 87592][E][WiFiUdp.cpp:221] parsePacket(): could not receive data: 9
[ 87598][E][WiFiUdp.cpp:221] parsePacket(): could not receive data: 9
[ 87604][E][WiFiUdp.cpp:221] parsePacket(): could not receive data: 9
[ 87610][E][WiFiUdp.cpp:221] parsePacket(): could not receive data: 9
[ 87616][E][WiFiUdp.cpp:221] parsePacket(): could not receive data: 9
[ 87622][E][WiFiUdp.cpp:221] parsePacket(): could not receive data: 9
[ 87628][E][WiFiUdp.cpp:221] parsePacket(): could not receive data: 9
[ 87634][E][WiFiUdp.cpp:221] parsePacket(): could not receive data: 9
[ 87640][E][WiFiUdp.cpp:221] parsePacket(): could not receive data: 9
[ 87646][E][WiFiUdp.cpp:221] parsePacket(): could not receive data: 9
[ 87652][E][WiFiUdp.cpp:221] parsePacket(): could not receive data: 9
[ 87658][E][WiFiUdp.cpp:221] parsePacket(): could not receive data: 9
[ 87664][E][WiFiUdp.cpp:221] parsePacket(): could not receive data: 9
[ 87670][E][WiFiUdp.cpp:221] parsePacket(): could not receive data: 9
[ 87676][E][WiFiUdp.cpp:221] parsePacket(): could not receive data: 9
[ 87682][E][WiFiUdp.cpp:221] parsePacket(): could not receive data: 9
[ 87688][E][WiFiUdp.cpp:221] parsePacket(): could not receive data: 9
[ 87694][E][WiFiUdp.cpp:221] parsePacket(): could not receive data: 9
[ 87700][E][WiFiUdp.cpp:221] parsePacket(): could not receive data: 9
[ 87706][E][WiFiUdp.cpp:221] parsePacket(): could not receive data: 9
[ 87712][E][WiFiUdp.cpp:221] parsePacket(): could not receive data: 9
[ 87718][E][WiFiUdp.cpp:221] parsePacket(): could not receive data: 9
[ 87724][E][WiFiUdp.cpp:221] parsePacket(): could not receive data: 9
[ 87730][E][WiFiUdp.cpp:221] parsePacket(): could not receive data: 9
[ 87736][E][WiFiUdp.cpp:221] parsePacket(): could not receive data: 9
[ 87742][E][WiFiUdp.cpp:221] parsePacket(): could not receive data: 9
[ 87748][E][WiFiUdp.cpp:221] parsePacket(): could not receive data: 9
[ 87754][E][WiFiUdp.cpp:221] parsePacket(): could not receive data: 9
[QEMU]...auto-reboot suppressed (guest reset wedges QEMU); settings saved
[ 87760][E][WiFiUdp.cpp:221] parsePacket(): could not receive data: 9
[ 87767][E][WiFiUdp.cpp:221] parsePacket(): could not receive data: 9
[ 87773][E][WiFiUdp.cpp:221] parsePacket(): could not receive data: 9
[ 87779][E][WiFiUdp.cpp:221] parsePacket(): could not receive data: 9
[ 87785][E][WiFiUdp.cpp:221] parsePacket(): could not receive data: 9
[ 87791][E][WiFiUdp.cpp:221] parsePacket(): could not receive data: 9
[ 87797][E][WiFiUdp.cpp:221] parsePacket(): could not receive data: 9
[ 87803][E][WiFiUdp.cpp:221] parsePacket(): could not receive data: 9
[ 87809][E][WiFiUdp.cpp:221] parsePacket(): could not receive data: 9
[ 87815][E][WiFiUdp.cpp:221] parsePacket(): could not receive data: 9
[ 87821][E][WiFiUdp.cpp:221] parsePacket(): could not receive data: 9
[ 87827][E][WiFiUdp.cpp:221] parsePacket(): could not receive data: 9
[ 87833][E][WiFiUdp.cpp:221] parsePacket(): could not receive data: 9
[ 87839][E][WiFiUdp.cpp:221] parsePacket(): could not receive data: 9
[ 87845][E][WiFiUdp.cpp:221] parsePacket(): could not receive data: 9
[ 87851][E][WiFiUdp.cpp:221] parsePacket(): could not receive data: 9
[ 87857][E][WiFiUdp.cpp:221] parsePacket(): could not receive data: 9
[ 87863][E][WiFiUdp.cpp:221] parsePacket(): could not receive data: 9
[ 87869][E][WiFiUdp.cpp:221] parsePacket(): could not receive data: 9
[ 87875][E][WiFiUdp.cpp:221] parsePacket(): could not receive data: 9
[ 87881][E][WiFiUdp.cpp:221] parsePacket(): could not receive data: 9
[ 87887][E][WiFiUdp.cpp:221] parsePacket(): could not receive data: 9
[ 87893][E][WiFiUdp.cpp:221] parsePacket(): could not receive data: 9
[ 87899][E][WiFiUdp.cpp:221] parsePacket(): could not receive data: 9
[ 87905][E][WiFiUdp.cpp:221] parsePacket(): could not receive data: 9
[ 87911][E][WiFiUdp.cpp:221] parsePacket(): could not receive data: 9
[ 87917][E][WiFiUdp.cpp:221] parsePacket(): could not receive data: 9
[ 87923][E][WiFiUdp.cpp:221] parsePacket(): could not receive data: 9
[ 87929][E][WiFiUdp.cpp:221] parsePacket(): could not receive data: 9
[ 87935][E][WiFiUdp.cpp:221] parsePacket(): could not receive data: 9
[ 87941][E][WiFiUdp.cpp:221] parsePacket(): could not receive data: 9
[ 87947][E][WiFiUdp.cpp:221] parsePacket(): could not receive data: 9
[ 87953][E][WiFiUdp.cpp:221] parsePacket(): could not receive data: 9
[ 87959][E][WiFiUdp.cpp:221] parsePacket(): could not receive data: 9
[ 87965][E][WiFiUdp.cpp:221] parsePacket(): could not receive data: 9
[ 87971][E][WiFiUdp.cpp:221] parsePacket(): could not receive data: 9
[ 87977][E][WiFiUdp.cpp:221] parsePacket(): could not receive data: 9
[ 87983][E][WiFiUdp.cpp:221] parsePacket(): could not receive data: 9
[ 87989][E][WiFiUdp.cpp:221] parsePacket(): could not receive data: 9
[ 87995][E][WiFiUdp.cpp:221] parsePacket(): could not receive data: 9
[ 88001][E][WiFiUdp.cpp:221] parsePacket(): could not receive data: 9
[ 88007][E][WiFiUdp.cpp:221] parsePacket(): could not receive data: 9
[ 88013][E][WiFiUdp.cpp:221] parsePacket(): could not receive data: 9
[ 88018][E][WiFiUdp.cpp:221] parsePacket(): could not receive data: 9
[ 88024][E][WiFiUdp.cpp:221] parsePacket(): could not receive data: 9
[ 88029][E][WiFiUdp.cpp:221] parsePacket(): could not receive data: 9
[ 88036][E][WiFiUdp.cpp:221] parsePacket(): could not receive data: 9
[ 88042][E][WiFiUdp.cpp:221] parsePacket(): could not receive data: 9
[ 88048][E][WiFiUdp.cpp:221] parsePacket(): could not receive data: 9
[ 88054][E][WiFiUdp.cpp:221] parsePacket(): could not receive data: 9
[ 88060][E][WiFiUdp.cpp:221] parsePacket(): could not receive data: 9
[ 88066][E][WiFiUdp.cpp:221] parsePacket(): could not receive data: 9
[ 88072][E][WiFiUdp.cpp:221] parsePacket(): could not receive data: 9
[ 88078][E][WiFiUdp.cpp:221] parsePacket(): could not receive data: 9
[ 88084][E][WiFiUdp.cpp:221] parsePacket(): could not receive data: 9
[ 88090][E][WiFiUdp.cpp:221] parsePacket(): could not receive data: 9
[ 88096][E][WiFiUdp.cpp:221] parsePacket(): could not receive data: 9
[ 88102][E][WiFiUdp.cpp:221] parsePacket(): could not receive data: 9
[ 88108][E][WiFiUdp.cpp:221] parsePacket(): could not receive data: 9
[ 88114][E][WiFiUdp.cpp:221] parsePacket(): could not receive data: 9
[ 88120][E][WiFiUdp.cpp:221] parsePacket(): could not receive data: 9
[ 88126][E][WiFiUdp.cpp:221] parsePacket(): could not receive data: 9
[ 88132][E][WiFiUdp.cpp:221] parsePacket(): could not receive data: 9
[ 88138][E][WiFiUdp.cpp:221] parsePacket(): could not receive data: 9
[ 88144][E][WiFiUdp.cpp:221] parsePacket(): could not receive data: 9
[ 88150][E][WiFiUdp.cpp:221] parsePacket(): could not receive data: 9
[ 88156][E][WiFiUdp.cpp:221] parsePacket(): could not receive data: 9
[ 88162][E][WiFiUdp.cpp:221] parsePacket(): could not receive data: 9
[ 88168][E][WiFiUdp.cpp:221] parsePacket(): could not receive data: 9
[ 88174][E][WiFiUdp.cpp:221] parsePacket(): could not receive data: 9
[ 88180][E][WiFiUdp.cpp:221] parsePacket(): could not receive data: 9
[ 88186][E][WiFiUdp.cpp:221] parsePacket(): could not receive data: 9
[ 88192][E][WiFiUdp.cpp:221] parsePacket(): could not receive data: 9
[ 88198][E][WiFiUdp.cpp:221] parsePacket(): could not receive data: 9
[ 88204][E][WiFiUdp.cpp:221] parsePacket(): could not receive data: 9
[ 88210][E][WiFiUdp.cpp:221] parsePacket(): could not receive data: 9
[ 88216][E][WiFiUdp.cpp:221] parsePacket(): could not receive data: 9
[ 88222][E][WiFiUdp.cpp:221] parsePacket(): could not receive data: 9
[ 88228][E][WiFiUdp.cpp:221] parsePacket(): could not receive data: 9
[ 88234][E][WiFiUdp.cpp:221] parsePacket(): could not receive data: 9
[ 88240][E][WiFiUdp.cpp:221] parsePacket(): could not receive data: 9
[ 88246][E][WiFiUdp.cpp:221] parsePacket(): could not receive data: 9
[ 88252][E][WiFiUdp.cpp:221] parsePacket(): could not receive data: 9
[ 88258][E][WiFiUdp.cpp:221] parsePacket(): could not receive data: 9
[ 88264][E][WiFiUdp.cpp:221] parsePacket(): could not receive data: 9
[ 88270][E][WiFiUdp.cpp:221] parsePacket(): could not receive data: 9
[ 88276][E][WiFiUdp.cpp:221] parsePacket(): could not receive data: 9
[ 88282][E][WiFiUdp.cpp:221] parsePacket(): could not receive data: 9
[ 88288][E][WiFiUdp.cpp:221] parsePacket(): could not receive data: 9
[ 88294][E][WiFiUdp.cpp:221] parsePacket(): could not receive data: 9
[ 88300][E][WiFiUdp.cpp:221] parsePacket(): could not receive data: 9
[ 88306][E][WiFiUdp.cpp:221] parsePacket(): could not receive data: 9
[ 88312][E][WiFiUdp.cpp:221] parsePacket(): could not receive data: 9
[ 88318][E][WiFiUdp.cpp:221] parsePacket(): could not receive data: 9
[ 88324][E][WiFiUdp.cpp:221] parsePacket(): could not receive data: 9
[ 88330][E][WiFiUdp.cpp:221] parsePacket(): could not receive data: 9
[ 88336][E][WiFiUdp.cpp:221] parsePacket(): could not receive data: 9
[ 88342][E][WiFiUdp.cpp:221] parsePacket(): could not receive data: 9
[ 88348][E][WiFiUdp.cpp:221] parsePacket(): could not receive data: 9
[ 88354][E][WiFiUdp.cpp:221] parsePacket(): could not receive data: 9
[ 88360][E][WiFiUdp.cpp:221] parsePacket(): could not receive data: 9
[ 88366][E][WiFiUdp.cpp:221] parsePacket(): could not receive data: 9
[ 88372][E][WiFiUdp.cpp:221] parsePacket(): could not receive data: 9
[ 88378][E][WiFiUdp.cpp:221] parsePacket(): could not receive data: 9
[ 88384][E][WiFiUdp.cpp:221] parsePacket(): could not receive data: 9
[ 88390][E][WiFiUdp.cpp:221] parsePacket(): could not receive data: 9
[ 88396][E][WiFiUdp.cpp:221] parsePacket(): could not receive data: 9
[ 88402][E][WiFiUdp.cpp:221] parsePacket(): could not receive data: 9
[ 88408][E][WiFiUdp.cpp:221] parsePacket(): could not receive data: 9
[ 88414][E][WiFiUdp.cpp:221] parsePacket(): could not receive data: 9
[ 88420][E][WiFiUdp.cpp:221] parsePacket(): could not receive data: 9
[ 88426][E][WiFiUdp.cpp:221] parsePacket(): could not receive data: 9
[ 88432][E][WiFiUdp.cpp:221] parsePacket(): could not receive data: 9
[ 88438][E][WiFiUdp.cpp:221] parsePacket(): could not receive data: 9
[ 88444][E][WiFiUdp.cpp:221] parsePacket(): could not receive data: 9
[ 88450][E][WiFiUdp.cpp:221] parsePacket(): could not receive data: 9
[ 88456][E][WiFiUdp.cpp:221] parsePacket(): could not receive data: 9
[ 88462][E][WiFiUdp.cpp:221] parsePacket(): could not receive data: 9
[ 88468][E][WiFiUdp.cpp:221] parsePacket(): could not receive data: 9
[ 88474][E][WiFiUdp.cpp:221] parsePacket(): could not receive data: 9
[ 88480][E][WiFiUdp.cpp:221] parsePacket(): could not receive data: 9
[ 88486][E][WiFiUdp.cpp:221] parsePacket(): could not receive data: 9
[ 88492][E][WiFiUdp.cpp:221] parsePacket(): could not receive data: 9
[ 88498][E][WiFiUdp.cpp:221] parsePacket(): could not receive data: 9
[ 88504][E][WiFiUdp.cpp:221] parsePacket(): could not receive data: 9
[ 88510][E][WiFiUdp.cpp:221] parsePacket(): could not receive data: 9
[ 88516][E][WiFiUdp.cpp:221] parsePacket(): could not receive data: 9
[ 88522][E][WiFiUdp.cpp:221] parsePacket(): could not receive data: 9
[ 88528][E][WiFiUdp.cpp:221] parsePacket(): could not receive data: 9
[ 88534][E][WiFiUdp.cpp:221] parsePacket(): could not receive data: 9
[ 88540][E][WiFiUdp.cpp:221] parsePacket(): could not receive data: 9
[ 88546][E][WiFiUdp.cpp:221] parsePacket(): could not receive data: 9
[ 88552][E][WiFiUdp.cpp:221] parsePacket(): could not receive data: 9
[ 88558][E][WiFiUdp.cpp:221] parsePacket(): could not receive data: 9
[ 88564][E][WiFiUdp.cpp:221] parsePacket(): could not receive data: 9
[ 88570][E][WiFiUdp.cpp:221] parsePacket(): could not receive data: 9
[ 88576][E][WiFiUdp.cpp:221] parsePacket(): could not receive data: 9
[ 88582][E][WiFiUdp.cpp:221] parsePacket(): could not receive data: 9
[ 88588][E][WiFiUdp.cpp:221] parsePacket(): could not receive data: 9
[ 88594][E][WiFiUdp.cpp:221] parsePacket(): could not receive data: 9
[ 88600][E][WiFiUdp.cpp:221] parsePacket(): could not receive data: 9
[ 88606][E][WiFiUdp.cpp:221] parsePacket(): could not receive data: 9
[ 88612][E][WiFiUdp.cpp:221] parsePacket(): could not receive data: 9
[ 88618][E][WiFiUdp.cpp:221] parsePacket(): could not receive data: 9
[ 88624][E][WiFiUdp.cpp:221] parsePacket(): could not receive data: 9
[ 88630][E][WiFiUdp.cpp:221] parsePacket(): could not receive data: 9
[ 88636][E][WiFiUdp.cpp:221] parsePacket(): could not receive data: 9
[ 88642][E][WiFiUdp.cpp:221] parsePacket(): could not receive data: 9
[ 88648][E][WiFiUdp.cpp:221] parsePacket(): could not receive data: 9
[ 88654][E][WiFiUdp.cpp:221] parsePacket(): could not receive data: 9
[ 88660][E][WiFiUdp.cpp:221] parsePacket(): could not receive data: 9
[ 88666][E][WiFiUdp.cpp:221] parsePacket(): could not receive data: 9
[ 88672][E][WiFiUdp.cpp:221] parsePacket(): could not receive data: 9
[ 88678][E][WiFiUdp.cpp:221] parsePacket(): could not receive data: 9
[ 88684][E][WiFiUdp.cpp:221] parsePacket(): could not receive data: 9
[ 88690][E][WiFiUdp.cpp:221] parsePacket(): could not receive data: 9
[ 88696][E][WiFiUdp.cpp:221] parsePacket(): could not receive data: 9
[ 88702][E][WiFiUdp.cpp:221] parsePacket(): could not receive data: 9
[ 88708][E][WiFiUdp.cpp:221] parsePacket(): could not receive data: 9
[ 88714][E][WiFiUdp.cpp:221] parsePacket(): could not receive data: 9
[ 88720][E][WiFiUdp.cpp:221] parsePacket(): could not receive data: 9
[ 88726][E][WiFiUdp.cpp:221] parsePacket(): could not receive data: 9
[ 88732][E][WiFiUdp.cpp:221] parsePacket(): could not receive data: 9
[ 88738][E][WiFiUdp.cpp:221] parsePacket(): could not receive data: 9
[ 88744][E][WiFiUdp.cpp:221] parsePacket(): could not receive data: 9
[ 88750][E][WiFiUdp.cpp:221] parsePacket(): could not receive data: 9
[ 88756][E][WiFiUdp.cpp:221] parsePacket(): could not receive data: 9
[ 88762][E][WiFiUdp.cpp:221] parsePacket(): could not receive data: 9
[ 88768][E][WiFiUdp.cpp:221] parsePacket(): could not receive data: 9
[ 88774][E][WiFiUdp.cpp:221] parsePacket(): could not receive data: 9
[ 88780][E][WiFiUdp.cpp:221] parsePacket(): could not receive data: 9
[ 88786][E][WiFiUdp.cpp:221] parsePacket(): could not receive data: 9
[ 88792][E][WiFiUdp.cpp:221] parsePacket(): could not receive data: 9
[ 88798][E][WiFiUdp.cpp:221] parsePacket(): could not receive data: 9
[ 88804][E][WiFiUdp.cpp:221] parsePacket(): could not receive data: 9
[ 88810][E][WiFiUdp.cpp:221] parsePacket(): could not receive data: 9
[ 88816][E][WiFiUdp.cpp:221] parsePacket(): could not receive data: 9
[ 88822][E][WiFiUdp.cpp:221] parsePacket(): could not receive data: 9
[ 88828][E][WiFiUdp.cpp:221] parsePacket(): could not receive data: 9
[ 88834][E][WiFiUdp.cpp:221] parsePacket(): could not receive data: 9
[ 88840][E][WiFiUdp.cpp:221] parsePacket(): could not receive data: 9
[ 88846][E][WiFiUdp.cpp:221] parsePacket(): could not receive data: 9
[ 88852][E][WiFiUdp.cpp:221] parsePacket(): could not receive data: 9
[ 88858][E][WiFiUdp.cpp:221] parsePacket(): could not receive data: 9
[ 88864][E][WiFiUdp.cpp:221] parsePacket(): could not receive data: 9
[ 88870][E][WiFiUdp.cpp:221] parsePacket(): could not receive data: 9
[ 88876][E][WiFiUdp.cpp:221] parsePacket(): could not receive data: 9
[ 88882][E][WiFiUdp.cpp:221] parsePacket(): could not receive data: 9
[ 88888][E][WiFiUdp.cpp:221] parsePacket(): could not receive data: 9
[ 88894][E][WiFiUdp.cpp:221] parsePacket(): could not receive data: 9
[ 88900][E][WiFiUdp.cpp:221] parsePacket(): could not receive data: 9
[ 88906][E][WiFiUdp.cpp:221] parsePacket(): could not receive data: 9
[ 88912][E][WiFiUdp.cpp:221] parsePacket(): could not receive data: 9
[ 88918][E][WiFiUdp.cpp:221] parsePacket(): could not receive data: 9
[ 88924][E][WiFiUdp.cpp:221] parsePacket(): could not receive data: 9
[ 88930][E][WiFiUdp.cpp:221] parsePacket(): could not receive data: 9
[ 88936][E][WiFiUdp.cpp:221] parsePacket(): could not receive data: 9
[ 88942][E][WiFiUdp.cpp:221] parsePacket(): could not receive data: 9
[ 88948][E][WiFiUdp.cpp:221] parsePacket(): could not receive data: 9
[ 88954][E][WiFiUdp.cpp:221] parsePacket(): could not receive data: 9
[ 88960][E][WiFiUdp.cpp:221] parsePacket(): could not receive data: 9
[ 88966][E][WiFiUdp.cpp:221] parsePacket(): could not receive data: 9
[ 88972][E][WiFiUdp.cpp:221] parsePacket(): could not receive data: 9
[ 88978][E][WiFiUdp.cpp:221] parsePacket(): could not receive data: 9
[ 88984][E][WiFiUdp.cpp:221] parsePacket(): could not receive data: 9
[ 88990][E][WiFiUdp.cpp:221] parsePacket(): could not receive data: 9
[ 88996][E][WiFiUdp.cpp:221] parsePacket(): could not receive data: 9
[ 89002][E][WiFiUdp.cpp:221] parsePacket(): could not receive data: 9
[ 89008][E][WiFiUdp.cpp:221] parsePacket(): could not receive data: 9
[ 89014][E][WiFiUdp.cpp:221] parsePacket(): could not receive data: 9
[ 89020][E][WiFiUdp.cpp:221] parsePacket(): could not receive data: 9
[ 89026][E][WiFiUdp.cpp:221] parsePacket(): could not receive data: 9
[ 89032][E][WiFiUdp.cpp:221] parsePacket(): could not receive data: 9
[ 89038][E][WiFiUdp.cpp:221] parsePacket(): could not receive data: 9
[ 89044][E][WiFiUdp.cpp:221] parsePacket(): could not receive data: 9
[ 89050][E][WiFiUdp.cpp:221] parsePacket(): could not receive data: 9
[ 89056][E][WiFiUdp.cpp:221] parsePacket(): could not receive data: 9
[ 89062][E][WiFiUdp.cpp:221] parsePacket(): could not receive data: 9
[ 89068][E][WiFiUdp.cpp:221] parsePacket(): could not receive data: 9
[ 89074][E][WiFiUdp.cpp:221] parsePacket(): could not receive data: 9
[ 89080][E][WiFiUdp.cpp:221] parsePacket(): could not receive data: 9
[ 89086][E][WiFiUdp.cpp:221] parsePacket(): could not receive data: 9
[ 89092][E][WiFiUdp.cpp:221] parsePacket(): could not receive data: 9
[ 89098][E][WiFiUdp.cpp:221] parsePacket(): could not receive data: 9
[ 89104][E][WiFiUdp.cpp:221] parsePacket(): could not receive data: 9
[ 89110][E][WiFiUdp.cpp:221] parsePacket(): could not receive data: 9
[ 89116][E][WiFiUdp.cpp:221] parsePacket(): could not receive data: 9
[ 89122][E][WiFiUdp.cpp:221] parsePacket(): could not receive data: 9
[ 89128][E][WiFiUdp.cpp:221] parsePacket(): could not receive data: 9
[ 89134][E][WiFiUdp.cpp:221] parsePacket(): could not receive data: 9
[ 89140][E][WiFiUdp.cpp:221] parsePacket(): could not receive data: 9
[ 89146][E][WiFiUdp.cpp:221] parsePacket(): could not receive data: 9
[ 89152][E][WiFiUdp.cpp:221] parsePacket(): could not receive data: 9
[ 89158][E][WiFiUdp.cpp:221] parsePacket(): could not receive data: 9
[ 89164][E][WiFiUdp.cpp:221] parsePacket(): could not receive data: 9
[ 89170][E][WiFiUdp.cpp:221] parsePacket(): could not receive data: 9
[ 89176][E][WiFiUdp.cpp:221] parsePacket(): could not receive data: 9
[ 89182][E][WiFiUdp.cpp:221] parsePacket(): could not receive data: 9
[ 89188][E][WiFiUdp.cpp:221] parsePacket(): could not receive data: 9
[ 89194][E][WiFiUdp.cpp:221] parsePacket(): could not receive data: 9
[ 89200][E][WiFiUdp.cpp:221] parsePacket(): could not receive data: 9
[ 89206][E][WiFiUdp.cpp:221] parsePacket(): could not receive data: 9
[ 89212][E][WiFiUdp.cpp:221] parsePacket(): could not receive data: 9
[ 89218][E][WiFiUdp.cpp:221] parsePacket(): could not receive data: 9
[ 89224][E][WiFiUdp.cpp:221] parsePacket(): could not receive data: 9
[ 89230][E][WiFiUdp.cpp:221] parsePacket(): could not receive data: 9
[ 89236][E][WiFiUdp.cpp:221] parsePacket(): could not receive data: 9
[ 89242][E][WiFiUdp.cpp:221] parsePacket(): could not receive data: 9
[ 89248][E][WiFiUdp.cpp:221] parsePacket(): could not receive data: 9
[ 89254][E][WiFiUdp.cpp:221] parsePacket(): could not receive data: 9
[ 89260][E][WiFiUdp.cpp:221] parsePacket(): could not receive data: 9
[ 89266][E][WiFiUdp.cpp:221] parsePacket(): could not receive data: 9
[ 89272][E][WiFiUdp.cpp:221] parsePacket(): could not receive data: 9
[ 89278][E][WiFiUdp.cpp:221] parsePacket(): could not receive data: 9
[ 89284][E][WiFiUdp.cpp:221] parsePacket(): could not receive data: 9
[ 89290][E][WiFiUdp.cpp:221] parsePacket(): could not receive data: 9
[ 89296][E][WiFiUdp.cpp:221] parsePacket(): could not receive data: 9
[ 89302][E][WiFiUdp.cpp:221] parsePacket(): could not receive data: 9
[ 89308][E][WiFiUdp.cpp:221] parsePacket(): could not receive data: 9
[ 89314][E][WiFiUdp.cpp:221] parsePacket(): could not receive data: 9
[ 89320][E][WiFiUdp.cpp:221] parsePacket(): could not receive data: 9
[ 89326][E][WiFiUdp.cpp:221] parsePacket(): could not receive data: 9
[ 89332][E][WiFiUdp.cpp:221] parsePacket(): could not receive data: 9
[ 89338][E][WiFiUdp.cpp:221] parsePacket(): could not receive data: 9
[ 89344][E][WiFiUdp.cpp:221] parsePacket(): could not receive data: 9
[ 89350][E][WiFiUdp.cpp:221] parsePacket(): could not receive data: 9
[ 89356][E][WiFiUdp.cpp:221] parsePacket(): could not receive data: 9
[ 89362][E][WiFiUdp.cpp:221] parsePacket(): could not receive data: 9
[ 89368][E][WiFiUdp.cpp:221] parsePacket(): could not receive data: 9
[ 89374][E][WiFiUdp.cpp:221] parsePacket(): could not receive data: 9
[ 89380][E][WiFiUdp.cpp:221] parsePacket(): could not receive data: 9
[ 89386][E][WiFiUdp.cpp:221] parsePacket(): could not receive data: 9
[ 89392][E][WiFiUdp.cpp:221] parsePacket(): could not receive data: 9
[ 89398][E][WiFiUdp.cpp:221] parsePacket(): could not receive data: 9
[ 89404][E][WiFiUdp.cpp:221] parsePacket(): could not receive data: 9
[ 89410][E][WiFiUdp.cpp:221] parsePacket(): could not receive data: 9
[ 89416][E][WiFiUdp.cpp:221] parsePacket(): could not receive data: 9
[ 89422][E][WiFiUdp.cpp:221] parsePacket(): could not receive data: 9
[ 89428][E][WiFiUdp.cpp:221] parsePacket(): could not receive data: 9
[ 89434][E][WiFiUdp.cpp:221] parsePacket(): could not receive data: 9
[ 89440][E][WiFiUdp.cpp:221] parsePacket(): could not receive data: 9
[ 89446][E][WiFiUdp.cpp:221] parsePacket(): could not receive data: 9
[ 89452][E][WiFiUdp.cpp:221] parsePacket(): could not receive data: 9
[ 89458][E][WiFiUdp.cpp:221] parsePacket(): could not receive data: 9
[ 89464][E][WiFiUdp.cpp:221] parsePacket(): could not receive data: 9
[ 89470][E][WiFiUdp.cpp:221] parsePacket(): could not receive data: 9
[ 89476][E][WiFiUdp.cpp:221] parsePacket(): could not receive data: 9
[ 89482][E][WiFiUdp.cpp:221] parsePacket(): could not receive data: 9
[ 89488][E][WiFiUdp.cpp:221] parsePacket(): could not receive data: 9
[ 89494][E][WiFiUdp.cpp:221] parsePacket(): could not receive data: 9
[ 89500][E][WiFiUdp.cpp:221] parsePacket(): could not receive data: 9
[ 89506][E][WiFiUdp.cpp:221] parsePacket(): could not receive data: 9
[ 89512][E][WiFiUdp.cpp:221] parsePacket(): could not receive data: 9
[ 89518][E][WiFiUdp.cpp:221] parsePacket(): could not receive data: 9
[ 89524][E][WiFiUdp.cpp:221] parsePacket(): could not receive data: 9
[ 89530][E][WiFiUdp.cpp:221] parsePacket(): could not receive data: 9
[ 89536][E][WiFiUdp.cpp:221] parsePacket(): could not receive data: 9
[ 89542][E][WiFiUdp.cpp:221] parsePacket(): could not receive data: 9
[ 89548][E][WiFiUdp.cpp:221] parsePacket(): could not receive data: 9
[ 89554][E][WiFiUdp.cpp:221] parsePacket(): could not receive data: 9
[ 89560][E][WiFiUdp.cpp:221] parsePacket(): could not receive data: 9
[ 89566][E][WiFiUdp.cpp:221] parsePacket(): could not receive data: 9
[ 89572][E][WiFiUdp.cpp:221] parsePacket(): could not receive data: 9
[ 89578][E][WiFiUdp.cpp:221] parsePacket(): could not receive data: 9
[ 89584][E][WiFiUdp.cpp:221] parsePacket(): could not receive data: 9
[ 89590][E][WiFiUdp.cpp:221] parsePacket(): could not receive data: 9
[ 89596][E][WiFiUdp.cpp:221] parsePacket(): could not receive data: 9
[ 89602][E][WiFiUdp.cpp:221] parsePacket(): could not receive data: 9
[ 89608][E][WiFiUdp.cpp:221] parsePacket(): could not receive data: 9
[ 89614][E][WiFiUdp.cpp:221] parsePacket(): could not receive data: 9
[ 89620][E][WiFiUdp.cpp:221] parsePacket(): could not receive data: 9
[ 89626][E][WiFiUdp.cpp:221] parsePacket(): could not receive data: 9
[ 89632][E][WiFiUdp.cpp:221] parsePacket(): could not receive data: 9
[ 89638][E][WiFiUdp.cpp:221] parsePacket(): could not receive data: 9
[ 89644][E][WiFiUdp.cpp:221] parsePacket(): could not receive data: 9
[ 89650][E][WiFiUdp.cpp:221] parsePacket(): could not receive data: 9
[ 89656][E][WiFiUdp.cpp:221] parsePacket(): could not receive data: 9
[ 89662][E][WiFiUdp.cpp:221] parsePacket(): could not receive data: 9
[ 89668][E][WiFiUdp.cpp:221] parsePacket(): could not receive data: 9
[ 89674][E][WiFiUdp.cpp:221] parsePacket(): could not receive data: 9
[ 89680][E][WiFiUdp.cpp:221] parsePacket(): could not receive data: 9
[ 89686][E][WiFiUdp.cpp:221] parsePacket(): could not receive data: 9
[ 89692][E][WiFiUdp.cpp:221] parsePacket(): could not receive data: 9
[ 89698][E][WiFiUdp.cpp:221] parsePacket(): could not receive data: 9
[ 89704][E][WiFiUdp.cpp:221] parsePacket(): could not receive data: 9
[ 89710][E][WiFiUdp.cpp:221] parsePacket(): could not receive data: 9
[ 89716][E][WiFiUdp.cpp:221] parsePacket(): could not receive data: 9
[ 89722][E][WiFiUdp.cpp:221] parsePacket(): could not receive data: 9
[ 89728][E][WiFiUdp.cpp:221] parsePacket(): could not receive data: 9
[ 89734][E][WiFiUdp.cpp:221] parsePacket(): could not receive data: 9
[ 89740][E][WiFiUdp.cpp:221] parsePacket(): could not receive data: 9
[ 89746][E][WiFiUdp.cpp:221] parsePacket(): could not receive data: 9
[ 89752][E][WiFiUdp.cpp:221] parsePacket(): could not receive data: 9
[ 89758][E][WiFiUdp.cpp:221] parsePacket(): could not receive data: 9
[ 89764][E][WiFiUdp.cpp:221] parsePacket(): could not receive data: 9
[ 89770][E][WiFiUdp.cpp:221] parsePacket(): could not receive data: 9
[ 89776][E][WiFiUdp.cpp:221] parsePacket(): could not receive data: 9
[ 89782][E][WiFiUdp.cpp:221] parsePacket(): could not receive data: 9
[ 89788][E][WiFiUdp.cpp:221] parsePacket(): could not receive data: 9
[ 89794][E][WiFiUdp.cpp:221] parsePacket(): could not receive data: 9
[ 89800][E][WiFiUdp.cpp:221] parsePacket(): could not receive data: 9
[ 89806][E][WiFiUdp.cpp:221] parsePacket(): could not receive data: 9
[ 89812][E][WiFiUdp.cpp:221] parsePacket(): could not receive data: 9
[ 89818][E][WiFiUdp.cpp:221] parsePacket(): could not receive data: 9
[ 89824][E][WiFiUdp.cpp:221] parsePacket(): could not receive data: 9
[ 89830][E][WiFiUdp.cpp:221] parsePacket(): could not receive data: 9
[ 89836][E][WiFiUdp.cpp:221] parsePacket(): could not receive data: 9
[ 89842][E][WiFiUdp.cpp:221] parsePacket(): could not receive data: 9
[ 89848][E][WiFiUdp.cpp:221] parsePacket(): could not receive data: 9
[ 89854][E][WiFiUdp.cpp:221] parsePacket(): could not receive data: 9
[ 89860][E][WiFiUdp.cpp:221] parsePacket(): could not receive data: 9
[ 89866][E][WiFiUdp.cpp:221] parsePacket(): could not receive data: 9
[ 89872][E][WiFiUdp.cpp:221] parsePacket(): could not receive data: 9
[ 89878][E][WiFiUdp.cpp:221] parsePacket(): could not receive data: 9
[ 89884][E][WiFiUdp.cpp:221] parsePacket(): could not receive data: 9
[ 89890][E][WiFiUdp.cpp:221] parsePacket(): could not receive data: 9
[ 89896][E][WiFiUdp.cpp:221] parsePacket(): could not receive data: 9
[ 89902][E][WiFiUdp.cpp:221] parsePacket(): could not receive data: 9
[ 89908][E][WiFiUdp.cpp:221] parsePacket(): could not receive data: 9
[ 89914][E][WiFiUdp.cpp:221] parsePacket(): could not receive data: 9
[ 89920][E][WiFiUdp.cpp:221] parsePacket(): could not receive data: 9
[ 89926][E][WiFiUdp.cpp:221] parsePacket(): could not receive data: 9
[ 89932][E][WiFiUdp.cpp:221] parsePacket(): could not receive data: 9
[ 89938][E][WiFiUdp.cpp:221] parsePacket(): could not receive data: 9
[ 89944][E][WiFiUdp.cpp:221] parsePacket(): could not receive data: 9
[ 89950][E][WiFiUdp.cpp:221] parsePacket(): could not receive data: 9
[ 89956][E][WiFiUdp.cpp:221] parsePacket(): could not receive data: 9
[ 89962][E][WiFiUdp.cpp:221] parsePacket(): could not receive data: 9
[ 89968][E][WiFiUdp.cpp:221] parsePacket(): could not receive data: 9
[ 89974][E][WiFiUdp.cpp:221] parsePacket(): could not receive data: 9
[ 89980][E][WiFiUdp.cpp:221] parsePacket(): could not receive data: 9
[ 89986][E][WiFiUdp.cpp:221] parsePacket(): could not receive data: 9
[ 89992][E][WiFiUdp.cpp:221] parsePacket(): could not receive data: 9
[ 89998][E][WiFiUdp.cpp:221] parsePacket(): could not receive data: 9
[ 90004][E][WiFiUdp.cpp:221] parsePacket(): could not receive data: 9
[ 90010][E][WiFiUdp.cpp:221] parsePacket(): could not receive data: 9
[ 90015][E][WiFiUdp.cpp:221] parsePacket(): could not receive data: 9
[ 90021][E][WiFiUdp.cpp:221] parsePacket(): could not receive data: 9
[ 90027][E][WiFiUdp.cpp:221] parsePacket(): could not receive data: 9
[ 90033][E][WiFiUdp.cpp:221] parsePacket(): could not receive data: 9
[ 90039][E][WiFiUdp.cpp:221] parsePacket(): could not receive data: 9
[ 90045][E][WiFiUdp.cpp:221] parsePacket(): could not receive data: 9
[ 90051][E][WiFiUdp.cpp:221] parsePacket(): could not receive data: 9
[ 90057][E][WiFiUdp.cpp:221] parsePacket(): could not receive data: 9
[ 90063][E][WiFiUdp.cpp:221] parsePacket(): could not receive data: 9
[ 90069][E][WiFiUdp.cpp:221] parsePacket(): could not receive data: 9
[ 90075][E][WiFiUdp.cpp:221] parsePacket(): could not receive data: 9
[ 90081][E][WiFiUdp.cpp:221] parsePacket(): could not receive data: 9
[ 90087][E][WiFiUdp.cpp:221] parsePacket(): could not receive data: 9
[ 90093][E][WiFiUdp.cpp:221] parsePacket(): could not receive data: 9
[ 90099][E][WiFiUdp.cpp:221] parsePacket(): could not receive data: 9
[ 90105][E][WiFiUdp.cpp:221] parsePacket(): could not receive data: 9
[ 90111][E][WiFiUdp.cpp:221] parsePacket(): could not receive data: 9
[ 90117][E][WiFiUdp.cpp:221] parsePacket(): could not receive data: 9
[ 90123][E][WiFiUdp.cpp:221] parsePacket(): could not receive data: 9
[ 90129][E][WiFiUdp.cpp:221] parsePacket(): could not receive data: 9
[ 90135][E][WiFiUdp.cpp:221] parsePacket(): could not receive data: 9
[ 90141][E][WiFiUdp.cpp:221] parsePacket(): could not receive data: 9
[ 90147][E][WiFiUdp.cpp:221] parsePacket(): could not receive data: 9
[ 90153][E][WiFiUdp.cpp:221] parsePacket(): could not receive data: 9
[ 90159][E][WiFiUdp.cpp:221] parsePacket(): could not receive data: 9
[ 90165][E][WiFiUdp.cpp:221] parsePacket(): could not receive data: 9
[ 90171][E][WiFiUdp.cpp:221] parsePacket(): could not receive data: 9
[ 90177][E][WiFiUdp.cpp:221] parsePacket(): could not receive data: 9
[ 90183][E][WiFiUdp.cpp:221] parsePacket(): could not receive data: 9
[ 90189][E][WiFiUdp.cpp:221] parsePacket(): could not receive data: 9
[ 90195][E][WiFiUdp.cpp:221] parsePacket(): could not receive data: 9
[ 90201][E][WiFiUdp.cpp:221] parsePacket(): could not receive data: 9
[ 90207][E][WiFiUdp.cpp:221] parsePacket(): could not receive data: 9
[ 90213][E][WiFiUdp.cpp:221] parsePacket(): could not receive data: 9
[ 90219][E][WiFiUdp.cpp:221] parsePacket(): could not receive data: 9
[ 90225][E][WiFiUdp.cpp:221] parsePacket(): could not receive data: 9
[ 90231][E][WiFiUdp.cpp:221] parsePacket(): could not receive data: 9
[ 90237][E][WiFiUdp.cpp:221] parsePacket(): could not receive data: 9
[ 90243][E][WiFiUdp.cpp:221] parsePacket(): could not receive data: 9
[ 90249][E][WiFiUdp.cpp:221] parsePacket(): could not receive data: 9
[ 90255][E][WiFiUdp.cpp:221] parsePacket(): could not receive data: 9
[ 90261][E][WiFiUdp.cpp:221] parsePacket(): could not receive data: 9
[ 90267][E][WiFiUdp.cpp:221] parsePacket(): could not receive data: 9
[ 90273][E][WiFiUdp.cpp:221] parsePacket(): could not receive data: 9
[ 90279][E][WiFiUdp.cpp:221] parsePacket(): could not receive data: 9
[ 90285][E][WiFiUdp.cpp:221] parsePacket(): could not receive data: 9
[ 90290][E][WiFiUdp.cpp:221] parsePacket(): could not receive data: 9
[ 90297][E][WiFiUdp.cpp:221] parsePacket(): could not receive data: 9
[ 90303][E][WiFiUdp.cpp:221] parsePacket(): could not receive data: 9
[ 90309][E][WiFiUdp.cpp:221] parsePacket(): could not receive data: 9
[ 90314][E][WiFiUdp.cpp:221] parsePacket(): could not receive data: 9
[ 90321][E][WiFiUdp.cpp:221] parsePacket(): could not receive data: 9
[ 90327][E][WiFiUdp.cpp:221] parsePacket(): could not receive data: 9
[ 90333][E][WiFiUdp.cpp:221] parsePacket(): could not receive data: 9
[ 90339][E][WiFiUdp.cpp:221] parsePacket(): could not receive data: 9
[ 90345][E][WiFiUdp.cpp:221] parsePacket(): could not receive data: 9
[ 90351][E][WiFiUdp.cpp:221] parsePacket(): could not receive data: 9
[ 90357][E][WiFiUdp.cpp:221] parsePacket(): could not receive data: 9
[ 90363][E][WiFiUdp.cpp:221] parsePacket(): could not receive data: 9
[ 90369][E][WiFiUdp.cpp:221] parsePacket(): could not receive data: 9
[ 90375][E][WiFiUdp.cpp:221] parsePacket(): could not receive data: 9
[ 90381][E][WiFiUdp.cpp:221] parsePacket(): could not receive data: 9
[ 90387][E][WiFiUdp.cpp:221] parsePacket(): could not receive data: 9
[ 90393][E][WiFiUdp.cpp:221] parsePacket(): could not receive data: 9
[ 90399][E][WiFiUdp.cpp:221] parsePacket(): could not receive data: 9
[ 90405][E][WiFiUdp.cpp:221] parsePacket(): could not receive data: 9
[ 90411][E][WiFiUdp.cpp:221] parsePacket(): could not receive data: 9
[ 90417][E][WiFiUdp.cpp:221] parsePacket(): could not receive data: 9
[ 90423][E][WiFiUdp.cpp:221] parsePacket(): could not receive data: 9
[ 90429][E][WiFiUdp.cpp:221] parsePacket(): could not receive data: 9
[ 90435][E][WiFiUdp.cpp:221] parsePacket(): could not receive data: 9
[ 90441][E][WiFiUdp.cpp:221] parsePacket(): could not receive data: 9
[ 90447][E][WiFiUdp.cpp:221] parsePacket(): could not receive data: 9
[ 90453][E][WiFiUdp.cpp:221] parsePacket(): could not receive data: 9
[ 90459][E][WiFiUdp.cpp:221] parsePacket(): could not receive data: 9
[ 90465][E][WiFiUdp.cpp:221] parsePacket(): could not receive data: 9
[ 90471][E][WiFiUdp.cpp:221] parsePacket(): could not receive data: 9
[ 90477][E][WiFiUdp.cpp:221] parsePacket(): could not receive data: 9
[ 90483][E][WiFiUdp.cpp:221] parsePacket(): could not receive data: 9
[ 90489][E][WiFiUdp.cpp:221] parsePacket(): could not receive data: 9
[ 90495][E][WiFiUdp.cpp:221] parsePacket(): could not receive data: 9
[ 90501][E][WiFiUdp.cpp:221] parsePacket(): could not receive data: 9
[ 90507][E][WiFiUdp.cpp:221] parsePacket(): could not receive data: 9
[ 90513][E][WiFiUdp.cpp:221] parsePacket(): could not receive data: 9
[ 90519][E][WiFiUdp.cpp:221] parsePacket(): could not receive data: 9
[ 90525][E][WiFiUdp.cpp:221] parsePacket(): could not receive data: 9
[ 90531][E][WiFiUdp.cpp:221] parsePacket(): could not receive data: 9
[ 90537][E][WiFiUdp.cpp:221] parsePacket(): could not receive data: 9
[ 90543][E][WiFiUdp.cpp:221] parsePacket(): could not receive data: 9
[ 90549][E][WiFiUdp.cpp:221] parsePacket(): could not receive data: 9
[ 90555][E][WiFiUdp.cpp:221] parsePacket(): could not receive data: 9
[ 90561][E][WiFiUdp.cpp:221] parsePacket(): could not receive data: 9
[ 90567][E][WiFiUdp.cpp:221] parsePacket(): could not receive data: 9
[ 90573][E][WiFiUdp.cpp:221] parsePacket(): could not receive data: 9
[ 90579][E][WiFiUdp.cpp:221] parsePacket(): could not receive data: 9
[ 90585][E][WiFiUdp.cpp:221] parsePacket(): could not receive data: 9
[ 90591][E][WiFiUdp.cpp:221] parsePacket(): could not receive data: 9
[ 90597][E][WiFiUdp.cpp:221] parsePacket(): could not receive data: 9
[ 90603][E][WiFiUdp.cpp:221] parsePacket(): could not receive data: 9
[ 90609][E][WiFiUdp.cpp:221] parsePacket(): could not receive data: 9
[ 90615][E][WiFiUdp.cpp:221] parsePacket(): could not receive data: 9
[ 90621][E][WiFiUdp.cpp:221] parsePacket(): could not receive data: 9
[ 90627][E][WiFiUdp.cpp:221] parsePacket(): could not receive data: 9
[ 90633][E][WiFiUdp.cpp:221] parsePacket(): could not receive data: 9
[ 90639][E][WiFiUdp.cpp:221] parsePacket(): could not receive data: 9
[ 90645][E][WiFiUdp.cpp:221] parsePacket(): could not receive data: 9
[ 90651][E][WiFiUdp.cpp:221] parsePacket(): could not receive data: 9
[ 90657][E][WiFiUdp.cpp:221] parsePacket(): could not receive data: 9
[ 90663][E][WiFiUdp.cpp:221] parsePacket(): could not receive data: 9
[ 90670][E][WiFiUdp.cpp:221] parsePacket(): could not receive data: 9
[ 90677][E][WiFiUdp.cpp:221] parsePacket(): could not receive data: 9
[ 90683][E][WiFiUdp.cpp:221] parsePacket(): could not receive data: 9
[ 90689][E][WiFiUdp.cpp:221] parsePacket(): could not receive data: 9
[ 90695][E][WiFiUdp.cpp:221] parsePacket(): could not receive data: 9
[ 90701][E][WiFiUdp.cpp:221] parsePacket(): could not receive data: 9
[ 90707][E][WiFiUdp.cpp:221] parsePacket(): could not receive data: 9
[ 90713][E][WiFiUdp.cpp:221] parsePacket(): could not receive data: 9
[ 90719][E][WiFiUdp.cpp:221] parsePacket(): could not receive data: 9
[ 90725][E][WiFiUdp.cpp:221] parsePacket(): could not receive data: 9
[ 90731][E][WiFiUdp.cpp:221] parsePacket(): could not receive data: 9
[ 90737][E][WiFiUdp.cpp:221] parsePacket(): could not receive data: 9
[ 90743][E][WiFiUdp.cpp:221] parsePacket(): could not receive data: 9
[ 90749][E][WiFiUdp.cpp:221] parsePacket(): could not receive data: 9
[ 90755][E][WiFiUdp.cpp:221] parsePacket(): could not receive data: 9
[ 90761][E][WiFiUdp.cpp:221] parsePacket(): could not receive data: 9
[ 90767][E][WiFiUdp.cpp:221] parsePacket(): could not receive data: 9
[ 90773][E][WiFiUdp.cpp:221] parsePacket(): could not receive data: 9
[ 90779][E][WiFiUdp.cpp:221] parsePacket(): could not receive data: 9
[ 90785][E][WiFiUdp.cpp:221] parsePacket(): could not receive data: 9
[ 90791][E][WiFiUdp.cpp:221] parsePacket(): could not receive data: 9
[ 90797][E][WiFiUdp.cpp:221] parsePacket(): could not receive data: 9
[ 90803][E][WiFiUdp.cpp:221] parsePacket(): could not receive data: 9
[ 90809][E][WiFiUdp.cpp:221] parsePacket(): could not receive data: 9
[ 90815][E][WiFiUdp.cpp:221] parsePacket(): could not receive data: 9
[ 90821][E][WiFiUdp.cpp:221] parsePacket(): could not receive data: 9
[ 90827][E][WiFiUdp.cpp:221] parsePacket(): could not receive data: 9
[ 90833][E][WiFiUdp.cpp:221] parsePacket(): could not receive data: 9
[ 90839][E][WiFiUdp.cpp:221] parsePacket(): could not receive data: 9
[ 90845][E][WiFiUdp.cpp:221] parsePacket(): could not receive data: 9
[ 90851][E][WiFiUdp.cpp:221] parsePacket(): could not receive data: 9
[ 90857][E][WiFiUdp.cpp:221] parsePacket(): could not receive data: 9
[ 90863][E][WiFiUdp.cpp:221] parsePacket(): could not receive data: 9
[ 90869][E][WiFiUdp.cpp:221] parsePacket(): could not receive data: 9
[ 90875][E][WiFiUdp.cpp:221] parsePacket(): could not receive data: 9
[ 90881][E][WiFiUdp.cpp:221] parsePacket(): could not receive data: 9
[ 90887][E][WiFiUdp.cpp:221] parsePacket(): could not receive data: 9
[ 90893][E][WiFiUdp.cpp:221] parsePacket(): could not receive data: 9
[ 90899][E][WiFiUdp.cpp:221] parsePacket(): could not receive data: 9
[ 90905][E][WiFiUdp.cpp:221] parsePacket(): could not receive data: 9
[ 90911][E][WiFiUdp.cpp:221] parsePacket(): could not receive data: 9
[ 90917][E][WiFiUdp.cpp:221] parsePacket(): could not receive data: 9
[ 90923][E][WiFiUdp.cpp:221] parsePacket(): could not receive data: 9
[ 90929][E][WiFiUdp.cpp:221] parsePacket(): could not receive data: 9
[ 90935][E][WiFiUdp.cpp:221] parsePacket(): could not receive data: 9
[ 90941][E][WiFiUdp.cpp:221] parsePacket(): could not receive data: 9
[ 90947][E][WiFiUdp.cpp:221] parsePacket(): could not receive data: 9
[ 90953][E][WiFiUdp.cpp:221] parsePacket(): could not receive data: 9
[ 90959][E][WiFiUdp.cpp:221] parsePacket(): could not receive data: 9
[ 90965][E][WiFiUdp.cpp:221] parsePacket(): could not receive data: 9
[ 90971][E][WiFiUdp.cpp:221] parsePacket(): could not receive data: 9
[ 90977][E][WiFiUdp.cpp:221] parsePacket(): could not receive data: 9
[ 90983][E][WiFiUdp.cpp:221] parsePacket(): could not receive data: 9
[ 90989][E][WiFiUdp.cpp:221] parsePacket(): could not receive data: 9
[ 90995][E][WiFiUdp.cpp:221] parsePacket(): could not receive data: 9
[ 91001][E][WiFiUdp.cpp:221] parsePacket(): could not receive data: 9
[ 91007][E][WiFiUdp.cpp:221] parsePacket(): could not receive data: 9
[ 91013][E][WiFiUdp.cpp:221] parsePacket(): could not receive data: 9
[ 91019][E][WiFiUdp.cpp:221] parsePacket(): could not receive data: 9
[ 91025][E][WiFiUdp.cpp:221] parsePacket(): could not receive data: 9
[ 91031][E][WiFiUdp.cpp:221] parsePacket(): could not receive data: 9
[ 91037][E][WiFiUdp.cpp:221] parsePacket(): could not receive data: 9
[ 91043][E][WiFiUdp.cpp:221] parsePacket(): could not receive data: 9
[ 91049][E][WiFiUdp.cpp:221] parsePacket(): could not receive data: 9
[ 91055][E][WiFiUdp.cpp:221] parsePacket(): could not receive data: 9
[ 91061][E][WiFiUdp.cpp:221] parsePacket(): could not receive data: 9
[ 91067][E][WiFiUdp.cpp:221] parsePacket(): could not receive data: 9
[ 91073][E][WiFiUdp.cpp:221] parsePacket(): could not receive data: 9
[ 91079][E][WiFiUdp.cpp:221] parsePacket(): could not receive data: 9
[ 91085][E][WiFiUdp.cpp:221] parsePacket(): could not receive data: 9
[ 91091][E][WiFiUdp.cpp:221] parsePacket(): could not receive data: 9
[ 91097][E][WiFiUdp.cpp:221] parsePacket(): could not receive data: 9
[ 91103][E][WiFiUdp.cpp:221] parsePacket(): could not receive data: 9
[ 91109][E][WiFiUdp.cpp:221] parsePacket(): could not receive data: 9
[ 91115][E][WiFiUdp.cpp:221] parsePacket(): could not receive data: 9
[ 91121][E][WiFiUdp.cpp:221] parsePacket(): could not receive data: 9
[ 91127][E][WiFiUdp.cpp:221] parsePacket(): could not receive data: 9
[ 91133][E][WiFiUdp.cpp:221] parsePacket(): could not receive data: 9
[ 91139][E][WiFiUdp.cpp:221] parsePacket(): could not receive data: 9
[ 91145][E][WiFiUdp.cpp:221] parsePacket(): could not receive data: 9
[ 91151][E][WiFiUdp.cpp:221] parsePacket(): could not receive data: 9
[ 91157][E][WiFiUdp.cpp:221] parsePacket(): could not receive data: 9
[ 91163][E][WiFiUdp.cpp:221] parsePacket(): could not receive data: 9
[ 91169][E][WiFiUdp.cpp:221] parsePacket(): could not receive data: 9
[ 91175][E][WiFiUdp.cpp:221] parsePacket(): could not receive data: 9
[ 91181][E][WiFiUdp.cpp:221] parsePacket(): could not receive data: 9
[ 91187][E][WiFiUdp.cpp:221] parsePacket(): could not receive data: 9
[ 91193][E][WiFiUdp.cpp:221] parsePacket(): could not receive data: 9
[ 91199][E][WiFiUdp.cpp:221] parsePacket(): could not receive data: 9
[ 91205][E][WiFiUdp.cpp:221] parsePacket(): could not receive data: 9
[ 91211][E][WiFiUdp.cpp:221] parsePacket(): could not receive data: 9
[ 91217][E][WiFiUdp.cpp:221] parsePacket(): could not receive data: 9
[ 91223][E][WiFiUdp.cpp:221] parsePacket(): could not receive data: 9
[ 91229][E][WiFiUdp.cpp:221] parsePacket(): could not receive data: 9
[ 91235][E][WiFiUdp.cpp:221] parsePacket(): could not receive data: 9
[ 91241][E][WiFiUdp.cpp:221] parsePacket(): could not receive data: 9
[ 91247][E][WiFiUdp.cpp:221] parsePacket(): could not receive data: 9
[ 91253][E][WiFiUdp.cpp:221] parsePacket(): could not receive data: 9
[ 91259][E][WiFiUdp.cpp:221] parsePacket(): could not receive data: 9
[ 91265][E][WiFiUdp.cpp:221] parsePacket(): could not receive data: 9
[ 91271][E][WiFiUdp.cpp:221] parsePacket(): could not receive data: 9
[ 91277][E][WiFiUdp.cpp:221] parsePacket(): could not receive data: 9
[ 91283][E][WiFiUdp.cpp:221] parsePacket(): could not receive data: 9
[ 91289][E][WiFiUdp.cpp:221] parsePacket(): could not receive data: 9
[ 91295][E][WiFiUdp.cpp:221] parsePacket(): could not receive data: 9
[ 91301][E][WiFiUdp.cpp:221] parsePacket(): could not receive data: 9
[ 91307][E][WiFiUdp.cpp:221] parsePacket(): could not receive data: 9
[ 91313][E][WiFiUdp.cpp:221] parsePacket(): could not receive data: 9
[ 91319][E][WiFiUdp.cpp:221] parsePacket(): could not receive data: 9
[ 91325][E][WiFiUdp.cpp:221] parsePacket(): could not receive data: 9
[ 91331][E][WiFiUdp.cpp:221] parsePacket(): could not receive data: 9
[ 91337][E][WiFiUdp.cpp:221] parsePacket(): could not receive data: 9
[ 91343][E][WiFiUdp.cpp:221] parsePacket(): could not receive data: 9
[ 91349][E][WiFiUdp.cpp:221] parsePacket(): could not receive data: 9
[ 91355][E][WiFiUdp.cpp:221] parsePacket(): could not receive data: 9
[ 91361][E][WiFiUdp.cpp:221] parsePacket(): could not receive data: 9
[ 91367][E][WiFiUdp.cpp:221] parsePacket(): could not receive data: 9
[ 91373][E][WiFiUdp.cpp:221] parsePacket(): could not receive data: 9
[ 91379][E][WiFiUdp.cpp:221] parsePacket(): could not receive data: 9
[ 91385][E][WiFiUdp.cpp:221] parsePacket(): could not receive data: 9
[ 91391][E][WiFiUdp.cpp:221] parsePacket(): could not receive data: 9
[ 91397][E][WiFiUdp.cpp:221] parsePacket(): could not receive data: 9
[ 91403][E][WiFiUdp.cpp:221] parsePacket(): could not receive data: 9
[ 91409][E][WiFiUdp.cpp:221] parsePacket(): could not receive data: 9
[ 91415][E][WiFiUdp.cpp:221] parsePacket(): could not receive data: 9
[ 91421][E][WiFiUdp.cpp:221] parsePacket(): could not receive data: 9
[ 91427][E][WiFiUdp.cpp:221] parsePacket(): could not receive data: 9
[ 91433][E][WiFiUdp.cpp:221] parsePacket(): could not receive data: 9
[ 91439][E][WiFiUdp.cpp:221] parsePacket(): could not receive data: 9
[ 91445][E][WiFiUdp.cpp:221] parsePacket(): could not receive data: 9
[ 91451][E][WiFiUdp.cpp:221] parsePacket(): could not receive data: 9
[ 91457][E][WiFiUdp.cpp:221] parsePacket(): could not receive data: 9
[ 91463][E][WiFiUdp.cpp:221] parsePacket(): could not receive data: 9
[ 91469][E][WiFiUdp.cpp:221] parsePacket(): could not receive data: 9
[ 91475][E][WiFiUdp.cpp:221] parsePacket(): could not receive data: 9
[ 91481][E][WiFiUdp.cpp:221] parsePacket(): could not receive data: 9
[ 91487][E][WiFiUdp.cpp:221] parsePacket(): could not receive data: 9
[ 91493][E][WiFiUdp.cpp:221] parsePacket(): could not receive data: 9
[ 91499][E][WiFiUdp.cpp:221] parsePacket(): could not receive data: 9
[ 91505][E][WiFiUdp.cpp:221] parsePacket(): could not receive data: 9
[ 91511][E][WiFiUdp.cpp:221] parsePacket(): could not receive data: 9
[ 91517][E][WiFiUdp.cpp:221] parsePacket(): could not receive data: 9
[ 91523][E][WiFiUdp.cpp:221] parsePacket(): could not receive data: 9
[ 91529][E][WiFiUdp.cpp:221] parsePacket(): could not receive data: 9
[ 91535][E][WiFiUdp.cpp:221] parsePacket(): could not receive data: 9
[ 91541][E][WiFiUdp.cpp:221] parsePacket(): could not receive data: 9
[ 91547][E][WiFiUdp.cpp:221] parsePacket(): could not receive data: 9
[ 91553][E][WiFiUdp.cpp:221] parsePacket(): could not receive data: 9
[ 91559][E][WiFiUdp.cpp:221] parsePacket(): could not receive data: 9
[ 91565][E][WiFiUdp.cpp:221] parsePacket(): could not receive data: 9
[ 91571][E][WiFiUdp.cpp:221] parsePacket(): could not receive data: 9
[ 91577][E][WiFiUdp.cpp:221] parsePacket(): could not receive data: 9
[ 91583][E][WiFiUdp.cpp:221] parsePacket(): could not receive data: 9
[ 91589][E][WiFiUdp.cpp:221] parsePacket(): could not receive data: 9
[ 91595][E][WiFiUdp.cpp:221] parsePacket(): could not receive data: 9
[ 91601][E][WiFiUdp.cpp:221] parsePacket(): could not receive data: 9
[ 91607][E][WiFiUdp.cpp:221] parsePacket(): could not receive data: 9
[ 91613][E][WiFiUdp.cpp:221] parsePacket(): could not receive data: 9
[ 91619][E][WiFiUdp.cpp:221] parsePacket(): could not receive data: 9
[ 91625][E][WiFiUdp.cpp:221] parsePacket(): could not receive data: 9
[ 91631][E][WiFiUdp.cpp:221] parsePacket(): could not receive data: 9
[ 91637][E][WiFiUdp.cpp:221] parsePacket(): could not receive data: 9
[ 91643][E][WiFiUdp.cpp:221] parsePacket(): could not receive data: 9
[ 91649][E][WiFiUdp.cpp:221] parsePacket(): could not receive data: 9
[ 91655][E][WiFiUdp.cpp:221] parsePacket(): could not receive data: 9
[ 91661][E][WiFiUdp.cpp:221] parsePacket(): could not receive data: 9
[ 91667][E][WiFiUdp.cpp:221] parsePacket(): could not receive data: 9
[ 91673][E][WiFiUdp.cpp:221] parsePacket(): could not receive data: 9
[ 91679][E][WiFiUdp.cpp:221] parsePacket(): could not receive data: 9
[ 91685][E][WiFiUdp.cpp:221] parsePacket(): could not receive data: 9
[ 91691][E][WiFiUdp.cpp:221] parsePacket(): could not receive data: 9
[ 91697][E][WiFiUdp.cpp:221] parsePacket(): could not receive data: 9
[ 91703][E][WiFiUdp.cpp:221] parsePacket(): could not receive data: 9
[ 91709][E][WiFiUdp.cpp:221] parsePacket(): could not receive data: 9
[ 91715][E][WiFiUdp.cpp:221] parsePacket(): could not receive data: 9
[ 91721][E][WiFiUdp.cpp:221] parsePacket(): could not receive data: 9
[ 91727][E][WiFiUdp.cpp:221] parsePacket(): could not receive data: 9
[ 91733][E][WiFiUdp.cpp:221] parsePacket(): could not receive data: 9
[ 91739][E][WiFiUdp.cpp:221] parsePacket(): could not receive data: 9
[ 91745][E][WiFiUdp.cpp:221] parsePacket(): could not receive data: 9
[ 91751][E][WiFiUdp.cpp:221] parsePacket(): could not receive data: 9
[ 91757][E][WiFiUdp.cpp:221] parsePacket(): could not receive data: 9
[ 91763][E][WiFiUdp.cpp:221] parsePacket(): could not receive data: 9
[ 91769][E][WiFiUdp.cpp:221] parsePacket(): could not receive data: 9
[ 91775][E][WiFiUdp.cpp:221] parsePacket(): could not receive data: 9
[ 91781][E][WiFiUdp.cpp:221] parsePacket(): could not receive data: 9
[ 91787][E][WiFiUdp.cpp:221] parsePacket(): could not receive data: 9
[ 91793][E][WiFiUdp.cpp:221] parsePacket(): could not receive data: 9
[ 91799][E][WiFiUdp.cpp:221] parsePacket(): could not receive data: 9
[ 91805][E][WiFiUdp.cpp:221] parsePacket(): could not receive data: 9
[ 91811][E][WiFiUdp.cpp:221] parsePacket(): could not receive data: 9
[ 91817][E][WiFiUdp.cpp:221] parsePacket(): could not receive data: 9
[ 91823][E][WiFiUdp.cpp:221] parsePacket(): could not receive data: 9
[ 91829][E][WiFiUdp.cpp:221] parsePacket(): could not receive data: 9
[ 91835][E][WiFiUdp.cpp:221] parsePacket(): could not receive data: 9
[ 91841][E][WiFiUdp.cpp:221] parsePacket(): could not receive data: 9
[ 91847][E][WiFiUdp.cpp:221] parsePacket(): could not receive data: 9
[ 91853][E][WiFiUdp.cpp:221] parsePacket(): could not receive data: 9
[ 91859][E][WiFiUdp.cpp:221] parsePacket(): could not receive data: 9
[ 91865][E][WiFiUdp.cpp:221] parsePacket(): could not receive data: 9
[ 91871][E][WiFiUdp.cpp:221] parsePacket(): could not receive data: 9
[ 91877][E][WiFiUdp.cpp:221] parsePacket(): could not receive data: 9
[ 91883][E][WiFiUdp.cpp:221] parsePacket(): could not receive data: 9
[ 91889][E][WiFiUdp.cpp:221] parsePacket(): could not receive data: 9
[ 91895][E][WiFiUdp.cpp:221] parsePacket(): could not receive data: 9
[ 91901][E][WiFiUdp.cpp:221] parsePacket(): could not receive data: 9
[ 91907][E][WiFiUdp.cpp:221] parsePacket(): could not receive data: 9
[ 91913][E][WiFiUdp.cpp:221] parsePacket(): could not receive data: 9
[ 91919][E][WiFiUdp.cpp:221] parsePacket(): could not receive data: 9
[ 91925][E][WiFiUdp.cpp:221] parsePacket(): could not receive data: 9
[ 91931][E][WiFiUdp.cpp:221] parsePacket(): could not receive data: 9
[ 91937][E][WiFiUdp.cpp:221] parsePacket(): could not receive data: 9
[ 91943][E][WiFiUdp.cpp:221] parsePacket(): could not receive data: 9
[ 91949][E][WiFiUdp.cpp:221] parsePacket(): could not receive data: 9
[ 91955][E][WiFiUdp.cpp:221] parsePacket(): could not receive data: 9
[ 91961][E][WiFiUdp.cpp:221] parsePacket(): could not receive data: 9
[ 91967][E][WiFiUdp.cpp:221] parsePacket(): could not receive data: 9
[ 91973][E][WiFiUdp.cpp:221] parsePacket(): could not receive data: 9
[ 91979][E][WiFiUdp.cpp:221] parsePacket(): could not receive data: 9
[ 91985][E][WiFiUdp.cpp:221] parsePacket(): could not receive data: 9
[ 91991][E][WiFiUdp.cpp:221] parsePacket(): could not receive data: 9
[ 91997][E][WiFiUdp.cpp:221] parsePacket(): could not receive data: 9
[ 92003][E][WiFiUdp.cpp:221] parsePacket(): could not receive data: 9
[ 92009][E][WiFiUdp.cpp:221] parsePacket(): could not receive data: 9
[ 92015][E][WiFiUdp.cpp:221] parsePacket(): could not receive data: 9
[ 92021][E][WiFiUdp.cpp:221] parsePacket(): could not receive data: 9
[ 92027][E][WiFiUdp.cpp:221] parsePacket(): could not receive data: 9
[ 92033][E][WiFiUdp.cpp:221] parsePacket(): could not receive data: 9
[ 92039][E][WiFiUdp.cpp:221] parsePacket(): could not receive data: 9
[ 92045][E][WiFiUdp.cpp:221] parsePacket(): could not receive data: 9
[ 92051][E][WiFiUdp.cpp:221] parsePacket(): could not receive data: 9
[ 92057][E][WiFiUdp.cpp:221] parsePacket(): could not receive data: 9
[ 92063][E][WiFiUdp.cpp:221] parsePacket(): could not receive data: 9
[ 92069][E][WiFiUdp.cpp:221] parsePacket(): could not receive data: 9
[ 92075][E][WiFiUdp.cpp:221] parsePacket(): could not receive data: 9
[ 92081][E][WiFiUdp.cpp:221] parsePacket(): could not receive data: 9
[ 92087][E][WiFiUdp.cpp:221] parsePacket(): could not receive data: 9
[ 92093][E][WiFiUdp.cpp:221] parsePacket(): could not receive data: 9
[ 92099][E][WiFiUdp.cpp:221] parsePacket(): could not receive data: 9
[ 92104][E][WiFiUdp.cpp:221] parsePacket(): could not receive data: 9
[ 92110][E][WiFiUdp.cpp:221] parsePacket(): could not receive data: 9
[ 92117][E][WiFiUdp.cpp:221] parsePacket(): could not receive data: 9
[ 92123][E][WiFiUdp.cpp:221] parsePacket(): could not receive data: 9
[ 92129][E][WiFiUdp.cpp:221] parsePacket(): could not receive data: 9
[ 92135][E][WiFiUdp.cpp:221] parsePacket(): could not receive data: 9
[ 92141][E][WiFiUdp.cpp:221] parsePacket(): could not receive data: 9
[ 92147][E][WiFiUdp.cpp:221] parsePacket(): could not receive data: 9
[ 92153][E][WiFiUdp.cpp:221] parsePacket(): could not receive data: 9
[ 92159][E][WiFiUdp.cpp:221] parsePacket(): could not receive data: 9
[ 92165][E][WiFiUdp.cpp:221] parsePacket(): could not receive data: 9
[ 92171][E][WiFiUdp.cpp:221] parsePacket(): could not receive data: 9
[ 92177][E][WiFiUdp.cpp:221] parsePacket(): could not receive data: 9
[ 92183][E][WiFiUdp.cpp:221] parsePacket(): could not receive data: 9
[ 92189][E][WiFiUdp.cpp:221] parsePacket(): could not receive data: 9
[ 92195][E][WiFiUdp.cpp:221] parsePacket(): could not receive data: 9
[ 92201][E][WiFiUdp.cpp:221] parsePacket(): could not receive data: 9
[ 92207][E][WiFiUdp.cpp:221] parsePacket(): could not receive data: 9
[ 92213][E][WiFiUdp.cpp:221] parsePacket(): could not receive data: 9
[ 92219][E][WiFiUdp.cpp:221] parsePacket(): could not receive data: 9
[ 92225][E][WiFiUdp.cpp:221] parsePacket(): could not receive data: 9
[ 92231][E][WiFiUdp.cpp:221] parsePacket(): could not receive data: 9
[ 92237][E][WiFiUdp.cpp:221] parsePacket(): could not receive data: 9
[ 92243][E][WiFiUdp.cpp:221] parsePacket(): could not receive data: 9
[ 92249][E][WiFiUdp.cpp:221] parsePacket(): could not receive data: 9
[ 92254][E][WiFiUdp.cpp:221] parsePacket(): could not receive data: 9
[ 92261][E][WiFiUdp.cpp:221] parsePacket(): could not receive data: 9
[ 92267][E][WiFiUdp.cpp:221] parsePacket(): could not receive data: 9
[ 92273][E][WiFiUdp.cpp:221] parsePacket(): could not receive data: 9
[ 92279][E][WiFiUdp.cpp:221] parsePacket(): could not receive data: 9
[ 92285][E][WiFiUdp.cpp:221] parsePacket(): could not receive data: 9
[ 92291][E][WiFiUdp.cpp:221] parsePacket(): could not receive data: 9
[ 92297][E][WiFiUdp.cpp:221] parsePacket(): could not receive data: 9
[ 92303][E][WiFiUdp.cpp:221] parsePacket(): could not receive data: 9
[ 92309][E][WiFiUdp.cpp:221] parsePacket(): could not receive data: 9
[ 92315][E][WiFiUdp.cpp:221] parsePacket(): could not receive data: 9
[ 92321][E][WiFiUdp.cpp:221] parsePacket(): could not receive data: 9
[ 92326][E][WiFiUdp.cpp:221] parsePacket(): could not receive data: 9
[ 92333][E][WiFiUdp.cpp:221] parsePacket(): could not receive data: 9
[ 92339][E][WiFiUdp.cpp:221] parsePacket(): could not receive data: 9
[ 92344][E][WiFiUdp.cpp:221] parsePacket(): could not receive data: 9
[ 92350][E][WiFiUdp.cpp:221] parsePacket(): could not receive data: 9
[ 92357][E][WiFiUdp.cpp:221] parsePacket(): could not receive data: 9
[ 92362][E][WiFiUdp.cpp:221] parsePacket(): could not receive data: 9
[ 92369][E][WiFiUdp.cpp:221] parsePacket(): could not receive data: 9
[ 92374][E][WiFiUdp.cpp:221] parsePacket(): could not receive data: 9
[ 92381][E][WiFiUdp.cpp:221] parsePacket(): could not receive data: 9
[ 92386][E][WiFiUdp.cpp:221] parsePacket(): could not receive data: 9
[ 92393][E][WiFiUdp.cpp:221] parsePacket(): could not receive data: 9
[ 92399][E][WiFiUdp.cpp:221] parsePacket(): could not receive data: 9
[ 92405][E][WiFiUdp.cpp:221] parsePacket(): could not receive data: 9
[ 92411][E][WiFiUdp.cpp:221] parsePacket(): could not receive data: 9
[ 92417][E][WiFiUdp.cpp:221] parsePacket(): could not receive data: 9
[ 92423][E][WiFiUdp.cpp:221] parsePacket(): could not receive data: 9
[ 92429][E][WiFiUdp.cpp:221] parsePacket(): could not receive data: 9
[ 92435][E][WiFiUdp.cpp:221] parsePacket(): could not receive data: 9
[ 92441][E][WiFiUdp.cpp:221] parsePacket(): could not receive data: 9
[ 92447][E][WiFiUdp.cpp:221] parsePacket(): could not receive data: 9
[ 92453][E][WiFiUdp.cpp:221] parsePacket(): could not receive data: 9
[ 92459][E][WiFiUdp.cpp:221] parsePacket(): could not receive data: 9
[ 92465][E][WiFiUdp.cpp:221] parsePacket(): could not receive data: 9
[ 92471][E][WiFiUdp.cpp:221] parsePacket(): could not receive data: 9
[ 92477][E][WiFiUdp.cpp:221] parsePacket(): could not receive data: 9
[ 92483][E][WiFiUdp.cpp:221] parsePacket(): could not receive data: 9
[ 92489][E][WiFiUdp.cpp:221] parsePacket(): could not receive data: 9
[ 92495][E][WiFiUdp.cpp:221] parsePacket(): could not receive data: 9
[ 92501][E][WiFiUdp.cpp:221] parsePacket(): could not receive data: 9
[ 92507][E][WiFiUdp.cpp:221] parsePacket(): could not receive data: 9
[ 92513][E][WiFiUdp.cpp:221] parsePacket(): could not receive data: 9
[ 92519][E][WiFiUdp.cpp:221] parsePacket(): could not receive data: 9
[ 92525][E][WiFiUdp.cpp:221] parsePacket(): could not receive data: 9
[ 92531][E][WiFiUdp.cpp:221] parsePacket(): could not receive data: 9
[ 92537][E][WiFiUdp.cpp:221] parsePacket(): could not receive data: 9
[ 92543][E][WiFiUdp.cpp:221] parsePacket(): could not receive data: 9
[ 92549][E][WiFiUdp.cpp:221] parsePacket(): could not receive data: 9
[ 92555][E][WiFiUdp.cpp:221] parsePacket(): could not receive data: 9
[ 92561][E][WiFiUdp.cpp:221] parsePacket(): could not receive data: 9
[ 92567][E][WiFiUdp.cpp:221] parsePacket(): could not receive data: 9
[ 92573][E][WiFiUdp.cpp:221] parsePacket(): could not receive data: 9
[ 92579][E][WiFiUdp.cpp:221] parsePacket(): could not receive data: 9
[ 92585][E][WiFiUdp.cpp:221] parsePacket(): could not receive data: 9
[ 92591][E][WiFiUdp.cpp:221] parsePacket(): could not receive data: 9
[ 92597][E][WiFiUdp.cpp:221] parsePacket(): could not receive data: 9
[ 92603][E][WiFiUdp.cpp:221] parsePacket(): could not receive data: 9
[ 92609][E][WiFiUdp.cpp:221] parsePacket(): could not receive data: 9
[ 92615][E][WiFiUdp.cpp:221] parsePacket(): could not receive data: 9
[ 92621][E][WiFiUdp.cpp:221] parsePacket(): could not receive data: 9
[ 92627][E][WiFiUdp.cpp:221] parsePacket(): could not receive data: 9
[ 92633][E][WiFiUdp.cpp:221] parsePacket(): could not receive data: 9
[ 92639][E][WiFiUdp.cpp:221] parsePacket(): could not receive data: 9
[ 92645][E][WiFiUdp.cpp:221] parsePacket(): could not receive data: 9
[ 92651][E][WiFiUdp.cpp:221] parsePacket(): could not receive data: 9
[ 92657][E][WiFiUdp.cpp:221] parsePacket(): could not receive data: 9
[ 92663][E][WiFiUdp.cpp:221] parsePacket(): could not receive data: 9
[ 92669][E][WiFiUdp.cpp:221] parsePacket(): could not receive data: 9
[ 92675][E][WiFiUdp.cpp:221] parsePacket(): could not receive data: 9
[ 92681][E][WiFiUdp.cpp:221] parsePacket(): could not receive data: 9
[ 92687][E][WiFiUdp.cpp:221] parsePacket(): could not receive data: 9
[ 92693][E][WiFiUdp.cpp:221] parsePacket(): could not receive data: 9
[ 92699][E][WiFiUdp.cpp:221] parsePacket(): could not receive data: 9
[ 92705][E][WiFiUdp.cpp:221] parsePacket(): could not receive data: 9
[ 92711][E][WiFiUdp.cpp:221] parsePacket(): could not receive data: 9
[ 92717][E][WiFiUdp.cpp:221] parsePacket(): could not receive data: 9
[ 92723][E][WiFiUdp.cpp:221] parsePacket(): could not receive data: 9
[ 92729][E][WiFiUdp.cpp:221] parsePacket(): could not receive data: 9
[ 92735][E][WiFiUdp.cpp:221] parsePacket(): could not receive data: 9
[ 92741][E][WiFiUdp.cpp:221] parsePacket(): could not receive data: 9
[ 92747][E][WiFiUdp.cpp:221] parsePacket(): could not receive data: 9
[ 92753][E][WiFiUdp.cpp:221] parsePacket(): could not receive data: 9
[ 92759][E][WiFiUdp.cpp:221] parsePacket(): could not receive data: 9
[ 92765][E][WiFiUdp.cpp:221] parsePacket(): could not receive data: 9
[ 96447][E][WiFiUdp.cpp:221] parsePacket(): could not receive data: 9
[ 96466][E][WiFiUdp.cpp:221] parsePacket(): could not receive data: 9
[ 96472][E][WiFiUdp.cpp:221] parsePacket(): could not receive data: 9
[ 96478][E][WiFiUdp.cpp:221] parsePacket(): could not receive data: 9
[ 96484][E][WiFiUdp.cpp:221] parsePacket(): could not receive data: 9
[ 96490][E][WiFiUdp.cpp:221] parsePacket(): could not receive data: 9
[ 96496][E][WiFiUdp.cpp:221] parsePacket(): could not receive data: 9
[ 96502][E][WiFiUdp.cpp:221] parsePacket(): could not receive data: 9
[ 96508][E][WiFiUdp.cpp:221] parsePacket(): could not receive data: 9
[ 96514][E][WiFiUdp.cpp:221] parsePacket(): could not receive data: 9
[ 96520][E][WiFiUdp.cpp:221] parsePacket(): could not receive data: 9
[ 96526][E][WiFiUdp.cpp:221] parsePacket(): could not receive data: 9
[ 96532][E][WiFiUdp.cpp:221] parsePacket(): could not receive data: 9
[ 96538][E][WiFiUdp.cpp:221] parsePacket(): could not receive data: 9
[ 96544][E][WiFiUdp.cpp:221] parsePacket(): could not receive data: 9
[ 96550][E][WiFiUdp.cpp:221] parsePacket(): could not receive data: 9
[ 96556][E][WiFiUdp.cpp:221] parsePacket(): could not receive data: 9
[ 96562][E][WiFiUdp.cpp:221] parsePacket(): could not receive data: 9
[ 96568][E][WiFiUdp.cpp:221] parsePacket(): could not receive data: 9
[ 96574][E][WiFiUdp.cpp:221] parsePacket(): could not receive data: 9
[ 96580][E][WiFiUdp.cpp:221] parsePacket(): could not receive data: 9
[ 96586][E][WiFiUdp.cpp:221] parsePacket(): could not receive data: 9
[ 96592][E][WiFiUdp.cpp:221] parsePacket(): could not receive data: 9
[ 96598][E][WiFiUdp.cpp:221] parsePacket(): could not receive data: 9
[ 96604][E][WiFiUdp.cpp:221] parsePacket(): could not receive data: 9
[ 96610][E][WiFiUdp.cpp:221] parsePacket(): could not receive data: 9
[ 96616][E][WiFiUdp.cpp:221] parsePacket(): could not receive data: 9
[ 96622][E][WiFiUdp.cpp:221] parsePacket(): could not receive data: 9
[ 96628][E][WiFiUdp.cpp:221] parsePacket(): could not receive data: 9
[ 96634][E][WiFiUdp.cpp:221] parsePacket(): could not receive data: 9
[ 96640][E][WiFiUdp.cpp:221] parsePacket(): could not receive data: 9
[ 96646][E][WiFiUdp.cpp:221] parsePacket(): could not receive data: 9
[ 96652][E][WiFiUdp.cpp:221] parsePacket(): could not receive data: 9
[ 96658][E][WiFiUdp.cpp:221] parsePacket(): could not receive data: 9
[ 96664][E][WiFiUdp.cpp:221] parsePacket(): could not receive data: 9
[ 96670][E][WiFiUdp.cpp:221] parsePacket(): could not receive data: 9
[ 96676][E][WiFiUdp.cpp:221] parsePacket(): could not receive data: 9
[ 96682][E][WiFiUdp.cpp:221] parsePacket(): could not receive data: 9
[ 96688][E][WiFiUdp.cpp:221] parsePacket(): could not receive data: 9
[ 96694][E][WiFiUdp.cpp:221] parsePacket(): could not receive data: 9
[ 96700][E][WiFiUdp.cpp:221] parsePacket(): could not receive data: 9
[ 96706][E][WiFiUdp.cpp:221] parsePacket(): could not receive data: 9
[ 96712][E][WiFiUdp.cpp:221] parsePacket(): could not receive data: 9
[ 96718][E][WiFiUdp.cpp:221] parsePacket(): could not receive data: 9
[ 96724][E][WiFiUdp.cpp:221] parsePacket(): could not receive data: 9
[ 96730][E][WiFiUdp.cpp:221] parsePacket(): could not receive data: 9
[ 96736][E][WiFiUdp.cpp:221] parsePacket(): could not receive data: 9
[ 96742][E][WiFiUdp.cpp:221] parsePacket(): could not receive data: 9
[ 96748][E][WiFiUdp.cpp:221] parsePacket(): could not receive data: 9
[ 96754][E][WiFiUdp.cpp:221] parsePacket(): could not receive data: 9
[ 96760][E][WiFiUdp.cpp:221] parsePacket(): could not receive data: 9
[ 96766][E][WiFiUdp.cpp:221] parsePacket(): could not receive data: 9
[ 96772][E][WiFiUdp.cpp:221] parsePacket(): could not receive data: 9
[ 96778][E][WiFiUdp.cpp:221] parsePacket(): could not receive data: 9
[ 96784][E][WiFiUdp.cpp:221] parsePacket(): could not receive data: 9
[ 96790][E][WiFiUdp.cpp:221] parsePacket(): could not receive data: 9
[ 96796][E][WiFiUdp.cpp:221] parsePacket(): could not receive data: 9
[ 96802][E][WiFiUdp.cpp:221] parsePacket(): could not receive data: 9
[ 96808][E][WiFiUdp.cpp:221] parsePacket(): could not receive data: 9
[ 96814][E][WiFiUdp.cpp:221] parsePacket(): could not receive data: 9
[ 96820][E][WiFiUdp.cpp:221] parsePacket(): could not receive data: 9
[ 96826][E][WiFiUdp.cpp:221] parsePacket(): could not receive data: 9
[ 96832][E][WiFiUdp.cpp:221] parsePacket(): could not receive data: 9
[ 96838][E][WiFiUdp.cpp:221] parsePacket(): could not receive data: 9
[ 96844][E][WiFiUdp.cpp:221] parsePacket(): could not receive data: 9
[ 96850][E][WiFiUdp.cpp:221] parsePacket(): could not receive data: 9
[ 96856][E][WiFiUdp.cpp:221] parsePacket(): could not receive data: 9
[ 96862][E][WiFiUdp.cpp:221] parsePacket(): could not receive data: 9
[ 96868][E][WiFiUdp.cpp:221] parsePacket(): could not receive data: 9
[ 96874][E][WiFiUdp.cpp:221] parsePacket(): could not receive data: 9
[ 96880][E][WiFiUdp.cpp:221] parsePacket(): could not receive data: 9
[ 96886][E][WiFiUdp.cpp:221] parsePacket(): could not receive data: 9
[ 96892][E][WiFiUdp.cpp:221] parsePacket(): could not receive data: 9
[ 96898][E][WiFiUdp.cpp:221] parsePacket(): could not receive data: 9
[ 96904][E][WiFiUdp.cpp:221] parsePacket(): could not receive data: 9
[ 96910][E][WiFiUdp.cpp:221] parsePacket(): could not receive data: 9
[ 96916][E][WiFiUdp.cpp:221] parsePacket(): could not receive data: 9
[ 96922][E][WiFiUdp.cpp:221] parsePacket(): could not receive data: 9
[ 96928][E][WiFiUdp.cpp:221] parsePacket(): could not receive data: 9
[ 96934][E][WiFiUdp.cpp:221] parsePacket(): could not receive data: 9
[ 96940][E][WiFiUdp.cpp:221] parsePacket(): could not receive data: 9
[ 96946][E][WiFiUdp.cpp:221] parsePacket(): could not receive data: 9
[ 96952][E][WiFiUdp.cpp:221] parsePacket(): could not receive data: 9
[ 96958][E][WiFiUdp.cpp:221] parsePacket(): could not receive data: 9
[ 96964][E][WiFiUdp.cpp:221] parsePacket(): could not receive data: 9
[ 96970][E][WiFiUdp.cpp:221] parsePacket(): could not receive data: 9
[ 96976][E][WiFiUdp.cpp:221] parsePacket(): could not receive data: 9
[ 96982][E][WiFiUdp.cpp:221] parsePacket(): could not receive data: 9
[ 96988][E][WiFiUdp.cpp:221] parsePacket(): could not receive data: 9
[ 96994][E][WiFiUdp.cpp:221] parsePacket(): could not receive data: 9
[ 97000][E][WiFiUdp.cpp:221] parsePacket(): could not receive data: 9
[ 97006][E][WiFiUdp.cpp:221] parsePacket(): could not receive data: 9
[ 97012][E][WiFiUdp.cpp:221] parsePacket(): could not receive data: 9
[ 97018][E][WiFiUdp.cpp:221] parsePacket(): could not receive data: 9
[ 97024][E][WiFiUdp.cpp:221] parsePacket(): could not receive data: 9
[ 97030][E][WiFiUdp.cpp:221] parsePacket(): could not receive data: 9
[ 97036][E][WiFiUdp.cpp:221] parsePacket(): could not receive data: 9
[ 97042][E][WiFiUdp.cpp:221] parsePacket(): could not receive data: 9
[ 97048][E][WiFiUdp.cpp:221] parsePacket(): could not receive data: 9
[ 97054][E][WiFiUdp.cpp:221] parsePacket(): could not receive data: 9
[ 97060][E][WiFiUdp.cpp:221] parsePacket(): could not receive data: 9
[ 97066][E][WiFiUdp.cpp:221] parsePacket(): could not receive data: 9
[ 97072][E][WiFiUdp.cpp:221] parsePacket(): could not receive data: 9
[ 97078][E][WiFiUdp.cpp:221] parsePacket(): could not receive data: 9
[ 97084][E][WiFiUdp.cpp:221] parsePacket(): could not receive data: 9
[ 97090][E][WiFiUdp.cpp:221] parsePacket(): could not receive data: 9
[ 97096][E][WiFiUdp.cpp:221] parsePacket(): could not receive data: 9
[ 97102][E][WiFiUdp.cpp:221] parsePacket(): could not receive data: 9
[ 97108][E][WiFiUdp.cpp:221] parsePacket(): could not receive data: 9
[ 97114][E][WiFiUdp.cpp:221] parsePacket(): could not receive data: 9
[ 97120][E][WiFiUdp.cpp:221] parsePacket(): could not receive data: 9
[ 97126][E][WiFiUdp.cpp:221] parsePacket(): could not receive data: 9
[ 97132][E][WiFiUdp.cpp:221] parsePacket(): could not receive data: 9
[ 97138][E][WiFiUdp.cpp:221] parsePacket(): could not receive data: 9
[ 97144][E][WiFiUdp.cpp:221] parsePacket(): could not receive data: 9
[ 97150][E][WiFiUdp.cpp:221] parsePacket(): could not receive data: 9
[ 97156][E][WiFiUdp.cpp:221] parsePacket(): could not receive data: 9
[ 97162][E][WiFiUdp.cpp:221] parsePacket(): could not receive data: 9
[ 97168][E][WiFiUdp.cpp:221] parsePacket(): could not receive data: 9
[ 97174][E][WiFiUdp.cpp:221] parsePacket(): could not receive data: 9
[ 97180][E][WiFiUdp.cpp:221] parsePacket(): could not receive data: 9
[ 97186][E][WiFiUdp.cpp:221] parsePacket(): could not receive data: 9
[ 97192][E][WiFiUdp.cpp:221] parsePacket(): could not receive data: 9
[ 97198][E][WiFiUdp.cpp:221] parsePacket(): could not receive data: 9
[ 97204][E][WiFiUdp.cpp:221] parsePacket(): could not receive data: 9
[ 97210][E][WiFiUdp.cpp:221] parsePacket(): could not receive data: 9
[ 97216][E][WiFiUdp.cpp:221] parsePacket(): could not receive data: 9
[ 97222][E][WiFiUdp.cpp:221] parsePacket(): could not receive data: 9
[ 97228][E][WiFiUdp.cpp:221] parsePacket(): could not receive data: 9
[ 97234][E][WiFiUdp.cpp:221] parsePacket(): could not receive data: 9
[ 97240][E][WiFiUdp.cpp:221] parsePacket(): could not receive data: 9
[ 97246][E][WiFiUdp.cpp:221] parsePacket(): could not receive data: 9
[ 97252][E][WiFiUdp.cpp:221] parsePacket(): could not receive data: 9
[ 97258][E][WiFiUdp.cpp:221] parsePacket(): could not receive data: 9
[ 97264][E][WiFiUdp.cpp:221] parsePacket(): could not receive data: 9
[ 97270][E][WiFiUdp.cpp:221] parsePacket(): could not receive data: 9
[ 97276][E][WiFiUdp.cpp:221] parsePacket(): could not receive data: 9
[ 97282][E][WiFiUdp.cpp:221] parsePacket(): could not receive data: 9
[ 97288][E][WiFiUdp.cpp:221] parsePacket(): could not receive data: 9
[ 97294][E][WiFiUdp.cpp:221] parsePacket(): could not receive data: 9
[ 97300][E][WiFiUdp.cpp:221] parsePacket(): could not receive data: 9
[ 97306][E][WiFiUdp.cpp:221] parsePacket(): could not receive data: 9
[ 97312][E][WiFiUdp.cpp:221] parsePacket(): could not receive data: 9
[ 97318][E][WiFiUdp.cpp:221] parsePacket(): could not receive data: 9
[ 97324][E][WiFiUdp.cpp:221] parsePacket(): could not receive data: 9
[ 97330][E][WiFiUdp.cpp:221] parsePacket(): could not receive data: 9
[ 97336][E][WiFiUdp.cpp:221] parsePacket(): could not receive data: 9
[ 97342][E][WiFiUdp.cpp:221] parsePacket(): could not receive data: 9
[ 97348][E][WiFiUdp.cpp:221] parsePacket(): could not receive data: 9
[ 97354][E][WiFiUdp.cpp:221] parsePacket(): could not receive data: 9
[ 97360][E][WiFiUdp.cpp:221] parsePacket(): could not receive data: 9
[ 97366][E][WiFiUdp.cpp:221] parsePacket(): could not receive data: 9
[ 97372][E][WiFiUdp.cpp:221] parsePacket(): could not receive data: 9
[ 97378][E][WiFiUdp.cpp:221] parsePacket(): could not receive data: 9
[ 97384][E][WiFiUdp.cpp:221] parsePacket(): could not receive data: 9
[ 97390][E][WiFiUdp.cpp:221] parsePacket(): could not receive data: 9
[ 97396][E][WiFiUdp.cpp:221] parsePacket(): could not receive data: 9
[ 97402][E][WiFiUdp.cpp:221] parsePacket(): could not receive data: 9
[ 97408][E][WiFiUdp.cpp:221] parsePacket(): could not receive data: 9
[ 97414][E][WiFiUdp.cpp:221] parsePacket(): could not receive data: 9
[ 97420][E][WiFiUdp.cpp:221] parsePacket(): could not receive data: 9
[ 97426][E][WiFiUdp.cpp:221] parsePacket(): could not receive data: 9
[ 97432][E][WiFiUdp.cpp:221] parsePacket(): could not receive data: 9
[ 97438][E][WiFiUdp.cpp:221] parsePacket(): could not receive data: 9
[ 97444][E][WiFiUdp.cpp:221] parsePacket(): could not receive data: 9
[ 97450][E][WiFiUdp.cpp:221] parsePacket(): could not receive data: 9
[ 97456][E][WiFiUdp.cpp:221] parsePacket(): could not receive data: 9
[ 97462][E][WiFiUdp.cpp:221] parsePacket(): could not receive data: 9
[ 97468][E][WiFiUdp.cpp:221] parsePacket(): could not receive data: 9
[ 97474][E][WiFiUdp.cpp:221] parsePacket(): could not receive data: 9
[ 97480][E][WiFiUdp.cpp:221] parsePacket(): could not receive data: 9
[ 97486][E][WiFiUdp.cpp:221] parsePacket(): could not receive data: 9
[ 97492][E][WiFiUdp.cpp:221] parsePacket(): could not receive data: 9
[ 97498][E][WiFiUdp.cpp:221] parsePacket(): could not receive data: 9
[ 97504][E][WiFiUdp.cpp:221] parsePacket(): could not receive data: 9
[ 97510][E][WiFiUdp.cpp:221] parsePacket(): could not receive data: 9
[ 97516][E][WiFiUdp.cpp:221] parsePacket(): could not receive data: 9
[ 97522][E][WiFiUdp.cpp:221] parsePacket(): could not receive data: 9
[ 97528][E][WiFiUdp.cpp:221] parsePacket(): could not receive data: 9
[ 97534][E][WiFiUdp.cpp:221] parsePacket(): could not receive data: 9
[ 97540][E][WiFiUdp.cpp:221] parsePacket(): could not receive data: 9
[ 97546][E][WiFiUdp.cpp:221] parsePacket(): could not receive data: 9
[ 97552][E][WiFiUdp.cpp:221] parsePacket(): could not receive data: 9
[ 97558][E][WiFiUdp.cpp:221] parsePacket(): could not receive data: 9
[ 97564][E][WiFiUdp.cpp:221] parsePacket(): could not receive data: 9
[ 97570][E][WiFiUdp.cpp:221] parsePacket(): could not receive data: 9
[ 97576][E][WiFiUdp.cpp:221] parsePacket(): could not receive data: 9
[ 97582][E][WiFiUdp.cpp:221] parsePacket(): could not receive data: 9
[ 97588][E][WiFiUdp.cpp:221] parsePacket(): could not receive data: 9
[ 97594][E][WiFiUdp.cpp:221] parsePacket(): could not receive data: 9
[ 97600][E][WiFiUdp.cpp:221] parsePacket(): could not receive data: 9
[ 97606][E][WiFiUdp.cpp:221] parsePacket(): could not receive data: 9
[ 97612][E][WiFiUdp.cpp:221] parsePacket(): could not receive data: 9
[ 97618][E][WiFiUdp.cpp:221] parsePacket(): could not receive data: 9
[ 97624][E][WiFiUdp.cpp:221] parsePacket(): could not receive data: 9
[ 97630][E][WiFiUdp.cpp:221] parsePacket(): could not receive data: 9
[ 97636][E][WiFiUdp.cpp:221] parsePacket(): could not receive data: 9
[ 97642][E][WiFiUdp.cpp:221] parsePacket(): could not receive data: 9
[ 97648][E][WiFiUdp.cpp:221] parsePacket(): could not receive data: 9
[ 97654][E][WiFiUdp.cpp:221] parsePacket(): could not receive data: 9
[ 97660][E][WiFiUdp.cpp:221] parsePacket(): could not receive data: 9
[ 97666][E][WiFiUdp.cpp:221] parsePacket(): could not receive data: 9
[ 97672][E][WiFiUdp.cpp:221] parsePacket(): could not receive data: 9
[ 97678][E][WiFiUdp.cpp:221] parsePacket(): could not receive data: 9
[ 97684][E][WiFiUdp.cpp:221] parsePacket(): could not receive data: 9
[ 97690][E][WiFiUdp.cpp:221] parsePacket(): could not receive data: 9
[ 97696][E][WiFiUdp.cpp:221] parsePacket(): could not receive data: 9
[ 97702][E][WiFiUdp.cpp:221] parsePacket(): could not receive data: 9
[ 97708][E][WiFiUdp.cpp:221] parsePacket(): could not receive data: 9
[ 97714][E][WiFiUdp.cpp:221] parsePacket(): could not receive data: 9
[ 97720][E][WiFiUdp.cpp:221] parsePacket(): could not receive data: 9
[ 97726][E][WiFiUdp.cpp:221] parsePacket(): could not receive data: 9
[ 97732][E][WiFiUdp.cpp:221] parsePacket(): could not receive data: 9
[ 97738][E][WiFiUdp.cpp:221] parsePacket(): could not receive data: 9
[ 97744][E][WiFiUdp.cpp:221] parsePacket(): could not receive data: 9
[ 97750][E][WiFiUdp.cpp:221] parsePacket(): could not receive data: 9
[ 97756][E][WiFiUdp.cpp:221] parsePacket(): could not receive data: 9
[ 97762][E][WiFiUdp.cpp:221] parsePacket(): could not receive data: 9
[ 97768][E][WiFiUdp.cpp:221] parsePacket(): could not receive data: 9
[ 97774][E][WiFiUdp.cpp:221] parsePacket(): could not receive data: 9
[ 97780][E][WiFiUdp.cpp:221] parsePacket(): could not receive data: 9
[ 97786][E][WiFiUdp.cpp:221] parsePacket(): could not receive data: 9
[ 97792][E][WiFiUdp.cpp:221] parsePacket(): could not receive data: 9
[ 97798][E][WiFiUdp.cpp:221] parsePacket(): could not receive data: 9
[ 97804][E][WiFiUdp.cpp:221] parsePacket(): could not receive data: 9
[ 97810][E][WiFiUdp.cpp:221] parsePacket(): could not receive data: 9
[ 97816][E][WiFiUdp.cpp:221] parsePacket(): could not receive data: 9
[ 97822][E][WiFiUdp.cpp:221] parsePacket(): could not receive data: 9
[ 97828][E][WiFiUdp.cpp:221] parsePacket(): could not receive data: 9
[ 97834][E][WiFiUdp.cpp:221] parsePacket(): could not receive data: 9
[ 97840][E][WiFiUdp.cpp:221] parsePacket(): could not receive data: 9
[ 97846][E][WiFiUdp.cpp:221] parsePacket(): could not receive data: 9
[ 97852][E][WiFiUdp.cpp:221] parsePacket(): could not receive data: 9
[ 97858][E][WiFiUdp.cpp:221] parsePacket(): could not receive data: 9
[ 97864][E][WiFiUdp.cpp:221] parsePacket(): could not receive data: 9
[ 97870][E][WiFiUdp.cpp:221] parsePacket(): could not receive data: 9
[ 97876][E][WiFiUdp.cpp:221] parsePacket(): could not receive data: 9
[ 97882][E][WiFiUdp.cpp:221] parsePacket(): could not receive data: 9
[ 97888][E][WiFiUdp.cpp:221] parsePacket(): could not receive data: 9
[ 97894][E][WiFiUdp.cpp:221] parsePacket(): could not receive data: 9
[ 97900][E][WiFiUdp.cpp:221] parsePacket(): could not receive data: 9
[ 97906][E][WiFiUdp.cpp:221] parsePacket(): could not receive data: 9
[ 97912][E][WiFiUdp.cpp:221] parsePacket(): could not receive data: 9
[ 97918][E][WiFiUdp.cpp:221] parsePacket(): could not receive data: 9
[ 97924][E][WiFiUdp.cpp:221] parsePacket(): could not receive data: 9
[ 97930][E][WiFiUdp.cpp:221] parsePacket(): could not receive data: 9
[ 97936][E][WiFiUdp.cpp:221] parsePacket(): could not receive data: 9
[ 97942][E][WiFiUdp.cpp:221] parsePacket(): could not receive data: 9
[ 97948][E][WiFiUdp.cpp:221] parsePacket(): could not receive data: 9
[ 97954][E][WiFiUdp.cpp:221] parsePacket(): could not receive data: 9
[ 97960][E][WiFiUdp.cpp:221] parsePacket(): could not receive data: 9
[ 97966][E][WiFiUdp.cpp:221] parsePacket(): could not receive data: 9
[ 97972][E][WiFiUdp.cpp:221] parsePacket(): could not receive data: 9
[ 97978][E][WiFiUdp.cpp:221] parsePacket(): could not receive data: 9
[ 97984][E][WiFiUdp.cpp:221] parsePacket(): could not receive data: 9
[ 97990][E][WiFiUdp.cpp:221] parsePacket(): could not receive data: 9
[ 97996][E][WiFiUdp.cpp:221] parsePacket(): could not receive data: 9
[ 98002][E][WiFiUdp.cpp:221] parsePacket(): could not receive data: 9
[ 98008][E][WiFiUdp.cpp:221] parsePacket(): could not receive data: 9
[ 98014][E][WiFiUdp.cpp:221] parsePacket(): could not receive data: 9
[ 98020][E][WiFiUdp.cpp:221] parsePacket(): could not receive data: 9
[ 98026][E][WiFiUdp.cpp:221] parsePacket(): could not receive data: 9
[ 98032][E][WiFiUdp.cpp:221] parsePacket(): could not receive data: 9
[ 98038][E][WiFiUdp.cpp:221] parsePacket(): could not receive data: 9
[ 98044][E][WiFiUdp.cpp:221] parsePacket(): could not receive data: 9
[ 98050][E][WiFiUdp.cpp:221] parsePacket(): could not receive data: 9
[ 98056][E][WiFiUdp.cpp:221] parsePacket(): could not receive data: 9
[ 98062][E][WiFiUdp.cpp:221] parsePacket(): could not receive data: 9
[ 98068][E][WiFiUdp.cpp:221] parsePacket(): could not receive data: 9
[ 98074][E][WiFiUdp.cpp:221] parsePacket(): could not receive data: 9
[ 98080][E][WiFiUdp.cpp:221] parsePacket(): could not receive data: 9
[ 98086][E][WiFiUdp.cpp:221] parsePacket(): could not receive data: 9
[ 98092][E][WiFiUdp.cpp:221] parsePacket(): could not receive data: 9
[ 98098][E][WiFiUdp.cpp:221] parsePacket(): could not receive data: 9
[ 98103][E][WiFiUdp.cpp:221] parsePacket(): could not receive data: 9
[ 98110][E][WiFiUdp.cpp:221] parsePacket(): could not receive data: 9
[ 98116][E][WiFiUdp.cpp:221] parsePacket(): could not receive data: 9
[ 98122][E][WiFiUdp.cpp:221] parsePacket(): could not receive data: 9
[ 98128][E][WiFiUdp.cpp:221] parsePacket(): could not receive data: 9
[ 98134][E][WiFiUdp.cpp:221] parsePacket(): could not receive data: 9
[ 98140][E][WiFiUdp.cpp:221] parsePacket(): could not receive data: 9
[ 98146][E][WiFiUdp.cpp:221] parsePacket(): could not receive data: 9
[ 98152][E][WiFiUdp.cpp:221] parsePacket(): could not receive data: 9
[ 98158][E][WiFiUdp.cpp:221] parsePacket(): could not receive data: 9
[ 98164][E][WiFiUdp.cpp:221] parsePacket(): could not receive data: 9
[ 98170][E][WiFiUdp.cpp:221] parsePacket(): could not receive data: 9
[ 98176][E][WiFiUdp.cpp:221] parsePacket(): could not receive data: 9
[ 98182][E][WiFiUdp.cpp:221] parsePacket(): could not receive data: 9
[ 98188][E][WiFiUdp.cpp:221] parsePacket(): could not receive data: 9
[ 98194][E][WiFiUdp.cpp:221] parsePacket(): could not receive data: 9
[ 98200][E][WiFiUdp.cpp:221] parsePacket(): could not receive data: 9
[ 98206][E][WiFiUdp.cpp:221] parsePacket(): could not receive data: 9
[ 98212][E][WiFiUdp.cpp:221] parsePacket(): could not receive data: 9
[ 98218][E][WiFiUdp.cpp:221] parsePacket(): could not receive data: 9
[ 98224][E][WiFiUdp.cpp:221] parsePacket(): could not receive data: 9
[ 98230][E][WiFiUdp.cpp:221] parsePacket(): could not receive data: 9
[ 98236][E][WiFiUdp.cpp:221] parsePacket(): could not receive data: 9
[ 98242][E][WiFiUdp.cpp:221] parsePacket(): could not receive data: 9
[ 98248][E][WiFiUdp.cpp:221] parsePacket(): could not receive data: 9
[ 98254][E][WiFiUdp.cpp:221] parsePacket(): could not receive data: 9
[ 98260][E][WiFiUdp.cpp:221] parsePacket(): could not receive data: 9
[ 98266][E][WiFiUdp.cpp:221] parsePacket(): could not receive data: 9
[ 98272][E][WiFiUdp.cpp:221] parsePacket(): could not receive data: 9
[ 98278][E][WiFiUdp.cpp:221] parsePacket(): could not receive data: 9
[ 98284][E][WiFiUdp.cpp:221] parsePacket(): could not receive data: 9
[ 98290][E][WiFiUdp.cpp:221] parsePacket(): could not receive data: 9
[ 98296][E][WiFiUdp.cpp:221] parsePacket(): could not receive data: 9
[ 98302][E][WiFiUdp.cpp:221] parsePacket(): could not receive data: 9
[ 98308][E][WiFiUdp.cpp:221] parsePacket(): could not receive data: 9
[ 98314][E][WiFiUdp.cpp:221] parsePacket(): could not receive data: 9
[ 98319][E][WiFiUdp.cpp:221] parsePacket(): could not receive data: 9
[ 98326][E][WiFiUdp.cpp:221] parsePacket(): could not receive data: 9
[ 98332][E][WiFiUdp.cpp:221] parsePacket(): could not receive data: 9
[ 98338][E][WiFiUdp.cpp:221] parsePacket(): could not receive data: 9
[ 98344][E][WiFiUdp.cpp:221] parsePacket(): could not receive data: 9
[ 98350][E][WiFiUdp.cpp:221] parsePacket(): could not receive data: 9
[ 98356][E][WiFiUdp.cpp:221] parsePacket(): could not receive data: 9
[ 98362][E][WiFiUdp.cpp:221] parsePacket(): could not receive data: 9
[ 98368][E][WiFiUdp.cpp:221] parsePacket(): could not receive data: 9
[ 98374][E][WiFiUdp.cpp:221] parsePacket(): could not receive data: 9
[ 98380][E][WiFiUdp.cpp:221] parsePacket(): could not receive data: 9
[ 98386][E][WiFiUdp.cpp:221] parsePacket(): could not receive data: 9
[ 98392][E][WiFiUdp.cpp:221] parsePacket(): could not receive data: 9
[ 98398][E][WiFiUdp.cpp:221] parsePacket(): could not receive data: 9
[ 98404][E][WiFiUdp.cpp:221] parsePacket(): could not receive data: 9
[ 98410][E][WiFiUdp.cpp:221] parsePacket(): could not receive data: 9
[ 98416][E][WiFiUdp.cpp:221] parsePacket(): could not receive data: 9
[ 98422][E][WiFiUdp.cpp:221] parsePacket(): could not receive data: 9
[ 98428][E][WiFiUdp.cpp:221] parsePacket(): could not receive data: 9
[ 98434][E][WiFiUdp.cpp:221] parsePacket(): could not receive data: 9
[ 98440][E][WiFiUdp.cpp:221] parsePacket(): could not receive data: 9
[ 98446][E][WiFiUdp.cpp:221] parsePacket(): could not receive data: 9
[ 98452][E][WiFiUdp.cpp:221] parsePacket(): could not receive data: 9
[ 98458][E][WiFiUdp.cpp:221] parsePacket(): could not receive data: 9
[ 98464][E][WiFiUdp.cpp:221] parsePacket(): could not receive data: 9
[ 98470][E][WiFiUdp.cpp:221] parsePacket(): could not receive data: 9
[ 98476][E][WiFiUdp.cpp:221] parsePacket(): could not receive data: 9
[ 98482][E][WiFiUdp.cpp:221] parsePacket(): could not receive data: 9
[ 98488][E][WiFiUdp.cpp:221] parsePacket(): could not receive data: 9
[ 98494][E][WiFiUdp.cpp:221] parsePacket(): could not receive data: 9
[ 98500][E][WiFiUdp.cpp:221] parsePacket(): could not receive data: 9
[ 98506][E][WiFiUdp.cpp:221] parsePacket(): could not receive data: 9
[ 98512][E][WiFiUdp.cpp:221] parsePacket(): could not receive data: 9
[ 98518][E][WiFiUdp.cpp:221] parsePacket(): could not receive data: 9
[ 98524][E][WiFiUdp.cpp:221] parsePacket(): could not receive data: 9
[ 98530][E][WiFiUdp.cpp:221] parsePacket(): could not receive data: 9
[ 98536][E][WiFiUdp.cpp:221] parsePacket(): could not receive data: 9
[ 98542][E][WiFiUdp.cpp:221] parsePacket(): could not receive data: 9
[ 98548][E][WiFiUdp.cpp:221] parsePacket(): could not receive data: 9
[ 98554][E][WiFiUdp.cpp:221] parsePacket(): could not receive data: 9
[ 98560][E][WiFiUdp.cpp:221] parsePacket(): could not receive data: 9
[ 98566][E][WiFiUdp.cpp:221] parsePacket(): could not receive data: 9
[ 98572][E][WiFiUdp.cpp:221] parsePacket(): could not receive data: 9
[ 98578][E][WiFiUdp.cpp:221] parsePacket(): could not receive data: 9
[ 98584][E][WiFiUdp.cpp:221] parsePacket(): could not receive data: 9
[ 98590][E][WiFiUdp.cpp:221] parsePacket(): could not receive data: 9
[ 98596][E][WiFiUdp.cpp:221] parsePacket(): could not receive data: 9
[ 98602][E][WiFiUdp.cpp:221] parsePacket(): could not receive data: 9
[ 98608][E][WiFiUdp.cpp:221] parsePacket(): could not receive data: 9
[ 98614][E][WiFiUdp.cpp:221] parsePacket(): could not receive data: 9
[ 98620][E][WiFiUdp.cpp:221] parsePacket(): could not receive data: 9
[ 98626][E][WiFiUdp.cpp:221] parsePacket(): could not receive data: 9
[ 98632][E][WiFiUdp.cpp:221] parsePacket(): could not receive data: 9
[ 98638][E][WiFiUdp.cpp:221] parsePacket(): could not receive data: 9
[ 98644][E][WiFiUdp.cpp:221] parsePacket(): could not receive data: 9
[ 98650][E][WiFiUdp.cpp:221] parsePacket(): could not receive data: 9
[ 98656][E][WiFiUdp.cpp:221] parsePacket(): could not receive data: 9
[ 98662][E][WiFiUdp.cpp:221] parsePacket(): could not receive data: 9
[ 98668][E][WiFiUdp.cpp:221] parsePacket(): could not receive data: 9
[ 98674][E][WiFiUdp.cpp:221] parsePacket(): could not receive data: 9
[ 98680][E][WiFiUdp.cpp:221] parsePacket(): could not receive data: 9
[ 98686][E][WiFiUdp.cpp:221] parsePacket(): could not receive data: 9
[ 98692][E][WiFiUdp.cpp:221] parsePacket(): could not receive data: 9
[ 98698][E][WiFiUdp.cpp:221] parsePacket(): could not receive data: 9
[ 98704][E][WiFiUdp.cpp:221] parsePacket(): could not receive data: 9
[ 98710][E][WiFiUdp.cpp:221] parsePacket(): could not receive data: 9
[ 98716][E][WiFiUdp.cpp:221] parsePacket(): could not receive data: 9
[ 98722][E][WiFiUdp.cpp:221] parsePacket(): could not receive data: 9
[ 98728][E][WiFiUdp.cpp:221] parsePacket(): could not receive data: 9
[ 98734][E][WiFiUdp.cpp:221] parsePacket(): could not receive data: 9
[ 98740][E][WiFiUdp.cpp:221] parsePacket(): could not receive data: 9
[ 98746][E][WiFiUdp.cpp:221] parsePacket(): could not receive data: 9
[ 98752][E][WiFiUdp.cpp:221] parsePacket(): could not receive data: 9
[ 98758][E][WiFiUdp.cpp:221] parsePacket(): could not receive data: 9
[ 98764][E][WiFiUdp.cpp:221] parsePacket(): could not receive data: 9
[ 98770][E][WiFiUdp.cpp:221] parsePacket(): could not receive data: 9
[ 98776][E][WiFiUdp.cpp:221] parsePacket(): could not receive data: 9
[ 98782][E][WiFiUdp.cpp:221] parsePacket(): could not receive data: 9
[ 98788][E][WiFiUdp.cpp:221] parsePacket(): could not receive data: 9
[ 98794][E][WiFiUdp.cpp:221] parsePacket(): could not receive data: 9
[ 98800][E][WiFiUdp.cpp:221] parsePacket(): could not receive data: 9
[ 98806][E][WiFiUdp.cpp:221] parsePacket(): could not receive data: 9
[ 98812][E][WiFiUdp.cpp:221] parsePacket(): could not receive data: 9
[ 98818][E][WiFiUdp.cpp:221] parsePacket(): could not receive data: 9
[ 98824][E][WiFiUdp.cpp:221] parsePacket(): could not receive data: 9
[ 98830][E][WiFiUdp.cpp:221] parsePacket(): could not receive data: 9
[ 98836][E][WiFiUdp.cpp:221] parsePacket(): could not receive data: 9
[ 98842][E][WiFiUdp.cpp:221] parsePacket(): could not receive data: 9
[ 98848][E][WiFiUdp.cpp:221] parsePacket(): could not receive data: 9
[ 98854][E][WiFiUdp.cpp:221] parsePacket(): could not receive data: 9
[ 98860][E][WiFiUdp.cpp:221] parsePacket(): could not receive data: 9
[ 98866][E][WiFiUdp.cpp:221] parsePacket(): could not receive data: 9
[ 98872][E][WiFiUdp.cpp:221] parsePacket(): could not receive data: 9
[ 98878][E][WiFiUdp.cpp:221] parsePacket(): could not receive data: 9
[ 98884][E][WiFiUdp.cpp:221] parsePacket(): could not receive data: 9
[ 98890][E][WiFiUdp.cpp:221] parsePacket(): could not receive data: 9
[ 98896][E][WiFiUdp.cpp:221] parsePacket(): could not receive data: 9
[ 98902][E][WiFiUdp.cpp:221] parsePacket(): could not receive data: 9
[ 98908][E][WiFiUdp.cpp:221] parsePacket(): could not receive data: 9
[ 98914][E][WiFiUdp.cpp:221] parsePacket(): could not receive data: 9
[ 98920][E][WiFiUdp.cpp:221] parsePacket(): could not receive data: 9
[ 98926][E][WiFiUdp.cpp:221] parsePacket(): could not receive data: 9
[ 98932][E][WiFiUdp.cpp:221] parsePacket(): could not receive data: 9
[ 98938][E][WiFiUdp.cpp:221] parsePacket(): could not receive data: 9
[ 98944][E][WiFiUdp.cpp:221] parsePacket(): could not receive data: 9
[ 98950][E][WiFiUdp.cpp:221] parsePacket(): could not receive data: 9
[ 98956][E][WiFiUdp.cpp:221] parsePacket(): could not receive data: 9
[ 98962][E][WiFiUdp.cpp:221] parsePacket(): could not receive data: 9
[ 98968][E][WiFiUdp.cpp:221] parsePacket(): could not receive data: 9
[ 98974][E][WiFiUdp.cpp:221] parsePacket(): could not receive data: 9
[ 98980][E][WiFiUdp.cpp:221] parsePacket(): could not receive data: 9
[ 98986][E][WiFiUdp.cpp:221] parsePacket(): could not receive data: 9
[ 98992][E][WiFiUdp.cpp:221] parsePacket(): could not receive data: 9
[ 98998][E][WiFiUdp.cpp:221] parsePacket(): could not receive data: 9
[ 99004][E][WiFiUdp.cpp:221] parsePacket(): could not receive data: 9
[ 99010][E][WiFiUdp.cpp:221] parsePacket(): could not receive data: 9
[ 99016][E][WiFiUdp.cpp:221] parsePacket(): could not receive data: 9
[ 99022][E][WiFiUdp.cpp:221] parsePacket(): could not receive data: 9
[ 99028][E][WiFiUdp.cpp:221] parsePacket(): could not receive data: 9
[ 99034][E][WiFiUdp.cpp:221] parsePacket(): could not receive data: 9
[ 99040][E][WiFiUdp.cpp:221] parsePacket(): could not receive data: 9
[ 99046][E][WiFiUdp.cpp:221] parsePacket(): could not receive data: 9
[ 99052][E][WiFiUdp.cpp:221] parsePacket(): could not receive data: 9
[ 99058][E][WiFiUdp.cpp:221] parsePacket(): could not receive data: 9
[ 99064][E][WiFiUdp.cpp:221] parsePacket(): could not receive data: 9
[ 99070][E][WiFiUdp.cpp:221] parsePacket(): could not receive data: 9
[ 99076][E][WiFiUdp.cpp:221] parsePacket(): could not receive data: 9
[ 99082][E][WiFiUdp.cpp:221] parsePacket(): could not receive data: 9
[ 99088][E][WiFiUdp.cpp:221] parsePacket(): could not receive data: 9
[ 99094][E][WiFiUdp.cpp:221] parsePacket(): could not receive data: 9
[ 99100][E][WiFiUdp.cpp:221] parsePacket(): could not receive data: 9
[ 99106][E][WiFiUdp.cpp:221] parsePacket(): could not receive data: 9
[ 99112][E][WiFiUdp.cpp:221] parsePacket(): could not receive data: 9
[ 99118][E][WiFiUdp.cpp:221] parsePacket(): could not receive data: 9
[ 99124][E][WiFiUdp.cpp:221] parsePacket(): could not receive data: 9
[ 99130][E][WiFiUdp.cpp:221] parsePacket(): could not receive data: 9
[ 99136][E][WiFiUdp.cpp:221] parsePacket(): could not receive data: 9
[ 99142][E][WiFiUdp.cpp:221] parsePacket(): could not receive data: 9
[ 99148][E][WiFiUdp.cpp:221] parsePacket(): could not receive data: 9
[ 99154][E][WiFiUdp.cpp:221] parsePacket(): could not receive data: 9
[ 99160][E][WiFiUdp.cpp:221] parsePacket(): could not receive data: 9
[ 99166][E][WiFiUdp.cpp:221] parsePacket(): could not receive data: 9
[ 99172][E][WiFiUdp.cpp:221] parsePacket(): could not receive data: 9
[ 99178][E][WiFiUdp.cpp:221] parsePacket(): could not receive data: 9
[ 99184][E][WiFiUdp.cpp:221] parsePacket(): could not receive data: 9
[ 99190][E][WiFiUdp.cpp:221] parsePacket(): could not receive data: 9
[ 99196][E][WiFiUdp.cpp:221] parsePacket(): could not receive data: 9
[ 99202][E][WiFiUdp.cpp:221] parsePacket(): could not receive data: 9
[ 99208][E][WiFiUdp.cpp:221] parsePacket(): could not receive data: 9
[ 99214][E][WiFiUdp.cpp:221] parsePacket(): could not receive data: 9
[ 99220][E][WiFiUdp.cpp:221] parsePacket(): could not receive data: 9
[ 99226][E][WiFiUdp.cpp:221] parsePacket(): could not receive data: 9
[ 99232][E][WiFiUdp.cpp:221] parsePacket(): could not receive data: 9
[ 99238][E][WiFiUdp.cpp:221] parsePacket(): could not receive data: 9
[ 99244][E][WiFiUdp.cpp:221] parsePacket(): could not receive data: 9
[ 99250][E][WiFiUdp.cpp:221] parsePacket(): could not receive data: 9
[ 99255][E][WiFiUdp.cpp:221] parsePacket(): could not receive data: 9
[ 99262][E][WiFiUdp.cpp:221] parsePacket(): could not receive data: 9
[ 99268][E][WiFiUdp.cpp:221] parsePacket(): could not receive data: 9
[ 99274][E][WiFiUdp.cpp:221] parsePacket(): could not receive data: 9
[ 99280][E][WiFiUdp.cpp:221] parsePacket(): could not receive data: 9
[ 99286][E][WiFiUdp.cpp:221] parsePacket(): could not receive data: 9
[ 99292][E][WiFiUdp.cpp:221] parsePacket(): could not receive data: 9
[ 99298][E][WiFiUdp.cpp:221] parsePacket(): could not receive data: 9
[ 99304][E][WiFiUdp.cpp:221] parsePacket(): could not receive data: 9
[ 99310][E][WiFiUdp.cpp:221] parsePacket(): could not receive data: 9
[ 99316][E][WiFiUdp.cpp:221] parsePacket(): could not receive data: 9
[ 99322][E][WiFiUdp.cpp:221] parsePacket(): could not receive data: 9
[ 99328][E][WiFiUdp.cpp:221] parsePacket(): could not receive data: 9
[ 99334][E][WiFiUdp.cpp:221] parsePacket(): could not receive data: 9
[ 99340][E][WiFiUdp.cpp:221] parsePacket(): could not receive data: 9
[ 99346][E][WiFiUdp.cpp:221] parsePacket(): could not receive data: 9
[ 99352][E][WiFiUdp.cpp:221] parsePacket(): could not receive data: 9
[ 99358][E][WiFiUdp.cpp:221] parsePacket(): could not receive data: 9
[ 99364][E][WiFiUdp.cpp:221] parsePacket(): could not receive data: 9
[ 99370][E][WiFiUdp.cpp:221] parsePacket(): could not receive data: 9
[ 99376][E][WiFiUdp.cpp:221] parsePacket(): could not receive data: 9
[ 99382][E][WiFiUdp.cpp:221] parsePacket(): could not receive data: 9
[ 99388][E][WiFiUdp.cpp:221] parsePacket(): could not receive data: 9
[ 99394][E][WiFiUdp.cpp:221] parsePacket(): could not receive data: 9
[ 99400][E][WiFiUdp.cpp:221] parsePacket(): could not receive data: 9
[ 99406][E][WiFiUdp.cpp:221] parsePacket(): could not receive data: 9
[ 99412][E][WiFiUdp.cpp:221] parsePacket(): could not receive data: 9
[ 99418][E][WiFiUdp.cpp:221] parsePacket(): could not receive data: 9
[ 99424][E][WiFiUdp.cpp:221] parsePacket(): could not receive data: 9
[ 99430][E][WiFiUdp.cpp:221] parsePacket(): could not receive data: 9
[ 99436][E][WiFiUdp.cpp:221] parsePacket(): could not receive data: 9
[ 99442][E][WiFiUdp.cpp:221] parsePacket(): could not receive data: 9
[ 99448][E][WiFiUdp.cpp:221] parsePacket(): could not receive data: 9
[ 99454][E][WiFiUdp.cpp:221] parsePacket(): could not receive data: 9
[ 99460][E][WiFiUdp.cpp:221] parsePacket(): could not receive data: 9
[ 99466][E][WiFiUdp.cpp:221] parsePacket(): could not receive data: 9
[ 99472][E][WiFiUdp.cpp:221] parsePacket(): could not receive data: 9
[ 99478][E][WiFiUdp.cpp:221] parsePacket(): could not receive data: 9
[ 99484][E][WiFiUdp.cpp:221] parsePacket(): could not receive data: 9
[ 99490][E][WiFiUdp.cpp:221] parsePacket(): could not receive data: 9
[ 99496][E][WiFiUdp.cpp:221] parsePacket(): could not receive data: 9
[ 99502][E][WiFiUdp.cpp:221] parsePacket(): could not receive data: 9
[ 99508][E][WiFiUdp.cpp:221] parsePacket(): could not receive data: 9
[ 99514][E][WiFiUdp.cpp:221] parsePacket(): could not receive data: 9
[ 99520][E][WiFiUdp.cpp:221] parsePacket(): could not receive data: 9
[ 99526][E][WiFiUdp.cpp:221] parsePacket(): could not receive data: 9
[ 99532][E][WiFiUdp.cpp:221] parsePacket(): could not receive data: 9
[ 99538][E][WiFiUdp.cpp:221] parsePacket(): could not receive data: 9
[ 99544][E][WiFiUdp.cpp:221] parsePacket(): could not receive data: 9
[ 99550][E][WiFiUdp.cpp:221] parsePacket(): could not receive data: 9
[ 99556][E][WiFiUdp.cpp:221] parsePacket(): could not receive data: 9
[ 99562][E][WiFiUdp.cpp:221] parsePacket(): could not receive data: 9
[ 99568][E][WiFiUdp.cpp:221] parsePacket(): could not receive data: 9
[ 99574][E][WiFiUdp.cpp:221] parsePacket(): could not receive data: 9
[ 99580][E][WiFiUdp.cpp:221] parsePacket(): could not receive data: 9
[ 99586][E][WiFiUdp.cpp:221] parsePacket(): could not receive data: 9
[ 99592][E][WiFiUdp.cpp:221] parsePacket(): could not receive data: 9
[ 99598][E][WiFiUdp.cpp:221] parsePacket(): could not receive data: 9
[ 99604][E][WiFiUdp.cpp:221] parsePacket(): could not receive data: 9
[ 99610][E][WiFiUdp.cpp:221] parsePacket(): could not receive data: 9
[ 99616][E][WiFiUdp.cpp:221] parsePacket(): could not receive data: 9
[ 99622][E][WiFiUdp.cpp:221] parsePacket(): could not receive data: 9
[ 99628][E][WiFiUdp.cpp:221] parsePacket(): could not receive data: 9
[ 99634][E][WiFiUdp.cpp:221] parsePacket(): could not receive data: 9
[ 99640][E][WiFiUdp.cpp:221] parsePacket(): could not receive data: 9
[ 99646][E][WiFiUdp.cpp:221] parsePacket(): could not receive data: 9
[ 99652][E][WiFiUdp.cpp:221] parsePacket(): could not receive data: 9
[ 99658][E][WiFiUdp.cpp:221] parsePacket(): could not receive data: 9
[ 99664][E][WiFiUdp.cpp:221] parsePacket(): could not receive data: 9
[ 99670][E][WiFiUdp.cpp:221] parsePacket(): could not receive data: 9
[ 99676][E][WiFiUdp.cpp:221] parsePacket(): could not receive data: 9
[ 99682][E][WiFiUdp.cpp:221] parsePacket(): could not receive data: 9
[ 99688][E][WiFiUdp.cpp:221] parsePacket(): could not receive data: 9
[ 99694][E][WiFiUdp.cpp:221] parsePacket(): could not receive data: 9
[ 99700][E][WiFiUdp.cpp:221] parsePacket(): could not receive data: 9
[ 99706][E][WiFiUdp.cpp:221] parsePacket(): could not receive data: 9
[ 99712][E][WiFiUdp.cpp:221] parsePacket(): could not receive data: 9
[ 99718][E][WiFiUdp.cpp:221] parsePacket(): could not receive data: 9
[ 99724][E][WiFiUdp.cpp:221] parsePacket(): could not receive data: 9
[ 99730][E][WiFiUdp.cpp:221] parsePacket(): could not receive data: 9
[ 99736][E][WiFiUdp.cpp:221] parsePacket(): could not receive data: 9
[ 99742][E][WiFiUdp.cpp:221] parsePacket(): could not receive data: 9
[ 99748][E][WiFiUdp.cpp:221] parsePacket(): could not receive data: 9
[ 99754][E][WiFiUdp.cpp:221] parsePacket(): could not receive data: 9
[ 99760][E][WiFiUdp.cpp:221] parsePacket(): could not receive data: 9
[ 99766][E][WiFiUdp.cpp:221] parsePacket(): could not receive data: 9
[ 99772][E][WiFiUdp.cpp:221] parsePacket(): could not receive data: 9
[ 99778][E][WiFiUdp.cpp:221] parsePacket(): could not receive data: 9
[ 99784][E][WiFiUdp.cpp:221] parsePacket(): could not receive data: 9
[ 99790][E][WiFiUdp.cpp:221] parsePacket(): could not receive data: 9
[ 99796][E][WiFiUdp.cpp:221] parsePacket(): could not receive data: 9
[ 99802][E][WiFiUdp.cpp:221] parsePacket(): could not receive data: 9
[ 99808][E][WiFiUdp.cpp:221] parsePacket(): could not receive data: 9
[ 99814][E][WiFiUdp.cpp:221] parsePacket(): could not receive data: 9
[ 99820][E][WiFiUdp.cpp:221] parsePacket(): could not receive data: 9
[ 99826][E][WiFiUdp.cpp:221] parsePacket(): could not receive data: 9
[ 99832][E][WiFiUdp.cpp:221] parsePacket(): could not receive data: 9
[ 99838][E][WiFiUdp.cpp:221] parsePacket(): could not receive data: 9
[ 99844][E][WiFiUdp.cpp:221] parsePacket(): could not receive data: 9
[ 99850][E][WiFiUdp.cpp:221] parsePacket(): could not receive data: 9
[ 99856][E][WiFiUdp.cpp:221] parsePacket(): could not receive data: 9
[ 99862][E][WiFiUdp.cpp:221] parsePacket(): could not receive data: 9
[ 99868][E][WiFiUdp.cpp:221] parsePacket(): could not receive data: 9
[ 99874][E][WiFiUdp.cpp:221] parsePacket(): could not receive data: 9
[ 99880][E][WiFiUdp.cpp:221] parsePacket(): could not receive data: 9
[ 99886][E][WiFiUdp.cpp:221] parsePacket(): could not receive data: 9
[ 99892][E][WiFiUdp.cpp:221] parsePacket(): could not receive data: 9
[ 99898][E][WiFiUdp.cpp:221] parsePacket(): could not receive data: 9
[ 99904][E][WiFiUdp.cpp:221] parsePacket(): could not receive data: 9
[ 99910][E][WiFiUdp.cpp:221] parsePacket(): could not receive data: 9
[ 99916][E][WiFiUdp.cpp:221] parsePacket(): could not receive data: 9
[ 99922][E][WiFiUdp.cpp:221] parsePacket(): could not receive data: 9
[ 99928][E][WiFiUdp.cpp:221] parsePacket(): could not receive data: 9
[ 99934][E][WiFiUdp.cpp:221] parsePacket(): could not receive data: 9
[ 99940][E][WiFiUdp.cpp:221] parsePacket(): could not receive data: 9
[ 99946][E][WiFiUdp.cpp:221] parsePacket(): could not receive data: 9
[ 99952][E][WiFiUdp.cpp:221] parsePacket(): could not receive data: 9
[ 99958][E][WiFiUdp.cpp:221] parsePacket(): could not receive data: 9
[ 99964][E][WiFiUdp.cpp:221] parsePacket(): could not receive data: 9
[ 99970][E][WiFiUdp.cpp:221] parsePacket(): could not receive data: 9
[ 99976][E][WiFiUdp.cpp:221] parsePacket(): could not receive data: 9
[ 99982][E][WiFiUdp.cpp:221] parsePacket(): could not receive data: 9
[ 99988][E][WiFiUdp.cpp:221] parsePacket(): could not receive data: 9
[ 99994][E][WiFiUdp.cpp:221] parsePacket(): could not receive data: 9
[100000][E][WiFiUdp.cpp:221] parsePacket(): could not receive data: 9
[100006][E][WiFiUdp.cpp:221] parsePacket(): could not receive data: 9
[100012][E][WiFiUdp.cpp:221] parsePacket(): could not receive data: 9
[100018][E][WiFiUdp.cpp:221] parsePacket(): could not receive data: 9
[100024][E][WiFiUdp.cpp:221] parsePacket(): could not receive data: 9
[100030][E][WiFiUdp.cpp:221] parsePacket(): could not receive data: 9
[100036][E][WiFiUdp.cpp:221] parsePacket(): could not receive data: 9
[100042][E][WiFiUdp.cpp:221] parsePacket(): could not receive data: 9
[100048][E][WiFiUdp.cpp:221] parsePacket(): could not receive data: 9
[100054][E][WiFiUdp.cpp:221] parsePacket(): could not receive data: 9
[100060][E][WiFiUdp.cpp:221] parsePacket(): could not receive data: 9
[100066][E][WiFiUdp.cpp:221] parsePacket(): could not receive data: 9
[100072][E][WiFiUdp.cpp:221] parsePacket(): could not receive data: 9
[100078][E][WiFiUdp.cpp:221] parsePacket(): could not receive data: 9
[100084][E][WiFiUdp.cpp:221] parsePacket(): could not receive data: 9
[100090][E][WiFiUdp.cpp:221] parsePacket(): could not receive data: 9
[100096][E][WiFiUdp.cpp:221] parsePacket(): could not receive data: 9
[100102][E][WiFiUdp.cpp:221] parsePacket(): could not receive data: 9
[100108][E][WiFiUdp.cpp:221] parsePacket(): could not receive data: 9
[100114][E][WiFiUdp.cpp:221] parsePacket(): could not receive data: 9
[100120][E][WiFiUdp.cpp:221] parsePacket(): could not receive data: 9
[100126][E][WiFiUdp.cpp:221] parsePacket(): could not receive data: 9
[100132][E][WiFiUdp.cpp:221] parsePacket(): could not receive data: 9
[100138][E][WiFiUdp.cpp:221] parsePacket(): could not receive data: 9
[100144][E][WiFiUdp.cpp:221] parsePacket(): could not receive data: 9
[100150][E][WiFiUdp.cpp:221] parsePacket(): could not receive data: 9
[100156][E][WiFiUdp.cpp:221] parsePacket(): could not receive data: 9
[100162][E][WiFiUdp.cpp:221] parsePacket(): could not receive data: 9
[100168][E][WiFiUdp.cpp:221] parsePacket(): could not receive data: 9
[100174][E][WiFiUdp.cpp:221] parsePacket(): could not receive data: 9
[100180][E][WiFiUdp.cpp:221] parsePacket(): could not receive data: 9
[100186][E][WiFiUdp.cpp:221] parsePacket(): could not receive data: 9
[100192][E][WiFiUdp.cpp:221] parsePacket(): could not receive data: 9
[100198][E][WiFiUdp.cpp:221] parsePacket(): could not receive data: 9
[100204][E][WiFiUdp.cpp:221] parsePacket(): could not receive data: 9
[100210][E][WiFiUdp.cpp:221] parsePacket(): could not receive data: 9
[100216][E][WiFiUdp.cpp:221] parsePacket(): could not receive data: 9
[100222][E][WiFiUdp.cpp:221] parsePacket(): could not receive data: 9
[100228][E][WiFiUdp.cpp:221] parsePacket(): could not receive data: 9
[100234][E][WiFiUdp.cpp:221] parsePacket(): could not receive data: 9
[100240][E][WiFiUdp.cpp:221] parsePacket(): could not receive data: 9
[100246][E][WiFiUdp.cpp:221] parsePacket(): could not receive data: 9
[100252][E][WiFiUdp.cpp:221] parsePacket(): could not receive data: 9
[100258][E][WiFiUdp.cpp:221] parsePacket(): could not receive data: 9
[100264][E][WiFiUdp.cpp:221] parsePacket(): could not receive data: 9
[100270][E][WiFiUdp.cpp:221] parsePacket(): could not receive data: 9
[100276][E][WiFiUdp.cpp:221] parsePacket(): could not receive data: 9
[100282][E][WiFiUdp.cpp:221] parsePacket(): could not receive data: 9
[100288][E][WiFiUdp.cpp:221] parsePacket(): could not receive data: 9
[100294][E][WiFiUdp.cpp:221] parsePacket(): could not receive data: 9
[100300][E][WiFiUdp.cpp:221] parsePacket(): could not receive data: 9
[100306][E][WiFiUdp.cpp:221] parsePacket(): could not receive data: 9
[100312][E][WiFiUdp.cpp:221] parsePacket(): could not receive data: 9
[100318][E][WiFiUdp.cpp:221] parsePacket(): could not receive data: 9
[100324][E][WiFiUdp.cpp:221] parsePacket(): could not receive data: 9
[100330][E][WiFiUdp.cpp:221] parsePacket(): could not receive data: 9
[100336][E][WiFiUdp.cpp:221] parsePacket(): could not receive data: 9
[100342][E][WiFiUdp.cpp:221] parsePacket(): could not receive data: 9
[100348][E][WiFiUdp.cpp:221] parsePacket(): could not receive data: 9
[100354][E][WiFiUdp.cpp:221] parsePacket(): could not receive data: 9
[100360][E][WiFiUdp.cpp:221] parsePacket(): could not receive data: 9
[100366][E][WiFiUdp.cpp:221] parsePacket(): could not receive data: 9
[100372][E][WiFiUdp.cpp:221] parsePacket(): could not receive data: 9
[100378][E][WiFiUdp.cpp:221] parsePacket(): could not receive data: 9
[100384][E][WiFiUdp.cpp:221] parsePacket(): could not receive data: 9
[100390][E][WiFiUdp.cpp:221] parsePacket(): could not receive data: 9
[100396][E][WiFiUdp.cpp:221] parsePacket(): could not receive data: 9
[100402][E][WiFiUdp.cpp:221] parsePacket(): could not receive data: 9
[100408][E][WiFiUdp.cpp:221] parsePacket(): could not receive data: 9
[100414][E][WiFiUdp.cpp:221] parsePacket(): could not receive data: 9
[100420][E][WiFiUdp.cpp:221] parsePacket(): could not receive data: 9
[100426][E][WiFiUdp.cpp:221] parsePacket(): could not receive data: 9
[100432][E][WiFiUdp.cpp:221] parsePacket(): could not receive data: 9
[100438][E][WiFiUdp.cpp:221] parsePacket(): could not receive data: 9
[100444][E][WiFiUdp.cpp:221] parsePacket(): could not receive data: 9
[100450][E][WiFiUdp.cpp:221] parsePacket(): could not receive data: 9
[100456][E][WiFiUdp.cpp:221] parsePacket(): could not receive data: 9
[100462][E][WiFiUdp.cpp:221] parsePacket(): could not receive data: 9
[100468][E][WiFiUdp.cpp:221] parsePacket(): could not receive data: 9
[100474][E][WiFiUdp.cpp:221] parsePacket(): could not receive data: 9
[100480][E][WiFiUdp.cpp:221] parsePacket(): could not receive data: 9
[100486][E][WiFiUdp.cpp:221] parsePacket(): could not receive data: 9
[100492][E][WiFiUdp.cpp:221] parsePacket(): could not receive data: 9
[100498][E][WiFiUdp.cpp:221] parsePacket(): could not receive data: 9
[100504][E][WiFiUdp.cpp:221] parsePacket(): could not receive data: 9
[100510][E][WiFiUdp.cpp:221] parsePacket(): could not receive data: 9
[100516][E][WiFiUdp.cpp:221] parsePacket(): could not receive data: 9
[100522][E][WiFiUdp.cpp:221] parsePacket(): could not receive data: 9
[100528][E][WiFiUdp.cpp:221] parsePacket(): could not receive data: 9
[100534][E][WiFiUdp.cpp:221] parsePacket(): could not receive data: 9
[100540][E][WiFiUdp.cpp:221] parsePacket(): could not receive data: 9
[100546][E][WiFiUdp.cpp:221] parsePacket(): could not receive data: 9
[100552][E][WiFiUdp.cpp:221] parsePacket(): could not receive data: 9
[100558][E][WiFiUdp.cpp:221] parsePacket(): could not receive data: 9
[100564][E][WiFiUdp.cpp:221] parsePacket(): could not receive data: 9
[100570][E][WiFiUdp.cpp:221] parsePacket(): could not receive data: 9
[100576][E][WiFiUdp.cpp:221] parsePacket(): could not receive data: 9
[100582][E][WiFiUdp.cpp:221] parsePacket(): could not receive data: 9
[100588][E][WiFiUdp.cpp:221] parsePacket(): could not receive data: 9
[100594][E][WiFiUdp.cpp:221] parsePacket(): could not receive data: 9
[100600][E][WiFiUdp.cpp:221] parsePacket(): could not receive data: 9
[100606][E][WiFiUdp.cpp:221] parsePacket(): could not receive data: 9
[100612][E][WiFiUdp.cpp:221] parsePacket(): could not receive data: 9
[100618][E][WiFiUdp.cpp:221] parsePacket(): could not receive data: 9
[100624][E][WiFiUdp.cpp:221] parsePacket(): could not receive data: 9
[100630][E][WiFiUdp.cpp:221] parsePacket(): could not receive data: 9
[100636][E][WiFiUdp.cpp:221] parsePacket(): could not receive data: 9
[100642][E][WiFiUdp.cpp:221] parsePacket(): could not receive data: 9
[100648][E][WiFiUdp.cpp:221] parsePacket(): could not receive data: 9
[100654][E][WiFiUdp.cpp:221] parsePacket(): could not receive data: 9
[100660][E][WiFiUdp.cpp:221] parsePacket(): could not receive data: 9
[100666][E][WiFiUdp.cpp:221] parsePacket(): could not receive data: 9
[100672][E][WiFiUdp.cpp:221] parsePacket(): could not receive data: 9
[100678][E][WiFiUdp.cpp:221] parsePacket(): could not receive data: 9
[100684][E][WiFiUdp.cpp:221] parsePacket(): could not receive data: 9
[100690][E][WiFiUdp.cpp:221] parsePacket(): could not receive data: 9
[100696][E][WiFiUdp.cpp:221] parsePacket(): could not receive data: 9
[100702][E][WiFiUdp.cpp:221] parsePacket(): could not receive data: 9
[100708][E][WiFiUdp.cpp:221] parsePacket(): could not receive data: 9
[100714][E][WiFiUdp.cpp:221] parsePacket(): could not receive data: 9
[100720][E][WiFiUdp.cpp:221] parsePacket(): could not receive data: 9
[100726][E][WiFiUdp.cpp:221] parsePacket(): could not receive data: 9
[100732][E][WiFiUdp.cpp:221] parsePacket(): could not receive data: 9
[100738][E][WiFiUdp.cpp:221] parsePacket(): could not receive data: 9
[100744][E][WiFiUdp.cpp:221] parsePacket(): could not receive data: 9
[100750][E][WiFiUdp.cpp:221] parsePacket(): could not receive data: 9
[100756][E][WiFiUdp.cpp:221] parsePacket(): could not receive data: 9
[100762][E][WiFiUdp.cpp:221] parsePacket(): could not receive data: 9
[100768][E][WiFiUdp.cpp:221] parsePacket(): could not receive data: 9
[100774][E][WiFiUdp.cpp:221] parsePacket(): could not receive data: 9
[100780][E][WiFiUdp.cpp:221] parsePacket(): could not receive data: 9
[100786][E][WiFiUdp.cpp:221] parsePacket(): could not receive data: 9
[100792][E][WiFiUdp.cpp:221] parsePacket(): could not receive data: 9
[100798][E][WiFiUdp.cpp:221] parsePacket(): could not receive data: 9
[100804][E][WiFiUdp.cpp:221] parsePacket(): could not receive data: 9
[100810][E][WiFiUdp.cpp:221] parsePacket(): could not receive data: 9
[100816][E][WiFiUdp.cpp:221] parsePacket(): could not receive data: 9
[100822][E][WiFiUdp.cpp:221] parsePacket(): could not receive data: 9
[100828][E][WiFiUdp.cpp:221] parsePacket(): could not receive data: 9
[100834][E][WiFiUdp.cpp:221] parsePacket(): could not receive data: 9
[100840][E][WiFiUdp.cpp:221] parsePacket(): could not receive data: 9
[100846][E][WiFiUdp.cpp:221] parsePacket(): could not receive data: 9
[100852][E][WiFiUdp.cpp:221] parsePacket(): could not receive data: 9
[100858][E][WiFiUdp.cpp:221] parsePacket(): could not receive data: 9
[100864][E][WiFiUdp.cpp:221] parsePacket(): could not receive data: 9
[100870][E][WiFiUdp.cpp:221] parsePacket(): could not receive data: 9
[100876][E][WiFiUdp.cpp:221] parsePacket(): could not receive data: 9
[100882][E][WiFiUdp.cpp:221] parsePacket(): could not receive data: 9
[100888][E][WiFiUdp.cpp:221] parsePacket(): could not receive data: 9
[100894][E][WiFiUdp.cpp:221] parsePacket(): could not receive data: 9
[100900][E][WiFiUdp.cpp:221] parsePacket(): could not receive data: 9
[100906][E][WiFiUdp.cpp:221] parsePacket(): could not receive data: 9
[100912][E][WiFiUdp.cpp:221] parsePacket(): could not receive data: 9
[100918][E][WiFiUdp.cpp:221] parsePacket(): could not receive data: 9
[100924][E][WiFiUdp.cpp:221] parsePacket(): could not receive data: 9
[100930][E][WiFiUdp.cpp:221] parsePacket(): could not receive data: 9
[100936][E][WiFiUdp.cpp:221] parsePacket(): could not receive data: 9
[100942][E][WiFiUdp.cpp:221] parsePacket(): could not receive data: 9
[100948][E][WiFiUdp.cpp:221] parsePacket(): could not receive data: 9
[100954][E][WiFiUdp.cpp:221] parsePacket(): could not receive data: 9
[100960][E][WiFiUdp.cpp:221] parsePacket(): could not receive data: 9
[100966][E][WiFiUdp.cpp:221] parsePacket(): could not receive data: 9
[100972][E][WiFiUdp.cpp:221] parsePacket(): could not receive data: 9
[100978][E][WiFiUdp.cpp:221] parsePacket(): could not receive data: 9
[100984][E][WiFiUdp.cpp:221] parsePacket(): could not receive data: 9
[100990][E][WiFiUdp.cpp:221] parsePacket(): could not receive data: 9
[100996][E][WiFiUdp.cpp:221] parsePacket(): could not receive data: 9
[101002][E][WiFiUdp.cpp:221] parsePacket(): could not receive data: 9
[101008][E][WiFiUdp.cpp:221] parsePacket(): could not receive data: 9
[101014][E][WiFiUdp.cpp:221] parsePacket(): could not receive data: 9
[101020][E][WiFiUdp.cpp:221] parsePacket(): could not receive data: 9
[101026][E][WiFiUdp.cpp:221] parsePacket(): could not receive data: 9
[101032][E][WiFiUdp.cpp:221] parsePacket(): could not receive data: 9
[101038][E][WiFiUdp.cpp:221] parsePacket(): could not receive data: 9
[101044][E][WiFiUdp.cpp:221] parsePacket(): could not receive data: 9
[101050][E][WiFiUdp.cpp:221] parsePacket(): could not receive data: 9
[101056][E][WiFiUdp.cpp:221] parsePacket(): could not receive data: 9
[101062][E][WiFiUdp.cpp:221] parsePacket(): could not receive data: 9
[101068][E][WiFiUdp.cpp:221] parsePacket(): could not receive data: 9
[101074][E][WiFiUdp.cpp:221] parsePacket(): could not receive data: 9
[101080][E][WiFiUdp.cpp:221] parsePacket(): could not receive data: 9
[101086][E][WiFiUdp.cpp:221] parsePacket(): could not receive data: 9
[101092][E][WiFiUdp.cpp:221] parsePacket(): could not receive data: 9
[101098][E][WiFiUdp.cpp:221] parsePacket(): could not receive data: 9
[101104][E][WiFiUdp.cpp:221] parsePacket(): could not receive data: 9
[101110][E][WiFiUdp.cpp:221] parsePacket(): could not receive data: 9
[101116][E][WiFiUdp.cpp:221] parsePacket(): could not receive data: 9
[101122][E][WiFiUdp.cpp:221] parsePacket(): could not receive data: 9
[101128][E][WiFiUdp.cpp:221] parsePacket(): could not receive data: 9
[101134][E][WiFiUdp.cpp:221] parsePacket(): could not receive data: 9
[101140][E][WiFiUdp.cpp:221] parsePacket(): could not receive data: 9
[101146][E][WiFiUdp.cpp:221] parsePacket(): could not receive data: 9
[101152][E][WiFiUdp.cpp:221] parsePacket(): could not receive data: 9
[101158][E][WiFiUdp.cpp:221] parsePacket(): could not receive data: 9
[101164][E][WiFiUdp.cpp:221] parsePacket(): could not receive data: 9
[101170][E][WiFiUdp.cpp:221] parsePacket(): could not receive data: 9
[101176][E][WiFiUdp.cpp:221] parsePacket(): could not receive data: 9
[101182][E][WiFiUdp.cpp:221] parsePacket(): could not receive data: 9
[101188][E][WiFiUdp.cpp:221] parsePacket(): could not receive data: 9
[101194][E][WiFiUdp.cpp:221] parsePacket(): could not receive data: 9
[101200][E][WiFiUdp.cpp:221] parsePacket(): could not receive data: 9
[101206][E][WiFiUdp.cpp:221] parsePacket(): could not receive data: 9
[101212][E][WiFiUdp.cpp:221] parsePacket(): could not receive data: 9
[101218][E][WiFiUdp.cpp:221] parsePacket(): could not receive data: 9
[101224][E][WiFiUdp.cpp:221] parsePacket(): could not receive data: 9
[101230][E][WiFiUdp.cpp:221] parsePacket(): could not receive data: 9
[101236][E][WiFiUdp.cpp:221] parsePacket(): could not receive data: 9
[101242][E][WiFiUdp.cpp:221] parsePacket(): could not receive data: 9
[101248][E][WiFiUdp.cpp:221] parsePacket(): could not receive data: 9
[101254][E][WiFiUdp.cpp:221] parsePacket(): could not receive data: 9
[101260][E][WiFiUdp.cpp:221] parsePacket(): could not receive data: 9
[101266][E][WiFiUdp.cpp:221] parsePacket(): could not receive data: 9
[101272][E][WiFiUdp.cpp:221] parsePacket(): could not receive data: 9
[101278][E][WiFiUdp.cpp:221] parsePacket(): could not receive data: 9
[101284][E][WiFiUdp.cpp:221] parsePacket(): could not receive data: 9
[101290][E][WiFiUdp.cpp:221] parsePacket(): could not receive data: 9
[101296][E][WiFiUdp.cpp:221] parsePacket(): could not receive data: 9
[101302][E][WiFiUdp.cpp:221] parsePacket(): could not receive data: 9
[101308][E][WiFiUdp.cpp:221] parsePacket(): could not receive data: 9
[101314][E][WiFiUdp.cpp:221] parsePacket(): could not receive data: 9
[101320][E][WiFiUdp.cpp:221] parsePacket(): could not receive data: 9
[101326][E][WiFiUdp.cpp:221] parsePacket(): could not receive data: 9
[101332][E][WiFiUdp.cpp:221] parsePacket(): could not receive data: 9
[101338][E][WiFiUdp.cpp:221] parsePacket(): could not receive data: 9
[101344][E][WiFiUdp.cpp:221] parsePacket(): could not receive data: 9
[101350][E][WiFiUdp.cpp:221] parsePacket(): could not receive data: 9
[101356][E][WiFiUdp.cpp:221] parsePacket(): could not receive data: 9
[101362][E][WiFiUdp.cpp:221] parsePacket(): could not receive data: 9
[101368][E][WiFiUdp.cpp:221] parsePacket(): could not receive data: 9
[101374][E][WiFiUdp.cpp:221] parsePacket(): could not receive data: 9
[101380][E][WiFiUdp.cpp:221] parsePacket(): could not receive data: 9
[101386][E][WiFiUdp.cpp:221] parsePacket(): could not receive data: 9
[101392][E][WiFiUdp.cpp:221] parsePacket(): could not receive data: 9
[101398][E][WiFiUdp.cpp:221] parsePacket(): could not receive data: 9
[101404][E][WiFiUdp.cpp:221] parsePacket(): could not receive data: 9
[101410][E][WiFiUdp.cpp:221] parsePacket(): could not receive data: 9
[101416][E][WiFiUdp.cpp:221] parsePacket(): could not receive data: 9
[101422][E][WiFiUdp.cpp:221] parsePacket(): could not receive data: 9
[101428][E][WiFiUdp.cpp:221] parsePacket(): could not receive data: 9
[101434][E][WiFiUdp.cpp:221] parsePacket(): could not receive data: 9
[101440][E][WiFiUdp.cpp:221] parsePacket(): could not receive data: 9
[101446][E][WiFiUdp.cpp:221] parsePacket(): could not receive data: 9
[101452][E][WiFiUdp.cpp:221] parsePacket(): could not receive data: 9
[101458][E][WiFiUdp.cpp:221] parsePacket(): could not receive data: 9
[101464][E][WiFiUdp.cpp:221] parsePacket(): could not receive data: 9
[101470][E][WiFiUdp.cpp:221] parsePacket(): could not receive data: 9
[101476][E][WiFiUdp.cpp:221] parsePacket(): could not receive data: 9
[101482][E][WiFiUdp.cpp:221] parsePacket(): could not receive data: 9
[101488][E][WiFiUdp.cpp:221] parsePacket(): could not receive data: 9
[101494][E][WiFiUdp.cpp:221] parsePacket(): could not receive data: 9
[101500][E][WiFiUdp.cpp:221] parsePacket(): could not receive data: 9
[101506][E][WiFiUdp.cpp:221] parsePacket(): could not receive data: 9
[101512][E][WiFiUdp.cpp:221] parsePacket(): could not receive data: 9
[101518][E][WiFiUdp.cpp:221] parsePacket(): could not receive data: 9
[101524][E][WiFiUdp.cpp:221] parsePacket(): could not receive data: 9
[101530][E][WiFiUdp.cpp:221] parsePacket(): could not receive data: 9
[101536][E][WiFiUdp.cpp:221] parsePacket(): could not receive data: 9
[101542][E][WiFiUdp.cpp:221] parsePacket(): could not receive data: 9
[101548][E][WiFiUdp.cpp:221] parsePacket(): could not receive data: 9
[101554][E][WiFiUdp.cpp:221] parsePacket(): could not receive data: 9
[101560][E][WiFiUdp.cpp:221] parsePacket(): could not receive data: 9
[101566][E][WiFiUdp.cpp:221] parsePacket(): could not receive data: 9
[101572][E][WiFiUdp.cpp:221] parsePacket(): could not receive data: 9
[101578][E][WiFiUdp.cpp:221] parsePacket(): could not receive data: 9
[101584][E][WiFiUdp.cpp:221] parsePacket(): could not receive data: 9
[101590][E][WiFiUdp.cpp:221] parsePacket(): could not receive data: 9
[101596][E][WiFiUdp.cpp:221] parsePacket(): could not receive data: 9
[101602][E][WiFiUdp.cpp:221] parsePacket(): could not receive data: 9
[101608][E][WiFiUdp.cpp:221] parsePacket(): could not receive data: 9
[101614][E][WiFiUdp.cpp:221] parsePacket(): could not receive data: 9
[101620][E][WiFiUdp.cpp:221] parsePacket(): could not receive data: 9
[101626][E][WiFiUdp.cpp:221] parsePacket(): could not receive data: 9
[101632][E][WiFiUdp.cpp:221] parsePacket(): could not receive data: 9
[101638][E][WiFiUdp.cpp:221] parsePacket(): could not receive data: 9
[101644][E][WiFiUdp.cpp:221] parsePacket(): could not receive data: 9
[101650][E][WiFiUdp.cpp:221] parsePacket(): could not receive data: 9
[101656][E][WiFiUdp.cpp:221] parsePacket(): could not receive data: 9
[101662][E][WiFiUdp.cpp:221] parsePacket(): could not receive data: 9
[101668][E][WiFiUdp.cpp:221] parsePacket(): could not receive data: 9
[101674][E][WiFiUdp.cpp:221] parsePacket(): could not receive data: 9
[101680][E][WiFiUdp.cpp:221] parsePacket(): could not receive data: 9
[101686][E][WiFiUdp.cpp:221] parsePacket(): could not receive data: 9
[101692][E][WiFiUdp.cpp:221] parsePacket(): could not receive data: 9
[101698][E][WiFiUdp.cpp:221] parsePacket(): could not receive data: 9
[101704][E][WiFiUdp.cpp:221] parsePacket(): could not receive data: 9
[101710][E][WiFiUdp.cpp:221] parsePacket(): could not receive data: 9
[101716][E][WiFiUdp.cpp:221] parsePacket(): could not receive data: 9
[101722][E][WiFiUdp.cpp:221] parsePacket(): could not receive data: 9
[101728][E][WiFiUdp.cpp:221] parsePacket(): could not receive data: 9
[101734][E][WiFiUdp.cpp:221] parsePacket(): could not receive data: 9
[101740][E][WiFiUdp.cpp:221] parsePacket(): could not receive data: 9
[101746][E][WiFiUdp.cpp:221] parsePacket(): could not receive data: 9
[101752][E][WiFiUdp.cpp:221] parsePacket(): could not receive data: 9
[101758][E][WiFiUdp.cpp:221] parsePacket(): could not receive data: 9
[101764][E][WiFiUdp.cpp:221] parsePacket(): could not receive data: 9
[101770][E][WiFiUdp.cpp:221] parsePacket(): could not receive data: 9
[101776][E][WiFiUdp.cpp:221] parsePacket(): could not receive data: 9
[101782][E][WiFiUdp.cpp:221] parsePacket(): could not receive data: 9
[101788][E][WiFiUdp.cpp:221] parsePacket(): could not receive data: 9
[101794][E][WiFiUdp.cpp:221] parsePacket(): could not receive data: 9
[101800][E][WiFiUdp.cpp:221] parsePacket(): could not receive data: 9
[101806][E][WiFiUdp.cpp:221] parsePacket(): could not receive data: 9
[101812][E][WiFiUdp.cpp:221] parsePacket(): could not receive data: 9
[101818][E][WiFiUdp.cpp:221] parsePacket(): could not receive data: 9
[101824][E][WiFiUdp.cpp:221] parsePacket(): could not receive data: 9
[101830][E][WiFiUdp.cpp:221] parsePacket(): could not receive data: 9
[101836][E][WiFiUdp.cpp:221] parsePacket(): could not receive data: 9
[101842][E][WiFiUdp.cpp:221] parsePacket(): could not receive data: 9
[101848][E][WiFiUdp.cpp:221] parsePacket(): could not receive data: 9
[101854][E][WiFiUdp.cpp:221] parsePacket(): could not receive data: 9
[101860][E][WiFiUdp.cpp:221] parsePacket(): could not receive data: 9
[101866][E][WiFiUdp.cpp:221] parsePacket(): could not receive data: 9
[101872][E][WiFiUdp.cpp:221] parsePacket(): could not receive data: 9
[101878][E][WiFiUdp.cpp:221] parsePacket(): could not receive data: 9
[101884][E][WiFiUdp.cpp:221] parsePacket(): could not receive data: 9
[101890][E][WiFiUdp.cpp:221] parsePacket(): could not receive data: 9
[101896][E][WiFiUdp.cpp:221] parsePacket(): could not receive data: 9
[101902][E][WiFiUdp.cpp:221] parsePacket(): could not receive data: 9
[101908][E][WiFiUdp.cpp:221] parsePacket(): could not receive data: 9
[101914][E][WiFiUdp.cpp:221] parsePacket(): could not receive data: 9
[101920][E][WiFiUdp.cpp:221] parsePacket(): could not receive data: 9
[101926][E][WiFiUdp.cpp:221] parsePacket(): could not receive data: 9
[101932][E][WiFiUdp.cpp:221] parsePacket(): could not receive data: 9
[101938][E][WiFiUdp.cpp:221] parsePacket(): could not receive data: 9
[101944][E][WiFiUdp.cpp:221] parsePacket(): could not receive data: 9
[101950][E][WiFiUdp.cpp:221] parsePacket(): could not receive data: 9
[101956][E][WiFiUdp.cpp:221] parsePacket(): could not receive data: 9
[101962][E][WiFiUdp.cpp:221] parsePacket(): could not receive data: 9
[101968][E][WiFiUdp.cpp:221] parsePacket(): could not receive data: 9
[101974][E][WiFiUdp.cpp:221] parsePacket(): could not receive data: 9
[101980][E][WiFiUdp.cpp:221] parsePacket(): could not receive data: 9
[101986][E][WiFiUdp.cpp:221] parsePacket(): could not receive data: 9
[101992][E][WiFiUdp.cpp:221] parsePacket(): could not receive data: 9
[101998][E][WiFiUdp.cpp:221] parsePacket(): could not receive data: 9
[102004][E][WiFiUdp.cpp:221] parsePacket(): could not receive data: 9
[102010][E][WiFiUdp.cpp:221] parsePacket(): could not receive data: 9
[102016][E][WiFiUdp.cpp:221] parsePacket(): could not receive data: 9
[102022][E][WiFiUdp.cpp:221] parsePacket(): could not receive data: 9
[102028][E][WiFiUdp.cpp:221] parsePacket(): could not receive data: 9
[102034][E][WiFiUdp.cpp:221] parsePacket(): could not receive data: 9
[102040][E][WiFiUdp.cpp:221] parsePacket(): could not receive data: 9
[102046][E][WiFiUdp.cpp:221] parsePacket(): could not receive data: 9
[102052][E][WiFiUdp.cpp:221] parsePacket(): could not receive data: 9
[102058][E][WiFiUdp.cpp:221] parsePacket(): could not receive data: 9
[102064][E][WiFiUdp.cpp:221] parsePacket(): could not receive data: 9
[102070][E][WiFiUdp.cpp:221] parsePacket(): could not receive data: 9
[102076][E][WiFiUdp.cpp:221] parsePacket(): could not receive data: 9
[102082][E][WiFiUdp.cpp:221] parsePacket(): could not receive data: 9
[102088][E][WiFiUdp.cpp:221] parsePacket(): could not receive data: 9
[102094][E][WiFiUdp.cpp:221] parsePacket(): could not receive data: 9
[102100][E][WiFiUdp.cpp:221] parsePacket(): could not receive data: 9
[102106][E][WiFiUdp.cpp:221] parsePacket(): could not receive data: 9
[102112][E][WiFiUdp.cpp:221] parsePacket(): could not receive data: 9
[102118][E][WiFiUdp.cpp:221] parsePacket(): could not receive data: 9
[102124][E][WiFiUdp.cpp:221] parsePacket(): could not receive data: 9
[102130][E][WiFiUdp.cpp:221] parsePacket(): could not receive data: 9
[102136][E][WiFiUdp.cpp:221] parsePacket(): could not receive data: 9
[102142][E][WiFiUdp.cpp:221] parsePacket(): could not receive data: 9
[102148][E][WiFiUdp.cpp:221] parsePacket(): could not receive data: 9
[102154][E][WiFiUdp.cpp:221] parsePacket(): could not receive data: 9
[102160][E][WiFiUdp.cpp:221] parsePacket(): could not receive data: 9
[102166][E][WiFiUdp.cpp:221] parsePacket(): could not receive data: 9
[102172][E][WiFiUdp.cpp:221] parsePacket(): could not receive data: 9
[102178][E][WiFiUdp.cpp:221] parsePacket(): could not receive data: 9
[102184][E][WiFiUdp.cpp:221] parsePacket(): could not receive data: 9
[102190][E][WiFiUdp.cpp:221] parsePacket(): could not receive data: 9
[102196][E][WiFiUdp.cpp:221] parsePacket(): could not receive data: 9
[102202][E][WiFiUdp.cpp:221] parsePacket(): could not receive data: 9
[102208][E][WiFiUdp.cpp:221] parsePacket(): could not receive data: 9
[102214][E][WiFiUdp.cpp:221] parsePacket(): could not receive data: 9
[102220][E][WiFiUdp.cpp:221] parsePacket(): could not receive data: 9
[102226][E][WiFiUdp.cpp:221] parsePacket(): could not receive data: 9
[102232][E][WiFiUdp.cpp:221] parsePacket(): could not receive data: 9
[102238][E][WiFiUdp.cpp:221] parsePacket(): could not receive data: 9
[102244][E][WiFiUdp.cpp:221] parsePacket(): could not receive data: 9
[102250][E][WiFiUdp.cpp:221] parsePacket(): could not receive data: 9
[102256][E][WiFiUdp.cpp:221] parsePacket(): could not receive data: 9
[102262][E][WiFiUdp.cpp:221] parsePacket(): could not receive data: 9
[102268][E][WiFiUdp.cpp:221] parsePacket(): could not receive data: 9
[102274][E][WiFiUdp.cpp:221] parsePacket(): could not receive data: 9
[102280][E][WiFiUdp.cpp:221] parsePacket(): could not receive data: 9
[102286][E][WiFiUdp.cpp:221] parsePacket(): could not receive data: 9
[102292][E][WiFiUdp.cpp:221] parsePacket(): could not receive data: 9
[102298][E][WiFiUdp.cpp:221] parsePacket(): could not receive data: 9
[102305][E][WiFiUdp.cpp:221] parsePacket(): could not receive data: 9
[102312][E][WiFiUdp.cpp:221] parsePacket(): could not receive data: 9
[102319][E][WiFiUdp.cpp:221] parsePacket(): could not receive data: 9
[102326][E][WiFiUdp.cpp:221] parsePacket(): could not receive data: 9
[102332][E][WiFiUdp.cpp:221] parsePacket(): could not receive data: 9
[102338][E][WiFiUdp.cpp:221] parsePacket(): could not receive data: 9
[102344][E][WiFiUdp.cpp:221] parsePacket(): could not receive data: 9
[102350][E][WiFiUdp.cpp:221] parsePacket(): could not receive data: 9
[102356][E][WiFiUdp.cpp:221] parsePacket(): could not receive data: 9
[102362][E][WiFiUdp.cpp:221] parsePacket(): could not receive data: 9
[102368][E][WiFiUdp.cpp:221] parsePacket(): could not receive data: 9
[102374][E][WiFiUdp.cpp:221] parsePacket(): could not receive data: 9
[102380][E][WiFiUdp.cpp:221] parsePacket(): could not receive data: 9
[102386][E][WiFiUdp.cpp:221] parsePacket(): could not receive data: 9
[102392][E][WiFiUdp.cpp:221] parsePacket(): could not receive data: 9
[102399][E][WiFiUdp.cpp:221] parsePacket(): could not receive data: 9
[102406][E][WiFiUdp.cpp:221] parsePacket(): could not receive data: 9
[102412][E][WiFiUdp.cpp:221] parsePacket(): could not receive data: 9
[102418][E][WiFiUdp.cpp:221] parsePacket(): could not receive data: 9
[102424][E][WiFiUdp.cpp:221] parsePacket(): could not receive data: 9
[102430][E][WiFiUdp.cpp:221] parsePacket(): could not receive data: 9
[102436][E][WiFiUdp.cpp:221] parsePacket(): could not receive data: 9
[102442][E][WiFiUdp.cpp:221] parsePacket(): could not receive data: 9
[102448][E][WiFiUdp.cpp:221] parsePacket(): could not receive data: 9
[102454][E][WiFiUdp.cpp:221] parsePacket(): could not receive data: 9
[102460][E][WiFiUdp.cpp:221] parsePacket(): could not receive data: 9
[102466][E][WiFiUdp.cpp:221] parsePacket(): could not receive data: 9
[102472][E][WiFiUdp.cpp:221] parsePacket(): could not receive data: 9
[102478][E][WiFiUdp.cpp:221] parsePacket(): could not receive data: 9
[102484][E][WiFiUdp.cpp:221] parsePacket(): could not receive data: 9
[102490][E][WiFiUdp.cpp:221] parsePacket(): could not receive data: 9
[102496][E][WiFiUdp.cpp:221] parsePacket(): could not receive data: 9
[102502][E][WiFiUdp.cpp:221] parsePacket(): could not receive data: 9
[102508][E][WiFiUdp.cpp:221] parsePacket(): could not receive data: 9
[102514][E][WiFiUdp.cpp:221] parsePacket(): could not receive data: 9
[102520][E][WiFiUdp.cpp:221] parsePacket(): could not receive data: 9
[102526][E][WiFiUdp.cpp:221] parsePacket(): could not receive data: 9
[102532][E][WiFiUdp.cpp:221] parsePacket(): could not receive data: 9
[102538][E][WiFiUdp.cpp:221] parsePacket(): could not receive data: 9
[102544][E][WiFiUdp.cpp:221] parsePacket(): could not receive data: 9
[102550][E][WiFiUdp.cpp:221] parsePacket(): could not receive data: 9
[102556][E][WiFiUdp.cpp:221] parsePacket(): could not receive data: 9
[102562][E][WiFiUdp.cpp:221] parsePacket(): could not receive data: 9
[102568][E][WiFiUdp.cpp:221] parsePacket(): could not receive data: 9
[102574][E][WiFiUdp.cpp:221] parsePacket(): could not receive data: 9
[102580][E][WiFiUdp.cpp:221] parsePacket(): could not receive data: 9
[102586][E][WiFiUdp.cpp:221] parsePacket(): could not receive data: 9
[102592][E][WiFiUdp.cpp:221] parsePacket(): could not receive data: 9
[102598][E][WiFiUdp.cpp:221] parsePacket(): could not receive data: 9
[102604][E][WiFiUdp.cpp:221] parsePacket(): could not receive data: 9
[102610][E][WiFiUdp.cpp:221] parsePacket(): could not receive data: 9
[102616][E][WiFiUdp.cpp:221] parsePacket(): could not receive data: 9
[102622][E][WiFiUdp.cpp:221] parsePacket(): could not receive data: 9
[102628][E][WiFiUdp.cpp:221] parsePacket(): could not receive data: 9
[102634][E][WiFiUdp.cpp:221] parsePacket(): could not receive data: 9
[102640][E][WiFiUdp.cpp:221] parsePacket(): could not receive data: 9
[102646][E][WiFiUdp.cpp:221] parsePacket(): could not receive data: 9
[102652][E][WiFiUdp.cpp:221] parsePacket(): could not receive data: 9
[102658][E][WiFiUdp.cpp:221] parsePacket(): could not receive data: 9
[102664][E][WiFiUdp.cpp:221] parsePacket(): could not receive data: 9
[102670][E][WiFiUdp.cpp:221] parsePacket(): could not receive data: 9
[102676][E][WiFiUdp.cpp:221] parsePacket(): could not receive data: 9
[102682][E][WiFiUdp.cpp:221] parsePacket(): could not receive data: 9
[102688][E][WiFiUdp.cpp:221] parsePacket(): could not receive data: 9
[102694][E][WiFiUdp.cpp:221] parsePacket(): could not receive data: 9
[102700][E][WiFiUdp.cpp:221] parsePacket(): could not receive data: 9
[102706][E][WiFiUdp.cpp:221] parsePacket(): could not receive data: 9
[102712][E][WiFiUdp.cpp:221] parsePacket(): could not receive data: 9
[102718][E][WiFiUdp.cpp:221] parsePacket(): could not receive data: 9
[102724][E][WiFiUdp.cpp:221] parsePacket(): could not receive data: 9
[102730][E][WiFiUdp.cpp:221] parsePacket(): could not receive data: 9
[102736][E][WiFiUdp.cpp:221] parsePacket(): could not receive data: 9
[102742][E][WiFiUdp.cpp:221] parsePacket(): could not receive data: 9
[102748][E][WiFiUdp.cpp:221] parsePacket(): could not receive data: 9
[102754][E][WiFiUdp.cpp:221] parsePacket(): could not receive data: 9
[102760][E][WiFiUdp.cpp:221] parsePacket(): could not receive data: 9
[102766][E][WiFiUdp.cpp:221] parsePacket(): could not receive data: 9
[102772][E][WiFiUdp.cpp:221] parsePacket(): could not receive data: 9
[102778][E][WiFiUdp.cpp:221] parsePacket(): could not receive data: 9
[102784][E][WiFiUdp.cpp:221] parsePacket(): could not receive data: 9
[102790][E][WiFiUdp.cpp:221] parsePacket(): could not receive data: 9
[102796][E][WiFiUdp.cpp:221] parsePacket(): could not receive data: 9
[102802][E][WiFiUdp.cpp:221] parsePacket(): could not receive data: 9
[102808][E][WiFiUdp.cpp:221] parsePacket(): could not receive data: 9
[102814][E][WiFiUdp.cpp:221] parsePacket(): could not receive data: 9
[102820][E][WiFiUdp.cpp:221] parsePacket(): could not receive data: 9
[102826][E][WiFiUdp.cpp:221] parsePacket(): could not receive data: 9
[102832][E][WiFiUdp.cpp:221] parsePacket(): could not receive data: 9
[102838][E][WiFiUdp.cpp:221] parsePacket(): could not receive data: 9
[102844][E][WiFiUdp.cpp:221] parsePacket(): could not receive data: 9
[102850][E][WiFiUdp.cpp:221] parsePacket(): could not receive data: 9
[102856][E][WiFiUdp.cpp:221] parsePacket(): could not receive data: 9
[102862][E][WiFiUdp.cpp:221] parsePacket(): could not receive data: 9
[102868][E][WiFiUdp.cpp:221] parsePacket(): could not receive data: 9
[102874][E][WiFiUdp.cpp:221] parsePacket(): could not receive data: 9
[102880][E][WiFiUdp.cpp:221] parsePacket(): could not receive data: 9
[102886][E][WiFiUdp.cpp:221] parsePacket(): could not receive data: 9
[102892][E][WiFiUdp.cpp:221] parsePacket(): could not receive data: 9
[102898][E][WiFiUdp.cpp:221] parsePacket(): could not receive data: 9
[102904][E][WiFiUdp.cpp:221] parsePacket(): could not receive data: 9
[102910][E][WiFiUdp.cpp:221] parsePacket(): could not receive data: 9
[102916][E][WiFiUdp.cpp:221] parsePacket(): could not receive data: 9
[102922][E][WiFiUdp.cpp:221] parsePacket(): could not receive data: 9
[102928][E][WiFiUdp.cpp:221] parsePacket(): could not receive data: 9
[102934][E][WiFiUdp.cpp:221] parsePacket(): could not receive data: 9
[102940][E][WiFiUdp.cpp:221] parsePacket(): could not receive data: 9
[102946][E][WiFiUdp.cpp:221] parsePacket(): could not receive data: 9
[102952][E][WiFiUdp.cpp:221] parsePacket(): could not receive data: 9
[102958][E][WiFiUdp.cpp:221] parsePacket(): could not receive data: 9
[102964][E][WiFiUdp.cpp:221] parsePacket(): could not receive data: 9
[102970][E][WiFiUdp.cpp:221] parsePacket(): could not receive data: 9
[102976][E][WiFiUdp.cpp:221] parsePacket(): could not receive data: 9
[102982][E][WiFiUdp.cpp:221] parsePacket(): could not receive data: 9
[102988][E][WiFiUdp.cpp:221] parsePacket(): could not receive data: 9
[102994][E][WiFiUdp.cpp:221] parsePacket(): could not receive data: 9
[103000][E][WiFiUdp.cpp:221] parsePacket(): could not receive data: 9
[103006][E][WiFiUdp.cpp:221] parsePacket(): could not receive data: 9
[103012][E][WiFiUdp.cpp:221] parsePacket(): could not receive data: 9
[103018][E][WiFiUdp.cpp:221] parsePacket(): could not receive data: 9
[103024][E][WiFiUdp.cpp:221] parsePacket(): could not receive data: 9
[103030][E][WiFiUdp.cpp:221] parsePacket(): could not receive data: 9
[103036][E][WiFiUdp.cpp:221] parsePacket(): could not receive data: 9
[103042][E][WiFiUdp.cpp:221] parsePacket(): could not receive data: 9
[103048][E][WiFiUdp.cpp:221] parsePacket(): could not receive data: 9
[103054][E][WiFiUdp.cpp:221] parsePacket(): could not receive data: 9
[103060][E][WiFiUdp.cpp:221] parsePacket(): could not receive data: 9
[103066][E][WiFiUdp.cpp:221] parsePacket(): could not receive data: 9
[103072][E][WiFiUdp.cpp:221] parsePacket(): could not receive data: 9
[103078][E][WiFiUdp.cpp:221] parsePacket(): could not receive data: 9
[103084][E][WiFiUdp.cpp:221] parsePacket(): could not receive data: 9
[103090][E][WiFiUdp.cpp:221] parsePacket(): could not receive data: 9
[103096][E][WiFiUdp.cpp:221] parsePacket(): could not receive data: 9
[103102][E][WiFiUdp.cpp:221] parsePacket(): could not receive data: 9
[103108][E][WiFiUdp.cpp:221] parsePacket(): could not receive data: 9
[103114][E][WiFiUdp.cpp:221] parsePacket(): could not receive data: 9
[103120][E][WiFiUdp.cpp:221] parsePacket(): could not receive data: 9
[103126][E][WiFiUdp.cpp:221] parsePacket(): could not receive data: 9
[103132][E][WiFiUdp.cpp:221] parsePacket(): could not receive data: 9
[103138][E][WiFiUdp.cpp:221] parsePacket(): could not receive data: 9
[103144][E][WiFiUdp.cpp:221] parsePacket(): could not receive data: 9
[103150][E][WiFiUdp.cpp:221] parsePacket(): could not receive data: 9
[103155][E][WiFiUdp.cpp:221] parsePacket(): could not receive data: 9
[103162][E][WiFiUdp.cpp:221] parsePacket(): could not receive data: 9
[103168][E][WiFiUdp.cpp:221] parsePacket(): could not receive data: 9
[103174][E][WiFiUdp.cpp:221] parsePacket(): could not receive data: 9
[103180][E][WiFiUdp.cpp:221] parsePacket(): could not receive data: 9
[103186][E][WiFiUdp.cpp:221] parsePacket(): could not receive data: 9
[103192][E][WiFiUdp.cpp:221] parsePacket(): could not receive data: 9
[103198][E][WiFiUdp.cpp:221] parsePacket(): could not receive data: 9
[103204][E][WiFiUdp.cpp:221] parsePacket(): could not receive data: 9
[103210][E][WiFiUdp.cpp:221] parsePacket(): could not receive data: 9
[103216][E][WiFiUdp.cpp:221] parsePacket(): could not receive data: 9
[103222][E][WiFiUdp.cpp:221] parsePacket(): could not receive data: 9
[103228][E][WiFiUdp.cpp:221] parsePacket(): could not receive data: 9
[103233][E][WiFiUdp.cpp:221] parsePacket(): could not receive data: 9
[103239][E][WiFiUdp.cpp:221] parsePacket(): could not receive data: 9
[103244][E][WiFiUdp.cpp:221] parsePacket(): could not receive data: 9
[103250][E][WiFiUdp.cpp:221] parsePacket(): could not receive data: 9
[103256][E][WiFiUdp.cpp:221] parsePacket(): could not receive data: 9
[103261][E][WiFiUdp.cpp:221] parsePacket(): could not receive data: 9
[103267][E][WiFiUdp.cpp:221] parsePacket(): could not receive data: 9
[103273][E][WiFiUdp.cpp:221] parsePacket(): could not receive data: 9
[103280][E][WiFiUdp.cpp:221] parsePacket(): could not receive data: 9
[103285][E][WiFiUdp.cpp:221] parsePacket(): could not receive data: 9
[103292][E][WiFiUdp.cpp:221] parsePacket(): could not receive data: 9
[103298][E][WiFiUdp.cpp:221] parsePacket(): could not receive data: 9
[103304][E][WiFiUdp.cpp:221] parsePacket(): could not receive data: 9
[103309][E][WiFiUdp.cpp:221] parsePacket(): could not receive data: 9
[103315][E][WiFiUdp.cpp:221] parsePacket(): could not receive data: 9
[103322][E][WiFiUdp.cpp:221] parsePacket(): could not receive data: 9
[103328][E][WiFiUdp.cpp:221] parsePacket(): could not receive data: 9
[103334][E][WiFiUdp.cpp:221] parsePacket(): could not receive data: 9
[103340][E][WiFiUdp.cpp:221] parsePacket(): could not receive data: 9
[103346][E][WiFiUdp.cpp:221] parsePacket(): could not receive data: 9
[103352][E][WiFiUdp.cpp:221] parsePacket(): could not receive data: 9
[103358][E][WiFiUdp.cpp:221] parsePacket(): could not receive data: 9
[103364][E][WiFiUdp.cpp:221] parsePacket(): could not receive data: 9
[103370][E][WiFiUdp.cpp:221] parsePacket(): could not receive data: 9
[103376][E][WiFiUdp.cpp:221] parsePacket(): could not receive data: 9
[103382][E][WiFiUdp.cpp:221] parsePacket(): could not receive data: 9
[103388][E][WiFiUdp.cpp:221] parsePacket(): could not receive data: 9
[103394][E][WiFiUdp.cpp:221] parsePacket(): could not receive data: 9
[103400][E][WiFiUdp.cpp:221] parsePacket(): could not receive data: 9
[103406][E][WiFiUdp.cpp:221] parsePacket(): could not receive data: 9
[103411][E][WiFiUdp.cpp:221] parsePacket(): could not receive data: 9
[103418][E][WiFiUdp.cpp:221] parsePacket(): could not receive data: 9
[103424][E][WiFiUdp.cpp:221] parsePacket(): could not receive data: 9
[103430][E][WiFiUdp.cpp:221] parsePacket(): could not receive data: 9
[103436][E][WiFiUdp.cpp:221] parsePacket(): could not receive data: 9
[103442][E][WiFiUdp.cpp:221] parsePacket(): could not receive data: 9
[103448][E][WiFiUdp.cpp:221] parsePacket(): could not receive data: 9
[103454][E][WiFiUdp.cpp:221] parsePacket(): could not receive data: 9
[103460][E][WiFiUdp.cpp:221] parsePacket(): could not receive data: 9
[103466][E][WiFiUdp.cpp:221] parsePacket(): could not receive data: 9
[103472][E][WiFiUdp.cpp:221] parsePacket(): could not receive data: 9
[103478][E][WiFiUdp.cpp:221] parsePacket(): could not receive data: 9
[103484][E][WiFiUdp.cpp:221] parsePacket(): could not receive data: 9
[103490][E][WiFiUdp.cpp:221] parsePacket(): could not receive data: 9
[103496][E][WiFiUdp.cpp:221] parsePacket(): could not receive data: 9
[103502][E][WiFiUdp.cpp:221] parsePacket(): could not receive data: 9
[103508][E][WiFiUdp.cpp:221] parsePacket(): could not receive data: 9
[103514][E][WiFiUdp.cpp:221] parsePacket(): could not receive data: 9
[103520][E][WiFiUdp.cpp:221] parsePacket(): could not receive data: 9
[103526][E][WiFiUdp.cpp:221] parsePacket(): could not receive data: 9
[103532][E][WiFiUdp.cpp:221] parsePacket(): could not receive data: 9
[103538][E][WiFiUdp.cpp:221] parsePacket(): could not receive data: 9
[103544][E][WiFiUdp.cpp:221] parsePacket(): could not receive data: 9
[103550][E][WiFiUdp.cpp:221] parsePacket(): could not receive data: 9
[103556][E][WiFiUdp.cpp:221] parsePacket(): could not receive data: 9
[103562][E][WiFiUdp.cpp:221] parsePacket(): could not receive data: 9
[103568][E][WiFiUdp.cpp:221] parsePacket(): could not receive data: 9
[103573][E][WiFiUdp.cpp:221] parsePacket(): could not receive data: 9
[103580][E][WiFiUdp.cpp:221] parsePacket(): could not receive data: 9
[103585][E][WiFiUdp.cpp:221] parsePacket(): could not receive data: 9
[103591][E][WiFiUdp.cpp:221] parsePacket(): could not receive data: 9
[103598][E][WiFiUdp.cpp:221] parsePacket(): could not receive data: 9
[103603][E][WiFiUdp.cpp:221] parsePacket(): could not receive data: 9
[103609][E][WiFiUdp.cpp:221] parsePacket(): could not receive data: 9
[103616][E][WiFiUdp.cpp:221] parsePacket(): could not receive data: 9
[103622][E][WiFiUdp.cpp:221] parsePacket(): could not receive data: 9
[103628][E][WiFiUdp.cpp:221] parsePacket(): could not receive data: 9
[103634][E][WiFiUdp.cpp:221] parsePacket(): could not receive data: 9
[103640][E][WiFiUdp.cpp:221] parsePacket(): could not receive data: 9
[103646][E][WiFiUdp.cpp:221] parsePacket(): could not receive data: 9
[103652][E][WiFiUdp.cpp:221] parsePacket(): could not receive data: 9
[103657][E][WiFiUdp.cpp:221] parsePacket(): could not receive data: 9
[103664][E][WiFiUdp.cpp:221] parsePacket(): could not receive data: 9
[103669][E][WiFiUdp.cpp:221] parsePacket(): could not receive data: 9
[103675][E][WiFiUdp.cpp:221] parsePacket(): could not receive data: 9
[103681][E][WiFiUdp.cpp:221] parsePacket(): could not receive data: 9
[103687][E][WiFiUdp.cpp:221] parsePacket(): could not receive data: 9
[103693][E][WiFiUdp.cpp:221] parsePacket(): could not receive data: 9
[103699][E][WiFiUdp.cpp:221] parsePacket(): could not receive data: 9
[103706][E][WiFiUdp.cpp:221] parsePacket(): could not receive data: 9
[103711][E][WiFiUdp.cpp:221] parsePacket(): could not receive data: 9
[103717][E][WiFiUdp.cpp:221] parsePacket(): could not receive data: 9
[103723][E][WiFiUdp.cpp:221] parsePacket(): could not receive data: 9
[103729][E][WiFiUdp.cpp:221] parsePacket(): could not receive data: 9
[103736][E][WiFiUdp.cpp:221] parsePacket(): could not receive data: 9
[103742][E][WiFiUdp.cpp:221] parsePacket(): could not receive data: 9
[103748][E][WiFiUdp.cpp:221] parsePacket(): could not receive data: 9
[103754][E][WiFiUdp.cpp:221] parsePacket(): could not receive data: 9
[103759][E][WiFiUdp.cpp:221] parsePacket(): could not receive data: 9
[103765][E][WiFiUdp.cpp:221] parsePacket(): could not receive data: 9
[103771][E][WiFiUdp.cpp:221] parsePacket(): could not receive data: 9
[103778][E][WiFiUdp.cpp:221] parsePacket(): could not receive data: 9
[103784][E][WiFiUdp.cpp:221] parsePacket(): could not receive data: 9
[103789][E][WiFiUdp.cpp:221] parsePacket(): could not receive data: 9
[103795][E][WiFiUdp.cpp:221] parsePacket(): could not receive data: 9
[103801][E][WiFiUdp.cpp:221] parsePacket(): could not receive data: 9
[103807][E][WiFiUdp.cpp:221] parsePacket(): could not receive data: 9
[103813][E][WiFiUdp.cpp:221] parsePacket(): could not receive data: 9
[103819][E][WiFiUdp.cpp:221] parsePacket(): could not receive data: 9
[103826][E][WiFiUdp.cpp:221] parsePacket(): could not receive data: 9
[103832][E][WiFiUdp.cpp:221] parsePacket(): could not receive data: 9
[103838][E][WiFiUdp.cpp:221] parsePacket(): could not receive data: 9
[103843][E][WiFiUdp.cpp:221] parsePacket(): could not receive data: 9
[103849][E][WiFiUdp.cpp:221] parsePacket(): could not receive data: 9
[103855][E][WiFiUdp.cpp:221] parsePacket(): could not receive data: 9
[103862][E][WiFiUdp.cpp:221] parsePacket(): could not receive data: 9
[103867][E][WiFiUdp.cpp:221] parsePacket(): could not receive data: 9
[103873][E][WiFiUdp.cpp:221] parsePacket(): could not receive data: 9
[103879][E][WiFiUdp.cpp:221] parsePacket(): could not receive data: 9
[103886][E][WiFiUdp.cpp:221] parsePacket(): could not receive data: 9
[103891][E][WiFiUdp.cpp:221] parsePacket(): could not receive data: 9
[103898][E][WiFiUdp.cpp:221] parsePacket(): could not receive data: 9
[103904][E][WiFiUdp.cpp:221] parsePacket(): could not receive data: 9
[103909][E][WiFiUdp.cpp:221] parsePacket(): could not receive data: 9
[103915][E][WiFiUdp.cpp:221] parsePacket(): could not receive data: 9
[103921][E][WiFiUdp.cpp:221] parsePacket(): could not receive data: 9
[103927][E][WiFiUdp.cpp:221] parsePacket(): could not receive data: 9
[103933][E][WiFiUdp.cpp:221] parsePacket(): could not receive data: 9
[103939][E][WiFiUdp.cpp:221] parsePacket(): could not receive data: 9
[103945][E][WiFiUdp.cpp:221] parsePacket(): could not receive data: 9
[103951][E][WiFiUdp.cpp:221] parsePacket(): could not receive data: 9
[103957][E][WiFiUdp.cpp:221] parsePacket(): could not receive data: 9
[103963][E][WiFiUdp.cpp:221] parsePacket(): could not receive data: 9
[103969][E][WiFiUdp.cpp:221] parsePacket(): could not receive data: 9
[103975][E][WiFiUdp.cpp:221] parsePacket(): could not receive data: 9
[103981][E][WiFiUdp.cpp:221] parsePacket(): could not receive data: 9
[103987][E][WiFiUdp.cpp:221] parsePacket(): could not receive data: 9
[103992][E][WiFiUdp.cpp:221] parsePacket(): could not receive data: 9
[103999][E][WiFiUdp.cpp:221] parsePacket(): could not receive data: 9
[104004][E][WiFiUdp.cpp:221] parsePacket(): could not receive data: 9
[104010][E][WiFiUdp.cpp:221] parsePacket(): could not receive data: 9
[104016][E][WiFiUdp.cpp:221] parsePacket(): could not receive data: 9
[104023][E][WiFiUdp.cpp:221] parsePacket(): could not receive data: 9
[104029][E][WiFiUdp.cpp:221] parsePacket(): could not receive data: 9
[104035][E][WiFiUdp.cpp:221] parsePacket(): could not receive data: 9
[104041][E][WiFiUdp.cpp:221] parsePacket(): could not receive data: 9
[104047][E][WiFiUdp.cpp:221] parsePacket(): could not receive data: 9
[104053][E][WiFiUdp.cpp:221] parsePacket(): could not receive data: 9
[104059][E][WiFiUdp.cpp:221] parsePacket(): could not receive data: 9
[104065][E][WiFiUdp.cpp:221] parsePacket(): could not receive data: 9
[104071][E][WiFiUdp.cpp:221] parsePacket(): could not receive data: 9
[104076][E][WiFiUdp.cpp:221] parsePacket(): could not receive data: 9
[104082][E][WiFiUdp.cpp:221] parsePacket(): could not receive data: 9
[104088][E][WiFiUdp.cpp:221] parsePacket(): could not receive data: 9
[104095][E][WiFiUdp.cpp:221] parsePacket(): could not receive data: 9
[104101][E][WiFiUdp.cpp:221] parsePacket(): could not receive data: 9
[104106][E][WiFiUdp.cpp:221] parsePacket(): could not receive data: 9
[104113][E][WiFiUdp.cpp:221] parsePacket(): could not receive data: 9
[104119][E][WiFiUdp.cpp:221] parsePacket(): could not receive data: 9
[104124][E][WiFiUdp.cpp:221] parsePacket(): could not receive data: 9
[104130][E][WiFiUdp.cpp:221] parsePacket(): could not receive data: 9
[104136][E][WiFiUdp.cpp:221] parsePacket(): could not receive data: 9
[104142][E][WiFiUdp.cpp:221] parsePacket(): could not receive data: 9
[104148][E][WiFiUdp.cpp:221] parsePacket(): could not receive data: 9
[104155][E][WiFiUdp.cpp:221] parsePacket(): could not receive data: 9
[104161][E][WiFiUdp.cpp:221] parsePacket(): could not receive data: 9
[104167][E][WiFiUdp.cpp:221] parsePacket(): could not receive data: 9
[104172][E][WiFiUdp.cpp:221] parsePacket(): could not receive data: 9
[104179][E][WiFiUdp.cpp:221] parsePacket(): could not receive data: 9
[104184][E][WiFiUdp.cpp:221] parsePacket(): could not receive data: 9
[104190][E][WiFiUdp.cpp:221] parsePacket(): could not receive data: 9
[104196][E][WiFiUdp.cpp:221] parsePacket(): could not receive data: 9
[104202][E][WiFiUdp.cpp:221] parsePacket(): could not receive data: 9
[104208][E][WiFiUdp.cpp:221] parsePacket(): could not receive data: 9
[104214][E][WiFiUdp.cpp:221] parsePacket(): could not receive data: 9
[104220][E][WiFiUdp.cpp:221] parsePacket(): could not receive data: 9
[104226][E][WiFiUdp.cpp:221] parsePacket(): could not receive data: 9
[104232][E][WiFiUdp.cpp:221] parsePacket(): could not receive data: 9
[104238][E][WiFiUdp.cpp:221] parsePacket(): could not receive data: 9
[104244][E][WiFiUdp.cpp:221] parsePacket(): could not receive data: 9
[104250][E][WiFiUdp.cpp:221] parsePacket(): could not receive data: 9
[104256][E][WiFiUdp.cpp:221] parsePacket(): could not receive data: 9
[104263][E][WiFiUdp.cpp:221] parsePacket(): could not receive data: 9
[104269][E][WiFiUdp.cpp:221] parsePacket(): could not receive data: 9
[104275][E][WiFiUdp.cpp:221] parsePacket(): could not receive data: 9
[104281][E][WiFiUdp.cpp:221] parsePacket(): could not receive data: 9
[104287][E][WiFiUdp.cpp:221] parsePacket(): could not receive data: 9
[104292][E][WiFiUdp.cpp:221] parsePacket(): could not receive data: 9
[104299][E][WiFiUdp.cpp:221] parsePacket(): could not receive data: 9
[104304][E][WiFiUdp.cpp:221] parsePacket(): could not receive data: 9
[104310][E][WiFiUdp.cpp:221] parsePacket(): could not receive data: 9
[104317][E][WiFiUdp.cpp:221] parsePacket(): could not receive data: 9
[104322][E][WiFiUdp.cpp:221] parsePacket(): could not receive data: 9
[104328][E][WiFiUdp.cpp:221] parsePacket(): could not receive data: 9
[104334][E][WiFiUdp.cpp:221] parsePacket(): could not receive data: 9
[104340][E][WiFiUdp.cpp:221] parsePacket(): could not receive data: 9
[104347][E][WiFiUdp.cpp:221] parsePacket(): could not receive data: 9
[104352][E][WiFiUdp.cpp:221] parsePacket(): could not receive data: 9
[104358][E][WiFiUdp.cpp:221] parsePacket(): could not receive data: 9
[104365][E][WiFiUdp.cpp:221] parsePacket(): could not receive data: 9
[104370][E][WiFiUdp.cpp:221] parsePacket(): could not receive data: 9
[104376][E][WiFiUdp.cpp:221] parsePacket(): could not receive data: 9
[104382][E][WiFiUdp.cpp:221] parsePacket(): could not receive data: 9
[104388][E][WiFiUdp.cpp:221] parsePacket(): could not receive data: 9
[104394][E][WiFiUdp.cpp:221] parsePacket(): could not receive data: 9
[104400][E][WiFiUdp.cpp:221] parsePacket(): could not receive data: 9
[104406][E][WiFiUdp.cpp:221] parsePacket(): could not receive data: 9
[104412][E][WiFiUdp.cpp:221] parsePacket(): could not receive data: 9
[104418][E][WiFiUdp.cpp:221] parsePacket(): could not receive data: 9
[104424][E][WiFiUdp.cpp:221] parsePacket(): could not receive data: 9
[104431][E][WiFiUdp.cpp:221] parsePacket(): could not receive data: 9
[104436][E][WiFiUdp.cpp:221] parsePacket(): could not receive data: 9
[104442][E][WiFiUdp.cpp:221] parsePacket(): could not receive data: 9
[104448][E][WiFiUdp.cpp:221] parsePacket(): could not receive data: 9
[104454][E][WiFiUdp.cpp:221] parsePacket(): could not receive data: 9
[104461][E][WiFiUdp.cpp:221] parsePacket(): could not receive data: 9
[104467][E][WiFiUdp.cpp:221] parsePacket(): could not receive data: 9
[104473][E][WiFiUdp.cpp:221] parsePacket(): could not receive data: 9
[104479][E][WiFiUdp.cpp:221] parsePacket(): could not receive data: 9
[104485][E][WiFiUdp.cpp:221] parsePacket(): could not receive data: 9
[104491][E][WiFiUdp.cpp:221] parsePacket(): could not receive data: 9
[104497][E][WiFiUdp.cpp:221] parsePacket(): could not receive data: 9
[104503][E][WiFiUdp.cpp:221] parsePacket(): could not receive data: 9
[104509][E][WiFiUdp.cpp:221] parsePacket(): could not receive data: 9
[104515][E][WiFiUdp.cpp:221] parsePacket(): could not receive data: 9
[104520][E][WiFiUdp.cpp:221] parsePacket(): could not receive data: 9
[104526][E][WiFiUdp.cpp:221] parsePacket(): could not receive data: 9
[104533][E][WiFiUdp.cpp:221] parsePacket(): could not receive data: 9
[104539][E][WiFiUdp.cpp:221] parsePacket(): could not receive data: 9
[104545][E][WiFiUdp.cpp:221] parsePacket(): could not receive data: 9
[104551][E][WiFiUdp.cpp:221] parsePacket(): could not receive data: 9
[104557][E][WiFiUdp.cpp:221] parsePacket(): could not receive data: 9
[104562][E][WiFiUdp.cpp:221] parsePacket(): could not receive data: 9
[104569][E][WiFiUdp.cpp:221] parsePacket(): could not receive data: 9
[104575][E][WiFiUdp.cpp:221] parsePacket(): could not receive data: 9
[104581][E][WiFiUdp.cpp:221] parsePacket(): could not receive data: 9
[104587][E][WiFiUdp.cpp:221] parsePacket(): could not receive data: 9
[104592][E][WiFiUdp.cpp:221] parsePacket(): could not receive data: 9
[104599][E][WiFiUdp.cpp:221] parsePacket(): could not receive data: 9
[104605][E][WiFiUdp.cpp:221] parsePacket(): could not receive data: 9
[104611][E][WiFiUdp.cpp:221] parsePacket(): could not receive data: 9
[104617][E][WiFiUdp.cpp:221] parsePacket(): could not receive data: 9
[104623][E][WiFiUdp.cpp:221] parsePacket(): could not receive data: 9
[104629][E][WiFiUdp.cpp:221] parsePacket(): could not receive data: 9
[104634][E][WiFiUdp.cpp:221] parsePacket(): could not receive data: 9
[104640][E][WiFiUdp.cpp:221] parsePacket(): could not receive data: 9
[104646][E][WiFiUdp.cpp:221] parsePacket(): could not receive data: 9
[104652][E][WiFiUdp.cpp:221] parsePacket(): could not receive data: 9
[104658][E][WiFiUdp.cpp:221] parsePacket(): could not receive data: 9
[104664][E][WiFiUdp.cpp:221] parsePacket(): could not receive data: 9
[104670][E][WiFiUdp.cpp:221] parsePacket(): could not receive data: 9
[104676][E][WiFiUdp.cpp:221] parsePacket(): could not receive data: 9
[104682][E][WiFiUdp.cpp:221] parsePacket(): could not receive data: 9
[104688][E][WiFiUdp.cpp:221] parsePacket(): could not receive data: 9
[104693][E][WiFiUdp.cpp:221] parsePacket(): could not receive data: 9
[104699][E][WiFiUdp.cpp:221] parsePacket(): could not receive data: 9
[104705][E][WiFiUdp.cpp:221] parsePacket(): could not receive data: 9
[104712][E][WiFiUdp.cpp:221] parsePacket(): could not receive data: 9
[104717][E][WiFiUdp.cpp:221] parsePacket(): could not receive data: 9
[104723][E][WiFiUdp.cpp:221] parsePacket(): could not receive data: 9
[104730][E][WiFiUdp.cpp:221] parsePacket(): could not receive data: 9
[104736][E][WiFiUdp.cpp:221] parsePacket(): could not receive data: 9
[104742][E][WiFiUdp.cpp:221] parsePacket(): could not receive data: 9
[104748][E][WiFiUdp.cpp:221] parsePacket(): could not receive data: 9
[104754][E][WiFiUdp.cpp:221] parsePacket(): could not receive data: 9
[104759][E][WiFiUdp.cpp:221] parsePacket(): could not receive data: 9
[104765][E][WiFiUdp.cpp:221] parsePacket(): could not receive data: 9
[104772][E][WiFiUdp.cpp:221] parsePacket(): could not receive data: 9
[104778][E][WiFiUdp.cpp:221] parsePacket(): could not receive data: 9
[104784][E][WiFiUdp.cpp:221] parsePacket(): could not receive data: 9
[104790][E][WiFiUdp.cpp:221] parsePacket(): could not receive data: 9
[104796][E][WiFiUdp.cpp:221] parsePacket(): could not receive data: 9
[104801][E][WiFiUdp.cpp:221] parsePacket(): could not receive data: 9
[104807][E][WiFiUdp.cpp:221] parsePacket(): could not receive data: 9
[104814][E][WiFiUdp.cpp:221] parsePacket(): could not receive data: 9
[104820][E][WiFiUdp.cpp:221] parsePacket(): could not receive data: 9
[104826][E][WiFiUdp.cpp:221] parsePacket(): could not receive data: 9
[104832][E][WiFiUdp.cpp:221] parsePacket(): could not receive data: 9
[104838][E][WiFiUdp.cpp:221] parsePacket(): could not receive data: 9
[104844][E][WiFiUdp.cpp:221] parsePacket(): could not receive data: 9
[104850][E][WiFiUdp.cpp:221] parsePacket(): could not receive data: 9
[104856][E][WiFiUdp.cpp:221] parsePacket(): could not receive data: 9
[104862][E][WiFiUdp.cpp:221] parsePacket(): could not receive data: 9
[104867][E][WiFiUdp.cpp:221] parsePacket(): could not receive data: 9
[104874][E][WiFiUdp.cpp:221] parsePacket(): could not receive data: 9
[104879][E][WiFiUdp.cpp:221] parsePacket(): could not receive data: 9
[104885][E][WiFiUdp.cpp:221] parsePacket(): could not receive data: 9
[104891][E][WiFiUdp.cpp:221] parsePacket(): could not receive data: 9
[104897][E][WiFiUdp.cpp:221] parsePacket(): could not receive data: 9
[104903][E][WiFiUdp.cpp:221] parsePacket(): could not receive data: 9
[104909][E][WiFiUdp.cpp:221] parsePacket(): could not receive data: 9
[104915][E][WiFiUdp.cpp:221] parsePacket(): could not receive data: 9
[104921][E][WiFiUdp.cpp:221] parsePacket(): could not receive data: 9
[104927][E][WiFiUdp.cpp:221] parsePacket(): could not receive data: 9
[104933][E][WiFiUdp.cpp:221] parsePacket(): could not receive data: 9
[104939][E][WiFiUdp.cpp:221] parsePacket(): could not receive data: 9
[104945][E][WiFiUdp.cpp:221] parsePacket(): could not receive data: 9
[104951][E][WiFiUdp.cpp:221] parsePacket(): could not receive data: 9
[104957][E][WiFiUdp.cpp:221] parsePacket(): could not receive data: 9
[104963][E][WiFiUdp.cpp:221] parsePacket(): could not receive data: 9
[104969][E][WiFiUdp.cpp:221] parsePacket(): could not receive data: 9
[104975][E][WiFiUdp.cpp:221] parsePacket(): could not receive data: 9
[104981][E][WiFiUdp.cpp:221] parsePacket(): could not receive data: 9
[104987][E][WiFiUdp.cpp:221] parsePacket(): could not receive data: 9
[104993][E][WiFiUdp.cpp:221] parsePacket(): could not receive data: 9
[104998][E][WiFiUdp.cpp:221] parsePacket(): could not receive data: 9
[105005][E][WiFiUdp.cpp:221] parsePacket(): could not receive data: 9
[105011][E][WiFiUdp.cpp:221] parsePacket(): could not receive data: 9
[105017][E][WiFiUdp.cpp:221] parsePacket(): could not receive data: 9
[105022][E][WiFiUdp.cpp:221] parsePacket(): could not receive data: 9
[105029][E][WiFiUdp.cpp:221] parsePacket(): could not receive data: 9
[105035][E][WiFiUdp.cpp:221] parsePacket(): could not receive data: 9
[105041][E][WiFiUdp.cpp:221] parsePacket(): could not receive data: 9
[105047][E][WiFiUdp.cpp:221] parsePacket(): could not receive data: 9
[105053][E][WiFiUdp.cpp:221] parsePacket(): could not receive data: 9
[105059][E][WiFiUdp.cpp:221] parsePacket(): could not receive data: 9
[105065][E][WiFiUdp.cpp:221] parsePacket(): could not receive data: 9
[105071][E][WiFiUdp.cpp:221] parsePacket(): could not receive data: 9
[105077][E][WiFiUdp.cpp:221] parsePacket(): could not receive data: 9
[105083][E][WiFiUdp.cpp:221] parsePacket(): could not receive data: 9
[105089][E][WiFiUdp.cpp:221] parsePacket(): could not receive data: 9
[105095][E][WiFiUdp.cpp:221] parsePacket(): could not receive data: 9
[105100][E][WiFiUdp.cpp:221] parsePacket(): could not receive data: 9
[105107][E][WiFiUdp.cpp:221] parsePacket(): could not receive data: 9
[105113][E][WiFiUdp.cpp:221] parsePacket(): could not receive data: 9
[105119][E][WiFiUdp.cpp:221] parsePacket(): could not receive data: 9
[105125][E][WiFiUdp.cpp:221] parsePacket(): could not receive data: 9
[105131][E][WiFiUdp.cpp:221] parsePacket(): could not receive data: 9
[105137][E][WiFiUdp.cpp:221] parsePacket(): could not receive data: 9
[105143][E][WiFiUdp.cpp:221] parsePacket(): could not receive data: 9
[105148][E][WiFiUdp.cpp:221] parsePacket(): could not receive data: 9
[105155][E][WiFiUdp.cpp:221] parsePacket(): could not receive data: 9
[105161][E][WiFiUdp.cpp:221] parsePacket(): could not receive data: 9
[105167][E][WiFiUdp.cpp:221] parsePacket(): could not receive data: 9
[105173][E][WiFiUdp.cpp:221] parsePacket(): could not receive data: 9
[105179][E][WiFiUdp.cpp:221] parsePacket(): could not receive data: 9
[105185][E][WiFiUdp.cpp:221] parsePacket(): could not receive data: 9
[105191][E][WiFiUdp.cpp:221] parsePacket(): could not receive data: 9
[105197][E][WiFiUdp.cpp:221] parsePacket(): could not receive data: 9
[105203][E][WiFiUdp.cpp:221] parsePacket(): could not receive data: 9
[105209][E][WiFiUdp.cpp:221] parsePacket(): could not receive data: 9
[105215][E][WiFiUdp.cpp:221] parsePacket(): could not receive data: 9
[105221][E][WiFiUdp.cpp:221] parsePacket(): could not receive data: 9
[105227][E][WiFiUdp.cpp:221] parsePacket(): could not receive data: 9
[105233][E][WiFiUdp.cpp:221] parsePacket(): could not receive data: 9
[105239][E][WiFiUdp.cpp:221] parsePacket(): could not receive data: 9
[105245][E][WiFiUdp.cpp:221] parsePacket(): could not receive data: 9
[105251][E][WiFiUdp.cpp:221] parsePacket(): could not receive data: 9
[105257][E][WiFiUdp.cpp:221] parsePacket(): could not receive data: 9
[105263][E][WiFiUdp.cpp:221] parsePacket(): could not receive data: 9
[105269][E][WiFiUdp.cpp:221] parsePacket(): could not receive data: 9
[105275][E][WiFiUdp.cpp:221] parsePacket(): could not receive data: 9
[105281][E][WiFiUdp.cpp:221] parsePacket(): could not receive data: 9
[105288][E][WiFiUdp.cpp:221] parsePacket(): could not receive data: 9
[105294][E][WiFiUdp.cpp:221] parsePacket(): could not receive data: 9
[105300][E][WiFiUdp.cpp:221] parsePacket(): could not receive data: 9
[105306][E][WiFiUdp.cpp:221] parsePacket(): could not receive data: 9
[105312][E][WiFiUdp.cpp:221] parsePacket(): could not receive data: 9
[105319][E][WiFiUdp.cpp:221] parsePacket(): could not receive data: 9
[105324][E][WiFiUdp.cpp:221] parsePacket(): could not receive data: 9
[105331][E][WiFiUdp.cpp:221] parsePacket(): could not receive data: 9
[105336][E][WiFiUdp.cpp:221] parsePacket(): could not receive data: 9
[105342][E][WiFiUdp.cpp:221] parsePacket(): could not receive data: 9
[105349][E][WiFiUdp.cpp:221] parsePacket(): could not receive data: 9
[105355][E][WiFiUdp.cpp:221] parsePacket(): could not receive data: 9
[105361][E][WiFiUdp.cpp:221] parsePacket(): could not receive data: 9
[105367][E][WiFiUdp.cpp:221] parsePacket(): could not receive data: 9
[105373][E][WiFiUdp.cpp:221] parsePacket(): could not receive data: 9
[105379][E][WiFiUdp.cpp:221] parsePacket(): could not receive data: 9
[105384][E][WiFiUdp.cpp:221] parsePacket(): could not receive data: 9
[105390][E][WiFiUdp.cpp:221] parsePacket(): could not receive data: 9
[105397][E][WiFiUdp.cpp:221] parsePacket(): could not receive data: 9
[105403][E][WiFiUdp.cpp:221] parsePacket(): could not receive data: 9
[105409][E][WiFiUdp.cpp:221] parsePacket(): could not receive data: 9
[105414][E][WiFiUdp.cpp:221] parsePacket(): could not receive data: 9
[105420][E][WiFiUdp.cpp:221] parsePacket(): could not receive data: 9
[105425][E][WiFiUdp.cpp:221] parsePacket(): could not receive data: 9
[105432][E][WiFiUdp.cpp:221] parsePacket(): could not receive data: 9
[105438][E][WiFiUdp.cpp:221] parsePacket(): could not receive data: 9
[105444][E][WiFiUdp.cpp:221] parsePacket(): could not receive data: 9
[105449][E][WiFiUdp.cpp:221] parsePacket(): could not receive data: 9
[105456][E][WiFiUdp.cpp:221] parsePacket(): could not receive data: 9
[105462][E][WiFiUdp.cpp:221] parsePacket(): could not receive data: 9
[105467][E][WiFiUdp.cpp:221] parsePacket(): could not receive data: 9
[105474][E][WiFiUdp.cpp:221] parsePacket(): could not receive data: 9
[105480][E][WiFiUdp.cpp:221] parsePacket(): could not receive data: 9
[105486][E][WiFiUdp.cpp:221] parsePacket(): could not receive data: 9
[105492][E][WiFiUdp.cpp:221] parsePacket(): could not receive data: 9
[105498][E][WiFiUdp.cpp:221] parsePacket(): could not receive data: 9
[105504][E][WiFiUdp.cpp:221] parsePacket(): could not receive data: 9
[105510][E][WiFiUdp.cpp:221] parsePacket(): could not receive data: 9
[105516][E][WiFiUdp.cpp:221] parsePacket(): could not receive data: 9
[105522][E][WiFiUdp.cpp:221] parsePacket(): could not receive data: 9
[105528][E][WiFiUdp.cpp:221] parsePacket(): could not receive data: 9
[105533][E][WiFiUdp.cpp:221] parsePacket(): could not receive data: 9
[105540][E][WiFiUdp.cpp:221] parsePacket(): could not receive data: 9
[105546][E][WiFiUdp.cpp:221] parsePacket(): could not receive data: 9
[105552][E][WiFiUdp.cpp:221] parsePacket(): could not receive data: 9
[105558][E][WiFiUdp.cpp:221] parsePacket(): could not receive data: 9
[105564][E][WiFiUdp.cpp:221] parsePacket(): could not receive data: 9
[105570][E][WiFiUdp.cpp:221] parsePacket(): could not receive data: 9
[105576][E][WiFiUdp.cpp:221] parsePacket(): could not receive data: 9
[105582][E][WiFiUdp.cpp:221] parsePacket(): could not receive data: 9
[105587][E][WiFiUdp.cpp:221] parsePacket(): could not receive data: 9
[105594][E][WiFiUdp.cpp:221] parsePacket(): could not receive data: 9
[105600][E][WiFiUdp.cpp:221] parsePacket(): could not receive data: 9
[105606][E][WiFiUdp.cpp:221] parsePacket(): could not receive data: 9
[105611][E][WiFiUdp.cpp:221] parsePacket(): could not receive data: 9
[105617][E][WiFiUdp.cpp:221] parsePacket(): could not receive data: 9
[105624][E][WiFiUdp.cpp:221] parsePacket(): could not receive data: 9
[105630][E][WiFiUdp.cpp:221] parsePacket(): could not receive data: 9
[105636][E][WiFiUdp.cpp:221] parsePacket(): could not receive data: 9
[105642][E][WiFiUdp.cpp:221] parsePacket(): could not receive data: 9
[105648][E][WiFiUdp.cpp:221] parsePacket(): could not receive data: 9
[105653][E][WiFiUdp.cpp:221] parsePacket(): could not receive data: 9
[105659][E][WiFiUdp.cpp:221] parsePacket(): could not receive data: 9
[105665][E][WiFiUdp.cpp:221] parsePacket(): could not receive data: 9
[105671][E][WiFiUdp.cpp:221] parsePacket(): could not receive data: 9
[105678][E][WiFiUdp.cpp:221] parsePacket(): could not receive data: 9
[105683][E][WiFiUdp.cpp:221] parsePacket(): could not receive data: 9
[105690][E][WiFiUdp.cpp:221] parsePacket(): could not receive data: 9
[105696][E][WiFiUdp.cpp:221] parsePacket(): could not receive data: 9
[105701][E][WiFiUdp.cpp:221] parsePacket(): could not receive data: 9
[105708][E][WiFiUdp.cpp:221] parsePacket(): could not receive data: 9
[105714][E][WiFiUdp.cpp:221] parsePacket(): could not receive data: 9
[105720][E][WiFiUdp.cpp:221] parsePacket(): could not receive data: 9
[105725][E][WiFiUdp.cpp:221] parsePacket(): could not receive data: 9
[105732][E][WiFiUdp.cpp:221] parsePacket(): could not receive data: 9
[105738][E][WiFiUdp.cpp:221] parsePacket(): could not receive data: 9
[105743][E][WiFiUdp.cpp:221] parsePacket(): could not receive data: 9
[105749][E][WiFiUdp.cpp:221] parsePacket(): could not receive data: 9
[105756][E][WiFiUdp.cpp:221] parsePacket(): could not receive data: 9
[105762][E][WiFiUdp.cpp:221] parsePacket(): could not receive data: 9
[105767][E][WiFiUdp.cpp:221] parsePacket(): could not receive data: 9
[105773][E][WiFiUdp.cpp:221] parsePacket(): could not receive data: 9
[105780][E][WiFiUdp.cpp:221] parsePacket(): could not receive data: 9
[105786][E][WiFiUdp.cpp:221] parsePacket(): could not receive data: 9
[105791][E][WiFiUdp.cpp:221] parsePacket(): could not receive data: 9
[105797][E][WiFiUdp.cpp:221] parsePacket(): could not receive data: 9
[105803][E][WiFiUdp.cpp:221] parsePacket(): could not receive data: 9
[105809][E][WiFiUdp.cpp:221] parsePacket(): could not receive data: 9
[105815][E][WiFiUdp.cpp:221] parsePacket(): could not receive data: 9
[105821][E][WiFiUdp.cpp:221] parsePacket(): could not receive data: 9
[105828][E][WiFiUdp.cpp:221] parsePacket(): could not receive data: 9
[105834][E][WiFiUdp.cpp:221] parsePacket(): could not receive data: 9
[105839][E][WiFiUdp.cpp:221] parsePacket(): could not receive data: 9
[105845][E][WiFiUdp.cpp:221] parsePacket(): could not receive data: 9
[105852][E][WiFiUdp.cpp:221] parsePacket(): could not receive data: 9
[105858][E][WiFiUdp.cpp:221] parsePacket(): could not receive data: 9
[105864][E][WiFiUdp.cpp:221] parsePacket(): could not receive data: 9
[105870][E][WiFiUdp.cpp:221] parsePacket(): could not receive data: 9
[105876][E][WiFiUdp.cpp:221] parsePacket(): could not receive data: 9
[105881][E][WiFiUdp.cpp:221] parsePacket(): could not receive data: 9
[105888][E][WiFiUdp.cpp:221] parsePacket(): could not receive data: 9
[105894][E][WiFiUdp.cpp:221] parsePacket(): could not receive data: 9
[105899][E][WiFiUdp.cpp:221] parsePacket(): could not receive data: 9
[105906][E][WiFiUdp.cpp:221] parsePacket(): could not receive data: 9
[105911][E][WiFiUdp.cpp:221] parsePacket(): could not receive data: 9
[105917][E][WiFiUdp.cpp:221] parsePacket(): could not receive data: 9
[105924][E][WiFiUdp.cpp:221] parsePacket(): could not receive data: 9
[105930][E][WiFiUdp.cpp:221] parsePacket(): could not receive data: 9
[105936][E][WiFiUdp.cpp:221] parsePacket(): could not receive data: 9
[105942][E][WiFiUdp.cpp:221] parsePacket(): could not receive data: 9
[105948][E][WiFiUdp.cpp:221] parsePacket(): could not receive data: 9
[105953][E][WiFiUdp.cpp:221] parsePacket(): could not receive data: 9
[105959][E][WiFiUdp.cpp:221] parsePacket(): could not receive data: 9
[105966][E][WiFiUdp.cpp:221] parsePacket(): could not receive data: 9
[105972][E][WiFiUdp.cpp:221] parsePacket(): could not receive data: 9
[105979][E][WiFiUdp.cpp:221] parsePacket(): could not receive data: 9
[105984][E][WiFiUdp.cpp:221] parsePacket(): could not receive data: 9
[105991][E][WiFiUdp.cpp:221] parsePacket(): could not receive data: 9
[105997][E][WiFiUdp.cpp:221] parsePacket(): could not receive data: 9
[106003][E][WiFiUdp.cpp:221] parsePacket(): could not receive data: 9
[106009][E][WiFiUdp.cpp:221] parsePacket(): could not receive data: 9
[106014][E][WiFiUdp.cpp:221] parsePacket(): could not receive data: 9
[106021][E][WiFiUdp.cpp:221] parsePacket(): could not receive data: 9
[106027][E][WiFiUdp.cpp:221] parsePacket(): could not receive data: 9
[106033][E][WiFiUdp.cpp:221] parsePacket(): could not receive data: 9
[106039][E][WiFiUdp.cpp:221] parsePacket(): could not receive data: 9
[106045][E][WiFiUdp.cpp:221] parsePacket(): could not receive data: 9
[106051][E][WiFiUdp.cpp:221] parsePacket(): could not receive data: 9
[106056][E][WiFiUdp.cpp:221] parsePacket(): could not receive data: 9
[106062][E][WiFiUdp.cpp:221] parsePacket(): could not receive data: 9
[106069][E][WiFiUdp.cpp:221] parsePacket(): could not receive data: 9
[106075][E][WiFiUdp.cpp:221] parsePacket(): could not receive data: 9
[106081][E][WiFiUdp.cpp:221] parsePacket(): could not receive data: 9
[106087][E][WiFiUdp.cpp:221] parsePacket(): could not receive data: 9
[106093][E][WiFiUdp.cpp:221] parsePacket(): could not receive data: 9
[106098][E][WiFiUdp.cpp:221] parsePacket(): could not receive data: 9
[106105][E][WiFiUdp.cpp:221] parsePacket(): could not receive data: 9
[106110][E][WiFiUdp.cpp:221] parsePacket(): could not receive data: 9
[106117][E][WiFiUdp.cpp:221] parsePacket(): could not receive data: 9
[106123][E][WiFiUdp.cpp:221] parsePacket(): could not receive data: 9
[106130][E][WiFiUdp.cpp:221] parsePacket(): could not receive data: 9
[106137][E][WiFiUdp.cpp:221] parsePacket(): could not receive data: 9
[106144][E][WiFiUdp.cpp:221] parsePacket(): could not receive data: 9
[106150][E][WiFiUdp.cpp:221] parsePacket(): could not receive data: 9
[106156][E][WiFiUdp.cpp:221] parsePacket(): could not receive data: 9
[106162][E][WiFiUdp.cpp:221] parsePacket(): could not receive data: 9
[106169][E][WiFiUdp.cpp:221] parsePacket(): could not receive data: 9
[106175][E][WiFiUdp.cpp:221] parsePacket(): could not receive data: 9
[106181][E][WiFiUdp.cpp:221] parsePacket(): could not receive data: 9
[106186][E][WiFiUdp.cpp:221] parsePacket(): could not receive data: 9
[106193][E][WiFiUdp.cpp:221] parsePacket(): could not receive data: 9
[106199][E][WiFiUdp.cpp:221] parsePacket(): could not receive data: 9
[106204][E][WiFiUdp.cpp:221] parsePacket(): could not receive data: 9
[106210][E][WiFiUdp.cpp:221] parsePacket(): could not receive data: 9
[106216][E][WiFiUdp.cpp:221] parsePacket(): could not receive data: 9
[106223][E][WiFiUdp.cpp:221] parsePacket(): could not receive data: 9
[106229][E][WiFiUdp.cpp:221] parsePacket(): could not receive data: 9
[106235][E][WiFiUdp.cpp:221] parsePacket(): could not receive data: 9
[106240][E][WiFiUdp.cpp:221] parsePacket(): could not receive data: 9
[106246][E][WiFiUdp.cpp:221] parsePacket(): could not receive data: 9
[106252][E][WiFiUdp.cpp:221] parsePacket(): could not receive data: 9
[106258][E][WiFiUdp.cpp:221] parsePacket(): could not receive data: 9
[106265][E][WiFiUdp.cpp:221] parsePacket(): could not receive data: 9
[106271][E][WiFiUdp.cpp:221] parsePacket(): could not receive data: 9
[106277][E][WiFiUdp.cpp:221] parsePacket(): could not receive data: 9
[106283][E][WiFiUdp.cpp:221] parsePacket(): could not receive data: 9
[106289][E][WiFiUdp.cpp:221] parsePacket(): could not receive data: 9
[106295][E][WiFiUdp.cpp:221] parsePacket(): could not receive data: 9
[106301][E][WiFiUdp.cpp:221] parsePacket(): could not receive data: 9
[106307][E][WiFiUdp.cpp:221] parsePacket(): could not receive data: 9
[106313][E][WiFiUdp.cpp:221] parsePacket(): could not receive data: 9
[106319][E][WiFiUdp.cpp:221] parsePacket(): could not receive data: 9
[106325][E][WiFiUdp.cpp:221] parsePacket(): could not receive data: 9
[106331][E][WiFiUdp.cpp:221] parsePacket(): could not receive data: 9
[106337][E][WiFiUdp.cpp:221] parsePacket(): could not receive data: 9
[106343][E][WiFiUdp.cpp:221] parsePacket(): could not receive data: 9
[106348][E][WiFiUdp.cpp:221] parsePacket(): could not receive data: 9
[106355][E][WiFiUdp.cpp:221] parsePacket(): could not receive data: 9
[106361][E][WiFiUdp.cpp:221] parsePacket(): could not receive data: 9
[106366][E][WiFiUdp.cpp:221] parsePacket(): could not receive data: 9
[106373][E][WiFiUdp.cpp:221] parsePacket(): could not receive data: 9
[106379][E][WiFiUdp.cpp:221] parsePacket(): could not receive data: 9
[106385][E][WiFiUdp.cpp:221] parsePacket(): could not receive data: 9
[106390][E][WiFiUdp.cpp:221] parsePacket(): could not receive data: 9
[106397][E][WiFiUdp.cpp:221] parsePacket(): could not receive data: 9
[106403][E][WiFiUdp.cpp:221] parsePacket(): could not receive data: 9
[106409][E][WiFiUdp.cpp:221] parsePacket(): could not receive data: 9
[106415][E][WiFiUdp.cpp:221] parsePacket(): could not receive data: 9
[106421][E][WiFiUdp.cpp:221] parsePacket(): could not receive data: 9
[106427][E][WiFiUdp.cpp:221] parsePacket(): could not receive data: 9
[106433][E][WiFiUdp.cpp:221] parsePacket(): could not receive data: 9
[106439][E][WiFiUdp.cpp:221] parsePacket(): could not receive data: 9
[106445][E][WiFiUdp.cpp:221] parsePacket(): could not receive data: 9
[106451][E][WiFiUdp.cpp:221] parsePacket(): could not receive data: 9
[106457][E][WiFiUdp.cpp:221] parsePacket(): could not receive data: 9
[106463][E][WiFiUdp.cpp:221] parsePacket(): could not receive data: 9
[106469][E][WiFiUdp.cpp:221] parsePacket(): could not receive data: 9
[106475][E][WiFiUdp.cpp:221] parsePacket(): could not receive data: 9
[106481][E][WiFiUdp.cpp:221] parsePacket(): could not receive data: 9
[106486][E][WiFiUdp.cpp:221] parsePacket(): could not receive data: 9
[106493][E][WiFiUdp.cpp:221] parsePacket(): could not receive data: 9
[106499][E][WiFiUdp.cpp:221] parsePacket(): could not receive data: 9
[106505][E][WiFiUdp.cpp:221] parsePacket(): could not receive data: 9
[106510][E][WiFiUdp.cpp:221] parsePacket(): could not receive data: 9
[106516][E][WiFiUdp.cpp:221] parsePacket(): could not receive data: 9
[106522][E][WiFiUdp.cpp:221] parsePacket(): could not receive data: 9
[106527][E][WiFiUdp.cpp:221] parsePacket(): could not receive data: 9
[106533][E][WiFiUdp.cpp:221] parsePacket(): could not receive data: 9
[106540][E][WiFiUdp.cpp:221] parsePacket(): could not receive data: 9
[106545][E][WiFiUdp.cpp:221] parsePacket(): could not receive data: 9
[106551][E][WiFiUdp.cpp:221] parsePacket(): could not receive data: 9
[106557][E][WiFiUdp.cpp:221] parsePacket(): could not receive data: 9
[106563][E][WiFiUdp.cpp:221] parsePacket(): could not receive data: 9
[106569][E][WiFiUdp.cpp:221] parsePacket(): could not receive data: 9
[106575][E][WiFiUdp.cpp:221] parsePacket(): could not receive data: 9
[106581][E][WiFiUdp.cpp:221] parsePacket(): could not receive data: 9
[106587][E][WiFiUdp.cpp:221] parsePacket(): could not receive data: 9
[106593][E][WiFiUdp.cpp:221] parsePacket(): could not receive data: 9
[106599][E][WiFiUdp.cpp:221] parsePacket(): could not receive data: 9
[106605][E][WiFiUdp.cpp:221] parsePacket(): could not receive data: 9
[106611][E][WiFiUdp.cpp:221] parsePacket(): could not receive data: 9
[106616][E][WiFiUdp.cpp:221] parsePacket(): could not receive data: 9
[106623][E][WiFiUdp.cpp:221] parsePacket(): could not receive data: 9
[106628][E][WiFiUdp.cpp:221] parsePacket(): could not receive data: 9
[106635][E][WiFiUdp.cpp:221] parsePacket(): could not receive data: 9
[106641][E][WiFiUdp.cpp:221] parsePacket(): could not receive data: 9
[106647][E][WiFiUdp.cpp:221] parsePacket(): could not receive data: 9
[106653][E][WiFiUdp.cpp:221] parsePacket(): could not receive data: 9
[106659][E][WiFiUdp.cpp:221] parsePacket(): could not receive data: 9
[106665][E][WiFiUdp.cpp:221] parsePacket(): could not receive data: 9
[106671][E][WiFiUdp.cpp:221] parsePacket(): could not receive data: 9
[106677][E][WiFiUdp.cpp:221] parsePacket(): could not receive data: 9
[106683][E][WiFiUdp.cpp:221] parsePacket(): could not receive data: 9
[106689][E][WiFiUdp.cpp:221] parsePacket(): could not receive data: 9
[106695][E][WiFiUdp.cpp:221] parsePacket(): could not receive data: 9
[106701][E][WiFiUdp.cpp:221] parsePacket(): could not receive data: 9
[106707][E][WiFiUdp.cpp:221] parsePacket(): could not receive data: 9
[106713][E][WiFiUdp.cpp:221] parsePacket(): could not receive data: 9
[106719][E][WiFiUdp.cpp:221] parsePacket(): could not receive data: 9
[106725][E][WiFiUdp.cpp:221] parsePacket(): could not receive data: 9
[106730][E][WiFiUdp.cpp:221] parsePacket(): could not receive data: 9
[106737][E][WiFiUdp.cpp:221] parsePacket(): could not receive data: 9
[106742][E][WiFiUdp.cpp:221] parsePacket(): could not receive data: 9
[106749][E][WiFiUdp.cpp:221] parsePacket(): could not receive data: 9
[106754][E][WiFiUdp.cpp:221] parsePacket(): could not receive data: 9
[106761][E][WiFiUdp.cpp:221] parsePacket(): could not receive data: 9
[106767][E][WiFiUdp.cpp:221] parsePacket(): could not receive data: 9
[106773][E][WiFiUdp.cpp:221] parsePacket(): could not receive data: 9
[106778][E][WiFiUdp.cpp:221] parsePacket(): could not receive data: 9
[106784][E][WiFiUdp.cpp:221] parsePacket(): could not receive data: 9
[106790][E][WiFiUdp.cpp:221] parsePacket(): could not receive data: 9
[106797][E][WiFiUdp.cpp:221] parsePacket(): could not receive data: 9
[106803][E][WiFiUdp.cpp:221] parsePacket(): could not receive data: 9
[106808][E][WiFiUdp.cpp:221] parsePacket(): could not receive data: 9
[106814][E][WiFiUdp.cpp:221] parsePacket(): could not receive data: 9
[106821][E][WiFiUdp.cpp:221] parsePacket(): could not receive data: 9
[106827][E][WiFiUdp.cpp:221] parsePacket(): could not receive data: 9
[106833][E][WiFiUdp.cpp:221] parsePacket(): could not receive data: 9
[106838][E][WiFiUdp.cpp:221] parsePacket(): could not receive data: 9
[106845][E][WiFiUdp.cpp:221] parsePacket(): could not receive data: 9
[106851][E][WiFiUdp.cpp:221] parsePacket(): could not receive data: 9
[106856][E][WiFiUdp.cpp:221] parsePacket(): could not receive data: 9
[106863][E][WiFiUdp.cpp:221] parsePacket(): could not receive data: 9
[106868][E][WiFiUdp.cpp:221] parsePacket(): could not receive data: 9
[106874][E][WiFiUdp.cpp:221] parsePacket(): could not receive data: 9
[106881][E][WiFiUdp.cpp:221] parsePacket(): could not receive data: 9
[106887][E][WiFiUdp.cpp:221] parsePacket(): could not receive data: 9
[106893][E][WiFiUdp.cpp:221] parsePacket(): could not receive data: 9
[106899][E][WiFiUdp.cpp:221] parsePacket(): could not receive data: 9
[106906][E][WiFiUdp.cpp:221] parsePacket(): could not receive data: 9
[106913][E][WiFiUdp.cpp:221] parsePacket(): could not receive data: 9
[106919][E][WiFiUdp.cpp:221] parsePacket(): could not receive data: 9
[106925][E][WiFiUdp.cpp:221] parsePacket(): could not receive data: 9
[106930][E][WiFiUdp.cpp:221] parsePacket(): could not receive data: 9
[106937][E][WiFiUdp.cpp:221] parsePacket(): could not receive data: 9
[106942][E][WiFiUdp.cpp:221] parsePacket(): could not receive data: 9
[106948][E][WiFiUdp.cpp:221] parsePacket(): could not receive data: 9
[106954][E][WiFiUdp.cpp:221] parsePacket(): could not receive data: 9
[106960][E][WiFiUdp.cpp:221] parsePacket(): could not receive data: 9
[106966][E][WiFiUdp.cpp:221] parsePacket(): could not receive data: 9
[106972][E][WiFiUdp.cpp:221] parsePacket(): could not receive data: 9
[106978][E][WiFiUdp.cpp:221] parsePacket(): could not receive data: 9
[106984][E][WiFiUdp.cpp:221] parsePacket(): could not receive data: 9
[106990][E][WiFiUdp.cpp:221] parsePacket(): could not receive data: 9
[106996][E][WiFiUdp.cpp:221] parsePacket(): could not receive data: 9
[107002][E][WiFiUdp.cpp:221] parsePacket(): could not receive data: 9
[107008][E][WiFiUdp.cpp:221] parsePacket(): could not receive data: 9
[107014][E][WiFiUdp.cpp:221] parsePacket(): could not receive data: 9
[107021][E][WiFiUdp.cpp:221] parsePacket(): could not receive data: 9
[107026][E][WiFiUdp.cpp:221] parsePacket(): could not receive data: 9
[107033][E][WiFiUdp.cpp:221] parsePacket(): could not receive data: 9
[107038][E][WiFiUdp.cpp:221] parsePacket(): could not receive data: 9
[107044][E][WiFiUdp.cpp:221] parsePacket(): could not receive data: 9
[107050][E][WiFiUdp.cpp:221] parsePacket(): could not receive data: 9
[107056][E][WiFiUdp.cpp:221] parsePacket(): could not receive data: 9
[107062][E][WiFiUdp.cpp:221] parsePacket(): could not receive data: 9
[107068][E][WiFiUdp.cpp:221] parsePacket(): could not receive data: 9
[107074][E][WiFiUdp.cpp:221] parsePacket(): could not receive data: 9
[107081][E][WiFiUdp.cpp:221] parsePacket(): could not receive data: 9
[107086][E][WiFiUdp.cpp:221] parsePacket(): could not receive data: 9
[107092][E][WiFiUdp.cpp:221] parsePacket(): could not receive data: 9
[107098][E][WiFiUdp.cpp:221] parsePacket(): could not receive data: 9
[107105][E][WiFiUdp.cpp:221] parsePacket(): could not receive data: 9
[107111][E][WiFiUdp.cpp:221] parsePacket(): could not receive data: 9
[107117][E][WiFiUdp.cpp:221] parsePacket(): could not receive data: 9
[107122][E][WiFiUdp.cpp:221] parsePacket(): could not receive data: 9
[107129][E][WiFiUdp.cpp:221] parsePacket(): could not receive data: 9
[107134][E][WiFiUdp.cpp:221] parsePacket(): could not receive data: 9
[107140][E][WiFiUdp.cpp:221] parsePacket(): could not receive data: 9
[107147][E][WiFiUdp.cpp:221] parsePacket(): could not receive data: 9
[107153][E][WiFiUdp.cpp:221] parsePacket(): could not receive data: 9
[107159][E][WiFiUdp.cpp:221] parsePacket(): could not receive data: 9
[107166][E][WiFiUdp.cpp:221] parsePacket(): could not receive data: 9
[107172][E][WiFiUdp.cpp:221] parsePacket(): could not receive data: 9
[107179][E][WiFiUdp.cpp:221] parsePacket(): could not receive data: 9
[107185][E][WiFiUdp.cpp:221] parsePacket(): could not receive data: 9
[107191][E][WiFiUdp.cpp:221] parsePacket(): could not receive data: 9
[107196][E][WiFiUdp.cpp:221] parsePacket(): could not receive data: 9
[107202][E][WiFiUdp.cpp:221] parsePacket(): could not receive data: 9
[107208][E][WiFiUdp.cpp:221] parsePacket(): could not receive data: 9
[107214][E][WiFiUdp.cpp:221] parsePacket(): could not receive data: 9
[107220][E][WiFiUdp.cpp:221] parsePacket(): could not receive data: 9
[107226][E][WiFiUdp.cpp:221] parsePacket(): could not receive data: 9
[107232][E][WiFiUdp.cpp:221] parsePacket(): could not receive data: 9
[107238][E][WiFiUdp.cpp:221] parsePacket(): could not receive data: 9
[107243][E][WiFiUdp.cpp:221] parsePacket(): could not receive data: 9
[107249][E][WiFiUdp.cpp:221] parsePacket(): could not receive data: 9
[107254][E][WiFiUdp.cpp:221] parsePacket(): could not receive data: 9
[107260][E][WiFiUdp.cpp:221] parsePacket(): could not receive data: 9
[107265][E][WiFiUdp.cpp:221] parsePacket(): could not receive data: 9
[107271][E][WiFiUdp.cpp:221] parsePacket(): could not receive data: 9
[107277][E][WiFiUdp.cpp:221] parsePacket(): could not receive data: 9
[107283][E][WiFiUdp.cpp:221] parsePacket(): could not receive data: 9
[107290][E][WiFiUdp.cpp:221] parsePacket(): could not receive data: 9
[107295][E][WiFiUdp.cpp:221] parsePacket(): could not receive data: 9
[107302][E][WiFiUdp.cpp:221] parsePacket(): could not receive data: 9
[107308][E][WiFiUdp.cpp:221] parsePacket(): could not receive data: 9
[107313][E][WiFiUdp.cpp:221] parsePacket(): could not receive data: 9
[107318][E][WiFiUdp.cpp:221] parsePacket(): could not receive data: 9
[107323][E][WiFiUdp.cpp:221] parsePacket(): could not receive data: 9
[107329][E][WiFiUdp.cpp:221] parsePacket(): could not receive data: 9
[107335][E][WiFiUdp.cpp:221] parsePacket(): could not receive data: 9
[107340][E][WiFiUdp.cpp:221] parsePacket(): could not receive data: 9
[107347][E][WiFiUdp.cpp:221] parsePacket(): could not receive data: 9
[107353][E][WiFiUdp.cpp:221] parsePacket(): could not receive data: 9
[107359][E][WiFiUdp.cpp:221] parsePacket(): could not receive data: 9
[107365][E][WiFiUdp.cpp:221] parsePacket(): could not receive data: 9
[107371][E][WiFiUdp.cpp:221] parsePacket(): could not receive data: 9
[107377][E][WiFiUdp.cpp:221] parsePacket(): could not receive data: 9
[107383][E][WiFiUdp.cpp:221] parsePacket(): could not receive data: 9
[107388][E][WiFiUdp.cpp:221] parsePacket(): could not receive data: 9
[107395][E][WiFiUdp.cpp:221] parsePacket(): could not receive data: 9
[107400][E][WiFiUdp.cpp:221] parsePacket(): could not receive data: 9
[107406][E][WiFiUdp.cpp:221] parsePacket(): could not receive data: 9
[107412][E][WiFiUdp.cpp:221] parsePacket(): could not receive data: 9
[107419][E][WiFiUdp.cpp:221] parsePacket(): could not receive data: 9
[107425][E][WiFiUdp.cpp:221] parsePacket(): could not receive data: 9
[107431][E][WiFiUdp.cpp:221] parsePacket(): could not receive data: 9
[107437][E][WiFiUdp.cpp:221] parsePacket(): could not receive data: 9
[107442][E][WiFiUdp.cpp:221] parsePacket(): could not receive data: 9
[107449][E][WiFiUdp.cpp:221] parsePacket(): could not receive data: 9
[107455][E][WiFiUdp.cpp:221] parsePacket(): could not receive data: 9
[107461][E][WiFiUdp.cpp:221] parsePacket(): could not receive data: 9
[107467][E][WiFiUdp.cpp:221] parsePacket(): could not receive data: 9
[107473][E][WiFiUdp.cpp:221] parsePacket(): could not receive data: 9
[107479][E][WiFiUdp.cpp:221] parsePacket(): could not receive data: 9
[107484][E][WiFiUdp.cpp:221] parsePacket(): could not receive data: 9
[107491][E][WiFiUdp.cpp:221] parsePacket(): could not receive data: 9
[107497][E][WiFiUdp.cpp:221] parsePacket(): could not receive data: 9
[107503][E][WiFiUdp.cpp:221] parsePacket(): could not receive data: 9
[107509][E][WiFiUdp.cpp:221] parsePacket(): could not receive data: 9
[107515][E][WiFiUdp.cpp:221] parsePacket(): could not receive data: 9
[107521][E][WiFiUdp.cpp:221] parsePacket(): could not receive data: 9
[107526][E][WiFiUdp.cpp:221] parsePacket(): could not receive data: 9
[107532][E][WiFiUdp.cpp:221] parsePacket(): could not receive data: 9
[107538][E][WiFiUdp.cpp:221] parsePacket(): could not receive data: 9
[107544][E][WiFiUdp.cpp:221] parsePacket(): could not receive data: 9
[107551][E][WiFiUdp.cpp:221] parsePacket(): could not receive data: 9
[107557][E][WiFiUdp.cpp:221] parsePacket(): could not receive data: 9
[107562][E][WiFiUdp.cpp:221] parsePacket(): could not receive data: 9
[107569][E][WiFiUdp.cpp:221] parsePacket(): could not receive data: 9
[107575][E][WiFiUdp.cpp:221] parsePacket(): could not receive data: 9
[107580][E][WiFiUdp.cpp:221] parsePacket(): could not receive data: 9
[107586][E][WiFiUdp.cpp:221] parsePacket(): could not receive data: 9
[107593][E][WiFiUdp.cpp:221] parsePacket(): could not receive data: 9
[107599][E][WiFiUdp.cpp:221] parsePacket(): could not receive data: 9
[107605][E][WiFiUdp.cpp:221] parsePacket(): could not receive data: 9
[107611][E][WiFiUdp.cpp:221] parsePacket(): could not receive data: 9
[107617][E][WiFiUdp.cpp:221] parsePacket(): could not receive data: 9
[107623][E][WiFiUdp.cpp:221] parsePacket(): could not receive data: 9
[107629][E][WiFiUdp.cpp:221] parsePacket(): could not receive data: 9
[107635][E][WiFiUdp.cpp:221] parsePacket(): could not receive data: 9
[107640][E][WiFiUdp.cpp:221] parsePacket(): could not receive data: 9
[107647][E][WiFiUdp.cpp:221] parsePacket(): could not receive data: 9
[107653][E][WiFiUdp.cpp:221] parsePacket(): could not receive data: 9
[107659][E][WiFiUdp.cpp:221] parsePacket(): could not receive data: 9
[107664][E][WiFiUdp.cpp:221] parsePacket(): could not receive data: 9
[107670][E][WiFiUdp.cpp:221] parsePacket(): could not receive data: 9
[107676][E][WiFiUdp.cpp:221] parsePacket(): could not receive data: 9
[107682][E][WiFiUdp.cpp:221] parsePacket(): could not receive data: 9
[107688][E][WiFiUdp.cpp:221] parsePacket(): could not receive data: 9
[107695][E][WiFiUdp.cpp:221] parsePacket(): could not receive data: 9
[107701][E][WiFiUdp.cpp:221] parsePacket(): could not receive data: 9
[107707][E][WiFiUdp.cpp:221] parsePacket(): could not receive data: 9
[107712][E][WiFiUdp.cpp:221] parsePacket(): could not receive data: 9
[107719][E][WiFiUdp.cpp:221] parsePacket(): could not receive data: 9
[107725][E][WiFiUdp.cpp:221] parsePacket(): could not receive data: 9
[107730][E][WiFiUdp.cpp:221] parsePacket(): could not receive data: 9
[107737][E][WiFiUdp.cpp:221] parsePacket(): could not receive data: 9
[107742][E][WiFiUdp.cpp:221] parsePacket(): could not receive data: 9
[107749][E][WiFiUdp.cpp:221] parsePacket(): could not receive data: 9
[107755][E][WiFiUdp.cpp:221] parsePacket(): could not receive data: 9
[107761][E][WiFiUdp.cpp:221] parsePacket(): could not receive data: 9
[107767][E][WiFiUdp.cpp:221] parsePacket(): could not receive data: 9
[107773][E][WiFiUdp.cpp:221] parsePacket(): could not receive data: 9
[107779][E][WiFiUdp.cpp:221] parsePacket(): could not receive data: 9
[107785][E][WiFiUdp.cpp:221] parsePacket(): could not receive data: 9
[107791][E][WiFiUdp.cpp:221] parsePacket(): could not receive data: 9
[107797][E][WiFiUdp.cpp:221] parsePacket(): could not receive data: 9
[107803][E][WiFiUdp.cpp:221] parsePacket(): could not receive data: 9
[107809][E][WiFiUdp.cpp:221] parsePacket(): could not receive data: 9
[107814][E][WiFiUdp.cpp:221] parsePacket(): could not receive data: 9
[107820][E][WiFiUdp.cpp:221] parsePacket(): could not receive data: 9
[107826][E][WiFiUdp.cpp:221] parsePacket(): could not receive data: 9
[107833][E][WiFiUdp.cpp:221] parsePacket(): could not receive data: 9
[107838][E][WiFiUdp.cpp:221] parsePacket(): could not receive data: 9
[107845][E][WiFiUdp.cpp:221] parsePacket(): could not receive data: 9
[107851][E][WiFiUdp.cpp:221] parsePacket(): could not receive data: 9
[107857][E][WiFiUdp.cpp:221] parsePacket(): could not receive data: 9
[107862][E][WiFiUdp.cpp:221] parsePacket(): could not receive data: 9
[107868][E][WiFiUdp.cpp:221] parsePacket(): could not receive data: 9
[107874][E][WiFiUdp.cpp:221] parsePacket(): could not receive data: 9
[107880][E][WiFiUdp.cpp:221] parsePacket(): could not receive data: 9
[107887][E][WiFiUdp.cpp:221] parsePacket(): could not receive data: 9
[107893][E][WiFiUdp.cpp:221] parsePacket(): could not receive data: 9
[107899][E][WiFiUdp.cpp:221] parsePacket(): could not receive data: 9
[107905][E][WiFiUdp.cpp:221] parsePacket(): could not receive data: 9
[107910][E][WiFiUdp.cpp:221] parsePacket(): could not receive data: 9
[107916][E][WiFiUdp.cpp:221] parsePacket(): could not receive data: 9
[107923][E][WiFiUdp.cpp:221] parsePacket(): could not receive data: 9
[107929][E][WiFiUdp.cpp:221] parsePacket(): could not receive data: 9
[107935][E][WiFiUdp.cpp:221] parsePacket(): could not receive data: 9
[107940][E][WiFiUdp.cpp:221] parsePacket(): could not receive data: 9
[107947][E][WiFiUdp.cpp:221] parsePacket(): could not receive data: 9
[107953][E][WiFiUdp.cpp:221] parsePacket(): could not receive data: 9
[107958][E][WiFiUdp.cpp:221] parsePacket(): could not receive data: 9
[107965][E][WiFiUdp.cpp:221] parsePacket(): could not receive data: 9
[107970][E][WiFiUdp.cpp:221] parsePacket(): could not receive data: 9
[107976][E][WiFiUdp.cpp:221] parsePacket(): could not receive data: 9
[107982][E][WiFiUdp.cpp:221] parsePacket(): could not receive data: 9
[107989][E][WiFiUdp.cpp:221] parsePacket(): could not receive data: 9
[107995][E][WiFiUdp.cpp:221] parsePacket(): could not receive data: 9
[108001][E][WiFiUdp.cpp:221] parsePacket(): could not receive data: 9
[108007][E][WiFiUdp.cpp:221] parsePacket(): could not receive data: 9
[108013][E][WiFiUdp.cpp:221] parsePacket(): could not receive data: 9
[108018][E][WiFiUdp.cpp:221] parsePacket(): could not receive data: 9
[108025][E][WiFiUdp.cpp:221] parsePacket(): could not receive data: 9
[108031][E][WiFiUdp.cpp:221] parsePacket(): could not receive data: 9
[108037][E][WiFiUdp.cpp:221] parsePacket(): could not receive data: 9
[108042][E][WiFiUdp.cpp:221] parsePacket(): could not receive data: 9
[108049][E][WiFiUdp.cpp:221] parsePacket(): could not receive data: 9
[108054][E][WiFiUdp.cpp:221] parsePacket(): could not receive data: 9
[108061][E][WiFiUdp.cpp:221] parsePacket(): could not receive data: 9
[108066][E][WiFiUdp.cpp:221] parsePacket(): could not receive data: 9
[108073][E][WiFiUdp.cpp:221] parsePacket(): could not receive data: 9
[108079][E][WiFiUdp.cpp:221] parsePacket(): could not receive data: 9
[108084][E][WiFiUdp.cpp:221] parsePacket(): could not receive data: 9
[108091][E][WiFiUdp.cpp:221] parsePacket(): could not receive data: 9
[108097][E][WiFiUdp.cpp:221] parsePacket(): could not receive data: 9
[108103][E][WiFiUdp.cpp:221] parsePacket(): could not receive data: 9
[108108][E][WiFiUdp.cpp:221] parsePacket(): could not receive data: 9
[108114][E][WiFiUdp.cpp:221] parsePacket(): could not receive data: 9
[108121][E][WiFiUdp.cpp:221] parsePacket(): could not receive data: 9
[108127][E][WiFiUdp.cpp:221] parsePacket(): could not receive data: 9
[108133][E][WiFiUdp.cpp:221] parsePacket(): could not receive data: 9
[108138][E][WiFiUdp.cpp:221] parsePacket(): could not receive data: 9
[108145][E][WiFiUdp.cpp:221] parsePacket(): could not receive data: 9
[108150][E][WiFiUdp.cpp:221] parsePacket(): could not receive data: 9
[108156][E][WiFiUdp.cpp:221] parsePacket(): could not receive data: 9
[108163][E][WiFiUdp.cpp:221] parsePacket(): could not receive data: 9
[108169][E][WiFiUdp.cpp:221] parsePacket(): could not receive data: 9
[108175][E][WiFiUdp.cpp:221] parsePacket(): could not receive data: 9
[108181][E][WiFiUdp.cpp:221] parsePacket(): could not receive data: 9
[108186][E][WiFiUdp.cpp:221] parsePacket(): could not receive data: 9
[108192][E][WiFiUdp.cpp:221] parsePacket(): could not receive data: 9
[108199][E][WiFiUdp.cpp:221] parsePacket(): could not receive data: 9
[108205][E][WiFiUdp.cpp:221] parsePacket(): could not receive data: 9
[108211][E][WiFiUdp.cpp:221] parsePacket(): could not receive data: 9
[108218][E][WiFiUdp.cpp:221] parsePacket(): could not receive data: 9
[108224][E][WiFiUdp.cpp:221] parsePacket(): could not receive data: 9
[108230][E][WiFiUdp.cpp:221] parsePacket(): could not receive data: 9
[108236][E][WiFiUdp.cpp:221] parsePacket(): could not receive data: 9
[108242][E][WiFiUdp.cpp:221] parsePacket(): could not receive data: 9
[108248][E][WiFiUdp.cpp:221] parsePacket(): could not receive data: 9
[108255][E][WiFiUdp.cpp:221] parsePacket(): could not receive data: 9
[108262][E][WiFiUdp.cpp:221] parsePacket(): could not receive data: 9
[108270][E][WiFiUdp.cpp:221] parsePacket(): could not receive data: 9
[108276][E][WiFiUdp.cpp:221] parsePacket(): could not receive data: 9
[108283][E][WiFiUdp.cpp:221] parsePacket(): could not receive data: 9
[108289][E][WiFiUdp.cpp:221] parsePacket(): could not receive data: 9
[108295][E][WiFiUdp.cpp:221] parsePacket(): could not receive data: 9
[108301][E][WiFiUdp.cpp:221] parsePacket(): could not receive data: 9
[108307][E][WiFiUdp.cpp:221] parsePacket(): could not receive data: 9
[108313][E][WiFiUdp.cpp:221] parsePacket(): could not receive data: 9
[108319][E][WiFiUdp.cpp:221] parsePacket(): could not receive data: 9
[108325][E][WiFiUdp.cpp:221] parsePacket(): could not receive data: 9
[108330][E][WiFiUdp.cpp:221] parsePacket(): could not receive data: 9
[108337][E][WiFiUdp.cpp:221] parsePacket(): could not receive data: 9
[108343][E][WiFiUdp.cpp:221] parsePacket(): could not receive data: 9
[108349][E][WiFiUdp.cpp:221] parsePacket(): could not receive data: 9
[108354][E][WiFiUdp.cpp:221] parsePacket(): could not receive data: 9
[108361][E][WiFiUdp.cpp:221] parsePacket(): could not receive data: 9
[108367][E][WiFiUdp.cpp:221] parsePacket(): could not receive data: 9
[108373][E][WiFiUdp.cpp:221] parsePacket(): could not receive data: 9
[108379][E][WiFiUdp.cpp:221] parsePacket(): could not receive data: 9
[108385][E][WiFiUdp.cpp:221] parsePacket(): could not receive data: 9
[108391][E][WiFiUdp.cpp:221] parsePacket(): could not receive data: 9
[108397][E][WiFiUdp.cpp:221] parsePacket(): could not receive data: 9
[108403][E][WiFiUdp.cpp:221] parsePacket(): could not receive data: 9
[108408][E][WiFiUdp.cpp:221] parsePacket(): could not receive data: 9
[108415][E][WiFiUdp.cpp:221] parsePacket(): could not receive data: 9
[108420][E][WiFiUdp.cpp:221] parsePacket(): could not receive data: 9
[108426][E][WiFiUdp.cpp:221] parsePacket(): could not receive data: 9
[108433][E][WiFiUdp.cpp:221] parsePacket(): could not receive data: 9
[108438][E][WiFiUdp.cpp:221] parsePacket(): could not receive data: 9
[108445][E][WiFiUdp.cpp:221] parsePacket(): could not receive data: 9
[108451][E][WiFiUdp.cpp:221] parsePacket(): could not receive data: 9
[108457][E][WiFiUdp.cpp:221] parsePacket(): could not receive data: 9
[108463][E][WiFiUdp.cpp:221] parsePacket(): could not receive data: 9
[108469][E][WiFiUdp.cpp:221] parsePacket(): could not receive data: 9
[108475][E][WiFiUdp.cpp:221] parsePacket(): could not receive data: 9
[108481][E][WiFiUdp.cpp:221] parsePacket(): could not receive data: 9
[108487][E][WiFiUdp.cpp:221] parsePacket(): could not receive data: 9
[108493][E][WiFiUdp.cpp:221] parsePacket(): could not receive data: 9
[108499][E][WiFiUdp.cpp:221] parsePacket(): could not receive data: 9
[108504][E][WiFiUdp.cpp:221] parsePacket(): could not receive data: 9
[108511][E][WiFiUdp.cpp:221] parsePacket(): could not receive data: 9
[108517][E][WiFiUdp.cpp:221] parsePacket(): could not receive data: 9
[108522][E][WiFiUdp.cpp:221] parsePacket(): could not receive data: 9
[108529][E][WiFiUdp.cpp:221] parsePacket(): could not receive data: 9
[108535][E][WiFiUdp.cpp:221] parsePacket(): could not receive data: 9
[108541][E][WiFiUdp.cpp:221] parsePacket(): could not receive data: 9
[108547][E][WiFiUdp.cpp:221] parsePacket(): could not receive data: 9
[108553][E][WiFiUdp.cpp:221] parsePacket(): could not receive data: 9
[108559][E][WiFiUdp.cpp:221] parsePacket(): could not receive data: 9
[108565][E][WiFiUdp.cpp:221] parsePacket(): could not receive data: 9
[108570][E][WiFiUdp.cpp:221] parsePacket(): could not receive data: 9
[108577][E][WiFiUdp.cpp:221] parsePacket(): could not receive data: 9
[108584][E][WiFiUdp.cpp:221] parsePacket(): could not receive data: 9
[108591][E][WiFiUdp.cpp:221] parsePacket(): could not receive data: 9
[108599][E][WiFiUdp.cpp:221] parsePacket(): could not receive data: 9
[108607][E][WiFiUdp.cpp:221] parsePacket(): could not receive data: 9
[108614][E][WiFiUdp.cpp:221] parsePacket(): could not receive data: 9
[108622][E][WiFiUdp.cpp:221] parsePacket(): could not receive data: 9
[108630][E][WiFiUdp.cpp:221] parsePacket(): could not receive data: 9
[108639][E][WiFiUdp.cpp:221] parsePacket(): could not receive data: 9
[108647][E][WiFiUdp.cpp:221] parsePacket(): could not receive data: 9
[108654][E][WiFiUdp.cpp:221] parsePacket(): could not receive data: 9
[108661][E][WiFiUdp.cpp:221] parsePacket(): could not receive data: 9
[108667][E][WiFiUdp.cpp:221] parsePacket(): could not receive data: 9
[108674][E][WiFiUdp.cpp:221] parsePacket(): could not receive data: 9
[108682][E][WiFiUdp.cpp:221] parsePacket(): could not receive data: 9
[108687][E][WiFiUdp.cpp:221] parsePacket(): could not receive data: 9
[108694][E][WiFiUdp.cpp:221] parsePacket(): could not receive data: 9
[108699][E][WiFiUdp.cpp:221] parsePacket(): could not receive data: 9
[108705][E][WiFiUdp.cpp:221] parsePacket(): could not receive data: 9
[108711][E][WiFiUdp.cpp:221] parsePacket(): could not receive data: 9
[108717][E][WiFiUdp.cpp:221] parsePacket(): could not receive data: 9
[108723][E][WiFiUdp.cpp:221] parsePacket(): could not receive data: 9
[108729][E][WiFiUdp.cpp:221] parsePacket(): could not receive data: 9
[108735][E][WiFiUdp.cpp:221] parsePacket(): could not receive data: 9
[108741][E][WiFiUdp.cpp:221] parsePacket(): could not receive data: 9
[108747][E][WiFiUdp.cpp:221] parsePacket(): could not receive data: 9
[108753][E][WiFiUdp.cpp:221] parsePacket(): could not receive data: 9
[108759][E][WiFiUdp.cpp:221] parsePacket(): could not receive data: 9
[108765][E][WiFiUdp.cpp:221] parsePacket(): could not receive data: 9
[108771][E][WiFiUdp.cpp:221] parsePacket(): could not receive data: 9
[108776][E][WiFiUdp.cpp:221] parsePacket(): could not receive data: 9
[108782][E][WiFiUdp.cpp:221] parsePacket(): could not receive data: 9
[108788][E][WiFiUdp.cpp:221] parsePacket(): could not receive data: 9
[108794][E][WiFiUdp.cpp:221] parsePacket(): could not receive data: 9
[108800][E][WiFiUdp.cpp:221] parsePacket(): could not receive data: 9
[108807][E][WiFiUdp.cpp:221] parsePacket(): could not receive data: 9
[108813][E][WiFiUdp.cpp:221] parsePacket(): could not receive data: 9
[108818][E][WiFiUdp.cpp:221] parsePacket(): could not receive data: 9
[108825][E][WiFiUdp.cpp:221] parsePacket(): could not receive data: 9
[108831][E][WiFiUdp.cpp:221] parsePacket(): could not receive data: 9
[108837][E][WiFiUdp.cpp:221] parsePacket(): could not receive data: 9
[108842][E][WiFiUdp.cpp:221] parsePacket(): could not receive data: 9
[108849][E][WiFiUdp.cpp:221] parsePacket(): could not receive data: 9
[108855][E][WiFiUdp.cpp:221] parsePacket(): could not receive data: 9
[108861][E][WiFiUdp.cpp:221] parsePacket(): could not receive data: 9
[108867][E][WiFiUdp.cpp:221] parsePacket(): could not receive data: 9
[108873][E][WiFiUdp.cpp:221] parsePacket(): could not receive data: 9
[108879][E][WiFiUdp.cpp:221] parsePacket(): could not receive data: 9
[108885][E][WiFiUdp.cpp:221] parsePacket(): could not receive data: 9
[108891][E][WiFiUdp.cpp:221] parsePacket(): could not receive data: 9
[108897][E][WiFiUdp.cpp:221] parsePacket(): could not receive data: 9
[108903][E][WiFiUdp.cpp:221] parsePacket(): could not receive data: 9
[108908][E][WiFiUdp.cpp:221] parsePacket(): could not receive data: 9
[108915][E][WiFiUdp.cpp:221] parsePacket(): could not receive data: 9
[108920][E][WiFiUdp.cpp:221] parsePacket(): could not receive data: 9
[108927][E][WiFiUdp.cpp:221] parsePacket(): could not receive data: 9
[108933][E][WiFiUdp.cpp:221] parsePacket(): could not receive data: 9
[108939][E][WiFiUdp.cpp:221] parsePacket(): could not receive data: 9
[108945][E][WiFiUdp.cpp:221] parsePacket(): could not receive data: 9
[108951][E][WiFiUdp.cpp:221] parsePacket(): could not receive data: 9
[108957][E][WiFiUdp.cpp:221] parsePacket(): could not receive data: 9
[108963][E][WiFiUdp.cpp:221] parsePacket(): could not receive data: 9
[108969][E][WiFiUdp.cpp:221] parsePacket(): could not receive data: 9
[108974][E][WiFiUdp.cpp:221] parsePacket(): could not receive data: 9
[108981][E][WiFiUdp.cpp:221] parsePacket(): could not receive data: 9
[108987][E][WiFiUdp.cpp:221] parsePacket(): could not receive data: 9
[108993][E][WiFiUdp.cpp:221] parsePacket(): could not receive data: 9
[108999][E][WiFiUdp.cpp:221] parsePacket(): could not receive data: 9
[109004][E][WiFiUdp.cpp:221] parsePacket(): could not receive data: 9
[109010][E][WiFiUdp.cpp:221] parsePacket(): could not receive data: 9
[109016][E][WiFiUdp.cpp:221] parsePacket(): could not receive data: 9
[109023][E][WiFiUdp.cpp:221] parsePacket(): could not receive data: 9
[109029][E][WiFiUdp.cpp:221] parsePacket(): could not receive data: 9
[109034][E][WiFiUdp.cpp:221] parsePacket(): could not receive data: 9
[109040][E][WiFiUdp.cpp:221] parsePacket(): could not receive data: 9
[109046][E][WiFiUdp.cpp:221] parsePacket(): could not receive data: 9
[109052][E][WiFiUdp.cpp:221] parsePacket(): could not receive data: 9
[109058][E][WiFiUdp.cpp:221] parsePacket(): could not receive data: 9
[109064][E][WiFiUdp.cpp:221] parsePacket(): could not receive data: 9
[109070][E][WiFiUdp.cpp:221] parsePacket(): could not receive data: 9
[109076][E][WiFiUdp.cpp:221] parsePacket(): could not receive data: 9
[109082][E][WiFiUdp.cpp:221] parsePacket(): could not receive data: 9
[109088][E][WiFiUdp.cpp:221] parsePacket(): could not receive data: 9
[109094][E][WiFiUdp.cpp:221] parsePacket(): could not receive data: 9
[109100][E][WiFiUdp.cpp:221] parsePacket(): could not receive data: 9
[109106][E][WiFiUdp.cpp:221] parsePacket(): could not receive data: 9
[109113][E][WiFiUdp.cpp:221] parsePacket(): could not receive data: 9
[109119][E][WiFiUdp.cpp:221] parsePacket(): could not receive data: 9
[109125][E][WiFiUdp.cpp:221] parsePacket(): could not receive data: 9
[109130][E][WiFiUdp.cpp:221] parsePacket(): could not receive data: 9
[109136][E][WiFiUdp.cpp:221] parsePacket(): could not receive data: 9
[109143][E][WiFiUdp.cpp:221] parsePacket(): could not receive data: 9
[109148][E][WiFiUdp.cpp:221] parsePacket(): could not receive data: 9
[109154][E][WiFiUdp.cpp:221] parsePacket(): could not receive data: 9
[109160][E][WiFiUdp.cpp:221] parsePacket(): could not receive data: 9
[109166][E][WiFiUdp.cpp:221] parsePacket(): could not receive data: 9
[109172][E][WiFiUdp.cpp:221] parsePacket(): could not receive data: 9
[109178][E][WiFiUdp.cpp:221] parsePacket(): could not receive data: 9
[109184][E][WiFiUdp.cpp:221] parsePacket(): could not receive data: 9
[109190][E][WiFiUdp.cpp:221] parsePacket(): could not receive data: 9
[109197][E][WiFiUdp.cpp:221] parsePacket(): could not receive data: 9
[109202][E][WiFiUdp.cpp:221] parsePacket(): could not receive data: 9
[109208][E][WiFiUdp.cpp:221] parsePacket(): could not receive data: 9
[109214][E][WiFiUdp.cpp:221] parsePacket(): could not receive data: 9
[109220][E][WiFiUdp.cpp:221] parsePacket(): could not receive data: 9
[109226][E][WiFiUdp.cpp:221] parsePacket(): could not receive data: 9
[109232][E][WiFiUdp.cpp:221] parsePacket(): could not receive data: 9
[109238][E][WiFiUdp.cpp:221] parsePacket(): could not receive data: 9
[109244][E][WiFiUdp.cpp:221] parsePacket(): could not receive data: 9
[109250][E][WiFiUdp.cpp:221] parsePacket(): could not receive data: 9
[109256][E][WiFiUdp.cpp:221] parsePacket(): could not receive data: 9
[109262][E][WiFiUdp.cpp:221] parsePacket(): could not receive data: 9
[109269][E][WiFiUdp.cpp:221] parsePacket(): could not receive data: 9
[109274][E][WiFiUdp.cpp:221] parsePacket(): could not receive data: 9
[109280][E][WiFiUdp.cpp:221] parsePacket(): could not receive data: 9
[109286][E][WiFiUdp.cpp:221] parsePacket(): could not receive data: 9
[109292][E][WiFiUdp.cpp:221] parsePacket(): could not receive data: 9
[109298][E][WiFiUdp.cpp:221] parsePacket(): could not receive data: 9
[109305][E][WiFiUdp.cpp:221] parsePacket(): could not receive data: 9
[109310][E][WiFiUdp.cpp:221] parsePacket(): could not receive data: 9
[109316][E][WiFiUdp.cpp:221] parsePacket(): could not receive data: 9
[109322][E][WiFiUdp.cpp:221] parsePacket(): could not receive data: 9
[109329][E][WiFiUdp.cpp:221] parsePacket(): could not receive data: 9
[109334][E][WiFiUdp.cpp:221] parsePacket(): could not receive data: 9
[109340][E][WiFiUdp.cpp:221] parsePacket(): could not receive data: 9
[109347][E][WiFiUdp.cpp:221] parsePacket(): could not receive data: 9
[109352][E][WiFiUdp.cpp:221] parsePacket(): could not receive data: 9
[109359][E][WiFiUdp.cpp:221] parsePacket(): could not receive data: 9
[109365][E][WiFiUdp.cpp:221] parsePacket(): could not receive data: 9
[109370][E][WiFiUdp.cpp:221] parsePacket(): could not receive data: 9
[109376][E][WiFiUdp.cpp:221] parsePacket(): could not receive data: 9
[109382][E][WiFiUdp.cpp:221] parsePacket(): could not receive data: 9
[109388][E][WiFiUdp.cpp:221] parsePacket(): could not receive data: 9
[109395][E][WiFiUdp.cpp:221] parsePacket(): could not receive data: 9
[109400][E][WiFiUdp.cpp:221] parsePacket(): could not receive data: 9
[109406][E][WiFiUdp.cpp:221] parsePacket(): could not receive data: 9
[109412][E][WiFiUdp.cpp:221] parsePacket(): could not receive data: 9
[109418][E][WiFiUdp.cpp:221] parsePacket(): could not receive data: 9
[109425][E][WiFiUdp.cpp:221] parsePacket(): could not receive data: 9
[109430][E][WiFiUdp.cpp:221] parsePacket(): could not receive data: 9
[109436][E][WiFiUdp.cpp:221] parsePacket(): could not receive data: 9
[109443][E][WiFiUdp.cpp:221] parsePacket(): could not receive data: 9
[109448][E][WiFiUdp.cpp:221] parsePacket(): could not receive data: 9
[109454][E][WiFiUdp.cpp:221] parsePacket(): could not receive data: 9
[109460][E][WiFiUdp.cpp:221] parsePacket(): could not receive data: 9
[109467][E][WiFiUdp.cpp:221] parsePacket(): could not receive data: 9
[109472][E][WiFiUdp.cpp:221] parsePacket(): could not receive data: 9
[109478][E][WiFiUdp.cpp:221] parsePacket(): could not receive data: 9
[109484][E][WiFiUdp.cpp:221] parsePacket(): could not receive data: 9
[109490][E][WiFiUdp.cpp:221] parsePacket(): could not receive data: 9
[109497][E][WiFiUdp.cpp:221] parsePacket(): could not receive data: 9
[109502][E][WiFiUdp.cpp:221] parsePacket(): could not receive data: 9
[109509][E][WiFiUdp.cpp:221] parsePacket(): could not receive data: 9
[109514][E][WiFiUdp.cpp:221] parsePacket(): could not receive data: 9
[109521][E][WiFiUdp.cpp:221] parsePacket(): could not receive data: 9
[109526][E][WiFiUdp.cpp:221] parsePacket(): could not receive data: 9
[109533][E][WiFiUdp.cpp:221] parsePacket(): could not receive data: 9
[109539][E][WiFiUdp.cpp:221] parsePacket(): could not receive data: 9
[109545][E][WiFiUdp.cpp:221] parsePacket(): could not receive data: 9
[109551][E][WiFiUdp.cpp:221] parsePacket(): could not receive data: 9
[109557][E][WiFiUdp.cpp:221] parsePacket(): could not receive data: 9
[109563][E][WiFiUdp.cpp:221] parsePacket(): could not receive data: 9
[109569][E][WiFiUdp.cpp:221] parsePacket(): could not receive data: 9
[109575][E][WiFiUdp.cpp:221] parsePacket(): could not receive data: 9
[109580][E][WiFiUdp.cpp:221] parsePacket(): could not receive data: 9
[109587][E][WiFiUdp.cpp:221] parsePacket(): could not receive data: 9
[109593][E][WiFiUdp.cpp:221] parsePacket(): could not receive data: 9
[109599][E][WiFiUdp.cpp:221] parsePacket(): could not receive data: 9
[109604][E][WiFiUdp.cpp:221] parsePacket(): could not receive data: 9
[109610][E][WiFiUdp.cpp:221] parsePacket(): could not receive data: 9
[109617][E][WiFiUdp.cpp:221] parsePacket(): could not receive data: 9
[109623][E][WiFiUdp.cpp:221] parsePacket(): could not receive data: 9
[109629][E][WiFiUdp.cpp:221] parsePacket(): could not receive data: 9
[109635][E][WiFiUdp.cpp:221] parsePacket(): could not receive data: 9
[109641][E][WiFiUdp.cpp:221] parsePacket(): could not receive data: 9
[109647][E][WiFiUdp.cpp:221] parsePacket(): could not receive data: 9
[109653][E][WiFiUdp.cpp:221] parsePacket(): could not receive data: 9
[109658][E][WiFiUdp.cpp:221] parsePacket(): could not receive data: 9
[109664][E][WiFiUdp.cpp:221] parsePacket(): could not receive data: 9
[109670][E][WiFiUdp.cpp:221] parsePacket(): could not receive data: 9
[109677][E][WiFiUdp.cpp:221] parsePacket(): could not receive data: 9
[109682][E][WiFiUdp.cpp:221] parsePacket(): could not receive data: 9
[109689][E][WiFiUdp.cpp:221] parsePacket(): could not receive data: 9
[109695][E][WiFiUdp.cpp:221] parsePacket(): could not receive data: 9
[109701][E][WiFiUdp.cpp:221] parsePacket(): could not receive data: 9
[109706][E][WiFiUdp.cpp:221] parsePacket(): could not receive data: 9
[109713][E][WiFiUdp.cpp:221] parsePacket(): could not receive data: 9
[109719][E][WiFiUdp.cpp:221] parsePacket(): could not receive data: 9
[109725][E][WiFiUdp.cpp:221] parsePacket(): could not receive data: 9
[109731][E][WiFiUdp.cpp:221] parsePacket(): could not receive data: 9
[109736][E][WiFiUdp.cpp:221] parsePacket(): could not receive data: 9
[109743][E][WiFiUdp.cpp:221] parsePacket(): could not receive data: 9
[109748][E][WiFiUdp.cpp:221] parsePacket(): could not receive data: 9
[109754][E][WiFiUdp.cpp:221] parsePacket(): could not receive data: 9
[109761][E][WiFiUdp.cpp:221] parsePacket(): could not receive data: 9
[109767][E][WiFiUdp.cpp:221] parsePacket(): could not receive data: 9
[109773][E][WiFiUdp.cpp:221] parsePacket(): could not receive data: 9
[109778][E][WiFiUdp.cpp:221] parsePacket(): could not receive data: 9
[109784][E][WiFiUdp.cpp:221] parsePacket(): could not receive data: 9
[109790][E][WiFiUdp.cpp:221] parsePacket(): could not receive data: 9
[109797][E][WiFiUdp.cpp:221] parsePacket(): could not receive data: 9
[109803][E][WiFiUdp.cpp:221] parsePacket(): could not receive data: 9
[109809][E][WiFiUdp.cpp:221] parsePacket(): could not receive data: 9
[109815][E][WiFiUdp.cpp:221] parsePacket(): could not receive data: 9
[109820][E][WiFiUdp.cpp:221] parsePacket(): could not receive data: 9
[109826][E][WiFiUdp.cpp:221] parsePacket(): could not receive data: 9
[109833][E][WiFiUdp.cpp:221] parsePacket(): could not receive data: 9
[109838][E][WiFiUdp.cpp:221] parsePacket(): could not receive data: 9
[109845][E][WiFiUdp.cpp:221] parsePacket(): could not receive data: 9
[109851][E][WiFiUdp.cpp:221] parsePacket(): could not receive data: 9
[109857][E][WiFiUdp.cpp:221] parsePacket(): could not receive data: 9
[109862][E][WiFiUdp.cpp:221] parsePacket(): could not receive data: 9
[109868][E][WiFiUdp.cpp:221] parsePacket(): could not receive data: 9
[109874][E][WiFiUdp.cpp:221] parsePacket(): could not receive data: 9
[109880][E][WiFiUdp.cpp:221] parsePacket(): could not receive data: 9
[109886][E][WiFiUdp.cpp:221] parsePacket(): could not receive data: 9
[109892][E][WiFiUdp.cpp:221] parsePacket(): could not receive data: 9
[109898][E][WiFiUdp.cpp:221] parsePacket(): could not receive data: 9
[109904][E][WiFiUdp.cpp:221] parsePacket(): could not receive data: 9
[109910][E][WiFiUdp.cpp:221] parsePacket(): could not receive data: 9
[109916][E][WiFiUdp.cpp:221] parsePacket(): could not receive data: 9
[109923][E][WiFiUdp.cpp:221] parsePacket(): could not receive data: 9
[109929][E][WiFiUdp.cpp:221] parsePacket(): could not receive data: 9
[109934][E][WiFiUdp.cpp:221] parsePacket(): could not receive data: 9
[109940][E][WiFiUdp.cpp:221] parsePacket(): could not receive data: 9
[109946][E][WiFiUdp.cpp:221] parsePacket(): could not receive data: 9
[109951][E][WiFiUdp.cpp:221] parsePacket(): could not receive data: 9
[109956][E][WiFiUdp.cpp:221] parsePacket(): could not receive data: 9
[109962][E][WiFiUdp.cpp:221] parsePacket(): could not receive data: 9
[109968][E][WiFiUdp.cpp:221] parsePacket(): could not receive data: 9
[109973][E][WiFiUdp.cpp:221] parsePacket(): could not receive data: 9
[109980][E][WiFiUdp.cpp:221] parsePacket(): could not receive data: 9
[109986][E][WiFiUdp.cpp:221] parsePacket(): could not receive data: 9
[109991][E][WiFiUdp.cpp:221] parsePacket(): could not receive data: 9
[109997][E][WiFiUdp.cpp:221] parsePacket(): could not receive data: 9
[110003][E][WiFiUdp.cpp:221] parsePacket(): could not receive data: 9
[110009][E][WiFiUdp.cpp:221] parsePacket(): could not receive data: 9
[110016][E][WiFiUdp.cpp:221] parsePacket(): could not receive data: 9
[110021][E][WiFiUdp.cpp:221] parsePacket(): could not receive data: 9
[110026][E][WiFiUdp.cpp:221] parsePacket(): could not receive data: 9
[110032][E][WiFiUdp.cpp:221] parsePacket(): could not receive data: 9
[110038][E][WiFiUdp.cpp:221] parsePacket(): could not receive data: 9
[110043][E][WiFiUdp.cpp:221] parsePacket(): could not receive data: 9
[110050][E][WiFiUdp.cpp:221] parsePacket(): could not receive data: 9
[110056][E][WiFiUdp.cpp:221] parsePacket(): could not receive data: 9
[110062][E][WiFiUdp.cpp:221] parsePacket(): could not receive data: 9
[110068][E][WiFiUdp.cpp:221] parsePacket(): could not receive data: 9
[110074][E][WiFiUdp.cpp:221] parsePacket(): could not receive data: 9
[110080][E][WiFiUdp.cpp:221] parsePacket(): could not receive data: 9
[110086][E][WiFiUdp.cpp:221] parsePacket(): could not receive data: 9
[110092][E][WiFiUdp.cpp:221] parsePacket(): could not receive data: 9
[110098][E][WiFiUdp.cpp:221] parsePacket(): could not receive data: 9
[110104][E][WiFiUdp.cpp:221] parsePacket(): could not receive data: 9
[110110][E][WiFiUdp.cpp:221] parsePacket(): could not receive data: 9
[110115][E][WiFiUdp.cpp:221] parsePacket(): could not receive data: 9
[110121][E][WiFiUdp.cpp:221] parsePacket(): could not receive data: 9
[110127][E][WiFiUdp.cpp:221] parsePacket(): could not receive data: 9
[110133][E][WiFiUdp.cpp:221] parsePacket(): could not receive data: 9
[110138][E][WiFiUdp.cpp:221] parsePacket(): could not receive data: 9
[110155][E][WiFiUdp.cpp:221] parsePacket(): could not receive data: 9
[110166][E][WiFiUdp.cpp:221] parsePacket(): could not receive data: 9
[110175][E][WiFiUdp.cpp:221] parsePacket(): could not receive data: 9
[110181][E][WiFiUdp.cpp:221] parsePacket(): could not receive data: 9
[110187][E][WiFiUdp.cpp:221] parsePacket(): could not receive data: 9
[110193][E][WiFiUdp.cpp:221] parsePacket(): could not receive data: 9
[110199][E][WiFiUdp.cpp:221] parsePacket(): could not receive data: 9
[110205][E][WiFiUdp.cpp:221] parsePacket(): could not receive data: 9
[110211][E][WiFiUdp.cpp:221] parsePacket(): could not receive data: 9
[110217][E][WiFiUdp.cpp:221] parsePacket(): could not receive data: 9
[110223][E][WiFiUdp.cpp:221] parsePacket(): could not receive data: 9
[110229][E][WiFiUdp.cpp:221] parsePacket(): could not receive data: 9
[110235][E][WiFiUdp.cpp:221] parsePacket(): could not receive data: 9
[110241][E][WiFiUdp.cpp:221] parsePacket(): could not receive data: 9
[110247][E][WiFiUdp.cpp:221] parsePacket(): could not receive data: 9
[110253][E][WiFiUdp.cpp:221] parsePacket(): could not receive data: 9
[110259][E][WiFiUdp.cpp:221] parsePacket(): could not receive data: 9
[110265][E][WiFiUdp.cpp:221] parsePacket(): could not receive data: 9
[110271][E][WiFiUdp.cpp:221] parsePacket(): could not receive data: 9
[110276][E][WiFiUdp.cpp:221] parsePacket(): could not receive data: 9
[110283][E][WiFiUdp.cpp:221] parsePacket(): could not receive data: 9
[110289][E][WiFiUdp.cpp:221] parsePacket(): could not receive data: 9
[110295][E][WiFiUdp.cpp:221] parsePacket(): could not receive data: 9
[110301][E][WiFiUdp.cpp:221] parsePacket(): could not receive data: 9
[110307][E][WiFiUdp.cpp:221] parsePacket(): could not receive data: 9
[110313][E][WiFiUdp.cpp:221] parsePacket(): could not receive data: 9
[110318][E][WiFiUdp.cpp:221] parsePacket(): could not receive data: 9
[110324][E][WiFiUdp.cpp:221] parsePacket(): could not receive data: 9
[110330][E][WiFiUdp.cpp:221] parsePacket(): could not receive data: 9
[110337][E][WiFiUdp.cpp:221] parsePacket(): could not receive data: 9
[110342][E][WiFiUdp.cpp:221] parsePacket(): could not receive data: 9
[110349][E][WiFiUdp.cpp:221] parsePacket(): could not receive data: 9
[110355][E][WiFiUdp.cpp:221] parsePacket(): could not receive data: 9
[110360][E][WiFiUdp.cpp:221] parsePacket(): could not receive data: 9
[110366][E][WiFiUdp.cpp:221] parsePacket(): could not receive data: 9
[110372][E][WiFiUdp.cpp:221] parsePacket(): could not receive data: 9
[110378][E][WiFiUdp.cpp:221] parsePacket(): could not receive data: 9
[110385][E][WiFiUdp.cpp:221] parsePacket(): could not receive data: 9
[110390][E][WiFiUdp.cpp:221] parsePacket(): could not receive data: 9
[110397][E][WiFiUdp.cpp:221] parsePacket(): could not receive data: 9
[110402][E][WiFiUdp.cpp:221] parsePacket(): could not receive data: 9
[110409][E][WiFiUdp.cpp:221] parsePacket(): could not receive data: 9
[110415][E][WiFiUdp.cpp:221] parsePacket(): could not receive data: 9
[110421][E][WiFiUdp.cpp:221] parsePacket(): could not receive data: 9
[110427][E][WiFiUdp.cpp:221] parsePacket(): could not receive data: 9
[110433][E][WiFiUdp.cpp:221] parsePacket(): could not receive data: 9
[110439][E][WiFiUdp.cpp:221] parsePacket(): could not receive data: 9
[110445][E][WiFiUdp.cpp:221] parsePacket(): could not receive data: 9
[110452][E][WiFiUdp.cpp:221] parsePacket(): could not receive data: 9
[110459][E][WiFiUdp.cpp:221] parsePacket(): could not receive data: 9
[110466][E][WiFiUdp.cpp:221] parsePacket(): could not receive data: 9
[110475][E][WiFiUdp.cpp:221] parsePacket(): could not receive data: 9
[110483][E][WiFiUdp.cpp:221] parsePacket(): could not receive data: 9
[110492][E][WiFiUdp.cpp:221] parsePacket(): could not receive data: 9
[110500][E][WiFiUdp.cpp:221] parsePacket(): could not receive data: 9
[110507][E][WiFiUdp.cpp:221] parsePacket(): could not receive data: 9
[110514][E][WiFiUdp.cpp:221] parsePacket(): could not receive data: 9
[110520][E][WiFiUdp.cpp:221] parsePacket(): could not receive data: 9
[110526][E][WiFiUdp.cpp:221] parsePacket(): could not receive data: 9
[110532][E][WiFiUdp.cpp:221] parsePacket(): could not receive data: 9
[110538][E][WiFiUdp.cpp:221] parsePacket(): could not receive data: 9
[110544][E][WiFiUdp.cpp:221] parsePacket(): could not receive data: 9
[110550][E][WiFiUdp.cpp:221] parsePacket(): could not receive data: 9
[110556][E][WiFiUdp.cpp:221] parsePacket(): could not receive data: 9
[110562][E][WiFiUdp.cpp:221] parsePacket(): could not receive data: 9
[110569][E][WiFiUdp.cpp:221] parsePacket(): could not receive data: 9
[110576][E][WiFiUdp.cpp:221] parsePacket(): could not receive data: 9
[110584][E][WiFiUdp.cpp:221] parsePacket(): could not receive data: 9
[110592][E][WiFiUdp.cpp:221] parsePacket(): could not receive data: 9
[110601][E][WiFiUdp.cpp:221] parsePacket(): could not receive data: 9
[110607][E][WiFiUdp.cpp:221] parsePacket(): could not receive data: 9
[110615][E][WiFiUdp.cpp:221] parsePacket(): could not receive data: 9
[110622][E][WiFiUdp.cpp:221] parsePacket(): could not receive data: 9
[110629][E][WiFiUdp.cpp:221] parsePacket(): could not receive data: 9
[110636][E][WiFiUdp.cpp:221] parsePacket(): could not receive data: 9
[110642][E][WiFiUdp.cpp:221] parsePacket(): could not receive data: 9
[110649][E][WiFiUdp.cpp:221] parsePacket(): could not receive data: 9
[110655][E][WiFiUdp.cpp:221] parsePacket(): could not receive data: 9
[110660][E][WiFiUdp.cpp:221] parsePacket(): could not receive data: 9
[110667][E][WiFiUdp.cpp:221] parsePacket(): could not receive data: 9
[110673][E][WiFiUdp.cpp:221] parsePacket(): could not receive data: 9
[110679][E][WiFiUdp.cpp:221] parsePacket(): could not receive data: 9
[110685][E][WiFiUdp.cpp:221] parsePacket(): could not receive data: 9
[110691][E][WiFiUdp.cpp:221] parsePacket(): could not receive data: 9
[110697][E][WiFiUdp.cpp:221] parsePacket(): could not receive data: 9
[110703][E][WiFiUdp.cpp:221] parsePacket(): could not receive data: 9
[110709][E][WiFiUdp.cpp:221] parsePacket(): could not receive data: 9
[110715][E][WiFiUdp.cpp:221] parsePacket(): could not receive data: 9
[110721][E][WiFiUdp.cpp:221] parsePacket(): could not receive data: 9
[110726][E][WiFiUdp.cpp:221] parsePacket(): could not receive data: 9
[110732][E][WiFiUdp.cpp:221] parsePacket(): could not receive data: 9
[110739][E][WiFiUdp.cpp:221] parsePacket(): could not receive data: 9
[110744][E][WiFiUdp.cpp:221] parsePacket(): could not receive data: 9
[110751][E][WiFiUdp.cpp:221] parsePacket(): could not receive data: 9
[110757][E][WiFiUdp.cpp:221] parsePacket(): could not receive data: 9
[110763][E][WiFiUdp.cpp:221] parsePacket(): could not receive data: 9
[110770][E][WiFiUdp.cpp:221] parsePacket(): could not receive data: 9
[110777][E][WiFiUdp.cpp:221] parsePacket(): could not receive data: 9
[110784][E][WiFiUdp.cpp:221] parsePacket(): could not receive data: 9
[110790][E][WiFiUdp.cpp:221] parsePacket(): could not receive data: 9
[110796][E][WiFiUdp.cpp:221] parsePacket(): could not receive data: 9
[110801][E][WiFiUdp.cpp:221] parsePacket(): could not receive data: 9
[110807][E][WiFiUdp.cpp:221] parsePacket(): could not receive data: 9
[110813][E][WiFiUdp.cpp:221] parsePacket(): could not receive data: 9
[110820][E][WiFiUdp.cpp:221] parsePacket(): could not receive data: 9
[110826][E][WiFiUdp.cpp:221] parsePacket(): could not receive data: 9
[110832][E][WiFiUdp.cpp:221] parsePacket(): could not receive data: 9
[110838][E][WiFiUdp.cpp:221] parsePacket(): could not receive data: 9
[110844][E][WiFiUdp.cpp:221] parsePacket(): could not receive data: 9
[110850][E][WiFiUdp.cpp:221] parsePacket(): could not receive data: 9
[110856][E][WiFiUdp.cpp:221] parsePacket(): could not receive data: 9
[110862][E][WiFiUdp.cpp:221] parsePacket(): could not receive data: 9
[110868][E][WiFiUdp.cpp:221] parsePacket(): could not receive data: 9
[110874][E][WiFiUdp.cpp:221] parsePacket(): could not receive data: 9
[110880][E][WiFiUdp.cpp:221] parsePacket(): could not receive data: 9
[110886][E][WiFiUdp.cpp:221] parsePacket(): could not receive data: 9
[110891][E][WiFiUdp.cpp:221] parsePacket(): could not receive data: 9
[110897][E][WiFiUdp.cpp:221] parsePacket(): could not receive data: 9
[110904][E][WiFiUdp.cpp:221] parsePacket(): could not receive data: 9
[110909][E][WiFiUdp.cpp:221] parsePacket(): could not receive data: 9
[110915][E][WiFiUdp.cpp:221] parsePacket(): could not receive data: 9
[110921][E][WiFiUdp.cpp:221] parsePacket(): could not receive data: 9
[110927][E][WiFiUdp.cpp:221] parsePacket(): could not receive data: 9
[110934][E][WiFiUdp.cpp:221] parsePacket(): could not receive data: 9
[110940][E][WiFiUdp.cpp:221] parsePacket(): could not receive data: 9
[110945][E][WiFiUdp.cpp:221] parsePacket(): could not receive data: 9
[110952][E][WiFiUdp.cpp:221] parsePacket(): could not receive data: 9
[110958][E][WiFiUdp.cpp:221] parsePacket(): could not receive data: 9
[110964][E][WiFiUdp.cpp:221] parsePacket(): could not receive data: 9
[110969][E][WiFiUdp.cpp:221] parsePacket(): could not receive data: 9
[110976][E][WiFiUdp.cpp:221] parsePacket(): could not receive data: 9
[110982][E][WiFiUdp.cpp:221] parsePacket(): could not receive data: 9
[110988][E][WiFiUdp.cpp:221] parsePacket(): could not receive data: 9
[110993][E][WiFiUdp.cpp:221] parsePacket(): could not receive data: 9
[111000][E][WiFiUdp.cpp:221] parsePacket(): could not receive data: 9
[111006][E][WiFiUdp.cpp:221] parsePacket(): could not receive data: 9
[111012][E][WiFiUdp.cpp:221] parsePacket(): could not receive data: 9
[111017][E][WiFiUdp.cpp:221] parsePacket(): could not receive data: 9
[111024][E][WiFiUdp.cpp:221] parsePacket(): could not receive data: 9
[111029][E][WiFiUdp.cpp:221] parsePacket(): could not receive data: 9
[111036][E][WiFiUdp.cpp:221] parsePacket(): could not receive data: 9
[111041][E][WiFiUdp.cpp:221] parsePacket(): could not receive data: 9
[111047][E][WiFiUdp.cpp:221] parsePacket(): could not receive data: 9
[111053][E][WiFiUdp.cpp:221] parsePacket(): could not receive data: 9
[111060][E][WiFiUdp.cpp:221] parsePacket(): could not receive data: 9
[111065][E][WiFiUdp.cpp:221] parsePacket(): could not receive data: 9
[111072][E][WiFiUdp.cpp:221] parsePacket(): could not receive data: 9
[111078][E][WiFiUdp.cpp:221] parsePacket(): could not receive data: 9
[111083][E][WiFiUdp.cpp:221] parsePacket(): could not receive data: 9
[111089][E][WiFiUdp.cpp:221] parsePacket(): could not receive data: 9
[111096][E][WiFiUdp.cpp:221] parsePacket(): could not receive data: 9
[111101][E][WiFiUdp.cpp:221] parsePacket(): could not receive data: 9
[111108][E][WiFiUdp.cpp:221] parsePacket(): could not receive data: 9
[111113][E][WiFiUdp.cpp:221] parsePacket(): could not receive data: 9
[111119][E][WiFiUdp.cpp:221] parsePacket(): could not receive data: 9
[111125][E][WiFiUdp.cpp:221] parsePacket(): could not receive data: 9
[111131][E][WiFiUdp.cpp:221] parsePacket(): could not receive data: 9
[111138][E][WiFiUdp.cpp:221] parsePacket(): could not receive data: 9
[111144][E][WiFiUdp.cpp:221] parsePacket(): could not receive data: 9
[111149][E][WiFiUdp.cpp:221] parsePacket(): could not receive data: 9
[111155][E][WiFiUdp.cpp:221] parsePacket(): could not receive data: 9
[111161][E][WiFiUdp.cpp:221] parsePacket(): could not receive data: 9
[111167][E][WiFiUdp.cpp:221] parsePacket(): could not receive data: 9
[111173][E][WiFiUdp.cpp:221] parsePacket(): could not receive data: 9
[111180][E][WiFiUdp.cpp:221] parsePacket(): could not receive data: 9
[111186][E][WiFiUdp.cpp:221] parsePacket(): could not receive data: 9
[111191][E][WiFiUdp.cpp:221] parsePacket(): could not receive data: 9
[111197][E][WiFiUdp.cpp:221] parsePacket(): could not receive data: 9
[111203][E][WiFiUdp.cpp:221] parsePacket(): could not receive data: 9
[111210][E][WiFiUdp.cpp:221] parsePacket(): could not receive data: 9
[111215][E][WiFiUdp.cpp:221] parsePacket(): could not receive data: 9
[111221][E][WiFiUdp.cpp:221] parsePacket(): could not receive data: 9
[111227][E][WiFiUdp.cpp:221] parsePacket(): could not receive data: 9
[111234][E][WiFiUdp.cpp:221] parsePacket(): could not receive data: 9
[111239][E][WiFiUdp.cpp:221] parsePacket(): could not receive data: 9
[111245][E][WiFiUdp.cpp:221] parsePacket(): could not receive data: 9
[111251][E][WiFiUdp.cpp:221] parsePacket(): could not receive data: 9
[111257][E][WiFiUdp.cpp:221] parsePacket(): could not receive data: 9
[111263][E][WiFiUdp.cpp:221] parsePacket(): could not receive data: 9
[111269][E][WiFiUdp.cpp:221] parsePacket(): could not receive data: 9
[111275][E][WiFiUdp.cpp:221] parsePacket(): could not receive data: 9
[111281][E][WiFiUdp.cpp:221] parsePacket(): could not receive data: 9
[111287][E][WiFiUdp.cpp:221] parsePacket(): could not receive data: 9
[111293][E][WiFiUdp.cpp:221] parsePacket(): could not receive data: 9
[111299][E][WiFiUdp.cpp:221] parsePacket(): could not receive data: 9
[111305][E][WiFiUdp.cpp:221] parsePacket(): could not receive data: 9
[111312][E][WiFiUdp.cpp:221] parsePacket(): could not receive data: 9
[111317][E][WiFiUdp.cpp:221] parsePacket(): could not receive data: 9
[111323][E][WiFiUdp.cpp:221] parsePacket(): could not receive data: 9
[111329][E][WiFiUdp.cpp:221] parsePacket(): could not receive data: 9
[111336][E][WiFiUdp.cpp:221] parsePacket(): could not receive data: 9
[111342][E][WiFiUdp.cpp:221] parsePacket(): could not receive data: 9
[111348][E][WiFiUdp.cpp:221] parsePacket(): could not receive data: 9
[111355][E][WiFiUdp.cpp:221] parsePacket(): could not receive data: 9
[111361][E][WiFiUdp.cpp:221] parsePacket(): could not receive data: 9
[111366][E][WiFiUdp.cpp:221] parsePacket(): could not receive data: 9
[111373][E][WiFiUdp.cpp:221] parsePacket(): could not receive data: 9
[111379][E][WiFiUdp.cpp:221] parsePacket(): could not receive data: 9
[111384][E][WiFiUdp.cpp:221] parsePacket(): could not receive data: 9
[111390][E][WiFiUdp.cpp:221] parsePacket(): could not receive data: 9
[111397][E][WiFiUdp.cpp:221] parsePacket(): could not receive data: 9
[111403][E][WiFiUdp.cpp:221] parsePacket(): could not receive data: 9
[111408][E][WiFiUdp.cpp:221] parsePacket(): could not receive data: 9
[111415][E][WiFiUdp.cpp:221] parsePacket(): could not receive data: 9
[111420][E][WiFiUdp.cpp:221] parsePacket(): could not receive data: 9
[111427][E][WiFiUdp.cpp:221] parsePacket(): could not receive data: 9
[111433][E][WiFiUdp.cpp:221] parsePacket(): could not receive data: 9
[111439][E][WiFiUdp.cpp:221] parsePacket(): could not receive data: 9
[111444][E][WiFiUdp.cpp:221] parsePacket(): could not receive data: 9
[111450][E][WiFiUdp.cpp:221] parsePacket(): could not receive data: 9
[111457][E][WiFiUdp.cpp:221] parsePacket(): could not receive data: 9
[111463][E][WiFiUdp.cpp:221] parsePacket(): could not receive data: 9
[111469][E][WiFiUdp.cpp:221] parsePacket(): could not receive data: 9
[111474][E][WiFiUdp.cpp:221] parsePacket(): could not receive data: 9
[111480][E][WiFiUdp.cpp:221] parsePacket(): could not receive data: 9
[111486][E][WiFiUdp.cpp:221] parsePacket(): could not receive data: 9
[111493][E][WiFiUdp.cpp:221] parsePacket(): could not receive data: 9
[111499][E][WiFiUdp.cpp:221] parsePacket(): could not receive data: 9
[111505][E][WiFiUdp.cpp:221] parsePacket(): could not receive data: 9
[111511][E][WiFiUdp.cpp:221] parsePacket(): could not receive data: 9
[111517][E][WiFiUdp.cpp:221] parsePacket(): could not receive data: 9
[111523][E][WiFiUdp.cpp:221] parsePacket(): could not receive data: 9
[111529][E][WiFiUdp.cpp:221] parsePacket(): could not receive data: 9
[111535][E][WiFiUdp.cpp:221] parsePacket(): could not receive data: 9
[111541][E][WiFiUdp.cpp:221] parsePacket(): could not receive data: 9
[111546][E][WiFiUdp.cpp:221] parsePacket(): could not receive data: 9
[111551][E][WiFiUdp.cpp:221] parsePacket(): could not receive data: 9
[111557][E][WiFiUdp.cpp:221] parsePacket(): could not receive data: 9
[111564][E][WiFiUdp.cpp:221] parsePacket(): could not receive data: 9
[111570][E][WiFiUdp.cpp:221] parsePacket(): could not receive data: 9
[111575][E][WiFiUdp.cpp:221] parsePacket(): could not receive data: 9
[111582][E][WiFiUdp.cpp:221] parsePacket(): could not receive data: 9
[111588][E][WiFiUdp.cpp:221] parsePacket(): could not receive data: 9
[111594][E][WiFiUdp.cpp:221] parsePacket(): could not receive data: 9
[111599][E][WiFiUdp.cpp:221] parsePacket(): could not receive data: 9
[111605][E][WiFiUdp.cpp:221] parsePacket(): could not receive data: 9
[111611][E][WiFiUdp.cpp:221] parsePacket(): could not receive data: 9
[111617][E][WiFiUdp.cpp:221] parsePacket(): could not receive data: 9
[111623][E][WiFiUdp.cpp:221] parsePacket(): could not receive data: 9
[111629][E][WiFiUdp.cpp:221] parsePacket(): could not receive data: 9
[111636][E][WiFiUdp.cpp:221] parsePacket(): could not receive data: 9
[111641][E][WiFiUdp.cpp:221] parsePacket(): could not receive data: 9
[111647][E][WiFiUdp.cpp:221] parsePacket(): could not receive data: 9
[111654][E][WiFiUdp.cpp:221] parsePacket(): could not receive data: 9
[111660][E][WiFiUdp.cpp:221] parsePacket(): could not receive data: 9
[111666][E][WiFiUdp.cpp:221] parsePacket(): could not receive data: 9
[111671][E][WiFiUdp.cpp:221] parsePacket(): could not receive data: 9
[111677][E][WiFiUdp.cpp:221] parsePacket(): could not receive data: 9
[111683][E][WiFiUdp.cpp:221] parsePacket(): could not receive data: 9
[111689][E][WiFiUdp.cpp:221] parsePacket(): could not receive data: 9
[111695][E][WiFiUdp.cpp:221] parsePacket(): could not receive data: 9
[111701][E][WiFiUdp.cpp:221] parsePacket(): could not receive data: 9
[111707][E][WiFiUdp.cpp:221] parsePacket(): could not receive data: 9
[111713][E][WiFiUdp.cpp:221] parsePacket(): could not receive data: 9
[111719][E][WiFiUdp.cpp:221] parsePacket(): could not receive data: 9
[111725][E][WiFiUdp.cpp:221] parsePacket(): could not receive data: 9
[111731][E][WiFiUdp.cpp:221] parsePacket(): could not receive data: 9
[111737][E][WiFiUdp.cpp:221] parsePacket(): could not receive data: 9
[111744][E][WiFiUdp.cpp:221] parsePacket(): could not receive data: 9
[111750][E][WiFiUdp.cpp:221] parsePacket(): could not receive data: 9
[111756][E][WiFiUdp.cpp:221] parsePacket(): could not receive data: 9
[111762][E][WiFiUdp.cpp:221] parsePacket(): could not receive data: 9
[111769][E][WiFiUdp.cpp:221] parsePacket(): could not receive data: 9
[111775][E][WiFiUdp.cpp:221] parsePacket(): could not receive data: 9
[111782][E][WiFiUdp.cpp:221] parsePacket(): could not receive data: 9
[111789][E][WiFiUdp.cpp:221] parsePacket(): could not receive data: 9
[111796][E][WiFiUdp.cpp:221] parsePacket(): could not receive data: 9
[111803][E][WiFiUdp.cpp:221] parsePacket(): could not receive data: 9
[111808][E][WiFiUdp.cpp:221] parsePacket(): could not receive data: 9
[111815][E][WiFiUdp.cpp:221] parsePacket(): could not receive data: 9
[111821][E][WiFiUdp.cpp:221] parsePacket(): could not receive data: 9
[111826][E][WiFiUdp.cpp:221] parsePacket(): could not receive data: 9
[111833][E][WiFiUdp.cpp:221] parsePacket(): could not receive data: 9
[111839][E][WiFiUdp.cpp:221] parsePacket(): could not receive data: 9
[111845][E][WiFiUdp.cpp:221] parsePacket(): could not receive data: 9
[111851][E][WiFiUdp.cpp:221] parsePacket(): could not receive data: 9
[111857][E][WiFiUdp.cpp:221] parsePacket(): could not receive data: 9
[111863][E][WiFiUdp.cpp:221] parsePacket(): could not receive data: 9
[111869][E][WiFiUdp.cpp:221] parsePacket(): could not receive data: 9
[111875][E][WiFiUdp.cpp:221] parsePacket(): could not receive data: 9
[111881][E][WiFiUdp.cpp:221] parsePacket(): could not receive data: 9
[111886][E][WiFiUdp.cpp:221] parsePacket(): could not receive data: 9
[111893][E][WiFiUdp.cpp:221] parsePacket(): could not receive data: 9
[111899][E][WiFiUdp.cpp:221] parsePacket(): could not receive data: 9
[111905][E][WiFiUdp.cpp:221] parsePacket(): could not receive data: 9
[111911][E][WiFiUdp.cpp:221] parsePacket(): could not receive data: 9
[111916][E][WiFiUdp.cpp:221] parsePacket(): could not receive data: 9
[111923][E][WiFiUdp.cpp:221] parsePacket(): could not receive data: 9
[111928][E][WiFiUdp.cpp:221] parsePacket(): could not receive data: 9
[111935][E][WiFiUdp.cpp:221] parsePacket(): could not receive data: 9
[111940][E][WiFiUdp.cpp:221] parsePacket(): could not receive data: 9
[111947][E][WiFiUdp.cpp:221] parsePacket(): could not receive data: 9
[111952][E][WiFiUdp.cpp:221] parsePacket(): could not receive data: 9
[111958][E][WiFiUdp.cpp:221] parsePacket(): could not receive data: 9
[111964][E][WiFiUdp.cpp:221] parsePacket(): could not receive data: 9
[111971][E][WiFiUdp.cpp:221] parsePacket(): could not receive data: 9
[111977][E][WiFiUdp.cpp:221] parsePacket(): could not receive data: 9
[111983][E][WiFiUdp.cpp:221] parsePacket(): could not receive data: 9
[111990][E][WiFiUdp.cpp:221] parsePacket(): could not receive data: 9
[111996][E][WiFiUdp.cpp:221] parsePacket(): could not receive data: 9
[112002][E][WiFiUdp.cpp:221] parsePacket(): could not receive data: 9
[112008][E][WiFiUdp.cpp:221] parsePacket(): could not receive data: 9
[112014][E][WiFiUdp.cpp:221] parsePacket(): could not receive data: 9
[112020][E][WiFiUdp.cpp:221] parsePacket(): could not receive data: 9
[112025][E][WiFiUdp.cpp:221] parsePacket(): could not receive data: 9
[112032][E][WiFiUdp.cpp:221] parsePacket(): could not receive data: 9
[112038][E][WiFiUdp.cpp:221] parsePacket(): could not receive data: 9
[112043][E][WiFiUdp.cpp:221] parsePacket(): could not receive data: 9
[112050][E][WiFiUdp.cpp:221] parsePacket(): could not receive data: 9
[112056][E][WiFiUdp.cpp:221] parsePacket(): could not receive data: 9
[112062][E][WiFiUdp.cpp:221] parsePacket(): could not receive data: 9
[112068][E][WiFiUdp.cpp:221] parsePacket(): could not receive data: 9
[112074][E][WiFiUdp.cpp:221] parsePacket(): could not receive data: 9
[112080][E][WiFiUdp.cpp:221] parsePacket(): could not receive data: 9
[112086][E][WiFiUdp.cpp:221] parsePacket(): could not receive data: 9
[112091][E][WiFiUdp.cpp:221] parsePacket(): could not receive data: 9
[112097][E][WiFiUdp.cpp:221] parsePacket(): could not receive data: 9
[112104][E][WiFiUdp.cpp:221] parsePacket(): could not receive data: 9
[112110][E][WiFiUdp.cpp:221] parsePacket(): could not receive data: 9
[112116][E][WiFiUdp.cpp:221] parsePacket(): could not receive data: 9
[112122][E][WiFiUdp.cpp:221] parsePacket(): could not receive data: 9
[112127][E][WiFiUdp.cpp:221] parsePacket(): could not receive data: 9
[112134][E][WiFiUdp.cpp:221] parsePacket(): could not receive data: 9
[112139][E][WiFiUdp.cpp:221] parsePacket(): could not receive data: 9
[112145][E][WiFiUdp.cpp:221] parsePacket(): could not receive data: 9
[112152][E][WiFiUdp.cpp:221] parsePacket(): could not receive data: 9
[112157][E][WiFiUdp.cpp:221] parsePacket(): could not receive data: 9
[112163][E][WiFiUdp.cpp:221] parsePacket(): could not receive data: 9
[112170][E][WiFiUdp.cpp:221] parsePacket(): could not receive data: 9
[112175][E][WiFiUdp.cpp:221] parsePacket(): could not receive data: 9
[112181][E][WiFiUdp.cpp:221] parsePacket(): could not receive data: 9
[112187][E][WiFiUdp.cpp:221] parsePacket(): could not receive data: 9
[112193][E][WiFiUdp.cpp:221] parsePacket(): could not receive data: 9
[112200][E][WiFiUdp.cpp:221] parsePacket(): could not receive data: 9
[112205][E][WiFiUdp.cpp:221] parsePacket(): could not receive data: 9
[112212][E][WiFiUdp.cpp:221] parsePacket(): could not receive data: 9
[112217][E][WiFiUdp.cpp:221] parsePacket(): could not receive data: 9
[112223][E][WiFiUdp.cpp:221] parsePacket(): could not receive data: 9
[112228][E][WiFiUdp.cpp:221] parsePacket(): could not receive data: 9
[112234][E][WiFiUdp.cpp:221] parsePacket(): could not receive data: 9
[112240][E][WiFiUdp.cpp:221] parsePacket(): could not receive data: 9
[112246][E][WiFiUdp.cpp:221] parsePacket(): could not receive data: 9
[112252][E][WiFiUdp.cpp:221] parsePacket(): could not receive data: 9
[112258][E][WiFiUdp.cpp:221] parsePacket(): could not receive data: 9
[112264][E][WiFiUdp.cpp:221] parsePacket(): could not receive data: 9
[112270][E][WiFiUdp.cpp:221] parsePacket(): could not receive data: 9
[112276][E][WiFiUdp.cpp:221] parsePacket(): could not receive data: 9
[112282][E][WiFiUdp.cpp:221] parsePacket(): could not receive data: 9
[112288][E][WiFiUdp.cpp:221] parsePacket(): could not receive data: 9
[112294][E][WiFiUdp.cpp:221] parsePacket(): could not receive data: 9
[112300][E][WiFiUdp.cpp:221] parsePacket(): could not receive data: 9
[112306][E][WiFiUdp.cpp:221] parsePacket(): could not receive data: 9
[112312][E][WiFiUdp.cpp:221] parsePacket(): could not receive data: 9
[112319][E][WiFiUdp.cpp:221] parsePacket(): could not receive data: 9
[112325][E][WiFiUdp.cpp:221] parsePacket(): could not receive data: 9
[112330][E][WiFiUdp.cpp:221] parsePacket(): could not receive data: 9
[112336][E][WiFiUdp.cpp:221] parsePacket(): could not receive data: 9
[112342][E][WiFiUdp.cpp:221] parsePacket(): could not receive data: 9
[112348][E][WiFiUdp.cpp:221] parsePacket(): could not receive data: 9
[112354][E][WiFiUdp.cpp:221] parsePacket(): could not receive data: 9
[112360][E][WiFiUdp.cpp:221] parsePacket(): could not receive data: 9
[112366][E][WiFiUdp.cpp:221] parsePacket(): could not receive data: 9
[112372][E][WiFiUdp.cpp:221] parsePacket(): could not receive data: 9
[112379][E][WiFiUdp.cpp:221] parsePacket(): could not receive data: 9
[112384][E][WiFiUdp.cpp:221] parsePacket(): could not receive data: 9
[112390][E][WiFiUdp.cpp:221] parsePacket(): could not receive data: 9
[112396][E][WiFiUdp.cpp:221] parsePacket(): could not receive data: 9
[112402][E][WiFiUdp.cpp:221] parsePacket(): could not receive data: 9
[112408][E][WiFiUdp.cpp:221] parsePacket(): could not receive data: 9
[112414][E][WiFiUdp.cpp:221] parsePacket(): could not receive data: 9
[112420][E][WiFiUdp.cpp:221] parsePacket(): could not receive data: 9
[112426][E][WiFiUdp.cpp:221] parsePacket(): could not receive data: 9
[112432][E][WiFiUdp.cpp:221] parsePacket(): could not receive data: 9
[112439][E][WiFiUdp.cpp:221] parsePacket(): could not receive data: 9
[112444][E][WiFiUdp.cpp:221] parsePacket(): could not receive data: 9
[112450][E][WiFiUdp.cpp:221] parsePacket(): could not receive data: 9
[112456][E][WiFiUdp.cpp:221] parsePacket(): could not receive data: 9
[112462][E][WiFiUdp.cpp:221] parsePacket(): could not receive data: 9
[112468][E][WiFiUdp.cpp:221] parsePacket(): could not receive data: 9
[112474][E][WiFiUdp.cpp:221] parsePacket(): could not receive data: 9
[112481][E][WiFiUdp.cpp:221] parsePacket(): could not receive data: 9
[112487][E][WiFiUdp.cpp:221] parsePacket(): could not receive data: 9
[112492][E][WiFiUdp.cpp:221] parsePacket(): could not receive data: 9
[112498][E][WiFiUdp.cpp:221] parsePacket(): could not receive data: 9
[112504][E][WiFiUdp.cpp:221] parsePacket(): could not receive data: 9
[112510][E][WiFiUdp.cpp:221] parsePacket(): could not receive data: 9
[112516][E][WiFiUdp.cpp:221] parsePacket(): could not receive data: 9
[112522][E][WiFiUdp.cpp:221] parsePacket(): could not receive data: 9
[112528][E][WiFiUdp.cpp:221] parsePacket(): could not receive data: 9
[112535][E][WiFiUdp.cpp:221] parsePacket(): could not receive data: 9
[112540][E][WiFiUdp.cpp:221] parsePacket(): could not receive data: 9
[112546][E][WiFiUdp.cpp:221] parsePacket(): could not receive data: 9
[112553][E][WiFiUdp.cpp:221] parsePacket(): could not receive data: 9
[112558][E][WiFiUdp.cpp:221] parsePacket(): could not receive data: 9
[112565][E][WiFiUdp.cpp:221] parsePacket(): could not receive data: 9
[112571][E][WiFiUdp.cpp:221] parsePacket(): could not receive data: 9
[112576][E][WiFiUdp.cpp:221] parsePacket(): could not receive data: 9
[112582][E][WiFiUdp.cpp:221] parsePacket(): could not receive data: 9
[112589][E][WiFiUdp.cpp:221] parsePacket(): could not receive data: 9
[112595][E][WiFiUdp.cpp:221] parsePacket(): could not receive data: 9
[112601][E][WiFiUdp.cpp:221] parsePacket(): could not receive data: 9
[112607][E][WiFiUdp.cpp:221] parsePacket(): could not receive data: 9
[112613][E][WiFiUdp.cpp:221] parsePacket(): could not receive data: 9
[112620][E][WiFiUdp.cpp:221] parsePacket(): could not receive data: 9
[112627][E][WiFiUdp.cpp:221] parsePacket(): could not receive data: 9
[112632][E][WiFiUdp.cpp:221] parsePacket(): could not receive data: 9
[112638][E][WiFiUdp.cpp:221] parsePacket(): could not receive data: 9
[112645][E][WiFiUdp.cpp:221] parsePacket(): could not receive data: 9
[112651][E][WiFiUdp.cpp:221] parsePacket(): could not receive data: 9
[112657][E][WiFiUdp.cpp:221] parsePacket(): could not receive data: 9
[112663][E][WiFiUdp.cpp:221] parsePacket(): could not receive data: 9
[112669][E][WiFiUdp.cpp:221] parsePacket(): could not receive data: 9
[112675][E][WiFiUdp.cpp:221] parsePacket(): could not receive data: 9
[112680][E][WiFiUdp.cpp:221] parsePacket(): could not receive data: 9
[112686][E][WiFiUdp.cpp:221] parsePacket(): could not receive data: 9
[112692][E][WiFiUdp.cpp:221] parsePacket(): could not receive data: 9
[112698][E][WiFiUdp.cpp:221] parsePacket(): could not receive data: 9
[112703][E][WiFiUdp.cpp:221] parsePacket(): could not receive data: 9
[112709][E][WiFiUdp.cpp:221] parsePacket(): could not receive data: 9
[112715][E][WiFiUdp.cpp:221] parsePacket(): could not receive data: 9
[112721][E][WiFiUdp.cpp:221] parsePacket(): could not receive data: 9
[112727][E][WiFiUdp.cpp:221] parsePacket(): could not receive data: 9
[112732][E][WiFiUdp.cpp:221] parsePacket(): could not receive data: 9
[112739][E][WiFiUdp.cpp:221] parsePacket(): could not receive data: 9
[112745][E][WiFiUdp.cpp:221] parsePacket(): could not receive data: 9
[112750][E][WiFiUdp.cpp:221] parsePacket(): could not receive data: 9
[112757][E][WiFiUdp.cpp:221] parsePacket(): could not receive data: 9
[112763][E][WiFiUdp.cpp:221] parsePacket(): could not receive data: 9
[112769][E][WiFiUdp.cpp:221] parsePacket(): could not receive data: 9
[112774][E][WiFiUdp.cpp:221] parsePacket(): could not receive data: 9
[112781][E][WiFiUdp.cpp:221] parsePacket(): could not receive data: 9
[112787][E][WiFiUdp.cpp:221] parsePacket(): could not receive data: 9
[112793][E][WiFiUdp.cpp:221] parsePacket(): could not receive data: 9
[112799][E][WiFiUdp.cpp:221] parsePacket(): could not receive data: 9
[112805][E][WiFiUdp.cpp:221] parsePacket(): could not receive data: 9
[112811][E][WiFiUdp.cpp:221] parsePacket(): could not receive data: 9
[112817][E][WiFiUdp.cpp:221] parsePacket(): could not receive data: 9
[112823][E][WiFiUdp.cpp:221] parsePacket(): could not receive data: 9
[112829][E][WiFiUdp.cpp:221] parsePacket(): could not receive data: 9
[112835][E][WiFiUdp.cpp:221] parsePacket(): could not receive data: 9
[112840][E][WiFiUdp.cpp:221] parsePacket(): could not receive data: 9
[112847][E][WiFiUdp.cpp:221] parsePacket(): could not receive data: 9
[112852][E][WiFiUdp.cpp:221] parsePacket(): could not receive data: 9
[112858][E][WiFiUdp.cpp:221] parsePacket(): could not receive data: 9
[112865][E][WiFiUdp.cpp:221] parsePacket(): could not receive data: 9
[112871][E][WiFiUdp.cpp:221] parsePacket(): could not receive data: 9
[112877][E][WiFiUdp.cpp:221] parsePacket(): could not receive data: 9
[112882][E][WiFiUdp.cpp:221] parsePacket(): could not receive data: 9
[112889][E][WiFiUdp.cpp:221] parsePacket(): could not receive data: 9
[112895][E][WiFiUdp.cpp:221] parsePacket(): could not receive data: 9
[112901][E][WiFiUdp.cpp:221] parsePacket(): could not receive data: 9
[112906][E][WiFiUdp.cpp:221] parsePacket(): could not receive data: 9
[112912][E][WiFiUdp.cpp:221] parsePacket(): could not receive data: 9
[112919][E][WiFiUdp.cpp:221] parsePacket(): could not receive data: 9
[112925][E][WiFiUdp.cpp:221] parsePacket(): could not receive data: 9
[112931][E][WiFiUdp.cpp:221] parsePacket(): could not receive data: 9
[112937][E][WiFiUdp.cpp:221] parsePacket(): could not receive data: 9
[112943][E][WiFiUdp.cpp:221] parsePacket(): could not receive data: 9
[112949][E][WiFiUdp.cpp:221] parsePacket(): could not receive data: 9
[112955][E][WiFiUdp.cpp:221] parsePacket(): could not receive data: 9
[112961][E][WiFiUdp.cpp:221] parsePacket(): could not receive data: 9
[112967][E][WiFiUdp.cpp:221] parsePacket(): could not receive data: 9
[112974][E][WiFiUdp.cpp:221] parsePacket(): could not receive data: 9
[112981][E][WiFiUdp.cpp:221] parsePacket(): could not receive data: 9
[112988][E][WiFiUdp.cpp:221] parsePacket(): could not receive data: 9
[112995][E][WiFiUdp.cpp:221] parsePacket(): could not receive data: 9
[113003][E][WiFiUdp.cpp:221] parsePacket(): could not receive data: 9
[113011][E][WiFiUdp.cpp:221] parsePacket(): could not receive data: 9
[113018][E][WiFiUdp.cpp:221] parsePacket(): could not receive data: 9
[113024][E][WiFiUdp.cpp:221] parsePacket(): could not receive data: 9
[113030][E][WiFiUdp.cpp:221] parsePacket(): could not receive data: 9
[113036][E][WiFiUdp.cpp:221] parsePacket(): could not receive data: 9
[113043][E][WiFiUdp.cpp:221] parsePacket(): could not receive data: 9
[113050][E][WiFiUdp.cpp:221] parsePacket(): could not receive data: 9
[113057][E][WiFiUdp.cpp:221] parsePacket(): could not receive data: 9
[113064][E][WiFiUdp.cpp:221] parsePacket(): could not receive data: 9
[113071][E][WiFiUdp.cpp:221] parsePacket(): could not receive data: 9
[113077][E][WiFiUdp.cpp:221] parsePacket(): could not receive data: 9
[113082][E][WiFiUdp.cpp:221] parsePacket(): could not receive data: 9
[113088][E][WiFiUdp.cpp:221] parsePacket(): could not receive data: 9
[113094][E][WiFiUdp.cpp:221] parsePacket(): could not receive data: 9
[113101][E][WiFiUdp.cpp:221] parsePacket(): could not receive data: 9
[113107][E][WiFiUdp.cpp:221] parsePacket(): could not receive data: 9
[113113][E][WiFiUdp.cpp:221] parsePacket(): could not receive data: 9
[113119][E][WiFiUdp.cpp:221] parsePacket(): could not receive data: 9
[113125][E][WiFiUdp.cpp:221] parsePacket(): could not receive data: 9
[113131][E][WiFiUdp.cpp:221] parsePacket(): could not receive data: 9
[113137][E][WiFiUdp.cpp:221] parsePacket(): could not receive data: 9
[113144][E][WiFiUdp.cpp:221] parsePacket(): could not receive data: 9
[113151][E][WiFiUdp.cpp:221] parsePacket(): could not receive data: 9
[113157][E][WiFiUdp.cpp:221] parsePacket(): could not receive data: 9
[113163][E][WiFiUdp.cpp:221] parsePacket(): could not receive data: 9
[113169][E][WiFiUdp.cpp:221] parsePacket(): could not receive data: 9
[113175][E][WiFiUdp.cpp:221] parsePacket(): could not receive data: 9
[113181][E][WiFiUdp.cpp:221] parsePacket(): could not receive data: 9
[113187][E][WiFiUdp.cpp:221] parsePacket(): could not receive data: 9
[113192][E][WiFiUdp.cpp:221] parsePacket(): could not receive data: 9
[113198][E][WiFiUdp.cpp:221] parsePacket(): could not receive data: 9
[113205][E][WiFiUdp.cpp:221] parsePacket(): could not receive data: 9
[113210][E][WiFiUdp.cpp:221] parsePacket(): could not receive data: 9
[113217][E][WiFiUdp.cpp:221] parsePacket(): could not receive data: 9
[113222][E][WiFiUdp.cpp:221] parsePacket(): could not receive data: 9
[113229][E][WiFiUdp.cpp:221] parsePacket(): could not receive data: 9
[113234][E][WiFiUdp.cpp:221] parsePacket(): could not receive data: 9
[113240][E][WiFiUdp.cpp:221] parsePacket(): could not receive data: 9
[113246][E][WiFiUdp.cpp:221] parsePacket(): could not receive data: 9
[113253][E][WiFiUdp.cpp:221] parsePacket(): could not receive data: 9
[113258][E][WiFiUdp.cpp:221] parsePacket(): could not receive data: 9
[113264][E][WiFiUdp.cpp:221] parsePacket(): could not receive data: 9
[113270][E][WiFiUdp.cpp:221] parsePacket(): could not receive data: 9
[113276][E][WiFiUdp.cpp:221] parsePacket(): could not receive data: 9
[113282][E][WiFiUdp.cpp:221] parsePacket(): could not receive data: 9
[113288][E][WiFiUdp.cpp:221] parsePacket(): could not receive data: 9
[113294][E][WiFiUdp.cpp:221] parsePacket(): could not receive data: 9
[113301][E][WiFiUdp.cpp:221] parsePacket(): could not receive data: 9
[113307][E][WiFiUdp.cpp:221] parsePacket(): could not receive data: 9
[113313][E][WiFiUdp.cpp:221] parsePacket(): could not receive data: 9
[113319][E][WiFiUdp.cpp:221] parsePacket(): could not receive data: 9
[113325][E][WiFiUdp.cpp:221] parsePacket(): could not receive data: 9
[113331][E][WiFiUdp.cpp:221] parsePacket(): could not receive data: 9
[113337][E][WiFiUdp.cpp:221] parsePacket(): could not receive data: 9
[113343][E][WiFiUdp.cpp:221] parsePacket(): could not receive data: 9
[113349][E][WiFiUdp.cpp:221] parsePacket(): could not receive data: 9
[113355][E][WiFiUdp.cpp:221] parsePacket(): could not receive data: 9
[113361][E][WiFiUdp.cpp:221] parsePacket(): could not receive data: 9
[113367][E][WiFiUdp.cpp:221] parsePacket(): could not receive data: 9
[113372][E][WiFiUdp.cpp:221] parsePacket(): could not receive data: 9
[113379][E][WiFiUdp.cpp:221] parsePacket(): could not receive data: 9
[113385][E][WiFiUdp.cpp:221] parsePacket(): could not receive data: 9
[113391][E][WiFiUdp.cpp:221] parsePacket(): could not receive data: 9
[113397][E][WiFiUdp.cpp:221] parsePacket(): could not receive data: 9
[113403][E][WiFiUdp.cpp:221] parsePacket(): could not receive data: 9
[113409][E][WiFiUdp.cpp:221] parsePacket(): could not receive data: 9
[113414][E][WiFiUdp.cpp:221] parsePacket(): could not receive data: 9
[113421][E][WiFiUdp.cpp:221] parsePacket(): could not receive data: 9
[113427][E][WiFiUdp.cpp:221] parsePacket(): could not receive data: 9
[113433][E][WiFiUdp.cpp:221] parsePacket(): could not receive data: 9
[113438][E][WiFiUdp.cpp:221] parsePacket(): could not receive data: 9
[113445][E][WiFiUdp.cpp:221] parsePacket(): could not receive data: 9
[113451][E][WiFiUdp.cpp:221] parsePacket(): could not receive data: 9
[113457][E][WiFiUdp.cpp:221] parsePacket(): could not receive data: 9
[113463][E][WiFiUdp.cpp:221] parsePacket(): could not receive data: 9
[113470][E][WiFiUdp.cpp:221] parsePacket(): could not receive data: 9
[113478][E][WiFiUdp.cpp:221] parsePacket(): could not receive data: 9
[113485][E][WiFiUdp.cpp:221] parsePacket(): could not receive data: 9
[113492][E][WiFiUdp.cpp:221] parsePacket(): could not receive data: 9
[113499][E][WiFiUdp.cpp:221] parsePacket(): could not receive data: 9
[113507][E][WiFiUdp.cpp:221] parsePacket(): could not receive data: 9
[113512][E][WiFiUdp.cpp:221] parsePacket(): could not receive data: 9
[113518][E][WiFiUdp.cpp:221] parsePacket(): could not receive data: 9
[113524][E][WiFiUdp.cpp:221] parsePacket(): could not receive data: 9
[113529][E][WiFiUdp.cpp:221] parsePacket(): could not receive data: 9
[113535][E][WiFiUdp.cpp:221] parsePacket(): could not receive data: 9
[113542][E][WiFiUdp.cpp:221] parsePacket(): could not receive data: 9
[113547][E][WiFiUdp.cpp:221] parsePacket(): could not receive data: 9
[113553][E][WiFiUdp.cpp:221] parsePacket(): could not receive data: 9
[113559][E][WiFiUdp.cpp:221] parsePacket(): could not receive data: 9
[113566][E][WiFiUdp.cpp:221] parsePacket(): could not receive data: 9
[113573][E][WiFiUdp.cpp:221] parsePacket(): could not receive data: 9
[113580][E][WiFiUdp.cpp:221] parsePacket(): could not receive data: 9
[113586][E][WiFiUdp.cpp:221] parsePacket(): could not receive data: 9
[113592][E][WiFiUdp.cpp:221] parsePacket(): could not receive data: 9
[113598][E][WiFiUdp.cpp:221] parsePacket(): could not receive data: 9
[113604][E][WiFiUdp.cpp:221] parsePacket(): could not receive data: 9
[113610][E][WiFiUdp.cpp:221] parsePacket(): could not receive data: 9
[113616][E][WiFiUdp.cpp:221] parsePacket(): could not receive data: 9
[113623][E][WiFiUdp.cpp:221] parsePacket(): could not receive data: 9
[113630][E][WiFiUdp.cpp:221] parsePacket(): could not receive data: 9
[113637][E][WiFiUdp.cpp:221] parsePacket(): could not receive data: 9
[113643][E][WiFiUdp.cpp:221] parsePacket(): could not receive data: 9
[113651][E][WiFiUdp.cpp:221] parsePacket(): could not receive data: 9
[113658][E][WiFiUdp.cpp:221] parsePacket(): could not receive data: 9
