ets Jul 29 2019 12:21:46

rst:0x1 (POWERON_RESET),boot:0x12 (SPI_FAST_FLASH_BOOT)
configsip: 0, SPIWP:0xee
clk_drv:0x00,q_drv:0x00,d_drv:0x00,cs0_drv:0x00,hd_drv:0x00,wp_drv:0x00
mode:DIO, clock div:2
load:0x3fff0030,len:1184
load:0x40078000,len:13232
load:0x40080400,len:3028
entry 0x400805e4


============
CLIENT SETUP
============
[BOOT] RESET_REASON=1 POWERON
[HEAP] 00:00:00 169368 167144 110580 (init)
[PSRM] 00:00:00 0
[EFUS]...Two Point: NOT supported
[EFUS]...Vref: NOT supported
[INIT]...initMheard
[INIT]...init_flash
[   886][E][Preferences.cpp:483] getString(): nvs_get_str len fail: node_call NOT_FOUND
[   888][E][Preferences.cpp:483] getString(): nvs_get_str len fail: node_short NOT_FOUND
[   889][E][Preferences.cpp:503] getBytesLength(): nvs_get_blob len fail: node_lat NOT_FOUND
[   890][E][Preferences.cpp:503] getBytesLength(): nvs_get_blob len fail: node_lon NOT_FOUND
[   890][E][Preferences.cpp:503] getBytesLength(): nvs_get_blob len fail: node_temp NOT_FOUND
[   890][E][Preferences.cpp:503] getBytesLength(): nvs_get_blob len fail: node_hum NOT_FOUND
[   891][E][Preferences.cpp:503] getBytesLength(): nvs_get_blob len fail: node_press NOT_FOUND
[   891][E][Preferences.cpp:483] getString(): nvs_get_str len fail: node_ssid NOT_FOUND
[   891][E][Preferences.cpp:483] getString(): nvs_get_str len fail: node_pwd NOT_FOUND
[   892][E][Preferences.cpp:503] getBytesLength(): nvs_get_blob len fail: node_maxv NOT_FOUND
[   892][E][Preferences.cpp:483] getString(): nvs_get_str len fail: node_extern NOT_FOUND
[   892][E][Preferences.cpp:503] getBytesLength(): nvs_get_blob len fail: node_freq NOT_FOUND
[   893][E][Preferences.cpp:503] getBytesLength(): nvs_get_blob len fail: node_bw NOT_FOUND
[   894][E][Preferences.cpp:483] getString(): nvs_get_str len fail: node_atxt NOT_FOUND
[   894][E][Preferences.cpp:503] getBytesLength(): nvs_get_blob len fail: node_temp2 NOT_FOUND
[   894][E][Preferences.cpp:503] getBytesLength(): nvs_get_blob len fail: node_utcof NOT_FOUND
[   895][E][Preferences.cpp:503] getBytesLength(): nvs_get_blob len fail: node_gas NOT_FOUND
[   895][E][Preferences.cpp:503] getBytesLength(): nvs_get_blob len fail: node_co2 NOT_FOUND
[   896][E][Preferences.cpp:483] getString(): nvs_get_str len fail: node_mcp170 NOT_FOUND
[   896][E][Preferences.cpp:483] getString(): nvs_get_str len fail: node_mcp171 NOT_FOUND
[   896][E][Preferences.cpp:483] getString(): nvs_get_str len fail: node_mcp172 NOT_FOUND
[   897][E][Preferences.cpp:483] getString(): nvs_get_str len fail: node_mcp173 NOT_FOUND
[   897][E][Preferences.cpp:483] getString(): nvs_get_str len fail: node_mcp174 NOT_FOUND
[   897][E][Preferences.cpp:483] getString(): nvs_get_str len fail: node_mcp175 NOT_FOUND
[   898][E][Preferences.cpp:483] getString(): nvs_get_str len fail: node_mcp176 NOT_FOUND
[   898][E][Preferences.cpp:483] getString(): nvs_get_str len fail: node_mcp177 NOT_FOUND
[   898][E][Preferences.cpp:483] getString(): nvs_get_str len fail: node_mcp178 NOT_FOUND
[   899][E][Preferences.cpp:483] getString(): nvs_get_str len fail: node_mcp179 NOT_FOUND
[   899][E][Preferences.cpp:483] getString(): nvs_get_str len fail: node_mcp1710 NOT_FOUND
[   899][E][Preferences.cpp:483] getString(): nvs_get_str len fail: node_mcp1711 NOT_FOUND
[   900][E][Preferences.cpp:483] getString(): nvs_get_str len fail: node_mcp1712 NOT_FOUND
[   900][E][Preferences.cpp:483] getString(): nvs_get_str len fail: node_mcp1713 NOT_FOUND
[   900][E][Preferences.cpp:483] getString(): nvs_get_str len fail: node_mcp1714 NOT_FOUND
[   901][E][Preferences.cpp:483] getString(): nvs_get_str len fail: node_mcp1715 NOT_FOUND
[   905][E][Preferences.cpp:503] getBytesLength(): nvs_get_blob len fail: node_track NOT_FOUND
[   909][E][Preferences.cpp:483] getString(): nvs_get_str len fail: node_passwd NOT_FOUND
[   910][E][Preferences.cpp:483] getString(): nvs_get_str len fail: node_ownip NOT_FOUND
[   911][E][Preferences.cpp:483] getString(): nvs_get_str len fail: node_owngw NOT_FOUND
[   911][E][Preferences.cpp:483] getString(): nvs_get_str len fail: node_ownms NOT_FOUND
[   911][E][Preferences.cpp:483] getString(): nvs_get_str len fail: node_name NOT_FOUND
[   912][E][Preferences.cpp:483] getString(): nvs_get_str len fail: node_webpwd NOT_FOUND
[   912][E][Preferences.cpp:483] getString(): nvs_get_str len fail: node_lssid NOT_FOUND
[   912][E][Preferences.cpp:483] getString(): nvs_get_str len fail: node_lpwd NOT_FOUND
[   913][E][Preferences.cpp:503] getBytesLength(): nvs_get_blob len fail: node_afakt NOT_FOUND
[   913][E][Preferences.cpp:483] getString(): nvs_get_str len fail: node_parm NOT_FOUND
[   913][E][Preferences.cpp:483] getString(): nvs_get_str len fail: node_unit NOT_FOUND
[   914][E][Preferences.cpp:483] getString(): nvs_get_str len fail: node_format NOT_FOUND
[   914][E][Preferences.cpp:483] getString(): nvs_get_str len fail: node_eqns NOT_FOUND
[   914][E][Preferences.cpp:483] getString(): nvs_get_str len fail: node_values NOT_FOUND
[   914][E][Preferences.cpp:503] getBytesLength(): nvs_get_blob len fail: node_spstart NOT_FOUND
[   915][E][Preferences.cpp:503] getBytesLength(): nvs_get_blob len fail: node_spend NOT_FOUND
[   915][E][Preferences.cpp:503] getBytesLength(): nvs_get_blob len fail: node_spstep NOT_FOUND
[   915][E][Preferences.cpp:503] getBytesLength(): nvs_get_blob len fail: node_bfakt NOT_FOUND
[   916][E][Preferences.cpp:483] getString(): nvs_get_str len fail: node_ucall NOT_FOUND
[   916][E][Preferences.cpp:503] getBytesLength(): nvs_get_blob len fail: node_aak NOT_FOUND
[   916][E][Preferences.cpp:503] getBytesLength(): nvs_get_blob len fail: node_aslo NOT_FOUND
[   916][E][Preferences.cpp:503] getBytesLength(): nvs_get_blob len fail: node_aoff NOT_FOUND
[   917][E][Preferences.cpp:503] getBytesLength(): nvs_get_blob len fail: node_atten NOT_FOUND
[   917][E][Preferences.cpp:483] getString(): nvs_get_str len fail: node_gwsrv NOT_FOUND
[   917][E][Preferences.cpp:503] getBytesLength(): nvs_get_blob len fail: node_tmpiof NOT_FOUND
[   917][E][Preferences.cpp:503] getBytesLength(): nvs_get_blob len fail: node_tmpoof NOT_FOUND
[   918][E][Preferences.cpp:503] getBytesLength(): nvs_get_blob len fail: node_shunt NOT_FOUND
[   918][E][Preferences.cpp:503] getBytesLength(): nvs_get_blob len fail: node_imax NOT_FOUND
[   918][E][Preferences.cpp:483] getString(): nvs_get_str len fail: node_owndns NOT_FOUND
[   918][E][Preferences.cpp:483] getString(): nvs_get_str len fail: node_ownntp NOT_FOUND
[   919][E][Preferences.cpp:483] getString(): nvs_get_str len fail: node_fwversion NOT_FOUND
[   919][E][Preferences.cpp:483] getString(): nvs_get_str len fail: node_via NOT_FOUND
[   920][E][Preferences.cpp:483] getString(): nvs_get_str len fail: node_aprsmc NOT_FOUND
[   920][E][Preferences.cpp:483] getString(): nvs_get_str len fail: node_pingcall NOT_FOUND
[INIT]...build Sep 26 2026 / 22:39:01
[INIT]...FLASH cleared, Settings-Layout 0 -> 20260724
[INIT]...FLASH #entries 628 bevor clear
[INIT]...FLASH #entries 628 after clear
[TIME]...Loaded time persistence: saved_time=0, mheard_time=0, msg_time=0
[INIT]...WIFIAP starting...
[INIT]...WEBServer starting...
[QEMU]...headless defaults: web+console ON, wifiAP/gateway/extudp OFF
[QEMU]...virtual GPS enabled (bGPSON=true); NMEA expected on UART1
[INIT].._GW_ID: 00000000
[INIT]...Initialize clock: ok
[LoRa]...SX1268 chip Initializing ... success
[EXTRADIO] enabled, bridge 10.0.2.2:7000, auth=password
[LoRa]...All settings successfully changed
[BLE ]...Device started with BLE-Name <MC-0000-XX0XXX-00>
[QEMU]...BLE/NimBLE disabled (no backend in QEMU); BLE init skipped
[BLE ]...Waiting a client connection to notify...
==============
CLIENT STARTED
[TEST] custom shortname CUST5 saved
==============
[QEMU]...starting OpenETH (esp_eth_start)
[WIFI]...no connection possible
[QEMU]...OpenETH driver started
[QEMU]...OpenETH link connected
[QEMU]...dhcpc_start -> 0x5004 (0=started, 0x5004=already-running)
[GPS ]...QEMU virtual GPS on UART1 (synthetic RX=16 TX=17 @ 9600 baud; no hardware)
[QEMU]...OpenETH GOT_IP ip=10.0.2.15 mask=255.255.255.0 gw=10.0.2.5
[GPS ]...QEMU NMEA presence: 0 chars -> no data yet
[QEMU]...OpenETH connect OK
[WIFI];link;down;sta;0;status;255;down_s;0;last_reason;0;got_ip_n;0;ip;1;ms;18117
[CON ]...HMAC console init.
[CON ]...Console started on port 2323
[BOOT];ready;ms;18137;ip;1
TimeClient no update possible --> CPU-Mode
[ 18139][E][WiFiUdp.cpp:221] parsePacket(): could not receive data: 9
[ 18150][E][WiFiUdp.cpp:221] parsePacket(): could not receive data: 9
[ 18159][E][WiFiUdp.cpp:221] parsePacket(): could not receive data: 9
[ 18165][E][WiFiUdp.cpp:221] parsePacket(): could not receive data: 9
[ 18170][E][WiFiUdp.cpp:221] parsePacket(): could not receive data: 9
[ 18175][E][WiFiUdp.cpp:221] parsePacket(): could not receive data: 9
[ 18180][E][WiFiUdp.cpp:221] parsePacket(): could not receive data: 9
[ 18185][E][WiFiUdp.cpp:221] parsePacket(): could not receive data: 9
[ 18191][E][WiFiUdp.cpp:221] parsePacket(): could not receive data: 9
[ 18197][E][WiFiUdp.cpp:221] parsePacket(): could not receive data: 9
[ 18203][E][WiFiUdp.cpp:221] parsePacket(): could not receive data: 9
[ 18209][E][WiFiUdp.cpp:221] parsePacket(): could not receive data: 9
[ 18215][E][WiFiUdp.cpp:221] parsePacket(): could not receive data: 9
[ 18221][E][WiFiUdp.cpp:221] parsePacket(): could not receive data: 9
[ 18227][E][WiFiUdp.cpp:221] parsePacket(): could not receive data: 9
[ 18233][E][WiFiUdp.cpp:221] parsePacket(): could not receive data: 9
[ 18239][E][WiFiUdp.cpp:221] parsePacket(): could not receive data: 9
[ 18245][E][WiFiUdp.cpp:221] parsePacket(): could not receive data: 9
[ 18251][E][WiFiUdp.cpp:221] parsePacket(): could not receive data: 9
[ 18257][E][WiFiUdp.cpp:221] parsePacket(): could not receive data: 9
[ 18263][E][WiFiUdp.cpp:221] parsePacket(): could not receive data: 9
[ 18269][E][WiFiUdp.cpp:221] parsePacket(): could not receive data: 9
[ 18275][E][WiFiUdp.cpp:221] parsePacket(): could not receive data: 9
[ 18281][E][WiFiUdp.cpp:221] parsePacket(): could not receive data: 9
[ 18287][E][WiFiUdp.cpp:221] parsePacket(): could not receive data: 9
[ 18293][E][WiFiUdp.cpp:221] parsePacket(): could not receive data: 9
[ 18299][E][WiFiUdp.cpp:221] parsePacket(): could not receive data: 9
[ 18305][E][WiFiUdp.cpp:221] parsePacket(): could not receive data: 9
[ 18311][E][WiFiUdp.cpp:221] parsePacket(): could not receive data: 9
[ 18317][E][WiFiUdp.cpp:221] parsePacket(): could not receive data: 9
[ 18323][E][WiFiUdp.cpp:221] parsePacket(): could not receive data: 9
[ 18329][E][WiFiUdp.cpp:221] parsePacket(): could not receive data: 9
[ 18335][E][WiFiUdp.cpp:221] parsePacket(): could not receive data: 9
[ 18341][E][WiFiUdp.cpp:221] parsePacket(): could not receive data: 9
[ 18347][E][WiFiUdp.cpp:221] parsePacket(): could not receive data: 9
[ 18353][E][WiFiUdp.cpp:221] parsePacket(): could not receive data: 9
[ 18359][E][WiFiUdp.cpp:221] parsePacket(): could not receive data: 9
[ 18364][E][WiFiUdp.cpp:221] parsePacket(): could not receive data: 9
[ 18369][E][WiFiUdp.cpp:221] parsePacket(): could not receive data: 9
[ 18374][E][WiFiUdp.cpp:221] parsePacket(): could not receive data: 9
[ 18380][E][WiFiUdp.cpp:221] parsePacket(): could not receive data: 9
[ 18386][E][WiFiUdp.cpp:221] parsePacket(): could not receive data: 9
[ 18391][E][WiFiUdp.cpp:221] parsePacket(): could not receive data: 9
[ 18396][E][WiFiUdp.cpp:221] parsePacket(): could not receive data: 9
[ 18401][E][WiFiUdp.cpp:221] parsePacket(): could not receive data: 9
[ 18406][E][WiFiUdp.cpp:221] parsePacket(): could not receive data: 9
[ 18412][E][WiFiUdp.cpp:221] parsePacket(): could not receive data: 9
[ 18417][E][WiFiUdp.cpp:221] parsePacket(): could not receive data: 9
[ 18422][E][WiFiUdp.cpp:221] parsePacket(): could not receive data: 9
[ 18428][E][WiFiUdp.cpp:221] parsePacket(): could not receive data: 9
[ 18433][E][WiFiUdp.cpp:221] parsePacket(): could not receive data: 9
[ 18438][E][WiFiUdp.cpp:221] parsePacket(): could not receive data: 9
[ 18443][E][WiFiUdp.cpp:221] parsePacket(): could not receive data: 9
[ 18448][E][WiFiUdp.cpp:221] parsePacket(): could not receive data: 9
[ 18453][E][WiFiUdp.cpp:221] parsePacket(): could not receive data: 9
[ 18458][E][WiFiUdp.cpp:221] parsePacket(): could not receive data: 9
[ 18463][E][WiFiUdp.cpp:221] parsePacket(): could not receive data: 9
[ 18468][E][WiFiUdp.cpp:221] parsePacket(): could not receive data: 9
[ 18473][E][WiFiUdp.cpp:221] parsePacket(): could not receive data: 9
[ 18478][E][WiFiUdp.cpp:221] parsePacket(): could not receive data: 9
[ 18483][E][WiFiUdp.cpp:221] parsePacket(): could not receive data: 9
[ 18489][E][WiFiUdp.cpp:221] parsePacket(): could not receive data: 9
[ 18495][E][WiFiUdp.cpp:221] parsePacket(): could not receive data: 9
[ 18501][E][WiFiUdp.cpp:221] parsePacket(): could not receive data: 9
[ 18507][E][WiFiUdp.cpp:221] parsePacket(): could not receive data: 9
[ 18513][E][WiFiUdp.cpp:221] parsePacket(): could not receive data: 9
[ 18519][E][WiFiUdp.cpp:221] parsePacket(): could not receive data: 9
[ 18525][E][WiFiUdp.cpp:221] parsePacket(): could not receive data: 9
[ 18531][E][WiFiUdp.cpp:221] parsePacket(): could not receive data: 9
[ 18537][E][WiFiUdp.cpp:221] parsePacket(): could not receive data: 9
[ 18543][E][WiFiUdp.cpp:221] parsePacket(): could not receive data: 9
[ 18549][E][WiFiUdp.cpp:221] parsePacket(): could not receive data: 9
[ 18555][E][WiFiUdp.cpp:221] parsePacket(): could not receive data: 9
[ 18561][E][WiFiUdp.cpp:221] parsePacket(): could not receive data: 9
[ 18567][E][WiFiUdp.cpp:221] parsePacket(): could not receive data: 9
[ 18573][E][WiFiUdp.cpp:221] parsePacket(): could not receive data: 9
[ 18579][E][WiFiUdp.cpp:221] parsePacket(): could not receive data: 9
[ 18585][E][WiFiUdp.cpp:221] parsePacket(): could not receive data: 9
[ 18591][E][WiFiUdp.cpp:221] parsePacket(): could not receive data: 9
[ 18597][E][WiFiUdp.cpp:221] parsePacket(): could not receive data: 9
[ 18603][E][WiFiUdp.cpp:221] parsePacket(): could not receive data: 9
[ 18609][E][WiFiUdp.cpp:221] parsePacket(): could not receive data: 9
[ 18615][E][WiFiUdp.cpp:221] parsePacket(): could not receive data: 9
[ 18621][E][WiFiUdp.cpp:221] parsePacket(): could not receive data: 9
[ 18627][E][WiFiUdp.cpp:221] parsePacket(): could not receive data: 9
[ 18633][E][WiFiUdp.cpp:221] parsePacket(): could not receive data: 9
[ 18638][E][WiFiUdp.cpp:221] parsePacket(): could not receive data: 9
[ 18643][E][WiFiUdp.cpp:221] parsePacket(): could not receive data: 9
[ 18649][E][WiFiUdp.cpp:221] parsePacket(): could not receive data: 9
[ 18655][E][WiFiUdp.cpp:221] parsePacket(): could not receive data: 9
[ 18661][E][WiFiUdp.cpp:221] parsePacket(): could not receive data: 9
[ 18667][E][WiFiUdp.cpp:221] parsePacket(): could not receive data: 9
[ 18673][E][WiFiUdp.cpp:221] parsePacket(): could not receive data: 9
[ 18679][E][WiFiUdp.cpp:221] parsePacket(): could not receive data: 9
[ 18684][E][WiFiUdp.cpp:221] parsePacket(): could not receive data: 9
[ 18689][E][WiFiUdp.cpp:221] parsePacket(): could not receive data: 9
[ 18694][E][WiFiUdp.cpp:221] parsePacket(): could not receive data: 9
[ 18699][E][WiFiUdp.cpp:221] parsePacket(): could not receive data: 9
[ 18704][E][WiFiUdp.cpp:221] parsePacket(): could not receive data: 9
[ 18709][E][WiFiUdp.cpp:221] parsePacket(): could not receive data: 9
[ 18714][E][WiFiUdp.cpp:221] parsePacket(): could not receive data: 9
[ 18719][E][WiFiUdp.cpp:221] parsePacket(): could not receive data: 9
[ 18724][E][WiFiUdp.cpp:221] parsePacket(): could not receive data: 9
[ 18729][E][WiFiUdp.cpp:221] parsePacket(): could not receive data: 9
[ 18734][E][WiFiUdp.cpp:221] parsePacket(): could not receive data: 9
[ 18739][E][WiFiUdp.cpp:221] parsePacket(): could not receive data: 9
[ 18744][E][WiFiUdp.cpp:221] parsePacket(): could not receive data: 9
[ 18749][E][WiFiUdp.cpp:221] parsePacket(): could not receive data: 9
[ 18754][E][WiFiUdp.cpp:221] parsePacket(): could not receive data: 9
[ 18759][E][WiFiUdp.cpp:221] parsePacket(): could not receive data: 9
[ 18764][E][WiFiUdp.cpp:221] parsePacket(): could not receive data: 9
[ 18769][E][WiFiUdp.cpp:221] parsePacket(): could not receive data: 9
[ 18774][E][WiFiUdp.cpp:221] parsePacket(): could not receive data: 9
[ 18779][E][WiFiUdp.cpp:221] parsePacket(): could not receive data: 9
[ 18784][E][WiFiUdp.cpp:221] parsePacket(): could not receive data: 9
[ 18789][E][WiFiUdp.cpp:221] parsePacket(): could not receive data: 9
[ 18794][E][WiFiUdp.cpp:221] parsePacket(): could not receive data: 9
[ 18799][E][WiFiUdp.cpp:221] parsePacket(): could not receive data: 9
[ 18804][E][WiFiUdp.cpp:221] parsePacket(): could not receive data: 9
[ 18809][E][WiFiUdp.cpp:221] parsePacket(): could not receive data: 9
[ 18814][E][WiFiUdp.cpp:221] parsePacket(): could not receive data: 9
[ 18819][E][WiFiUdp.cpp:221] parsePacket(): could not receive data: 9
[ 18824][E][WiFiUdp.cpp:221] parsePacket(): could not receive data: 9
[ 18829][E][WiFiUdp.cpp:221] parsePacket(): could not receive data: 9
[ 18834][E][WiFiUdp.cpp:221] parsePacket(): could not receive data: 9
[ 18839][E][WiFiUdp.cpp:221] parsePacket(): could not receive data: 9
[ 18844][E][WiFiUdp.cpp:221] parsePacket(): could not receive data: 9
[ 18850][E][WiFiUdp.cpp:221] parsePacket(): could not receive data: 9
[ 18855][E][WiFiUdp.cpp:221] parsePacket(): could not receive data: 9
[ 18860][E][WiFiUdp.cpp:221] parsePacket(): could not receive data: 9
[ 18865][E][WiFiUdp.cpp:221] parsePacket(): could not receive data: 9
[ 18870][E][WiFiUdp.cpp:221] parsePacket(): could not receive data: 9
[ 18875][E][WiFiUdp.cpp:221] parsePacket(): could not receive data: 9
[ 18880][E][WiFiUdp.cpp:221] parsePacket(): could not receive data: 9
[ 18885][E][WiFiUdp.cpp:221] parsePacket(): could not receive data: 9
[ 18890][E][WiFiUdp.cpp:221] parsePacket(): could not receive data: 9
[ 18896][E][WiFiUdp.cpp:221] parsePacket(): could not receive data: 9
[ 18901][E][WiFiUdp.cpp:221] parsePacket(): could not receive data: 9
[ 18906][E][WiFiUdp.cpp:221] parsePacket(): could not receive data: 9
[ 18912][E][WiFiUdp.cpp:221] parsePacket(): could not receive data: 9
[ 18917][E][WiFiUdp.cpp:221] parsePacket(): could not receive data: 9
[ 18923][E][WiFiUdp.cpp:221] parsePacket(): could not receive data: 9
[ 18929][E][WiFiUdp.cpp:221] parsePacket(): could not receive data: 9
[ 18935][E][WiFiUdp.cpp:221] parsePacket(): could not receive data: 9
[ 18940][E][WiFiUdp.cpp:221] parsePacket(): could not receive data: 9
[ 18945][E][WiFiUdp.cpp:221] parsePacket(): could not receive data: 9
[ 18950][E][WiFiUdp.cpp:221] parsePacket(): could not receive data: 9
[ 18955][E][WiFiUdp.cpp:221] parsePacket(): could not receive data: 9
[ 18960][E][WiFiUdp.cpp:221] parsePacket(): could not receive data: 9
[ 18965][E][WiFiUdp.cpp:221] parsePacket(): could not receive data: 9
[ 18971][E][WiFiUdp.cpp:221] parsePacket(): could not receive data: 9
[ 18976][E][WiFiUdp.cpp:221] parsePacket(): could not receive data: 9
[ 18981][E][WiFiUdp.cpp:221] parsePacket(): could not receive data: 9
[ 18987][E][WiFiUdp.cpp:221] parsePacket(): could not receive data: 9
[ 18993][E][WiFiUdp.cpp:221] parsePacket(): could not receive data: 9
[ 18998][E][WiFiUdp.cpp:221] parsePacket(): could not receive data: 9
[ 19003][E][WiFiUdp.cpp:221] parsePacket(): could not receive data: 9
[ 19008][E][WiFiUdp.cpp:221] parsePacket(): could not receive data: 9
[ 19014][E][WiFiUdp.cpp:221] parsePacket(): could not receive data: 9
[ 19019][E][WiFiUdp.cpp:221] parsePacket(): could not receive data: 9
[ 19024][E][WiFiUdp.cpp:221] parsePacket(): could not receive data: 9
[ 19029][E][WiFiUdp.cpp:221] parsePacket(): could not receive data: 9
[ 19034][E][WiFiUdp.cpp:221] parsePacket(): could not receive data: 9
[ 19039][E][WiFiUdp.cpp:221] parsePacket(): could not receive data: 9
[ 19044][E][WiFiUdp.cpp:221] parsePacket(): could not receive data: 9
[ 19049][E][WiFiUdp.cpp:221] parsePacket(): could not receive data: 9
[ 19054][E][WiFiUdp.cpp:221] parsePacket(): could not receive data: 9
[ 19059][E][WiFiUdp.cpp:221] parsePacket(): could not receive data: 9
[ 19065][E][WiFiUdp.cpp:221] parsePacket(): could not receive data: 9
[ 19071][E][WiFiUdp.cpp:221] parsePacket(): could not receive data: 9
[ 19077][E][WiFiUdp.cpp:221] parsePacket(): could not receive data: 9
[ 19083][E][WiFiUdp.cpp:221] parsePacket(): could not receive data: 9
[ 19089][E][WiFiUdp.cpp:221] parsePacket(): could not receive data: 9
[ 19095][E][WiFiUdp.cpp:221] parsePacket(): could not receive data: 9
[ 19101][E][WiFiUdp.cpp:221] parsePacket(): could not receive data: 9
[ 19107][E][WiFiUdp.cpp:221] parsePacket(): could not receive data: 9
[ 19113][E][WiFiUdp.cpp:221] parsePacket(): could not receive data: 9
[ 19118][E][WiFiUdp.cpp:221] parsePacket(): could not receive data: 9
[ 19124][E][WiFiUdp.cpp:221] parsePacket(): could not receive data: 9
[ 19130][E][WiFiUdp.cpp:221] parsePacket(): could not receive data: 9
[ 19136][E][WiFiUdp.cpp:221] parsePacket(): could not receive data: 9
[ 19142][E][WiFiUdp.cpp:221] parsePacket(): could not receive data: 9
[ 19148][E][WiFiUdp.cpp:221] parsePacket(): could not receive data: 9
[ 19154][E][WiFiUdp.cpp:221] parsePacket(): could not receive data: 9
[ 19163][E][WiFiUdp.cpp:221] parsePacket(): could not receive data: 9
[ 19170][E][WiFiUdp.cpp:221] parsePacket(): could not receive data: 9
[ 19177][E][WiFiUdp.cpp:221] parsePacket(): could not receive data: 9
[ 19183][E][WiFiUdp.cpp:221] parsePacket(): could not receive data: 9
[ 19189][E][WiFiUdp.cpp:221] parsePacket(): could not receive data: 9
[ 19195][E][WiFiUdp.cpp:221] parsePacket(): could not receive data: 9
[ 19201][E][WiFiUdp.cpp:221] parsePacket(): could not receive data: 9
[ 19207][E][WiFiUdp.cpp:221] parsePacket(): could not receive data: 9
[ 19213][E][WiFiUdp.cpp:221] parsePacket(): could not receive data: 9
[ 19219][E][WiFiUdp.cpp:221] parsePacket(): could not receive data: 9
[ 19225][E][WiFiUdp.cpp:221] parsePacket(): could not receive data: 9
[ 19231][E][WiFiUdp.cpp:221] parsePacket(): could not receive data: 9
[ 19237][E][WiFiUdp.cpp:221] parsePacket(): could not receive data: 9
[ 19243][E][WiFiUdp.cpp:221] parsePacket(): could not receive data: 9
[ 19249][E][WiFiUdp.cpp:221] parsePacket(): could not receive data: 9
[ 19255][E][WiFiUdp.cpp:221] parsePacket(): could not receive data: 9
[ 19260][E][WiFiUdp.cpp:221] parsePacket(): could not receive data: 9
[ 19265][E][WiFiUdp.cpp:221] parsePacket(): could not receive data: 9
[ 19271][E][WiFiUdp.cpp:221] parsePacket(): could not receive data: 9
[ 19277][E][WiFiUdp.cpp:221] parsePacket(): could not receive data: 9
[ 19283][E][WiFiUdp.cpp:221] parsePacket(): could not receive data: 9
[ 19288][E][WiFiUdp.cpp:221] parsePacket(): could not receive data: 9
[ 19294][E][WiFiUdp.cpp:221] parsePacket(): could not receive data: 9
[ 19300][E][WiFiUdp.cpp:221] parsePacket(): could not receive data: 9
[ 19306][E][WiFiUdp.cpp:221] parsePacket(): could not receive data: 9
[ 19312][E][WiFiUdp.cpp:221] parsePacket(): could not receive data: 9
[ 19318][E][WiFiUdp.cpp:221] parsePacket(): could not receive data: 9
[ 19324][E][WiFiUdp.cpp:221] parsePacket(): could not receive data: 9
[ 19330][E][WiFiUdp.cpp:221] parsePacket(): could not receive data: 9
[ 19336][E][WiFiUdp.cpp:221] parsePacket(): could not receive data: 9
[ 19342][E][WiFiUdp.cpp:221] parsePacket(): could not receive data: 9
[ 19348][E][WiFiUdp.cpp:221] parsePacket(): could not receive data: 9
[ 19354][E][WiFiUdp.cpp:221] parsePacket(): could not receive data: 9
[ 19360][E][WiFiUdp.cpp:221] parsePacket(): could not receive data: 9
[ 19366][E][WiFiUdp.cpp:221] parsePacket(): could not receive data: 9
[ 19372][E][WiFiUdp.cpp:221] parsePacket(): could not receive data: 9
[ 19378][E][WiFiUdp.cpp:221] parsePacket(): could not receive data: 9
[ 19384][E][WiFiUdp.cpp:221] parsePacket(): could not receive data: 9
[ 19390][E][WiFiUdp.cpp:221] parsePacket(): could not receive data: 9
[ 19395][E][WiFiUdp.cpp:221] parsePacket(): could not receive data: 9
[ 19401][E][WiFiUdp.cpp:221] parsePacket(): could not receive data: 9
[ 19407][E][WiFiUdp.cpp:221] parsePacket(): could not receive data: 9
[ 19413][E][WiFiUdp.cpp:221] parsePacket(): could not receive data: 9
[ 19419][E][WiFiUdp.cpp:221] parsePacket(): could not receive data: 9
[ 19424][E][WiFiUdp.cpp:221] parsePacket(): could not receive data: 9
[ 19429][E][WiFiUdp.cpp:221] parsePacket(): could not receive data: 9
[ 19435][E][WiFiUdp.cpp:221] parsePacket(): could not receive data: 9
[ 19441][E][WiFiUdp.cpp:221] parsePacket(): could not receive data: 9
[ 19447][E][WiFiUdp.cpp:221] parsePacket(): could not receive data: 9
[ 19453][E][WiFiUdp.cpp:221] parsePacket(): could not receive data: 9
[ 19459][E][WiFiUdp.cpp:221] parsePacket(): could not receive data: 9
[ 19465][E][WiFiUdp.cpp:221] parsePacket(): could not receive data: 9
[ 19470][E][WiFiUdp.cpp:221] parsePacket(): could not receive data: 9
[ 19476][E][WiFiUdp.cpp:221] parsePacket(): could not receive data: 9
[ 19482][E][WiFiUdp.cpp:221] parsePacket(): could not receive data: 9
[ 19488][E][WiFiUdp.cpp:221] parsePacket(): could not receive data: 9
[ 19494][E][WiFiUdp.cpp:221] parsePacket(): could not receive data: 9
[ 19500][E][WiFiUdp.cpp:221] parsePacket(): could not receive data: 9
[ 19506][E][WiFiUdp.cpp:221] parsePacket(): could not receive data: 9
[ 19512][E][WiFiUdp.cpp:221] parsePacket(): could not receive data: 9
[ 19517][E][WiFiUdp.cpp:221] parsePacket(): could not receive data: 9
[ 19523][E][WiFiUdp.cpp:221] parsePacket(): could not receive data: 9
[ 19528][E][WiFiUdp.cpp:221] parsePacket(): could not receive data: 9
[ 19533][E][WiFiUdp.cpp:221] parsePacket(): could not receive data: 9
[ 19538][E][WiFiUdp.cpp:221] parsePacket(): could not receive data: 9
[ 19543][E][WiFiUdp.cpp:221] parsePacket(): could not receive data: 9
[ 19549][E][WiFiUdp.cpp:221] parsePacket(): could not receive data: 9
[ 19554][E][WiFiUdp.cpp:221] parsePacket(): could not receive data: 9
[ 19559][E][WiFiUdp.cpp:221] parsePacket(): could not receive data: 9
[ 19565][E][WiFiUdp.cpp:221] parsePacket(): could not receive data: 9
[ 19570][E][WiFiUdp.cpp:221] parsePacket(): could not receive data: 9
[ 19575][E][WiFiUdp.cpp:221] parsePacket(): could not receive data: 9
[ 19580][E][WiFiUdp.cpp:221] parsePacket(): could not receive data: 9
[ 19586][E][WiFiUdp.cpp:221] parsePacket(): could not receive data: 9
[ 19591][E][WiFiUdp.cpp:221] parsePacket(): could not receive data: 9
[ 19597][E][WiFiUdp.cpp:221] parsePacket(): could not receive data: 9
[ 19603][E][WiFiUdp.cpp:221] parsePacket(): could not receive data: 9
[ 19609][E][WiFiUdp.cpp:221] parsePacket(): could not receive data: 9
[ 19615][E][WiFiUdp.cpp:221] parsePacket(): could not receive data: 9
[ 19621][E][WiFiUdp.cpp:221] parsePacket(): could not receive data: 9
[ 19627][E][WiFiUdp.cpp:221] parsePacket(): could not receive data: 9
[ 19632][E][WiFiUdp.cpp:221] parsePacket(): could not receive data: 9
[ 19638][E][WiFiUdp.cpp:221] parsePacket(): could not receive data: 9
[ 19644][E][WiFiUdp.cpp:221] parsePacket(): could not receive data: 9
[ 19650][E][WiFiUdp.cpp:221] parsePacket(): could not receive data: 9
[ 19656][E][WiFiUdp.cpp:221] parsePacket(): could not receive data: 9
[ 19662][E][WiFiUdp.cpp:221] parsePacket(): could not receive data: 9
[ 19667][E][WiFiUdp.cpp:221] parsePacket(): could not receive data: 9
[ 19672][E][WiFiUdp.cpp:221] parsePacket(): could not receive data: 9
[ 19677][E][WiFiUdp.cpp:221] parsePacket(): could not receive data: 9
[ 19683][E][WiFiUdp.cpp:221] parsePacket(): could not receive data: 9
[ 19689][E][WiFiUdp.cpp:221] parsePacket(): could not receive data: 9
[ 19695][E][WiFiUdp.cpp:221] parsePacket(): could not receive data: 9
[ 19701][E][WiFiUdp.cpp:221] parsePacket(): could not receive data: 9
[ 19707][E][WiFiUdp.cpp:221] parsePacket(): could not receive data: 9
[ 19713][E][WiFiUdp.cpp:221] parsePacket(): could not receive data: 9
[ 19719][E][WiFiUdp.cpp:221] parsePacket(): could not receive data: 9
[ 19725][E][WiFiUdp.cpp:221] parsePacket(): could not receive data: 9
[ 19731][E][WiFiUdp.cpp:221] parsePacket(): could not receive data: 9
[ 19737][E][WiFiUdp.cpp:221] parsePacket(): could not receive data: 9
[ 19742][E][WiFiUdp.cpp:221] parsePacket(): could not receive data: 9
[ 19747][E][WiFiUdp.cpp:221] parsePacket(): could not receive data: 9
[ 19752][E][WiFiUdp.cpp:221] parsePacket(): could not receive data: 9
[ 19757][E][WiFiUdp.cpp:221] parsePacket(): could not receive data: 9
[ 19762][E][WiFiUdp.cpp:221] parsePacket(): could not receive data: 9
[ 19768][E][WiFiUdp.cpp:221] parsePacket(): could not receive data: 9
[ 19774][E][WiFiUdp.cpp:221] parsePacket(): could not receive data: 9
[ 19779][E][WiFiUdp.cpp:221] parsePacket(): could not receive data: 9
[ 19784][E][WiFiUdp.cpp:221] parsePacket(): could not receive data: 9
[ 19789][E][WiFiUdp.cpp:221] parsePacket(): could not receive data: 9
[ 19795][E][WiFiUdp.cpp:221] parsePacket(): could not receive data: 9
[ 19800][E][WiFiUdp.cpp:221] parsePacket(): could not receive data: 9
[ 19805][E][WiFiUdp.cpp:221] parsePacket(): could not receive data: 9
[ 19810][E][WiFiUdp.cpp:221] parsePacket(): could not receive data: 9
[ 19815][E][WiFiUdp.cpp:221] parsePacket(): could not receive data: 9
[ 19820][E][WiFiUdp.cpp:221] parsePacket(): could not receive data: 9
[ 19825][E][WiFiUdp.cpp:221] parsePacket(): could not receive data: 9
[ 19830][E][WiFiUdp.cpp:221] parsePacket(): could not receive data: 9
[ 19836][E][WiFiUdp.cpp:221] parsePacket(): could not receive data: 9
[ 19842][E][WiFiUdp.cpp:221] parsePacket(): could not receive data: 9
[ 19848][E][WiFiUdp.cpp:221] parsePacket(): could not receive data: 9
[ 19854][E][WiFiUdp.cpp:221] parsePacket(): could not receive data: 9
[ 19860][E][WiFiUdp.cpp:221] parsePacket(): could not receive data: 9
[ 19866][E][WiFiUdp.cpp:221] parsePacket(): could not receive data: 9
[ 19872][E][WiFiUdp.cpp:221] parsePacket(): could not receive data: 9
[ 19878][E][WiFiUdp.cpp:221] parsePacket(): could not receive data: 9
[ 19884][E][WiFiUdp.cpp:221] parsePacket(): could not receive data: 9
[ 19890][E][WiFiUdp.cpp:221] parsePacket(): could not receive data: 9
[ 19896][E][WiFiUdp.cpp:221] parsePacket(): could not receive data: 9
[ 19902][E][WiFiUdp.cpp:221] parsePacket(): could not receive data: 9
[ 19908][E][WiFiUdp.cpp:221] parsePacket(): could not receive data: 9
[ 19914][E][WiFiUdp.cpp:221] parsePacket(): could not receive data: 9
[ 19920][E][WiFiUdp.cpp:221] parsePacket(): could not receive data: 9
[ 19926][E][WiFiUdp.cpp:221] parsePacket(): could not receive data: 9
[CON ]...accept() fd=50 free=133352
[CON ]...Client authenticated on port 2323. free heap=129732
-[ 19934][E][WiFiUdp.cpp:221] parsePacket(): could not receive data: 9
-[ 19940][E][WiFiUdp.cpp:221] parsePacket(): could not receive data: 9
i[ 19946][E][WiFiUdp.cpp:221] parsePacket(): could not receive data: 9
n[ 19952][E][WiFiUdp.cpp:221] parsePacket(): could not receive data: 9
f[ 19958][E][WiFiUdp.cpp:221] parsePacket(): could not receive data: 9
o[ 19964][E][WiFiUdp.cpp:221] parsePacket(): could not receive data: 9
[ 19970][E][WiFiUdp.cpp:221] parsePacket(): could not receive data: 9

--MeshCom 4.35t (build: Sep 26 2026 / 22:39:03)
...UPDATE: 
...Call: <XX0XXX-00> ...ID 00000000 ...NODE 39 <EBYTE_E22> ...UTC-OFF 1.000000 [CPU]
...BATT 4.10 V ...BATT 85 % ...MAXV 4.200 V
...TIME 19983 ms
...Flash-Version 20260724
...NOMSGALL off ...MESH off ...BUTTON (12) off ...SOFTSER off ... SOFTSERREAD off
...PASSWD <>
...DEBUG man ...DEBUG en
...DEBUG off ...LORADEBUG off ...GPSDEBUG off/0 ...SOFTSERDEBUG off
...WXDEBUG off ...BLEDEBUG off
...DisplayInfo off ...DisplayCont off ...DisplyLog off ...contrast 255 ...ackinfo off
...EXTUDP off ...EXT IP none ...NOPMOTHER off
...BTCODE 000000
...APRSMC: APRSMC
...ATXT: 
...NAME: 
...BLE : short
...DISPLAY on
...CTRY EU8
...FREQ 433.1750 MHz TXPWR 17 dBm RXBOOST off
...MAXHOP text 4 / pos 2

...Webserver  on / Webpwd <> / Gateway off 
...NETConsole on (port 2323)
...KISS/TCP   off / TX off / RxMeta off / Auth off
...WIFI-AP    off
...SSID <none> / PASSWORD <***>
...NETWORK Mode:WiFi
...hasIpAddress: yes
...IP address   : 10.0.2.15
...SUBNET-MASK  : 255.255.255.0
...GW address   : 10.0.2.5
...DNS address  : 
...UDP-HBeat : 19994
[ 19995][E][WiFiUdp.cpp:221] parsePacket(): could not receive data: 9
[CON ]...Client disconnected. free heap=135108
[ 20002][E][WiFiUdp.cpp:221] parsePacket(): could not receive data: 9
[ 20008][E][WiFiUdp.cpp:221] parsePacket(): could not receive data: 9
[ 20013][E][WiFiUdp.cpp:221] parsePacket(): could not receive data: 9
[ 20019][E][WiFiUdp.cpp:221] parsePacket(): could not receive data: 9
[ 20025][E][WiFiUdp.cpp:221] parsePacket(): could not receive data: 9
[ 20031][E][WiFiUdp.cpp:221] parsePacket(): could not receive data: 9
[ 20037][E][WiFiUdp.cpp:221] parsePacket(): could not receive data: 9
[ 20042][E][WiFiUdp.cpp:221] parsePacket(): could not receive data: 9
[ 20048][E][WiFiUdp.cpp:221] parsePacket(): could not receive data: 9
[ 20054][E][WiFiUdp.cpp:221] parsePacket(): could not receive data: 9
[ 20060][E][WiFiUdp.cpp:221] parsePacket(): could not receive data: 9
[ 20066][E][WiFiUdp.cpp:221] parsePacket(): could not receive data: 9
[ 20072][E][WiFiUdp.cpp:221] parsePacket(): could not receive data: 9
[ 20078][E][WiFiUdp.cpp:221] parsePacket(): could not receive data: 9
[ 20084][E][WiFiUdp.cpp:221] parsePacket(): could not receive data: 9
[ 20090][E][WiFiUdp.cpp:221] parsePacket(): could not receive data: 9
[ 20096][E][WiFiUdp.cpp:221] parsePacket(): could not receive data: 9
[ 20102][E][WiFiUdp.cpp:221] parsePacket(): could not receive data: 9
[ 20108][E][WiFiUdp.cpp:221] parsePacket(): could not receive data: 9
[ 20114][E][WiFiUdp.cpp:221] parsePacket(): could not receive data: 9
[ 20120][E][WiFiUdp.cpp:221] parsePacket(): could not receive data: 9
[ 20126][E][WiFiUdp.cpp:221] parsePacket(): could not receive data: 9
[ 20132][E][WiFiUdp.cpp:221] parsePacket(): could not receive data: 9
[ 20138][E][WiFiUdp.cpp:221] parsePacket(): could not receive data: 9
[ 20144][E][WiFiUdp.cpp:221] parsePacket(): could not receive data: 9
[ 20150][E][WiFiUdp.cpp:221] parsePacket(): could not receive data: 9
[ 20156][E][WiFiUdp.cpp:221] parsePacket(): could not receive data: 9
[ 20162][E][WiFiUdp.cpp:221] parsePacket(): could not receive data: 9
[ 20168][E][WiFiUdp.cpp:221] parsePacket(): could not receive data: 9
[ 20174][E][WiFiUdp.cpp:221] parsePacket(): could not receive data: 9
[ 20180][E][WiFiUdp.cpp:221] parsePacket(): could not receive data: 9
[ 20186][E][WiFiUdp.cpp:221] parsePacket(): could not receive data: 9
[ 20192][E][WiFiUdp.cpp:221] parsePacket(): could not receive data: 9
[ 20198][E][WiFiUdp.cpp:221] parsePacket(): could not receive data: 9
[ 20204][E][WiFiUdp.cpp:221] parsePacket(): could not receive data: 9
[ 20210][E][WiFiUdp.cpp:221] parsePacket(): could not receive data: 9
[ 20216][E][WiFiUdp.cpp:221] parsePacket(): could not receive data: 9
[ 20222][E][WiFiUdp.cpp:221] parsePacket(): could not receive data: 9
[ 20228][E][WiFiUdp.cpp:221] parsePacket(): could not receive data: 9
[ 20234][E][WiFiUdp.cpp:221] parsePacket(): could not receive data: 9
[ 20240][E][WiFiUdp.cpp:221] parsePacket(): could not receive data: 9
[ 20246][E][WiFiUdp.cpp:221] parsePacket(): could not receive data: 9
[ 20252][E][WiFiUdp.cpp:221] parsePacket(): could not receive data: 9
[ 20258][E][WiFiUdp.cpp:221] parsePacket(): could not receive data: 9
[ 20264][E][WiFiUdp.cpp:221] parsePacket(): could not receive data: 9
[ 20270][E][WiFiUdp.cpp:221] parsePacket(): could not receive data: 9
[ 20276][E][WiFiUdp.cpp:221] parsePacket(): could not receive data: 9
[ 20282][E][WiFiUdp.cpp:221] parsePacket(): could not receive data: 9
[ 20288][E][WiFiUdp.cpp:221] parsePacket(): could not receive data: 9
[ 20294][E][WiFiUdp.cpp:221] parsePacket(): could not receive data: 9
[ 20300][E][WiFiUdp.cpp:221] parsePacket(): could not receive data: 9
[ 20306][E][WiFiUdp.cpp:221] parsePacket(): could not receive data: 9
[ 20312][E][WiFiUdp.cpp:221] parsePacket(): could not receive data: 9
[ 20318][E][WiFiUdp.cpp:221] parsePacket(): could not receive data: 9
[ 20324][E][WiFiUdp.cpp:221] parsePacket(): could not receive data: 9
[ 20330][E][WiFiUdp.cpp:221] parsePacket(): could not receive data: 9
[ 20336][E][WiFiUdp.cpp:221] parsePacket(): could not receive data: 9
[ 20342][E][WiFiUdp.cpp:221] parsePacket(): could not receive data: 9
[ 20348][E][WiFiUdp.cpp:221] parsePacket(): could not receive data: 9
[ 20354][E][WiFiUdp.cpp:221] parsePacket(): could not receive data: 9
[ 20360][E][WiFiUdp.cpp:221] parsePacket(): could not receive data: 9
[ 20366][E][WiFiUdp.cpp:221] parsePacket(): could not receive data: 9
[ 20372][E][WiFiUdp.cpp:221] parsePacket(): could not receive data: 9
[ 20378][E][WiFiUdp.cpp:221] parsePacket(): could not receive data: 9
[ 20384][E][WiFiUdp.cpp:221] parsePacket(): could not receive data: 9
[ 20390][E][WiFiUdp.cpp:221] parsePacket(): could not receive data: 9
[ 20396][E][WiFiUdp.cpp:221] parsePacket(): could not receive data: 9
[ 20402][E][WiFiUdp.cpp:221] parsePacket(): could not receive data: 9
[CON ]...accept() fd=50 free=133076
[CON ]...Client authenticated on port 2323. free heap=127856
-[ 20408][E][WiFiUdp.cpp:221] parsePacket(): could not receive data: 9
-[ 20414][E][WiFiUdp.cpp:221] parsePacket(): could not receive data: 9
i[ 20420][E][WiFiUdp.cpp:221] parsePacket(): could not receive data: 9
n[ 20426][E][WiFiUdp.cpp:221] parsePacket(): could not receive data: 9
f[ 20432][E][WiFiUdp.cpp:221] parsePacket(): could not receive data: 9
o[ 20438][E][WiFiUdp.cpp:221] parsePacket(): could not receive data: 9
[ 20444][E][WiFiUdp.cpp:221] parsePacket(): could not receive data: 9

--MeshCom 4.35t (build: Sep 26 2026 / 22:39:03)
...UPDATE: 
...Call: <XX0XXX-00> ...ID 00000000 ...NODE 39 <EBYTE_E22> ...UTC-OFF 1.000000 [CPU]
...BATT 4.10 V ...BATT 85 % ...MAXV 4.200 V
...TIME 20451 ms
...Flash-Version 20260724
...NOMSGALL off ...MESH off ...BUTTON (12) off ...SOFTSER off ... SOFTSERREAD off
...PASSWD <>
...DEBUG man ...DEBUG en
...DEBUG off ...LORADEBUG off ...GPSDEBUG off/0 ...SOFTSERDEBUG off
...WXDEBUG off ...BLEDEBUG off
...DisplayInfo off ...DisplayCont off ...DisplyLog off ...contrast 255 ...ackinfo off
...EXTUDP off ...EXT IP none ...NOPMOTHER off
...BTCODE 000000
...APRSMC: APRSMC
...ATXT: 
...NAME: 
...BLE : short
...DISPLAY on
...CTRY EU8
...FREQ 433.1750 MHz TXPWR 17 dBm RXBOOST off
...MAXHOP text 4 / pos 2

...Webserver  on / Webpwd <> / Gateway off 
...NETConsole on (port 2323)
...KISS/TCP   off / TX off / RxMeta off / Auth off
...WIFI-AP    off
...SSID <none> / PASSWORD <***>
...NETWORK Mode:WiFi
...hasIpAddress: yes
...IP address   : 10.0.2.15
...SUBNET-MASK  : 255.255.255.0
...GW address   : 10.0.2.5
...DNS address  : 
...UDP-HBeat : 20463
[ 20463][E][WiFiUdp.cpp:221] parsePacket(): could not receive data: 9
[ 20469][E][WiFiUdp.cpp:221] parsePacket(): could not receive data: 9
[ 20475][E][WiFiUdp.cpp:221] parsePacket(): could not receive data: 9
[ 20481][E][WiFiUdp.cpp:221] parsePacket(): could not receive data: 9
[ 20487][E][WiFiUdp.cpp:221] parsePacket(): could not receive data: 9
[ 20493][E][WiFiUdp.cpp:221] parsePacket(): could not receive data: 9
[ 20499][E][WiFiUdp.cpp:221] parsePacket(): could not receive data: 9
[ 20505][E][WiFiUdp.cpp:221] parsePacket(): could not receive data: 9
[ 20511][E][WiFiUdp.cpp:221] parsePacket(): could not receive data: 9
[ 20517][E][WiFiUdp.cpp:221] parsePacket(): could not receive data: 9
[ 20522][E][WiFiUdp.cpp:221] parsePacket(): could not receive data: 9
[ 20528][E][WiFiUdp.cpp:221] parsePacket(): could not receive data: 9
[ 20534][E][WiFiUdp.cpp:221] parsePacket(): could not receive data: 9
[ 20540][E][WiFiUdp.cpp:221] parsePacket(): could not receive data: 9
[ 20546][E][WiFiUdp.cpp:221] parsePacket(): could not receive data: 9
[ 20552][E][WiFiUdp.cpp:221] parsePacket(): could not receive data: 9
[ 20558][E][WiFiUdp.cpp:221] parsePacket(): could not receive data: 9
[ 20564][E][WiFiUdp.cpp:221] parsePacket(): could not receive data: 9
[ 20570][E][WiFiUdp.cpp:221] parsePacket(): could not receive data: 9
[ 20576][E][WiFiUdp.cpp:221] parsePacket(): could not receive data: 9
[ 20582][E][WiFiUdp.cpp:221] parsePacket(): could not receive data: 9
[ 20588][E][WiFiUdp.cpp:221] parsePacket(): could not receive data: 9
[ 20593][E][WiFiUdp.cpp:221] parsePacket(): could not receive data: 9
[ 20598][E][WiFiUdp.cpp:221] parsePacket(): could not receive data: 9
[ 20603][E][WiFiUdp.cpp:221] parsePacket(): could not receive data: 9
[ 20608][E][WiFiUdp.cpp:221] parsePacket(): could not receive data: 9
[ 20614][E][WiFiUdp.cpp:221] parsePacket(): could not receive data: 9
[ 20620][E][WiFiUdp.cpp:221] parsePacket(): could not receive data: 9
[ 20626][E][WiFiUdp.cpp:221] parsePacket(): could not receive data: 9
[ 20632][E][WiFiUdp.cpp:221] parsePacket(): could not receive data: 9
[ 20637][E][WiFiUdp.cpp:221] parsePacket(): could not receive data: 9
[ 20642][E][WiFiUdp.cpp:221] parsePacket(): could not receive data: 9
[ 20647][E][WiFiUdp.cpp:221] parsePacket(): could not receive data: 9
[ 20653][E][WiFiUdp.cpp:221] parsePacket(): could not receive data: 9
[ 20659][E][WiFiUdp.cpp:221] parsePacket(): could not receive data: 9
[ 20665][E][WiFiUdp.cpp:221] parsePacket(): could not receive data: 9
[ 20670][E][WiFiUdp.cpp:221] parsePacket(): could not receive data: 9
[ 20675][E][WiFiUdp.cpp:221] parsePacket(): could not receive data: 9
[ 20681][E][WiFiUdp.cpp:221] parsePacket(): could not receive data: 9
[ 20686][E][WiFiUdp.cpp:221] parsePacket(): could not receive data: 9
[ 20692][E][WiFiUdp.cpp:221] parsePacket(): could not receive data: 9
[ 20698][E][WiFiUdp.cpp:221] parsePacket(): could not receive data: 9
[ 20704][E][WiFiUdp.cpp:221] parsePacket(): could not receive data: 9
[ 20709][E][WiFiUdp.cpp:221] parsePacket(): could not receive data: 9
[ 20714][E][WiFiUdp.cpp:221] parsePacket(): could not receive data: 9
[ 20719][E][WiFiUdp.cpp:221] parsePacket(): could not receive data: 9
[ 20724][E][WiFiUdp.cpp:221] parsePacket(): could not receive data: 9
[ 20730][E][WiFiUdp.cpp:221] parsePacket(): could not receive data: 9
[ 20736][E][WiFiUdp.cpp:221] parsePacket(): could not receive data: 9
[ 20742][E][WiFiUdp.cpp:221] parsePacket(): could not receive data: 9
[ 20748][E][WiFiUdp.cpp:221] parsePacket(): could not receive data: 9
[ 20754][E][WiFiUdp.cpp:221] parsePacket(): could not receive data: 9
[ 20760][E][WiFiUdp.cpp:221] parsePacket(): could not receive data: 9
[ 20766][E][WiFiUdp.cpp:221] parsePacket(): could not receive data: 9
[ 20772][E][WiFiUdp.cpp:221] parsePacket(): could not receive data: 9
[ 20778][E][WiFiUdp.cpp:221] parsePacket(): could not receive data: 9
[ 20784][E][WiFiUdp.cpp:221] parsePacket(): could not receive data: 9
[ 20790][E][WiFiUdp.cpp:221] parsePacket(): could not receive data: 9
[ 20796][E][WiFiUdp.cpp:221] parsePacket(): could not receive data: 9
[ 20802][E][WiFiUdp.cpp:221] parsePacket(): could not receive data: 9
[ 20808][E][WiFiUdp.cpp:221] parsePacket(): could not receive data: 9
[ 20814][E][WiFiUdp.cpp:221] parsePacket(): could not receive data: 9
[ 20820][E][WiFiUdp.cpp:221] parsePacket(): could not receive data: 9
[ 20826][E][WiFiUdp.cpp:221] parsePacket(): could not receive data: 9
[ 20832][E][WiFiUdp.cpp:221] parsePacket(): could not receive data: 9
[ 20838][E][WiFiUdp.cpp:221] parsePacket(): could not receive data: 9
[ 20844][E][WiFiUdp.cpp:221] parsePacket(): could not receive data: 9
[ 20850][E][WiFiUdp.cpp:221] parsePacket(): could not receive data: 9
[ 20856][E][WiFiUdp.cpp:221] parsePacket(): could not receive data: 9
[ 20862][E][WiFiUdp.cpp:221] parsePacket(): could not receive data: 9
[ 20868][E][WiFiUdp.cpp:221] parsePacket(): could not receive data: 9
[ 20874][E][WiFiUdp.cpp:221] parsePacket(): could not receive data: 9
[ 20880][E][WiFiUdp.cpp:221] parsePacket(): could not receive data: 9
[ 20886][E][WiFiUdp.cpp:221] parsePacket(): could not receive data: 9
[ 20892][E][WiFiUdp.cpp:221] parsePacket(): could not receive data: 9
[ 20898][E][WiFiUdp.cpp:221] parsePacket(): could not receive data: 9
[ 20904][E][WiFiUdp.cpp:221] parsePacket(): could not receive data: 9
[ 20910][E][WiFiUdp.cpp:221] parsePacket(): could not receive data: 9
[ 20916][E][WiFiUdp.cpp:221] parsePacket(): could not receive data: 9
[ 20922][E][WiFiUdp.cpp:221] parsePacket(): could not receive data: 9
[ 20928][E][WiFiUdp.cpp:221] parsePacket(): could not receive data: 9
[ 20934][E][WiFiUdp.cpp:221] parsePacket(): could not receive data: 9
[ 20940][E][WiFiUdp.cpp:221] parsePacket(): could not receive data: 9
[ 20946][E][WiFiUdp.cpp:221] parsePacket(): could not receive data: 9
[ 20952][E][WiFiUdp.cpp:221] parsePacket(): could not receive data: 9
[ 20958][E][WiFiUdp.cpp:221] parsePacket(): could not receive data: 9
[ 20964][E][WiFiUdp.cpp:221] parsePacket(): could not receive data: 9
[ 20970][E][WiFiUdp.cpp:221] parsePacket(): could not receive data: 9
[ 20976][E][WiFiUdp.cpp:221] parsePacket(): could not receive data: 9
[ 20982][E][WiFiUdp.cpp:221] parsePacket(): could not receive data: 9
[ 20988][E][WiFiUdp.cpp:221] parsePacket(): could not receive data: 9
[ 20994][E][WiFiUdp.cpp:221] parsePacket(): could not receive data: 9
[ 21000][E][WiFiUdp.cpp:221] parsePacket(): could not receive data: 9
[ 21006][E][WiFiUdp.cpp:221] parsePacket(): could not receive data: 9
[ 21012][E][WiFiUdp.cpp:221] parsePacket(): could not receive data: 9
[ 21018][E][WiFiUdp.cpp:221] parsePacket(): could not receive data: 9
[ 21024][E][WiFiUdp.cpp:221] parsePacket(): could not receive data: 9
[ 21030][E][WiFiUdp.cpp:221] parsePacket(): could not receive data: 9
[ 21036][E][WiFiUdp.cpp:221] parsePacket(): could not receive data: 9
[ 21042][E][WiFiUdp.cpp:221] parsePacket(): could not receive data: 9
[ 21048][E][WiFiUdp.cpp:221] parsePacket(): could not receive data: 9
[ 21054][E][WiFiUdp.cpp:221] parsePacket(): could not receive data: 9
[ 21060][E][WiFiUdp.cpp:221] parsePacket(): could not receive data: 9
[ 21066][E][WiFiUdp.cpp:221] parsePacket(): could not receive data: 9
[ 21072][E][WiFiUdp.cpp:221] parsePacket(): could not receive data: 9
[ 21078][E][WiFiUdp.cpp:221] parsePacket(): could not receive data: 9
[ 21084][E][WiFiUdp.cpp:221] parsePacket(): could not receive data: 9
[ 21090][E][WiFiUdp.cpp:221] parsePacket(): could not receive data: 9
[ 21096][E][WiFiUdp.cpp:221] parsePacket(): could not receive data: 9
[ 21102][E][WiFiUdp.cpp:221] parsePacket(): could not receive data: 9
[ 21108][E][WiFiUdp.cpp:221] parsePacket(): could not receive data: 9
[ 21114][E][WiFiUdp.cpp:221] parsePacket(): could not receive data: 9
[ 21120][E][WiFiUdp.cpp:221] parsePacket(): could not receive data: 9
[ 21126][E][WiFiUdp.cpp:221] parsePacket(): could not receive data: 9
[ 21132][E][WiFiUdp.cpp:221] parsePacket(): could not receive data: 9
[ 21138][E][WiFiUdp.cpp:221] parsePacket(): could not receive data: 9
[ 21144][E][WiFiUdp.cpp:221] parsePacket(): could not receive data: 9
[ 21150][E][WiFiUdp.cpp:221] parsePacket(): could not receive data: 9
[ 21156][E][WiFiUdp.cpp:221] parsePacket(): could not receive data: 9
[ 21162][E][WiFiUdp.cpp:221] parsePacket(): could not receive data: 9
[ 21168][E][WiFiUdp.cpp:221] parsePacket(): could not receive data: 9
[ 21174][E][WiFiUdp.cpp:221] parsePacket(): could not receive data: 9
[ 21181][E][WiFiUdp.cpp:221] parsePacket(): could not receive data: 9
[ 21188][E][WiFiUdp.cpp:221] parsePacket(): could not receive data: 9
[ 21195][E][WiFiUdp.cpp:221] parsePacket(): could not receive data: 9
[ 21201][E][WiFiUdp.cpp:221] parsePacket(): could not receive data: 9
[ 21207][E][WiFiUdp.cpp:221] parsePacket(): could not receive data: 9
[ 21213][E][WiFiUdp.cpp:221] parsePacket(): could not receive data: 9
[ 21219][E][WiFiUdp.cpp:221] parsePacket(): could not receive data: 9
[ 21225][E][WiFiUdp.cpp:221] parsePacket(): could not receive data: 9
[ 21231][E][WiFiUdp.cpp:221] parsePacket(): could not receive data: 9
[ 21237][E][WiFiUdp.cpp:221] parsePacket(): could not receive data: 9
[ 21243][E][WiFiUdp.cpp:221] parsePacket(): could not receive data: 9
[ 21249][E][WiFiUdp.cpp:221] parsePacket(): could not receive data: 9
[ 21255][E][WiFiUdp.cpp:221] parsePacket(): could not receive data: 9
[ 21261][E][WiFiUdp.cpp:221] parsePacket(): could not receive data: 9
[ 21267][E][WiFiUdp.cpp:221] parsePacket(): could not receive data: 9
[ 21273][E][WiFiUdp.cpp:221] parsePacket(): could not receive data: 9
[ 21279][E][WiFiUdp.cpp:221] parsePacket(): could not receive data: 9
[ 21285][E][WiFiUdp.cpp:221] parsePacket(): could not receive data: 9
[ 21291][E][WiFiUdp.cpp:221] parsePacket(): could not receive data: 9
[ 21297][E][WiFiUdp.cpp:221] parsePacket(): could not receive data: 9
[ 21303][E][WiFiUdp.cpp:221] parsePacket(): could not receive data: 9
[ 21309][E][WiFiUdp.cpp:221] parsePacket(): could not receive data: 9
[ 21315][E][WiFiUdp.cpp:221] parsePacket(): could not receive data: 9
[ 21321][E][WiFiUdp.cpp:221] parsePacket(): could not receive data: 9
[ 21327][E][WiFiUdp.cpp:221] parsePacket(): could not receive data: 9
[ 21333][E][WiFiUdp.cpp:221] parsePacket(): could not receive data: 9
[ 21339][E][WiFiUdp.cpp:221] parsePacket(): could not receive data: 9
[ 21348][E][WiFiUdp.cpp:221] parsePacket(): could not receive data: 9
[ 21354][E][WiFiUdp.cpp:221] parsePacket(): could not receive data: 9
[ 21360][E][WiFiUdp.cpp:221] parsePacket(): could not receive data: 9
[ 21366][E][WiFiUdp.cpp:221] parsePacket(): could not receive data: 9
[ 21372][E][WiFiUdp.cpp:221] parsePacket(): could not receive data: 9
[ 21378][E][WiFiUdp.cpp:221] parsePacket(): could not receive data: 9
[ 21384][E][WiFiUdp.cpp:221] parsePacket(): could not receive data: 9
[ 21390][E][WiFiUdp.cpp:221] parsePacket(): could not receive data: 9
[ 21396][E][WiFiUdp.cpp:221] parsePacket(): could not receive data: 9
[ 21402][E][WiFiUdp.cpp:221] parsePacket(): could not receive data: 9
[ 21408][E][WiFiUdp.cpp:221] parsePacket(): could not receive data: 9
[ 21414][E][WiFiUdp.cpp:221] parsePacket(): could not receive data: 9
[ 21420][E][WiFiUdp.cpp:221] parsePacket(): could not receive data: 9
[ 21426][E][WiFiUdp.cpp:221] parsePacket(): could not receive data: 9
[ 21432][E][WiFiUdp.cpp:221] parsePacket(): could not receive data: 9
[ 21438][E][WiFiUdp.cpp:221] parsePacket(): could not receive data: 9
[ 21444][E][WiFiUdp.cpp:221] parsePacket(): could not receive data: 9
[ 21450][E][WiFiUdp.cpp:221] parsePacket(): could not receive data: 9
[ 21456][E][WiFiUdp.cpp:221] parsePacket(): could not receive data: 9
[ 21462][E][WiFiUdp.cpp:221] parsePacket(): could not receive data: 9
[ 21468][E][WiFiUdp.cpp:221] parsePacket(): could not receive data: 9
[ 21474][E][WiFiUdp.cpp:221] parsePacket(): could not receive data: 9
[ 21480][E][WiFiUdp.cpp:221] parsePacket(): could not receive data: 9
[ 21489][E][WiFiUdp.cpp:221] parsePacket(): could not receive data: 9
[ 21495][E][WiFiUdp.cpp:221] parsePacket(): could not receive data: 9
[ 21501][E][WiFiUdp.cpp:221] parsePacket(): could not receive data: 9
[ 21507][E][WiFiUdp.cpp:221] parsePacket(): could not receive data: 9
[ 21513][E][WiFiUdp.cpp:221] parsePacket(): could not receive data: 9
[ 21519][E][WiFiUdp.cpp:221] parsePacket(): could not receive data: 9
[ 21525][E][WiFiUdp.cpp:221] parsePacket(): could not receive data: 9
[ 21531][E][WiFiUdp.cpp:221] parsePacket(): could not receive data: 9
[ 21537][E][WiFiUdp.cpp:221] parsePacket(): could not receive data: 9
[ 21543][E][WiFiUdp.cpp:221] parsePacket(): could not receive data: 9
[ 21549][E][WiFiUdp.cpp:221] parsePacket(): could not receive data: 9
[ 21555][E][WiFiUdp.cpp:221] parsePacket(): could not receive data: 9
[ 21561][E][WiFiUdp.cpp:221] parsePacket(): could not receive data: 9
[ 21567][E][WiFiUdp.cpp:221] parsePacket(): could not receive data: 9
[ 21572][E][WiFiUdp.cpp:221] parsePacket(): could not receive data: 9
[ 21577][E][WiFiUdp.cpp:221] parsePacket(): could not receive data: 9
[ 21583][E][WiFiUdp.cpp:221] parsePacket(): could not receive data: 9
[ 21589][E][WiFiUdp.cpp:221] parsePacket(): could not receive data: 9
[ 21595][E][WiFiUdp.cpp:221] parsePacket(): could not receive data: 9
[ 21601][E][WiFiUdp.cpp:221] parsePacket(): could not receive data: 9
[ 21607][E][WiFiUdp.cpp:221] parsePacket(): could not receive data: 9
[ 21613][E][WiFiUdp.cpp:221] parsePacket(): could not receive data: 9
[ 21619][E][WiFiUdp.cpp:221] parsePacket(): could not receive data: 9
[ 21625][E][WiFiUdp.cpp:221] parsePacket(): could not receive data: 9
[ 21631][E][WiFiUdp.cpp:221] parsePacket(): could not receive data: 9
[ 21637][E][WiFiUdp.cpp:221] parsePacket(): could not receive data: 9
[ 21643][E][WiFiUdp.cpp:221] parsePacket(): could not receive data: 9
[ 21648][E][WiFiUdp.cpp:221] parsePacket(): could not receive data: 9
[ 21655][E][WiFiUdp.cpp:221] parsePacket(): could not receive data: 9
[ 21665][E][WiFiUdp.cpp:221] parsePacket(): could not receive data: 9
[ 21670][E][WiFiUdp.cpp:221] parsePacket(): could not receive data: 9
[ 21675][E][WiFiUdp.cpp:221] parsePacket(): could not receive data: 9
[ 21681][E][WiFiUdp.cpp:221] parsePacket(): could not receive data: 9
[ 21687][E][WiFiUdp.cpp:221] parsePacket(): could not receive data: 9
[ 21692][E][WiFiUdp.cpp:221] parsePacket(): could not receive data: 9
[ 21697][E][WiFiUdp.cpp:221] parsePacket(): could not receive data: 9
[ 21702][E][WiFiUdp.cpp:221] parsePacket(): could not receive data: 9
[ 21708][E][WiFiUdp.cpp:221] parsePacket(): could not receive data: 9
[ 21713][E][WiFiUdp.cpp:221] parsePacket(): could not receive data: 9
[ 21718][E][WiFiUdp.cpp:221] parsePacket(): could not receive data: 9
[ 21723][E][WiFiUdp.cpp:221] parsePacket(): could not receive data: 9
[ 21728][E][WiFiUdp.cpp:221] parsePacket(): could not receive data: 9
[ 21733][E][WiFiUdp.cpp:221] parsePacket(): could not receive data: 9
[ 21738][E][WiFiUdp.cpp:221] parsePacket(): could not receive data: 9
[ 21743][E][WiFiUdp.cpp:221] parsePacket(): could not receive data: 9
[ 21748][E][WiFiUdp.cpp:221] parsePacket(): could not receive data: 9
[ 21753][E][WiFiUdp.cpp:221] parsePacket(): could not receive data: 9
[ 21758][E][WiFiUdp.cpp:221] parsePacket(): could not receive data: 9
[ 21763][E][WiFiUdp.cpp:221] parsePacket(): could not receive data: 9
[ 21768][E][WiFiUdp.cpp:221] parsePacket(): could not receive data: 9
[ 21773][E][WiFiUdp.cpp:221] parsePacket(): could not receive data: 9
[ 21778][E][WiFiUdp.cpp:221] parsePacket(): could not receive data: 9
[ 21783][E][WiFiUdp.cpp:221] parsePacket(): could not receive data: 9
[ 21788][E][WiFiUdp.cpp:221] parsePacket(): could not receive data: 9
[ 21793][E][WiFiUdp.cpp:221] parsePacket(): could not receive data: 9
[ 21798][E][WiFiUdp.cpp:221] parsePacket(): could not receive data: 9
[ 21803][E][WiFiUdp.cpp:221] parsePacket(): could not receive data: 9
[ 21808][E][WiFiUdp.cpp:221] parsePacket(): could not receive data: 9
[ 21815][E][WiFiUdp.cpp:221] parsePacket(): could not receive data: 9
[ 21820][E][WiFiUdp.cpp:221] parsePacket(): could not receive data: 9
[ 21825][E][WiFiUdp.cpp:221] parsePacket(): could not receive data: 9
[ 21830][E][WiFiUdp.cpp:221] parsePacket(): could not receive data: 9
[ 21835][E][WiFiUdp.cpp:221] parsePacket(): could not receive data: 9
[ 21840][E][WiFiUdp.cpp:221] parsePacket(): could not receive data: 9
[ 21845][E][WiFiUdp.cpp:221] parsePacket(): could not receive data: 9
[ 21850][E][WiFiUdp.cpp:221] parsePacket(): could not receive data: 9
[ 21855][E][WiFiUdp.cpp:221] parsePacket(): could not receive data: 9
[ 21860][E][WiFiUdp.cpp:221] parsePacket(): could not receive data: 9
[ 21865][E][WiFiUdp.cpp:221] parsePacket(): could not receive data: 9
[ 21870][E][WiFiUdp.cpp:221] parsePacket(): could not receive data: 9
[ 21875][E][WiFiUdp.cpp:221] parsePacket(): could not receive data: 9
[ 21880][E][WiFiUdp.cpp:221] parsePacket(): could not receive data: 9
[ 21885][E][WiFiUdp.cpp:221] parsePacket(): could not receive data: 9
[ 21890][E][WiFiUdp.cpp:221] parsePacket(): could not receive data: 9
[ 21897][E][WiFiUdp.cpp:221] parsePacket(): could not receive data: 9
[ 21900][E][WiFiUdp.cpp:221] parsePacket(): could not receive data: 9
[ 21905][E][WiFiUdp.cpp:221] parsePacket(): could not receive data: 9
[ 21910][E][WiFiUdp.cpp:221] parsePacket(): could not receive data: 9
[ 21915][E][WiFiUdp.cpp:221] parsePacket(): could not receive data: 9
[ 21920][E][WiFiUdp.cpp:221] parsePacket(): could not receive data: 9
[ 21925][E][WiFiUdp.cpp:221] parsePacket(): could not receive data: 9
[ 21930][E][WiFiUdp.cpp:221] parsePacket(): could not receive data: 9
[ 21935][E][WiFiUdp.cpp:221] parsePacket(): could not receive data: 9
[ 21940][E][WiFiUdp.cpp:221] parsePacket(): could not receive data: 9
[ 21945][E][WiFiUdp.cpp:221] parsePacket(): could not receive data: 9
[ 21950][E][WiFiUdp.cpp:221] parsePacket(): could not receive data: 9
[ 21955][E][WiFiUdp.cpp:221] parsePacket(): could not receive data: 9
[ 21960][E][WiFiUdp.cpp:221] parsePacket(): could not receive data: 9
[ 21965][E][WiFiUdp.cpp:221] parsePacket(): could not receive data: 9
[ 21970][E][WiFiUdp.cpp:221] parsePacket(): could not receive data: 9
[ 21975][E][WiFiUdp.cpp:221] parsePacket(): could not receive data: 9
[ 21980][E][WiFiUdp.cpp:221] parsePacket(): could not receive data: 9
[ 21985][E][WiFiUdp.cpp:221] parsePacket(): could not receive data: 9
[ 21990][E][WiFiUdp.cpp:221] parsePacket(): could not receive data: 9
[ 21995][E][WiFiUdp.cpp:221] parsePacket(): could not receive data: 9
[ 22000][E][WiFiUdp.cpp:221] parsePacket(): could not receive data: 9
[ 22005][E][WiFiUdp.cpp:221] parsePacket(): could not receive data: 9
[ 22010][E][WiFiUdp.cpp:221] parsePacket(): could not receive data: 9
[ 22015][E][WiFiUdp.cpp:221] parsePacket(): could not receive data: 9
[ 22022][E][WiFiUdp.cpp:221] parsePacket(): could not receive data: 9
[ 22029][E][WiFiUdp.cpp:221] parsePacket(): could not receive data: 9
[ 22034][E][WiFiUdp.cpp:221] parsePacket(): could not receive data: 9
[ 22039][E][WiFiUdp.cpp:221] parsePacket(): could not receive data: 9
[ 22044][E][WiFiUdp.cpp:221] parsePacket(): could not receive data: 9
[ 22049][E][WiFiUdp.cpp:221] parsePacket(): could not receive data: 9
[ 22054][E][WiFiUdp.cpp:221] parsePacket(): could not receive data: 9
[ 22059][E][WiFiUdp.cpp:221] parsePacket(): could not receive data: 9
[ 22064][E][WiFiUdp.cpp:221] parsePacket(): could not receive data: 9
[ 22069][E][WiFiUdp.cpp:221] parsePacket(): could not receive data: 9
[ 22074][E][WiFiUdp.cpp:221] parsePacket(): could not receive data: 9
[ 22079][E][WiFiUdp.cpp:221] parsePacket(): could not receive data: 9
[ 22084][E][WiFiUdp.cpp:221] parsePacket(): could not receive data: 9
[ 22091][E][WiFiUdp.cpp:221] parsePacket(): could not receive data: 9
[ 22096][E][WiFiUdp.cpp:221] parsePacket(): could not receive data: 9
[ 22103][E][WiFiUdp.cpp:221] parsePacket(): could not receive data: 9
[ 22108][E][WiFiUdp.cpp:221] parsePacket(): could not receive data: 9
[ 22113][E][WiFiUdp.cpp:221] parsePacket(): could not receive data: 9
[ 22119][E][WiFiUdp.cpp:221] parsePacket(): could not receive data: 9
[ 22124][E][WiFiUdp.cpp:221] parsePacket(): could not receive data: 9
[ 22129][E][WiFiUdp.cpp:221] parsePacket(): could not receive data: 9
[ 22134][E][WiFiUdp.cpp:221] parsePacket(): could not receive data: 9
[ 22139][E][WiFiUdp.cpp:221] parsePacket(): could not receive data: 9
[ 22145][E][WiFiUdp.cpp:221] parsePacket(): could not receive data: 9
[ 22150][E][WiFiUdp.cpp:221] parsePacket(): could not receive data: 9
[ 22155][E][WiFiUdp.cpp:221] parsePacket(): could not receive data: 9
[ 22162][E][WiFiUdp.cpp:221] parsePacket(): could not receive data: 9
[ 22167][E][WiFiUdp.cpp:221] parsePacket(): could not receive data: 9
[ 22172][E][WiFiUdp.cpp:221] parsePacket(): could not receive data: 9
[ 22177][E][WiFiUdp.cpp:221] parsePacket(): could not receive data: 9
[ 22182][E][WiFiUdp.cpp:221] parsePacket(): could not receive data: 9
[ 22187][E][WiFiUdp.cpp:221] parsePacket(): could not receive data: 9
[ 22192][E][WiFiUdp.cpp:221] parsePacket(): could not receive data: 9
[ 22197][E][WiFiUdp.cpp:221] parsePacket(): could not receive data: 9
[ 22202][E][WiFiUdp.cpp:221] parsePacket(): could not receive data: 9
[ 22207][E][WiFiUdp.cpp:221] parsePacket(): could not receive data: 9
[ 22212][E][WiFiUdp.cpp:221] parsePacket(): could not receive data: 9
[ 22219][E][WiFiUdp.cpp:221] parsePacket(): could not receive data: 9
[ 22224][E][WiFiUdp.cpp:221] parsePacket(): could not receive data: 9
[ 22229][E][WiFiUdp.cpp:221] parsePacket(): could not receive data: 9
[ 22234][E][WiFiUdp.cpp:221] parsePacket(): could not receive data: 9
[ 22239][E][WiFiUdp.cpp:221] parsePacket(): could not receive data: 9
[ 22244][E][WiFiUdp.cpp:221] parsePacket(): could not receive data: 9
[ 22249][E][WiFiUdp.cpp:221] parsePacket(): could not receive data: 9
[ 22256][E][WiFiUdp.cpp:221] parsePacket(): could not receive data: 9
[ 22261][E][WiFiUdp.cpp:221] parsePacket(): could not receive data: 9
[ 22266][E][WiFiUdp.cpp:221] parsePacket(): could not receive data: 9
[ 22271][E][WiFiUdp.cpp:221] parsePacket(): could not receive data: 9
[ 22277][E][WiFiUdp.cpp:221] parsePacket(): could not receive data: 9
[ 22288][E][WiFiUdp.cpp:221] parsePacket(): could not receive data: 9
[ 22295][E][WiFiUdp.cpp:221] parsePacket(): could not receive data: 9
[ 22302][E][WiFiUdp.cpp:221] parsePacket(): could not receive data: 9
[ 22309][E][WiFiUdp.cpp:221] parsePacket(): could not receive data: 9
[ 22317][E][WiFiUdp.cpp:221] parsePacket(): could not receive data: 9
[ 22322][E][WiFiUdp.cpp:221] parsePacket(): could not receive data: 9
[ 22327][E][WiFiUdp.cpp:221] parsePacket(): could not receive data: 9
[ 22332][E][WiFiUdp.cpp:221] parsePacket(): could not receive data: 9
[ 22337][E][WiFiUdp.cpp:221] parsePacket(): could not receive data: 9
[ 22342][E][WiFiUdp.cpp:221] parsePacket(): could not receive data: 9
[ 22347][E][WiFiUdp.cpp:221] parsePacket(): could not receive data: 9
[ 22352][E][WiFiUdp.cpp:221] parsePacket(): could not receive data: 9
[ 22357][E][WiFiUdp.cpp:221] parsePacket(): could not receive data: 9
[ 22362][E][WiFiUdp.cpp:221] parsePacket(): could not receive data: 9
[ 22367][E][WiFiUdp.cpp:221] parsePacket(): could not receive data: 9
[ 22372][E][WiFiUdp.cpp:221] parsePacket(): could not receive data: 9
[ 22377][E][WiFiUdp.cpp:221] parsePacket(): could not receive data: 9
[ 22382][E][WiFiUdp.cpp:221] parsePacket(): could not receive data: 9
[ 22387][E][WiFiUdp.cpp:221] parsePacket(): could not receive data: 9
[ 22392][E][WiFiUdp.cpp:221] parsePacket(): could not receive data: 9
[ 22397][E][WiFiUdp.cpp:221] parsePacket(): could not receive data: 9
[ 22402][E][WiFiUdp.cpp:221] parsePacket(): could not receive data: 9
[ 22407][E][WiFiUdp.cpp:221] parsePacket(): could not receive data: 9
[ 22412][E][WiFiUdp.cpp:221] parsePacket(): could not receive data: 9
[ 22417][E][WiFiUdp.cpp:221] parsePacket(): could not receive data: 9
[ 22422][E][WiFiUdp.cpp:221] parsePacket(): could not receive data: 9
[ 22427][E][WiFiUdp.cpp:221] parsePacket(): could not receive data: 9
[ 22432][E][WiFiUdp.cpp:221] parsePacket(): could not receive data: 9
[ 22439][E][WiFiUdp.cpp:221] parsePacket(): could not receive data: 9
[ 22443][E][WiFiUdp.cpp:221] parsePacket(): could not receive data: 9
[ 22448][E][WiFiUdp.cpp:221] parsePacket(): could not receive data: 9
[ 22453][E][WiFiUdp.cpp:221] parsePacket(): could not receive data: 9
[ 22458][E][WiFiUdp.cpp:221] parsePacket(): could not receive data: 9
[ 22463][E][WiFiUdp.cpp:221] parsePacket(): could not receive data: 9
[ 22468][E][WiFiUdp.cpp:221] parsePacket(): could not receive data: 9
[ 22473][E][WiFiUdp.cpp:221] parsePacket(): could not receive data: 9
[ 22478][E][WiFiUdp.cpp:221] parsePacket(): could not receive data: 9
[ 22483][E][WiFiUdp.cpp:221] parsePacket(): could not receive data: 9
[ 22488][E][WiFiUdp.cpp:221] parsePacket(): could not receive data: 9
[ 22493][E][WiFiUdp.cpp:221] parsePacket(): could not receive data: 9
[ 22498][E][WiFiUdp.cpp:221] parsePacket(): could not receive data: 9
[ 22503][E][WiFiUdp.cpp:221] parsePacket(): could not receive data: 9
[ 22508][E][WiFiUdp.cpp:221] parsePacket(): could not receive data: 9
[ 22513][E][WiFiUdp.cpp:221] parsePacket(): could not receive data: 9
[ 22518][E][WiFiUdp.cpp:221] parsePacket(): could not receive data: 9
[ 22523][E][WiFiUdp.cpp:221] parsePacket(): could not receive data: 9
[ 22528][E][WiFiUdp.cpp:221] parsePacket(): could not receive data: 9
[ 22533][E][WiFiUdp.cpp:221] parsePacket(): could not receive data: 9
[ 22538][E][WiFiUdp.cpp:221] parsePacket(): could not receive data: 9
[ 22543][E][WiFiUdp.cpp:221] parsePacket(): could not receive data: 9
[ 22548][E][WiFiUdp.cpp:221] parsePacket(): could not receive data: 9
[ 22556][E][WiFiUdp.cpp:221] parsePacket(): could not receive data: 9
[ 22576][E][WiFiUdp.cpp:221] parsePacket(): could not receive data: 9
[ 22580][E][WiFiUdp.cpp:221] parsePacket(): could not receive data: 9
[ 22586][E][WiFiUdp.cpp:221] parsePacket(): could not receive data: 9
[ 22591][E][WiFiUdp.cpp:221] parsePacket(): could not receive data: 9
[ 22596][E][WiFiUdp.cpp:221] parsePacket(): could not receive data: 9
[ 22602][E][WiFiUdp.cpp:221] parsePacket(): could not receive data: 9
[ 22608][E][WiFiUdp.cpp:221] parsePacket(): could not receive data: 9
[ 22615][E][WiFiUdp.cpp:221] parsePacket(): could not receive data: 9
[ 22622][E][WiFiUdp.cpp:221] parsePacket(): could not receive data: 9
[ 22628][E][WiFiUdp.cpp:221] parsePacket(): could not receive data: 9
[ 22635][E][WiFiUdp.cpp:221] parsePacket(): could not receive data: 9
[ 22641][E][WiFiUdp.cpp:221] parsePacket(): could not receive data: 9
[ 22648][E][WiFiUdp.cpp:221] parsePacket(): could not receive data: 9
[ 22655][E][WiFiUdp.cpp:221] parsePacket(): could not receive data: 9
[ 22661][E][WiFiUdp.cpp:221] parsePacket(): could not receive data: 9
[ 22667][E][WiFiUdp.cpp:221] parsePacket(): could not receive data: 9
[ 22673][E][WiFiUdp.cpp:221] parsePacket(): could not receive data: 9
[ 22679][E][WiFiUdp.cpp:221] parsePacket(): could not receive data: 9
[ 22685][E][WiFiUdp.cpp:221] parsePacket(): could not receive data: 9
[ 22691][E][WiFiUdp.cpp:221] parsePacket(): could not receive data: 9
[ 22697][E][WiFiUdp.cpp:221] parsePacket(): could not receive data: 9
[ 22703][E][WiFiUdp.cpp:221] parsePacket(): could not receive data: 9
[ 22709][E][WiFiUdp.cpp:221] parsePacket(): could not receive data: 9
[ 22715][E][WiFiUdp.cpp:221] parsePacket(): could not receive data: 9
[ 22721][E][WiFiUdp.cpp:221] parsePacket(): could not receive data: 9
[ 22727][E][WiFiUdp.cpp:221] parsePacket(): could not receive data: 9
[ 22733][E][WiFiUdp.cpp:221] parsePacket(): could not receive data: 9
[ 22739][E][WiFiUdp.cpp:221] parsePacket(): could not receive data: 9
[ 22745][E][WiFiUdp.cpp:221] parsePacket(): could not receive data: 9
[ 22751][E][WiFiUdp.cpp:221] parsePacket(): could not receive data: 9
[ 22757][E][WiFiUdp.cpp:221] parsePacket(): could not receive data: 9
[ 22763][E][WiFiUdp.cpp:221] parsePacket(): could not receive data: 9
[ 22769][E][WiFiUdp.cpp:221] parsePacket(): could not receive data: 9
[ 22775][E][WiFiUdp.cpp:221] parsePacket(): could not receive data: 9
[ 22781][E][WiFiUdp.cpp:221] parsePacket(): could not receive data: 9
[ 22787][E][WiFiUdp.cpp:221] parsePacket(): could not receive data: 9
[ 22793][E][WiFiUdp.cpp:221] parsePacket(): could not receive data: 9
[ 22799][E][WiFiUdp.cpp:221] parsePacket(): could not receive data: 9
[ 22805][E][WiFiUdp.cpp:221] parsePacket(): could not receive data: 9
[ 22811][E][WiFiUdp.cpp:221] parsePacket(): could not receive data: 9
[ 22817][E][WiFiUdp.cpp:221] parsePacket(): could not receive data: 9
[ 22823][E][WiFiUdp.cpp:221] parsePacket(): could not receive data: 9
[ 22829][E][WiFiUdp.cpp:221] parsePacket(): could not receive data: 9
[ 22835][E][WiFiUdp.cpp:221] parsePacket(): could not receive data: 9
[ 22841][E][WiFiUdp.cpp:221] parsePacket(): could not receive data: 9
[ 22847][E][WiFiUdp.cpp:221] parsePacket(): could not receive data: 9
[ 22853][E][WiFiUdp.cpp:221] parsePacket(): could not receive data: 9
[ 22859][E][WiFiUdp.cpp:221] parsePacket(): could not receive data: 9
[ 22865][E][WiFiUdp.cpp:221] parsePacket(): could not receive data: 9
[ 22871][E][WiFiUdp.cpp:221] parsePacket(): could not receive data: 9
[ 22877][E][WiFiUdp.cpp:221] parsePacket(): could not receive data: 9
[ 22883][E][WiFiUdp.cpp:221] parsePacket(): could not receive data: 9
[ 22889][E][WiFiUdp.cpp:221] parsePacket(): could not receive data: 9
[ 22895][E][WiFiUdp.cpp:221] parsePacket(): could not receive data: 9
[ 22901][E][WiFiUdp.cpp:221] parsePacket(): could not receive data: 9
[ 22907][E][WiFiUdp.cpp:221] parsePacket(): could not receive data: 9
[ 22914][E][WiFiUdp.cpp:221] parsePacket(): could not receive data: 9
[ 22921][E][WiFiUdp.cpp:221] parsePacket(): could not receive data: 9
[ 22927][E][WiFiUdp.cpp:221] parsePacket(): could not receive data: 9
[ 22933][E][WiFiUdp.cpp:221] parsePacket(): could not receive data: 9
[ 22939][E][WiFiUdp.cpp:221] parsePacket(): could not receive data: 9
[ 22945][E][WiFiUdp.cpp:221] parsePacket(): could not receive data: 9
[ 22951][E][WiFiUdp.cpp:221] parsePacket(): could not receive data: 9
[ 22957][E][WiFiUdp.cpp:221] parsePacket(): could not receive data: 9
[ 22963][E][WiFiUdp.cpp:221] parsePacket(): could not receive data: 9
[ 22969][E][WiFiUdp.cpp:221] parsePacket(): could not receive data: 9
[ 22975][E][WiFiUdp.cpp:221] parsePacket(): could not receive data: 9
[ 22981][E][WiFiUdp.cpp:221] parsePacket(): could not receive data: 9
[ 22987][E][WiFiUdp.cpp:221] parsePacket(): could not receive data: 9
[ 22993][E][WiFiUdp.cpp:221] parsePacket(): could not receive data: 9
[ 22999][E][WiFiUdp.cpp:221] parsePacket(): could not receive data: 9
[ 23005][E][WiFiUdp.cpp:221] parsePacket(): could not receive data: 9
[ 23011][E][WiFiUdp.cpp:221] parsePacket(): could not receive data: 9
[ 23017][E][WiFiUdp.cpp:221] parsePacket(): could not receive data: 9
[ 23023][E][WiFiUdp.cpp:221] parsePacket(): could not receive data: 9
[ 23029][E][WiFiUdp.cpp:221] parsePacket(): could not receive data: 9
[ 23035][E][WiFiUdp.cpp:221] parsePacket(): could not receive data: 9
[ 23041][E][WiFiUdp.cpp:221] parsePacket(): could not receive data: 9
[ 23047][E][WiFiUdp.cpp:221] parsePacket(): could not receive data: 9
[ 23053][E][WiFiUdp.cpp:221] parsePacket(): could not receive data: 9
[ 23059][E][WiFiUdp.cpp:221] parsePacket(): could not receive data: 9
[ 23065][E][WiFiUdp.cpp:221] parsePacket(): could not receive data: 9
[ 23071][E][WiFiUdp.cpp:221] parsePacket(): could not receive data: 9
[ 23077][E][WiFiUdp.cpp:221] parsePacket(): could not receive data: 9
[ 23083][E][WiFiUdp.cpp:221] parsePacket(): could not receive data: 9
[ 23089][E][WiFiUdp.cpp:221] parsePacket(): could not receive data: 9
[ 23095][E][WiFiUdp.cpp:221] parsePacket(): could not receive data: 9
[ 23101][E][WiFiUdp.cpp:221] parsePacket(): could not receive data: 9
[ 23107][E][WiFiUdp.cpp:221] parsePacket(): could not receive data: 9
[ 23113][E][WiFiUdp.cpp:221] parsePacket(): could not receive data: 9
[ 23119][E][WiFiUdp.cpp:221] parsePacket(): could not receive data: 9
[ 23125][E][WiFiUdp.cpp:221] parsePacket(): could not receive data: 9
[ 23131][E][WiFiUdp.cpp:221] parsePacket(): could not receive data: 9
[ 23137][E][WiFiUdp.cpp:221] parsePacket(): could not receive data: 9
[ 23143][E][WiFiUdp.cpp:221] parsePacket(): could not receive data: 9
[ 23149][E][WiFiUdp.cpp:221] parsePacket(): could not receive data: 9
[ 23156][E][WiFiUdp.cpp:221] parsePacket(): could not receive data: 9
[ 23162][E][WiFiUdp.cpp:221] parsePacket(): could not receive data: 9
[ 23169][E][WiFiUdp.cpp:221] parsePacket(): could not receive data: 9
[ 23176][E][WiFiUdp.cpp:221] parsePacket(): could not receive data: 9
[ 23182][E][WiFiUdp.cpp:221] parsePacket(): could not receive data: 9
[ 23188][E][WiFiUdp.cpp:221] parsePacket(): could not receive data: 9
[ 23194][E][WiFiUdp.cpp:221] parsePacket(): could not receive data: 9
[ 23200][E][WiFiUdp.cpp:221] parsePacket(): could not receive data: 9
[ 23206][E][WiFiUdp.cpp:221] parsePacket(): could not receive data: 9
[ 23212][E][WiFiUdp.cpp:221] parsePacket(): could not receive data: 9
[ 23218][E][WiFiUdp.cpp:221] parsePacket(): could not receive data: 9
[ 23224][E][WiFiUdp.cpp:221] parsePacket(): could not receive data: 9
[ 23230][E][WiFiUdp.cpp:221] parsePacket(): could not receive data: 9
[ 23236][E][WiFiUdp.cpp:221] parsePacket(): could not receive data: 9
[ 23242][E][WiFiUdp.cpp:221] parsePacket(): could not receive data: 9
[ 23248][E][WiFiUdp.cpp:221] parsePacket(): could not receive data: 9
[ 23254][E][WiFiUdp.cpp:221] parsePacket(): could not receive data: 9
[ 23260][E][WiFiUdp.cpp:221] parsePacket(): could not receive data: 9
[ 23266][E][WiFiUdp.cpp:221] parsePacket(): could not receive data: 9
[ 23272][E][WiFiUdp.cpp:221] parsePacket(): could not receive data: 9
[ 23278][E][WiFiUdp.cpp:221] parsePacket(): could not receive data: 9
[ 23284][E][WiFiUdp.cpp:221] parsePacket(): could not receive data: 9
[ 23290][E][WiFiUdp.cpp:221] parsePacket(): could not receive data: 9
[ 23296][E][WiFiUdp.cpp:221] parsePacket(): could not receive data: 9
[ 23302][E][WiFiUdp.cpp:221] parsePacket(): could not receive data: 9
[ 23308][E][WiFiUdp.cpp:221] parsePacket(): could not receive data: 9
[ 23314][E][WiFiUdp.cpp:221] parsePacket(): could not receive data: 9
[ 23320][E][WiFiUdp.cpp:221] parsePacket(): could not receive data: 9
[ 23326][E][WiFiUdp.cpp:221] parsePacket(): could not receive data: 9
[ 23332][E][WiFiUdp.cpp:221] parsePacket(): could not receive data: 9
[ 23338][E][WiFiUdp.cpp:221] parsePacket(): could not receive data: 9
[ 23344][E][WiFiUdp.cpp:221] parsePacket(): could not receive data: 9
[ 23350][E][WiFiUdp.cpp:221] parsePacket(): could not receive data: 9
[ 23356][E][WiFiUdp.cpp:221] parsePacket(): could not receive data: 9
[ 23362][E][WiFiUdp.cpp:221] parsePacket(): could not receive data: 9
[ 23368][E][WiFiUdp.cpp:221] parsePacket(): could not receive data: 9
[ 23374][E][WiFiUdp.cpp:221] parsePacket(): could not receive data: 9
[ 23380][E][WiFiUdp.cpp:221] parsePacket(): could not receive data: 9
[ 23386][E][WiFiUdp.cpp:221] parsePacket(): could not receive data: 9
[ 23392][E][WiFiUdp.cpp:221] parsePacket(): could not receive data: 9
[ 23398][E][WiFiUdp.cpp:221] parsePacket(): could not receive data: 9
[ 23404][E][WiFiUdp.cpp:221] parsePacket(): could not receive data: 9
[ 23410][E][WiFiUdp.cpp:221] parsePacket(): could not receive data: 9
[ 23416][E][WiFiUdp.cpp:221] parsePacket(): could not receive data: 9
[ 23422][E][WiFiUdp.cpp:221] parsePacket(): could not receive data: 9
[ 23428][E][WiFiUdp.cpp:221] parsePacket(): could not receive data: 9
[ 23434][E][WiFiUdp.cpp:221] parsePacket(): could not receive data: 9
[ 23440][E][WiFiUdp.cpp:221] parsePacket(): could not receive data: 9
[ 23446][E][WiFiUdp.cpp:221] parsePacket(): could not receive data: 9
[ 23452][E][WiFiUdp.cpp:221] parsePacket(): could not receive data: 9
[ 23458][E][WiFiUdp.cpp:221] parsePacket(): could not receive data: 9
[ 23464][E][WiFiUdp.cpp:221] parsePacket(): could not receive data: 9
[CON ]...Client disconnected. free heap=132964
[ 23472][E][WiFiUdp.cpp:221] parsePacket(): could not receive data: 9
[CON ]...accept() fd=50 free=132964
[CON ]...Client authenticated on port 2323. free heap=127748
-[ 23480][E][WiFiUdp.cpp:221] parsePacket(): could not receive data: 9
-[ 23488][E][WiFiUdp.cpp:221] parsePacket(): could not receive data: 9
s[ 23496][E][WiFiUdp.cpp:221] parsePacket(): could not receive data: 9
e[ 23504][E][WiFiUdp.cpp:221] parsePacket(): could not receive data: 9
t[ 23512][E][WiFiUdp.cpp:221] parsePacket(): could not receive data: 9
c[ 23519][E][WiFiUdp.cpp:221] parsePacket(): could not receive data: 9
a[ 23527][E][WiFiUdp.cpp:221] parsePacket(): could not receive data: 9
l[ 23535][E][WiFiUdp.cpp:221] parsePacket(): could not receive data: 9
l[ 23542][E][WiFiUdp.cpp:221] parsePacket(): could not receive data: 9
 [ 23550][E][WiFiUdp.cpp:221] parsePacket(): could not receive data: 9
T[ 23557][E][WiFiUdp.cpp:221] parsePacket(): could not receive data: 9
E[ 23565][E][WiFiUdp.cpp:221] parsePacket(): could not receive data: 9
5[ 23574][E][WiFiUdp.cpp:221] parsePacket(): could not receive data: 9
T[ 23582][E][WiFiUdp.cpp:221] parsePacket(): could not receive data: 9
-[ 23588][E][WiFiUdp.cpp:221] parsePacket(): could not receive data: 9
1[ 23595][E][WiFiUdp.cpp:221] parsePacket(): could not receive data: 9
[ 23602][E][WiFiUdp.cpp:221] parsePacket(): could not receive data: 9

Call:TE5T-1 Short:E5T40 set
[ 30579][E][WiFiUdp.cpp:221] parsePacket(): could not receive data: 9
[CON ]...Client disconnected. free heap=131080
[ 35144][E][WiFiUdp.cpp:221] parsePacket(): could not receive data: 9
[CON ]...accept() fd=51 free=132472
[CON ]...Client authenticated on port 2323. free heap=125648
-[ 35167][E][WiFiUdp.cpp:221] parsePacket(): could not receive data: 9
-[ 35175][E][WiFiUdp.cpp:221] parsePacket(): could not receive data: 9
i[ 35181][E][WiFiUdp.cpp:221] parsePacket(): could not receive data: 9
n[ 35187][E][WiFiUdp.cpp:221] parsePacket(): could not receive data: 9
f[ 35193][E][WiFiUdp.cpp:221] parsePacket(): could not receive data: 9
o[ 35199][E][WiFiUdp.cpp:221] parsePacket(): could not receive data: 9
[ 35205][E][WiFiUdp.cpp:221] parsePacket(): could not receive data: 9

--MeshCom 4.35t (build: Sep 26 2026 / 22:39:03)
...UPDATE: 
...Call: <TE5T-1> ...ID 00000000 ...NODE 39 <EBYTE_E22> ...UTC-OFF 1.000000 [CPU]
...BATT 4.10 V ...BATT 85 % ...MAXV 4.200 V
...TIME 35214 ms
...Flash-Version 20260724
...NOMSGALL off ...MESH off ...BUTTON (12) off ...SOFTSER off ... SOFTSERREAD off
...PASSWD <>
...DEBUG man ...DEBUG en
...DEBUG off ...LORADEBUG off ...GPSDEBUG off/0 ...SOFTSERDEBUG off
...WXDEBUG off ...BLEDEBUG off
...DisplayInfo off ...DisplayCont off ...DisplyLog off ...contrast 255 ...ackinfo off
...EXTUDP off ...EXT IP none ...NOPMOTHER off
...BTCODE 000000
...APRSMC: APRSMC
...ATXT: 
...NAME: 
...BLE : short
...DISPLAY on
...CTRY EU8
...FREQ 433.1750 MHz TXPWR 17 dBm RXBOOST off
...MAXHOP text 4 / pos 2

...Webserver  on / Webpwd <> / Gateway off 
...NETConsole on (port 2323)
...KISS/TCP   off / TX off / RxMeta off / Auth off
...WIFI-AP    off
...SSID <none> / PASSWORD <***>
...NETWORK Mode:WiFi
...hasIpAddress: yes
...IP address   : 10.0.2.15
...SUBNET-MASK  : 255.255.255.0
...GW address   : 10.0.2.5
...DNS address  : 
...UDP-HBeat : 35221
[ 35222][E][WiFiUdp.cpp:221] parsePacket(): could not receive data: 9
[CON ]...Client disconnected. free heap=134992
[ 35228][E][WiFiUdp.cpp:221] parsePacket(): could not receive data: 9
[ 35233][E][WiFiUdp.cpp:221] parsePacket(): could not receive data: 9
[ 35238][E][WiFiUdp.cpp:221] parsePacket(): could not receive data: 9
[ 35243][E][WiFiUdp.cpp:221] parsePacket(): could not receive data: 9
[ 35248][E][WiFiUdp.cpp:221] parsePacket(): could not receive data: 9
[ 35253][E][WiFiUdp.cpp:221] parsePacket(): could not receive data: 9
[ 35258][E][WiFiUdp.cpp:221] parsePacket(): could not receive data: 9
[ 35264][E][WiFiUdp.cpp:221] parsePacket(): could not receive data: 9
[ 35270][E][WiFiUdp.cpp:221] parsePacket(): could not receive data: 9
[ 35276][E][WiFiUdp.cpp:221] parsePacket(): could not receive data: 9
[ 35282][E][WiFiUdp.cpp:221] parsePacket(): could not receive data: 9
[ 35288][E][WiFiUdp.cpp:221] parsePacket(): could not receive data: 9
[ 35294][E][WiFiUdp.cpp:221] parsePacket(): could not receive data: 9
[ 35300][E][WiFiUdp.cpp:221] parsePacket(): could not receive data: 9
[ 35306][E][WiFiUdp.cpp:221] parsePacket(): could not receive data: 9
[ 35312][E][WiFiUdp.cpp:221] parsePacket(): could not receive data: 9
[ 35317][E][WiFiUdp.cpp:221] parsePacket(): could not receive data: 9
[ 35323][E][WiFiUdp.cpp:221] parsePacket(): could not receive data: 9
[ 35329][E][WiFiUdp.cpp:221] parsePacket(): could not receive data: 9
[ 35335][E][WiFiUdp.cpp:221] parsePacket(): could not receive data: 9
[ 35341][E][WiFiUdp.cpp:221] parsePacket(): could not receive data: 9
[ 35347][E][WiFiUdp.cpp:221] parsePacket(): could not receive data: 9
[ 35353][E][WiFiUdp.cpp:221] parsePacket(): could not receive data: 9
[ 35359][E][WiFiUdp.cpp:221] parsePacket(): could not receive data: 9
[ 35365][E][WiFiUdp.cpp:221] parsePacket(): could not receive data: 9
[ 35371][E][WiFiUdp.cpp:221] parsePacket(): could not receive data: 9
[ 35377][E][WiFiUdp.cpp:221] parsePacket(): could not receive data: 9
[ 35383][E][WiFiUdp.cpp:221] parsePacket(): could not receive data: 9
[ 35389][E][WiFiUdp.cpp:221] parsePacket(): could not receive data: 9
[ 35395][E][WiFiUdp.cpp:221] parsePacket(): could not receive data: 9
[ 35401][E][WiFiUdp.cpp:221] parsePacket(): could not receive data: 9
[ 35407][E][WiFiUdp.cpp:221] parsePacket(): could not receive data: 9
[ 35413][E][WiFiUdp.cpp:221] parsePacket(): could not receive data: 9
[ 35419][E][WiFiUdp.cpp:221] parsePacket(): could not receive data: 9
[ 35424][E][WiFiUdp.cpp:221] parsePacket(): could not receive data: 9
[ 35430][E][WiFiUdp.cpp:221] parsePacket(): could not receive data: 9
[ 35436][E][WiFiUdp.cpp:221] parsePacket(): could not receive data: 9
[ 35442][E][WiFiUdp.cpp:221] parsePacket(): could not receive data: 9
[ 35448][E][WiFiUdp.cpp:221] parsePacket(): could not receive data: 9
[ 35454][E][WiFiUdp.cpp:221] parsePacket(): could not receive data: 9
[ 35460][E][WiFiUdp.cpp:221] parsePacket(): could not receive data: 9
[ 35466][E][WiFiUdp.cpp:221] parsePacket(): could not receive data: 9
[ 35471][E][WiFiUdp.cpp:221] parsePacket(): could not receive data: 9
[ 35476][E][WiFiUdp.cpp:221] parsePacket(): could not receive data: 9
[ 35482][E][WiFiUdp.cpp:221] parsePacket(): could not receive data: 9
[ 35488][E][WiFiUdp.cpp:221] parsePacket(): could not receive data: 9
[ 35494][E][WiFiUdp.cpp:221] parsePacket(): could not receive data: 9
[ 35500][E][WiFiUdp.cpp:221] parsePacket(): could not receive data: 9
[ 35506][E][WiFiUdp.cpp:221] parsePacket(): could not receive data: 9
[ 35512][E][WiFiUdp.cpp:221] parsePacket(): could not receive data: 9
[ 35517][E][WiFiUdp.cpp:221] parsePacket(): could not receive data: 9
[ 35522][E][WiFiUdp.cpp:221] parsePacket(): could not receive data: 9
[ 35528][E][WiFiUdp.cpp:221] parsePacket(): could not receive data: 9
[ 35534][E][WiFiUdp.cpp:221] parsePacket(): could not receive data: 9
[ 35540][E][WiFiUdp.cpp:221] parsePacket(): could not receive data: 9
[ 35546][E][WiFiUdp.cpp:221] parsePacket(): could not receive data: 9
[ 35552][E][WiFiUdp.cpp:221] parsePacket(): could not receive data: 9
[ 35558][E][WiFiUdp.cpp:221] parsePacket(): could not receive data: 9
[ 35564][E][WiFiUdp.cpp:221] parsePacket(): could not receive data: 9
[ 35570][E][WiFiUdp.cpp:221] parsePacket(): could not receive data: 9
[ 35576][E][WiFiUdp.cpp:221] parsePacket(): could not receive data: 9
[ 35582][E][WiFiUdp.cpp:221] parsePacket(): could not receive data: 9
[ 35588][E][WiFiUdp.cpp:221] parsePacket(): could not receive data: 9
[ 35594][E][WiFiUdp.cpp:221] parsePacket(): could not receive data: 9
[ 35600][E][WiFiUdp.cpp:221] parsePacket(): could not receive data: 9
[ 35606][E][WiFiUdp.cpp:221] parsePacket(): could not receive data: 9
[ 35612][E][WiFiUdp.cpp:221] parsePacket(): could not receive data: 9
[ 35618][E][WiFiUdp.cpp:221] parsePacket(): could not receive data: 9
[ 35624][E][WiFiUdp.cpp:221] parsePacket(): could not receive data: 9
[ 35630][E][WiFiUdp.cpp:221] parsePacket(): could not receive data: 9
[ 35636][E][WiFiUdp.cpp:221] parsePacket(): could not receive data: 9
[ 35642][E][WiFiUdp.cpp:221] parsePacket(): could not receive data: 9
[ 35648][E][WiFiUdp.cpp:221] parsePacket(): could not receive data: 9
[ 35654][E][WiFiUdp.cpp:221] parsePacket(): could not receive data: 9
[ 35660][E][WiFiUdp.cpp:221] parsePacket(): could not receive data: 9
[ 35666][E][WiFiUdp.cpp:221] parsePacket(): could not receive data: 9
[ 35672][E][WiFiUdp.cpp:221] parsePacket(): could not receive data: 9
[ 35678][E][WiFiUdp.cpp:221] parsePacket(): could not receive data: 9
[ 35684][E][WiFiUdp.cpp:221] parsePacket(): could not receive data: 9
[ 35690][E][WiFiUdp.cpp:221] parsePacket(): could not receive data: 9
[ 35696][E][WiFiUdp.cpp:221] parsePacket(): could not receive data: 9
[ 35702][E][WiFiUdp.cpp:221] parsePacket(): could not receive data: 9
[ 35708][E][WiFiUdp.cpp:221] parsePacket(): could not receive data: 9
[ 35714][E][WiFiUdp.cpp:221] parsePacket(): could not receive data: 9
[ 35720][E][WiFiUdp.cpp:221] parsePacket(): could not receive data: 9
[ 35726][E][WiFiUdp.cpp:221] parsePacket(): could not receive data: 9
[ 35732][E][WiFiUdp.cpp:221] parsePacket(): could not receive data: 9
[ 35738][E][WiFiUdp.cpp:221] parsePacket(): could not receive data: 9
[ 35744][E][WiFiUdp.cpp:221] parsePacket(): could not receive data: 9
[ 35750][E][WiFiUdp.cpp:221] parsePacket(): could not receive data: 9
[ 35756][E][WiFiUdp.cpp:221] parsePacket(): could not receive data: 9
[ 35762][E][WiFiUdp.cpp:221] parsePacket(): could not receive data: 9
[ 35768][E][WiFiUdp.cpp:221] parsePacket(): could not receive data: 9
[ 35774][E][WiFiUdp.cpp:221] parsePacket(): could not receive data: 9
[ 35780][E][WiFiUdp.cpp:221] parsePacket(): could not receive data: 9
[ 35786][E][WiFiUdp.cpp:221] parsePacket(): could not receive data: 9
[ 35792][E][WiFiUdp.cpp:221] parsePacket(): could not receive data: 9
[ 35798][E][WiFiUdp.cpp:221] parsePacket(): could not receive data: 9
[ 35804][E][WiFiUdp.cpp:221] parsePacket(): could not receive data: 9
[ 35810][E][WiFiUdp.cpp:221] parsePacket(): could not receive data: 9
[ 35816][E][WiFiUdp.cpp:221] parsePacket(): could not receive data: 9
[ 35822][E][WiFiUdp.cpp:221] parsePacket(): could not receive data: 9
[ 35828][E][WiFiUdp.cpp:221] parsePacket(): could not receive data: 9
[ 35834][E][WiFiUdp.cpp:221] parsePacket(): could not receive data: 9
[ 35840][E][WiFiUdp.cpp:221] parsePacket(): could not receive data: 9
[ 35846][E][WiFiUdp.cpp:221] parsePacket(): could not receive data: 9
[ 35851][E][WiFiUdp.cpp:221] parsePacket(): could not receive data: 9
[ 35857][E][WiFiUdp.cpp:221] parsePacket(): could not receive data: 9
[ 35863][E][WiFiUdp.cpp:221] parsePacket(): could not receive data: 9
[ 35869][E][WiFiUdp.cpp:221] parsePacket(): could not receive data: 9
[ 35875][E][WiFiUdp.cpp:221] parsePacket(): could not receive data: 9
[ 35881][E][WiFiUdp.cpp:221] parsePacket(): could not receive data: 9
[ 35887][E][WiFiUdp.cpp:221] parsePacket(): could not receive data: 9
[ 35893][E][WiFiUdp.cpp:221] parsePacket(): could not receive data: 9
[ 35899][E][WiFiUdp.cpp:221] parsePacket(): could not receive data: 9
[ 35905][E][WiFiUdp.cpp:221] parsePacket(): could not receive data: 9
[ 35911][E][WiFiUdp.cpp:221] parsePacket(): could not receive data: 9
[ 35917][E][WiFiUdp.cpp:221] parsePacket(): could not receive data: 9
[ 35922][E][WiFiUdp.cpp:221] parsePacket(): could not receive data: 9
[ 35928][E][WiFiUdp.cpp:221] parsePacket(): could not receive data: 9
[ 35934][E][WiFiUdp.cpp:221] parsePacket(): could not receive data: 9
[ 35940][E][WiFiUdp.cpp:221] parsePacket(): could not receive data: 9
[ 35946][E][WiFiUdp.cpp:221] parsePacket(): could not receive data: 9
[ 35952][E][WiFiUdp.cpp:221] parsePacket(): could not receive data: 9
[ 35958][E][WiFiUdp.cpp:221] parsePacket(): could not receive data: 9
[ 35964][E][WiFiUdp.cpp:221] parsePacket(): could not receive data: 9
[ 35969][E][WiFiUdp.cpp:221] parsePacket(): could not receive data: 9
[ 35974][E][WiFiUdp.cpp:221] parsePacket(): could not receive data: 9
[ 35979][E][WiFiUdp.cpp:221] parsePacket(): could not receive data: 9
[ 35984][E][WiFiUdp.cpp:221] parsePacket(): could not receive data: 9
[ 35989][E][WiFiUdp.cpp:221] parsePacket(): could not receive data: 9
[ 35995][E][WiFiUdp.cpp:221] parsePacket(): could not receive data: 9
[ 36000][E][WiFiUdp.cpp:221] parsePacket(): could not receive data: 9
[ 36006][E][WiFiUdp.cpp:221] parsePacket(): could not receive data: 9
[ 36011][E][WiFiUdp.cpp:221] parsePacket(): could not receive data: 9
[ 36016][E][WiFiUdp.cpp:221] parsePacket(): could not receive data: 9
[ 36021][E][WiFiUdp.cpp:221] parsePacket(): could not receive data: 9
[ 36026][E][WiFiUdp.cpp:221] parsePacket(): could not receive data: 9
[ 36031][E][WiFiUdp.cpp:221] parsePacket(): could not receive data: 9
[ 36036][E][WiFiUdp.cpp:221] parsePacket(): could not receive data: 9
[ 36041][E][WiFiUdp.cpp:221] parsePacket(): could not receive data: 9
[ 36046][E][WiFiUdp.cpp:221] parsePacket(): could not receive data: 9
[ 36051][E][WiFiUdp.cpp:221] parsePacket(): could not receive data: 9
[ 36056][E][WiFiUdp.cpp:221] parsePacket(): could not receive data: 9
[ 36061][E][WiFiUdp.cpp:221] parsePacket(): could not receive data: 9
[ 36066][E][WiFiUdp.cpp:221] parsePacket(): could not receive data: 9
[ 36071][E][WiFiUdp.cpp:221] parsePacket(): could not receive data: 9
[ 36076][E][WiFiUdp.cpp:221] parsePacket(): could not receive data: 9
[ 36081][E][WiFiUdp.cpp:221] parsePacket(): could not receive data: 9
[ 36086][E][WiFiUdp.cpp:221] parsePacket(): could not receive data: 9
[ 36091][E][WiFiUdp.cpp:221] parsePacket(): could not receive data: 9
[ 36096][E][WiFiUdp.cpp:221] parsePacket(): could not receive data: 9
[ 36101][E][WiFiUdp.cpp:221] parsePacket(): could not receive data: 9
[ 36106][E][WiFiUdp.cpp:221] parsePacket(): could not receive data: 9
[ 36111][E][WiFiUdp.cpp:221] parsePacket(): could not receive data: 9
[ 36116][E][WiFiUdp.cpp:221] parsePacket(): could not receive data: 9
[ 36121][E][WiFiUdp.cpp:221] parsePacket(): could not receive data: 9
[ 36126][E][WiFiUdp.cpp:221] parsePacket(): could not receive data: 9
[ 36131][E][WiFiUdp.cpp:221] parsePacket(): could not receive data: 9
[ 36136][E][WiFiUdp.cpp:221] parsePacket(): could not receive data: 9
[ 36141][E][WiFiUdp.cpp:221] parsePacket(): could not receive data: 9
[ 36146][E][WiFiUdp.cpp:221] parsePacket(): could not receive data: 9
[ 36151][E][WiFiUdp.cpp:221] parsePacket(): could not receive data: 9
[ 36156][E][WiFiUdp.cpp:221] parsePacket(): could not receive data: 9
[ 36161][E][WiFiUdp.cpp:221] parsePacket(): could not receive data: 9
[ 36166][E][WiFiUdp.cpp:221] parsePacket(): could not receive data: 9
[ 36171][E][WiFiUdp.cpp:221] parsePacket(): could not receive data: 9
[ 36176][E][WiFiUdp.cpp:221] parsePacket(): could not receive data: 9
[ 36181][E][WiFiUdp.cpp:221] parsePacket(): could not receive data: 9
[ 36186][E][WiFiUdp.cpp:221] parsePacket(): could not receive data: 9
[ 36191][E][WiFiUdp.cpp:221] parsePacket(): could not receive data: 9
[ 36196][E][WiFiUdp.cpp:221] parsePacket(): could not receive data: 9
[ 36201][E][WiFiUdp.cpp:221] parsePacket(): could not receive data: 9
[ 36206][E][WiFiUdp.cpp:221] parsePacket(): could not receive data: 9
[ 36211][E][WiFiUdp.cpp:221] parsePacket(): could not receive data: 9
[ 36216][E][WiFiUdp.cpp:221] parsePacket(): could not receive data: 9
[ 36221][E][WiFiUdp.cpp:221] parsePacket(): could not receive data: 9
[ 36226][E][WiFiUdp.cpp:221] parsePacket(): could not receive data: 9
[ 36231][E][WiFiUdp.cpp:221] parsePacket(): could not receive data: 9
[ 36236][E][WiFiUdp.cpp:221] parsePacket(): could not receive data: 9
[ 36241][E][WiFiUdp.cpp:221] parsePacket(): could not receive data: 9
[ 36246][E][WiFiUdp.cpp:221] parsePacket(): could not receive data: 9
[ 36251][E][WiFiUdp.cpp:221] parsePacket(): could not receive data: 9
[ 36256][E][WiFiUdp.cpp:221] parsePacket(): could not receive data: 9
[ 36261][E][WiFiUdp.cpp:221] parsePacket(): could not receive data: 9
[ 36266][E][WiFiUdp.cpp:221] parsePacket(): could not receive data: 9
[ 36271][E][WiFiUdp.cpp:221] parsePacket(): could not receive data: 9
[ 36276][E][WiFiUdp.cpp:221] parsePacket(): could not receive data: 9
[ 36281][E][WiFiUdp.cpp:221] parsePacket(): could not receive data: 9
[ 36286][E][WiFiUdp.cpp:221] parsePacket(): could not receive data: 9
[ 36291][E][WiFiUdp.cpp:221] parsePacket(): could not receive data: 9
[ 36296][E][WiFiUdp.cpp:221] parsePacket(): could not receive data: 9
[ 36301][E][WiFiUdp.cpp:221] parsePacket(): could not receive data: 9
[ 36306][E][WiFiUdp.cpp:221] parsePacket(): could not receive data: 9
[ 36311][E][WiFiUdp.cpp:221] parsePacket(): could not receive data: 9
[ 36316][E][WiFiUdp.cpp:221] parsePacket(): could not receive data: 9
[ 36321][E][WiFiUdp.cpp:221] parsePacket(): could not receive data: 9
[ 36326][E][WiFiUdp.cpp:221] parsePacket(): could not receive data: 9
[ 36331][E][WiFiUdp.cpp:221] parsePacket(): could not receive data: 9
[ 36336][E][WiFiUdp.cpp:221] parsePacket(): could not receive data: 9
[ 36341][E][WiFiUdp.cpp:221] parsePacket(): could not receive data: 9
[ 36346][E][WiFiUdp.cpp:221] parsePacket(): could not receive data: 9
[ 36351][E][WiFiUdp.cpp:221] parsePacket(): could not receive data: 9
[ 36356][E][WiFiUdp.cpp:221] parsePacket(): could not receive data: 9
[ 36361][E][WiFiUdp.cpp:221] parsePacket(): could not receive data: 9
[ 36366][E][WiFiUdp.cpp:221] parsePacket(): could not receive data: 9
[ 36371][E][WiFiUdp.cpp:221] parsePacket(): could not receive data: 9
[ 36376][E][WiFiUdp.cpp:221] parsePacket(): could not receive data: 9
[ 36381][E][WiFiUdp.cpp:221] parsePacket(): could not receive data: 9
[ 36386][E][WiFiUdp.cpp:221] parsePacket(): could not receive data: 9
[ 36391][E][WiFiUdp.cpp:221] parsePacket(): could not receive data: 9
[ 36396][E][WiFiUdp.cpp:221] parsePacket(): could not receive data: 9
[ 36401][E][WiFiUdp.cpp:221] parsePacket(): could not receive data: 9
[ 36406][E][WiFiUdp.cpp:221] parsePacket(): could not receive data: 9
[ 36411][E][WiFiUdp.cpp:221] parsePacket(): could not receive data: 9
[ 36416][E][WiFiUdp.cpp:221] parsePacket(): could not receive data: 9
[ 36421][E][WiFiUdp.cpp:221] parsePacket(): could not receive data: 9
[ 36426][E][WiFiUdp.cpp:221] parsePacket(): could not receive data: 9
[ 36431][E][WiFiUdp.cpp:221] parsePacket(): could not receive data: 9
[ 36436][E][WiFiUdp.cpp:221] parsePacket(): could not receive data: 9
[ 36441][E][WiFiUdp.cpp:221] parsePacket(): could not receive data: 9
[ 36446][E][WiFiUdp.cpp:221] parsePacket(): could not receive data: 9
[ 36451][E][WiFiUdp.cpp:221] parsePacket(): could not receive data: 9
[ 36456][E][WiFiUdp.cpp:221] parsePacket(): could not receive data: 9
[ 36461][E][WiFiUdp.cpp:221] parsePacket(): could not receive data: 9
[ 36466][E][WiFiUdp.cpp:221] parsePacket(): could not receive data: 9
[ 36471][E][WiFiUdp.cpp:221] parsePacket(): could not receive data: 9
[ 36476][E][WiFiUdp.cpp:221] parsePacket(): could not receive data: 9
[ 36481][E][WiFiUdp.cpp:221] parsePacket(): could not receive data: 9
[ 36486][E][WiFiUdp.cpp:221] parsePacket(): could not receive data: 9
[ 36491][E][WiFiUdp.cpp:221] parsePacket(): could not receive data: 9
[ 36496][E][WiFiUdp.cpp:221] parsePacket(): could not receive data: 9
[ 36501][E][WiFiUdp.cpp:221] parsePacket(): could not receive data: 9
[ 36506][E][WiFiUdp.cpp:221] parsePacket(): could not receive data: 9
[ 36511][E][WiFiUdp.cpp:221] parsePacket(): could not receive data: 9
[ 36516][E][WiFiUdp.cpp:221] parsePacket(): could not receive data: 9
[ 36521][E][WiFiUdp.cpp:221] parsePacket(): could not receive data: 9
[ 36526][E][WiFiUdp.cpp:221] parsePacket(): could not receive data: 9
[ 36531][E][WiFiUdp.cpp:221] parsePacket(): could not receive data: 9
[ 36536][E][WiFiUdp.cpp:221] parsePacket(): could not receive data: 9
[ 36541][E][WiFiUdp.cpp:221] parsePacket(): could not receive data: 9
[ 36546][E][WiFiUdp.cpp:221] parsePacket(): could not receive data: 9
[ 36551][E][WiFiUdp.cpp:221] parsePacket(): could not receive data: 9
[ 36556][E][WiFiUdp.cpp:221] parsePacket(): could not receive data: 9
[ 36561][E][WiFiUdp.cpp:221] parsePacket(): could not receive data: 9
[ 36566][E][WiFiUdp.cpp:221] parsePacket(): could not receive data: 9
[ 36571][E][WiFiUdp.cpp:221] parsePacket(): could not receive data: 9
[ 36576][E][WiFiUdp.cpp:221] parsePacket(): could not receive data: 9
[ 36581][E][WiFiUdp.cpp:221] parsePacket(): could not receive data: 9
[ 36586][E][WiFiUdp.cpp:221] parsePacket(): could not receive data: 9
[ 36591][E][WiFiUdp.cpp:221] parsePacket(): could not receive data: 9
[ 36596][E][WiFiUdp.cpp:221] parsePacket(): could not receive data: 9
[ 36601][E][WiFiUdp.cpp:221] parsePacket(): could not receive data: 9
[ 36606][E][WiFiUdp.cpp:221] parsePacket(): could not receive data: 9
[ 36611][E][WiFiUdp.cpp:221] parsePacket(): could not receive data: 9
[ 36616][E][WiFiUdp.cpp:221] parsePacket(): could not receive data: 9
[ 36621][E][WiFiUdp.cpp:221] parsePacket(): could not receive data: 9
[ 36626][E][WiFiUdp.cpp:221] parsePacket(): could not receive data: 9
[ 36631][E][WiFiUdp.cpp:221] parsePacket(): could not receive data: 9
[ 36636][E][WiFiUdp.cpp:221] parsePacket(): could not receive data: 9
[ 36641][E][WiFiUdp.cpp:221] parsePacket(): could not receive data: 9
[ 36646][E][WiFiUdp.cpp:221] parsePacket(): could not receive data: 9
[ 36651][E][WiFiUdp.cpp:221] parsePacket(): could not receive data: 9
[ 36656][E][WiFiUdp.cpp:221] parsePacket(): could not receive data: 9
[ 36661][E][WiFiUdp.cpp:221] parsePacket(): could not receive data: 9
[ 36666][E][WiFiUdp.cpp:221] parsePacket(): could not receive data: 9
[ 36671][E][WiFiUdp.cpp:221] parsePacket(): could not receive data: 9
[ 36676][E][WiFiUdp.cpp:221] parsePacket(): could not receive data: 9
[ 36681][E][WiFiUdp.cpp:221] parsePacket(): could not receive data: 9
[ 36686][E][WiFiUdp.cpp:221] parsePacket(): could not receive data: 9
[ 36691][E][WiFiUdp.cpp:221] parsePacket(): could not receive data: 9
[ 36696][E][WiFiUdp.cpp:221] parsePacket(): could not receive data: 9
[ 36701][E][WiFiUdp.cpp:221] parsePacket(): could not receive data: 9
[ 36706][E][WiFiUdp.cpp:221] parsePacket(): could not receive data: 9
[ 36711][E][WiFiUdp.cpp:221] parsePacket(): could not receive data: 9
[ 36716][E][WiFiUdp.cpp:221] parsePacket(): could not receive data: 9
[ 36721][E][WiFiUdp.cpp:221] parsePacket(): could not receive data: 9
[ 36726][E][WiFiUdp.cpp:221] parsePacket(): could not receive data: 9
[ 36731][E][WiFiUdp.cpp:221] parsePacket(): could not receive data: 9
[ 36736][E][WiFiUdp.cpp:221] parsePacket(): could not receive data: 9
[ 36741][E][WiFiUdp.cpp:221] parsePacket(): could not receive data: 9
[ 36746][E][WiFiUdp.cpp:221] parsePacket(): could not receive data: 9
[ 36751][E][WiFiUdp.cpp:221] parsePacket(): could not receive data: 9
[ 36756][E][WiFiUdp.cpp:221] parsePacket(): could not receive data: 9
[ 36761][E][WiFiUdp.cpp:221] parsePacket(): could not receive data: 9
[ 36766][E][WiFiUdp.cpp:221] parsePacket(): could not receive data: 9
[ 36771][E][WiFiUdp.cpp:221] parsePacket(): could not receive data: 9
[ 36776][E][WiFiUdp.cpp:221] parsePacket(): could not receive data: 9
[ 36781][E][WiFiUdp.cpp:221] parsePacket(): could not receive data: 9
[ 36786][E][WiFiUdp.cpp:221] parsePacket(): could not receive data: 9
[ 36791][E][WiFiUdp.cpp:221] parsePacket(): could not receive data: 9
[ 36796][E][WiFiUdp.cpp:221] parsePacket(): could not receive data: 9
[ 36801][E][WiFiUdp.cpp:221] parsePacket(): could not receive data: 9
[ 36806][E][WiFiUdp.cpp:221] parsePacket(): could not receive data: 9
[ 36811][E][WiFiUdp.cpp:221] parsePacket(): could not receive data: 9
[ 36816][E][WiFiUdp.cpp:221] parsePacket(): could not receive data: 9
[ 36821][E][WiFiUdp.cpp:221] parsePacket(): could not receive data: 9
[ 36826][E][WiFiUdp.cpp:221] parsePacket(): could not receive data: 9
[ 36831][E][WiFiUdp.cpp:221] parsePacket(): could not receive data: 9
[ 36836][E][WiFiUdp.cpp:221] parsePacket(): could not receive data: 9
[ 36841][E][WiFiUdp.cpp:221] parsePacket(): could not receive data: 9
[ 36846][E][WiFiUdp.cpp:221] parsePacket(): could not receive data: 9
[ 36851][E][WiFiUdp.cpp:221] parsePacket(): could not receive data: 9
[ 36856][E][WiFiUdp.cpp:221] parsePacket(): could not receive data: 9
[ 36861][E][WiFiUdp.cpp:221] parsePacket(): could not receive data: 9
[ 36866][E][WiFiUdp.cpp:221] parsePacket(): could not receive data: 9
[ 36871][E][WiFiUdp.cpp:221] parsePacket(): could not receive data: 9
[ 36876][E][WiFiUdp.cpp:221] parsePacket(): could not receive data: 9
[ 36881][E][WiFiUdp.cpp:221] parsePacket(): could not receive data: 9
[ 36886][E][WiFiUdp.cpp:221] parsePacket(): could not receive data: 9
[ 36891][E][WiFiUdp.cpp:221] parsePacket(): could not receive data: 9
[ 36896][E][WiFiUdp.cpp:221] parsePacket(): could not receive data: 9
[ 36901][E][WiFiUdp.cpp:221] parsePacket(): could not receive data: 9
[ 36906][E][WiFiUdp.cpp:221] parsePacket(): could not receive data: 9
[ 36911][E][WiFiUdp.cpp:221] parsePacket(): could not receive data: 9
[ 36916][E][WiFiUdp.cpp:221] parsePacket(): could not receive data: 9
[ 36921][E][WiFiUdp.cpp:221] parsePacket(): could not receive data: 9
[ 36926][E][WiFiUdp.cpp:221] parsePacket(): could not receive data: 9
[ 36931][E][WiFiUdp.cpp:221] parsePacket(): could not receive data: 9
[ 36936][E][WiFiUdp.cpp:221] parsePacket(): could not receive data: 9
[ 36942][E][WiFiUdp.cpp:221] parsePacket(): could not receive data: 9
[ 36948][E][WiFiUdp.cpp:221] parsePacket(): could not receive data: 9
[ 36954][E][WiFiUdp.cpp:221] parsePacket(): could not receive data: 9
[ 36960][E][WiFiUdp.cpp:221] parsePacket(): could not receive data: 9
[ 36966][E][WiFiUdp.cpp:221] parsePacket(): could not receive data: 9
[ 36972][E][WiFiUdp.cpp:221] parsePacket(): could not receive data: 9
[ 36978][E][WiFiUdp.cpp:221] parsePacket(): could not receive data: 9
[ 36984][E][WiFiUdp.cpp:221] parsePacket(): could not receive data: 9
[ 36990][E][WiFiUdp.cpp:221] parsePacket(): could not receive data: 9
[ 36996][E][WiFiUdp.cpp:221] parsePacket(): could not receive data: 9
[ 37002][E][WiFiUdp.cpp:221] parsePacket(): could not receive data: 9
[ 37008][E][WiFiUdp.cpp:221] parsePacket(): could not receive data: 9
[ 37014][E][WiFiUdp.cpp:221] parsePacket(): could not receive data: 9
[ 37020][E][WiFiUdp.cpp:221] parsePacket(): could not receive data: 9
[ 37026][E][WiFiUdp.cpp:221] parsePacket(): could not receive data: 9
[ 37032][E][WiFiUdp.cpp:221] parsePacket(): could not receive data: 9
[ 37038][E][WiFiUdp.cpp:221] parsePacket(): could not receive data: 9
[ 37044][E][WiFiUdp.cpp:221] parsePacket(): could not receive data: 9
[ 37050][E][WiFiUdp.cpp:221] parsePacket(): could not receive data: 9
[ 37056][E][WiFiUdp.cpp:221] parsePacket(): could not receive data: 9
[ 37062][E][WiFiUdp.cpp:221] parsePacket(): could not receive data: 9
[ 37068][E][WiFiUdp.cpp:221] parsePacket(): could not receive data: 9
[ 37074][E][WiFiUdp.cpp:221] parsePacket(): could not receive data: 9
[ 37080][E][WiFiUdp.cpp:221] parsePacket(): could not receive data: 9
[ 37086][E][WiFiUdp.cpp:221] parsePacket(): could not receive data: 9
[ 37092][E][WiFiUdp.cpp:221] parsePacket(): could not receive data: 9
[ 37098][E][WiFiUdp.cpp:221] parsePacket(): could not receive data: 9
[ 37104][E][WiFiUdp.cpp:221] parsePacket(): could not receive data: 9
[ 37110][E][WiFiUdp.cpp:221] parsePacket(): could not receive data: 9
[ 37116][E][WiFiUdp.cpp:221] parsePacket(): could not receive data: 9
[ 37122][E][WiFiUdp.cpp:221] parsePacket(): could not receive data: 9
[ 37128][E][WiFiUdp.cpp:221] parsePacket(): could not receive data: 9
[ 37134][E][WiFiUdp.cpp:221] parsePacket(): could not receive data: 9
[ 37140][E][WiFiUdp.cpp:221] parsePacket(): could not receive data: 9
[ 37146][E][WiFiUdp.cpp:221] parsePacket(): could not receive data: 9
[ 37152][E][WiFiUdp.cpp:221] parsePacket(): could not receive data: 9
[ 37158][E][WiFiUdp.cpp:221] parsePacket(): could not receive data: 9
[ 37164][E][WiFiUdp.cpp:221] parsePacket(): could not receive data: 9
[ 37170][E][WiFiUdp.cpp:221] parsePacket(): could not receive data: 9
[ 37176][E][WiFiUdp.cpp:221] parsePacket(): could not receive data: 9
[ 37182][E][WiFiUdp.cpp:221] parsePacket(): could not receive data: 9
[ 37188][E][WiFiUdp.cpp:221] parsePacket(): could not receive data: 9
[ 37194][E][WiFiUdp.cpp:221] parsePacket(): could not receive data: 9
[ 37200][E][WiFiUdp.cpp:221] parsePacket(): could not receive data: 9
[ 37206][E][WiFiUdp.cpp:221] parsePacket(): could not receive data: 9
[ 37211][E][WiFiUdp.cpp:221] parsePacket(): could not receive data: 9
[ 37217][E][WiFiUdp.cpp:221] parsePacket(): could not receive data: 9
[ 37223][E][WiFiUdp.cpp:221] parsePacket(): could not receive data: 9
[ 37229][E][WiFiUdp.cpp:221] parsePacket(): could not receive data: 9
[ 37235][E][WiFiUdp.cpp:221] parsePacket(): could not receive data: 9
[ 37241][E][WiFiUdp.cpp:221] parsePacket(): could not receive data: 9
[ 37247][E][WiFiUdp.cpp:221] parsePacket(): could not receive data: 9
[ 37253][E][WiFiUdp.cpp:221] parsePacket(): could not receive data: 9
[ 37259][E][WiFiUdp.cpp:221] parsePacket(): could not receive data: 9
[ 37265][E][WiFiUdp.cpp:221] parsePacket(): could not receive data: 9
[ 37271][E][WiFiUdp.cpp:221] parsePacket(): could not receive data: 9
[ 37277][E][WiFiUdp.cpp:221] parsePacket(): could not receive data: 9
[ 37283][E][WiFiUdp.cpp:221] parsePacket(): could not receive data: 9
[ 37289][E][WiFiUdp.cpp:221] parsePacket(): could not receive data: 9
[ 37295][E][WiFiUdp.cpp:221] parsePacket(): could not receive data: 9
[ 37301][E][WiFiUdp.cpp:221] parsePacket(): could not receive data: 9
[ 37307][E][WiFiUdp.cpp:221] parsePacket(): could not receive data: 9
[ 37313][E][WiFiUdp.cpp:221] parsePacket(): could not receive data: 9
[ 37319][E][WiFiUdp.cpp:221] parsePacket(): could not receive data: 9
[ 37325][E][WiFiUdp.cpp:221] parsePacket(): could not receive data: 9
[ 37331][E][WiFiUdp.cpp:221] parsePacket(): could not receive data: 9
[ 37337][E][WiFiUdp.cpp:221] parsePacket(): could not receive data: 9
[ 37343][E][WiFiUdp.cpp:221] parsePacket(): could not receive data: 9
[ 37349][E][WiFiUdp.cpp:221] parsePacket(): could not receive data: 9
[ 37355][E][WiFiUdp.cpp:221] parsePacket(): could not receive data: 9
[ 37361][E][WiFiUdp.cpp:221] parsePacket(): could not receive data: 9
[ 37367][E][WiFiUdp.cpp:221] parsePacket(): could not receive data: 9
[ 37373][E][WiFiUdp.cpp:221] parsePacket(): could not receive data: 9
[ 37379][E][WiFiUdp.cpp:221] parsePacket(): could not receive data: 9
[ 37385][E][WiFiUdp.cpp:221] parsePacket(): could not receive data: 9
[ 37391][E][WiFiUdp.cpp:221] parsePacket(): could not receive data: 9
[ 37397][E][WiFiUdp.cpp:221] parsePacket(): could not receive data: 9
[ 37403][E][WiFiUdp.cpp:221] parsePacket(): could not receive data: 9
[ 37409][E][WiFiUdp.cpp:221] parsePacket(): could not receive data: 9
[ 37415][E][WiFiUdp.cpp:221] parsePacket(): could not receive data: 9
[ 37421][E][WiFiUdp.cpp:221] parsePacket(): could not receive data: 9
[ 37427][E][WiFiUdp.cpp:221] parsePacket(): could not receive data: 9
[ 37433][E][WiFiUdp.cpp:221] parsePacket(): could not receive data: 9
[ 37439][E][WiFiUdp.cpp:221] parsePacket(): could not receive data: 9
[ 37445][E][WiFiUdp.cpp:221] parsePacket(): could not receive data: 9
[ 37451][E][WiFiUdp.cpp:221] parsePacket(): could not receive data: 9
[ 37456][E][WiFiUdp.cpp:221] parsePacket(): could not receive data: 9
[ 37462][E][WiFiUdp.cpp:221] parsePacket(): could not receive data: 9
[ 37468][E][WiFiUdp.cpp:221] parsePacket(): could not receive data: 9
[ 37474][E][WiFiUdp.cpp:221] parsePacket(): could not receive data: 9
[ 37480][E][WiFiUdp.cpp:221] parsePacket(): could not receive data: 9
[ 37486][E][WiFiUdp.cpp:221] parsePacket(): could not receive data: 9
[ 37492][E][WiFiUdp.cpp:221] parsePacket(): could not receive data: 9
[ 37498][E][WiFiUdp.cpp:221] parsePacket(): could not receive data: 9
[ 37504][E][WiFiUdp.cpp:221] parsePacket(): could not receive data: 9
[ 37510][E][WiFiUdp.cpp:221] parsePacket(): could not receive data: 9
[ 37516][E][WiFiUdp.cpp:221] parsePacket(): could not receive data: 9
[ 37521][E][WiFiUdp.cpp:221] parsePacket(): could not receive data: 9
[ 37527][E][WiFiUdp.cpp:221] parsePacket(): could not receive data: 9
[ 37533][E][WiFiUdp.cpp:221] parsePacket(): could not receive data: 9
[ 37539][E][WiFiUdp.cpp:221] parsePacket(): could not receive data: 9
[ 37544][E][WiFiUdp.cpp:221] parsePacket(): could not receive data: 9
[ 37550][E][WiFiUdp.cpp:221] parsePacket(): could not receive data: 9
[ 37556][E][WiFiUdp.cpp:221] parsePacket(): could not receive data: 9
[ 37562][E][WiFiUdp.cpp:221] parsePacket(): could not receive data: 9
[ 37568][E][WiFiUdp.cpp:221] parsePacket(): could not receive data: 9
[ 37573][E][WiFiUdp.cpp:221] parsePacket(): could not receive data: 9
[ 37579][E][WiFiUdp.cpp:221] parsePacket(): could not receive data: 9
[ 37584][E][WiFiUdp.cpp:221] parsePacket(): could not receive data: 9
[ 37589][E][WiFiUdp.cpp:221] parsePacket(): could not receive data: 9
[ 37595][E][WiFiUdp.cpp:221] parsePacket(): could not receive data: 9
[ 37601][E][WiFiUdp.cpp:221] parsePacket(): could not receive data: 9
[ 37607][E][WiFiUdp.cpp:221] parsePacket(): could not receive data: 9
[ 37613][E][WiFiUdp.cpp:221] parsePacket(): could not receive data: 9
[ 37619][E][WiFiUdp.cpp:221] parsePacket(): could not receive data: 9
[ 37625][E][WiFiUdp.cpp:221] parsePacket(): could not receive data: 9
[ 37631][E][WiFiUdp.cpp:221] parsePacket(): could not receive data: 9
[ 37637][E][WiFiUdp.cpp:221] parsePacket(): could not receive data: 9
[ 37643][E][WiFiUdp.cpp:221] parsePacket(): could not receive data: 9
[ 37649][E][WiFiUdp.cpp:221] parsePacket(): could not receive data: 9
[ 37655][E][WiFiUdp.cpp:221] parsePacket(): could not receive data: 9
[ 37661][E][WiFiUdp.cpp:221] parsePacket(): could not receive data: 9
[ 37667][E][WiFiUdp.cpp:221] parsePacket(): could not receive data: 9
[ 37673][E][WiFiUdp.cpp:221] parsePacket(): could not receive data: 9
[ 37679][E][WiFiUdp.cpp:221] parsePacket(): could not receive data: 9
[ 37685][E][WiFiUdp.cpp:221] parsePacket(): could not receive data: 9
[ 37691][E][WiFiUdp.cpp:221] parsePacket(): could not receive data: 9
[ 37697][E][WiFiUdp.cpp:221] parsePacket(): could not receive data: 9
[ 37703][E][WiFiUdp.cpp:221] parsePacket(): could not receive data: 9
[ 37709][E][WiFiUdp.cpp:221] parsePacket(): could not receive data: 9
[ 37715][E][WiFiUdp.cpp:221] parsePacket(): could not receive data: 9
[ 37720][E][WiFiUdp.cpp:221] parsePacket(): could not receive data: 9
[ 37726][E][WiFiUdp.cpp:221] parsePacket(): could not receive data: 9
[ 37732][E][WiFiUdp.cpp:221] parsePacket(): could not receive data: 9
[ 37738][E][WiFiUdp.cpp:221] parsePacket(): could not receive data: 9
[ 37744][E][WiFiUdp.cpp:221] parsePacket(): could not receive data: 9
[ 37750][E][WiFiUdp.cpp:221] parsePacket(): could not receive data: 9
[ 37756][E][WiFiUdp.cpp:221] parsePacket(): could not receive data: 9
[ 37762][E][WiFiUdp.cpp:221] parsePacket(): could not receive data: 9
[ 37768][E][WiFiUdp.cpp:221] parsePacket(): could not receive data: 9
[ 37774][E][WiFiUdp.cpp:221] parsePacket(): could not receive data: 9
[ 37780][E][WiFiUdp.cpp:221] parsePacket(): could not receive data: 9
[ 37786][E][WiFiUdp.cpp:221] parsePacket(): could not receive data: 9
[ 37792][E][WiFiUdp.cpp:221] parsePacket(): could not receive data: 9
[ 37798][E][WiFiUdp.cpp:221] parsePacket(): could not receive data: 9
[ 37803][E][WiFiUdp.cpp:221] parsePacket(): could not receive data: 9
[ 37809][E][WiFiUdp.cpp:221] parsePacket(): could not receive data: 9
[ 37815][E][WiFiUdp.cpp:221] parsePacket(): could not receive data: 9
[ 37821][E][WiFiUdp.cpp:221] parsePacket(): could not receive data: 9
[ 37827][E][WiFiUdp.cpp:221] parsePacket(): could not receive data: 9
[ 37833][E][WiFiUdp.cpp:221] parsePacket(): could not receive data: 9
[ 37838][E][WiFiUdp.cpp:221] parsePacket(): could not receive data: 9
[ 37844][E][WiFiUdp.cpp:221] parsePacket(): could not receive data: 9
[ 37850][E][WiFiUdp.cpp:221] parsePacket(): could not receive data: 9
[ 37856][E][WiFiUdp.cpp:221] parsePacket(): could not receive data: 9
[ 37862][E][WiFiUdp.cpp:221] parsePacket(): could not receive data: 9
[ 37868][E][WiFiUdp.cpp:221] parsePacket(): could not receive data: 9
[ 37873][E][WiFiUdp.cpp:221] parsePacket(): could not receive data: 9
[ 37879][E][WiFiUdp.cpp:221] parsePacket(): could not receive data: 9
[ 37885][E][WiFiUdp.cpp:221] parsePacket(): could not receive data: 9
[ 37891][E][WiFiUdp.cpp:221] parsePacket(): could not receive data: 9
[ 37897][E][WiFiUdp.cpp:221] parsePacket(): could not receive data: 9
[ 37903][E][WiFiUdp.cpp:221] parsePacket(): could not receive data: 9
[ 37909][E][WiFiUdp.cpp:221] parsePacket(): could not receive data: 9
[ 37915][E][WiFiUdp.cpp:221] parsePacket(): could not receive data: 9
[ 37921][E][WiFiUdp.cpp:221] parsePacket(): could not receive data: 9
[ 37927][E][WiFiUdp.cpp:221] parsePacket(): could not receive data: 9
[ 37933][E][WiFiUdp.cpp:221] parsePacket(): could not receive data: 9
[ 37939][E][WiFiUdp.cpp:221] parsePacket(): could not receive data: 9
[ 37945][E][WiFiUdp.cpp:221] parsePacket(): could not receive data: 9
[ 37951][E][WiFiUdp.cpp:221] parsePacket(): could not receive data: 9
[ 37957][E][WiFiUdp.cpp:221] parsePacket(): could not receive data: 9
[ 37963][E][WiFiUdp.cpp:221] parsePacket(): could not receive data: 9
[ 37969][E][WiFiUdp.cpp:221] parsePacket(): could not receive data: 9
[ 37975][E][WiFiUdp.cpp:221] parsePacket(): could not receive data: 9
[ 37981][E][WiFiUdp.cpp:221] parsePacket(): could not receive data: 9
[ 37987][E][WiFiUdp.cpp:221] parsePacket(): could not receive data: 9
[ 37993][E][WiFiUdp.cpp:221] parsePacket(): could not receive data: 9
[ 37999][E][WiFiUdp.cpp:221] parsePacket(): could not receive data: 9
[ 38005][E][WiFiUdp.cpp:221] parsePacket(): could not receive data: 9
[ 38011][E][WiFiUdp.cpp:221] parsePacket(): could not receive data: 9
[ 38017][E][WiFiUdp.cpp:221] parsePacket(): could not receive data: 9
[ 38023][E][WiFiUdp.cpp:221] parsePacket(): could not receive data: 9
[ 38029][E][WiFiUdp.cpp:221] parsePacket(): could not receive data: 9
[ 38035][E][WiFiUdp.cpp:221] parsePacket(): could not receive data: 9
[ 38041][E][WiFiUdp.cpp:221] parsePacket(): could not receive data: 9
[ 38047][E][WiFiUdp.cpp:221] parsePacket(): could not receive data: 9
[ 38052][E][WiFiUdp.cpp:221] parsePacket(): could not receive data: 9
[ 38058][E][WiFiUdp.cpp:221] parsePacket(): could not receive data: 9
[ 38064][E][WiFiUdp.cpp:221] parsePacket(): could not receive data: 9
[ 38070][E][WiFiUdp.cpp:221] parsePacket(): could not receive data: 9
[ 38076][E][WiFiUdp.cpp:221] parsePacket(): could not receive data: 9
[ 38082][E][WiFiUdp.cpp:221] parsePacket(): could not receive data: 9
[ 38088][E][WiFiUdp.cpp:221] parsePacket(): could not receive data: 9
[ 38094][E][WiFiUdp.cpp:221] parsePacket(): could not receive data: 9
[ 38100][E][WiFiUdp.cpp:221] parsePacket(): could not receive data: 9
[ 38106][E][WiFiUdp.cpp:221] parsePacket(): could not receive data: 9
[ 38112][E][WiFiUdp.cpp:221] parsePacket(): could not receive data: 9
[ 38118][E][WiFiUdp.cpp:221] parsePacket(): could not receive data: 9
[ 38123][E][WiFiUdp.cpp:221] parsePacket(): could not receive data: 9
[ 38129][E][WiFiUdp.cpp:221] parsePacket(): could not receive data: 9
[ 38135][E][WiFiUdp.cpp:221] parsePacket(): could not receive data: 9
[ 38140][E][WiFiUdp.cpp:221] parsePacket(): could not receive data: 9
[ 38146][E][WiFiUdp.cpp:221] parsePacket(): could not receive data: 9
[ 38151][E][WiFiUdp.cpp:221] parsePacket(): could not receive data: 9
[ 38157][E][WiFiUdp.cpp:221] parsePacket(): could not receive data: 9
[ 38163][E][WiFiUdp.cpp:221] parsePacket(): could not receive data: 9
[ 38169][E][WiFiUdp.cpp:221] parsePacket(): could not receive data: 9
[ 38175][E][WiFiUdp.cpp:221] parsePacket(): could not receive data: 9
[ 38181][E][WiFiUdp.cpp:221] parsePacket(): could not receive data: 9
[ 38186][E][WiFiUdp.cpp:221] parsePacket(): could not receive data: 9
[ 38191][E][WiFiUdp.cpp:221] parsePacket(): could not receive data: 9
[ 38197][E][WiFiUdp.cpp:221] parsePacket(): could not receive data: 9
[ 38202][E][WiFiUdp.cpp:221] parsePacket(): could not receive data: 9
[ 38208][E][WiFiUdp.cpp:221] parsePacket(): could not receive data: 9
[ 38213][E][WiFiUdp.cpp:221] parsePacket(): could not receive data: 9
[ 38219][E][WiFiUdp.cpp:221] parsePacket(): could not receive data: 9
[ 38225][E][WiFiUdp.cpp:221] parsePacket(): could not receive data: 9
[ 38231][E][WiFiUdp.cpp:221] parsePacket(): could not receive data: 9
[ 38237][E][WiFiUdp.cpp:221] parsePacket(): could not receive data: 9
[ 38243][E][WiFiUdp.cpp:221] parsePacket(): could not receive data: 9
[ 38249][E][WiFiUdp.cpp:221] parsePacket(): could not receive data: 9
[ 38255][E][WiFiUdp.cpp:221] parsePacket(): could not receive data: 9
[ 38262][E][WiFiUdp.cpp:221] parsePacket(): could not receive data: 9
[ 38268][E][WiFiUdp.cpp:221] parsePacket(): could not receive data: 9
[ 38274][E][WiFiUdp.cpp:221] parsePacket(): could not receive data: 9
[ 38279][E][WiFiUdp.cpp:221] parsePacket(): could not receive data: 9
[ 38284][E][WiFiUdp.cpp:221] parsePacket(): could not receive data: 9
[ 38289][E][WiFiUdp.cpp:221] parsePacket(): could not receive data: 9
[ 38294][E][WiFiUdp.cpp:221] parsePacket(): could not receive data: 9
[ 38300][E][WiFiUdp.cpp:221] parsePacket(): could not receive data: 9
[ 38306][E][WiFiUdp.cpp:221] parsePacket(): could not receive data: 9
[ 38312][E][WiFiUdp.cpp:221] parsePacket(): could not receive data: 9
[ 38318][E][WiFiUdp.cpp:221] parsePacket(): could not receive data: 9
[ 38324][E][WiFiUdp.cpp:221] parsePacket(): could not receive data: 9
[ 38330][E][WiFiUdp.cpp:221] parsePacket(): could not receive data: 9
[ 38336][E][WiFiUdp.cpp:221] parsePacket(): could not receive data: 9
[ 38342][E][WiFiUdp.cpp:221] parsePacket(): could not receive data: 9
[ 38348][E][WiFiUdp.cpp:221] parsePacket(): could not receive data: 9
[ 38354][E][WiFiUdp.cpp:221] parsePacket(): could not receive data: 9
[ 38360][E][WiFiUdp.cpp:221] parsePacket(): could not receive data: 9
[ 38366][E][WiFiUdp.cpp:221] parsePacket(): could not receive data: 9
[ 38372][E][WiFiUdp.cpp:221] parsePacket(): could not receive data: 9
[ 38378][E][WiFiUdp.cpp:221] parsePacket(): could not receive data: 9
[ 38384][E][WiFiUdp.cpp:221] parsePacket(): could not receive data: 9
[ 38390][E][WiFiUdp.cpp:221] parsePacket(): could not receive data: 9
[ 38396][E][WiFiUdp.cpp:221] parsePacket(): could not receive data: 9
[ 38402][E][WiFiUdp.cpp:221] parsePacket(): could not receive data: 9
[ 38408][E][WiFiUdp.cpp:221] parsePacket(): could not receive data: 9
[ 38414][E][WiFiUdp.cpp:221] parsePacket(): could not receive data: 9
[ 38420][E][WiFiUdp.cpp:221] parsePacket(): could not receive data: 9
[ 38425][E][WiFiUdp.cpp:221] parsePacket(): could not receive data: 9
[ 38431][E][WiFiUdp.cpp:221] parsePacket(): could not receive data: 9
[ 38436][E][WiFiUdp.cpp:221] parsePacket(): could not receive data: 9
[ 38441][E][WiFiUdp.cpp:221] parsePacket(): could not receive data: 9
[ 38446][E][WiFiUdp.cpp:221] parsePacket(): could not receive data: 9
[ 38451][E][WiFiUdp.cpp:221] parsePacket(): could not receive data: 9
[ 38457][E][WiFiUdp.cpp:221] parsePacket(): could not receive data: 9
[ 38462][E][WiFiUdp.cpp:221] parsePacket(): could not receive data: 9
[ 38467][E][WiFiUdp.cpp:221] parsePacket(): could not receive data: 9
[ 38473][E][WiFiUdp.cpp:221] parsePacket(): could not receive data: 9
[ 38479][E][WiFiUdp.cpp:221] parsePacket(): could not receive data: 9
[ 38484][E][WiFiUdp.cpp:221] parsePacket(): could not receive data: 9
[ 38490][E][WiFiUdp.cpp:221] parsePacket(): could not receive data: 9
[ 38496][E][WiFiUdp.cpp:221] parsePacket(): could not receive data: 9
[ 38501][E][WiFiUdp.cpp:221] parsePacket(): could not receive data: 9
[ 38506][E][WiFiUdp.cpp:221] parsePacket(): could not receive data: 9
[ 38511][E][WiFiUdp.cpp:221] parsePacket(): could not receive data: 9
[ 38517][E][WiFiUdp.cpp:221] parsePacket(): could not receive data: 9
[ 38523][E][WiFiUdp.cpp:221] parsePacket(): could not receive data: 9
[ 38529][E][WiFiUdp.cpp:221] parsePacket(): could not receive data: 9
[ 38535][E][WiFiUdp.cpp:221] parsePacket(): could not receive data: 9
[ 38541][E][WiFiUdp.cpp:221] parsePacket(): could not receive data: 9
[ 38547][E][WiFiUdp.cpp:221] parsePacket(): could not receive data: 9
[ 38553][E][WiFiUdp.cpp:221] parsePacket(): could not receive data: 9
[ 38559][E][WiFiUdp.cpp:221] parsePacket(): could not receive data: 9
[ 38565][E][WiFiUdp.cpp:221] parsePacket(): could not receive data: 9
[ 38571][E][WiFiUdp.cpp:221] parsePacket(): could not receive data: 9
[ 38576][E][WiFiUdp.cpp:221] parsePacket(): could not receive data: 9
[ 38581][E][WiFiUdp.cpp:221] parsePacket(): could not receive data: 9
[ 38587][E][WiFiUdp.cpp:221] parsePacket(): could not receive data: 9
[ 38593][E][WiFiUdp.cpp:221] parsePacket(): could not receive data: 9
[ 38599][E][WiFiUdp.cpp:221] parsePacket(): could not receive data: 9
[ 38605][E][WiFiUdp.cpp:221] parsePacket(): could not receive data: 9
[ 38611][E][WiFiUdp.cpp:221] parsePacket(): could not receive data: 9
[ 38616][E][WiFiUdp.cpp:221] parsePacket(): could not receive data: 9
[ 38622][E][WiFiUdp.cpp:221] parsePacket(): could not receive data: 9
[ 38628][E][WiFiUdp.cpp:221] parsePacket(): could not receive data: 9
[ 38633][E][WiFiUdp.cpp:221] parsePacket(): could not receive data: 9
[ 38638][E][WiFiUdp.cpp:221] parsePacket(): could not receive data: 9
[ 38644][E][WiFiUdp.cpp:221] parsePacket(): could not receive data: 9
[ 38649][E][WiFiUdp.cpp:221] parsePacket(): could not receive data: 9
[ 38655][E][WiFiUdp.cpp:221] parsePacket(): could not receive data: 9
[ 38661][E][WiFiUdp.cpp:221] parsePacket(): could not receive data: 9
[ 38666][E][WiFiUdp.cpp:221] parsePacket(): could not receive data: 9
[ 38671][E][WiFiUdp.cpp:221] parsePacket(): could not receive data: 9
[ 38676][E][WiFiUdp.cpp:221] parsePacket(): could not receive data: 9
[ 38681][E][WiFiUdp.cpp:221] parsePacket(): could not receive data: 9
[ 38686][E][WiFiUdp.cpp:221] parsePacket(): could not receive data: 9
[ 38692][E][WiFiUdp.cpp:221] parsePacket(): could not receive data: 9
[ 38697][E][WiFiUdp.cpp:221] parsePacket(): could not receive data: 9
[ 38703][E][WiFiUdp.cpp:221] parsePacket(): could not receive data: 9
[ 38709][E][WiFiUdp.cpp:221] parsePacket(): could not receive data: 9
[ 38715][E][WiFiUdp.cpp:221] parsePacket(): could not receive data: 9
[ 38721][E][WiFiUdp.cpp:221] parsePacket(): could not receive data: 9
[ 38727][E][WiFiUdp.cpp:221] parsePacket(): could not receive data: 9
[ 38732][E][WiFiUdp.cpp:221] parsePacket(): could not receive data: 9
[ 38737][E][WiFiUdp.cpp:221] parsePacket(): could not receive data: 9
[ 38742][E][WiFiUdp.cpp:221] parsePacket(): could not receive data: 9
[ 38748][E][WiFiUdp.cpp:221] parsePacket(): could not receive data: 9
[ 38754][E][WiFiUdp.cpp:221] parsePacket(): could not receive data: 9
[ 38759][E][WiFiUdp.cpp:221] parsePacket(): could not receive data: 9
[ 38765][E][WiFiUdp.cpp:221] parsePacket(): could not receive data: 9
[ 38771][E][WiFiUdp.cpp:221] parsePacket(): could not receive data: 9
[ 38777][E][WiFiUdp.cpp:221] parsePacket(): could not receive data: 9
[ 38782][E][WiFiUdp.cpp:221] parsePacket(): could not receive data: 9
[ 38787][E][WiFiUdp.cpp:221] parsePacket(): could not receive data: 9
[ 38793][E][WiFiUdp.cpp:221] parsePacket(): could not receive data: 9
[ 38799][E][WiFiUdp.cpp:221] parsePacket(): could not receive data: 9
[ 38805][E][WiFiUdp.cpp:221] parsePacket(): could not receive data: 9
[ 38811][E][WiFiUdp.cpp:221] parsePacket(): could not receive data: 9
[ 38817][E][WiFiUdp.cpp:221] parsePacket(): could not receive data: 9
[ 38823][E][WiFiUdp.cpp:221] parsePacket(): could not receive data: 9
[ 38829][E][WiFiUdp.cpp:221] parsePacket(): could not receive data: 9
[ 38835][E][WiFiUdp.cpp:221] parsePacket(): could not receive data: 9
[ 38841][E][WiFiUdp.cpp:221] parsePacket(): could not receive data: 9
[ 38847][E][WiFiUdp.cpp:221] parsePacket(): could not receive data: 9
[ 38853][E][WiFiUdp.cpp:221] parsePacket(): could not receive data: 9
[ 38859][E][WiFiUdp.cpp:221] parsePacket(): could not receive data: 9
[ 38865][E][WiFiUdp.cpp:221] parsePacket(): could not receive data: 9
[ 38871][E][WiFiUdp.cpp:221] parsePacket(): could not receive data: 9
[ 38877][E][WiFiUdp.cpp:221] parsePacket(): could not receive data: 9
[ 38883][E][WiFiUdp.cpp:221] parsePacket(): could not receive data: 9
[ 38889][E][WiFiUdp.cpp:221] parsePacket(): could not receive data: 9
[ 38895][E][WiFiUdp.cpp:221] parsePacket(): could not receive data: 9
[ 38901][E][WiFiUdp.cpp:221] parsePacket(): could not receive data: 9
[ 38907][E][WiFiUdp.cpp:221] parsePacket(): could not receive data: 9
[ 38913][E][WiFiUdp.cpp:221] parsePacket(): could not receive data: 9
[ 38919][E][WiFiUdp.cpp:221] parsePacket(): could not receive data: 9
[ 38925][E][WiFiUdp.cpp:221] parsePacket(): could not receive data: 9
[ 38931][E][WiFiUdp.cpp:221] parsePacket(): could not receive data: 9
[ 38937][E][WiFiUdp.cpp:221] parsePacket(): could not receive data: 9
[ 38943][E][WiFiUdp.cpp:221] parsePacket(): could not receive data: 9
[ 38949][E][WiFiUdp.cpp:221] parsePacket(): could not receive data: 9
[ 38954][E][WiFiUdp.cpp:221] parsePacket(): could not receive data: 9
[ 38960][E][WiFiUdp.cpp:221] parsePacket(): could not receive data: 9
[ 38966][E][WiFiUdp.cpp:221] parsePacket(): could not receive data: 9
[ 38972][E][WiFiUdp.cpp:221] parsePacket(): could not receive data: 9
[ 38978][E][WiFiUdp.cpp:221] parsePacket(): could not receive data: 9
[ 38984][E][WiFiUdp.cpp:221] parsePacket(): could not receive data: 9
[ 38990][E][WiFiUdp.cpp:221] parsePacket(): could not receive data: 9
[ 38996][E][WiFiUdp.cpp:221] parsePacket(): could not receive data: 9
[ 39002][E][WiFiUdp.cpp:221] parsePacket(): could not receive data: 9
[ 39008][E][WiFiUdp.cpp:221] parsePacket(): could not receive data: 9
[ 39014][E][WiFiUdp.cpp:221] parsePacket(): could not receive data: 9
[ 39020][E][WiFiUdp.cpp:221] parsePacket(): could not receive data: 9
[ 39026][E][WiFiUdp.cpp:221] parsePacket(): could not receive data: 9
[ 39032][E][WiFiUdp.cpp:221] parsePacket(): could not receive data: 9
[ 39037][E][WiFiUdp.cpp:221] parsePacket(): could not receive data: 9
[ 39042][E][WiFiUdp.cpp:221] parsePacket(): could not receive data: 9
[ 39048][E][WiFiUdp.cpp:221] parsePacket(): could not receive data: 9
[ 39054][E][WiFiUdp.cpp:221] parsePacket(): could not receive data: 9
[ 39060][E][WiFiUdp.cpp:221] parsePacket(): could not receive data: 9
[ 39065][E][WiFiUdp.cpp:221] parsePacket(): could not receive data: 9
[ 39070][E][WiFiUdp.cpp:221] parsePacket(): could not receive data: 9
[ 39075][E][WiFiUdp.cpp:221] parsePacket(): could not receive data: 9
[ 39081][E][WiFiUdp.cpp:221] parsePacket(): could not receive data: 9
[ 39087][E][WiFiUdp.cpp:221] parsePacket(): could not receive data: 9
[ 39092][E][WiFiUdp.cpp:221] parsePacket(): could not receive data: 9
[ 39098][E][WiFiUdp.cpp:221] parsePacket(): could not receive data: 9
[ 39104][E][WiFiUdp.cpp:221] parsePacket(): could not receive data: 9
[ 39110][E][WiFiUdp.cpp:221] parsePacket(): could not receive data: 9
[ 39116][E][WiFiUdp.cpp:221] parsePacket(): could not receive data: 9
[ 39122][E][WiFiUdp.cpp:221] parsePacket(): could not receive data: 9
[ 39128][E][WiFiUdp.cpp:221] parsePacket(): could not receive data: 9
[ 39134][E][WiFiUdp.cpp:221] parsePacket(): could not receive data: 9
[ 39140][E][WiFiUdp.cpp:221] parsePacket(): could not receive data: 9
[ 39146][E][WiFiUdp.cpp:221] parsePacket(): could not receive data: 9
[ 39151][E][WiFiUdp.cpp:221] parsePacket(): could not receive data: 9
[ 39156][E][WiFiUdp.cpp:221] parsePacket(): could not receive data: 9
[ 39161][E][WiFiUdp.cpp:221] parsePacket(): could not receive data: 9
[ 39167][E][WiFiUdp.cpp:221] parsePacket(): could not receive data: 9
[ 39173][E][WiFiUdp.cpp:221] parsePacket(): could not receive data: 9
[ 39179][E][WiFiUdp.cpp:221] parsePacket(): could not receive data: 9
[ 39185][E][WiFiUdp.cpp:221] parsePacket(): could not receive data: 9
[ 39191][E][WiFiUdp.cpp:221] parsePacket(): could not receive data: 9
[ 39197][E][WiFiUdp.cpp:221] parsePacket(): could not receive data: 9
[ 39203][E][WiFiUdp.cpp:221] parsePacket(): could not receive data: 9
[ 39209][E][WiFiUdp.cpp:221] parsePacket(): could not receive data: 9
[ 39215][E][WiFiUdp.cpp:221] parsePacket(): could not receive data: 9
[ 39221][E][WiFiUdp.cpp:221] parsePacket(): could not receive data: 9
[ 39227][E][WiFiUdp.cpp:221] parsePacket(): could not receive data: 9
[ 39233][E][WiFiUdp.cpp:221] parsePacket(): could not receive data: 9
[ 39239][E][WiFiUdp.cpp:221] parsePacket(): could not receive data: 9
[ 39245][E][WiFiUdp.cpp:221] parsePacket(): could not receive data: 9
[ 39251][E][WiFiUdp.cpp:221] parsePacket(): could not receive data: 9
[ 39257][E][WiFiUdp.cpp:221] parsePacket(): could not receive data: 9
[ 39263][E][WiFiUdp.cpp:221] parsePacket(): could not receive data: 9
[ 39269][E][WiFiUdp.cpp:221] parsePacket(): could not receive data: 9
[ 39274][E][WiFiUdp.cpp:221] parsePacket(): could not receive data: 9
[ 39279][E][WiFiUdp.cpp:221] parsePacket(): could not receive data: 9
[ 39284][E][WiFiUdp.cpp:221] parsePacket(): could not receive data: 9
[ 39289][E][WiFiUdp.cpp:221] parsePacket(): could not receive data: 9
[ 39294][E][WiFiUdp.cpp:221] parsePacket(): could not receive data: 9
[ 39300][E][WiFiUdp.cpp:221] parsePacket(): could not receive data: 9
[ 39305][E][WiFiUdp.cpp:221] parsePacket(): could not receive data: 9
[ 39311][E][WiFiUdp.cpp:221] parsePacket(): could not receive data: 9
[ 39317][E][WiFiUdp.cpp:221] parsePacket(): could not receive data: 9
[ 39323][E][WiFiUdp.cpp:221] parsePacket(): could not receive data: 9
[ 39329][E][WiFiUdp.cpp:221] parsePacket(): could not receive data: 9
[ 39335][E][WiFiUdp.cpp:221] parsePacket(): could not receive data: 9
[ 39341][E][WiFiUdp.cpp:221] parsePacket(): could not receive data: 9
[ 39347][E][WiFiUdp.cpp:221] parsePacket(): could not receive data: 9
[ 39353][E][WiFiUdp.cpp:221] parsePacket(): could not receive data: 9
[ 39359][E][WiFiUdp.cpp:221] parsePacket(): could not receive data: 9
[ 39365][E][WiFiUdp.cpp:221] parsePacket(): could not receive data: 9
[ 39371][E][WiFiUdp.cpp:221] parsePacket(): could not receive data: 9
[ 39377][E][WiFiUdp.cpp:221] parsePacket(): could not receive data: 9
[ 39383][E][WiFiUdp.cpp:221] parsePacket(): could not receive data: 9
[ 39388][E][WiFiUdp.cpp:221] parsePacket(): could not receive data: 9
[ 39394][E][WiFiUdp.cpp:221] parsePacket(): could not receive data: 9
[ 39400][E][WiFiUdp.cpp:221] parsePacket(): could not receive data: 9
[ 39405][E][WiFiUdp.cpp:221] parsePacket(): could not receive data: 9
[ 39411][E][WiFiUdp.cpp:221] parsePacket(): could not receive data: 9
[ 39417][E][WiFiUdp.cpp:221] parsePacket(): could not receive data: 9
[ 39423][E][WiFiUdp.cpp:221] parsePacket(): could not receive data: 9
[ 39429][E][WiFiUdp.cpp:221] parsePacket(): could not receive data: 9
[ 39435][E][WiFiUdp.cpp:221] parsePacket(): could not receive data: 9
[ 39441][E][WiFiUdp.cpp:221] parsePacket(): could not receive data: 9
[ 39447][E][WiFiUdp.cpp:221] parsePacket(): could not receive data: 9
[ 39453][E][WiFiUdp.cpp:221] parsePacket(): could not receive data: 9
[ 39459][E][WiFiUdp.cpp:221] parsePacket(): could not receive data: 9
[ 39465][E][WiFiUdp.cpp:221] parsePacket(): could not receive data: 9
[ 39471][E][WiFiUdp.cpp:221] parsePacket(): could not receive data: 9
[ 39477][E][WiFiUdp.cpp:221] parsePacket(): could not receive data: 9
[ 39483][E][WiFiUdp.cpp:221] parsePacket(): could not receive data: 9
[ 39489][E][WiFiUdp.cpp:221] parsePacket(): could not receive data: 9
[ 39495][E][WiFiUdp.cpp:221] parsePacket(): could not receive data: 9
[ 39501][E][WiFiUdp.cpp:221] parsePacket(): could not receive data: 9
[ 39507][E][WiFiUdp.cpp:221] parsePacket(): could not receive data: 9
[ 39513][E][WiFiUdp.cpp:221] parsePacket(): could not receive data: 9
[ 39519][E][WiFiUdp.cpp:221] parsePacket(): could not receive data: 9
[ 39525][E][WiFiUdp.cpp:221] parsePacket(): could not receive data: 9
[ 39531][E][WiFiUdp.cpp:221] parsePacket(): could not receive data: 9
[ 39537][E][WiFiUdp.cpp:221] parsePacket(): could not receive data: 9
[ 39543][E][WiFiUdp.cpp:221] parsePacket(): could not receive data: 9
[ 39548][E][WiFiUdp.cpp:221] parsePacket(): could not receive data: 9
[ 39554][E][WiFiUdp.cpp:221] parsePacket(): could not receive data: 9
[ 39560][E][WiFiUdp.cpp:221] parsePacket(): could not receive data: 9
[ 39566][E][WiFiUdp.cpp:221] parsePacket(): could not receive data: 9
[ 39572][E][WiFiUdp.cpp:221] parsePacket(): could not receive data: 9
[ 39577][E][WiFiUdp.cpp:221] parsePacket(): could not receive data: 9
[ 39582][E][WiFiUdp.cpp:221] parsePacket(): could not receive data: 9
[ 39587][E][WiFiUdp.cpp:221] parsePacket(): could not receive data: 9
[ 39592][E][WiFiUdp.cpp:221] parsePacket(): could not receive data: 9
[ 39597][E][WiFiUdp.cpp:221] parsePacket(): could not receive data: 9
[ 39603][E][WiFiUdp.cpp:221] parsePacket(): could not receive data: 9
[ 39609][E][WiFiUdp.cpp:221] parsePacket(): could not receive data: 9
[ 39615][E][WiFiUdp.cpp:221] parsePacket(): could not receive data: 9
[ 39621][E][WiFiUdp.cpp:221] parsePacket(): could not receive data: 9
[ 39627][E][WiFiUdp.cpp:221] parsePacket(): could not receive data: 9
[ 39633][E][WiFiUdp.cpp:221] parsePacket(): could not receive data: 9
[ 39639][E][WiFiUdp.cpp:221] parsePacket(): could not receive data: 9
[ 39645][E][WiFiUdp.cpp:221] parsePacket(): could not receive data: 9
[ 39651][E][WiFiUdp.cpp:221] parsePacket(): could not receive data: 9
[ 39657][E][WiFiUdp.cpp:221] parsePacket(): could not receive data: 9
[ 39663][E][WiFiUdp.cpp:221] parsePacket(): could not receive data: 9
[ 39669][E][WiFiUdp.cpp:221] parsePacket(): could not receive data: 9
[ 39675][E][WiFiUdp.cpp:221] parsePacket(): could not receive data: 9
[ 39681][E][WiFiUdp.cpp:221] parsePacket(): could not receive data: 9
[ 39688][E][WiFiUdp.cpp:221] parsePacket(): could not receive data: 9
[ 39695][E][WiFiUdp.cpp:221] parsePacket(): could not receive data: 9
[ 39704][E][WiFiUdp.cpp:221] parsePacket(): could not receive data: 9
[ 39710][E][WiFiUdp.cpp:221] parsePacket(): could not receive data: 9
[ 39716][E][WiFiUdp.cpp:221] parsePacket(): could not receive data: 9
[ 39722][E][WiFiUdp.cpp:221] parsePacket(): could not receive data: 9
[ 39727][E][WiFiUdp.cpp:221] parsePacket(): could not receive data: 9
[ 39732][E][WiFiUdp.cpp:221] parsePacket(): could not receive data: 9
[ 39738][E][WiFiUdp.cpp:221] parsePacket(): could not receive data: 9
[ 39743][E][WiFiUdp.cpp:221] parsePacket(): could not receive data: 9
[ 39749][E][WiFiUdp.cpp:221] parsePacket(): could not receive data: 9
[ 39756][E][WiFiUdp.cpp:221] parsePacket(): could not receive data: 9
[ 39764][E][WiFiUdp.cpp:221] parsePacket(): could not receive data: 9
[ 39771][E][WiFiUdp.cpp:221] parsePacket(): could not receive data: 9
[ 39778][E][WiFiUdp.cpp:221] parsePacket(): could not receive data: 9
[ 39784][E][WiFiUdp.cpp:221] parsePacket(): could not receive data: 9
[ 39790][E][WiFiUdp.cpp:221] parsePacket(): could not receive data: 9
[ 39796][E][WiFiUdp.cpp:221] parsePacket(): could not receive data: 9
[ 39802][E][WiFiUdp.cpp:221] parsePacket(): could not receive data: 9
[ 39808][E][WiFiUdp.cpp:221] parsePacket(): could not receive data: 9
[ 39814][E][WiFiUdp.cpp:221] parsePacket(): could not receive data: 9
[ 39822][E][WiFiUdp.cpp:221] parsePacket(): could not receive data: 9
[ 39830][E][WiFiUdp.cpp:221] parsePacket(): could not receive data: 9
[ 39837][E][WiFiUdp.cpp:221] parsePacket(): could not receive data: 9
[ 39843][E][WiFiUdp.cpp:221] parsePacket(): could not receive data: 9
[ 39850][E][WiFiUdp.cpp:221] parsePacket(): could not receive data: 9
[ 39858][E][WiFiUdp.cpp:221] parsePacket(): could not receive data: 9
[ 39866][E][WiFiUdp.cpp:221] parsePacket(): could not receive data: 9
[ 39873][E][WiFiUdp.cpp:221] parsePacket(): could not receive data: 9
[ 39880][E][WiFiUdp.cpp:221] parsePacket(): could not receive data: 9
[ 39887][E][WiFiUdp.cpp:221] parsePacket(): could not receive data: 9
[ 39894][E][WiFiUdp.cpp:221] parsePacket(): could not receive data: 9
[ 39900][E][WiFiUdp.cpp:221] parsePacket(): could not receive data: 9
[ 39906][E][WiFiUdp.cpp:221] parsePacket(): could not receive data: 9
[ 39912][E][WiFiUdp.cpp:221] parsePacket(): could not receive data: 9
[ 39918][E][WiFiUdp.cpp:221] parsePacket(): could not receive data: 9
[ 39924][E][WiFiUdp.cpp:221] parsePacket(): could not receive data: 9
[ 39930][E][WiFiUdp.cpp:221] parsePacket(): could not receive data: 9
[ 39936][E][WiFiUdp.cpp:221] parsePacket(): could not receive data: 9
[ 39942][E][WiFiUdp.cpp:221] parsePacket(): could not receive data: 9
[ 39948][E][WiFiUdp.cpp:221] parsePacket(): could not receive data: 9
[ 39954][E][WiFiUdp.cpp:221] parsePacket(): could not receive data: 9
[ 39961][E][WiFiUdp.cpp:221] parsePacket(): could not receive data: 9
[ 39967][E][WiFiUdp.cpp:221] parsePacket(): could not receive data: 9
[ 39973][E][WiFiUdp.cpp:221] parsePacket(): could not receive data: 9
[ 39979][E][WiFiUdp.cpp:221] parsePacket(): could not receive data: 9
[ 39985][E][WiFiUdp.cpp:221] parsePacket(): could not receive data: 9
[ 39992][E][WiFiUdp.cpp:221] parsePacket(): could not receive data: 9
[ 39999][E][WiFiUdp.cpp:221] parsePacket(): could not receive data: 9
[ 40006][E][WiFiUdp.cpp:221] parsePacket(): could not receive data: 9
[ 40013][E][WiFiUdp.cpp:221] parsePacket(): could not receive data: 9
[ 40019][E][WiFiUdp.cpp:221] parsePacket(): could not receive data: 9
[ 40025][E][WiFiUdp.cpp:221] parsePacket(): could not receive data: 9
[ 40032][E][WiFiUdp.cpp:221] parsePacket(): could not receive data: 9
[ 40039][E][WiFiUdp.cpp:221] parsePacket(): could not receive data: 9
[ 40046][E][WiFiUdp.cpp:221] parsePacket(): could not receive data: 9
[ 40052][E][WiFiUdp.cpp:221] parsePacket(): could not receive data: 9
[ 40058][E][WiFiUdp.cpp:221] parsePacket(): could not receive data: 9
[ 40064][E][WiFiUdp.cpp:221] parsePacket(): could not receive data: 9
[ 40070][E][WiFiUdp.cpp:221] parsePacket(): could not receive data: 9
[ 40076][E][WiFiUdp.cpp:221] parsePacket(): could not receive data: 9
[ 40083][E][WiFiUdp.cpp:221] parsePacket(): could not receive data: 9
[ 40090][E][WiFiUdp.cpp:221] parsePacket(): could not receive data: 9
[ 40097][E][WiFiUdp.cpp:221] parsePacket(): could not receive data: 9
[ 40104][E][WiFiUdp.cpp:221] parsePacket(): could not receive data: 9
[ 40110][E][WiFiUdp.cpp:221] parsePacket(): could not receive data: 9
[ 40116][E][WiFiUdp.cpp:221] parsePacket(): could not receive data: 9
[ 40122][E][WiFiUdp.cpp:221] parsePacket(): could not receive data: 9
[ 40128][E][WiFiUdp.cpp:221] parsePacket(): could not receive data: 9
[ 40135][E][WiFiUdp.cpp:221] parsePacket(): could not receive data: 9
[ 40141][E][WiFiUdp.cpp:221] parsePacket(): could not receive data: 9
[ 40148][E][WiFiUdp.cpp:221] parsePacket(): could not receive data: 9
[ 40155][E][WiFiUdp.cpp:221] parsePacket(): could not receive data: 9
[ 40162][E][WiFiUdp.cpp:221] parsePacket(): could not receive data: 9
[ 40168][E][WiFiUdp.cpp:221] parsePacket(): could not receive data: 9
[ 40174][E][WiFiUdp.cpp:221] parsePacket(): could not receive data: 9
[ 40180][E][WiFiUdp.cpp:221] parsePacket(): could not receive data: 9
[ 40186][E][WiFiUdp.cpp:221] parsePacket(): could not receive data: 9
[ 40191][E][WiFiUdp.cpp:221] parsePacket(): could not receive data: 9
[ 40196][E][WiFiUdp.cpp:221] parsePacket(): could not receive data: 9
[ 40201][E][WiFiUdp.cpp:221] parsePacket(): could not receive data: 9
[ 40206][E][WiFiUdp.cpp:221] parsePacket(): could not receive data: 9
[ 40212][E][WiFiUdp.cpp:221] parsePacket(): could not receive data: 9
[ 40218][E][WiFiUdp.cpp:221] parsePacket(): could not receive data: 9
[ 40223][E][WiFiUdp.cpp:221] parsePacket(): could not receive data: 9
[ 40228][E][WiFiUdp.cpp:221] parsePacket(): could not receive data: 9
[ 40233][E][WiFiUdp.cpp:221] parsePacket(): could not receive data: 9
[ 40238][E][WiFiUdp.cpp:221] parsePacket(): could not receive data: 9
[ 40243][E][WiFiUdp.cpp:221] parsePacket(): could not receive data: 9
[ 40248][E][WiFiUdp.cpp:221] parsePacket(): could not receive data: 9
[ 40254][E][WiFiUdp.cpp:221] parsePacket(): could not receive data: 9
[ 40260][E][WiFiUdp.cpp:221] parsePacket(): could not receive data: 9
[ 40267][E][WiFiUdp.cpp:221] parsePacket(): could not receive data: 9
[ 40274][E][WiFiUdp.cpp:221] parsePacket(): could not receive data: 9
[ 40281][E][WiFiUdp.cpp:221] parsePacket(): could not receive data: 9
[ 40287][E][WiFiUdp.cpp:221] parsePacket(): could not receive data: 9
[ 40293][E][WiFiUdp.cpp:221] parsePacket(): could not receive data: 9
[ 40300][E][WiFiUdp.cpp:221] parsePacket(): could not receive data: 9
[ 40307][E][WiFiUdp.cpp:221] parsePacket(): could not receive data: 9
[ 40314][E][WiFiUdp.cpp:221] parsePacket(): could not receive data: 9
[ 40320][E][WiFiUdp.cpp:221] parsePacket(): could not receive data: 9
[ 40326][E][WiFiUdp.cpp:221] parsePacket(): could not receive data: 9
[ 40333][E][WiFiUdp.cpp:221] parsePacket(): could not receive data: 9
[ 40339][E][WiFiUdp.cpp:221] parsePacket(): could not receive data: 9
[ 40345][E][WiFiUdp.cpp:221] parsePacket(): could not receive data: 9
[ 40351][E][WiFiUdp.cpp:221] parsePacket(): could not receive data: 9
[ 40357][E][WiFiUdp.cpp:221] parsePacket(): could not receive data: 9
[ 40364][E][WiFiUdp.cpp:221] parsePacket(): could not receive data: 9
[ 40370][E][WiFiUdp.cpp:221] parsePacket(): could not receive data: 9
[ 40376][E][WiFiUdp.cpp:221] parsePacket(): could not receive data: 9
[ 40382][E][WiFiUdp.cpp:221] parsePacket(): could not receive data: 9
[ 40388][E][WiFiUdp.cpp:221] parsePacket(): could not receive data: 9
[ 40394][E][WiFiUdp.cpp:221] parsePacket(): could not receive data: 9
[ 40400][E][WiFiUdp.cpp:221] parsePacket(): could not receive data: 9
[ 40406][E][WiFiUdp.cpp:221] parsePacket(): could not receive data: 9
[ 40413][E][WiFiUdp.cpp:221] parsePacket(): could not receive data: 9
[ 40421][E][WiFiUdp.cpp:221] parsePacket(): could not receive data: 9
[ 40427][E][WiFiUdp.cpp:221] parsePacket(): could not receive data: 9
[ 40433][E][WiFiUdp.cpp:221] parsePacket(): could not receive data: 9
[ 40439][E][WiFiUdp.cpp:221] parsePacket(): could not receive data: 9
[ 40444][E][WiFiUdp.cpp:221] parsePacket(): could not receive data: 9
[ 40449][E][WiFiUdp.cpp:221] parsePacket(): could not receive data: 9
[ 40454][E][WiFiUdp.cpp:221] parsePacket(): could not receive data: 9
[ 40459][E][WiFiUdp.cpp:221] parsePacket(): could not receive data: 9
[ 40464][E][WiFiUdp.cpp:221] parsePacket(): could not receive data: 9
[ 40470][E][WiFiUdp.cpp:221] parsePacket(): could not receive data: 9
[ 40477][E][WiFiUdp.cpp:221] parsePacket(): could not receive data: 9
[ 40484][E][WiFiUdp.cpp:221] parsePacket(): could not receive data: 9
[ 40492][E][WiFiUdp.cpp:221] parsePacket(): could not receive data: 9
[ 40499][E][WiFiUdp.cpp:221] parsePacket(): could not receive data: 9
[ 40506][E][WiFiUdp.cpp:221] parsePacket(): could not receive data: 9
[ 40513][E][WiFiUdp.cpp:221] parsePacket(): could not receive data: 9
[ 40519][E][WiFiUdp.cpp:221] parsePacket(): could not receive data: 9
[ 40525][E][WiFiUdp.cpp:221] parsePacket(): could not receive data: 9
[ 40533][E][WiFiUdp.cpp:221] parsePacket(): could not receive data: 9
[ 40540][E][WiFiUdp.cpp:221] parsePacket(): could not receive data: 9
[ 40547][E][WiFiUdp.cpp:221] parsePacket(): could not receive data: 9
[ 40553][E][WiFiUdp.cpp:221] parsePacket(): could not receive data: 9
[ 40559][E][WiFiUdp.cpp:221] parsePacket(): could not receive data: 9
[ 40565][E][WiFiUdp.cpp:221] parsePacket(): could not receive data: 9
[ 40572][E][WiFiUdp.cpp:221] parsePacket(): could not receive data: 9
[ 40580][E][WiFiUdp.cpp:221] parsePacket(): could not receive data: 9
[ 40588][E][WiFiUdp.cpp:221] parsePacket(): could not receive data: 9
[ 40595][E][WiFiUdp.cpp:221] parsePacket(): could not receive data: 9
[ 40601][E][WiFiUdp.cpp:221] parsePacket(): could not receive data: 9
[ 40607][E][WiFiUdp.cpp:221] parsePacket(): could not receive data: 9
[ 40613][E][WiFiUdp.cpp:221] parsePacket(): could not receive data: 9
[ 40620][E][WiFiUdp.cpp:221] parsePacket(): could not receive data: 9
[ 40626][E][WiFiUdp.cpp:221] parsePacket(): could not receive data: 9
[ 40632][E][WiFiUdp.cpp:221] parsePacket(): could not receive data: 9
[ 40640][E][WiFiUdp.cpp:221] parsePacket(): could not receive data: 9
[ 40648][E][WiFiUdp.cpp:221] parsePacket(): could not receive data: 9
[ 40655][E][WiFiUdp.cpp:221] parsePacket(): could not receive data: 9
[ 40662][E][WiFiUdp.cpp:221] parsePacket(): could not receive data: 9
[ 40668][E][WiFiUdp.cpp:221] parsePacket(): could not receive data: 9
[ 40676][E][WiFiUdp.cpp:221] parsePacket(): could not receive data: 9
[ 40684][E][WiFiUdp.cpp:221] parsePacket(): could not receive data: 9
[ 40692][E][WiFiUdp.cpp:221] parsePacket(): could not receive data: 9
[ 40699][E][WiFiUdp.cpp:221] parsePacket(): could not receive data: 9
[ 40705][E][WiFiUdp.cpp:221] parsePacket(): could not receive data: 9
[ 40712][E][WiFiUdp.cpp:221] parsePacket(): could not receive data: 9
[ 40719][E][WiFiUdp.cpp:221] parsePacket(): could not receive data: 9
[ 40725][E][WiFiUdp.cpp:221] parsePacket(): could not receive data: 9
[ 40731][E][WiFiUdp.cpp:221] parsePacket(): could not receive data: 9
[ 40736][E][WiFiUdp.cpp:221] parsePacket(): could not receive data: 9
[ 40741][E][WiFiUdp.cpp:221] parsePacket(): could not receive data: 9
[ 40746][E][WiFiUdp.cpp:221] parsePacket(): could not receive data: 9
[ 40752][E][WiFiUdp.cpp:221] parsePacket(): could not receive data: 9
[ 40758][E][WiFiUdp.cpp:221] parsePacket(): could not receive data: 9
[ 40764][E][WiFiUdp.cpp:221] parsePacket(): could not receive data: 9
[ 40770][E][WiFiUdp.cpp:221] parsePacket(): could not receive data: 9
[ 40777][E][WiFiUdp.cpp:221] parsePacket(): could not receive data: 9
[ 40783][E][WiFiUdp.cpp:221] parsePacket(): could not receive data: 9
[ 40789][E][WiFiUdp.cpp:221] parsePacket(): could not receive data: 9
[ 40795][E][WiFiUdp.cpp:221] parsePacket(): could not receive data: 9
[ 40801][E][WiFiUdp.cpp:221] parsePacket(): could not receive data: 9
[ 40806][E][WiFiUdp.cpp:221] parsePacket(): could not receive data: 9
[ 40811][E][WiFiUdp.cpp:221] parsePacket(): could not receive data: 9
[ 40817][E][WiFiUdp.cpp:221] parsePacket(): could not receive data: 9
[ 40823][E][WiFiUdp.cpp:221] parsePacket(): could not receive data: 9
[ 40829][E][WiFiUdp.cpp:221] parsePacket(): could not receive data: 9
[ 40836][E][WiFiUdp.cpp:221] parsePacket(): could not receive data: 9
[ 40843][E][WiFiUdp.cpp:221] parsePacket(): could not receive data: 9
[ 40850][E][WiFiUdp.cpp:221] parsePacket(): could not receive data: 9
[ 40857][E][WiFiUdp.cpp:221] parsePacket(): could not receive data: 9
[ 40863][E][WiFiUdp.cpp:221] parsePacket(): could not receive data: 9
[ 40870][E][WiFiUdp.cpp:221] parsePacket(): could not receive data: 9
[ 40877][E][WiFiUdp.cpp:221] parsePacket(): could not receive data: 9
[ 40884][E][WiFiUdp.cpp:221] parsePacket(): could not receive data: 9
[ 40890][E][WiFiUdp.cpp:221] parsePacket(): could not receive data: 9
[ 40896][E][WiFiUdp.cpp:221] parsePacket(): could not receive data: 9
[ 40902][E][WiFiUdp.cpp:221] parsePacket(): could not receive data: 9
[ 40908][E][WiFiUdp.cpp:221] parsePacket(): could not receive data: 9
[ 40915][E][WiFiUdp.cpp:221] parsePacket(): could not receive data: 9
[ 40922][E][WiFiUdp.cpp:221] parsePacket(): could not receive data: 9
[ 40929][E][WiFiUdp.cpp:221] parsePacket(): could not receive data: 9
[ 40935][E][WiFiUdp.cpp:221] parsePacket(): could not receive data: 9
[ 40941][E][WiFiUdp.cpp:221] parsePacket(): could not receive data: 9
[ 40947][E][WiFiUdp.cpp:221] parsePacket(): could not receive data: 9
[ 40953][E][WiFiUdp.cpp:221] parsePacket(): could not receive data: 9
[ 40959][E][WiFiUdp.cpp:221] parsePacket(): could not receive data: 9
[ 40967][E][WiFiUdp.cpp:221] parsePacket(): could not receive data: 9
[ 40974][E][WiFiUdp.cpp:221] parsePacket(): could not receive data: 9
[ 40981][E][WiFiUdp.cpp:221] parsePacket(): could not receive data: 9
[ 40987][E][WiFiUdp.cpp:221] parsePacket(): could not receive data: 9
[ 40993][E][WiFiUdp.cpp:221] parsePacket(): could not receive data: 9
[ 40999][E][WiFiUdp.cpp:221] parsePacket(): could not receive data: 9
[ 41005][E][WiFiUdp.cpp:221] parsePacket(): could not receive data: 9
[ 41010][E][WiFiUdp.cpp:221] parsePacket(): could not receive data: 9
[ 41016][E][WiFiUdp.cpp:221] parsePacket(): could not receive data: 9
[ 41022][E][WiFiUdp.cpp:221] parsePacket(): could not receive data: 9
[ 41029][E][WiFiUdp.cpp:221] parsePacket(): could not receive data: 9
[ 41036][E][WiFiUdp.cpp:221] parsePacket(): could not receive data: 9
[ 41043][E][WiFiUdp.cpp:221] parsePacket(): could not receive data: 9
[ 41049][E][WiFiUdp.cpp:221] parsePacket(): could not receive data: 9
[ 41055][E][WiFiUdp.cpp:221] parsePacket(): could not receive data: 9
[ 41061][E][WiFiUdp.cpp:221] parsePacket(): could not receive data: 9
[ 41067][E][WiFiUdp.cpp:221] parsePacket(): could not receive data: 9
[ 41073][E][WiFiUdp.cpp:221] parsePacket(): could not receive data: 9
[ 41080][E][WiFiUdp.cpp:221] parsePacket(): could not receive data: 9
[ 41087][E][WiFiUdp.cpp:221] parsePacket(): could not receive data: 9
[ 41094][E][WiFiUdp.cpp:221] parsePacket(): could not receive data: 9
[ 41101][E][WiFiUdp.cpp:221] parsePacket(): could not receive data: 9
[ 41107][E][WiFiUdp.cpp:221] parsePacket(): could not receive data: 9
[ 41113][E][WiFiUdp.cpp:221] parsePacket(): could not receive data: 9
[ 41119][E][WiFiUdp.cpp:221] parsePacket(): could not receive data: 9
[ 41125][E][WiFiUdp.cpp:221] parsePacket(): could not receive data: 9
[ 41131][E][WiFiUdp.cpp:221] parsePacket(): could not receive data: 9
[ 41137][E][WiFiUdp.cpp:221] parsePacket(): could not receive data: 9
[ 41143][E][WiFiUdp.cpp:221] parsePacket(): could not receive data: 9
[ 41150][E][WiFiUdp.cpp:221] parsePacket(): could not receive data: 9
[ 41157][E][WiFiUdp.cpp:221] parsePacket(): could not receive data: 9
[ 41164][E][WiFiUdp.cpp:221] parsePacket(): could not receive data: 9
[ 41171][E][WiFiUdp.cpp:221] parsePacket(): could not receive data: 9
[ 41178][E][WiFiUdp.cpp:221] parsePacket(): could not receive data: 9
[ 41185][E][WiFiUdp.cpp:221] parsePacket(): could not receive data: 9
[ 41192][E][WiFiUdp.cpp:221] parsePacket(): could not receive data: 9
[ 41198][E][WiFiUdp.cpp:221] parsePacket(): could not receive data: 9
[ 41204][E][WiFiUdp.cpp:221] parsePacket(): could not receive data: 9
[ 41211][E][WiFiUdp.cpp:221] parsePacket(): could not receive data: 9
[ 41217][E][WiFiUdp.cpp:221] parsePacket(): could not receive data: 9
[ 41224][E][WiFiUdp.cpp:221] parsePacket(): could not receive data: 9
[ 41230][E][WiFiUdp.cpp:221] parsePacket(): could not receive data: 9
[ 41237][E][WiFiUdp.cpp:221] parsePacket(): could not receive data: 9
[ 41243][E][WiFiUdp.cpp:221] parsePacket(): could not receive data: 9
[ 41250][E][WiFiUdp.cpp:221] parsePacket(): could not receive data: 9
[ 41257][E][WiFiUdp.cpp:221] parsePacket(): could not receive data: 9
[ 41264][E][WiFiUdp.cpp:221] parsePacket(): could not receive data: 9
[ 41270][E][WiFiUdp.cpp:221] parsePacket(): could not receive data: 9
[ 41275][E][WiFiUdp.cpp:221] parsePacket(): could not receive data: 9
[ 41280][E][WiFiUdp.cpp:221] parsePacket(): could not receive data: 9
[ 41285][E][WiFiUdp.cpp:221] parsePacket(): could not receive data: 9
[ 41290][E][WiFiUdp.cpp:221] parsePacket(): could not receive data: 9
[ 41295][E][WiFiUdp.cpp:221] parsePacket(): could not receive data: 9
[ 41300][E][WiFiUdp.cpp:221] parsePacket(): could not receive data: 9
[ 41306][E][WiFiUdp.cpp:221] parsePacket(): could not receive data: 9
[ 41312][E][WiFiUdp.cpp:221] parsePacket(): could not receive data: 9
[ 41317][E][WiFiUdp.cpp:221] parsePacket(): could not receive data: 9
[ 41322][E][WiFiUdp.cpp:221] parsePacket(): could not receive data: 9
[ 41327][E][WiFiUdp.cpp:221] parsePacket(): could not receive data: 9
[ 41333][E][WiFiUdp.cpp:221] parsePacket(): could not receive data: 9
[ 41338][E][WiFiUdp.cpp:221] parsePacket(): could not receive data: 9
[ 41343][E][WiFiUdp.cpp:221] parsePacket(): could not receive data: 9
[ 41348][E][WiFiUdp.cpp:221] parsePacket(): could not receive data: 9
[ 41354][E][WiFiUdp.cpp:221] parsePacket(): could not receive data: 9
[ 41360][E][WiFiUdp.cpp:221] parsePacket(): could not receive data: 9
[ 41366][E][WiFiUdp.cpp:221] parsePacket(): could not receive data: 9
[ 41372][E][WiFiUdp.cpp:221] parsePacket(): could not receive data: 9
[ 41378][E][WiFiUdp.cpp:221] parsePacket(): could not receive data: 9
[ 41384][E][WiFiUdp.cpp:221] parsePacket(): could not receive data: 9
[ 41390][E][WiFiUdp.cpp:221] parsePacket(): could not receive data: 9
[ 41396][E][WiFiUdp.cpp:221] parsePacket(): could not receive data: 9
[ 41402][E][WiFiUdp.cpp:221] parsePacket(): could not receive data: 9
[ 41408][E][WiFiUdp.cpp:221] parsePacket(): could not receive data: 9
[ 41414][E][WiFiUdp.cpp:221] parsePacket(): could not receive data: 9
[ 41420][E][WiFiUdp.cpp:221] parsePacket(): could not receive data: 9
[ 41426][E][WiFiUdp.cpp:221] parsePacket(): could not receive data: 9
[ 41432][E][WiFiUdp.cpp:221] parsePacket(): could not receive data: 9
[ 41438][E][WiFiUdp.cpp:221] parsePacket(): could not receive data: 9
[ 41444][E][WiFiUdp.cpp:221] parsePacket(): could not receive data: 9
[ 41450][E][WiFiUdp.cpp:221] parsePacket(): could not receive data: 9
[ 41456][E][WiFiUdp.cpp:221] parsePacket(): could not receive data: 9
[ 41462][E][WiFiUdp.cpp:221] parsePacket(): could not receive data: 9
[ 41468][E][WiFiUdp.cpp:221] parsePacket(): could not receive data: 9
[ 41474][E][WiFiUdp.cpp:221] parsePacket(): could not receive data: 9
[ 41480][E][WiFiUdp.cpp:221] parsePacket(): could not receive data: 9
[ 41488][E][WiFiUdp.cpp:221] parsePacket(): could not receive data: 9
[ 41495][E][WiFiUdp.cpp:221] parsePacket(): could not receive data: 9
[ 41501][E][WiFiUdp.cpp:221] parsePacket(): could not receive data: 9
[ 41507][E][WiFiUdp.cpp:221] parsePacket(): could not receive data: 9
[ 41513][E][WiFiUdp.cpp:221] parsePacket(): could not receive data: 9
[ 41519][E][WiFiUdp.cpp:221] parsePacket(): could not receive data: 9
[ 41525][E][WiFiUdp.cpp:221] parsePacket(): could not receive data: 9
[ 41531][E][WiFiUdp.cpp:221] parsePacket(): could not receive data: 9
[ 41537][E][WiFiUdp.cpp:221] parsePacket(): could not receive data: 9
[ 41543][E][WiFiUdp.cpp:221] parsePacket(): could not receive data: 9
[ 41549][E][WiFiUdp.cpp:221] parsePacket(): could not receive data: 9
[ 41556][E][WiFiUdp.cpp:221] parsePacket(): could not receive data: 9
[ 41562][E][WiFiUdp.cpp:221] parsePacket(): could not receive data: 9
[ 41568][E][WiFiUdp.cpp:221] parsePacket(): could not receive data: 9
[ 41574][E][WiFiUdp.cpp:221] parsePacket(): could not receive data: 9
[ 41580][E][WiFiUdp.cpp:221] parsePacket(): could not receive data: 9
[ 41586][E][WiFiUdp.cpp:221] parsePacket(): could not receive data: 9
[ 41592][E][WiFiUdp.cpp:221] parsePacket(): could not receive data: 9
[ 41599][E][WiFiUdp.cpp:221] parsePacket(): could not receive data: 9
[ 41605][E][WiFiUdp.cpp:221] parsePacket(): could not receive data: 9
[ 41611][E][WiFiUdp.cpp:221] parsePacket(): could not receive data: 9
[ 41617][E][WiFiUdp.cpp:221] parsePacket(): could not receive data: 9
[ 41623][E][WiFiUdp.cpp:221] parsePacket(): could not receive data: 9
[ 41630][E][WiFiUdp.cpp:221] parsePacket(): could not receive data: 9
[ 41636][E][WiFiUdp.cpp:221] parsePacket(): could not receive data: 9
[ 41642][E][WiFiUdp.cpp:221] parsePacket(): could not receive data: 9
[ 41648][E][WiFiUdp.cpp:221] parsePacket(): could not receive data: 9
[ 41656][E][WiFiUdp.cpp:221] parsePacket(): could not receive data: 9
[ 41663][E][WiFiUdp.cpp:221] parsePacket(): could not receive data: 9
[ 41669][E][WiFiUdp.cpp:221] parsePacket(): could not receive data: 9
[ 41675][E][WiFiUdp.cpp:221] parsePacket(): could not receive data: 9
[ 41681][E][WiFiUdp.cpp:221] parsePacket(): could not receive data: 9
[ 41687][E][WiFiUdp.cpp:221] parsePacket(): could not receive data: 9
[ 41693][E][WiFiUdp.cpp:221] parsePacket(): could not receive data: 9
[ 41699][E][WiFiUdp.cpp:221] parsePacket(): could not receive data: 9
[ 41705][E][WiFiUdp.cpp:221] parsePacket(): could not receive data: 9
[ 41711][E][WiFiUdp.cpp:221] parsePacket(): could not receive data: 9
[ 41717][E][WiFiUdp.cpp:221] parsePacket(): could not receive data: 9
[ 41724][E][WiFiUdp.cpp:221] parsePacket(): could not receive data: 9
[ 41730][E][WiFiUdp.cpp:221] parsePacket(): could not receive data: 9
[ 41736][E][WiFiUdp.cpp:221] parsePacket(): could not receive data: 9
[ 41742][E][WiFiUdp.cpp:221] parsePacket(): could not receive data: 9
[ 41748][E][WiFiUdp.cpp:221] parsePacket(): could not receive data: 9
[ 41754][E][WiFiUdp.cpp:221] parsePacket(): could not receive data: 9
[ 41760][E][WiFiUdp.cpp:221] parsePacket(): could not receive data: 9
[ 41766][E][WiFiUdp.cpp:221] parsePacket(): could not receive data: 9
[ 41772][E][WiFiUdp.cpp:221] parsePacket(): could not receive data: 9
[ 41779][E][WiFiUdp.cpp:221] parsePacket(): could not receive data: 9
[ 41786][E][WiFiUdp.cpp:221] parsePacket(): could not receive data: 9
[ 41793][E][WiFiUdp.cpp:221] parsePacket(): could not receive data: 9
[ 41800][E][WiFiUdp.cpp:221] parsePacket(): could not receive data: 9
[ 41807][E][WiFiUdp.cpp:221] parsePacket(): could not receive data: 9
[ 41815][E][WiFiUdp.cpp:221] parsePacket(): could not receive data: 9
[ 41823][E][WiFiUdp.cpp:221] parsePacket(): could not receive data: 9
[ 41829][E][WiFiUdp.cpp:221] parsePacket(): could not receive data: 9
[ 41835][E][WiFiUdp.cpp:221] parsePacket(): could not receive data: 9
[ 41841][E][WiFiUdp.cpp:221] parsePacket(): could not receive data: 9
[ 41847][E][WiFiUdp.cpp:221] parsePacket(): could not receive data: 9
[ 41853][E][WiFiUdp.cpp:221] parsePacket(): could not receive data: 9
[ 41859][E][WiFiUdp.cpp:221] parsePacket(): could not receive data: 9
[ 41865][E][WiFiUdp.cpp:221] parsePacket(): could not receive data: 9
[ 41872][E][WiFiUdp.cpp:221] parsePacket(): could not receive data: 9
[ 41879][E][WiFiUdp.cpp:221] parsePacket(): could not receive data: 9
[ 41885][E][WiFiUdp.cpp:221] parsePacket(): could not receive data: 9
[ 41892][E][WiFiUdp.cpp:221] parsePacket(): could not receive data: 9
[ 41899][E][WiFiUdp.cpp:221] parsePacket(): could not receive data: 9
[ 41905][E][WiFiUdp.cpp:221] parsePacket(): could not receive data: 9
[ 41911][E][WiFiUdp.cpp:221] parsePacket(): could not receive data: 9
[ 41917][E][WiFiUdp.cpp:221] parsePacket(): could not receive data: 9
[ 41923][E][WiFiUdp.cpp:221] parsePacket(): could not receive data: 9
[ 41931][E][WiFiUdp.cpp:221] parsePacket(): could not receive data: 9
[ 41938][E][WiFiUdp.cpp:221] parsePacket(): could not receive data: 9
[ 41946][E][WiFiUdp.cpp:221] parsePacket(): could not receive data: 9
[ 41953][E][WiFiUdp.cpp:221] parsePacket(): could not receive data: 9
[ 41959][E][WiFiUdp.cpp:221] parsePacket(): could not receive data: 9
[ 41965][E][WiFiUdp.cpp:221] parsePacket(): could not receive data: 9
[ 41971][E][WiFiUdp.cpp:221] parsePacket(): could not receive data: 9
[ 41977][E][WiFiUdp.cpp:221] parsePacket(): could not receive data: 9
[ 41983][E][WiFiUdp.cpp:221] parsePacket(): could not receive data: 9
[ 41989][E][WiFiUdp.cpp:221] parsePacket(): could not receive data: 9
[ 41994][E][WiFiUdp.cpp:221] parsePacket(): could not receive data: 9
[ 41999][E][WiFiUdp.cpp:221] parsePacket(): could not receive data: 9
[ 42005][E][WiFiUdp.cpp:221] parsePacket(): could not receive data: 9
[ 42011][E][WiFiUdp.cpp:221] parsePacket(): could not receive data: 9
[ 42017][E][WiFiUdp.cpp:221] parsePacket(): could not receive data: 9
[ 42022][E][WiFiUdp.cpp:221] parsePacket(): could not receive data: 9
[ 42027][E][WiFiUdp.cpp:221] parsePacket(): could not receive data: 9
[ 42032][E][WiFiUdp.cpp:221] parsePacket(): could not receive data: 9
[ 42037][E][WiFiUdp.cpp:221] parsePacket(): could not receive data: 9
[ 42043][E][WiFiUdp.cpp:221] parsePacket(): could not receive data: 9
[ 42049][E][WiFiUdp.cpp:221] parsePacket(): could not receive data: 9
[ 42055][E][WiFiUdp.cpp:221] parsePacket(): could not receive data: 9
[ 42061][E][WiFiUdp.cpp:221] parsePacket(): could not receive data: 9
[ 42067][E][WiFiUdp.cpp:221] parsePacket(): could not receive data: 9
[ 42074][E][WiFiUdp.cpp:221] parsePacket(): could not receive data: 9
[ 42080][E][WiFiUdp.cpp:221] parsePacket(): could not receive data: 9
[ 42087][E][WiFiUdp.cpp:221] parsePacket(): could not receive data: 9
[ 42094][E][WiFiUdp.cpp:221] parsePacket(): could not receive data: 9
[ 42101][E][WiFiUdp.cpp:221] parsePacket(): could not receive data: 9
[ 42107][E][WiFiUdp.cpp:221] parsePacket(): could not receive data: 9
[ 42113][E][WiFiUdp.cpp:221] parsePacket(): could not receive data: 9
[ 42120][E][WiFiUdp.cpp:221] parsePacket(): could not receive data: 9
[ 42127][E][WiFiUdp.cpp:221] parsePacket(): could not receive data: 9
[ 42133][E][WiFiUdp.cpp:221] parsePacket(): could not receive data: 9
[ 42140][E][WiFiUdp.cpp:221] parsePacket(): could not receive data: 9
[ 42148][E][WiFiUdp.cpp:221] parsePacket(): could not receive data: 9
[ 42155][E][WiFiUdp.cpp:221] parsePacket(): could not receive data: 9
[ 42163][E][WiFiUdp.cpp:221] parsePacket(): could not receive data: 9
[ 42169][E][WiFiUdp.cpp:221] parsePacket(): could not receive data: 9
[ 42175][E][WiFiUdp.cpp:221] parsePacket(): could not receive data: 9
[ 42183][E][WiFiUdp.cpp:221] parsePacket(): could not receive data: 9
[ 42190][E][WiFiUdp.cpp:221] parsePacket(): could not receive data: 9
[ 42197][E][WiFiUdp.cpp:221] parsePacket(): could not receive data: 9
[ 42204][E][WiFiUdp.cpp:221] parsePacket(): could not receive data: 9
[ 42210][E][WiFiUdp.cpp:221] parsePacket(): could not receive data: 9
[ 42216][E][WiFiUdp.cpp:221] parsePacket(): could not receive data: 9
[ 42222][E][WiFiUdp.cpp:221] parsePacket(): could not receive data: 9
[ 42228][E][WiFiUdp.cpp:221] parsePacket(): could not receive data: 9
[ 42234][E][WiFiUdp.cpp:221] parsePacket(): could not receive data: 9
[ 42241][E][WiFiUdp.cpp:221] parsePacket(): could not receive data: 9
[ 42247][E][WiFiUdp.cpp:221] parsePacket(): could not receive data: 9
[ 42253][E][WiFiUdp.cpp:221] parsePacket(): could not receive data: 9
[ 42259][E][WiFiUdp.cpp:221] parsePacket(): could not receive data: 9
[ 42265][E][WiFiUdp.cpp:221] parsePacket(): could not receive data: 9
[ 42271][E][WiFiUdp.cpp:221] parsePacket(): could not receive data: 9
[ 42278][E][WiFiUdp.cpp:221] parsePacket(): could not receive data: 9
[ 42284][E][WiFiUdp.cpp:221] parsePacket(): could not receive data: 9
[ 42290][E][WiFiUdp.cpp:221] parsePacket(): could not receive data: 9
[ 42296][E][WiFiUdp.cpp:221] parsePacket(): could not receive data: 9
[ 42301][E][WiFiUdp.cpp:221] parsePacket(): could not receive data: 9
[ 42306][E][WiFiUdp.cpp:221] parsePacket(): could not receive data: 9
[ 42311][E][WiFiUdp.cpp:221] parsePacket(): could not receive data: 9
[ 42317][E][WiFiUdp.cpp:221] parsePacket(): could not receive data: 9
[ 42323][E][WiFiUdp.cpp:221] parsePacket(): could not receive data: 9
[ 42329][E][WiFiUdp.cpp:221] parsePacket(): could not receive data: 9
[ 42335][E][WiFiUdp.cpp:221] parsePacket(): could not receive data: 9
[ 42341][E][WiFiUdp.cpp:221] parsePacket(): could not receive data: 9
[ 42348][E][WiFiUdp.cpp:221] parsePacket(): could not receive data: 9
[ 42354][E][WiFiUdp.cpp:221] parsePacket(): could not receive data: 9
[ 42360][E][WiFiUdp.cpp:221] parsePacket(): could not receive data: 9
[ 42366][E][WiFiUdp.cpp:221] parsePacket(): could not receive data: 9
[ 42372][E][WiFiUdp.cpp:221] parsePacket(): could not receive data: 9
[ 42379][E][WiFiUdp.cpp:221] parsePacket(): could not receive data: 9
[ 42386][E][WiFiUdp.cpp:221] parsePacket(): could not receive data: 9
[ 42392][E][WiFiUdp.cpp:221] parsePacket(): could not receive data: 9
[ 42398][E][WiFiUdp.cpp:221] parsePacket(): could not receive data: 9
[ 42403][E][WiFiUdp.cpp:221] parsePacket(): could not receive data: 9
[ 42408][E][WiFiUdp.cpp:221] parsePacket(): could not receive data: 9
[ 42414][E][WiFiUdp.cpp:221] parsePacket(): could not receive data: 9
[ 42420][E][WiFiUdp.cpp:221] parsePacket(): could not receive data: 9
[ 42426][E][WiFiUdp.cpp:221] parsePacket(): could not receive data: 9
[ 42432][E][WiFiUdp.cpp:221] parsePacket(): could not receive data: 9
[ 42438][E][WiFiUdp.cpp:221] parsePacket(): could not receive data: 9
[ 42444][E][WiFiUdp.cpp:221] parsePacket(): could not receive data: 9
[ 42450][E][WiFiUdp.cpp:221] parsePacket(): could not receive data: 9
[ 42458][E][WiFiUdp.cpp:221] parsePacket(): could not receive data: 9
[ 42466][E][WiFiUdp.cpp:221] parsePacket(): could not receive data: 9
[ 42473][E][WiFiUdp.cpp:221] parsePacket(): could not receive data: 9
[ 42479][E][WiFiUdp.cpp:221] parsePacket(): could not receive data: 9
[ 42485][E][WiFiUdp.cpp:221] parsePacket(): could not receive data: 9
[ 42491][E][WiFiUdp.cpp:221] parsePacket(): could not receive data: 9
[ 42497][E][WiFiUdp.cpp:221] parsePacket(): could not receive data: 9
[ 42503][E][WiFiUdp.cpp:221] parsePacket(): could not receive data: 9
[ 42509][E][WiFiUdp.cpp:221] parsePacket(): could not receive data: 9
[ 42515][E][WiFiUdp.cpp:221] parsePacket(): could not receive data: 9
[ 42521][E][WiFiUdp.cpp:221] parsePacket(): could not receive data: 9
[ 42528][E][WiFiUdp.cpp:221] parsePacket(): could not receive data: 9
[ 42534][E][WiFiUdp.cpp:221] parsePacket(): could not receive data: 9
[ 42540][E][WiFiUdp.cpp:221] parsePacket(): could not receive data: 9
[ 42546][E][WiFiUdp.cpp:221] parsePacket(): could not receive data: 9
[ 42552][E][WiFiUdp.cpp:221] parsePacket(): could not receive data: 9
[ 42558][E][WiFiUdp.cpp:221] parsePacket(): could not receive data: 9
[ 42564][E][WiFiUdp.cpp:221] parsePacket(): could not receive data: 9
[ 42569][E][WiFiUdp.cpp:221] parsePacket(): could not receive data: 9
[ 42574][E][WiFiUdp.cpp:221] parsePacket(): could not receive data: 9
[ 42580][E][WiFiUdp.cpp:221] parsePacket(): could not receive data: 9
[ 42586][E][WiFiUdp.cpp:221] parsePacket(): could not receive data: 9
[ 42592][E][WiFiUdp.cpp:221] parsePacket(): could not receive data: 9
[ 42598][E][WiFiUdp.cpp:221] parsePacket(): could not receive data: 9
[ 42604][E][WiFiUdp.cpp:221] parsePacket(): could not receive data: 9
[ 42610][E][WiFiUdp.cpp:221] parsePacket(): could not receive data: 9
[ 42617][E][WiFiUdp.cpp:221] parsePacket(): could not receive data: 9
[ 42624][E][WiFiUdp.cpp:221] parsePacket(): could not receive data: 9
[ 42630][E][WiFiUdp.cpp:221] parsePacket(): could not receive data: 9
[ 42637][E][WiFiUdp.cpp:221] parsePacket(): could not receive data: 9
[ 42643][E][WiFiUdp.cpp:221] parsePacket(): could not receive data: 9
[ 42649][E][WiFiUdp.cpp:221] parsePacket(): could not receive data: 9
[ 42655][E][WiFiUdp.cpp:221] parsePacket(): could not receive data: 9
[ 42662][E][WiFiUdp.cpp:221] parsePacket(): could not receive data: 9
[ 42668][E][WiFiUdp.cpp:221] parsePacket(): could not receive data: 9
[ 42674][E][WiFiUdp.cpp:221] parsePacket(): could not receive data: 9
[ 42680][E][WiFiUdp.cpp:221] parsePacket(): could not receive data: 9
[ 42686][E][WiFiUdp.cpp:221] parsePacket(): could not receive data: 9
[ 42692][E][WiFiUdp.cpp:221] parsePacket(): could not receive data: 9
[ 42698][E][WiFiUdp.cpp:221] parsePacket(): could not receive data: 9
[ 42704][E][WiFiUdp.cpp:221] parsePacket(): could not receive data: 9
[ 42710][E][WiFiUdp.cpp:221] parsePacket(): could not receive data: 9
[ 42717][E][WiFiUdp.cpp:221] parsePacket(): could not receive data: 9
[ 42725][E][WiFiUdp.cpp:221] parsePacket(): could not receive data: 9
[ 42733][E][WiFiUdp.cpp:221] parsePacket(): could not receive data: 9
[ 42741][E][WiFiUdp.cpp:221] parsePacket(): could not receive data: 9
[ 42749][E][WiFiUdp.cpp:221] parsePacket(): could not receive data: 9
[ 42755][E][WiFiUdp.cpp:221] parsePacket(): could not receive data: 9
[ 42762][E][WiFiUdp.cpp:221] parsePacket(): could not receive data: 9
[ 42770][E][WiFiUdp.cpp:221] parsePacket(): could not receive data: 9
[ 42777][E][WiFiUdp.cpp:221] parsePacket(): could not receive data: 9
[ 42783][E][WiFiUdp.cpp:221] parsePacket(): could not receive data: 9
[ 42789][E][WiFiUdp.cpp:221] parsePacket(): could not receive data: 9
[ 42795][E][WiFiUdp.cpp:221] parsePacket(): could not receive data: 9
[ 42801][E][WiFiUdp.cpp:221] parsePacket(): could not receive data: 9
[ 42808][E][WiFiUdp.cpp:221] parsePacket(): could not receive data: 9
[ 42814][E][WiFiUdp.cpp:221] parsePacket(): could not receive data: 9
[ 42820][E][WiFiUdp.cpp:221] parsePacket(): could not receive data: 9
[ 42826][E][WiFiUdp.cpp:221] parsePacket(): could not receive data: 9
[ 42832][E][WiFiUdp.cpp:221] parsePacket(): could not receive data: 9
[ 42838][E][WiFiUdp.cpp:221] parsePacket(): could not receive data: 9
[ 42844][E][WiFiUdp.cpp:221] parsePacket(): could not receive data: 9
[ 42851][E][WiFiUdp.cpp:221] parsePacket(): could not receive data: 9
[ 42857][E][WiFiUdp.cpp:221] parsePacket(): could not receive data: 9
[ 42863][E][WiFiUdp.cpp:221] parsePacket(): could not receive data: 9
[ 42869][E][WiFiUdp.cpp:221] parsePacket(): could not receive data: 9
[ 42875][E][WiFiUdp.cpp:221] parsePacket(): could not receive data: 9
[ 42882][E][WiFiUdp.cpp:221] parsePacket(): could not receive data: 9
[ 42888][E][WiFiUdp.cpp:221] parsePacket(): could not receive data: 9
[ 42895][E][WiFiUdp.cpp:221] parsePacket(): could not receive data: 9
[ 42903][E][WiFiUdp.cpp:221] parsePacket(): could not receive data: 9
[ 42910][E][WiFiUdp.cpp:221] parsePacket(): could not receive data: 9
[ 42916][E][WiFiUdp.cpp:221] parsePacket(): could not receive data: 9
[ 42922][E][WiFiUdp.cpp:221] parsePacket(): could not receive data: 9
[ 42928][E][WiFiUdp.cpp:221] parsePacket(): could not receive data: 9
[ 42934][E][WiFiUdp.cpp:221] parsePacket(): could not receive data: 9
[ 42941][E][WiFiUdp.cpp:221] parsePacket(): could not receive data: 9
[ 42947][E][WiFiUdp.cpp:221] parsePacket(): could not receive data: 9
[ 42953][E][WiFiUdp.cpp:221] parsePacket(): could not receive data: 9
[ 42959][E][WiFiUdp.cpp:221] parsePacket(): could not receive data: 9
[ 42965][E][WiFiUdp.cpp:221] parsePacket(): could not receive data: 9
[ 42971][E][WiFiUdp.cpp:221] parsePacket(): could not receive data: 9
[ 42977][E][WiFiUdp.cpp:221] parsePacket(): could not receive data: 9
[ 42983][E][WiFiUdp.cpp:221] parsePacket(): could not receive data: 9
[ 42989][E][WiFiUdp.cpp:221] parsePacket(): could not receive data: 9
[ 42996][E][WiFiUdp.cpp:221] parsePacket(): could not receive data: 9
[ 43002][E][WiFiUdp.cpp:221] parsePacket(): could not receive data: 9
[ 43008][E][WiFiUdp.cpp:221] parsePacket(): could not receive data: 9
[ 43015][E][WiFiUdp.cpp:221] parsePacket(): could not receive data: 9
[ 43021][E][WiFiUdp.cpp:221] parsePacket(): could not receive data: 9
[ 43027][E][WiFiUdp.cpp:221] parsePacket(): could not receive data: 9
[ 43033][E][WiFiUdp.cpp:221] parsePacket(): could not receive data: 9
[ 43039][E][WiFiUdp.cpp:221] parsePacket(): could not receive data: 9
[ 43046][E][WiFiUdp.cpp:221] parsePacket(): could not receive data: 9
[ 43052][E][WiFiUdp.cpp:221] parsePacket(): could not receive data: 9
[ 43058][E][WiFiUdp.cpp:221] parsePacket(): could not receive data: 9
[ 43064][E][WiFiUdp.cpp:221] parsePacket(): could not receive data: 9
[ 43071][E][WiFiUdp.cpp:221] parsePacket(): could not receive data: 9
[ 43077][E][WiFiUdp.cpp:221] parsePacket(): could not receive data: 9
[ 43082][E][WiFiUdp.cpp:221] parsePacket(): could not receive data: 9
[ 43088][E][WiFiUdp.cpp:221] parsePacket(): could not receive data: 9
[ 43094][E][WiFiUdp.cpp:221] parsePacket(): could not receive data: 9
[ 43100][E][WiFiUdp.cpp:221] parsePacket(): could not receive data: 9
[ 43105][E][WiFiUdp.cpp:221] parsePacket(): could not receive data: 9
[ 43110][E][WiFiUdp.cpp:221] parsePacket(): could not receive data: 9
[ 43115][E][WiFiUdp.cpp:221] parsePacket(): could not receive data: 9
[ 43120][E][WiFiUdp.cpp:221] parsePacket(): could not receive data: 9
[ 43125][E][WiFiUdp.cpp:221] parsePacket(): could not receive data: 9
[ 43130][E][WiFiUdp.cpp:221] parsePacket(): could not receive data: 9
[ 43135][E][WiFiUdp.cpp:221] parsePacket(): could not receive data: 9
[ 43140][E][WiFiUdp.cpp:221] parsePacket(): could not receive data: 9
[ 43145][E][WiFiUdp.cpp:221] parsePacket(): could not receive data: 9
[ 43150][E][WiFiUdp.cpp:221] parsePacket(): could not receive data: 9
[ 43155][E][WiFiUdp.cpp:221] parsePacket(): could not receive data: 9
[ 43161][E][WiFiUdp.cpp:221] parsePacket(): could not receive data: 9
[ 43167][E][WiFiUdp.cpp:221] parsePacket(): could not receive data: 9
[ 43188][E][WiFiUdp.cpp:221] parsePacket(): could not receive data: 9
[ 43195][E][WiFiUdp.cpp:221] parsePacket(): could not receive data: 9
[ 43201][E][WiFiUdp.cpp:221] parsePacket(): could not receive data: 9
[ 43207][E][WiFiUdp.cpp:221] parsePacket(): could not receive data: 9
[ 43213][E][WiFiUdp.cpp:221] parsePacket(): could not receive data: 9
[ 43220][E][WiFiUdp.cpp:221] parsePacket(): could not receive data: 9
[ 43226][E][WiFiUdp.cpp:221] parsePacket(): could not receive data: 9
[ 43233][E][WiFiUdp.cpp:221] parsePacket(): could not receive data: 9
[ 43239][E][WiFiUdp.cpp:221] parsePacket(): could not receive data: 9
[ 43245][E][WiFiUdp.cpp:221] parsePacket(): could not receive data: 9
[ 43252][E][WiFiUdp.cpp:221] parsePacket(): could not receive data: 9
[ 43258][E][WiFiUdp.cpp:221] parsePacket(): could not receive data: 9
[ 43264][E][WiFiUdp.cpp:221] parsePacket(): could not receive data: 9
[ 43270][E][WiFiUdp.cpp:221] parsePacket(): could not receive data: 9
[ 43277][E][WiFiUdp.cpp:221] parsePacket(): could not receive data: 9
[ 43283][E][WiFiUdp.cpp:221] parsePacket(): could not receive data: 9
[ 43290][E][WiFiUdp.cpp:221] parsePacket(): could not receive data: 9
[ 43297][E][WiFiUdp.cpp:221] parsePacket(): could not receive data: 9
[ 43303][E][WiFiUdp.cpp:221] parsePacket(): could not receive data: 9
[ 43309][E][WiFiUdp.cpp:221] parsePacket(): could not receive data: 9
[ 43315][E][WiFiUdp.cpp:221] parsePacket(): could not receive data: 9
[ 43321][E][WiFiUdp.cpp:221] parsePacket(): could not receive data: 9
[ 43327][E][WiFiUdp.cpp:221] parsePacket(): could not receive data: 9
[ 43333][E][WiFiUdp.cpp:221] parsePacket(): could not receive data: 9
[ 43339][E][WiFiUdp.cpp:221] parsePacket(): could not receive data: 9
[ 43346][E][WiFiUdp.cpp:221] parsePacket(): could not receive data: 9
[ 43352][E][WiFiUdp.cpp:221] parsePacket(): could not receive data: 9
[ 43359][E][WiFiUdp.cpp:221] parsePacket(): could not receive data: 9
[ 43366][E][WiFiUdp.cpp:221] parsePacket(): could not receive data: 9
[ 43373][E][WiFiUdp.cpp:221] parsePacket(): could not receive data: 9
[ 43380][E][WiFiUdp.cpp:221] parsePacket(): could not receive data: 9
[ 43387][E][WiFiUdp.cpp:221] parsePacket(): could not receive data: 9
[ 43394][E][WiFiUdp.cpp:221] parsePacket(): could not receive data: 9
[ 43400][E][WiFiUdp.cpp:221] parsePacket(): could not receive data: 9
[ 43407][E][WiFiUdp.cpp:221] parsePacket(): could not receive data: 9
[ 43414][E][WiFiUdp.cpp:221] parsePacket(): could not receive data: 9
[ 43420][E][WiFiUdp.cpp:221] parsePacket(): could not receive data: 9
[ 43426][E][WiFiUdp.cpp:221] parsePacket(): could not receive data: 9
[ 43433][E][WiFiUdp.cpp:221] parsePacket(): could not receive data: 9
[ 43439][E][WiFiUdp.cpp:221] parsePacket(): could not receive data: 9
[ 43446][E][WiFiUdp.cpp:221] parsePacket(): could not receive data: 9
[ 43452][E][WiFiUdp.cpp:221] parsePacket(): could not receive data: 9
[ 43459][E][WiFiUdp.cpp:221] parsePacket(): could not receive data: 9
[ 43465][E][WiFiUdp.cpp:221] parsePacket(): could not receive data: 9
[ 43472][E][WiFiUdp.cpp:221] parsePacket(): could not receive data: 9
[ 43479][E][WiFiUdp.cpp:221] parsePacket(): could not receive data: 9
[ 43485][E][WiFiUdp.cpp:221] parsePacket(): could not receive data: 9
[ 43492][E][WiFiUdp.cpp:221] parsePacket(): could not receive data: 9
[ 43498][E][WiFiUdp.cpp:221] parsePacket(): could not receive data: 9
[ 43504][E][WiFiUdp.cpp:221] parsePacket(): could not receive data: 9
[ 43510][E][WiFiUdp.cpp:221] parsePacket(): could not receive data: 9
[ 43516][E][WiFiUdp.cpp:221] parsePacket(): could not receive data: 9
[ 43522][E][WiFiUdp.cpp:221] parsePacket(): could not receive data: 9
[ 43528][E][WiFiUdp.cpp:221] parsePacket(): could not receive data: 9
[ 43535][E][WiFiUdp.cpp:221] parsePacket(): could not receive data: 9
[ 43541][E][WiFiUdp.cpp:221] parsePacket(): could not receive data: 9
[ 43547][E][WiFiUdp.cpp:221] parsePacket(): could not receive data: 9
[ 43553][E][WiFiUdp.cpp:221] parsePacket(): could not receive data: 9
[ 43559][E][WiFiUdp.cpp:221] parsePacket(): could not receive data: 9
[ 43565][E][WiFiUdp.cpp:221] parsePacket(): could not receive data: 9
[ 43571][E][WiFiUdp.cpp:221] parsePacket(): could not receive data: 9
[ 43577][E][WiFiUdp.cpp:221] parsePacket(): could not receive data: 9
[ 43584][E][WiFiUdp.cpp:221] parsePacket(): could not receive data: 9
[ 43590][E][WiFiUdp.cpp:221] parsePacket(): could not receive data: 9
[ 43596][E][WiFiUdp.cpp:221] parsePacket(): could not receive data: 9
[ 43602][E][WiFiUdp.cpp:221] parsePacket(): could not receive data: 9
[ 43608][E][WiFiUdp.cpp:221] parsePacket(): could not receive data: 9
[ 43615][E][WiFiUdp.cpp:221] parsePacket(): could not receive data: 9
[ 43622][E][WiFiUdp.cpp:221] parsePacket(): could not receive data: 9
[ 43628][E][WiFiUdp.cpp:221] parsePacket(): could not receive data: 9
[ 43634][E][WiFiUdp.cpp:221] parsePacket(): could not receive data: 9
[ 43641][E][WiFiUdp.cpp:221] parsePacket(): could not receive data: 9
[ 43647][E][WiFiUdp.cpp:221] parsePacket(): could not receive data: 9
[ 43655][E][WiFiUdp.cpp:221] parsePacket(): could not receive data: 9
[ 43662][E][WiFiUdp.cpp:221] parsePacket(): could not receive data: 9
[ 43669][E][WiFiUdp.cpp:221] parsePacket(): could not receive data: 9
[ 43675][E][WiFiUdp.cpp:221] parsePacket(): could not receive data: 9
[ 43681][E][WiFiUdp.cpp:221] parsePacket(): could not receive data: 9
[ 43688][E][WiFiUdp.cpp:221] parsePacket(): could not receive data: 9
[ 43696][E][WiFiUdp.cpp:221] parsePacket(): could not receive data: 9
[ 43703][E][WiFiUdp.cpp:221] parsePacket(): could not receive data: 9
[ 43711][E][WiFiUdp.cpp:221] parsePacket(): could not receive data: 9
[ 43718][E][WiFiUdp.cpp:221] parsePacket(): could not receive data: 9
[ 43724][E][WiFiUdp.cpp:221] parsePacket(): could not receive data: 9
[ 43731][E][WiFiUdp.cpp:221] parsePacket(): could not receive data: 9
[ 43737][E][WiFiUdp.cpp:221] parsePacket(): could not receive data: 9
[ 43743][E][WiFiUdp.cpp:221] parsePacket(): could not receive data: 9
[ 43749][E][WiFiUdp.cpp:221] parsePacket(): could not receive data: 9
[ 43755][E][WiFiUdp.cpp:221] parsePacket(): could not receive data: 9
[ 43761][E][WiFiUdp.cpp:221] parsePacket(): could not receive data: 9
[ 43768][E][WiFiUdp.cpp:221] parsePacket(): could not receive data: 9
[ 43774][E][WiFiUdp.cpp:221] parsePacket(): could not receive data: 9
[ 43780][E][WiFiUdp.cpp:221] parsePacket(): could not receive data: 9
[ 43787][E][WiFiUdp.cpp:221] parsePacket(): could not receive data: 9
[ 43794][E][WiFiUdp.cpp:221] parsePacket(): could not receive data: 9
[ 43802][E][WiFiUdp.cpp:221] parsePacket(): could not receive data: 9
[ 43809][E][WiFiUdp.cpp:221] parsePacket(): could not receive data: 9
[ 43816][E][WiFiUdp.cpp:221] parsePacket(): could not receive data: 9
[ 43822][E][WiFiUdp.cpp:221] parsePacket(): could not receive data: 9
[ 43829][E][WiFiUdp.cpp:221] parsePacket(): could not receive data: 9
[ 43837][E][WiFiUdp.cpp:221] parsePacket(): could not receive data: 9
[ 43844][E][WiFiUdp.cpp:221] parsePacket(): could not receive data: 9
[ 43850][E][WiFiUdp.cpp:221] parsePacket(): could not receive data: 9
[ 43856][E][WiFiUdp.cpp:221] parsePacket(): could not receive data: 9
[ 43862][E][WiFiUdp.cpp:221] parsePacket(): could not receive data: 9
[ 43868][E][WiFiUdp.cpp:221] parsePacket(): could not receive data: 9
[ 43874][E][WiFiUdp.cpp:221] parsePacket(): could not receive data: 9
[ 43882][E][WiFiUdp.cpp:221] parsePacket(): could not receive data: 9
[ 43892][E][WiFiUdp.cpp:221] parsePacket(): could not receive data: 9
[CON ]...accept() fd=50 free=132920
[CON ]...Client authenticated on port 2323. free heap=127692
-[ 43903][E][WiFiUdp.cpp:221] parsePacket(): could not receive data: 9
-[ 43911][E][WiFiUdp.cpp:221] parsePacket(): could not receive data: 9
i[ 43920][E][WiFiUdp.cpp:221] parsePacket(): could not receive data: 9
n[ 43930][E][WiFiUdp.cpp:221] parsePacket(): could not receive data: 9
f[ 43939][E][WiFiUdp.cpp:221] parsePacket(): could not receive data: 9
o[ 43947][E][WiFiUdp.cpp:221] parsePacket(): could not receive data: 9
[ 43954][E][WiFiUdp.cpp:221] parsePacket(): could not receive data: 9

--MeshCom 4.35t (build: Sep 26 2026 / 22:39:03)
...UPDATE: 
...Call: <TE5T-1> ...ID 00000000 ...NODE 39 <EBYTE_E22> ...UTC-OFF 1.000000 [CPU]
...BATT 4.10 V ...BATT 85 % ...MAXV 4.200 V
...TIME 43962 ms
...Flash-Version 20260724
...NOMSGALL off ...MESH off ...BUTTON (12) off ...SOFTSER off ... SOFTSERREAD off
...PASSWD <>
...DEBUG man ...DEBUG en
...DEBUG off ...LORADEBUG off ...GPSDEBUG off/0 ...SOFTSERDEBUG off
...WXDEBUG off ...BLEDEBUG off
...DisplayInfo off ...DisplayCont off ...DisplyLog off ...contrast 255 ...ackinfo off
...EXTUDP off ...EXT IP none ...NOPMOTHER off
...BTCODE 000000
...APRSMC: APRSMC
...ATXT: 
...NAME: 
...BLE : short
...DISPLAY on
...CTRY EU8
...FREQ 433.1750 MHz TXPWR 17 dBm RXBOOST off
...MAXHOP text 4 / pos 2

...Webserver  on / Webpwd <> / Gateway off 
...NETConsole on (port 2323)
...KISS/TCP   off / TX off / RxMeta off / Auth off
...WIFI-AP    off
...SSID <none> / PASSWORD <***>
...NETWORK Mode:WiFi
...hasIpAddress: yes
...IP address   : 10.0.2.15
...SUBNET-MASK  : 255.255.255.0
...GW address   : 10.0.2.5
...DNS address  : 
...UDP-HBeat : 43978
[ 43978][E][WiFiUdp.cpp:221] parsePacket(): could not receive data: 9
[CON ]...Client disconnected. free heap=134960
[ 43985][E][WiFiUdp.cpp:221] parsePacket(): could not receive data: 9
[ 43991][E][WiFiUdp.cpp:221] parsePacket(): could not receive data: 9
[ 43998][E][WiFiUdp.cpp:221] parsePacket(): could not receive data: 9
[ 44004][E][WiFiUdp.cpp:221] parsePacket(): could not receive data: 9
[ 44010][E][WiFiUdp.cpp:221] parsePacket(): could not receive data: 9
[ 44016][E][WiFiUdp.cpp:221] parsePacket(): could not receive data: 9
[ 44022][E][WiFiUdp.cpp:221] parsePacket(): could not receive data: 9
[ 44029][E][WiFiUdp.cpp:221] parsePacket(): could not receive data: 9
[ 44035][E][WiFiUdp.cpp:221] parsePacket(): could not receive data: 9
[ 44042][E][WiFiUdp.cpp:221] parsePacket(): could not receive data: 9
[ 44048][E][WiFiUdp.cpp:221] parsePacket(): could not receive data: 9
[ 44054][E][WiFiUdp.cpp:221] parsePacket(): could not receive data: 9
[ 44060][E][WiFiUdp.cpp:221] parsePacket(): could not receive data: 9
[ 44067][E][WiFiUdp.cpp:221] parsePacket(): could not receive data: 9
[ 44074][E][WiFiUdp.cpp:221] parsePacket(): could not receive data: 9
[ 44081][E][WiFiUdp.cpp:221] parsePacket(): could not receive data: 9
[ 44088][E][WiFiUdp.cpp:221] parsePacket(): could not receive data: 9
[ 44095][E][WiFiUdp.cpp:221] parsePacket(): could not receive data: 9
[ 44102][E][WiFiUdp.cpp:221] parsePacket(): could not receive data: 9
[ 44109][E][WiFiUdp.cpp:221] parsePacket(): could not receive data: 9
[ 44115][E][WiFiUdp.cpp:221] parsePacket(): could not receive data: 9
[ 44121][E][WiFiUdp.cpp:221] parsePacket(): could not receive data: 9
[ 44127][E][WiFiUdp.cpp:221] parsePacket(): could not receive data: 9
[ 44133][E][WiFiUdp.cpp:221] parsePacket(): could not receive data: 9
[ 44138][E][WiFiUdp.cpp:221] parsePacket(): could not receive data: 9
[ 44146][E][WiFiUdp.cpp:221] parsePacket(): could not receive data: 9
[ 44153][E][WiFiUdp.cpp:221] parsePacket(): could not receive data: 9
[ 44159][E][WiFiUdp.cpp:221] parsePacket(): could not receive data: 9
[ 44166][E][WiFiUdp.cpp:221] parsePacket(): could not receive data: 9
[ 44172][E][WiFiUdp.cpp:221] parsePacket(): could not receive data: 9
[ 44178][E][WiFiUdp.cpp:221] parsePacket(): could not receive data: 9
[ 44185][E][WiFiUdp.cpp:221] parsePacket(): could not receive data: 9
[ 44191][E][WiFiUdp.cpp:221] parsePacket(): could not receive data: 9
[ 44197][E][WiFiUdp.cpp:221] parsePacket(): could not receive data: 9
[ 44203][E][WiFiUdp.cpp:221] parsePacket(): could not receive data: 9
[ 44211][E][WiFiUdp.cpp:221] parsePacket(): could not receive data: 9
[ 44218][E][WiFiUdp.cpp:221] parsePacket(): could not receive data: 9
[ 44226][E][WiFiUdp.cpp:221] parsePacket(): could not receive data: 9
[ 44232][E][WiFiUdp.cpp:221] parsePacket(): could not receive data: 9
[ 44238][E][WiFiUdp.cpp:221] parsePacket(): could not receive data: 9
[ 44244][E][WiFiUdp.cpp:221] parsePacket(): could not receive data: 9
[ 44250][E][WiFiUdp.cpp:221] parsePacket(): could not receive data: 9
[ 44256][E][WiFiUdp.cpp:221] parsePacket(): could not receive data: 9
[ 44264][E][WiFiUdp.cpp:221] parsePacket(): could not receive data: 9
[ 44270][E][WiFiUdp.cpp:221] parsePacket(): could not receive data: 9
[ 44276][E][WiFiUdp.cpp:221] parsePacket(): could not receive data: 9
[ 44282][E][WiFiUdp.cpp:221] parsePacket(): could not receive data: 9
[ 44288][E][WiFiUdp.cpp:221] parsePacket(): could not receive data: 9
[ 44294][E][WiFiUdp.cpp:221] parsePacket(): could not receive data: 9
[ 44300][E][WiFiUdp.cpp:221] parsePacket(): could not receive data: 9
[ 44306][E][WiFiUdp.cpp:221] parsePacket(): could not receive data: 9
[ 44312][E][WiFiUdp.cpp:221] parsePacket(): could not receive data: 9
[ 44318][E][WiFiUdp.cpp:221] parsePacket(): could not receive data: 9
[ 44323][E][WiFiUdp.cpp:221] parsePacket(): could not receive data: 9
[ 44329][E][WiFiUdp.cpp:221] parsePacket(): could not receive data: 9
[ 44335][E][WiFiUdp.cpp:221] parsePacket(): could not receive data: 9
[ 44341][E][WiFiUdp.cpp:221] parsePacket(): could not receive data: 9
[ 44347][E][WiFiUdp.cpp:221] parsePacket(): could not receive data: 9
[ 44353][E][WiFiUdp.cpp:221] parsePacket(): could not receive data: 9
[ 44359][E][WiFiUdp.cpp:221] parsePacket(): could not receive data: 9
[ 44365][E][WiFiUdp.cpp:221] parsePacket(): could not receive data: 9
[ 44371][E][WiFiUdp.cpp:221] parsePacket(): could not receive data: 9
[ 44377][E][WiFiUdp.cpp:221] parsePacket(): could not receive data: 9
[ 44383][E][WiFiUdp.cpp:221] parsePacket(): could not receive data: 9
[ 44389][E][WiFiUdp.cpp:221] parsePacket(): could not receive data: 9
[ 44395][E][WiFiUdp.cpp:221] parsePacket(): could not receive data: 9
[ 44401][E][WiFiUdp.cpp:221] parsePacket(): could not receive data: 9
[ 44407][E][WiFiUdp.cpp:221] parsePacket(): could not receive data: 9
[ 44413][E][WiFiUdp.cpp:221] parsePacket(): could not receive data: 9
[ 44419][E][WiFiUdp.cpp:221] parsePacket(): could not receive data: 9
[ 44425][E][WiFiUdp.cpp:221] parsePacket(): could not receive data: 9
[ 44431][E][WiFiUdp.cpp:221] parsePacket(): could not receive data: 9
[ 44437][E][WiFiUdp.cpp:221] parsePacket(): could not receive data: 9
[ 44443][E][WiFiUdp.cpp:221] parsePacket(): could not receive data: 9
[ 44449][E][WiFiUdp.cpp:221] parsePacket(): could not receive data: 9
[ 44455][E][WiFiUdp.cpp:221] parsePacket(): could not receive data: 9
[ 44461][E][WiFiUdp.cpp:221] parsePacket(): could not receive data: 9
[ 44467][E][WiFiUdp.cpp:221] parsePacket(): could not receive data: 9
[ 44473][E][WiFiUdp.cpp:221] parsePacket(): could not receive data: 9
[ 44479][E][WiFiUdp.cpp:221] parsePacket(): could not receive data: 9
[ 44485][E][WiFiUdp.cpp:221] parsePacket(): could not receive data: 9
[ 44491][E][WiFiUdp.cpp:221] parsePacket(): could not receive data: 9
[ 44496][E][WiFiUdp.cpp:221] parsePacket(): could not receive data: 9
[ 44502][E][WiFiUdp.cpp:221] parsePacket(): could not receive data: 9
[ 44508][E][WiFiUdp.cpp:221] parsePacket(): could not receive data: 9
[ 44514][E][WiFiUdp.cpp:221] parsePacket(): could not receive data: 9
[ 44520][E][WiFiUdp.cpp:221] parsePacket(): could not receive data: 9
[ 44526][E][WiFiUdp.cpp:221] parsePacket(): could not receive data: 9
[ 44532][E][WiFiUdp.cpp:221] parsePacket(): could not receive data: 9
[ 44538][E][WiFiUdp.cpp:221] parsePacket(): could not receive data: 9
[ 44544][E][WiFiUdp.cpp:221] parsePacket(): could not receive data: 9
[ 44550][E][WiFiUdp.cpp:221] parsePacket(): could not receive data: 9
[ 44556][E][WiFiUdp.cpp:221] parsePacket(): could not receive data: 9
[ 44562][E][WiFiUdp.cpp:221] parsePacket(): could not receive data: 9
[ 44568][E][WiFiUdp.cpp:221] parsePacket(): could not receive data: 9
[ 44574][E][WiFiUdp.cpp:221] parsePacket(): could not receive data: 9
[ 44580][E][WiFiUdp.cpp:221] parsePacket(): could not receive data: 9
[ 44586][E][WiFiUdp.cpp:221] parsePacket(): could not receive data: 9
[ 44592][E][WiFiUdp.cpp:221] parsePacket(): could not receive data: 9
[ 44598][E][WiFiUdp.cpp:221] parsePacket(): could not receive data: 9
[ 44604][E][WiFiUdp.cpp:221] parsePacket(): could not receive data: 9
[ 44610][E][WiFiUdp.cpp:221] parsePacket(): could not receive data: 9
[ 44616][E][WiFiUdp.cpp:221] parsePacket(): could not receive data: 9
[ 44623][E][WiFiUdp.cpp:221] parsePacket(): could not receive data: 9
[ 44630][E][WiFiUdp.cpp:221] parsePacket(): could not receive data: 9
[ 44638][E][WiFiUdp.cpp:221] parsePacket(): could not receive data: 9
[ 44646][E][WiFiUdp.cpp:221] parsePacket(): could not receive data: 9
[ 44654][E][WiFiUdp.cpp:221] parsePacket(): could not receive data: 9
[ 44661][E][WiFiUdp.cpp:221] parsePacket(): could not receive data: 9
[ 44668][E][WiFiUdp.cpp:221] parsePacket(): could not receive data: 9
[ 44675][E][WiFiUdp.cpp:221] parsePacket(): could not receive data: 9
[ 44683][E][WiFiUdp.cpp:221] parsePacket(): could not receive data: 9
[ 44690][E][WiFiUdp.cpp:221] parsePacket(): could not receive data: 9
[ 44698][E][WiFiUdp.cpp:221] parsePacket(): could not receive data: 9
[ 44706][E][WiFiUdp.cpp:221] parsePacket(): could not receive data: 9
[ 44712][E][WiFiUdp.cpp:221] parsePacket(): could not receive data: 9
[ 44718][E][WiFiUdp.cpp:221] parsePacket(): could not receive data: 9
[ 44726][E][WiFiUdp.cpp:221] parsePacket(): could not receive data: 9
[ 44734][E][WiFiUdp.cpp:221] parsePacket(): could not receive data: 9
[ 44742][E][WiFiUdp.cpp:221] parsePacket(): could not receive data: 9
[ 44750][E][WiFiUdp.cpp:221] parsePacket(): could not receive data: 9
[ 44757][E][WiFiUdp.cpp:221] parsePacket(): could not receive data: 9
[ 44765][E][WiFiUdp.cpp:221] parsePacket(): could not receive data: 9
[ 44773][E][WiFiUdp.cpp:221] parsePacket(): could not receive data: 9
[ 44780][E][WiFiUdp.cpp:221] parsePacket(): could not receive data: 9
[ 44787][E][WiFiUdp.cpp:221] parsePacket(): could not receive data: 9
[ 44793][E][WiFiUdp.cpp:221] parsePacket(): could not receive data: 9
[ 44801][E][WiFiUdp.cpp:221] parsePacket(): could not receive data: 9
[ 44809][E][WiFiUdp.cpp:221] parsePacket(): could not receive data: 9
[ 44816][E][WiFiUdp.cpp:221] parsePacket(): could not receive data: 9
[ 44822][E][WiFiUdp.cpp:221] parsePacket(): could not receive data: 9
[ 44829][E][WiFiUdp.cpp:221] parsePacket(): could not receive data: 9
[ 44836][E][WiFiUdp.cpp:221] parsePacket(): could not receive data: 9
[ 44842][E][WiFiUdp.cpp:221] parsePacket(): could not receive data: 9
[ 44848][E][WiFiUdp.cpp:221] parsePacket(): could not receive data: 9
[ 44855][E][WiFiUdp.cpp:221] parsePacket(): could not receive data: 9
[ 44861][E][WiFiUdp.cpp:221] parsePacket(): could not receive data: 9
[ 44867][E][WiFiUdp.cpp:221] parsePacket(): could not receive data: 9
[ 44873][E][WiFiUdp.cpp:221] parsePacket(): could not receive data: 9
[ 44879][E][WiFiUdp.cpp:221] parsePacket(): could not receive data: 9
[ 44885][E][WiFiUdp.cpp:221] parsePacket(): could not receive data: 9
[ 44891][E][WiFiUdp.cpp:221] parsePacket(): could not receive data: 9
[ 44897][E][WiFiUdp.cpp:221] parsePacket(): could not receive data: 9
[ 44903][E][WiFiUdp.cpp:221] parsePacket(): could not receive data: 9
[ 44910][E][WiFiUdp.cpp:221] parsePacket(): could not receive data: 9
[ 44918][E][WiFiUdp.cpp:221] parsePacket(): could not receive data: 9
[ 44925][E][WiFiUdp.cpp:221] parsePacket(): could not receive data: 9
[ 44931][E][WiFiUdp.cpp:221] parsePacket(): could not receive data: 9
[ 44937][E][WiFiUdp.cpp:221] parsePacket(): could not receive data: 9
[ 44943][E][WiFiUdp.cpp:221] parsePacket(): could not receive data: 9
[ 44950][E][WiFiUdp.cpp:221] parsePacket(): could not receive data: 9
[ 44956][E][WiFiUdp.cpp:221] parsePacket(): could not receive data: 9
[ 44963][E][WiFiUdp.cpp:221] parsePacket(): could not receive data: 9
[ 44969][E][WiFiUdp.cpp:221] parsePacket(): could not receive data: 9
[ 44975][E][WiFiUdp.cpp:221] parsePacket(): could not receive data: 9
[ 44981][E][WiFiUdp.cpp:221] parsePacket(): could not receive data: 9
[ 44987][E][WiFiUdp.cpp:221] parsePacket(): could not receive data: 9
[ 44992][E][WiFiUdp.cpp:221] parsePacket(): could not receive data: 9
[ 44997][E][WiFiUdp.cpp:221] parsePacket(): could not receive data: 9
[ 45002][E][WiFiUdp.cpp:221] parsePacket(): could not receive data: 9
[ 45007][E][WiFiUdp.cpp:221] parsePacket(): could not receive data: 9
[ 45012][E][WiFiUdp.cpp:221] parsePacket(): could not receive data: 9
[ 45017][E][WiFiUdp.cpp:221] parsePacket(): could not receive data: 9
[ 45022][E][WiFiUdp.cpp:221] parsePacket(): could not receive data: 9
[ 45027][E][WiFiUdp.cpp:221] parsePacket(): could not receive data: 9
[ 45033][E][WiFiUdp.cpp:221] parsePacket(): could not receive data: 9
[ 45039][E][WiFiUdp.cpp:221] parsePacket(): could not receive data: 9
[ 45045][E][WiFiUdp.cpp:221] parsePacket(): could not receive data: 9
[ 45051][E][WiFiUdp.cpp:221] parsePacket(): could not receive data: 9
[ 45059][E][WiFiUdp.cpp:221] parsePacket(): could not receive data: 9
[ 45066][E][WiFiUdp.cpp:221] parsePacket(): could not receive data: 9
[ 45073][E][WiFiUdp.cpp:221] parsePacket(): could not receive data: 9
[ 45079][E][WiFiUdp.cpp:221] parsePacket(): could not receive data: 9
[ 45085][E][WiFiUdp.cpp:221] parsePacket(): could not receive data: 9
[ 45092][E][WiFiUdp.cpp:221] parsePacket(): could not receive data: 9
[ 45099][E][WiFiUdp.cpp:221] parsePacket(): could not receive data: 9
[ 45106][E][WiFiUdp.cpp:221] parsePacket(): could not receive data: 9
[ 45113][E][WiFiUdp.cpp:221] parsePacket(): could not receive data: 9
[ 45119][E][WiFiUdp.cpp:221] parsePacket(): could not receive data: 9
[ 45124][E][WiFiUdp.cpp:221] parsePacket(): could not receive data: 9
[ 45129][E][WiFiUdp.cpp:221] parsePacket(): could not receive data: 9
[ 45134][E][WiFiUdp.cpp:221] parsePacket(): could not receive data: 9
[ 45139][E][WiFiUdp.cpp:221] parsePacket(): could not receive data: 9
[ 45144][E][WiFiUdp.cpp:221] parsePacket(): could not receive data: 9
[ 45150][E][WiFiUdp.cpp:221] parsePacket(): could not receive data: 9
[ 45155][E][WiFiUdp.cpp:221] parsePacket(): could not receive data: 9
[ 45160][E][WiFiUdp.cpp:221] parsePacket(): could not receive data: 9
[ 45166][E][WiFiUdp.cpp:221] parsePacket(): could not receive data: 9
[ 45172][E][WiFiUdp.cpp:221] parsePacket(): could not receive data: 9
[ 45178][E][WiFiUdp.cpp:221] parsePacket(): could not receive data: 9
[ 45183][E][WiFiUdp.cpp:221] parsePacket(): could not receive data: 9
[ 45188][E][WiFiUdp.cpp:221] parsePacket(): could not receive data: 9
[ 45193][E][WiFiUdp.cpp:221] parsePacket(): could not receive data: 9
[ 45198][E][WiFiUdp.cpp:221] parsePacket(): could not receive data: 9
[ 45204][E][WiFiUdp.cpp:221] parsePacket(): could not receive data: 9
[ 45210][E][WiFiUdp.cpp:221] parsePacket(): could not receive data: 9
[ 45216][E][WiFiUdp.cpp:221] parsePacket(): could not receive data: 9
[ 45222][E][WiFiUdp.cpp:221] parsePacket(): could not receive data: 9
[ 45228][E][WiFiUdp.cpp:221] parsePacket(): could not receive data: 9
[ 45234][E][WiFiUdp.cpp:221] parsePacket(): could not receive data: 9
[ 45240][E][WiFiUdp.cpp:221] parsePacket(): could not receive data: 9
[ 45247][E][WiFiUdp.cpp:221] parsePacket(): could not receive data: 9
[ 45254][E][WiFiUdp.cpp:221] parsePacket(): could not receive data: 9
[ 45261][E][WiFiUdp.cpp:221] parsePacket(): could not receive data: 9
[ 45268][E][WiFiUdp.cpp:221] parsePacket(): could not receive data: 9
[ 45275][E][WiFiUdp.cpp:221] parsePacket(): could not receive data: 9
[ 45281][E][WiFiUdp.cpp:221] parsePacket(): could not receive data: 9
[ 45288][E][WiFiUdp.cpp:221] parsePacket(): could not receive data: 9
[ 45295][E][WiFiUdp.cpp:221] parsePacket(): could not receive data: 9
[ 45302][E][WiFiUdp.cpp:221] parsePacket(): could not receive data: 9
[ 45309][E][WiFiUdp.cpp:221] parsePacket(): could not receive data: 9
[ 45315][E][WiFiUdp.cpp:221] parsePacket(): could not receive data: 9
[ 45321][E][WiFiUdp.cpp:221] parsePacket(): could not receive data: 9
[ 45327][E][WiFiUdp.cpp:221] parsePacket(): could not receive data: 9
[ 45333][E][WiFiUdp.cpp:221] parsePacket(): could not receive data: 9
[ 45339][E][WiFiUdp.cpp:221] parsePacket(): could not receive data: 9
[ 45345][E][WiFiUdp.cpp:221] parsePacket(): could not receive data: 9
[ 45352][E][WiFiUdp.cpp:221] parsePacket(): could not receive data: 9
[ 45359][E][WiFiUdp.cpp:221] parsePacket(): could not receive data: 9
[ 45366][E][WiFiUdp.cpp:221] parsePacket(): could not receive data: 9
[ 45372][E][WiFiUdp.cpp:221] parsePacket(): could not receive data: 9
[ 45378][E][WiFiUdp.cpp:221] parsePacket(): could not receive data: 9
[ 45384][E][WiFiUdp.cpp:221] parsePacket(): could not receive data: 9
[ 45390][E][WiFiUdp.cpp:221] parsePacket(): could not receive data: 9
[ 45396][E][WiFiUdp.cpp:221] parsePacket(): could not receive data: 9
[ 45403][E][WiFiUdp.cpp:221] parsePacket(): could not receive data: 9
[ 45410][E][WiFiUdp.cpp:221] parsePacket(): could not receive data: 9
[ 45417][E][WiFiUdp.cpp:221] parsePacket(): could not receive data: 9
[ 45423][E][WiFiUdp.cpp:221] parsePacket(): could not receive data: 9
[ 45429][E][WiFiUdp.cpp:221] parsePacket(): could not receive data: 9
[ 45435][E][WiFiUdp.cpp:221] parsePacket(): could not receive data: 9
[ 45441][E][WiFiUdp.cpp:221] parsePacket(): could not receive data: 9
[ 45447][E][WiFiUdp.cpp:221] parsePacket(): could not receive data: 9
[ 45453][E][WiFiUdp.cpp:221] parsePacket(): could not receive data: 9
[ 45460][E][WiFiUdp.cpp:221] parsePacket(): could not receive data: 9
[ 45467][E][WiFiUdp.cpp:221] parsePacket(): could not receive data: 9
[ 45473][E][WiFiUdp.cpp:221] parsePacket(): could not receive data: 9
[ 45479][E][WiFiUdp.cpp:221] parsePacket(): could not receive data: 9
[ 45485][E][WiFiUdp.cpp:221] parsePacket(): could not receive data: 9
[ 45491][E][WiFiUdp.cpp:221] parsePacket(): could not receive data: 9
[ 45498][E][WiFiUdp.cpp:221] parsePacket(): could not receive data: 9
[ 45504][E][WiFiUdp.cpp:221] parsePacket(): could not receive data: 9
[ 45510][E][WiFiUdp.cpp:221] parsePacket(): could not receive data: 9
[ 45516][E][WiFiUdp.cpp:221] parsePacket(): could not receive data: 9
[ 45522][E][WiFiUdp.cpp:221] parsePacket(): could not receive data: 9
[ 45528][E][WiFiUdp.cpp:221] parsePacket(): could not receive data: 9
[ 45534][E][WiFiUdp.cpp:221] parsePacket(): could not receive data: 9
[ 45540][E][WiFiUdp.cpp:221] parsePacket(): could not receive data: 9
[ 45547][E][WiFiUdp.cpp:221] parsePacket(): could not receive data: 9
[ 45554][E][WiFiUdp.cpp:221] parsePacket(): could not receive data: 9
[ 45560][E][WiFiUdp.cpp:221] parsePacket(): could not receive data: 9
[ 45567][E][WiFiUdp.cpp:221] parsePacket(): could not receive data: 9
[ 45573][E][WiFiUdp.cpp:221] parsePacket(): could not receive data: 9
[QEMU]...auto-reboot suppressed (guest reset wedges QEMU); settings saved
[ 45580][E][WiFiUdp.cpp:221] parsePacket(): could not receive data: 9
[ 45586][E][WiFiUdp.cpp:221] parsePacket(): could not receive data: 9
[ 45593][E][WiFiUdp.cpp:221] parsePacket(): could not receive data: 9
[ 45599][E][WiFiUdp.cpp:221] parsePacket(): could not receive data: 9
[ 45605][E][WiFiUdp.cpp:221] parsePacket(): could not receive data: 9
[ 45611][E][WiFiUdp.cpp:221] parsePacket(): could not receive data: 9
[ 45618][E][WiFiUdp.cpp:221] parsePacket(): could not receive data: 9
[ 45624][E][WiFiUdp.cpp:221] parsePacket(): could not receive data: 9
[ 45631][E][WiFiUdp.cpp:221] parsePacket(): could not receive data: 9
[ 45637][E][WiFiUdp.cpp:221] parsePacket(): could not receive data: 9
[ 45644][E][WiFiUdp.cpp:221] parsePacket(): could not receive data: 9
[ 45650][E][WiFiUdp.cpp:221] parsePacket(): could not receive data: 9
[ 45656][E][WiFiUdp.cpp:221] parsePacket(): could not receive data: 9
[ 45663][E][WiFiUdp.cpp:221] parsePacket(): could not receive data: 9
[ 45669][E][WiFiUdp.cpp:221] parsePacket(): could not receive data: 9
[ 45675][E][WiFiUdp.cpp:221] parsePacket(): could not receive data: 9
[ 45681][E][WiFiUdp.cpp:221] parsePacket(): could not receive data: 9
[ 45688][E][WiFiUdp.cpp:221] parsePacket(): could not receive data: 9
[ 45696][E][WiFiUdp.cpp:221] parsePacket(): could not receive data: 9
[ 45703][E][WiFiUdp.cpp:221] parsePacket(): could not receive data: 9
[ 45710][E][WiFiUdp.cpp:221] parsePacket(): could not receive data: 9
[ 45718][E][WiFiUdp.cpp:221] parsePacket(): could not receive data: 9
[ 45724][E][WiFiUdp.cpp:221] parsePacket(): could not receive data: 9
[ 45730][E][WiFiUdp.cpp:221] parsePacket(): could not receive data: 9
[ 45736][E][WiFiUdp.cpp:221] parsePacket(): could not receive data: 9
[ 45742][E][WiFiUdp.cpp:221] parsePacket(): could not receive data: 9
[ 45747][E][WiFiUdp.cpp:221] parsePacket(): could not receive data: 9
[ 45752][E][WiFiUdp.cpp:221] parsePacket(): could not receive data: 9
[ 45757][E][WiFiUdp.cpp:221] parsePacket(): could not receive data: 9
[ 45762][E][WiFiUdp.cpp:221] parsePacket(): could not receive data: 9
[ 45767][E][WiFiUdp.cpp:221] parsePacket(): could not receive data: 9
[ 45772][E][WiFiUdp.cpp:221] parsePacket(): could not receive data: 9
[ 45777][E][WiFiUdp.cpp:221] parsePacket(): could not receive data: 9
[ 45783][E][WiFiUdp.cpp:221] parsePacket(): could not receive data: 9
[ 45788][E][WiFiUdp.cpp:221] parsePacket(): could not receive data: 9
[ 45793][E][WiFiUdp.cpp:221] parsePacket(): could not receive data: 9
[ 45798][E][WiFiUdp.cpp:221] parsePacket(): could not receive data: 9
[ 45803][E][WiFiUdp.cpp:221] parsePacket(): could not receive data: 9
[ 45808][E][WiFiUdp.cpp:221] parsePacket(): could not receive data: 9
[ 45814][E][WiFiUdp.cpp:221] parsePacket(): could not receive data: 9
[ 45820][E][WiFiUdp.cpp:221] parsePacket(): could not receive data: 9
[ 45827][E][WiFiUdp.cpp:221] parsePacket(): could not receive data: 9
[ 45833][E][WiFiUdp.cpp:221] parsePacket(): could not receive data: 9
[ 45839][E][WiFiUdp.cpp:221] parsePacket(): could not receive data: 9
[ 45845][E][WiFiUdp.cpp:221] parsePacket(): could not receive data: 9
[ 45851][E][WiFiUdp.cpp:221] parsePacket(): could not receive data: 9
[ 45857][E][WiFiUdp.cpp:221] parsePacket(): could not receive data: 9
[ 45864][E][WiFiUdp.cpp:221] parsePacket(): could not receive data: 9
[ 45870][E][WiFiUdp.cpp:221] parsePacket(): could not receive data: 9
[ 45876][E][WiFiUdp.cpp:221] parsePacket(): could not receive data: 9
[ 45883][E][WiFiUdp.cpp:221] parsePacket(): could not receive data: 9
[ 45889][E][WiFiUdp.cpp:221] parsePacket(): could not receive data: 9
[ 45895][E][WiFiUdp.cpp:221] parsePacket(): could not receive data: 9
[ 45901][E][WiFiUdp.cpp:221] parsePacket(): could not receive data: 9
[ 45907][E][WiFiUdp.cpp:221] parsePacket(): could not receive data: 9
[ 45916][E][WiFiUdp.cpp:221] parsePacket(): could not receive data: 9
[ 45924][E][WiFiUdp.cpp:221] parsePacket(): could not receive data: 9
[ 45931][E][WiFiUdp.cpp:221] parsePacket(): could not receive data: 9
[ 45938][E][WiFiUdp.cpp:221] parsePacket(): could not receive data: 9
[ 45945][E][WiFiUdp.cpp:221] parsePacket(): could not receive data: 9
[ 45952][E][WiFiUdp.cpp:221] parsePacket(): could not receive data: 9
[ 45959][E][WiFiUdp.cpp:221] parsePacket(): could not receive data: 9
[ 45966][E][WiFiUdp.cpp:221] parsePacket(): could not receive data: 9
[ 45972][E][WiFiUdp.cpp:221] parsePacket(): could not receive data: 9
[ 45978][E][WiFiUdp.cpp:221] parsePacket(): could not receive data: 9
[ 45984][E][WiFiUdp.cpp:221] parsePacket(): could not receive data: 9
[ 45990][E][WiFiUdp.cpp:221] parsePacket(): could not receive data: 9
[ 45997][E][WiFiUdp.cpp:221] parsePacket(): could not receive data: 9
[ 46004][E][WiFiUdp.cpp:221] parsePacket(): could not receive data: 9
[ 46010][E][WiFiUdp.cpp:221] parsePacket(): could not receive data: 9
[ 46016][E][WiFiUdp.cpp:221] parsePacket(): could not receive data: 9
[ 46022][E][WiFiUdp.cpp:221] parsePacket(): could not receive data: 9
[ 46028][E][WiFiUdp.cpp:221] parsePacket(): could not receive data: 9
[ 46034][E][WiFiUdp.cpp:221] parsePacket(): could not receive data: 9
[ 46040][E][WiFiUdp.cpp:221] parsePacket(): could not receive data: 9
[ 46046][E][WiFiUdp.cpp:221] parsePacket(): could not receive data: 9
[ 46051][E][WiFiUdp.cpp:221] parsePacket(): could not receive data: 9
[ 46056][E][WiFiUdp.cpp:221] parsePacket(): could not receive data: 9
[ 46061][E][WiFiUdp.cpp:221] parsePacket(): could not receive data: 9
[ 46066][E][WiFiUdp.cpp:221] parsePacket(): could not receive data: 9
[ 46071][E][WiFiUdp.cpp:221] parsePacket(): could not receive data: 9
[ 46076][E][WiFiUdp.cpp:221] parsePacket(): could not receive data: 9
[ 46081][E][WiFiUdp.cpp:221] parsePacket(): could not receive data: 9
[ 46086][E][WiFiUdp.cpp:221] parsePacket(): could not receive data: 9
[ 46091][E][WiFiUdp.cpp:221] parsePacket(): could not receive data: 9
[ 46097][E][WiFiUdp.cpp:221] parsePacket(): could not receive data: 9
[ 46103][E][WiFiUdp.cpp:221] parsePacket(): could not receive data: 9
[ 46109][E][WiFiUdp.cpp:221] parsePacket(): could not receive data: 9
[ 46115][E][WiFiUdp.cpp:221] parsePacket(): could not receive data: 9
[ 46120][E][WiFiUdp.cpp:221] parsePacket(): could not receive data: 9
[ 46125][E][WiFiUdp.cpp:221] parsePacket(): could not receive data: 9
[ 46131][E][WiFiUdp.cpp:221] parsePacket(): could not receive data: 9
[ 46136][E][WiFiUdp.cpp:221] parsePacket(): could not receive data: 9
[ 46141][E][WiFiUdp.cpp:221] parsePacket(): could not receive data: 9
[ 46146][E][WiFiUdp.cpp:221] parsePacket(): could not receive data: 9
[ 46151][E][WiFiUdp.cpp:221] parsePacket(): could not receive data: 9
[ 46156][E][WiFiUdp.cpp:221] parsePacket(): could not receive data: 9
[ 46162][E][WiFiUdp.cpp:221] parsePacket(): could not receive data: 9
[ 46168][E][WiFiUdp.cpp:221] parsePacket(): could not receive data: 9
[ 46174][E][WiFiUdp.cpp:221] parsePacket(): could not receive data: 9
[ 46180][E][WiFiUdp.cpp:221] parsePacket(): could not receive data: 9
[ 46185][E][WiFiUdp.cpp:221] parsePacket(): could not receive data: 9
[ 46191][E][WiFiUdp.cpp:221] parsePacket(): could not receive data: 9
[ 46197][E][WiFiUdp.cpp:221] parsePacket(): could not receive data: 9
[ 46203][E][WiFiUdp.cpp:221] parsePacket(): could not receive data: 9
[ 46208][E][WiFiUdp.cpp:221] parsePacket(): could not receive data: 9
[ 46214][E][WiFiUdp.cpp:221] parsePacket(): could not receive data: 9
[ 46220][E][WiFiUdp.cpp:221] parsePacket(): could not receive data: 9
[ 46226][E][WiFiUdp.cpp:221] parsePacket(): could not receive data: 9
[ 46232][E][WiFiUdp.cpp:221] parsePacket(): could not receive data: 9
[ 46238][E][WiFiUdp.cpp:221] parsePacket(): could not receive data: 9
[ 46244][E][WiFiUdp.cpp:221] parsePacket(): could not receive data: 9
[ 46250][E][WiFiUdp.cpp:221] parsePacket(): could not receive data: 9
[ 46256][E][WiFiUdp.cpp:221] parsePacket(): could not receive data: 9
[ 46262][E][WiFiUdp.cpp:221] parsePacket(): could not receive data: 9
[ 46267][E][WiFiUdp.cpp:221] parsePacket(): could not receive data: 9
[ 46273][E][WiFiUdp.cpp:221] parsePacket(): could not receive data: 9
[ 46279][E][WiFiUdp.cpp:221] parsePacket(): could not receive data: 9
[ 46285][E][WiFiUdp.cpp:221] parsePacket(): could not receive data: 9
[ 46291][E][WiFiUdp.cpp:221] parsePacket(): could not receive data: 9
[ 46296][E][WiFiUdp.cpp:221] parsePacket(): could not receive data: 9
[ 46301][E][WiFiUdp.cpp:221] parsePacket(): could not receive data: 9
[ 46306][E][WiFiUdp.cpp:221] parsePacket(): could not receive data: 9
[ 46312][E][WiFiUdp.cpp:221] parsePacket(): could not receive data: 9
[ 46318][E][WiFiUdp.cpp:221] parsePacket(): could not receive data: 9
[ 46324][E][WiFiUdp.cpp:221] parsePacket(): could not receive data: 9
[ 46330][E][WiFiUdp.cpp:221] parsePacket(): could not receive data: 9
[ 46336][E][WiFiUdp.cpp:221] parsePacket(): could not receive data: 9
[ 46342][E][WiFiUdp.cpp:221] parsePacket(): could not receive data: 9
[ 46348][E][WiFiUdp.cpp:221] parsePacket(): could not receive data: 9
[ 46356][E][WiFiUdp.cpp:221] parsePacket(): could not receive data: 9
[ 46364][E][WiFiUdp.cpp:221] parsePacket(): could not receive data: 9
[ 46372][E][WiFiUdp.cpp:221] parsePacket(): could not receive data: 9
[ 46379][E][WiFiUdp.cpp:221] parsePacket(): could not receive data: 9
[ 46386][E][WiFiUdp.cpp:221] parsePacket(): could not receive data: 9
[ 46393][E][WiFiUdp.cpp:221] parsePacket(): could not receive data: 9
[ 46400][E][WiFiUdp.cpp:221] parsePacket(): could not receive data: 9
[ 46407][E][WiFiUdp.cpp:221] parsePacket(): could not receive data: 9
[ 46414][E][WiFiUdp.cpp:221] parsePacket(): could not receive data: 9
[ 46420][E][WiFiUdp.cpp:221] parsePacket(): could not receive data: 9
[ 46426][E][WiFiUdp.cpp:221] parsePacket(): could not receive data: 9
[ 46433][E][WiFiUdp.cpp:221] parsePacket(): could not receive data: 9
[ 46439][E][WiFiUdp.cpp:221] parsePacket(): could not receive data: 9
[ 46446][E][WiFiUdp.cpp:221] parsePacket(): could not receive data: 9
[ 46453][E][WiFiUdp.cpp:221] parsePacket(): could not receive data: 9
[ 46460][E][WiFiUdp.cpp:221] parsePacket(): could not receive data: 9
[ 46465][E][WiFiUdp.cpp:221] parsePacket(): could not receive data: 9
[ 46472][E][WiFiUdp.cpp:221] parsePacket(): could not receive data: 9
[ 46479][E][WiFiUdp.cpp:221] parsePacket(): could not receive data: 9
[ 46485][E][WiFiUdp.cpp:221] parsePacket(): could not receive data: 9
[ 46491][E][WiFiUdp.cpp:221] parsePacket(): could not receive data: 9
[ 46497][E][WiFiUdp.cpp:221] parsePacket(): could not receive data: 9
[ 46503][E][WiFiUdp.cpp:221] parsePacket(): could not receive data: 9
[ 46509][E][WiFiUdp.cpp:221] parsePacket(): could not receive data: 9
[ 46515][E][WiFiUdp.cpp:221] parsePacket(): could not receive data: 9
[ 46521][E][WiFiUdp.cpp:221] parsePacket(): could not receive data: 9
[ 46527][E][WiFiUdp.cpp:221] parsePacket(): could not receive data: 9
[ 46533][E][WiFiUdp.cpp:221] parsePacket(): could not receive data: 9
[ 46540][E][WiFiUdp.cpp:221] parsePacket(): could not receive data: 9
[ 46547][E][WiFiUdp.cpp:221] parsePacket(): could not receive data: 9
[ 46554][E][WiFiUdp.cpp:221] parsePacket(): could not receive data: 9
[ 46561][E][WiFiUdp.cpp:221] parsePacket(): could not receive data: 9
[ 46568][E][WiFiUdp.cpp:221] parsePacket(): could not receive data: 9
[ 46575][E][WiFiUdp.cpp:221] parsePacket(): could not receive data: 9
[ 46581][E][WiFiUdp.cpp:221] parsePacket(): could not receive data: 9
[ 46587][E][WiFiUdp.cpp:221] parsePacket(): could not receive data: 9
[ 46594][E][WiFiUdp.cpp:221] parsePacket(): could not receive data: 9
[ 46600][E][WiFiUdp.cpp:221] parsePacket(): could not receive data: 9
[ 46606][E][WiFiUdp.cpp:221] parsePacket(): could not receive data: 9
[ 46612][E][WiFiUdp.cpp:221] parsePacket(): could not receive data: 9
[ 46619][E][WiFiUdp.cpp:221] parsePacket(): could not receive data: 9
[ 46625][E][WiFiUdp.cpp:221] parsePacket(): could not receive data: 9
[ 46632][E][WiFiUdp.cpp:221] parsePacket(): could not receive data: 9
[ 46639][E][WiFiUdp.cpp:221] parsePacket(): could not receive data: 9
[ 46645][E][WiFiUdp.cpp:221] parsePacket(): could not receive data: 9
[ 46651][E][WiFiUdp.cpp:221] parsePacket(): could not receive data: 9
[ 46658][E][WiFiUdp.cpp:221] parsePacket(): could not receive data: 9
[ 46665][E][WiFiUdp.cpp:221] parsePacket(): could not receive data: 9
[ 46671][E][WiFiUdp.cpp:221] parsePacket(): could not receive data: 9
[ 46677][E][WiFiUdp.cpp:221] parsePacket(): could not receive data: 9
[ 46684][E][WiFiUdp.cpp:221] parsePacket(): could not receive data: 9
[ 46691][E][WiFiUdp.cpp:221] parsePacket(): could not receive data: 9
[ 46698][E][WiFiUdp.cpp:221] parsePacket(): could not receive data: 9
[ 46705][E][WiFiUdp.cpp:221] parsePacket(): could not receive data: 9
[ 46712][E][WiFiUdp.cpp:221] parsePacket(): could not receive data: 9
[ 46719][E][WiFiUdp.cpp:221] parsePacket(): could not receive data: 9
[ 46725][E][WiFiUdp.cpp:221] parsePacket(): could not receive data: 9
[ 46733][E][WiFiUdp.cpp:221] parsePacket(): could not receive data: 9
[ 46741][E][WiFiUdp.cpp:221] parsePacket(): could not receive data: 9
[ 46748][E][WiFiUdp.cpp:221] parsePacket(): could not receive data: 9
[ 46754][E][WiFiUdp.cpp:221] parsePacket(): could not receive data: 9
[ 46760][E][WiFiUdp.cpp:221] parsePacket(): could not receive data: 9
[ 46767][E][WiFiUdp.cpp:221] parsePacket(): could not receive data: 9
[ 46773][E][WiFiUdp.cpp:221] parsePacket(): could not receive data: 9
[ 46779][E][WiFiUdp.cpp:221] parsePacket(): could not receive data: 9
[ 46785][E][WiFiUdp.cpp:221] parsePacket(): could not receive data: 9
[ 46792][E][WiFiUdp.cpp:221] parsePacket(): could not receive data: 9
[ 46798][E][WiFiUdp.cpp:221] parsePacket(): could not receive data: 9
[ 46805][E][WiFiUdp.cpp:221] parsePacket(): could not receive data: 9
[ 46812][E][WiFiUdp.cpp:221] parsePacket(): could not receive data: 9
[ 46818][E][WiFiUdp.cpp:221] parsePacket(): could not receive data: 9
[ 46824][E][WiFiUdp.cpp:221] parsePacket(): could not receive data: 9
[ 46831][E][WiFiUdp.cpp:221] parsePacket(): could not receive data: 9
[ 46838][E][WiFiUdp.cpp:221] parsePacket(): could not receive data: 9
[ 46844][E][WiFiUdp.cpp:221] parsePacket(): could not receive data: 9
[ 46850][E][WiFiUdp.cpp:221] parsePacket(): could not receive data: 9
[ 46856][E][WiFiUdp.cpp:221] parsePacket(): could not receive data: 9
[ 46862][E][WiFiUdp.cpp:221] parsePacket(): could not receive data: 9
[ 46868][E][WiFiUdp.cpp:221] parsePacket(): could not receive data: 9
[ 46874][E][WiFiUdp.cpp:221] parsePacket(): could not receive data: 9
[ 46881][E][WiFiUdp.cpp:221] parsePacket(): could not receive data: 9
[ 46888][E][WiFiUdp.cpp:221] parsePacket(): could not receive data: 9
[ 46894][E][WiFiUdp.cpp:221] parsePacket(): could not receive data: 9
[ 46901][E][WiFiUdp.cpp:221] parsePacket(): could not receive data: 9
[ 46908][E][WiFiUdp.cpp:221] parsePacket(): could not receive data: 9
[ 46915][E][WiFiUdp.cpp:221] parsePacket(): could not receive data: 9
[ 46921][E][WiFiUdp.cpp:221] parsePacket(): could not receive data: 9
[ 46927][E][WiFiUdp.cpp:221] parsePacket(): could not receive data: 9
[ 46933][E][WiFiUdp.cpp:221] parsePacket(): could not receive data: 9
[ 46939][E][WiFiUdp.cpp:221] parsePacket(): could not receive data: 9
[ 46945][E][WiFiUdp.cpp:221] parsePacket(): could not receive data: 9
[ 46951][E][WiFiUdp.cpp:221] parsePacket(): could not receive data: 9
[ 46957][E][WiFiUdp.cpp:221] parsePacket(): could not receive data: 9
[ 46963][E][WiFiUdp.cpp:221] parsePacket(): could not receive data: 9
[ 46969][E][WiFiUdp.cpp:221] parsePacket(): could not receive data: 9
[ 46976][E][WiFiUdp.cpp:221] parsePacket(): could not receive data: 9
[ 46982][E][WiFiUdp.cpp:221] parsePacket(): could not receive data: 9
[ 46988][E][WiFiUdp.cpp:221] parsePacket(): could not receive data: 9
[ 46994][E][WiFiUdp.cpp:221] parsePacket(): could not receive data: 9
[ 47001][E][WiFiUdp.cpp:221] parsePacket(): could not receive data: 9
[ 47008][E][WiFiUdp.cpp:221] parsePacket(): could not receive data: 9
[ 47015][E][WiFiUdp.cpp:221] parsePacket(): could not receive data: 9
[ 47022][E][WiFiUdp.cpp:221] parsePacket(): could not receive data: 9
[ 47028][E][WiFiUdp.cpp:221] parsePacket(): could not receive data: 9
[ 47034][E][WiFiUdp.cpp:221] parsePacket(): could not receive data: 9
[ 47040][E][WiFiUdp.cpp:221] parsePacket(): could not receive data: 9
[ 47048][E][WiFiUdp.cpp:221] parsePacket(): could not receive data: 9
[ 47056][E][WiFiUdp.cpp:221] parsePacket(): could not receive data: 9
[ 47064][E][WiFiUdp.cpp:221] parsePacket(): could not receive data: 9
[ 47072][E][WiFiUdp.cpp:221] parsePacket(): could not receive data: 9
[ 47079][E][WiFiUdp.cpp:221] parsePacket(): could not receive data: 9
[ 47085][E][WiFiUdp.cpp:221] parsePacket(): could not receive data: 9
[ 47092][E][WiFiUdp.cpp:221] parsePacket(): could not receive data: 9
[ 47098][E][WiFiUdp.cpp:221] parsePacket(): could not receive data: 9
[ 47105][E][WiFiUdp.cpp:221] parsePacket(): could not receive data: 9
[ 47111][E][WiFiUdp.cpp:221] parsePacket(): could not receive data: 9
[ 47118][E][WiFiUdp.cpp:221] parsePacket(): could not receive data: 9
[ 47125][E][WiFiUdp.cpp:221] parsePacket(): could not receive data: 9
[ 47132][E][WiFiUdp.cpp:221] parsePacket(): could not receive data: 9
[ 47139][E][WiFiUdp.cpp:221] parsePacket(): could not receive data: 9
[ 47147][E][WiFiUdp.cpp:221] parsePacket(): could not receive data: 9
[ 47154][E][WiFiUdp.cpp:221] parsePacket(): could not receive data: 9
[ 47161][E][WiFiUdp.cpp:221] parsePacket(): could not receive data: 9
[ 47167][E][WiFiUdp.cpp:221] parsePacket(): could not receive data: 9
[ 47173][E][WiFiUdp.cpp:221] parsePacket(): could not receive data: 9
[ 47179][E][WiFiUdp.cpp:221] parsePacket(): could not receive data: 9
[ 47186][E][WiFiUdp.cpp:221] parsePacket(): could not receive data: 9
[ 47192][E][WiFiUdp.cpp:221] parsePacket(): could not receive data: 9
[ 47199][E][WiFiUdp.cpp:221] parsePacket(): could not receive data: 9
[ 47206][E][WiFiUdp.cpp:221] parsePacket(): could not receive data: 9
[ 47213][E][WiFiUdp.cpp:221] parsePacket(): could not receive data: 9
[ 47220][E][WiFiUdp.cpp:221] parsePacket(): could not receive data: 9
[ 47226][E][WiFiUdp.cpp:221] parsePacket(): could not receive data: 9
[ 47233][E][WiFiUdp.cpp:221] parsePacket(): could not receive data: 9
[ 47240][E][WiFiUdp.cpp:221] parsePacket(): could not receive data: 9
[ 47247][E][WiFiUdp.cpp:221] parsePacket(): could not receive data: 9
[ 47253][E][WiFiUdp.cpp:221] parsePacket(): could not receive data: 9
[ 47259][E][WiFiUdp.cpp:221] parsePacket(): could not receive data: 9
[ 47265][E][WiFiUdp.cpp:221] parsePacket(): could not receive data: 9
[ 47271][E][WiFiUdp.cpp:221] parsePacket(): could not receive data: 9
[ 47277][E][WiFiUdp.cpp:221] parsePacket(): could not receive data: 9
[ 47283][E][WiFiUdp.cpp:221] parsePacket(): could not receive data: 9
[ 47289][E][WiFiUdp.cpp:221] parsePacket(): could not receive data: 9
[ 47295][E][WiFiUdp.cpp:221] parsePacket(): could not receive data: 9
[ 47301][E][WiFiUdp.cpp:221] parsePacket(): could not receive data: 9
[ 47307][E][WiFiUdp.cpp:221] parsePacket(): could not receive data: 9
[ 47313][E][WiFiUdp.cpp:221] parsePacket(): could not receive data: 9
[ 47320][E][WiFiUdp.cpp:221] parsePacket(): could not receive data: 9
[ 47326][E][WiFiUdp.cpp:221] parsePacket(): could not receive data: 9
[ 47333][E][WiFiUdp.cpp:221] parsePacket(): could not receive data: 9
[ 47339][E][WiFiUdp.cpp:221] parsePacket(): could not receive data: 9
[ 47345][E][WiFiUdp.cpp:221] parsePacket(): could not receive data: 9
[ 47351][E][WiFiUdp.cpp:221] parsePacket(): could not receive data: 9
[ 47357][E][WiFiUdp.cpp:221] parsePacket(): could not receive data: 9
[ 47363][E][WiFiUdp.cpp:221] parsePacket(): could not receive data: 9
[ 47369][E][WiFiUdp.cpp:221] parsePacket(): could not receive data: 9
[ 47375][E][WiFiUdp.cpp:221] parsePacket(): could not receive data: 9
[ 47382][E][WiFiUdp.cpp:221] parsePacket(): could not receive data: 9
[ 47389][E][WiFiUdp.cpp:221] parsePacket(): could not receive data: 9
[ 47395][E][WiFiUdp.cpp:221] parsePacket(): could not receive data: 9
[ 47401][E][WiFiUdp.cpp:221] parsePacket(): could not receive data: 9
[ 47407][E][WiFiUdp.cpp:221] parsePacket(): could not receive data: 9
[ 47414][E][WiFiUdp.cpp:221] parsePacket(): could not receive data: 9
[ 47420][E][WiFiUdp.cpp:221] parsePacket(): could not receive data: 9
[ 47426][E][WiFiUdp.cpp:221] parsePacket(): could not receive data: 9
[ 47432][E][WiFiUdp.cpp:221] parsePacket(): could not receive data: 9
[ 47438][E][WiFiUdp.cpp:221] parsePacket(): could not receive data: 9
[ 47444][E][WiFiUdp.cpp:221] parsePacket(): could not receive data: 9
[ 47450][E][WiFiUdp.cpp:221] parsePacket(): could not receive data: 9
[ 47456][E][WiFiUdp.cpp:221] parsePacket(): could not receive data: 9
[ 47462][E][WiFiUdp.cpp:221] parsePacket(): could not receive data: 9
[ 47468][E][WiFiUdp.cpp:221] parsePacket(): could not receive data: 9
[ 47475][E][WiFiUdp.cpp:221] parsePacket(): could not receive data: 9
[ 47481][E][WiFiUdp.cpp:221] parsePacket(): could not receive data: 9
[ 47488][E][WiFiUdp.cpp:221] parsePacket(): could not receive data: 9
[ 47494][E][WiFiUdp.cpp:221] parsePacket(): could not receive data: 9
[ 47501][E][WiFiUdp.cpp:221] parsePacket(): could not receive data: 9
[ 47507][E][WiFiUdp.cpp:221] parsePacket(): could not receive data: 9
[ 47512][E][WiFiUdp.cpp:221] parsePacket(): could not receive data: 9
[ 47517][E][WiFiUdp.cpp:221] parsePacket(): could not receive data: 9
[ 47522][E][WiFiUdp.cpp:221] parsePacket(): could not receive data: 9
[ 47528][E][WiFiUdp.cpp:221] parsePacket(): could not receive data: 9
[ 47534][E][WiFiUdp.cpp:221] parsePacket(): could not receive data: 9
[ 47540][E][WiFiUdp.cpp:221] parsePacket(): could not receive data: 9
[ 47548][E][WiFiUdp.cpp:221] parsePacket(): could not receive data: 9
[ 47556][E][WiFiUdp.cpp:221] parsePacket(): could not receive data: 9
[ 47564][E][WiFiUdp.cpp:221] parsePacket(): could not receive data: 9
[ 47573][E][WiFiUdp.cpp:221] parsePacket(): could not receive data: 9
[ 47580][E][WiFiUdp.cpp:221] parsePacket(): could not receive data: 9
[ 47587][E][WiFiUdp.cpp:221] parsePacket(): could not receive data: 9
[ 47595][E][WiFiUdp.cpp:221] parsePacket(): could not receive data: 9
[ 47603][E][WiFiUdp.cpp:221] parsePacket(): could not receive data: 9
[ 47610][E][WiFiUdp.cpp:221] parsePacket(): could not receive data: 9
[ 47618][E][WiFiUdp.cpp:221] parsePacket(): could not receive data: 9
[ 47626][E][WiFiUdp.cpp:221] parsePacket(): could not receive data: 9
[ 47634][E][WiFiUdp.cpp:221] parsePacket(): could not receive data: 9
[ 47641][E][WiFiUdp.cpp:221] parsePacket(): could not receive data: 9
[ 47647][E][WiFiUdp.cpp:221] parsePacket(): could not receive data: 9
[ 47654][E][WiFiUdp.cpp:221] parsePacket(): could not receive data: 9
[ 47662][E][WiFiUdp.cpp:221] parsePacket(): could not receive data: 9
[ 47669][E][WiFiUdp.cpp:221] parsePacket(): could not receive data: 9
[ 47675][E][WiFiUdp.cpp:221] parsePacket(): could not receive data: 9
[ 47681][E][WiFiUdp.cpp:221] parsePacket(): could not receive data: 9
[ 47687][E][WiFiUdp.cpp:221] parsePacket(): could not receive data: 9
[ 47693][E][WiFiUdp.cpp:221] parsePacket(): could not receive data: 9
[ 47700][E][WiFiUdp.cpp:221] parsePacket(): could not receive data: 9
[ 47707][E][WiFiUdp.cpp:221] parsePacket(): could not receive data: 9
[ 47715][E][WiFiUdp.cpp:221] parsePacket(): could not receive data: 9
[ 47723][E][WiFiUdp.cpp:221] parsePacket(): could not receive data: 9
[ 47730][E][WiFiUdp.cpp:221] parsePacket(): could not receive data: 9
[ 47737][E][WiFiUdp.cpp:221] parsePacket(): could not receive data: 9
[ 47743][E][WiFiUdp.cpp:221] parsePacket(): could not receive data: 9
[ 47750][E][WiFiUdp.cpp:221] parsePacket(): could not receive data: 9
[ 47756][E][WiFiUdp.cpp:221] parsePacket(): could not receive data: 9
[ 47762][E][WiFiUdp.cpp:221] parsePacket(): could not receive data: 9
[ 47769][E][WiFiUdp.cpp:221] parsePacket(): could not receive data: 9
[ 47776][E][WiFiUdp.cpp:221] parsePacket(): could not receive data: 9
[ 47783][E][WiFiUdp.cpp:221] parsePacket(): could not receive data: 9
[ 47790][E][WiFiUdp.cpp:221] parsePacket(): could not receive data: 9
[ 47797][E][WiFiUdp.cpp:221] parsePacket(): could not receive data: 9
[ 47804][E][WiFiUdp.cpp:221] parsePacket(): could not receive data: 9
[ 47811][E][WiFiUdp.cpp:221] parsePacket(): could not receive data: 9
[ 47818][E][WiFiUdp.cpp:221] parsePacket(): could not receive data: 9
[ 47825][E][WiFiUdp.cpp:221] parsePacket(): could not receive data: 9
[ 47832][E][WiFiUdp.cpp:221] parsePacket(): could not receive data: 9
[ 47838][E][WiFiUdp.cpp:221] parsePacket(): could not receive data: 9
[ 47844][E][WiFiUdp.cpp:221] parsePacket(): could not receive data: 9
[ 47850][E][WiFiUdp.cpp:221] parsePacket(): could not receive data: 9
[ 47856][E][WiFiUdp.cpp:221] parsePacket(): could not receive data: 9
[ 47862][E][WiFiUdp.cpp:221] parsePacket(): could not receive data: 9
[ 47868][E][WiFiUdp.cpp:221] parsePacket(): could not receive data: 9
[ 47874][E][WiFiUdp.cpp:221] parsePacket(): could not receive data: 9
[ 47880][E][WiFiUdp.cpp:221] parsePacket(): could not receive data: 9
[ 47886][E][WiFiUdp.cpp:221] parsePacket(): could not receive data: 9
[ 47892][E][WiFiUdp.cpp:221] parsePacket(): could not receive data: 9
[ 47898][E][WiFiUdp.cpp:221] parsePacket(): could not receive data: 9
[ 47905][E][WiFiUdp.cpp:221] parsePacket(): could not receive data: 9
[ 47912][E][WiFiUdp.cpp:221] parsePacket(): could not receive data: 9
[ 47919][E][WiFiUdp.cpp:221] parsePacket(): could not receive data: 9
[ 47926][E][WiFiUdp.cpp:221] parsePacket(): could not receive data: 9
[ 47932][E][WiFiUdp.cpp:221] parsePacket(): could not receive data: 9
[ 47938][E][WiFiUdp.cpp:221] parsePacket(): could not receive data: 9
[ 47945][E][WiFiUdp.cpp:221] parsePacket(): could not receive data: 9
[ 47953][E][WiFiUdp.cpp:221] parsePacket(): could not receive data: 9
[ 47960][E][WiFiUdp.cpp:221] parsePacket(): could not receive data: 9
[ 47968][E][WiFiUdp.cpp:221] parsePacket(): could not receive data: 9
[ 47976][E][WiFiUdp.cpp:221] parsePacket(): could not receive data: 9
[ 47984][E][WiFiUdp.cpp:221] parsePacket(): could not receive data: 9
[ 47991][E][WiFiUdp.cpp:221] parsePacket(): could not receive data: 9
[ 47998][E][WiFiUdp.cpp:221] parsePacket(): could not receive data: 9
[ 48004][E][WiFiUdp.cpp:221] parsePacket(): could not receive data: 9
[ 48010][E][WiFiUdp.cpp:221] parsePacket(): could not receive data: 9
[ 48017][E][WiFiUdp.cpp:221] parsePacket(): could not receive data: 9
[ 48024][E][WiFiUdp.cpp:221] parsePacket(): could not receive data: 9
[ 48031][E][WiFiUdp.cpp:221] parsePacket(): could not receive data: 9
[ 48038][E][WiFiUdp.cpp:221] parsePacket(): could not receive data: 9
[ 48045][E][WiFiUdp.cpp:221] parsePacket(): could not receive data: 9
[ 48051][E][WiFiUdp.cpp:221] parsePacket(): could not receive data: 9
[ 48058][E][WiFiUdp.cpp:221] parsePacket(): could not receive data: 9
[ 48065][E][WiFiUdp.cpp:221] parsePacket(): could not receive data: 9
[ 48072][E][WiFiUdp.cpp:221] parsePacket(): could not receive data: 9
[ 48078][E][WiFiUdp.cpp:221] parsePacket(): could not receive data: 9
[ 48086][E][WiFiUdp.cpp:221] parsePacket(): could not receive data: 9
[ 48093][E][WiFiUdp.cpp:221] parsePacket(): could not receive data: 9
[ 48100][E][WiFiUdp.cpp:221] parsePacket(): could not receive data: 9
[ 48107][E][WiFiUdp.cpp:221] parsePacket(): could not receive data: 9
[ 48114][E][WiFiUdp.cpp:221] parsePacket(): could not receive data: 9
[ 48120][E][WiFiUdp.cpp:221] parsePacket(): could not receive data: 9
[ 48126][E][WiFiUdp.cpp:221] parsePacket(): could not receive data: 9
[ 48132][E][WiFiUdp.cpp:221] parsePacket(): could not receive data: 9
[ 48138][E][WiFiUdp.cpp:221] parsePacket(): could not receive data: 9
[ 48144][E][WiFiUdp.cpp:221] parsePacket(): could not receive data: 9
[ 48150][E][WiFiUdp.cpp:221] parsePacket(): could not receive data: 9
[ 48156][E][WiFiUdp.cpp:221] parsePacket(): could not receive data: 9
[ 48163][E][WiFiUdp.cpp:221] parsePacket(): could not receive data: 9
[ 48169][E][WiFiUdp.cpp:221] parsePacket(): could not receive data: 9
[ 48175][E][WiFiUdp.cpp:221] parsePacket(): could not receive data: 9
[ 48182][E][WiFiUdp.cpp:221] parsePacket(): could not receive data: 9
[ 48188][E][WiFiUdp.cpp:221] parsePacket(): could not receive data: 9
[ 48194][E][WiFiUdp.cpp:221] parsePacket(): could not receive data: 9
[ 48203][E][WiFiUdp.cpp:221] parsePacket(): could not receive data: 9
[ 48210][E][WiFiUdp.cpp:221] parsePacket(): could not receive data: 9
[ 48217][E][WiFiUdp.cpp:221] parsePacket(): could not receive data: 9
[ 48223][E][WiFiUdp.cpp:221] parsePacket(): could not receive data: 9
[ 48229][E][WiFiUdp.cpp:221] parsePacket(): could not receive data: 9
[ 48235][E][WiFiUdp.cpp:221] parsePacket(): could not receive data: 9
[ 48241][E][WiFiUdp.cpp:221] parsePacket(): could not receive data: 9
[ 48247][E][WiFiUdp.cpp:221] parsePacket(): could not receive data: 9
[ 48253][E][WiFiUdp.cpp:221] parsePacket(): could not receive data: 9
[ 48259][E][WiFiUdp.cpp:221] parsePacket(): could not receive data: 9
[ 48265][E][WiFiUdp.cpp:221] parsePacket(): could not receive data: 9
[ 48271][E][WiFiUdp.cpp:221] parsePacket(): could not receive data: 9
[ 48277][E][WiFiUdp.cpp:221] parsePacket(): could not receive data: 9
[ 48283][E][WiFiUdp.cpp:221] parsePacket(): could not receive data: 9
[ 48289][E][WiFiUdp.cpp:221] parsePacket(): could not receive data: 9
[ 48295][E][WiFiUdp.cpp:221] parsePacket(): could not receive data: 9
[ 48301][E][WiFiUdp.cpp:221] parsePacket(): could not receive data: 9
[ 48307][E][WiFiUdp.cpp:221] parsePacket(): could not receive data: 9
[ 48314][E][WiFiUdp.cpp:221] parsePacket(): could not receive data: 9
[ 48320][E][WiFiUdp.cpp:221] parsePacket(): could not receive data: 9
[ 48326][E][WiFiUdp.cpp:221] parsePacket(): could not receive data: 9
[ 48332][E][WiFiUdp.cpp:221] parsePacket(): could not receive data: 9
[ 48338][E][WiFiUdp.cpp:221] parsePacket(): could not receive data: 9
[ 48344][E][WiFiUdp.cpp:221] parsePacket(): could not receive data: 9
[ 48351][E][WiFiUdp.cpp:221] parsePacket(): could not receive data: 9
[ 48357][E][WiFiUdp.cpp:221] parsePacket(): could not receive data: 9
[ 48365][E][WiFiUdp.cpp:221] parsePacket(): could not receive data: 9
[ 48372][E][WiFiUdp.cpp:221] parsePacket(): could not receive data: 9
[ 48378][E][WiFiUdp.cpp:221] parsePacket(): could not receive data: 9
[ 48384][E][WiFiUdp.cpp:221] parsePacket(): could not receive data: 9
[ 48390][E][WiFiUdp.cpp:221] parsePacket(): could not receive data: 9
[ 48397][E][WiFiUdp.cpp:221] parsePacket(): could not receive data: 9
[ 48403][E][WiFiUdp.cpp:221] parsePacket(): could not receive data: 9
[ 48410][E][WiFiUdp.cpp:221] parsePacket(): could not receive data: 9
[ 48417][E][WiFiUdp.cpp:221] parsePacket(): could not receive data: 9
[ 48424][E][WiFiUdp.cpp:221] parsePacket(): could not receive data: 9
[ 48431][E][WiFiUdp.cpp:221] parsePacket(): could not receive data: 9
[ 48437][E][WiFiUdp.cpp:221] parsePacket(): could not receive data: 9
[ 48444][E][WiFiUdp.cpp:221] parsePacket(): could not receive data: 9
[ 48452][E][WiFiUdp.cpp:221] parsePacket(): could not receive data: 9
[ 48459][E][WiFiUdp.cpp:221] parsePacket(): could not receive data: 9
[ 48465][E][WiFiUdp.cpp:221] parsePacket(): could not receive data: 9
[ 48472][E][WiFiUdp.cpp:221] parsePacket(): could not receive data: 9
[ 48481][E][WiFiUdp.cpp:221] parsePacket(): could not receive data: 9
[ 48489][E][WiFiUdp.cpp:221] parsePacket(): could not receive data: 9
[ 48496][E][WiFiUdp.cpp:221] parsePacket(): could not receive data: 9
[ 48503][E][WiFiUdp.cpp:221] parsePacket(): could not receive data: 9
[ 48510][E][WiFiUdp.cpp:221] parsePacket(): could not receive data: 9
[ 48518][E][WiFiUdp.cpp:221] parsePacket(): could not receive data: 9
[ 48526][E][WiFiUdp.cpp:221] parsePacket(): could not receive data: 9
[ 48533][E][WiFiUdp.cpp:221] parsePacket(): could not receive data: 9
[ 48539][E][WiFiUdp.cpp:221] parsePacket(): could not receive data: 9
[ 48545][E][WiFiUdp.cpp:221] parsePacket(): could not receive data: 9
[ 48553][E][WiFiUdp.cpp:221] parsePacket(): could not receive data: 9
[ 48561][E][WiFiUdp.cpp:221] parsePacket(): could not receive data: 9
[ 48568][E][WiFiUdp.cpp:221] parsePacket(): could not receive data: 9
[ 48574][E][WiFiUdp.cpp:221] parsePacket(): could not receive data: 9
[ 48580][E][WiFiUdp.cpp:221] parsePacket(): could not receive data: 9
[ 48587][E][WiFiUdp.cpp:221] parsePacket(): could not receive data: 9
[ 48593][E][WiFiUdp.cpp:221] parsePacket(): could not receive data: 9
[ 48599][E][WiFiUdp.cpp:221] parsePacket(): could not receive data: 9
[ 48605][E][WiFiUdp.cpp:221] parsePacket(): could not receive data: 9
[ 48611][E][WiFiUdp.cpp:221] parsePacket(): could not receive data: 9
[ 48617][E][WiFiUdp.cpp:221] parsePacket(): could not receive data: 9
[ 48623][E][WiFiUdp.cpp:221] parsePacket(): could not receive data: 9
[ 48629][E][WiFiUdp.cpp:221] parsePacket(): could not receive data: 9
[ 48635][E][WiFiUdp.cpp:221] parsePacket(): could not receive data: 9
[ 48641][E][WiFiUdp.cpp:221] parsePacket(): could not receive data: 9
[ 48647][E][WiFiUdp.cpp:221] parsePacket(): could not receive data: 9
[ 48653][E][WiFiUdp.cpp:221] parsePacket(): could not receive data: 9
[ 48659][E][WiFiUdp.cpp:221] parsePacket(): could not receive data: 9
[ 48665][E][WiFiUdp.cpp:221] parsePacket(): could not receive data: 9
[ 48671][E][WiFiUdp.cpp:221] parsePacket(): could not receive data: 9
[ 48677][E][WiFiUdp.cpp:221] parsePacket(): could not receive data: 9
[ 48683][E][WiFiUdp.cpp:221] parsePacket(): could not receive data: 9
[ 48690][E][WiFiUdp.cpp:221] parsePacket(): could not receive data: 9
[ 48696][E][WiFiUdp.cpp:221] parsePacket(): could not receive data: 9
[ 48702][E][WiFiUdp.cpp:221] parsePacket(): could not receive data: 9
[ 48708][E][WiFiUdp.cpp:221] parsePacket(): could not receive data: 9
[ 48714][E][WiFiUdp.cpp:221] parsePacket(): could not receive data: 9
[ 48721][E][WiFiUdp.cpp:221] parsePacket(): could not receive data: 9
[ 48728][E][WiFiUdp.cpp:221] parsePacket(): could not receive data: 9
[ 48736][E][WiFiUdp.cpp:221] parsePacket(): could not receive data: 9
[ 48744][E][WiFiUdp.cpp:221] parsePacket(): could not receive data: 9
[ 48752][E][WiFiUdp.cpp:221] parsePacket(): could not receive data: 9
[ 48759][E][WiFiUdp.cpp:221] parsePacket(): could not receive data: 9
[ 48765][E][WiFiUdp.cpp:221] parsePacket(): could not receive data: 9
[ 48772][E][WiFiUdp.cpp:221] parsePacket(): could not receive data: 9
[ 48778][E][WiFiUdp.cpp:221] parsePacket(): could not receive data: 9
[ 48786][E][WiFiUdp.cpp:221] parsePacket(): could not receive data: 9
[ 48794][E][WiFiUdp.cpp:221] parsePacket(): could not receive data: 9
[ 48802][E][WiFiUdp.cpp:221] parsePacket(): could not receive data: 9
[ 48810][E][WiFiUdp.cpp:221] parsePacket(): could not receive data: 9
[ 48818][E][WiFiUdp.cpp:221] parsePacket(): could not receive data: 9
[ 48825][E][WiFiUdp.cpp:221] parsePacket(): could not receive data: 9
[ 48832][E][WiFiUdp.cpp:221] parsePacket(): could not receive data: 9
[ 48839][E][WiFiUdp.cpp:221] parsePacket(): could not receive data: 9
[ 48845][E][WiFiUdp.cpp:221] parsePacket(): could not receive data: 9
[ 48851][E][WiFiUdp.cpp:221] parsePacket(): could not receive data: 9
[ 48858][E][WiFiUdp.cpp:221] parsePacket(): could not receive data: 9
[ 48865][E][WiFiUdp.cpp:221] parsePacket(): could not receive data: 9
[ 48871][E][WiFiUdp.cpp:221] parsePacket(): could not receive data: 9
[ 48876][E][WiFiUdp.cpp:221] parsePacket(): could not receive data: 9
[ 48881][E][WiFiUdp.cpp:221] parsePacket(): could not receive data: 9
[ 48886][E][WiFiUdp.cpp:221] parsePacket(): could not receive data: 9
[ 48892][E][WiFiUdp.cpp:221] parsePacket(): could not receive data: 9
[ 48898][E][WiFiUdp.cpp:221] parsePacket(): could not receive data: 9
[ 48904][E][WiFiUdp.cpp:221] parsePacket(): could not receive data: 9
[ 48911][E][WiFiUdp.cpp:221] parsePacket(): could not receive data: 9
[ 48917][E][WiFiUdp.cpp:221] parsePacket(): could not receive data: 9
[ 48923][E][WiFiUdp.cpp:221] parsePacket(): could not receive data: 9
[ 48930][E][WiFiUdp.cpp:221] parsePacket(): could not receive data: 9
[ 48936][E][WiFiUdp.cpp:221] parsePacket(): could not receive data: 9
[ 48942][E][WiFiUdp.cpp:221] parsePacket(): could not receive data: 9
[ 48949][E][WiFiUdp.cpp:221] parsePacket(): could not receive data: 9
[ 48955][E][WiFiUdp.cpp:221] parsePacket(): could not receive data: 9
[ 48962][E][WiFiUdp.cpp:221] parsePacket(): could not receive data: 9
[ 48968][E][WiFiUdp.cpp:221] parsePacket(): could not receive data: 9
[ 48974][E][WiFiUdp.cpp:221] parsePacket(): could not receive data: 9
[ 48981][E][WiFiUdp.cpp:221] parsePacket(): could not receive data: 9
[ 48987][E][WiFiUdp.cpp:221] parsePacket(): could not receive data: 9
[ 48994][E][WiFiUdp.cpp:221] parsePacket(): could not receive data: 9
[ 49001][E][WiFiUdp.cpp:221] parsePacket(): could not receive data: 9
[ 49007][E][WiFiUdp.cpp:221] parsePacket(): could not receive data: 9
[ 49014][E][WiFiUdp.cpp:221] parsePacket(): could not receive data: 9
[ 49020][E][WiFiUdp.cpp:221] parsePacket(): could not receive data: 9
[ 49026][E][WiFiUdp.cpp:221] parsePacket(): could not receive data: 9
[ 49033][E][WiFiUdp.cpp:221] parsePacket(): could not receive data: 9
[ 49041][E][WiFiUdp.cpp:221] parsePacket(): could not receive data: 9
[ 49049][E][WiFiUdp.cpp:221] parsePacket(): could not receive data: 9
[ 49057][E][WiFiUdp.cpp:221] parsePacket(): could not receive data: 9
[ 49064][E][WiFiUdp.cpp:221] parsePacket(): could not receive data: 9
[ 49071][E][WiFiUdp.cpp:221] parsePacket(): could not receive data: 9
[ 49078][E][WiFiUdp.cpp:221] parsePacket(): could not receive data: 9
[ 49085][E][WiFiUdp.cpp:221] parsePacket(): could not receive data: 9
[ 49092][E][WiFiUdp.cpp:221] parsePacket(): could not receive data: 9
[ 49099][E][WiFiUdp.cpp:221] parsePacket(): could not receive data: 9
[ 49106][E][WiFiUdp.cpp:221] parsePacket(): could not receive data: 9
[ 49112][E][WiFiUdp.cpp:221] parsePacket(): could not receive data: 9
[ 49118][E][WiFiUdp.cpp:221] parsePacket(): could not receive data: 9
[ 49124][E][WiFiUdp.cpp:221] parsePacket(): could not receive data: 9
[ 49130][E][WiFiUdp.cpp:221] parsePacket(): could not receive data: 9
[ 49136][E][WiFiUdp.cpp:221] parsePacket(): could not receive data: 9
[ 49143][E][WiFiUdp.cpp:221] parsePacket(): could not receive data: 9
[ 49149][E][WiFiUdp.cpp:221] parsePacket(): could not receive data: 9
[ 49156][E][WiFiUdp.cpp:221] parsePacket(): could not receive data: 9
[ 49162][E][WiFiUdp.cpp:221] parsePacket(): could not receive data: 9
[ 49169][E][WiFiUdp.cpp:221] parsePacket(): could not receive data: 9
[ 49176][E][WiFiUdp.cpp:221] parsePacket(): could not receive data: 9
[ 49182][E][WiFiUdp.cpp:221] parsePacket(): could not receive data: 9
[ 49188][E][WiFiUdp.cpp:221] parsePacket(): could not receive data: 9
[ 49194][E][WiFiUdp.cpp:221] parsePacket(): could not receive data: 9
[ 49200][E][WiFiUdp.cpp:221] parsePacket(): could not receive data: 9
[ 49206][E][WiFiUdp.cpp:221] parsePacket(): could not receive data: 9
[ 49213][E][WiFiUdp.cpp:221] parsePacket(): could not receive data: 9
[ 49221][E][WiFiUdp.cpp:221] parsePacket(): could not receive data: 9
[ 49229][E][WiFiUdp.cpp:221] parsePacket(): could not receive data: 9
[ 49237][E][WiFiUdp.cpp:221] parsePacket(): could not receive data: 9
[ 49244][E][WiFiUdp.cpp:221] parsePacket(): could not receive data: 9
[ 49249][E][WiFiUdp.cpp:221] parsePacket(): could not receive data: 9
[ 49255][E][WiFiUdp.cpp:221] parsePacket(): could not receive data: 9
[ 49261][E][WiFiUdp.cpp:221] parsePacket(): could not receive data: 9
[ 49266][E][WiFiUdp.cpp:221] parsePacket(): could not receive data: 9
[ 49271][E][WiFiUdp.cpp:221] parsePacket(): could not receive data: 9
[ 49276][E][WiFiUdp.cpp:221] parsePacket(): could not receive data: 9
[ 49281][E][WiFiUdp.cpp:221] parsePacket(): could not receive data: 9
[ 49286][E][WiFiUdp.cpp:221] parsePacket(): could not receive data: 9
[ 49291][E][WiFiUdp.cpp:221] parsePacket(): could not receive data: 9
[ 49297][E][WiFiUdp.cpp:221] parsePacket(): could not receive data: 9
[ 49303][E][WiFiUdp.cpp:221] parsePacket(): could not receive data: 9
[ 49309][E][WiFiUdp.cpp:221] parsePacket(): could not receive data: 9
[ 49315][E][WiFiUdp.cpp:221] parsePacket(): could not receive data: 9
[ 49321][E][WiFiUdp.cpp:221] parsePacket(): could not receive data: 9
[ 49327][E][WiFiUdp.cpp:221] parsePacket(): could not receive data: 9
[ 49333][E][WiFiUdp.cpp:221] parsePacket(): could not receive data: 9
[ 49339][E][WiFiUdp.cpp:221] parsePacket(): could not receive data: 9
[ 49345][E][WiFiUdp.cpp:221] parsePacket(): could not receive data: 9
[ 49351][E][WiFiUdp.cpp:221] parsePacket(): could not receive data: 9
[ 49357][E][WiFiUdp.cpp:221] parsePacket(): could not receive data: 9
[ 49363][E][WiFiUdp.cpp:221] parsePacket(): could not receive data: 9
[ 49369][E][WiFiUdp.cpp:221] parsePacket(): could not receive data: 9
[ 49375][E][WiFiUdp.cpp:221] parsePacket(): could not receive data: 9
[ 49381][E][WiFiUdp.cpp:221] parsePacket(): could not receive data: 9
[ 49387][E][WiFiUdp.cpp:221] parsePacket(): could not receive data: 9
[ 49393][E][WiFiUdp.cpp:221] parsePacket(): could not receive data: 9
[ 49400][E][WiFiUdp.cpp:221] parsePacket(): could not receive data: 9
[ 49407][E][WiFiUdp.cpp:221] parsePacket(): could not receive data: 9
[ 49414][E][WiFiUdp.cpp:221] parsePacket(): could not receive data: 9
[ 49420][E][WiFiUdp.cpp:221] parsePacket(): could not receive data: 9
[ 49427][E][WiFiUdp.cpp:221] parsePacket(): could not receive data: 9
[ 49434][E][WiFiUdp.cpp:221] parsePacket(): could not receive data: 9
[ 49441][E][WiFiUdp.cpp:221] parsePacket(): could not receive data: 9
[ 49447][E][WiFiUdp.cpp:221] parsePacket(): could not receive data: 9
[ 49453][E][WiFiUdp.cpp:221] parsePacket(): could not receive data: 9
[ 49459][E][WiFiUdp.cpp:221] parsePacket(): could not receive data: 9
[ 49465][E][WiFiUdp.cpp:221] parsePacket(): could not receive data: 9
[ 49471][E][WiFiUdp.cpp:221] parsePacket(): could not receive data: 9
[ 49477][E][WiFiUdp.cpp:221] parsePacket(): could not receive data: 9
[ 49483][E][WiFiUdp.cpp:221] parsePacket(): could not receive data: 9
[ 49489][E][WiFiUdp.cpp:221] parsePacket(): could not receive data: 9
[ 49495][E][WiFiUdp.cpp:221] parsePacket(): could not receive data: 9
[ 49502][E][WiFiUdp.cpp:221] parsePacket(): could not receive data: 9
[ 49509][E][WiFiUdp.cpp:221] parsePacket(): could not receive data: 9
[ 49516][E][WiFiUdp.cpp:221] parsePacket(): could not receive data: 9
[ 49522][E][WiFiUdp.cpp:221] parsePacket(): could not receive data: 9
[ 49528][E][WiFiUdp.cpp:221] parsePacket(): could not receive data: 9
[ 49534][E][WiFiUdp.cpp:221] parsePacket(): could not receive data: 9
[ 49540][E][WiFiUdp.cpp:221] parsePacket(): could not receive data: 9
[ 49546][E][WiFiUdp.cpp:221] parsePacket(): could not receive data: 9
[ 49553][E][WiFiUdp.cpp:221] parsePacket(): could not receive data: 9
[ 49560][E][WiFiUdp.cpp:221] parsePacket(): could not receive data: 9
[ 49566][E][WiFiUdp.cpp:221] parsePacket(): could not receive data: 9
[ 49572][E][WiFiUdp.cpp:221] parsePacket(): could not receive data: 9
[ 49578][E][WiFiUdp.cpp:221] parsePacket(): could not receive data: 9
[ 49585][E][WiFiUdp.cpp:221] parsePacket(): could not receive data: 9
[ 49592][E][WiFiUdp.cpp:221] parsePacket(): could not receive data: 9
[ 49599][E][WiFiUdp.cpp:221] parsePacket(): could not receive data: 9
[ 49606][E][WiFiUdp.cpp:221] parsePacket(): could not receive data: 9
[ 49612][E][WiFiUdp.cpp:221] parsePacket(): could not receive data: 9
[ 49618][E][WiFiUdp.cpp:221] parsePacket(): could not receive data: 9
[ 49624][E][WiFiUdp.cpp:221] parsePacket(): could not receive data: 9
[ 49630][E][WiFiUdp.cpp:221] parsePacket(): could not receive data: 9
[ 49636][E][WiFiUdp.cpp:221] parsePacket(): could not receive data: 9
[ 49643][E][WiFiUdp.cpp:221] parsePacket(): could not receive data: 9
[ 49651][E][WiFiUdp.cpp:221] parsePacket(): could not receive data: 9
[ 49658][E][WiFiUdp.cpp:221] parsePacket(): could not receive data: 9
[ 49665][E][WiFiUdp.cpp:221] parsePacket(): could not receive data: 9
[ 49671][E][WiFiUdp.cpp:221] parsePacket(): could not receive data: 9
[ 49678][E][WiFiUdp.cpp:221] parsePacket(): could not receive data: 9
[ 49684][E][WiFiUdp.cpp:221] parsePacket(): could not receive data: 9
[ 49692][E][WiFiUdp.cpp:221] parsePacket(): could not receive data: 9
[ 49700][E][WiFiUdp.cpp:221] parsePacket(): could not receive data: 9
[ 49707][E][WiFiUdp.cpp:221] parsePacket(): could not receive data: 9
[ 49715][E][WiFiUdp.cpp:221] parsePacket(): could not receive data: 9
[ 49723][E][WiFiUdp.cpp:221] parsePacket(): could not receive data: 9
[ 49730][E][WiFiUdp.cpp:221] parsePacket(): could not receive data: 9
[ 49736][E][WiFiUdp.cpp:221] parsePacket(): could not receive data: 9
[ 49743][E][WiFiUdp.cpp:221] parsePacket(): could not receive data: 9
[ 49751][E][WiFiUdp.cpp:221] parsePacket(): could not receive data: 9
[ 49757][E][WiFiUdp.cpp:221] parsePacket(): could not receive data: 9
[ 49762][E][WiFiUdp.cpp:221] parsePacket(): could not receive data: 9
[ 49768][E][WiFiUdp.cpp:221] parsePacket(): could not receive data: 9
[ 49774][E][WiFiUdp.cpp:221] parsePacket(): could not receive data: 9
[ 49780][E][WiFiUdp.cpp:221] parsePacket(): could not receive data: 9
[ 49786][E][WiFiUdp.cpp:221] parsePacket(): could not receive data: 9
[ 49792][E][WiFiUdp.cpp:221] parsePacket(): could not receive data: 9
[ 49798][E][WiFiUdp.cpp:221] parsePacket(): could not receive data: 9
[ 49804][E][WiFiUdp.cpp:221] parsePacket(): could not receive data: 9
[ 49810][E][WiFiUdp.cpp:221] parsePacket(): could not receive data: 9
[ 49816][E][WiFiUdp.cpp:221] parsePacket(): could not receive data: 9
[ 49822][E][WiFiUdp.cpp:221] parsePacket(): could not receive data: 9
[ 49829][E][WiFiUdp.cpp:221] parsePacket(): could not receive data: 9
[ 49836][E][WiFiUdp.cpp:221] parsePacket(): could not receive data: 9
[ 49843][E][WiFiUdp.cpp:221] parsePacket(): could not receive data: 9
[ 49850][E][WiFiUdp.cpp:221] parsePacket(): could not receive data: 9
[ 49857][E][WiFiUdp.cpp:221] parsePacket(): could not receive data: 9
[ 49864][E][WiFiUdp.cpp:221] parsePacket(): could not receive data: 9
[ 49870][E][WiFiUdp.cpp:221] parsePacket(): could not receive data: 9
[ 49877][E][WiFiUdp.cpp:221] parsePacket(): could not receive data: 9
[ 49884][E][WiFiUdp.cpp:221] parsePacket(): could not receive data: 9
[ 49891][E][WiFiUdp.cpp:221] parsePacket(): could not receive data: 9
[ 49898][E][WiFiUdp.cpp:221] parsePacket(): could not receive data: 9
[ 49905][E][WiFiUdp.cpp:221] parsePacket(): could not receive data: 9
[ 49912][E][WiFiUdp.cpp:221] parsePacket(): could not receive data: 9
[ 49919][E][WiFiUdp.cpp:221] parsePacket(): could not receive data: 9
[ 49925][E][WiFiUdp.cpp:221] parsePacket(): could not receive data: 9
[ 49933][E][WiFiUdp.cpp:221] parsePacket(): could not receive data: 9
[ 49940][E][WiFiUdp.cpp:221] parsePacket(): could not receive data: 9
[ 49948][E][WiFiUdp.cpp:221] parsePacket(): could not receive data: 9
[ 49956][E][WiFiUdp.cpp:221] parsePacket(): could not receive data: 9
[ 49963][E][WiFiUdp.cpp:221] parsePacket(): could not receive data: 9
[ 49970][E][WiFiUdp.cpp:221] parsePacket(): could not receive data: 9
[ 49977][E][WiFiUdp.cpp:221] parsePacket(): could not receive data: 9
[ 49984][E][WiFiUdp.cpp:221] parsePacket(): could not receive data: 9
[ 49991][E][WiFiUdp.cpp:221] parsePacket(): could not receive data: 9
[ 49998][E][WiFiUdp.cpp:221] parsePacket(): could not receive data: 9
[ 50004][E][WiFiUdp.cpp:221] parsePacket(): could not receive data: 9
[ 50011][E][WiFiUdp.cpp:221] parsePacket(): could not receive data: 9
[ 50018][E][WiFiUdp.cpp:221] parsePacket(): could not receive data: 9
[ 50023][E][WiFiUdp.cpp:221] parsePacket(): could not receive data: 9
[ 50030][E][WiFiUdp.cpp:221] parsePacket(): could not receive data: 9
[ 50036][E][WiFiUdp.cpp:221] parsePacket(): could not receive data: 9
[ 50042][E][WiFiUdp.cpp:221] parsePacket(): could not receive data: 9
[ 50047][E][WiFiUdp.cpp:221] parsePacket(): could not receive data: 9
[ 50053][E][WiFiUdp.cpp:221] parsePacket(): could not receive data: 9
[ 50059][E][WiFiUdp.cpp:221] parsePacket(): could not receive data: 9
[ 50065][E][WiFiUdp.cpp:221] parsePacket(): could not receive data: 9
[ 50071][E][WiFiUdp.cpp:221] parsePacket(): could not receive data: 9
[ 50078][E][WiFiUdp.cpp:221] parsePacket(): could not receive data: 9
[ 50084][E][WiFiUdp.cpp:221] parsePacket(): could not receive data: 9
[ 50090][E][WiFiUdp.cpp:221] parsePacket(): could not receive data: 9
[ 50096][E][WiFiUdp.cpp:221] parsePacket(): could not receive data: 9
[ 50103][E][WiFiUdp.cpp:221] parsePacket(): could not receive data: 9
[ 50109][E][WiFiUdp.cpp:221] parsePacket(): could not receive data: 9
[ 50115][E][WiFiUdp.cpp:221] parsePacket(): could not receive data: 9
[ 50121][E][WiFiUdp.cpp:221] parsePacket(): could not receive data: 9
[ 50127][E][WiFiUdp.cpp:221] parsePacket(): could not receive data: 9
[ 50133][E][WiFiUdp.cpp:221] parsePacket(): could not receive data: 9
[ 50139][E][WiFiUdp.cpp:221] parsePacket(): could not receive data: 9
[ 50145][E][WiFiUdp.cpp:221] parsePacket(): could not receive data: 9
[ 50150][E][WiFiUdp.cpp:221] parsePacket(): could not receive data: 9
[ 50156][E][WiFiUdp.cpp:221] parsePacket(): could not receive data: 9
[ 50162][E][WiFiUdp.cpp:221] parsePacket(): could not receive data: 9
[ 50168][E][WiFiUdp.cpp:221] parsePacket(): could not receive data: 9
[ 50174][E][WiFiUdp.cpp:221] parsePacket(): could not receive data: 9
[ 50180][E][WiFiUdp.cpp:221] parsePacket(): could not receive data: 9
[ 50186][E][WiFiUdp.cpp:221] parsePacket(): could not receive data: 9
[ 50192][E][WiFiUdp.cpp:221] parsePacket(): could not receive data: 9
[ 50198][E][WiFiUdp.cpp:221] parsePacket(): could not receive data: 9
[ 50204][E][WiFiUdp.cpp:221] parsePacket(): could not receive data: 9
[ 50210][E][WiFiUdp.cpp:221] parsePacket(): could not receive data: 9
[ 50216][E][WiFiUdp.cpp:221] parsePacket(): could not receive data: 9
[ 50222][E][WiFiUdp.cpp:221] parsePacket(): could not receive data: 9
[ 50229][E][WiFiUdp.cpp:221] parsePacket(): could not receive data: 9
[ 50236][E][WiFiUdp.cpp:221] parsePacket(): could not receive data: 9
[ 50242][E][WiFiUdp.cpp:221] parsePacket(): could not receive data: 9
[ 50248][E][WiFiUdp.cpp:221] parsePacket(): could not receive data: 9
[ 50255][E][WiFiUdp.cpp:221] parsePacket(): could not receive data: 9
[ 50261][E][WiFiUdp.cpp:221] parsePacket(): could not receive data: 9
[ 50267][E][WiFiUdp.cpp:221] parsePacket(): could not receive data: 9
[ 50273][E][WiFiUdp.cpp:221] parsePacket(): could not receive data: 9
[ 50279][E][WiFiUdp.cpp:221] parsePacket(): could not receive data: 9
[ 50286][E][WiFiUdp.cpp:221] parsePacket(): could not receive data: 9
[ 50293][E][WiFiUdp.cpp:221] parsePacket(): could not receive data: 9
[ 50300][E][WiFiUdp.cpp:221] parsePacket(): could not receive data: 9
[ 50307][E][WiFiUdp.cpp:221] parsePacket(): could not receive data: 9
[ 50315][E][WiFiUdp.cpp:221] parsePacket(): could not receive data: 9
[ 50323][E][WiFiUdp.cpp:221] parsePacket(): could not receive data: 9
[ 50331][E][WiFiUdp.cpp:221] parsePacket(): could not receive data: 9
[ 50339][E][WiFiUdp.cpp:221] parsePacket(): could not receive data: 9
[ 50346][E][WiFiUdp.cpp:221] parsePacket(): could not receive data: 9
[ 50352][E][WiFiUdp.cpp:221] parsePacket(): could not receive data: 9
[ 50359][E][WiFiUdp.cpp:221] parsePacket(): could not receive data: 9
[ 50365][E][WiFiUdp.cpp:221] parsePacket(): could not receive data: 9
[ 50371][E][WiFiUdp.cpp:221] parsePacket(): could not receive data: 9
[ 50376][E][WiFiUdp.cpp:221] parsePacket(): could not receive data: 9
[ 50382][E][WiFiUdp.cpp:221] parsePacket(): could not receive data: 9
[ 50388][E][WiFiUdp.cpp:221] parsePacket(): could not receive data: 9
[ 50395][E][WiFiUdp.cpp:221] parsePacket(): could not receive data: 9
[ 50403][E][WiFiUdp.cpp:221] parsePacket(): could not receive data: 9
[ 50410][E][WiFiUdp.cpp:221] parsePacket(): could not receive data: 9
[ 50417][E][WiFiUdp.cpp:221] parsePacket(): could not receive data: 9
[ 50424][E][WiFiUdp.cpp:221] parsePacket(): could not receive data: 9
[ 50432][E][WiFiUdp.cpp:221] parsePacket(): could not receive data: 9
[ 50440][E][WiFiUdp.cpp:221] parsePacket(): could not receive data: 9
[ 50447][E][WiFiUdp.cpp:221] parsePacket(): could not receive data: 9
[ 50454][E][WiFiUdp.cpp:221] parsePacket(): could not receive data: 9
[ 50460][E][WiFiUdp.cpp:221] parsePacket(): could not receive data: 9
[ 50465][E][WiFiUdp.cpp:221] parsePacket(): could not receive data: 9
[ 50470][E][WiFiUdp.cpp:221] parsePacket(): could not receive data: 9
[ 50475][E][WiFiUdp.cpp:221] parsePacket(): could not receive data: 9
[ 50481][E][WiFiUdp.cpp:221] parsePacket(): could not receive data: 9
[ 50487][E][WiFiUdp.cpp:221] parsePacket(): could not receive data: 9
[ 50493][E][WiFiUdp.cpp:221] parsePacket(): could not receive data: 9
[ 50499][E][WiFiUdp.cpp:221] parsePacket(): could not receive data: 9
[ 50506][E][WiFiUdp.cpp:221] parsePacket(): could not receive data: 9
[ 50513][E][WiFiUdp.cpp:221] parsePacket(): could not receive data: 9
[ 50519][E][WiFiUdp.cpp:221] parsePacket(): could not receive data: 9
[ 50525][E][WiFiUdp.cpp:221] parsePacket(): could not receive data: 9
[ 50532][E][WiFiUdp.cpp:221] parsePacket(): could not receive data: 9
[ 50538][E][WiFiUdp.cpp:221] parsePacket(): could not receive data: 9
[ 50544][E][WiFiUdp.cpp:221] parsePacket(): could not receive data: 9
[ 50550][E][WiFiUdp.cpp:221] parsePacket(): could not receive data: 9
[ 50556][E][WiFiUdp.cpp:221] parsePacket(): could not receive data: 9
[ 50562][E][WiFiUdp.cpp:221] parsePacket(): could not receive data: 9
[ 50568][E][WiFiUdp.cpp:221] parsePacket(): could not receive data: 9
[ 50574][E][WiFiUdp.cpp:221] parsePacket(): could not receive data: 9
[ 50581][E][WiFiUdp.cpp:221] parsePacket(): could not receive data: 9
[ 50587][E][WiFiUdp.cpp:221] parsePacket(): could not receive data: 9
[ 50593][E][WiFiUdp.cpp:221] parsePacket(): could not receive data: 9
[ 50599][E][WiFiUdp.cpp:221] parsePacket(): could not receive data: 9
[ 50605][E][WiFiUdp.cpp:221] parsePacket(): could not receive data: 9
[ 50611][E][WiFiUdp.cpp:221] parsePacket(): could not receive data: 9
[ 50617][E][WiFiUdp.cpp:221] parsePacket(): could not receive data: 9
[ 50623][E][WiFiUdp.cpp:221] parsePacket(): could not receive data: 9
[ 50629][E][WiFiUdp.cpp:221] parsePacket(): could not receive data: 9
[ 50635][E][WiFiUdp.cpp:221] parsePacket(): could not receive data: 9
[ 50641][E][WiFiUdp.cpp:221] parsePacket(): could not receive data: 9
[ 50647][E][WiFiUdp.cpp:221] parsePacket(): could not receive data: 9
[ 50653][E][WiFiUdp.cpp:221] parsePacket(): could not receive data: 9
[ 50659][E][WiFiUdp.cpp:221] parsePacket(): could not receive data: 9
[ 50665][E][WiFiUdp.cpp:221] parsePacket(): could not receive data: 9
[ 50671][E][WiFiUdp.cpp:221] parsePacket(): could not receive data: 9
[ 50677][E][WiFiUdp.cpp:221] parsePacket(): could not receive data: 9
[ 50684][E][WiFiUdp.cpp:221] parsePacket(): could not receive data: 9
[ 50691][E][WiFiUdp.cpp:221] parsePacket(): could not receive data: 9
[ 50698][E][WiFiUdp.cpp:221] parsePacket(): could not receive data: 9
[ 50704][E][WiFiUdp.cpp:221] parsePacket(): could not receive data: 9
[ 50710][E][WiFiUdp.cpp:221] parsePacket(): could not receive data: 9
[ 50716][E][WiFiUdp.cpp:221] parsePacket(): could not receive data: 9
[ 50722][E][WiFiUdp.cpp:221] parsePacket(): could not receive data: 9
[ 50728][E][WiFiUdp.cpp:221] parsePacket(): could not receive data: 9
[ 50734][E][WiFiUdp.cpp:221] parsePacket(): could not receive data: 9
[ 50741][E][WiFiUdp.cpp:221] parsePacket(): could not receive data: 9
[ 50748][E][WiFiUdp.cpp:221] parsePacket(): could not receive data: 9
[ 50754][E][WiFiUdp.cpp:221] parsePacket(): could not receive data: 9
[ 50760][E][WiFiUdp.cpp:221] parsePacket(): could not receive data: 9
[ 50767][E][WiFiUdp.cpp:221] parsePacket(): could not receive data: 9
[ 50774][E][WiFiUdp.cpp:221] parsePacket(): could not receive data: 9
[ 50781][E][WiFiUdp.cpp:221] parsePacket(): could not receive data: 9
[ 50787][E][WiFiUdp.cpp:221] parsePacket(): could not receive data: 9
[ 50794][E][WiFiUdp.cpp:221] parsePacket(): could not receive data: 9
[ 50800][E][WiFiUdp.cpp:221] parsePacket(): could not receive data: 9
[ 50806][E][WiFiUdp.cpp:221] parsePacket(): could not receive data: 9
[ 50812][E][WiFiUdp.cpp:221] parsePacket(): could not receive data: 9
[ 50818][E][WiFiUdp.cpp:221] parsePacket(): could not receive data: 9
[ 50825][E][WiFiUdp.cpp:221] parsePacket(): could not receive data: 9
[ 50831][E][WiFiUdp.cpp:221] parsePacket(): could not receive data: 9
[ 50837][E][WiFiUdp.cpp:221] parsePacket(): could not receive data: 9
[ 50844][E][WiFiUdp.cpp:221] parsePacket(): could not receive data: 9
[ 50850][E][WiFiUdp.cpp:221] parsePacket(): could not receive data: 9
[ 50856][E][WiFiUdp.cpp:221] parsePacket(): could not receive data: 9
[ 50862][E][WiFiUdp.cpp:221] parsePacket(): could not receive data: 9
[ 50868][E][WiFiUdp.cpp:221] parsePacket(): could not receive data: 9
[ 50874][E][WiFiUdp.cpp:221] parsePacket(): could not receive data: 9
[ 50880][E][WiFiUdp.cpp:221] parsePacket(): could not receive data: 9
[ 50886][E][WiFiUdp.cpp:221] parsePacket(): could not receive data: 9
[ 50892][E][WiFiUdp.cpp:221] parsePacket(): could not receive data: 9
[ 50899][E][WiFiUdp.cpp:221] parsePacket(): could not receive data: 9
[ 50905][E][WiFiUdp.cpp:221] parsePacket(): could not receive data: 9
[ 50911][E][WiFiUdp.cpp:221] parsePacket(): could not receive data: 9
[ 50917][E][WiFiUdp.cpp:221] parsePacket(): could not receive data: 9
[ 50923][E][WiFiUdp.cpp:221] parsePacket(): could not receive data: 9
[ 50929][E][WiFiUdp.cpp:221] parsePacket(): could not receive data: 9
[ 50937][E][WiFiUdp.cpp:221] parsePacket(): could not receive data: 9
[ 50944][E][WiFiUdp.cpp:221] parsePacket(): could not receive data: 9
[ 50951][E][WiFiUdp.cpp:221] parsePacket(): could not receive data: 9
[ 50956][E][WiFiUdp.cpp:221] parsePacket(): could not receive data: 9
[ 50962][E][WiFiUdp.cpp:221] parsePacket(): could not receive data: 9
[ 50969][E][WiFiUdp.cpp:221] parsePacket(): could not receive data: 9
[ 50977][E][WiFiUdp.cpp:221] parsePacket(): could not receive data: 9
[ 50985][E][WiFiUdp.cpp:221] parsePacket(): could not receive data: 9
[ 50992][E][WiFiUdp.cpp:221] parsePacket(): could not receive data: 9
[ 50997][E][WiFiUdp.cpp:221] parsePacket(): could not receive data: 9
[ 51002][E][WiFiUdp.cpp:221] parsePacket(): could not receive data: 9
[ 51008][E][WiFiUdp.cpp:221] parsePacket(): could not receive data: 9
[ 51014][E][WiFiUdp.cpp:221] parsePacket(): could not receive data: 9
[ 51019][E][WiFiUdp.cpp:221] parsePacket(): could not receive data: 9
[ 51025][E][WiFiUdp.cpp:221] parsePacket(): could not receive data: 9
[ 51031][E][WiFiUdp.cpp:221] parsePacket(): could not receive data: 9
[ 51037][E][WiFiUdp.cpp:221] parsePacket(): could not receive data: 9
[ 51044][E][WiFiUdp.cpp:221] parsePacket(): could not receive data: 9
[ 51050][E][WiFiUdp.cpp:221] parsePacket(): could not receive data: 9
[ 51056][E][WiFiUdp.cpp:221] parsePacket(): could not receive data: 9
[ 51061][E][WiFiUdp.cpp:221] parsePacket(): could not receive data: 9
[ 51067][E][WiFiUdp.cpp:221] parsePacket(): could not receive data: 9
[ 51073][E][WiFiUdp.cpp:221] parsePacket(): could not receive data: 9
[ 51078][E][WiFiUdp.cpp:221] parsePacket(): could not receive data: 9
[ 51083][E][WiFiUdp.cpp:221] parsePacket(): could not receive data: 9
[ 51088][E][WiFiUdp.cpp:221] parsePacket(): could not receive data: 9
[ 51093][E][WiFiUdp.cpp:221] parsePacket(): could not receive data: 9
[ 51098][E][WiFiUdp.cpp:221] parsePacket(): could not receive data: 9
[ 51103][E][WiFiUdp.cpp:221] parsePacket(): could not receive data: 9
[ 51108][E][WiFiUdp.cpp:221] parsePacket(): could not receive data: 9
[ 51113][E][WiFiUdp.cpp:221] parsePacket(): could not receive data: 9
[ 51118][E][WiFiUdp.cpp:221] parsePacket(): could not receive data: 9
[ 51123][E][WiFiUdp.cpp:221] parsePacket(): could not receive data: 9
[ 51128][E][WiFiUdp.cpp:221] parsePacket(): could not receive data: 9
[ 51134][E][WiFiUdp.cpp:221] parsePacket(): could not receive data: 9
[ 51140][E][WiFiUdp.cpp:221] parsePacket(): could not receive data: 9
[ 51146][E][WiFiUdp.cpp:221] parsePacket(): could not receive data: 9
[ 51153][E][WiFiUdp.cpp:221] parsePacket(): could not receive data: 9
[ 51160][E][WiFiUdp.cpp:221] parsePacket(): could not receive data: 9
[ 51166][E][WiFiUdp.cpp:221] parsePacket(): could not receive data: 9
[ 51173][E][WiFiUdp.cpp:221] parsePacket(): could not receive data: 9
[ 51179][E][WiFiUdp.cpp:221] parsePacket(): could not receive data: 9
[ 51186][E][WiFiUdp.cpp:221] parsePacket(): could not receive data: 9
[ 51192][E][WiFiUdp.cpp:221] parsePacket(): could not receive data: 9
[ 51198][E][WiFiUdp.cpp:221] parsePacket(): could not receive data: 9
[ 51205][E][WiFiUdp.cpp:221] parsePacket(): could not receive data: 9
[ 51211][E][WiFiUdp.cpp:221] parsePacket(): could not receive data: 9
[ 51217][E][WiFiUdp.cpp:221] parsePacket(): could not receive data: 9
[ 51223][E][WiFiUdp.cpp:221] parsePacket(): could not receive data: 9
[ 51230][E][WiFiUdp.cpp:221] parsePacket(): could not receive data: 9
[ 51237][E][WiFiUdp.cpp:221] parsePacket(): could not receive data: 9
[ 51244][E][WiFiUdp.cpp:221] parsePacket(): could not receive data: 9
[ 51251][E][WiFiUdp.cpp:221] parsePacket(): could not receive data: 9
[ 51257][E][WiFiUdp.cpp:221] parsePacket(): could not receive data: 9
[ 51263][E][WiFiUdp.cpp:221] parsePacket(): could not receive data: 9
[ 51269][E][WiFiUdp.cpp:221] parsePacket(): could not receive data: 9
[ 51275][E][WiFiUdp.cpp:221] parsePacket(): could not receive data: 9
[ 51282][E][WiFiUdp.cpp:221] parsePacket(): could not receive data: 9
[ 51288][E][WiFiUdp.cpp:221] parsePacket(): could not receive data: 9
[ 51295][E][WiFiUdp.cpp:221] parsePacket(): could not receive data: 9
[ 51301][E][WiFiUdp.cpp:221] parsePacket(): could not receive data: 9
[ 51307][E][WiFiUdp.cpp:221] parsePacket(): could not receive data: 9
[ 51313][E][WiFiUdp.cpp:221] parsePacket(): could not receive data: 9
[ 51319][E][WiFiUdp.cpp:221] parsePacket(): could not receive data: 9
[ 51325][E][WiFiUdp.cpp:221] parsePacket(): could not receive data: 9
[ 51331][E][WiFiUdp.cpp:221] parsePacket(): could not receive data: 9
[ 51337][E][WiFiUdp.cpp:221] parsePacket(): could not receive data: 9
[ 51343][E][WiFiUdp.cpp:221] parsePacket(): could not receive data: 9
[ 51350][E][WiFiUdp.cpp:221] parsePacket(): could not receive data: 9
[ 51357][E][WiFiUdp.cpp:221] parsePacket(): could not receive data: 9
[ 51363][E][WiFiUdp.cpp:221] parsePacket(): could not receive data: 9
[ 51370][E][WiFiUdp.cpp:221] parsePacket(): could not receive data: 9
[ 51376][E][WiFiUdp.cpp:221] parsePacket(): could not receive data: 9
[ 51382][E][WiFiUdp.cpp:221] parsePacket(): could not receive data: 9
[ 51388][E][WiFiUdp.cpp:221] parsePacket(): could not receive data: 9
[ 51394][E][WiFiUdp.cpp:221] parsePacket(): could not receive data: 9
[ 51400][E][WiFiUdp.cpp:221] parsePacket(): could not receive data: 9
[ 51406][E][WiFiUdp.cpp:221] parsePacket(): could not receive data: 9
[ 51412][E][WiFiUdp.cpp:221] parsePacket(): could not receive data: 9
[ 51419][E][WiFiUdp.cpp:221] parsePacket(): could not receive data: 9
[ 51426][E][WiFiUdp.cpp:221] parsePacket(): could not receive data: 9
[ 51433][E][WiFiUdp.cpp:221] parsePacket(): could not receive data: 9
[ 51439][E][WiFiUdp.cpp:221] parsePacket(): could not receive data: 9
[ 51445][E][WiFiUdp.cpp:221] parsePacket(): could not receive data: 9
[ 51451][E][WiFiUdp.cpp:221] parsePacket(): could not receive data: 9
[ 51457][E][WiFiUdp.cpp:221] parsePacket(): could not receive data: 9
[ 51463][E][WiFiUdp.cpp:221] parsePacket(): could not receive data: 9
[ 51469][E][WiFiUdp.cpp:221] parsePacket(): could not receive data: 9
[ 51475][E][WiFiUdp.cpp:221] parsePacket(): could not receive data: 9
[ 51481][E][WiFiUdp.cpp:221] parsePacket(): could not receive data: 9
[ 51487][E][WiFiUdp.cpp:221] parsePacket(): could not receive data: 9
[ 51494][E][WiFiUdp.cpp:221] parsePacket(): could not receive data: 9
[ 51501][E][WiFiUdp.cpp:221] parsePacket(): could not receive data: 9
[ 51508][E][WiFiUdp.cpp:221] parsePacket(): could not receive data: 9
[ 51515][E][WiFiUdp.cpp:221] parsePacket(): could not receive data: 9
[ 51522][E][WiFiUdp.cpp:221] parsePacket(): could not receive data: 9
[ 51529][E][WiFiUdp.cpp:221] parsePacket(): could not receive data: 9
[ 51535][E][WiFiUdp.cpp:221] parsePacket(): could not receive data: 9
[ 51542][E][WiFiUdp.cpp:221] parsePacket(): could not receive data: 9
[ 51549][E][WiFiUdp.cpp:221] parsePacket(): could not receive data: 9
[ 51556][E][WiFiUdp.cpp:221] parsePacket(): could not receive data: 9
[ 51562][E][WiFiUdp.cpp:221] parsePacket(): could not receive data: 9
[ 51568][E][WiFiUdp.cpp:221] parsePacket(): could not receive data: 9
[ 51574][E][WiFiUdp.cpp:221] parsePacket(): could not receive data: 9
[ 51580][E][WiFiUdp.cpp:221] parsePacket(): could not receive data: 9
[ 51586][E][WiFiUdp.cpp:221] parsePacket(): could not receive data: 9
[ 51592][E][WiFiUdp.cpp:221] parsePacket(): could not receive data: 9
[ 51597][E][WiFiUdp.cpp:221] parsePacket(): could not receive data: 9
[ 51602][E][WiFiUdp.cpp:221] parsePacket(): could not receive data: 9
[ 51607][E][WiFiUdp.cpp:221] parsePacket(): could not receive data: 9
[ 51612][E][WiFiUdp.cpp:221] parsePacket(): could not receive data: 9
[ 51617][E][WiFiUdp.cpp:221] parsePacket(): could not receive data: 9
[ 51622][E][WiFiUdp.cpp:221] parsePacket(): could not receive data: 9
[ 51628][E][WiFiUdp.cpp:221] parsePacket(): could not receive data: 9
[ 51634][E][WiFiUdp.cpp:221] parsePacket(): could not receive data: 9
[ 51641][E][WiFiUdp.cpp:221] parsePacket(): could not receive data: 9
[ 51648][E][WiFiUdp.cpp:221] parsePacket(): could not receive data: 9
[ 51655][E][WiFiUdp.cpp:221] parsePacket(): could not receive data: 9
[ 51662][E][WiFiUdp.cpp:221] parsePacket(): could not receive data: 9
[ 51671][E][WiFiUdp.cpp:221] parsePacket(): could not receive data: 9
[ 51679][E][WiFiUdp.cpp:221] parsePacket(): could not receive data: 9
[ 51686][E][WiFiUdp.cpp:221] parsePacket(): could not receive data: 9
[ 51692][E][WiFiUdp.cpp:221] parsePacket(): could not receive data: 9
[ 51699][E][WiFiUdp.cpp:221] parsePacket(): could not receive data: 9
[ 51707][E][WiFiUdp.cpp:221] parsePacket(): could not receive data: 9
[ 51714][E][WiFiUdp.cpp:221] parsePacket(): could not receive data: 9
[ 51721][E][WiFiUdp.cpp:221] parsePacket(): could not receive data: 9
[ 51727][E][WiFiUdp.cpp:221] parsePacket(): could not receive data: 9
[ 51733][E][WiFiUdp.cpp:221] parsePacket(): could not receive data: 9
[ 51741][E][WiFiUdp.cpp:221] parsePacket(): could not receive data: 9
[ 51749][E][WiFiUdp.cpp:221] parsePacket(): could not receive data: 9
[ 51758][E][WiFiUdp.cpp:221] parsePacket(): could not receive data: 9
[ 51766][E][WiFiUdp.cpp:221] parsePacket(): could not receive data: 9
[ 51774][E][WiFiUdp.cpp:221] parsePacket(): could not receive data: 9
[ 51782][E][WiFiUdp.cpp:221] parsePacket(): could not receive data: 9
[ 51790][E][WiFiUdp.cpp:221] parsePacket(): could not receive data: 9
[ 51798][E][WiFiUdp.cpp:221] parsePacket(): could not receive data: 9
[ 51806][E][WiFiUdp.cpp:221] parsePacket(): could not receive data: 9
[ 51814][E][WiFiUdp.cpp:221] parsePacket(): could not receive data: 9
[ 51822][E][WiFiUdp.cpp:221] parsePacket(): could not receive data: 9
[ 51830][E][WiFiUdp.cpp:221] parsePacket(): could not receive data: 9
[ 51837][E][WiFiUdp.cpp:221] parsePacket(): could not receive data: 9
[ 51843][E][WiFiUdp.cpp:221] parsePacket(): could not receive data: 9
[ 51849][E][WiFiUdp.cpp:221] parsePacket(): could not receive data: 9
[ 51855][E][WiFiUdp.cpp:221] parsePacket(): could not receive data: 9
[ 51861][E][WiFiUdp.cpp:221] parsePacket(): could not receive data: 9
[ 51868][E][WiFiUdp.cpp:221] parsePacket(): could not receive data: 9
[ 51875][E][WiFiUdp.cpp:221] parsePacket(): could not receive data: 9
[ 51882][E][WiFiUdp.cpp:221] parsePacket(): could not receive data: 9
[ 51888][E][WiFiUdp.cpp:221] parsePacket(): could not receive data: 9
[ 51895][E][WiFiUdp.cpp:221] parsePacket(): could not receive data: 9
[ 51902][E][WiFiUdp.cpp:221] parsePacket(): could not receive data: 9
[ 51908][E][WiFiUdp.cpp:221] parsePacket(): could not receive data: 9
[ 51915][E][WiFiUdp.cpp:221] parsePacket(): could not receive data: 9
[ 51921][E][WiFiUdp.cpp:221] parsePacket(): could not receive data: 9
[ 51927][E][WiFiUdp.cpp:221] parsePacket(): could not receive data: 9
[ 51933][E][WiFiUdp.cpp:221] parsePacket(): could not receive data: 9
[ 51939][E][WiFiUdp.cpp:221] parsePacket(): could not receive data: 9
[ 51945][E][WiFiUdp.cpp:221] parsePacket(): could not receive data: 9
[ 51951][E][WiFiUdp.cpp:221] parsePacket(): could not receive data: 9
[ 51957][E][WiFiUdp.cpp:221] parsePacket(): could not receive data: 9
[ 51963][E][WiFiUdp.cpp:221] parsePacket(): could not receive data: 9
[ 51970][E][WiFiUdp.cpp:221] parsePacket(): could not receive data: 9
[ 51976][E][WiFiUdp.cpp:221] parsePacket(): could not receive data: 9
[ 51983][E][WiFiUdp.cpp:221] parsePacket(): could not receive data: 9
[ 51990][E][WiFiUdp.cpp:221] parsePacket(): could not receive data: 9
[ 51996][E][WiFiUdp.cpp:221] parsePacket(): could not receive data: 9
[ 52002][E][WiFiUdp.cpp:221] parsePacket(): could not receive data: 9
[ 52009][E][WiFiUdp.cpp:221] parsePacket(): could not receive data: 9
[ 52015][E][WiFiUdp.cpp:221] parsePacket(): could not receive data: 9
[ 52021][E][WiFiUdp.cpp:221] parsePacket(): could not receive data: 9
[ 52027][E][WiFiUdp.cpp:221] parsePacket(): could not receive data: 9
[ 52034][E][WiFiUdp.cpp:221] parsePacket(): could not receive data: 9
[ 52040][E][WiFiUdp.cpp:221] parsePacket(): could not receive data: 9
[ 52047][E][WiFiUdp.cpp:221] parsePacket(): could not receive data: 9
[ 52053][E][WiFiUdp.cpp:221] parsePacket(): could not receive data: 9
[ 52059][E][WiFiUdp.cpp:221] parsePacket(): could not receive data: 9
[ 52067][E][WiFiUdp.cpp:221] parsePacket(): could not receive data: 9
[ 52073][E][WiFiUdp.cpp:221] parsePacket(): could not receive data: 9
[ 52080][E][WiFiUdp.cpp:221] parsePacket(): could not receive data: 9
[ 52086][E][WiFiUdp.cpp:221] parsePacket(): could not receive data: 9
[ 52092][E][WiFiUdp.cpp:221] parsePacket(): could not receive data: 9
[ 52099][E][WiFiUdp.cpp:221] parsePacket(): could not receive data: 9
[ 52105][E][WiFiUdp.cpp:221] parsePacket(): could not receive data: 9
[ 52111][E][WiFiUdp.cpp:221] parsePacket(): could not receive data: 9
[ 52117][E][WiFiUdp.cpp:221] parsePacket(): could not receive data: 9
[ 52123][E][WiFiUdp.cpp:221] parsePacket(): could not receive data: 9
[ 52130][E][WiFiUdp.cpp:221] parsePacket(): could not receive data: 9
[ 52137][E][WiFiUdp.cpp:221] parsePacket(): could not receive data: 9
[ 52144][E][WiFiUdp.cpp:221] parsePacket(): could not receive data: 9
[ 52150][E][WiFiUdp.cpp:221] parsePacket(): could not receive data: 9
[ 52156][E][WiFiUdp.cpp:221] parsePacket(): could not receive data: 9
[ 52163][E][WiFiUdp.cpp:221] parsePacket(): could not receive data: 9
[ 52170][E][WiFiUdp.cpp:221] parsePacket(): could not receive data: 9
[ 52176][E][WiFiUdp.cpp:221] parsePacket(): could not receive data: 9
[ 52182][E][WiFiUdp.cpp:221] parsePacket(): could not receive data: 9
[ 52188][E][WiFiUdp.cpp:221] parsePacket(): could not receive data: 9
[ 52194][E][WiFiUdp.cpp:221] parsePacket(): could not receive data: 9
[ 52200][E][WiFiUdp.cpp:221] parsePacket(): could not receive data: 9
[ 52206][E][WiFiUdp.cpp:221] parsePacket(): could not receive data: 9
[ 52214][E][WiFiUdp.cpp:221] parsePacket(): could not receive data: 9
[ 52221][E][WiFiUdp.cpp:221] parsePacket(): could not receive data: 9
[ 52227][E][WiFiUdp.cpp:221] parsePacket(): could not receive data: 9
[ 52233][E][WiFiUdp.cpp:221] parsePacket(): could not receive data: 9
[ 52238][E][WiFiUdp.cpp:221] parsePacket(): could not receive data: 9
[ 52243][E][WiFiUdp.cpp:221] parsePacket(): could not receive data: 9
[ 52248][E][WiFiUdp.cpp:221] parsePacket(): could not receive data: 9
[ 52253][E][WiFiUdp.cpp:221] parsePacket(): could not receive data: 9
[ 52258][E][WiFiUdp.cpp:221] parsePacket(): could not receive data: 9
[ 52263][E][WiFiUdp.cpp:221] parsePacket(): could not receive data: 9
[ 52268][E][WiFiUdp.cpp:221] parsePacket(): could not receive data: 9
[ 52273][E][WiFiUdp.cpp:221] parsePacket(): could not receive data: 9
[ 52278][E][WiFiUdp.cpp:221] parsePacket(): could not receive data: 9
[ 52283][E][WiFiUdp.cpp:221] parsePacket(): could not receive data: 9
[ 52288][E][WiFiUdp.cpp:221] parsePacket(): could not receive data: 9
[ 52294][E][WiFiUdp.cpp:221] parsePacket(): could not receive data: 9
[ 52300][E][WiFiUdp.cpp:221] parsePacket(): could not receive data: 9
[ 52306][E][WiFiUdp.cpp:221] parsePacket(): could not receive data: 9
[ 52312][E][WiFiUdp.cpp:221] parsePacket(): could not receive data: 9
[ 52318][E][WiFiUdp.cpp:221] parsePacket(): could not receive data: 9
[ 52325][E][WiFiUdp.cpp:221] parsePacket(): could not receive data: 9
[ 52332][E][WiFiUdp.cpp:221] parsePacket(): could not receive data: 9
[ 52338][E][WiFiUdp.cpp:221] parsePacket(): could not receive data: 9
[ 52345][E][WiFiUdp.cpp:221] parsePacket(): could not receive data: 9
[ 52351][E][WiFiUdp.cpp:221] parsePacket(): could not receive data: 9
[ 52358][E][WiFiUdp.cpp:221] parsePacket(): could not receive data: 9
[ 52364][E][WiFiUdp.cpp:221] parsePacket(): could not receive data: 9
[ 52370][E][WiFiUdp.cpp:221] parsePacket(): could not receive data: 9
[ 52376][E][WiFiUdp.cpp:221] parsePacket(): could not receive data: 9
[ 52382][E][WiFiUdp.cpp:221] parsePacket(): could not receive data: 9
[ 52387][E][WiFiUdp.cpp:221] parsePacket(): could not receive data: 9
[ 52392][E][WiFiUdp.cpp:221] parsePacket(): could not receive data: 9
[ 52397][E][WiFiUdp.cpp:221] parsePacket(): could not receive data: 9
[ 52403][E][WiFiUdp.cpp:221] parsePacket(): could not receive data: 9
[ 52409][E][WiFiUdp.cpp:221] parsePacket(): could not receive data: 9
[ 52415][E][WiFiUdp.cpp:221] parsePacket(): could not receive data: 9
[ 52420][E][WiFiUdp.cpp:221] parsePacket(): could not receive data: 9
[ 52425][E][WiFiUdp.cpp:221] parsePacket(): could not receive data: 9
[ 52431][E][WiFiUdp.cpp:221] parsePacket(): could not receive data: 9
[ 52437][E][WiFiUdp.cpp:221] parsePacket(): could not receive data: 9
[ 52444][E][WiFiUdp.cpp:221] parsePacket(): could not receive data: 9
[ 52452][E][WiFiUdp.cpp:221] parsePacket(): could not receive data: 9
[ 52460][E][WiFiUdp.cpp:221] parsePacket(): could not receive data: 9
[ 52467][E][WiFiUdp.cpp:221] parsePacket(): could not receive data: 9
[ 52473][E][WiFiUdp.cpp:221] parsePacket(): could not receive data: 9
[ 52480][E][WiFiUdp.cpp:221] parsePacket(): could not receive data: 9
[ 52486][E][WiFiUdp.cpp:221] parsePacket(): could not receive data: 9
[ 52492][E][WiFiUdp.cpp:221] parsePacket(): could not receive data: 9
[ 52499][E][WiFiUdp.cpp:221] parsePacket(): could not receive data: 9
[ 52505][E][WiFiUdp.cpp:221] parsePacket(): could not receive data: 9
[ 52512][E][WiFiUdp.cpp:221] parsePacket(): could not receive data: 9
[ 52518][E][WiFiUdp.cpp:221] parsePacket(): could not receive data: 9
[ 52524][E][WiFiUdp.cpp:221] parsePacket(): could not receive data: 9
[ 52530][E][WiFiUdp.cpp:221] parsePacket(): could not receive data: 9
[ 52536][E][WiFiUdp.cpp:221] parsePacket(): could not receive data: 9
[ 52542][E][WiFiUdp.cpp:221] parsePacket(): could not receive data: 9
[ 52548][E][WiFiUdp.cpp:221] parsePacket(): could not receive data: 9
[ 52554][E][WiFiUdp.cpp:221] parsePacket(): could not receive data: 9
[ 52560][E][WiFiUdp.cpp:221] parsePacket(): could not receive data: 9
[ 52566][E][WiFiUdp.cpp:221] parsePacket(): could not receive data: 9
[ 52572][E][WiFiUdp.cpp:221] parsePacket(): could not receive data: 9
[ 52578][E][WiFiUdp.cpp:221] parsePacket(): could not receive data: 9
[ 52583][E][WiFiUdp.cpp:221] parsePacket(): could not receive data: 9
[ 52588][E][WiFiUdp.cpp:221] parsePacket(): could not receive data: 9
[ 52593][E][WiFiUdp.cpp:221] parsePacket(): could not receive data: 9
[ 52598][E][WiFiUdp.cpp:221] parsePacket(): could not receive data: 9
[ 52603][E][WiFiUdp.cpp:221] parsePacket(): could not receive data: 9
[ 52608][E][WiFiUdp.cpp:221] parsePacket(): could not receive data: 9
[ 52614][E][WiFiUdp.cpp:221] parsePacket(): could not receive data: 9
[ 52620][E][WiFiUdp.cpp:221] parsePacket(): could not receive data: 9
[ 52626][E][WiFiUdp.cpp:221] parsePacket(): could not receive data: 9
[ 52632][E][WiFiUdp.cpp:221] parsePacket(): could not receive data: 9
[ 52638][E][WiFiUdp.cpp:221] parsePacket(): could not receive data: 9
[ 52644][E][WiFiUdp.cpp:221] parsePacket(): could not receive data: 9
[ 52650][E][WiFiUdp.cpp:221] parsePacket(): could not receive data: 9
[ 52656][E][WiFiUdp.cpp:221] parsePacket(): could not receive data: 9
[ 52663][E][WiFiUdp.cpp:221] parsePacket(): could not receive data: 9
[ 52669][E][WiFiUdp.cpp:221] parsePacket(): could not receive data: 9
[ 52675][E][WiFiUdp.cpp:221] parsePacket(): could not receive data: 9
[ 52681][E][WiFiUdp.cpp:221] parsePacket(): could not receive data: 9
[ 52687][E][WiFiUdp.cpp:221] parsePacket(): could not receive data: 9
[ 52693][E][WiFiUdp.cpp:221] parsePacket(): could not receive data: 9
[ 52700][E][WiFiUdp.cpp:221] parsePacket(): could not receive data: 9
[ 52707][E][WiFiUdp.cpp:221] parsePacket(): could not receive data: 9
[ 52716][E][WiFiUdp.cpp:221] parsePacket(): could not receive data: 9
[ 52722][E][WiFiUdp.cpp:221] parsePacket(): could not receive data: 9
[ 52728][E][WiFiUdp.cpp:221] parsePacket(): could not receive data: 9
[ 52734][E][WiFiUdp.cpp:221] parsePacket(): could not receive data: 9
[ 52741][E][WiFiUdp.cpp:221] parsePacket(): could not receive data: 9
[ 52747][E][WiFiUdp.cpp:221] parsePacket(): could not receive data: 9
[ 52753][E][WiFiUdp.cpp:221] parsePacket(): could not receive data: 9
[ 52759][E][WiFiUdp.cpp:221] parsePacket(): could not receive data: 9
[ 52765][E][WiFiUdp.cpp:221] parsePacket(): could not receive data: 9
[ 52771][E][WiFiUdp.cpp:221] parsePacket(): could not receive data: 9
[ 52777][E][WiFiUdp.cpp:221] parsePacket(): could not receive data: 9
[ 52784][E][WiFiUdp.cpp:221] parsePacket(): could not receive data: 9
[ 52790][E][WiFiUdp.cpp:221] parsePacket(): could not receive data: 9
[ 52796][E][WiFiUdp.cpp:221] parsePacket(): could not receive data: 9
[ 52803][E][WiFiUdp.cpp:221] parsePacket(): could not receive data: 9
[ 52809][E][WiFiUdp.cpp:221] parsePacket(): could not receive data: 9
[ 52816][E][WiFiUdp.cpp:221] parsePacket(): could not receive data: 9
[ 52822][E][WiFiUdp.cpp:221] parsePacket(): could not receive data: 9
[ 52828][E][WiFiUdp.cpp:221] parsePacket(): could not receive data: 9
[ 52834][E][WiFiUdp.cpp:221] parsePacket(): could not receive data: 9
[ 52841][E][WiFiUdp.cpp:221] parsePacket(): could not receive data: 9
[ 52847][E][WiFiUdp.cpp:221] parsePacket(): could not receive data: 9
[ 52853][E][WiFiUdp.cpp:221] parsePacket(): could not receive data: 9
[ 52859][E][WiFiUdp.cpp:221] parsePacket(): could not receive data: 9
[ 52865][E][WiFiUdp.cpp:221] parsePacket(): could not receive data: 9
[ 52871][E][WiFiUdp.cpp:221] parsePacket(): could not receive data: 9
[ 52877][E][WiFiUdp.cpp:221] parsePacket(): could not receive data: 9
[ 52883][E][WiFiUdp.cpp:221] parsePacket(): could not receive data: 9
[ 52888][E][WiFiUdp.cpp:221] parsePacket(): could not receive data: 9
[ 52894][E][WiFiUdp.cpp:221] parsePacket(): could not receive data: 9
[ 52899][E][WiFiUdp.cpp:221] parsePacket(): could not receive data: 9
[ 52904][E][WiFiUdp.cpp:221] parsePacket(): could not receive data: 9
[ 52909][E][WiFiUdp.cpp:221] parsePacket(): could not receive data: 9
[ 52915][E][WiFiUdp.cpp:221] parsePacket(): could not receive data: 9
[ 52920][E][WiFiUdp.cpp:221] parsePacket(): could not receive data: 9
[ 52926][E][WiFiUdp.cpp:221] parsePacket(): could not receive data: 9
[ 52932][E][WiFiUdp.cpp:221] parsePacket(): could not receive data: 9
[ 52938][E][WiFiUdp.cpp:221] parsePacket(): could not receive data: 9
[ 52944][E][WiFiUdp.cpp:221] parsePacket(): could not receive data: 9
[ 52950][E][WiFiUdp.cpp:221] parsePacket(): could not receive data: 9
[ 52956][E][WiFiUdp.cpp:221] parsePacket(): could not receive data: 9
[ 52961][E][WiFiUdp.cpp:221] parsePacket(): could not receive data: 9
[ 52966][E][WiFiUdp.cpp:221] parsePacket(): could not receive data: 9
[ 52971][E][WiFiUdp.cpp:221] parsePacket(): could not receive data: 9
[ 52976][E][WiFiUdp.cpp:221] parsePacket(): could not receive data: 9
[ 52981][E][WiFiUdp.cpp:221] parsePacket(): could not receive data: 9
[ 52987][E][WiFiUdp.cpp:221] parsePacket(): could not receive data: 9
[ 52993][E][WiFiUdp.cpp:221] parsePacket(): could not receive data: 9
[ 52999][E][WiFiUdp.cpp:221] parsePacket(): could not receive data: 9
[ 53005][E][WiFiUdp.cpp:221] parsePacket(): could not receive data: 9
[ 53011][E][WiFiUdp.cpp:221] parsePacket(): could not receive data: 9
[ 53017][E][WiFiUdp.cpp:221] parsePacket(): could not receive data: 9
[ 53024][E][WiFiUdp.cpp:221] parsePacket(): could not receive data: 9
[ 53030][E][WiFiUdp.cpp:221] parsePacket(): could not receive data: 9
[ 53035][E][WiFiUdp.cpp:221] parsePacket(): could not receive data: 9
[ 53040][E][WiFiUdp.cpp:221] parsePacket(): could not receive data: 9
[ 53045][E][WiFiUdp.cpp:221] parsePacket(): could not receive data: 9
[ 53050][E][WiFiUdp.cpp:221] parsePacket(): could not receive data: 9
[ 53055][E][WiFiUdp.cpp:221] parsePacket(): could not receive data: 9
[ 53061][E][WiFiUdp.cpp:221] parsePacket(): could not receive data: 9
[ 53067][E][WiFiUdp.cpp:221] parsePacket(): could not receive data: 9
[ 53073][E][WiFiUdp.cpp:221] parsePacket(): could not receive data: 9
[ 53079][E][WiFiUdp.cpp:221] parsePacket(): could not receive data: 9
[ 53085][E][WiFiUdp.cpp:221] parsePacket(): could not receive data: 9
[ 53092][E][WiFiUdp.cpp:221] parsePacket(): could not receive data: 9
[ 53098][E][WiFiUdp.cpp:221] parsePacket(): could not receive data: 9
[ 53105][E][WiFiUdp.cpp:221] parsePacket(): could not receive data: 9
[ 53111][E][WiFiUdp.cpp:221] parsePacket(): could not receive data: 9
[ 53118][E][WiFiUdp.cpp:221] parsePacket(): could not receive data: 9
[ 53124][E][WiFiUdp.cpp:221] parsePacket(): could not receive data: 9
[ 53130][E][WiFiUdp.cpp:221] parsePacket(): could not receive data: 9
[ 53137][E][WiFiUdp.cpp:221] parsePacket(): could not receive data: 9
[ 53143][E][WiFiUdp.cpp:221] parsePacket(): could not receive data: 9
[ 53149][E][WiFiUdp.cpp:221] parsePacket(): could not receive data: 9
[ 53155][E][WiFiUdp.cpp:221] parsePacket(): could not receive data: 9
[ 53161][E][WiFiUdp.cpp:221] parsePacket(): could not receive data: 9
[ 53167][E][WiFiUdp.cpp:221] parsePacket(): could not receive data: 9
[ 53175][E][WiFiUdp.cpp:221] parsePacket(): could not receive data: 9
[ 53183][E][WiFiUdp.cpp:221] parsePacket(): could not receive data: 9
[ 53191][E][WiFiUdp.cpp:221] parsePacket(): could not receive data: 9
[ 53199][E][WiFiUdp.cpp:221] parsePacket(): could not receive data: 9
[ 53206][E][WiFiUdp.cpp:221] parsePacket(): could not receive data: 9
[ 53212][E][WiFiUdp.cpp:221] parsePacket(): could not receive data: 9
[ 53218][E][WiFiUdp.cpp:221] parsePacket(): could not receive data: 9
[ 53227][E][WiFiUdp.cpp:221] parsePacket(): could not receive data: 9
[ 53233][E][WiFiUdp.cpp:221] parsePacket(): could not receive data: 9
[ 53240][E][WiFiUdp.cpp:221] parsePacket(): could not receive data: 9
[ 53248][E][WiFiUdp.cpp:221] parsePacket(): could not receive data: 9
[ 53256][E][WiFiUdp.cpp:221] parsePacket(): could not receive data: 9
[ 53264][E][WiFiUdp.cpp:221] parsePacket(): could not receive data: 9
[ 53270][E][WiFiUdp.cpp:221] parsePacket(): could not receive data: 9
[ 53276][E][WiFiUdp.cpp:221] parsePacket(): could not receive data: 9
[ 53283][E][WiFiUdp.cpp:221] parsePacket(): could not receive data: 9
[ 53289][E][WiFiUdp.cpp:221] parsePacket(): could not receive data: 9
[ 53295][E][WiFiUdp.cpp:221] parsePacket(): could not receive data: 9
[ 53303][E][WiFiUdp.cpp:221] parsePacket(): could not receive data: 9
[ 53310][E][WiFiUdp.cpp:221] parsePacket(): could not receive data: 9
[ 53317][E][WiFiUdp.cpp:221] parsePacket(): could not receive data: 9
[ 53323][E][WiFiUdp.cpp:221] parsePacket(): could not receive data: 9
[ 53329][E][WiFiUdp.cpp:221] parsePacket(): could not receive data: 9
[ 53336][E][WiFiUdp.cpp:221] parsePacket(): could not receive data: 9
[ 53342][E][WiFiUdp.cpp:221] parsePacket(): could not receive data: 9
[ 53350][E][WiFiUdp.cpp:221] parsePacket(): could not receive data: 9
[ 53357][E][WiFiUdp.cpp:221] parsePacket(): could not receive data: 9
[ 53364][E][WiFiUdp.cpp:221] parsePacket(): could not receive data: 9
[ 53370][E][WiFiUdp.cpp:221] parsePacket(): could not receive data: 9
[ 53376][E][WiFiUdp.cpp:221] parsePacket(): could not receive data: 9
[ 53382][E][WiFiUdp.cpp:221] parsePacket(): could not receive data: 9
[ 53388][E][WiFiUdp.cpp:221] parsePacket(): could not receive data: 9
[ 53394][E][WiFiUdp.cpp:221] parsePacket(): could not receive data: 9
[ 53399][E][WiFiUdp.cpp:221] parsePacket(): could not receive data: 9
[ 53404][E][WiFiUdp.cpp:221] parsePacket(): could not receive data: 9
[ 53410][E][WiFiUdp.cpp:221] parsePacket(): could not receive data: 9
[ 53416][E][WiFiUdp.cpp:221] parsePacket(): could not receive data: 9
[ 53422][E][WiFiUdp.cpp:221] parsePacket(): could not receive data: 9
[ 53428][E][WiFiUdp.cpp:221] parsePacket(): could not receive data: 9
[ 53434][E][WiFiUdp.cpp:221] parsePacket(): could not receive data: 9
[ 53441][E][WiFiUdp.cpp:221] parsePacket(): could not receive data: 9
[ 53448][E][WiFiUdp.cpp:221] parsePacket(): could not receive data: 9
[ 53454][E][WiFiUdp.cpp:221] parsePacket(): could not receive data: 9
[ 53460][E][WiFiUdp.cpp:221] parsePacket(): could not receive data: 9
[ 53466][E][WiFiUdp.cpp:221] parsePacket(): could not receive data: 9
[ 53472][E][WiFiUdp.cpp:221] parsePacket(): could not receive data: 9
[ 53477][E][WiFiUdp.cpp:221] parsePacket(): could not receive data: 9
[ 53482][E][WiFiUdp.cpp:221] parsePacket(): could not receive data: 9
[ 53487][E][WiFiUdp.cpp:221] parsePacket(): could not receive data: 9
[ 53492][E][WiFiUdp.cpp:221] parsePacket(): could not receive data: 9
[ 53497][E][WiFiUdp.cpp:221] parsePacket(): could not receive data: 9
[ 53502][E][WiFiUdp.cpp:221] parsePacket(): could not receive data: 9
[ 53507][E][WiFiUdp.cpp:221] parsePacket(): could not receive data: 9
[ 53513][E][WiFiUdp.cpp:221] parsePacket(): could not receive data: 9
[ 53518][E][WiFiUdp.cpp:221] parsePacket(): could not receive data: 9
[ 53523][E][WiFiUdp.cpp:221] parsePacket(): could not receive data: 9
[ 53528][E][WiFiUdp.cpp:221] parsePacket(): could not receive data: 9
[ 53533][E][WiFiUdp.cpp:221] parsePacket(): could not receive data: 9
[ 53538][E][WiFiUdp.cpp:221] parsePacket(): could not receive data: 9
[ 53543][E][WiFiUdp.cpp:221] parsePacket(): could not receive data: 9
[ 53549][E][WiFiUdp.cpp:221] parsePacket(): could not receive data: 9
[ 53555][E][WiFiUdp.cpp:221] parsePacket(): could not receive data: 9
[ 53560][E][WiFiUdp.cpp:221] parsePacket(): could not receive data: 9
[ 53566][E][WiFiUdp.cpp:221] parsePacket(): could not receive data: 9
[ 53571][E][WiFiUdp.cpp:221] parsePacket(): could not receive data: 9
[ 53577][E][WiFiUdp.cpp:221] parsePacket(): could not receive data: 9
[ 53583][E][WiFiUdp.cpp:221] parsePacket(): could not receive data: 9
[ 53589][E][WiFiUdp.cpp:221] parsePacket(): could not receive data: 9
[ 53594][E][WiFiUdp.cpp:221] parsePacket(): could not receive data: 9
[ 53599][E][WiFiUdp.cpp:221] parsePacket(): could not receive data: 9
[ 53605][E][WiFiUdp.cpp:221] parsePacket(): could not receive data: 9
[ 53611][E][WiFiUdp.cpp:221] parsePacket(): could not receive data: 9
[ 53617][E][WiFiUdp.cpp:221] parsePacket(): could not receive data: 9
[ 53623][E][WiFiUdp.cpp:221] parsePacket(): could not receive data: 9
[ 53628][E][WiFiUdp.cpp:221] parsePacket(): could not receive data: 9
[ 53633][E][WiFiUdp.cpp:221] parsePacket(): could not receive data: 9
[ 53638][E][WiFiUdp.cpp:221] parsePacket(): could not receive data: 9
[ 53643][E][WiFiUdp.cpp:221] parsePacket(): could not receive data: 9
[ 53648][E][WiFiUdp.cpp:221] parsePacket(): could not receive data: 9
[ 53653][E][WiFiUdp.cpp:221] parsePacket(): could not receive data: 9
[ 53658][E][WiFiUdp.cpp:221] parsePacket(): could not receive data: 9
[ 53663][E][WiFiUdp.cpp:221] parsePacket(): could not receive data: 9
[ 53669][E][WiFiUdp.cpp:221] parsePacket(): could not receive data: 9
[ 53674][E][WiFiUdp.cpp:221] parsePacket(): could not receive data: 9
[ 53680][E][WiFiUdp.cpp:221] parsePacket(): could not receive data: 9
[ 53686][E][WiFiUdp.cpp:221] parsePacket(): could not receive data: 9
[ 53692][E][WiFiUdp.cpp:221] parsePacket(): could not receive data: 9
[ 53698][E][WiFiUdp.cpp:221] parsePacket(): could not receive data: 9
[ 53704][E][WiFiUdp.cpp:221] parsePacket(): could not receive data: 9
[ 53709][E][WiFiUdp.cpp:221] parsePacket(): could not receive data: 9
[ 53715][E][WiFiUdp.cpp:221] parsePacket(): could not receive data: 9
[ 53721][E][WiFiUdp.cpp:221] parsePacket(): could not receive data: 9
[ 53726][E][WiFiUdp.cpp:221] parsePacket(): could not receive data: 9
[ 53731][E][WiFiUdp.cpp:221] parsePacket(): could not receive data: 9
[ 53736][E][WiFiUdp.cpp:221] parsePacket(): could not receive data: 9
[ 53741][E][WiFiUdp.cpp:221] parsePacket(): could not receive data: 9
[ 53746][E][WiFiUdp.cpp:221] parsePacket(): could not receive data: 9
[ 53751][E][WiFiUdp.cpp:221] parsePacket(): could not receive data: 9
[ 53756][E][WiFiUdp.cpp:221] parsePacket(): could not receive data: 9
[ 53762][E][WiFiUdp.cpp:221] parsePacket(): could not receive data: 9
[ 53768][E][WiFiUdp.cpp:221] parsePacket(): could not receive data: 9
[ 53774][E][WiFiUdp.cpp:221] parsePacket(): could not receive data: 9
[ 53780][E][WiFiUdp.cpp:221] parsePacket(): could not receive data: 9
[ 53787][E][WiFiUdp.cpp:221] parsePacket(): could not receive data: 9
[ 53793][E][WiFiUdp.cpp:221] parsePacket(): could not receive data: 9
[ 53799][E][WiFiUdp.cpp:221] parsePacket(): could not receive data: 9
[ 53805][E][WiFiUdp.cpp:221] parsePacket(): could not receive data: 9
[ 53811][E][WiFiUdp.cpp:221] parsePacket(): could not receive data: 9
[ 53817][E][WiFiUdp.cpp:221] parsePacket(): could not receive data: 9
[ 53823][E][WiFiUdp.cpp:221] parsePacket(): could not receive data: 9
[ 53829][E][WiFiUdp.cpp:221] parsePacket(): could not receive data: 9
[ 53835][E][WiFiUdp.cpp:221] parsePacket(): could not receive data: 9
[ 53841][E][WiFiUdp.cpp:221] parsePacket(): could not receive data: 9
[ 53848][E][WiFiUdp.cpp:221] parsePacket(): could not receive data: 9
[ 53854][E][WiFiUdp.cpp:221] parsePacket(): could not receive data: 9
[ 53860][E][WiFiUdp.cpp:221] parsePacket(): could not receive data: 9
[ 53867][E][WiFiUdp.cpp:221] parsePacket(): could not receive data: 9
[ 53874][E][WiFiUdp.cpp:221] parsePacket(): could not receive data: 9
[ 53880][E][WiFiUdp.cpp:221] parsePacket(): could not receive data: 9
[ 53887][E][WiFiUdp.cpp:221] parsePacket(): could not receive data: 9
[ 53894][E][WiFiUdp.cpp:221] parsePacket(): could not receive data: 9
[ 53900][E][WiFiUdp.cpp:221] parsePacket(): could not receive data: 9
[ 53906][E][WiFiUdp.cpp:221] parsePacket(): could not receive data: 9
[ 53913][E][WiFiUdp.cpp:221] parsePacket(): could not receive data: 9
[ 53919][E][WiFiUdp.cpp:221] parsePacket(): could not receive data: 9
[ 53925][E][WiFiUdp.cpp:221] parsePacket(): could not receive data: 9
[ 53932][E][WiFiUdp.cpp:221] parsePacket(): could not receive data: 9
[ 53939][E][WiFiUdp.cpp:221] parsePacket(): could not receive data: 9
[ 53946][E][WiFiUdp.cpp:221] parsePacket(): could not receive data: 9
[ 53952][E][WiFiUdp.cpp:221] parsePacket(): could not receive data: 9
[ 53958][E][WiFiUdp.cpp:221] parsePacket(): could not receive data: 9
[ 53965][E][WiFiUdp.cpp:221] parsePacket(): could not receive data: 9
[ 53971][E][WiFiUdp.cpp:221] parsePacket(): could not receive data: 9
[ 53977][E][WiFiUdp.cpp:221] parsePacket(): could not receive data: 9
[ 53983][E][WiFiUdp.cpp:221] parsePacket(): could not receive data: 9
[ 53989][E][WiFiUdp.cpp:221] parsePacket(): could not receive data: 9
[ 53995][E][WiFiUdp.cpp:221] parsePacket(): could not receive data: 9
[ 54001][E][WiFiUdp.cpp:221] parsePacket(): could not receive data: 9
[ 54008][E][WiFiUdp.cpp:221] parsePacket(): could not receive data: 9
[ 54014][E][WiFiUdp.cpp:221] parsePacket(): could not receive data: 9
[ 54020][E][WiFiUdp.cpp:221] parsePacket(): could not receive data: 9
[ 54026][E][WiFiUdp.cpp:221] parsePacket(): could not receive data: 9
[ 54033][E][WiFiUdp.cpp:221] parsePacket(): could not receive data: 9
[ 54039][E][WiFiUdp.cpp:221] parsePacket(): could not receive data: 9
[ 54046][E][WiFiUdp.cpp:221] parsePacket(): could not receive data: 9
[ 54052][E][WiFiUdp.cpp:221] parsePacket(): could not receive data: 9
[ 54060][E][WiFiUdp.cpp:221] parsePacket(): could not receive data: 9
[ 54068][E][WiFiUdp.cpp:221] parsePacket(): could not receive data: 9
[ 54075][E][WiFiUdp.cpp:221] parsePacket(): could not receive data: 9
[ 54082][E][WiFiUdp.cpp:221] parsePacket(): could not receive data: 9
[ 54089][E][WiFiUdp.cpp:221] parsePacket(): could not receive data: 9
[ 54096][E][WiFiUdp.cpp:221] parsePacket(): could not receive data: 9
[ 54103][E][WiFiUdp.cpp:221] parsePacket(): could not receive data: 9
[ 54109][E][WiFiUdp.cpp:221] parsePacket(): could not receive data: 9
[ 54116][E][WiFiUdp.cpp:221] parsePacket(): could not receive data: 9
[ 54122][E][WiFiUdp.cpp:221] parsePacket(): could not receive data: 9
[ 54129][E][WiFiUdp.cpp:221] parsePacket(): could not receive data: 9
[ 54136][E][WiFiUdp.cpp:221] parsePacket(): could not receive data: 9
[ 54143][E][WiFiUdp.cpp:221] parsePacket(): could not receive data: 9
[ 54150][E][WiFiUdp.cpp:221] parsePacket(): could not receive data: 9
[ 54156][E][WiFiUdp.cpp:221] parsePacket(): could not receive data: 9
[ 54163][E][WiFiUdp.cpp:221] parsePacket(): could not receive data: 9
[ 54170][E][WiFiUdp.cpp:221] parsePacket(): could not receive data: 9
[ 54176][E][WiFiUdp.cpp:221] parsePacket(): could not receive data: 9
[ 54182][E][WiFiUdp.cpp:221] parsePacket(): could not receive data: 9
[ 54189][E][WiFiUdp.cpp:221] parsePacket(): could not receive data: 9
[ 54196][E][WiFiUdp.cpp:221] parsePacket(): could not receive data: 9
[ 54203][E][WiFiUdp.cpp:221] parsePacket(): could not receive data: 9
[ 54210][E][WiFiUdp.cpp:221] parsePacket(): could not receive data: 9
[ 54217][E][WiFiUdp.cpp:221] parsePacket(): could not receive data: 9
[ 54224][E][WiFiUdp.cpp:221] parsePacket(): could not receive data: 9
[ 54231][E][WiFiUdp.cpp:221] parsePacket(): could not receive data: 9
[ 54238][E][WiFiUdp.cpp:221] parsePacket(): could not receive data: 9
[ 54244][E][WiFiUdp.cpp:221] parsePacket(): could not receive data: 9
[ 54249][E][WiFiUdp.cpp:221] parsePacket(): could not receive data: 9
[ 54255][E][WiFiUdp.cpp:221] parsePacket(): could not receive data: 9
[ 54260][E][WiFiUdp.cpp:221] parsePacket(): could not receive data: 9
[ 54265][E][WiFiUdp.cpp:221] parsePacket(): could not receive data: 9
[ 54270][E][WiFiUdp.cpp:221] parsePacket(): could not receive data: 9
[ 54275][E][WiFiUdp.cpp:221] parsePacket(): could not receive data: 9
[ 54280][E][WiFiUdp.cpp:221] parsePacket(): could not receive data: 9
[ 54285][E][WiFiUdp.cpp:221] parsePacket(): could not receive data: 9
[ 54291][E][WiFiUdp.cpp:221] parsePacket(): could not receive data: 9
[ 54296][E][WiFiUdp.cpp:221] parsePacket(): could not receive data: 9
[ 54302][E][WiFiUdp.cpp:221] parsePacket(): could not receive data: 9
[ 54308][E][WiFiUdp.cpp:221] parsePacket(): could not receive data: 9
[ 54314][E][WiFiUdp.cpp:221] parsePacket(): could not receive data: 9
[ 54320][E][WiFiUdp.cpp:221] parsePacket(): could not receive data: 9
[ 54326][E][WiFiUdp.cpp:221] parsePacket(): could not receive data: 9
[ 54332][E][WiFiUdp.cpp:221] parsePacket(): could not receive data: 9
[ 54338][E][WiFiUdp.cpp:221] parsePacket(): could not receive data: 9
[ 54344][E][WiFiUdp.cpp:221] parsePacket(): could not receive data: 9
[ 54350][E][WiFiUdp.cpp:221] parsePacket(): could not receive data: 9
[ 54356][E][WiFiUdp.cpp:221] parsePacket(): could not receive data: 9
[ 54362][E][WiFiUdp.cpp:221] parsePacket(): could not receive data: 9
[ 54368][E][WiFiUdp.cpp:221] parsePacket(): could not receive data: 9
[ 54374][E][WiFiUdp.cpp:221] parsePacket(): could not receive data: 9
[ 54380][E][WiFiUdp.cpp:221] parsePacket(): could not receive data: 9
[ 54387][E][WiFiUdp.cpp:221] parsePacket(): could not receive data: 9
[ 54393][E][WiFiUdp.cpp:221] parsePacket(): could not receive data: 9
[ 54399][E][WiFiUdp.cpp:221] parsePacket(): could not receive data: 9
[ 54405][E][WiFiUdp.cpp:221] parsePacket(): could not receive data: 9
[ 54411][E][WiFiUdp.cpp:221] parsePacket(): could not receive data: 9
[ 54418][E][WiFiUdp.cpp:221] parsePacket(): could not receive data: 9
[ 54424][E][WiFiUdp.cpp:221] parsePacket(): could not receive data: 9
[ 54431][E][WiFiUdp.cpp:221] parsePacket(): could not receive data: 9
[ 54437][E][WiFiUdp.cpp:221] parsePacket(): could not receive data: 9
[ 54443][E][WiFiUdp.cpp:221] parsePacket(): could not receive data: 9
[ 54450][E][WiFiUdp.cpp:221] parsePacket(): could not receive data: 9
[ 54457][E][WiFiUdp.cpp:221] parsePacket(): could not receive data: 9
[ 54464][E][WiFiUdp.cpp:221] parsePacket(): could not receive data: 9
[ 54471][E][WiFiUdp.cpp:221] parsePacket(): could not receive data: 9
[ 54478][E][WiFiUdp.cpp:221] parsePacket(): could not receive data: 9
[ 54485][E][WiFiUdp.cpp:221] parsePacket(): could not receive data: 9
[ 54491][E][WiFiUdp.cpp:221] parsePacket(): could not receive data: 9
[ 54497][E][WiFiUdp.cpp:221] parsePacket(): could not receive data: 9
[ 54503][E][WiFiUdp.cpp:221] parsePacket(): could not receive data: 9
[ 54510][E][WiFiUdp.cpp:221] parsePacket(): could not receive data: 9
[ 54516][E][WiFiUdp.cpp:221] parsePacket(): could not receive data: 9
[ 54523][E][WiFiUdp.cpp:221] parsePacket(): could not receive data: 9
[ 54529][E][WiFiUdp.cpp:221] parsePacket(): could not receive data: 9
[ 54534][E][WiFiUdp.cpp:221] parsePacket(): could not receive data: 9
[ 54539][E][WiFiUdp.cpp:221] parsePacket(): could not receive data: 9
[ 54545][E][WiFiUdp.cpp:221] parsePacket(): could not receive data: 9
[ 54551][E][WiFiUdp.cpp:221] parsePacket(): could not receive data: 9
[ 54557][E][WiFiUdp.cpp:221] parsePacket(): could not receive data: 9
[ 54562][E][WiFiUdp.cpp:221] parsePacket(): could not receive data: 9
[ 54568][E][WiFiUdp.cpp:221] parsePacket(): could not receive data: 9
[ 54574][E][WiFiUdp.cpp:221] parsePacket(): could not receive data: 9
[ 54580][E][WiFiUdp.cpp:221] parsePacket(): could not receive data: 9
[ 54586][E][WiFiUdp.cpp:221] parsePacket(): could not receive data: 9
[ 54593][E][WiFiUdp.cpp:221] parsePacket(): could not receive data: 9
[ 54598][E][WiFiUdp.cpp:221] parsePacket(): could not receive data: 9
[ 54604][E][WiFiUdp.cpp:221] parsePacket(): could not receive data: 9
[ 54611][E][WiFiUdp.cpp:221] parsePacket(): could not receive data: 9
[ 54618][E][WiFiUdp.cpp:221] parsePacket(): could not receive data: 9
[ 54626][E][WiFiUdp.cpp:221] parsePacket(): could not receive data: 9
[ 54634][E][WiFiUdp.cpp:221] parsePacket(): could not receive data: 9
[ 54642][E][WiFiUdp.cpp:221] parsePacket(): could not receive data: 9
[ 54650][E][WiFiUdp.cpp:221] parsePacket(): could not receive data: 9
[ 54658][E][WiFiUdp.cpp:221] parsePacket(): could not receive data: 9
[ 54666][E][WiFiUdp.cpp:221] parsePacket(): could not receive data: 9
[ 54674][E][WiFiUdp.cpp:221] parsePacket(): could not receive data: 9
[ 54683][E][WiFiUdp.cpp:221] parsePacket(): could not receive data: 9
[ 54692][E][WiFiUdp.cpp:221] parsePacket(): could not receive data: 9
[ 54700][E][WiFiUdp.cpp:221] parsePacket(): could not receive data: 9
[ 54709][E][WiFiUdp.cpp:221] parsePacket(): could not receive data: 9
[ 54717][E][WiFiUdp.cpp:221] parsePacket(): could not receive data: 9
[ 54724][E][WiFiUdp.cpp:221] parsePacket(): could not receive data: 9
[ 54732][E][WiFiUdp.cpp:221] parsePacket(): could not receive data: 9
[ 54740][E][WiFiUdp.cpp:221] parsePacket(): could not receive data: 9
[ 54746][E][WiFiUdp.cpp:221] parsePacket(): could not receive data: 9
[ 54753][E][WiFiUdp.cpp:221] parsePacket(): could not receive data: 9
[ 54760][E][WiFiUdp.cpp:221] parsePacket(): could not receive data: 9
[ 54767][E][WiFiUdp.cpp:221] parsePacket(): could not receive data: 9
[ 54774][E][WiFiUdp.cpp:221] parsePacket(): could not receive data: 9
[ 54782][E][WiFiUdp.cpp:221] parsePacket(): could not receive data: 9
[ 54789][E][WiFiUdp.cpp:221] parsePacket(): could not receive data: 9
[ 54795][E][WiFiUdp.cpp:221] parsePacket(): could not receive data: 9
[ 54801][E][WiFiUdp.cpp:221] parsePacket(): could not receive data: 9
[ 54808][E][WiFiUdp.cpp:221] parsePacket(): could not receive data: 9
[ 54816][E][WiFiUdp.cpp:221] parsePacket(): could not receive data: 9
[ 54824][E][WiFiUdp.cpp:221] parsePacket(): could not receive data: 9
[ 54832][E][WiFiUdp.cpp:221] parsePacket(): could not receive data: 9
[ 54840][E][WiFiUdp.cpp:221] parsePacket(): could not receive data: 9
[ 54847][E][WiFiUdp.cpp:221] parsePacket(): could not receive data: 9
[ 54854][E][WiFiUdp.cpp:221] parsePacket(): could not receive data: 9
[ 54862][E][WiFiUdp.cpp:221] parsePacket(): could not receive data: 9
[ 54870][E][WiFiUdp.cpp:221] parsePacket(): could not receive data: 9
[ 54878][E][WiFiUdp.cpp:221] parsePacket(): could not receive data: 9
[ 54886][E][WiFiUdp.cpp:221] parsePacket(): could not receive data: 9
[ 54894][E][WiFiUdp.cpp:221] parsePacket(): could not receive data: 9
[ 54902][E][WiFiUdp.cpp:221] parsePacket(): could not receive data: 9
[ 54909][E][WiFiUdp.cpp:221] parsePacket(): could not receive data: 9
[ 54915][E][WiFiUdp.cpp:221] parsePacket(): could not receive data: 9
[ 54921][E][WiFiUdp.cpp:221] parsePacket(): could not receive data: 9
[ 54927][E][WiFiUdp.cpp:221] parsePacket(): could not receive data: 9
[ 54933][E][WiFiUdp.cpp:221] parsePacket(): could not receive data: 9
[ 54939][E][WiFiUdp.cpp:221] parsePacket(): could not receive data: 9
[ 54945][E][WiFiUdp.cpp:221] parsePacket(): could not receive data: 9
[ 54951][E][WiFiUdp.cpp:221] parsePacket(): could not receive data: 9
[ 54957][E][WiFiUdp.cpp:221] parsePacket(): could not receive data: 9
[ 54964][E][WiFiUdp.cpp:221] parsePacket(): could not receive data: 9
[ 54971][E][WiFiUdp.cpp:221] parsePacket(): could not receive data: 9
[ 54978][E][WiFiUdp.cpp:221] parsePacket(): could not receive data: 9
[ 54985][E][WiFiUdp.cpp:221] parsePacket(): could not receive data: 9
[ 54992][E][WiFiUdp.cpp:221] parsePacket(): could not receive data: 9
[ 54999][E][WiFiUdp.cpp:221] parsePacket(): could not receive data: 9
[ 55007][E][WiFiUdp.cpp:221] parsePacket(): could not receive data: 9
[ 55015][E][WiFiUdp.cpp:221] parsePacket(): could not receive data: 9
[ 55023][E][WiFiUdp.cpp:221] parsePacket(): could not receive data: 9
[ 55031][E][WiFiUdp.cpp:221] parsePacket(): could not receive data: 9
[ 55038][E][WiFiUdp.cpp:221] parsePacket(): could not receive data: 9
[ 55044][E][WiFiUdp.cpp:221] parsePacket(): could not receive data: 9
[ 55051][E][WiFiUdp.cpp:221] parsePacket(): could not receive data: 9
[ 55057][E][WiFiUdp.cpp:221] parsePacket(): could not receive data: 9
[ 55063][E][WiFiUdp.cpp:221] parsePacket(): could not receive data: 9
[ 55070][E][WiFiUdp.cpp:221] parsePacket(): could not receive data: 9
[ 55076][E][WiFiUdp.cpp:221] parsePacket(): could not receive data: 9
[ 55083][E][WiFiUdp.cpp:221] parsePacket(): could not receive data: 9
[ 55089][E][WiFiUdp.cpp:221] parsePacket(): could not receive data: 9
[ 55095][E][WiFiUdp.cpp:221] parsePacket(): could not receive data: 9
[ 55101][E][WiFiUdp.cpp:221] parsePacket(): could not receive data: 9
[ 55108][E][WiFiUdp.cpp:221] parsePacket(): could not receive data: 9
[ 55114][E][WiFiUdp.cpp:221] parsePacket(): could not receive data: 9
[ 55120][E][WiFiUdp.cpp:221] parsePacket(): could not receive data: 9
[ 55126][E][WiFiUdp.cpp:221] parsePacket(): could not receive data: 9
[ 55133][E][WiFiUdp.cpp:221] parsePacket(): could not receive data: 9
[ 55139][E][WiFiUdp.cpp:221] parsePacket(): could not receive data: 9
[ 55145][E][WiFiUdp.cpp:221] parsePacket(): could not receive data: 9
[ 55151][E][WiFiUdp.cpp:221] parsePacket(): could not receive data: 9
[ 55157][E][WiFiUdp.cpp:221] parsePacket(): could not receive data: 9
[ 55164][E][WiFiUdp.cpp:221] parsePacket(): could not receive data: 9
[ 55171][E][WiFiUdp.cpp:221] parsePacket(): could not receive data: 9
[ 55178][E][WiFiUdp.cpp:221] parsePacket(): could not receive data: 9
[ 55185][E][WiFiUdp.cpp:221] parsePacket(): could not receive data: 9
[ 55192][E][WiFiUdp.cpp:221] parsePacket(): could not receive data: 9
[ 55199][E][WiFiUdp.cpp:221] parsePacket(): could not receive data: 9
[ 55205][E][WiFiUdp.cpp:221] parsePacket(): could not receive data: 9
[ 55211][E][WiFiUdp.cpp:221] parsePacket(): could not receive data: 9
[ 55217][E][WiFiUdp.cpp:221] parsePacket(): could not receive data: 9
[ 55224][E][WiFiUdp.cpp:221] parsePacket(): could not receive data: 9
[ 55230][E][WiFiUdp.cpp:221] parsePacket(): could not receive data: 9
[ 55237][E][WiFiUdp.cpp:221] parsePacket(): could not receive data: 9
[ 55244][E][WiFiUdp.cpp:221] parsePacket(): could not receive data: 9
[ 55250][E][WiFiUdp.cpp:221] parsePacket(): could not receive data: 9
[ 55256][E][WiFiUdp.cpp:221] parsePacket(): could not receive data: 9
[ 55263][E][WiFiUdp.cpp:221] parsePacket(): could not receive data: 9
[ 55270][E][WiFiUdp.cpp:221] parsePacket(): could not receive data: 9
[ 55277][E][WiFiUdp.cpp:221] parsePacket(): could not receive data: 9
[ 55283][E][WiFiUdp.cpp:221] parsePacket(): could not receive data: 9
[ 55289][E][WiFiUdp.cpp:221] parsePacket(): could not receive data: 9
[ 55297][E][WiFiUdp.cpp:221] parsePacket(): could not receive data: 9
[ 55305][E][WiFiUdp.cpp:221] parsePacket(): could not receive data: 9
[ 55311][E][WiFiUdp.cpp:221] parsePacket(): could not receive data: 9
[ 55318][E][WiFiUdp.cpp:221] parsePacket(): could not receive data: 9
[ 55326][E][WiFiUdp.cpp:221] parsePacket(): could not receive data: 9
[ 55333][E][WiFiUdp.cpp:221] parsePacket(): could not receive data: 9
[ 55340][E][WiFiUdp.cpp:221] parsePacket(): could not receive data: 9
[ 55348][E][WiFiUdp.cpp:221] parsePacket(): could not receive data: 9
[ 55354][E][WiFiUdp.cpp:221] parsePacket(): could not receive data: 9
[ 55361][E][WiFiUdp.cpp:221] parsePacket(): could not receive data: 9
[ 55367][E][WiFiUdp.cpp:221] parsePacket(): could not receive data: 9
[ 55373][E][WiFiUdp.cpp:221] parsePacket(): could not receive data: 9
[ 55379][E][WiFiUdp.cpp:221] parsePacket(): could not receive data: 9
[ 55385][E][WiFiUdp.cpp:221] parsePacket(): could not receive data: 9
[ 55391][E][WiFiUdp.cpp:221] parsePacket(): could not receive data: 9
[ 55397][E][WiFiUdp.cpp:221] parsePacket(): could not receive data: 9
[ 55403][E][WiFiUdp.cpp:221] parsePacket(): could not receive data: 9
[ 55409][E][WiFiUdp.cpp:221] parsePacket(): could not receive data: 9
[ 55415][E][WiFiUdp.cpp:221] parsePacket(): could not receive data: 9
[ 55420][E][WiFiUdp.cpp:221] parsePacket(): could not receive data: 9
[ 55426][E][WiFiUdp.cpp:221] parsePacket(): could not receive data: 9
[ 55432][E][WiFiUdp.cpp:221] parsePacket(): could not receive data: 9
[ 55438][E][WiFiUdp.cpp:221] parsePacket(): could not receive data: 9
[ 55444][E][WiFiUdp.cpp:221] parsePacket(): could not receive data: 9
[ 55451][E][WiFiUdp.cpp:221] parsePacket(): could not receive data: 9
[ 55458][E][WiFiUdp.cpp:221] parsePacket(): could not receive data: 9
[ 55466][E][WiFiUdp.cpp:221] parsePacket(): could not receive data: 9
[ 55474][E][WiFiUdp.cpp:221] parsePacket(): could not receive data: 9
[ 55480][E][WiFiUdp.cpp:221] parsePacket(): could not receive data: 9
[ 55487][E][WiFiUdp.cpp:221] parsePacket(): could not receive data: 9
[ 55493][E][WiFiUdp.cpp:221] parsePacket(): could not receive data: 9
[ 55500][E][WiFiUdp.cpp:221] parsePacket(): could not receive data: 9
[ 55507][E][WiFiUdp.cpp:221] parsePacket(): could not receive data: 9
[ 55514][E][WiFiUdp.cpp:221] parsePacket(): could not receive data: 9
[ 55521][E][WiFiUdp.cpp:221] parsePacket(): could not receive data: 9
[ 55527][E][WiFiUdp.cpp:221] parsePacket(): could not receive data: 9
[ 55534][E][WiFiUdp.cpp:221] parsePacket(): could not receive data: 9
[ 55540][E][WiFiUdp.cpp:221] parsePacket(): could not receive data: 9
[ 55546][E][WiFiUdp.cpp:221] parsePacket(): could not receive data: 9
[ 55552][E][WiFiUdp.cpp:221] parsePacket(): could not receive data: 9
[ 55557][E][WiFiUdp.cpp:221] parsePacket(): could not receive data: 9
[ 55562][E][WiFiUdp.cpp:221] parsePacket(): could not receive data: 9
[ 55567][E][WiFiUdp.cpp:221] parsePacket(): could not receive data: 9
[ 55572][E][WiFiUdp.cpp:221] parsePacket(): could not receive data: 9
[ 55577][E][WiFiUdp.cpp:221] parsePacket(): could not receive data: 9
[ 55583][E][WiFiUdp.cpp:221] parsePacket(): could not receive data: 9
[ 55589][E][WiFiUdp.cpp:221] parsePacket(): could not receive data: 9
[ 55595][E][WiFiUdp.cpp:221] parsePacket(): could not receive data: 9
[ 55601][E][WiFiUdp.cpp:221] parsePacket(): could not receive data: 9
[ 55607][E][WiFiUdp.cpp:221] parsePacket(): could not receive data: 9
[ 55613][E][WiFiUdp.cpp:221] parsePacket(): could not receive data: 9
[ 55619][E][WiFiUdp.cpp:221] parsePacket(): could not receive data: 9
[ 55625][E][WiFiUdp.cpp:221] parsePacket(): could not receive data: 9
[ 55631][E][WiFiUdp.cpp:221] parsePacket(): could not receive data: 9
[ 55637][E][WiFiUdp.cpp:221] parsePacket(): could not receive data: 9
[ 55643][E][WiFiUdp.cpp:221] parsePacket(): could not receive data: 9
[ 55649][E][WiFiUdp.cpp:221] parsePacket(): could not receive data: 9
[ 55655][E][WiFiUdp.cpp:221] parsePacket(): could not receive data: 9
[ 55661][E][WiFiUdp.cpp:221] parsePacket(): could not receive data: 9
[ 55667][E][WiFiUdp.cpp:221] parsePacket(): could not receive data: 9
[ 55673][E][WiFiUdp.cpp:221] parsePacket(): could not receive data: 9
[ 55679][E][WiFiUdp.cpp:221] parsePacket(): could not receive data: 9
[ 55685][E][WiFiUdp.cpp:221] parsePacket(): could not receive data: 9
[ 55691][E][WiFiUdp.cpp:221] parsePacket(): could not receive data: 9
[ 55697][E][WiFiUdp.cpp:221] parsePacket(): could not receive data: 9
[ 55703][E][WiFiUdp.cpp:221] parsePacket(): could not receive data: 9
[ 55709][E][WiFiUdp.cpp:221] parsePacket(): could not receive data: 9
[ 55715][E][WiFiUdp.cpp:221] parsePacket(): could not receive data: 9
[ 55721][E][WiFiUdp.cpp:221] parsePacket(): could not receive data: 9
[ 55727][E][WiFiUdp.cpp:221] parsePacket(): could not receive data: 9
[ 55733][E][WiFiUdp.cpp:221] parsePacket(): could not receive data: 9
[ 55739][E][WiFiUdp.cpp:221] parsePacket(): could not receive data: 9
[ 55745][E][WiFiUdp.cpp:221] parsePacket(): could not receive data: 9
[ 55750][E][WiFiUdp.cpp:221] parsePacket(): could not receive data: 9
[ 55756][E][WiFiUdp.cpp:221] parsePacket(): could not receive data: 9
[ 55762][E][WiFiUdp.cpp:221] parsePacket(): could not receive data: 9
[ 55768][E][WiFiUdp.cpp:221] parsePacket(): could not receive data: 9
[ 55774][E][WiFiUdp.cpp:221] parsePacket(): could not receive data: 9
[ 55780][E][WiFiUdp.cpp:221] parsePacket(): could not receive data: 9
[ 55786][E][WiFiUdp.cpp:221] parsePacket(): could not receive data: 9
[ 55792][E][WiFiUdp.cpp:221] parsePacket(): could not receive data: 9
[ 55798][E][WiFiUdp.cpp:221] parsePacket(): could not receive data: 9
[ 55804][E][WiFiUdp.cpp:221] parsePacket(): could not receive data: 9
[ 55810][E][WiFiUdp.cpp:221] parsePacket(): could not receive data: 9
[ 55816][E][WiFiUdp.cpp:221] parsePacket(): could not receive data: 9
[ 55822][E][WiFiUdp.cpp:221] parsePacket(): could not receive data: 9
[ 55828][E][WiFiUdp.cpp:221] parsePacket(): could not receive data: 9
[ 55834][E][WiFiUdp.cpp:221] parsePacket(): could not receive data: 9
[ 55840][E][WiFiUdp.cpp:221] parsePacket(): could not receive data: 9
[ 55845][E][WiFiUdp.cpp:221] parsePacket(): could not receive data: 9
[ 55851][E][WiFiUdp.cpp:221] parsePacket(): could not receive data: 9
[ 55857][E][WiFiUdp.cpp:221] parsePacket(): could not receive data: 9
[ 55863][E][WiFiUdp.cpp:221] parsePacket(): could not receive data: 9
[ 55869][E][WiFiUdp.cpp:221] parsePacket(): could not receive data: 9
[ 55875][E][WiFiUdp.cpp:221] parsePacket(): could not receive data: 9
[ 55881][E][WiFiUdp.cpp:221] parsePacket(): could not receive data: 9
[ 55887][E][WiFiUdp.cpp:221] parsePacket(): could not receive data: 9
[ 55893][E][WiFiUdp.cpp:221] parsePacket(): could not receive data: 9
[ 55899][E][WiFiUdp.cpp:221] parsePacket(): could not receive data: 9
[ 55905][E][WiFiUdp.cpp:221] parsePacket(): could not receive data: 9
[ 55911][E][WiFiUdp.cpp:221] parsePacket(): could not receive data: 9
[ 55917][E][WiFiUdp.cpp:221] parsePacket(): could not receive data: 9
[ 55923][E][WiFiUdp.cpp:221] parsePacket(): could not receive data: 9
[ 55929][E][WiFiUdp.cpp:221] parsePacket(): could not receive data: 9
[ 55935][E][WiFiUdp.cpp:221] parsePacket(): could not receive data: 9
[ 55941][E][WiFiUdp.cpp:221] parsePacket(): could not receive data: 9
[ 55947][E][WiFiUdp.cpp:221] parsePacket(): could not receive data: 9
[ 55953][E][WiFiUdp.cpp:221] parsePacket(): could not receive data: 9
[ 55959][E][WiFiUdp.cpp:221] parsePacket(): could not receive data: 9
[ 55965][E][WiFiUdp.cpp:221] parsePacket(): could not receive data: 9
[ 55971][E][WiFiUdp.cpp:221] parsePacket(): could not receive data: 9
[ 55977][E][WiFiUdp.cpp:221] parsePacket(): could not receive data: 9
[ 55983][E][WiFiUdp.cpp:221] parsePacket(): could not receive data: 9
[ 55989][E][WiFiUdp.cpp:221] parsePacket(): could not receive data: 9
[ 55995][E][WiFiUdp.cpp:221] parsePacket(): could not receive data: 9
[ 56001][E][WiFiUdp.cpp:221] parsePacket(): could not receive data: 9
[ 56007][E][WiFiUdp.cpp:221] parsePacket(): could not receive data: 9
[ 56013][E][WiFiUdp.cpp:221] parsePacket(): could not receive data: 9
[ 56019][E][WiFiUdp.cpp:221] parsePacket(): could not receive data: 9
[ 56025][E][WiFiUdp.cpp:221] parsePacket(): could not receive data: 9
[ 56031][E][WiFiUdp.cpp:221] parsePacket(): could not receive data: 9
[ 56037][E][WiFiUdp.cpp:221] parsePacket(): could not receive data: 9
[ 56043][E][WiFiUdp.cpp:221] parsePacket(): could not receive data: 9
[ 56049][E][WiFiUdp.cpp:221] parsePacket(): could not receive data: 9
[ 56055][E][WiFiUdp.cpp:221] parsePacket(): could not receive data: 9
[ 56061][E][WiFiUdp.cpp:221] parsePacket(): could not receive data: 9
[ 56067][E][WiFiUdp.cpp:221] parsePacket(): could not receive data: 9
[ 56072][E][WiFiUdp.cpp:221] parsePacket(): could not receive data: 9
[ 56078][E][WiFiUdp.cpp:221] parsePacket(): could not receive data: 9
[ 56084][E][WiFiUdp.cpp:221] parsePacket(): could not receive data: 9
[ 56089][E][WiFiUdp.cpp:221] parsePacket(): could not receive data: 9
[ 56095][E][WiFiUdp.cpp:221] parsePacket(): could not receive data: 9
[ 56101][E][WiFiUdp.cpp:221] parsePacket(): could not receive data: 9
[ 56107][E][WiFiUdp.cpp:221] parsePacket(): could not receive data: 9
[ 56113][E][WiFiUdp.cpp:221] parsePacket(): could not receive data: 9
[ 56119][E][WiFiUdp.cpp:221] parsePacket(): could not receive data: 9
[ 56125][E][WiFiUdp.cpp:221] parsePacket(): could not receive data: 9
[ 56131][E][WiFiUdp.cpp:221] parsePacket(): could not receive data: 9
[ 56137][E][WiFiUdp.cpp:221] parsePacket(): could not receive data: 9
[ 56143][E][WiFiUdp.cpp:221] parsePacket(): could not receive data: 9
[ 56148][E][WiFiUdp.cpp:221] parsePacket(): could not receive data: 9
[ 56154][E][WiFiUdp.cpp:221] parsePacket(): could not receive data: 9
[ 56160][E][WiFiUdp.cpp:221] parsePacket(): could not receive data: 9
[ 56166][E][WiFiUdp.cpp:221] parsePacket(): could not receive data: 9
[ 56172][E][WiFiUdp.cpp:221] parsePacket(): could not receive data: 9
[ 56178][E][WiFiUdp.cpp:221] parsePacket(): could not receive data: 9
[ 56184][E][WiFiUdp.cpp:221] parsePacket(): could not receive data: 9
[ 56190][E][WiFiUdp.cpp:221] parsePacket(): could not receive data: 9
[ 56196][E][WiFiUdp.cpp:221] parsePacket(): could not receive data: 9
[ 56201][E][WiFiUdp.cpp:221] parsePacket(): could not receive data: 9
[ 56207][E][WiFiUdp.cpp:221] parsePacket(): could not receive data: 9
[ 56213][E][WiFiUdp.cpp:221] parsePacket(): could not receive data: 9
[ 56219][E][WiFiUdp.cpp:221] parsePacket(): could not receive data: 9
[ 56225][E][WiFiUdp.cpp:221] parsePacket(): could not receive data: 9
[ 56231][E][WiFiUdp.cpp:221] parsePacket(): could not receive data: 9
[ 56237][E][WiFiUdp.cpp:221] parsePacket(): could not receive data: 9
[ 56243][E][WiFiUdp.cpp:221] parsePacket(): could not receive data: 9
[ 56249][E][WiFiUdp.cpp:221] parsePacket(): could not receive data: 9
[ 56255][E][WiFiUdp.cpp:221] parsePacket(): could not receive data: 9
[ 56261][E][WiFiUdp.cpp:221] parsePacket(): could not receive data: 9
[ 56267][E][WiFiUdp.cpp:221] parsePacket(): could not receive data: 9
[ 56272][E][WiFiUdp.cpp:221] parsePacket(): could not receive data: 9
[ 56278][E][WiFiUdp.cpp:221] parsePacket(): could not receive data: 9
[ 56284][E][WiFiUdp.cpp:221] parsePacket(): could not receive data: 9
[ 56290][E][WiFiUdp.cpp:221] parsePacket(): could not receive data: 9
[ 56296][E][WiFiUdp.cpp:221] parsePacket(): could not receive data: 9
[ 56302][E][WiFiUdp.cpp:221] parsePacket(): could not receive data: 9
[ 56307][E][WiFiUdp.cpp:221] parsePacket(): could not receive data: 9
[ 56313][E][WiFiUdp.cpp:221] parsePacket(): could not receive data: 9
[ 56319][E][WiFiUdp.cpp:221] parsePacket(): could not receive data: 9
[ 56325][E][WiFiUdp.cpp:221] parsePacket(): could not receive data: 9
[ 56331][E][WiFiUdp.cpp:221] parsePacket(): could not receive data: 9
[ 56337][E][WiFiUdp.cpp:221] parsePacket(): could not receive data: 9
[ 56343][E][WiFiUdp.cpp:221] parsePacket(): could not receive data: 9
[ 56349][E][WiFiUdp.cpp:221] parsePacket(): could not receive data: 9
[ 56355][E][WiFiUdp.cpp:221] parsePacket(): could not receive data: 9
[ 56361][E][WiFiUdp.cpp:221] parsePacket(): could not receive data: 9
[ 56367][E][WiFiUdp.cpp:221] parsePacket(): could not receive data: 9
[ 56373][E][WiFiUdp.cpp:221] parsePacket(): could not receive data: 9
[ 56379][E][WiFiUdp.cpp:221] parsePacket(): could not receive data: 9
[ 56385][E][WiFiUdp.cpp:221] parsePacket(): could not receive data: 9
[ 56391][E][WiFiUdp.cpp:221] parsePacket(): could not receive data: 9
[ 56397][E][WiFiUdp.cpp:221] parsePacket(): could not receive data: 9
[ 56403][E][WiFiUdp.cpp:221] parsePacket(): could not receive data: 9
[ 56408][E][WiFiUdp.cpp:221] parsePacket(): could not receive data: 9
[ 56414][E][WiFiUdp.cpp:221] parsePacket(): could not receive data: 9
[ 56420][E][WiFiUdp.cpp:221] parsePacket(): could not receive data: 9
[ 56426][E][WiFiUdp.cpp:221] parsePacket(): could not receive data: 9
[ 56432][E][WiFiUdp.cpp:221] parsePacket(): could not receive data: 9
[ 56438][E][WiFiUdp.cpp:221] parsePacket(): could not receive data: 9
[ 56444][E][WiFiUdp.cpp:221] parsePacket(): could not receive data: 9
[ 56450][E][WiFiUdp.cpp:221] parsePacket(): could not receive data: 9
[ 56456][E][WiFiUdp.cpp:221] parsePacket(): could not receive data: 9
[ 56462][E][WiFiUdp.cpp:221] parsePacket(): could not receive data: 9
[ 56468][E][WiFiUdp.cpp:221] parsePacket(): could not receive data: 9
[ 56474][E][WiFiUdp.cpp:221] parsePacket(): could not receive data: 9
[ 56480][E][WiFiUdp.cpp:221] parsePacket(): could not receive data: 9
[ 56486][E][WiFiUdp.cpp:221] parsePacket(): could not receive data: 9
[ 56492][E][WiFiUdp.cpp:221] parsePacket(): could not receive data: 9
[ 56498][E][WiFiUdp.cpp:221] parsePacket(): could not receive data: 9
[ 56504][E][WiFiUdp.cpp:221] parsePacket(): could not receive data: 9
[ 56510][E][WiFiUdp.cpp:221] parsePacket(): could not receive data: 9
[ 56516][E][WiFiUdp.cpp:221] parsePacket(): could not receive data: 9
[ 56522][E][WiFiUdp.cpp:221] parsePacket(): could not receive data: 9
[ 56528][E][WiFiUdp.cpp:221] parsePacket(): could not receive data: 9
[ 56534][E][WiFiUdp.cpp:221] parsePacket(): could not receive data: 9
[ 56540][E][WiFiUdp.cpp:221] parsePacket(): could not receive data: 9
[ 56546][E][WiFiUdp.cpp:221] parsePacket(): could not receive data: 9
[ 56552][E][WiFiUdp.cpp:221] parsePacket(): could not receive data: 9
[ 56557][E][WiFiUdp.cpp:221] parsePacket(): could not receive data: 9
[ 56563][E][WiFiUdp.cpp:221] parsePacket(): could not receive data: 9
[ 56569][E][WiFiUdp.cpp:221] parsePacket(): could not receive data: 9
[ 56575][E][WiFiUdp.cpp:221] parsePacket(): could not receive data: 9
[ 56581][E][WiFiUdp.cpp:221] parsePacket(): could not receive data: 9
[ 56587][E][WiFiUdp.cpp:221] parsePacket(): could not receive data: 9
[ 56593][E][WiFiUdp.cpp:221] parsePacket(): could not receive data: 9
[ 56599][E][WiFiUdp.cpp:221] parsePacket(): could not receive data: 9
[ 56605][E][WiFiUdp.cpp:221] parsePacket(): could not receive data: 9
[ 56611][E][WiFiUdp.cpp:221] parsePacket(): could not receive data: 9
[ 56616][E][WiFiUdp.cpp:221] parsePacket(): could not receive data: 9
[ 56622][E][WiFiUdp.cpp:221] parsePacket(): could not receive data: 9
[ 56627][E][WiFiUdp.cpp:221] parsePacket(): could not receive data: 9
[ 56632][E][WiFiUdp.cpp:221] parsePacket(): could not receive data: 9
[ 56637][E][WiFiUdp.cpp:221] parsePacket(): could not receive data: 9
[ 56642][E][WiFiUdp.cpp:221] parsePacket(): could not receive data: 9
[ 56648][E][WiFiUdp.cpp:221] parsePacket(): could not receive data: 9
[ 56653][E][WiFiUdp.cpp:221] parsePacket(): could not receive data: 9
[ 56658][E][WiFiUdp.cpp:221] parsePacket(): could not receive data: 9
[ 56663][E][WiFiUdp.cpp:221] parsePacket(): could not receive data: 9
[ 56668][E][WiFiUdp.cpp:221] parsePacket(): could not receive data: 9
[ 56673][E][WiFiUdp.cpp:221] parsePacket(): could not receive data: 9
[ 56679][E][WiFiUdp.cpp:221] parsePacket(): could not receive data: 9
[ 56684][E][WiFiUdp.cpp:221] parsePacket(): could not receive data: 9
[ 56690][E][WiFiUdp.cpp:221] parsePacket(): could not receive data: 9
[ 56695][E][WiFiUdp.cpp:221] parsePacket(): could not receive data: 9
[ 56700][E][WiFiUdp.cpp:221] parsePacket(): could not receive data: 9
[ 56705][E][WiFiUdp.cpp:221] parsePacket(): could not receive data: 9
[ 56710][E][WiFiUdp.cpp:221] parsePacket(): could not receive data: 9
[ 56715][E][WiFiUdp.cpp:221] parsePacket(): could not receive data: 9
[ 56720][E][WiFiUdp.cpp:221] parsePacket(): could not receive data: 9
[ 56725][E][WiFiUdp.cpp:221] parsePacket(): could not receive data: 9
[ 56730][E][WiFiUdp.cpp:221] parsePacket(): could not receive data: 9
[ 56735][E][WiFiUdp.cpp:221] parsePacket(): could not receive data: 9
[ 56740][E][WiFiUdp.cpp:221] parsePacket(): could not receive data: 9
[ 56745][E][WiFiUdp.cpp:221] parsePacket(): could not receive data: 9
[ 56750][E][WiFiUdp.cpp:221] parsePacket(): could not receive data: 9
[ 56755][E][WiFiUdp.cpp:221] parsePacket(): could not receive data: 9
[ 56760][E][WiFiUdp.cpp:221] parsePacket(): could not receive data: 9
[ 56765][E][WiFiUdp.cpp:221] parsePacket(): could not receive data: 9
[ 56770][E][WiFiUdp.cpp:221] parsePacket(): could not receive data: 9
[ 56775][E][WiFiUdp.cpp:221] parsePacket(): could not receive data: 9
[ 56780][E][WiFiUdp.cpp:221] parsePacket(): could not receive data: 9
[ 56786][E][WiFiUdp.cpp:221] parsePacket(): could not receive data: 9
[ 56791][E][WiFiUdp.cpp:221] parsePacket(): could not receive data: 9
[ 56796][E][WiFiUdp.cpp:221] parsePacket(): could not receive data: 9
[ 56802][E][WiFiUdp.cpp:221] parsePacket(): could not receive data: 9
[ 56807][E][WiFiUdp.cpp:221] parsePacket(): could not receive data: 9
[ 56812][E][WiFiUdp.cpp:221] parsePacket(): could not receive data: 9
[ 56817][E][WiFiUdp.cpp:221] parsePacket(): could not receive data: 9
[ 56822][E][WiFiUdp.cpp:221] parsePacket(): could not receive data: 9
[ 56827][E][WiFiUdp.cpp:221] parsePacket(): could not receive data: 9
[ 56832][E][WiFiUdp.cpp:221] parsePacket(): could not receive data: 9
[ 56837][E][WiFiUdp.cpp:221] parsePacket(): could not receive data: 9
[ 56842][E][WiFiUdp.cpp:221] parsePacket(): could not receive data: 9
[ 56847][E][WiFiUdp.cpp:221] parsePacket(): could not receive data: 9
[ 56852][E][WiFiUdp.cpp:221] parsePacket(): could not receive data: 9
[ 56857][E][WiFiUdp.cpp:221] parsePacket(): could not receive data: 9
[ 56863][E][WiFiUdp.cpp:221] parsePacket(): could not receive data: 9
[ 56868][E][WiFiUdp.cpp:221] parsePacket(): could not receive data: 9
[ 56873][E][WiFiUdp.cpp:221] parsePacket(): could not receive data: 9
[ 56879][E][WiFiUdp.cpp:221] parsePacket(): could not receive data: 9
[ 56885][E][WiFiUdp.cpp:221] parsePacket(): could not receive data: 9
[ 56890][E][WiFiUdp.cpp:221] parsePacket(): could not receive data: 9
[ 56896][E][WiFiUdp.cpp:221] parsePacket(): could not receive data: 9
[ 56902][E][WiFiUdp.cpp:221] parsePacket(): could not receive data: 9
[ 56907][E][WiFiUdp.cpp:221] parsePacket(): could not receive data: 9
[ 56913][E][WiFiUdp.cpp:221] parsePacket(): could not receive data: 9
[ 56919][E][WiFiUdp.cpp:221] parsePacket(): could not receive data: 9
[ 56925][E][WiFiUdp.cpp:221] parsePacket(): could not receive data: 9
[ 56931][E][WiFiUdp.cpp:221] parsePacket(): could not receive data: 9
[ 56937][E][WiFiUdp.cpp:221] parsePacket(): could not receive data: 9
[ 56942][E][WiFiUdp.cpp:221] parsePacket(): could not receive data: 9
[ 56948][E][WiFiUdp.cpp:221] parsePacket(): could not receive data: 9
[ 56953][E][WiFiUdp.cpp:221] parsePacket(): could not receive data: 9
[ 56958][E][WiFiUdp.cpp:221] parsePacket(): could not receive data: 9
[ 56963][E][WiFiUdp.cpp:221] parsePacket(): could not receive data: 9
[ 56969][E][WiFiUdp.cpp:221] parsePacket(): could not receive data: 9
[ 56974][E][WiFiUdp.cpp:221] parsePacket(): could not receive data: 9
[ 56979][E][WiFiUdp.cpp:221] parsePacket(): could not receive data: 9
[ 56984][E][WiFiUdp.cpp:221] parsePacket(): could not receive data: 9
[ 56989][E][WiFiUdp.cpp:221] parsePacket(): could not receive data: 9
[ 56994][E][WiFiUdp.cpp:221] parsePacket(): could not receive data: 9
[ 56999][E][WiFiUdp.cpp:221] parsePacket(): could not receive data: 9
[ 57004][E][WiFiUdp.cpp:221] parsePacket(): could not receive data: 9
[ 57009][E][WiFiUdp.cpp:221] parsePacket(): could not receive data: 9
[ 57014][E][WiFiUdp.cpp:221] parsePacket(): could not receive data: 9
[ 57019][E][WiFiUdp.cpp:221] parsePacket(): could not receive data: 9
[ 57024][E][WiFiUdp.cpp:221] parsePacket(): could not receive data: 9
[ 57029][E][WiFiUdp.cpp:221] parsePacket(): could not receive data: 9
[ 57034][E][WiFiUdp.cpp:221] parsePacket(): could not receive data: 9
[ 57039][E][WiFiUdp.cpp:221] parsePacket(): could not receive data: 9
[ 57044][E][WiFiUdp.cpp:221] parsePacket(): could not receive data: 9
[ 57049][E][WiFiUdp.cpp:221] parsePacket(): could not receive data: 9
[ 57054][E][WiFiUdp.cpp:221] parsePacket(): could not receive data: 9
[ 57059][E][WiFiUdp.cpp:221] parsePacket(): could not receive data: 9
[ 57065][E][WiFiUdp.cpp:221] parsePacket(): could not receive data: 9
[ 57070][E][WiFiUdp.cpp:221] parsePacket(): could not receive data: 9
[ 57075][E][WiFiUdp.cpp:221] parsePacket(): could not receive data: 9
[ 57080][E][WiFiUdp.cpp:221] parsePacket(): could not receive data: 9
[ 57085][E][WiFiUdp.cpp:221] parsePacket(): could not receive data: 9
[ 57090][E][WiFiUdp.cpp:221] parsePacket(): could not receive data: 9
[ 57095][E][WiFiUdp.cpp:221] parsePacket(): could not receive data: 9
[ 57100][E][WiFiUdp.cpp:221] parsePacket(): could not receive data: 9
[ 57105][E][WiFiUdp.cpp:221] parsePacket(): could not receive data: 9
[ 57110][E][WiFiUdp.cpp:221] parsePacket(): could not receive data: 9
[ 57115][E][WiFiUdp.cpp:221] parsePacket(): could not receive data: 9
[ 57120][E][WiFiUdp.cpp:221] parsePacket(): could not receive data: 9
[ 57125][E][WiFiUdp.cpp:221] parsePacket(): could not receive data: 9
[ 57130][E][WiFiUdp.cpp:221] parsePacket(): could not receive data: 9
[ 57135][E][WiFiUdp.cpp:221] parsePacket(): could not receive data: 9
[ 57140][E][WiFiUdp.cpp:221] parsePacket(): could not receive data: 9
[ 57145][E][WiFiUdp.cpp:221] parsePacket(): could not receive data: 9
[ 57150][E][WiFiUdp.cpp:221] parsePacket(): could not receive data: 9
[ 57155][E][WiFiUdp.cpp:221] parsePacket(): could not receive data: 9
[ 57160][E][WiFiUdp.cpp:221] parsePacket(): could not receive data: 9
[ 57165][E][WiFiUdp.cpp:221] parsePacket(): could not receive data: 9
[ 57170][E][WiFiUdp.cpp:221] parsePacket(): could not receive data: 9
[ 57175][E][WiFiUdp.cpp:221] parsePacket(): could not receive data: 9
[ 57180][E][WiFiUdp.cpp:221] parsePacket(): could not receive data: 9
[ 57185][E][WiFiUdp.cpp:221] parsePacket(): could not receive data: 9
[ 57190][E][WiFiUdp.cpp:221] parsePacket(): could not receive data: 9
[ 57195][E][WiFiUdp.cpp:221] parsePacket(): could not receive data: 9
[ 57200][E][WiFiUdp.cpp:221] parsePacket(): could not receive data: 9
[ 57205][E][WiFiUdp.cpp:221] parsePacket(): could not receive data: 9
[ 57210][E][WiFiUdp.cpp:221] parsePacket(): could not receive data: 9
[ 57215][E][WiFiUdp.cpp:221] parsePacket(): could not receive data: 9
[ 57220][E][WiFiUdp.cpp:221] parsePacket(): could not receive data: 9
[ 57225][E][WiFiUdp.cpp:221] parsePacket(): could not receive data: 9
[ 57230][E][WiFiUdp.cpp:221] parsePacket(): could not receive data: 9
[ 57235][E][WiFiUdp.cpp:221] parsePacket(): could not receive data: 9
[ 57240][E][WiFiUdp.cpp:221] parsePacket(): could not receive data: 9
[ 57245][E][WiFiUdp.cpp:221] parsePacket(): could not receive data: 9
[ 57250][E][WiFiUdp.cpp:221] parsePacket(): could not receive data: 9
[ 57255][E][WiFiUdp.cpp:221] parsePacket(): could not receive data: 9
[ 57260][E][WiFiUdp.cpp:221] parsePacket(): could not receive data: 9
[ 57265][E][WiFiUdp.cpp:221] parsePacket(): could not receive data: 9
[ 57270][E][WiFiUdp.cpp:221] parsePacket(): could not receive data: 9
[ 57276][E][WiFiUdp.cpp:221] parsePacket(): could not receive data: 9
[ 57282][E][WiFiUdp.cpp:221] parsePacket(): could not receive data: 9
[ 57288][E][WiFiUdp.cpp:221] parsePacket(): could not receive data: 9
[ 57294][E][WiFiUdp.cpp:221] parsePacket(): could not receive data: 9
[ 57299][E][WiFiUdp.cpp:221] parsePacket(): could not receive data: 9
[ 57304][E][WiFiUdp.cpp:221] parsePacket(): could not receive data: 9
[ 57309][E][WiFiUdp.cpp:221] parsePacket(): could not receive data: 9
[ 57314][E][WiFiUdp.cpp:221] parsePacket(): could not receive data: 9
[ 57319][E][WiFiUdp.cpp:221] parsePacket(): could not receive data: 9
[ 57324][E][WiFiUdp.cpp:221] parsePacket(): could not receive data: 9
[ 57329][E][WiFiUdp.cpp:221] parsePacket(): could not receive data: 9
[ 57334][E][WiFiUdp.cpp:221] parsePacket(): could not receive data: 9
[ 57339][E][WiFiUdp.cpp:221] parsePacket(): could not receive data: 9
[ 57345][E][WiFiUdp.cpp:221] parsePacket(): could not receive data: 9
[ 57350][E][WiFiUdp.cpp:221] parsePacket(): could not receive data: 9
[ 57355][E][WiFiUdp.cpp:221] parsePacket(): could not receive data: 9
[ 57360][E][WiFiUdp.cpp:221] parsePacket(): could not receive data: 9
[ 57365][E][WiFiUdp.cpp:221] parsePacket(): could not receive data: 9
[ 57370][E][WiFiUdp.cpp:221] parsePacket(): could not receive data: 9
[ 57375][E][WiFiUdp.cpp:221] parsePacket(): could not receive data: 9
[ 57380][E][WiFiUdp.cpp:221] parsePacket(): could not receive data: 9
[ 57385][E][WiFiUdp.cpp:221] parsePacket(): could not receive data: 9
[ 57390][E][WiFiUdp.cpp:221] parsePacket(): could not receive data: 9
[ 57395][E][WiFiUdp.cpp:221] parsePacket(): could not receive data: 9
[ 57400][E][WiFiUdp.cpp:221] parsePacket(): could not receive data: 9
[ 57405][E][WiFiUdp.cpp:221] parsePacket(): could not receive data: 9
[ 57410][E][WiFiUdp.cpp:221] parsePacket(): could not receive data: 9
[ 57415][E][WiFiUdp.cpp:221] parsePacket(): could not receive data: 9
[ 57420][E][WiFiUdp.cpp:221] parsePacket(): could not receive data: 9
[ 57425][E][WiFiUdp.cpp:221] parsePacket(): could not receive data: 9
[ 57430][E][WiFiUdp.cpp:221] parsePacket(): could not receive data: 9
[ 57435][E][WiFiUdp.cpp:221] parsePacket(): could not receive data: 9
[ 57440][E][WiFiUdp.cpp:221] parsePacket(): could not receive data: 9
[ 57445][E][WiFiUdp.cpp:221] parsePacket(): could not receive data: 9
[ 57450][E][WiFiUdp.cpp:221] parsePacket(): could not receive data: 9
[ 57455][E][WiFiUdp.cpp:221] parsePacket(): could not receive data: 9
[ 57460][E][WiFiUdp.cpp:221] parsePacket(): could not receive data: 9
[ 57465][E][WiFiUdp.cpp:221] parsePacket(): could not receive data: 9
[ 57470][E][WiFiUdp.cpp:221] parsePacket(): could not receive data: 9
[ 57475][E][WiFiUdp.cpp:221] parsePacket(): could not receive data: 9
[ 57480][E][WiFiUdp.cpp:221] parsePacket(): could not receive data: 9
[ 57485][E][WiFiUdp.cpp:221] parsePacket(): could not receive data: 9
[ 57490][E][WiFiUdp.cpp:221] parsePacket(): could not receive data: 9
[ 57495][E][WiFiUdp.cpp:221] parsePacket(): could not receive data: 9
[ 57500][E][WiFiUdp.cpp:221] parsePacket(): could not receive data: 9
[ 57505][E][WiFiUdp.cpp:221] parsePacket(): could not receive data: 9
[ 57510][E][WiFiUdp.cpp:221] parsePacket(): could not receive data: 9
[ 57515][E][WiFiUdp.cpp:221] parsePacket(): could not receive data: 9
[ 57520][E][WiFiUdp.cpp:221] parsePacket(): could not receive data: 9
[ 57525][E][WiFiUdp.cpp:221] parsePacket(): could not receive data: 9
[ 57530][E][WiFiUdp.cpp:221] parsePacket(): could not receive data: 9
[ 57535][E][WiFiUdp.cpp:221] parsePacket(): could not receive data: 9
[ 57540][E][WiFiUdp.cpp:221] parsePacket(): could not receive data: 9
[ 57546][E][WiFiUdp.cpp:221] parsePacket(): could not receive data: 9
[ 57552][E][WiFiUdp.cpp:221] parsePacket(): could not receive data: 9
[ 57557][E][WiFiUdp.cpp:221] parsePacket(): could not receive data: 9
[ 57562][E][WiFiUdp.cpp:221] parsePacket(): could not receive data: 9
[ 57567][E][WiFiUdp.cpp:221] parsePacket(): could not receive data: 9
[ 57572][E][WiFiUdp.cpp:221] parsePacket(): could not receive data: 9
[ 57577][E][WiFiUdp.cpp:221] parsePacket(): could not receive data: 9
[ 57582][E][WiFiUdp.cpp:221] parsePacket(): could not receive data: 9
[ 57587][E][WiFiUdp.cpp:221] parsePacket(): could not receive data: 9
[ 57592][E][WiFiUdp.cpp:221] parsePacket(): could not receive data: 9
[ 57597][E][WiFiUdp.cpp:221] parsePacket(): could not receive data: 9
[ 57602][E][WiFiUdp.cpp:221] parsePacket(): could not receive data: 9
[ 57607][E][WiFiUdp.cpp:221] parsePacket(): could not receive data: 9
[ 57613][E][WiFiUdp.cpp:221] parsePacket(): could not receive data: 9
[ 57619][E][WiFiUdp.cpp:221] parsePacket(): could not receive data: 9
[ 57625][E][WiFiUdp.cpp:221] parsePacket(): could not receive data: 9
[ 57631][E][WiFiUdp.cpp:221] parsePacket(): could not receive data: 9
[ 57637][E][WiFiUdp.cpp:221] parsePacket(): could not receive data: 9
[ 57643][E][WiFiUdp.cpp:221] parsePacket(): could not receive data: 9
[ 57649][E][WiFiUdp.cpp:221] parsePacket(): could not receive data: 9
[ 57655][E][WiFiUdp.cpp:221] parsePacket(): could not receive data: 9
[ 57661][E][WiFiUdp.cpp:221] parsePacket(): could not receive data: 9
[ 57667][E][WiFiUdp.cpp:221] parsePacket(): could not receive data: 9
[ 57673][E][WiFiUdp.cpp:221] parsePacket(): could not receive data: 9
[ 57679][E][WiFiUdp.cpp:221] parsePacket(): could not receive data: 9
[ 57685][E][WiFiUdp.cpp:221] parsePacket(): could not receive data: 9
[ 57691][E][WiFiUdp.cpp:221] parsePacket(): could not receive data: 9
[ 57697][E][WiFiUdp.cpp:221] parsePacket(): could not receive data: 9
[ 57702][E][WiFiUdp.cpp:221] parsePacket(): could not receive data: 9
[ 57707][E][WiFiUdp.cpp:221] parsePacket(): could not receive data: 9
[ 57713][E][WiFiUdp.cpp:221] parsePacket(): could not receive data: 9
[ 57719][E][WiFiUdp.cpp:221] parsePacket(): could not receive data: 9
[ 57724][E][WiFiUdp.cpp:221] parsePacket(): could not receive data: 9
[ 57729][E][WiFiUdp.cpp:221] parsePacket(): could not receive data: 9
[ 57734][E][WiFiUdp.cpp:221] parsePacket(): could not receive data: 9
[ 57740][E][WiFiUdp.cpp:221] parsePacket(): could not receive data: 9
[ 57745][E][WiFiUdp.cpp:221] parsePacket(): could not receive data: 9
[ 57750][E][WiFiUdp.cpp:221] parsePacket(): could not receive data: 9
[ 57755][E][WiFiUdp.cpp:221] parsePacket(): could not receive data: 9
[ 57760][E][WiFiUdp.cpp:221] parsePacket(): could not receive data: 9
[ 57765][E][WiFiUdp.cpp:221] parsePacket(): could not receive data: 9
[ 57770][E][WiFiUdp.cpp:221] parsePacket(): could not receive data: 9
[ 57775][E][WiFiUdp.cpp:221] parsePacket(): could not receive data: 9
[ 57780][E][WiFiUdp.cpp:221] parsePacket(): could not receive data: 9
[ 57785][E][WiFiUdp.cpp:221] parsePacket(): could not receive data: 9
[ 57790][E][WiFiUdp.cpp:221] parsePacket(): could not receive data: 9
[ 57795][E][WiFiUdp.cpp:221] parsePacket(): could not receive data: 9
[ 57800][E][WiFiUdp.cpp:221] parsePacket(): could not receive data: 9
[ 57805][E][WiFiUdp.cpp:221] parsePacket(): could not receive data: 9
[ 57810][E][WiFiUdp.cpp:221] parsePacket(): could not receive data: 9
[ 57815][E][WiFiUdp.cpp:221] parsePacket(): could not receive data: 9
[ 57820][E][WiFiUdp.cpp:221] parsePacket(): could not receive data: 9
[ 57825][E][WiFiUdp.cpp:221] parsePacket(): could not receive data: 9
[ 57830][E][WiFiUdp.cpp:221] parsePacket(): could not receive data: 9
[ 57835][E][WiFiUdp.cpp:221] parsePacket(): could not receive data: 9
[ 57840][E][WiFiUdp.cpp:221] parsePacket(): could not receive data: 9
[ 57845][E][WiFiUdp.cpp:221] parsePacket(): could not receive data: 9
[ 57850][E][WiFiUdp.cpp:221] parsePacket(): could not receive data: 9
[ 57855][E][WiFiUdp.cpp:221] parsePacket(): could not receive data: 9
[ 57860][E][WiFiUdp.cpp:221] parsePacket(): could not receive data: 9
[ 57865][E][WiFiUdp.cpp:221] parsePacket(): could not receive data: 9
[ 57870][E][WiFiUdp.cpp:221] parsePacket(): could not receive data: 9
[ 57876][E][WiFiUdp.cpp:221] parsePacket(): could not receive data: 9
[ 57882][E][WiFiUdp.cpp:221] parsePacket(): could not receive data: 9
[ 57888][E][WiFiUdp.cpp:221] parsePacket(): could not receive data: 9
[ 57893][E][WiFiUdp.cpp:221] parsePacket(): could not receive data: 9
[ 57898][E][WiFiUdp.cpp:221] parsePacket(): could not receive data: 9
[ 57903][E][WiFiUdp.cpp:221] parsePacket(): could not receive data: 9
[ 57908][E][WiFiUdp.cpp:221] parsePacket(): could not receive data: 9
[ 57913][E][WiFiUdp.cpp:221] parsePacket(): could not receive data: 9
[ 57918][E][WiFiUdp.cpp:221] parsePacket(): could not receive data: 9
[ 57923][E][WiFiUdp.cpp:221] parsePacket(): could not receive data: 9
[ 57929][E][WiFiUdp.cpp:221] parsePacket(): could not receive data: 9
[ 57935][E][WiFiUdp.cpp:221] parsePacket(): could not receive data: 9
[ 57940][E][WiFiUdp.cpp:221] parsePacket(): could not receive data: 9
[ 57945][E][WiFiUdp.cpp:221] parsePacket(): could not receive data: 9
[ 57950][E][WiFiUdp.cpp:221] parsePacket(): could not receive data: 9
[ 57955][E][WiFiUdp.cpp:221] parsePacket(): could not receive data: 9
[ 57960][E][WiFiUdp.cpp:221] parsePacket(): could not receive data: 9
[ 57965][E][WiFiUdp.cpp:221] parsePacket(): could not receive data: 9
[ 57970][E][WiFiUdp.cpp:221] parsePacket(): could not receive data: 9
[ 57976][E][WiFiUdp.cpp:221] parsePacket(): could not receive data: 9
[ 57982][E][WiFiUdp.cpp:221] parsePacket(): could not receive data: 9
[ 57987][E][WiFiUdp.cpp:221] parsePacket(): could not receive data: 9
[ 57992][E][WiFiUdp.cpp:221] parsePacket(): could not receive data: 9
[ 57997][E][WiFiUdp.cpp:221] parsePacket(): could not receive data: 9
[ 58003][E][WiFiUdp.cpp:221] parsePacket(): could not receive data: 9
[ 58009][E][WiFiUdp.cpp:221] parsePacket(): could not receive data: 9
[ 58015][E][WiFiUdp.cpp:221] parsePacket(): could not receive data: 9
[ 58021][E][WiFiUdp.cpp:221] parsePacket(): could not receive data: 9
[ 58027][E][WiFiUdp.cpp:221] parsePacket(): could not receive data: 9
[ 58033][E][WiFiUdp.cpp:221] parsePacket(): could not receive data: 9
[ 58039][E][WiFiUdp.cpp:221] parsePacket(): could not receive data: 9
[ 58044][E][WiFiUdp.cpp:221] parsePacket(): could not receive data: 9
[ 58049][E][WiFiUdp.cpp:221] parsePacket(): could not receive data: 9
[ 58054][E][WiFiUdp.cpp:221] parsePacket(): could not receive data: 9
[ 58059][E][WiFiUdp.cpp:221] parsePacket(): could not receive data: 9
[ 58065][E][WiFiUdp.cpp:221] parsePacket(): could not receive data: 9
[ 58071][E][WiFiUdp.cpp:221] parsePacket(): could not receive data: 9
[ 58077][E][WiFiUdp.cpp:221] parsePacket(): could not receive data: 9
[ 58083][E][WiFiUdp.cpp:221] parsePacket(): could not receive data: 9
[ 58089][E][WiFiUdp.cpp:221] parsePacket(): could not receive data: 9
[ 58095][E][WiFiUdp.cpp:221] parsePacket(): could not receive data: 9
[ 58101][E][WiFiUdp.cpp:221] parsePacket(): could not receive data: 9
[ 58107][E][WiFiUdp.cpp:221] parsePacket(): could not receive data: 9
[ 58113][E][WiFiUdp.cpp:221] parsePacket(): could not receive data: 9
[ 58120][E][WiFiUdp.cpp:221] parsePacket(): could not receive data: 9
[ 58127][E][WiFiUdp.cpp:221] parsePacket(): could not receive data: 9
[ 58133][E][WiFiUdp.cpp:221] parsePacket(): could not receive data: 9
[ 58139][E][WiFiUdp.cpp:221] parsePacket(): could not receive data: 9
[ 58145][E][WiFiUdp.cpp:221] parsePacket(): could not receive data: 9
[ 58151][E][WiFiUdp.cpp:221] parsePacket(): could not receive data: 9
[ 58157][E][WiFiUdp.cpp:221] parsePacket(): could not receive data: 9
[ 58164][E][WiFiUdp.cpp:221] parsePacket(): could not receive data: 9
[ 58171][E][WiFiUdp.cpp:221] parsePacket(): could not receive data: 9
[ 58178][E][WiFiUdp.cpp:221] parsePacket(): could not receive data: 9
[ 58184][E][WiFiUdp.cpp:221] parsePacket(): could not receive data: 9
[ 58190][E][WiFiUdp.cpp:221] parsePacket(): could not receive data: 9
[ 58196][E][WiFiUdp.cpp:221] parsePacket(): could not receive data: 9
[ 58202][E][WiFiUdp.cpp:221] parsePacket(): could not receive data: 9
[ 58208][E][WiFiUdp.cpp:221] parsePacket(): could not receive data: 9
[ 58214][E][WiFiUdp.cpp:221] parsePacket(): could not receive data: 9
[ 58220][E][WiFiUdp.cpp:221] parsePacket(): could not receive data: 9
[ 58226][E][WiFiUdp.cpp:221] parsePacket(): could not receive data: 9
[ 58232][E][WiFiUdp.cpp:221] parsePacket(): could not receive data: 9
[ 58239][E][WiFiUdp.cpp:221] parsePacket(): could not receive data: 9
[ 58246][E][WiFiUdp.cpp:221] parsePacket(): could not receive data: 9
[ 58252][E][WiFiUdp.cpp:221] parsePacket(): could not receive data: 9
[ 58259][E][WiFiUdp.cpp:221] parsePacket(): could not receive data: 9
[ 58266][E][WiFiUdp.cpp:221] parsePacket(): could not receive data: 9
[ 58273][E][WiFiUdp.cpp:221] parsePacket(): could not receive data: 9
[ 58280][E][WiFiUdp.cpp:221] parsePacket(): could not receive data: 9
[ 58286][E][WiFiUdp.cpp:221] parsePacket(): could not receive data: 9
[ 58292][E][WiFiUdp.cpp:221] parsePacket(): could not receive data: 9
[ 58299][E][WiFiUdp.cpp:221] parsePacket(): could not receive data: 9
[ 58306][E][WiFiUdp.cpp:221] parsePacket(): could not receive data: 9
[ 58312][E][WiFiUdp.cpp:221] parsePacket(): could not receive data: 9
[ 58318][E][WiFiUdp.cpp:221] parsePacket(): could not receive data: 9
[ 58325][E][WiFiUdp.cpp:221] parsePacket(): could not receive data: 9
[ 58331][E][WiFiUdp.cpp:221] parsePacket(): could not receive data: 9
[ 58338][E][WiFiUdp.cpp:221] parsePacket(): could not receive data: 9
[ 58345][E][WiFiUdp.cpp:221] parsePacket(): could not receive data: 9
[ 58352][E][WiFiUdp.cpp:221] parsePacket(): could not receive data: 9
[ 58359][E][WiFiUdp.cpp:221] parsePacket(): could not receive data: 9
[ 58365][E][WiFiUdp.cpp:221] parsePacket(): could not receive data: 9
[ 58371][E][WiFiUdp.cpp:221] parsePacket(): could not receive data: 9
[ 58378][E][WiFiUdp.cpp:221] parsePacket(): could not receive data: 9
[ 58385][E][WiFiUdp.cpp:221] parsePacket(): could not receive data: 9
[ 58391][E][WiFiUdp.cpp:221] parsePacket(): could not receive data: 9
[ 58397][E][WiFiUdp.cpp:221] parsePacket(): could not receive data: 9
[ 58403][E][WiFiUdp.cpp:221] parsePacket(): could not receive data: 9
[ 58409][E][WiFiUdp.cpp:221] parsePacket(): could not receive data: 9
[ 58416][E][WiFiUdp.cpp:221] parsePacket(): could not receive data: 9
[ 58423][E][WiFiUdp.cpp:221] parsePacket(): could not receive data: 9
[ 58430][E][WiFiUdp.cpp:221] parsePacket(): could not receive data: 9
[ 58436][E][WiFiUdp.cpp:221] parsePacket(): could not receive data: 9
[ 58442][E][WiFiUdp.cpp:221] parsePacket(): could not receive data: 9
[ 58449][E][WiFiUdp.cpp:221] parsePacket(): could not receive data: 9
[ 58455][E][WiFiUdp.cpp:221] parsePacket(): could not receive data: 9
[ 58462][E][WiFiUdp.cpp:221] parsePacket(): could not receive data: 9
[ 58468][E][WiFiUdp.cpp:221] parsePacket(): could not receive data: 9
[ 58475][E][WiFiUdp.cpp:221] parsePacket(): could not receive data: 9
[ 58482][E][WiFiUdp.cpp:221] parsePacket(): could not receive data: 9
[ 58489][E][WiFiUdp.cpp:221] parsePacket(): could not receive data: 9
[ 58495][E][WiFiUdp.cpp:221] parsePacket(): could not receive data: 9
[ 58503][E][WiFiUdp.cpp:221] parsePacket(): could not receive data: 9
[ 58511][E][WiFiUdp.cpp:221] parsePacket(): could not receive data: 9
[ 58517][E][WiFiUdp.cpp:221] parsePacket(): could not receive data: 9
[ 58524][E][WiFiUdp.cpp:221] parsePacket(): could not receive data: 9
[ 58530][E][WiFiUdp.cpp:221] parsePacket(): could not receive data: 9
[ 58536][E][WiFiUdp.cpp:221] parsePacket(): could not receive data: 9
[ 58542][E][WiFiUdp.cpp:221] parsePacket(): could not receive data: 9
[ 58549][E][WiFiUdp.cpp:221] parsePacket(): could not receive data: 9
[ 58555][E][WiFiUdp.cpp:221] parsePacket(): could not receive data: 9
[ 58561][E][WiFiUdp.cpp:221] parsePacket(): could not receive data: 9
[ 58567][E][WiFiUdp.cpp:221] parsePacket(): could not receive data: 9
[ 58573][E][WiFiUdp.cpp:221] parsePacket(): could not receive data: 9
[ 58579][E][WiFiUdp.cpp:221] parsePacket(): could not receive data: 9
[ 58586][E][WiFiUdp.cpp:221] parsePacket(): could not receive data: 9
[ 58593][E][WiFiUdp.cpp:221] parsePacket(): could not receive data: 9
[ 58600][E][WiFiUdp.cpp:221] parsePacket(): could not receive data: 9
[ 58605][E][WiFiUdp.cpp:221] parsePacket(): could not receive data: 9
[ 58611][E][WiFiUdp.cpp:221] parsePacket(): could not receive data: 9
[ 58617][E][WiFiUdp.cpp:221] parsePacket(): could not receive data: 9
[ 58623][E][WiFiUdp.cpp:221] parsePacket(): could not receive data: 9
[ 58630][E][WiFiUdp.cpp:221] parsePacket(): could not receive data: 9
[ 58637][E][WiFiUdp.cpp:221] parsePacket(): could not receive data: 9
[ 58644][E][WiFiUdp.cpp:221] parsePacket(): could not receive data: 9
[ 58650][E][WiFiUdp.cpp:221] parsePacket(): could not receive data: 9
[ 58656][E][WiFiUdp.cpp:221] parsePacket(): could not receive data: 9
[ 58662][E][WiFiUdp.cpp:221] parsePacket(): could not receive data: 9
[ 58670][E][WiFiUdp.cpp:221] parsePacket(): could not receive data: 9
[ 58678][E][WiFiUdp.cpp:221] parsePacket(): could not receive data: 9
[ 58684][E][WiFiUdp.cpp:221] parsePacket(): could not receive data: 9
[ 58690][E][WiFiUdp.cpp:221] parsePacket(): could not receive data: 9
[ 58697][E][WiFiUdp.cpp:221] parsePacket(): could not receive data: 9
[ 58703][E][WiFiUdp.cpp:221] parsePacket(): could not receive data: 9
[ 58710][E][WiFiUdp.cpp:221] parsePacket(): could not receive data: 9
[ 58716][E][WiFiUdp.cpp:221] parsePacket(): could not receive data: 9
[ 58722][E][WiFiUdp.cpp:221] parsePacket(): could not receive data: 9
[ 58728][E][WiFiUdp.cpp:221] parsePacket(): could not receive data: 9
[ 58736][E][WiFiUdp.cpp:221] parsePacket(): could not receive data: 9
[ 58742][E][WiFiUdp.cpp:221] parsePacket(): could not receive data: 9
[ 58748][E][WiFiUdp.cpp:221] parsePacket(): could not receive data: 9
[ 58753][E][WiFiUdp.cpp:221] parsePacket(): could not receive data: 9
[ 58758][E][WiFiUdp.cpp:221] parsePacket(): could not receive data: 9
[ 58764][E][WiFiUdp.cpp:221] parsePacket(): could not receive data: 9
[ 58770][E][WiFiUdp.cpp:221] parsePacket(): could not receive data: 9
[ 58776][E][WiFiUdp.cpp:221] parsePacket(): could not receive data: 9
[ 58782][E][WiFiUdp.cpp:221] parsePacket(): could not receive data: 9
[ 58788][E][WiFiUdp.cpp:221] parsePacket(): could not receive data: 9
[ 58794][E][WiFiUdp.cpp:221] parsePacket(): could not receive data: 9
[ 58800][E][WiFiUdp.cpp:221] parsePacket(): could not receive data: 9
[ 58806][E][WiFiUdp.cpp:221] parsePacket(): could not receive data: 9
[ 58812][E][WiFiUdp.cpp:221] parsePacket(): could not receive data: 9
[ 58818][E][WiFiUdp.cpp:221] parsePacket(): could not receive data: 9
[ 58824][E][WiFiUdp.cpp:221] parsePacket(): could not receive data: 9
[ 58830][E][WiFiUdp.cpp:221] parsePacket(): could not receive data: 9
[ 58836][E][WiFiUdp.cpp:221] parsePacket(): could not receive data: 9
[ 58841][E][WiFiUdp.cpp:221] parsePacket(): could not receive data: 9
[ 58847][E][WiFiUdp.cpp:221] parsePacket(): could not receive data: 9
[ 58853][E][WiFiUdp.cpp:221] parsePacket(): could not receive data: 9
[ 58859][E][WiFiUdp.cpp:221] parsePacket(): could not receive data: 9
[ 58865][E][WiFiUdp.cpp:221] parsePacket(): could not receive data: 9
[ 58870][E][WiFiUdp.cpp:221] parsePacket(): could not receive data: 9
[ 58875][E][WiFiUdp.cpp:221] parsePacket(): could not receive data: 9
[ 58881][E][WiFiUdp.cpp:221] parsePacket(): could not receive data: 9
[ 58886][E][WiFiUdp.cpp:221] parsePacket(): could not receive data: 9
[ 58891][E][WiFiUdp.cpp:221] parsePacket(): could not receive data: 9
[ 58897][E][WiFiUdp.cpp:221] parsePacket(): could not receive data: 9
[ 58903][E][WiFiUdp.cpp:221] parsePacket(): could not receive data: 9
[ 58909][E][WiFiUdp.cpp:221] parsePacket(): could not receive data: 9
[ 58915][E][WiFiUdp.cpp:221] parsePacket(): could not receive data: 9
[ 58921][E][WiFiUdp.cpp:221] parsePacket(): could not receive data: 9
[ 58927][E][WiFiUdp.cpp:221] parsePacket(): could not receive data: 9
[ 58933][E][WiFiUdp.cpp:221] parsePacket(): could not receive data: 9
[ 58939][E][WiFiUdp.cpp:221] parsePacket(): could not receive data: 9
[ 58945][E][WiFiUdp.cpp:221] parsePacket(): could not receive data: 9
[ 58951][E][WiFiUdp.cpp:221] parsePacket(): could not receive data: 9
[ 58957][E][WiFiUdp.cpp:221] parsePacket(): could not receive data: 9
[ 58962][E][WiFiUdp.cpp:221] parsePacket(): could not receive data: 9
[ 58968][E][WiFiUdp.cpp:221] parsePacket(): could not receive data: 9
[ 58974][E][WiFiUdp.cpp:221] parsePacket(): could not receive data: 9
[ 58979][E][WiFiUdp.cpp:221] parsePacket(): could not receive data: 9
[ 58984][E][WiFiUdp.cpp:221] parsePacket(): could not receive data: 9
[ 58989][E][WiFiUdp.cpp:221] parsePacket(): could not receive data: 9
[ 58994][E][WiFiUdp.cpp:221] parsePacket(): could not receive data: 9
[ 58999][E][WiFiUdp.cpp:221] parsePacket(): could not receive data: 9
[ 59004][E][WiFiUdp.cpp:221] parsePacket(): could not receive data: 9
[ 59010][E][WiFiUdp.cpp:221] parsePacket(): could not receive data: 9
[ 59015][E][WiFiUdp.cpp:221] parsePacket(): could not receive data: 9
[ 59021][E][WiFiUdp.cpp:221] parsePacket(): could not receive data: 9
[ 59027][E][WiFiUdp.cpp:221] parsePacket(): could not receive data: 9
[ 59033][E][WiFiUdp.cpp:221] parsePacket(): could not receive data: 9
[ 59039][E][WiFiUdp.cpp:221] parsePacket(): could not receive data: 9
[ 59045][E][WiFiUdp.cpp:221] parsePacket(): could not receive data: 9
[ 59051][E][WiFiUdp.cpp:221] parsePacket(): could not receive data: 9
[ 59057][E][WiFiUdp.cpp:221] parsePacket(): could not receive data: 9
[ 59063][E][WiFiUdp.cpp:221] parsePacket(): could not receive data: 9
[ 59069][E][WiFiUdp.cpp:221] parsePacket(): could not receive data: 9
[ 59075][E][WiFiUdp.cpp:221] parsePacket(): could not receive data: 9
[ 59081][E][WiFiUdp.cpp:221] parsePacket(): could not receive data: 9
[ 59087][E][WiFiUdp.cpp:221] parsePacket(): could not receive data: 9
[ 59093][E][WiFiUdp.cpp:221] parsePacket(): could not receive data: 9
[ 59099][E][WiFiUdp.cpp:221] parsePacket(): could not receive data: 9
[ 59105][E][WiFiUdp.cpp:221] parsePacket(): could not receive data: 9
[ 59111][E][WiFiUdp.cpp:221] parsePacket(): could not receive data: 9
[ 59117][E][WiFiUdp.cpp:221] parsePacket(): could not receive data: 9
[ 59123][E][WiFiUdp.cpp:221] parsePacket(): could not receive data: 9
[ 59129][E][WiFiUdp.cpp:221] parsePacket(): could not receive data: 9
[ 59135][E][WiFiUdp.cpp:221] parsePacket(): could not receive data: 9
[ 59141][E][WiFiUdp.cpp:221] parsePacket(): could not receive data: 9
[ 59147][E][WiFiUdp.cpp:221] parsePacket(): could not receive data: 9
[ 59153][E][WiFiUdp.cpp:221] parsePacket(): could not receive data: 9
[ 59159][E][WiFiUdp.cpp:221] parsePacket(): could not receive data: 9
[ 59165][E][WiFiUdp.cpp:221] parsePacket(): could not receive data: 9
[ 59171][E][WiFiUdp.cpp:221] parsePacket(): could not receive data: 9
[ 59177][E][WiFiUdp.cpp:221] parsePacket(): could not receive data: 9
[ 59183][E][WiFiUdp.cpp:221] parsePacket(): could not receive data: 9
[ 59189][E][WiFiUdp.cpp:221] parsePacket(): could not receive data: 9
[ 59194][E][WiFiUdp.cpp:221] parsePacket(): could not receive data: 9
[ 59199][E][WiFiUdp.cpp:221] parsePacket(): could not receive data: 9
[ 59207][E][WiFiUdp.cpp:221] parsePacket(): could not receive data: 9
[ 59215][E][WiFiUdp.cpp:221] parsePacket(): could not receive data: 9
[ 59222][E][WiFiUdp.cpp:221] parsePacket(): could not receive data: 9
[ 59228][E][WiFiUdp.cpp:221] parsePacket(): could not receive data: 9
[ 59234][E][WiFiUdp.cpp:221] parsePacket(): could not receive data: 9
[ 59240][E][WiFiUdp.cpp:221] parsePacket(): could not receive data: 9
[ 59246][E][WiFiUdp.cpp:221] parsePacket(): could not receive data: 9
[ 59252][E][WiFiUdp.cpp:221] parsePacket(): could not receive data: 9
[ 59258][E][WiFiUdp.cpp:221] parsePacket(): could not receive data: 9
[ 59264][E][WiFiUdp.cpp:221] parsePacket(): could not receive data: 9
[ 59270][E][WiFiUdp.cpp:221] parsePacket(): could not receive data: 9
[ 59276][E][WiFiUdp.cpp:221] parsePacket(): could not receive data: 9
[ 59282][E][WiFiUdp.cpp:221] parsePacket(): could not receive data: 9
[ 59288][E][WiFiUdp.cpp:221] parsePacket(): could not receive data: 9
[ 59294][E][WiFiUdp.cpp:221] parsePacket(): could not receive data: 9
[ 59300][E][WiFiUdp.cpp:221] parsePacket(): could not receive data: 9
[ 59306][E][WiFiUdp.cpp:221] parsePacket(): could not receive data: 9
[ 59312][E][WiFiUdp.cpp:221] parsePacket(): could not receive data: 9
[ 59318][E][WiFiUdp.cpp:221] parsePacket(): could not receive data: 9
[ 59324][E][WiFiUdp.cpp:221] parsePacket(): could not receive data: 9
[ 59330][E][WiFiUdp.cpp:221] parsePacket(): could not receive data: 9
[ 59336][E][WiFiUdp.cpp:221] parsePacket(): could not receive data: 9
[ 59342][E][WiFiUdp.cpp:221] parsePacket(): could not receive data: 9
[ 59348][E][WiFiUdp.cpp:221] parsePacket(): could not receive data: 9
[ 59354][E][WiFiUdp.cpp:221] parsePacket(): could not receive data: 9
[ 59360][E][WiFiUdp.cpp:221] parsePacket(): could not receive data: 9
[ 59366][E][WiFiUdp.cpp:221] parsePacket(): could not receive data: 9
[ 59372][E][WiFiUdp.cpp:221] parsePacket(): could not receive data: 9
[ 59378][E][WiFiUdp.cpp:221] parsePacket(): could not receive data: 9
[ 59384][E][WiFiUdp.cpp:221] parsePacket(): could not receive data: 9
[ 59390][E][WiFiUdp.cpp:221] parsePacket(): could not receive data: 9
[ 59396][E][WiFiUdp.cpp:221] parsePacket(): could not receive data: 9
[ 59402][E][WiFiUdp.cpp:221] parsePacket(): could not receive data: 9
[ 59408][E][WiFiUdp.cpp:221] parsePacket(): could not receive data: 9
[ 59414][E][WiFiUdp.cpp:221] parsePacket(): could not receive data: 9
[ 59420][E][WiFiUdp.cpp:221] parsePacket(): could not receive data: 9
[ 59426][E][WiFiUdp.cpp:221] parsePacket(): could not receive data: 9
[ 59432][E][WiFiUdp.cpp:221] parsePacket(): could not receive data: 9
[ 59438][E][WiFiUdp.cpp:221] parsePacket(): could not receive data: 9
[ 59444][E][WiFiUdp.cpp:221] parsePacket(): could not receive data: 9
[ 59450][E][WiFiUdp.cpp:221] parsePacket(): could not receive data: 9
[ 59456][E][WiFiUdp.cpp:221] parsePacket(): could not receive data: 9
[ 59462][E][WiFiUdp.cpp:221] parsePacket(): could not receive data: 9
[ 59468][E][WiFiUdp.cpp:221] parsePacket(): could not receive data: 9
[ 59474][E][WiFiUdp.cpp:221] parsePacket(): could not receive data: 9
[ 59480][E][WiFiUdp.cpp:221] parsePacket(): could not receive data: 9
[ 59486][E][WiFiUdp.cpp:221] parsePacket(): could not receive data: 9
[ 59492][E][WiFiUdp.cpp:221] parsePacket(): could not receive data: 9
[ 59498][E][WiFiUdp.cpp:221] parsePacket(): could not receive data: 9
[ 59504][E][WiFiUdp.cpp:221] parsePacket(): could not receive data: 9
[ 59510][E][WiFiUdp.cpp:221] parsePacket(): could not receive data: 9
[ 59516][E][WiFiUdp.cpp:221] parsePacket(): could not receive data: 9
[ 59522][E][WiFiUdp.cpp:221] parsePacket(): could not receive data: 9
[ 59528][E][WiFiUdp.cpp:221] parsePacket(): could not receive data: 9
[ 59534][E][WiFiUdp.cpp:221] parsePacket(): could not receive data: 9
[ 59540][E][WiFiUdp.cpp:221] parsePacket(): could not receive data: 9
[ 59546][E][WiFiUdp.cpp:221] parsePacket(): could not receive data: 9
[ 59552][E][WiFiUdp.cpp:221] parsePacket(): could not receive data: 9
[ 59558][E][WiFiUdp.cpp:221] parsePacket(): could not receive data: 9
[ 59564][E][WiFiUdp.cpp:221] parsePacket(): could not receive data: 9
[ 59570][E][WiFiUdp.cpp:221] parsePacket(): could not receive data: 9
[ 59576][E][WiFiUdp.cpp:221] parsePacket(): could not receive data: 9
[ 59582][E][WiFiUdp.cpp:221] parsePacket(): could not receive data: 9
[ 59588][E][WiFiUdp.cpp:221] parsePacket(): could not receive data: 9
[ 59594][E][WiFiUdp.cpp:221] parsePacket(): could not receive data: 9
[ 59600][E][WiFiUdp.cpp:221] parsePacket(): could not receive data: 9
[ 59606][E][WiFiUdp.cpp:221] parsePacket(): could not receive data: 9
[ 59612][E][WiFiUdp.cpp:221] parsePacket(): could not receive data: 9
[ 59618][E][WiFiUdp.cpp:221] parsePacket(): could not receive data: 9
[ 59624][E][WiFiUdp.cpp:221] parsePacket(): could not receive data: 9
[ 59630][E][WiFiUdp.cpp:221] parsePacket(): could not receive data: 9
[ 59636][E][WiFiUdp.cpp:221] parsePacket(): could not receive data: 9
[ 59642][E][WiFiUdp.cpp:221] parsePacket(): could not receive data: 9
[ 59648][E][WiFiUdp.cpp:221] parsePacket(): could not receive data: 9
[ 59654][E][WiFiUdp.cpp:221] parsePacket(): could not receive data: 9
[ 59660][E][WiFiUdp.cpp:221] parsePacket(): could not receive data: 9
[ 59666][E][WiFiUdp.cpp:221] parsePacket(): could not receive data: 9
[ 59672][E][WiFiUdp.cpp:221] parsePacket(): could not receive data: 9
[ 59678][E][WiFiUdp.cpp:221] parsePacket(): could not receive data: 9
[ 59684][E][WiFiUdp.cpp:221] parsePacket(): could not receive data: 9
[ 59690][E][WiFiUdp.cpp:221] parsePacket(): could not receive data: 9
[ 59696][E][WiFiUdp.cpp:221] parsePacket(): could not receive data: 9
[ 59702][E][WiFiUdp.cpp:221] parsePacket(): could not receive data: 9
[ 59708][E][WiFiUdp.cpp:221] parsePacket(): could not receive data: 9
[ 59714][E][WiFiUdp.cpp:221] parsePacket(): could not receive data: 9
[ 59720][E][WiFiUdp.cpp:221] parsePacket(): could not receive data: 9
[ 59726][E][WiFiUdp.cpp:221] parsePacket(): could not receive data: 9
[ 59732][E][WiFiUdp.cpp:221] parsePacket(): could not receive data: 9
[ 59738][E][WiFiUdp.cpp:221] parsePacket(): could not receive data: 9
[ 59744][E][WiFiUdp.cpp:221] parsePacket(): could not receive data: 9
[ 59750][E][WiFiUdp.cpp:221] parsePacket(): could not receive data: 9
[ 59756][E][WiFiUdp.cpp:221] parsePacket(): could not receive data: 9
[ 59762][E][WiFiUdp.cpp:221] parsePacket(): could not receive data: 9
[ 59768][E][WiFiUdp.cpp:221] parsePacket(): could not receive data: 9
[ 59774][E][WiFiUdp.cpp:221] parsePacket(): could not receive data: 9
[ 59780][E][WiFiUdp.cpp:221] parsePacket(): could not receive data: 9
[ 59786][E][WiFiUdp.cpp:221] parsePacket(): could not receive data: 9
[ 59792][E][WiFiUdp.cpp:221] parsePacket(): could not receive data: 9
[ 59798][E][WiFiUdp.cpp:221] parsePacket(): could not receive data: 9
[ 59804][E][WiFiUdp.cpp:221] parsePacket(): could not receive data: 9
[ 59810][E][WiFiUdp.cpp:221] parsePacket(): could not receive data: 9
[ 59816][E][WiFiUdp.cpp:221] parsePacket(): could not receive data: 9
[ 59822][E][WiFiUdp.cpp:221] parsePacket(): could not receive data: 9
[ 59828][E][WiFiUdp.cpp:221] parsePacket(): could not receive data: 9
[ 59834][E][WiFiUdp.cpp:221] parsePacket(): could not receive data: 9
[ 59840][E][WiFiUdp.cpp:221] parsePacket(): could not receive data: 9
[ 59846][E][WiFiUdp.cpp:221] parsePacket(): could not receive data: 9
[ 59852][E][WiFiUdp.cpp:221] parsePacket(): could not receive data: 9
[ 59858][E][WiFiUdp.cpp:221] parsePacket(): could not receive data: 9
[ 59864][E][WiFiUdp.cpp:221] parsePacket(): could not receive data: 9
[ 59870][E][WiFiUdp.cpp:221] parsePacket(): could not receive data: 9
[ 59876][E][WiFiUdp.cpp:221] parsePacket(): could not receive data: 9
[ 59882][E][WiFiUdp.cpp:221] parsePacket(): could not receive data: 9
[ 59888][E][WiFiUdp.cpp:221] parsePacket(): could not receive data: 9
[ 59894][E][WiFiUdp.cpp:221] parsePacket(): could not receive data: 9
[ 59900][E][WiFiUdp.cpp:221] parsePacket(): could not receive data: 9
[ 59906][E][WiFiUdp.cpp:221] parsePacket(): could not receive data: 9
[ 59912][E][WiFiUdp.cpp:221] parsePacket(): could not receive data: 9
[ 59918][E][WiFiUdp.cpp:221] parsePacket(): could not receive data: 9
[ 59924][E][WiFiUdp.cpp:221] parsePacket(): could not receive data: 9
[ 59930][E][WiFiUdp.cpp:221] parsePacket(): could not receive data: 9
[ 59936][E][WiFiUdp.cpp:221] parsePacket(): could not receive data: 9
[ 59942][E][WiFiUdp.cpp:221] parsePacket(): could not receive data: 9
[ 59948][E][WiFiUdp.cpp:221] parsePacket(): could not receive data: 9
[ 59954][E][WiFiUdp.cpp:221] parsePacket(): could not receive data: 9
[ 59960][E][WiFiUdp.cpp:221] parsePacket(): could not receive data: 9
[ 59966][E][WiFiUdp.cpp:221] parsePacket(): could not receive data: 9
[ 59972][E][WiFiUdp.cpp:221] parsePacket(): could not receive data: 9
[ 59978][E][WiFiUdp.cpp:221] parsePacket(): could not receive data: 9
[ 59984][E][WiFiUdp.cpp:221] parsePacket(): could not receive data: 9
[ 59990][E][WiFiUdp.cpp:221] parsePacket(): could not receive data: 9
[ 59996][E][WiFiUdp.cpp:221] parsePacket(): could not receive data: 9
[ 60002][E][WiFiUdp.cpp:221] parsePacket(): could not receive data: 9
[ 60008][E][WiFiUdp.cpp:221] parsePacket(): could not receive data: 9
[ 60014][E][WiFiUdp.cpp:221] parsePacket(): could not receive data: 9
[ 60020][E][WiFiUdp.cpp:221] parsePacket(): could not receive data: 9
[ 60026][E][WiFiUdp.cpp:221] parsePacket(): could not receive data: 9
[ 60032][E][WiFiUdp.cpp:221] parsePacket(): could not receive data: 9
[ 60038][E][WiFiUdp.cpp:221] parsePacket(): could not receive data: 9
[ 60044][E][WiFiUdp.cpp:221] parsePacket(): could not receive data: 9
[ 60050][E][WiFiUdp.cpp:221] parsePacket(): could not receive data: 9
[ 60056][E][WiFiUdp.cpp:221] parsePacket(): could not receive data: 9
[ 60062][E][WiFiUdp.cpp:221] parsePacket(): could not receive data: 9
[ 60068][E][WiFiUdp.cpp:221] parsePacket(): could not receive data: 9
[ 60074][E][WiFiUdp.cpp:221] parsePacket(): could not receive data: 9
[ 60080][E][WiFiUdp.cpp:221] parsePacket(): could not receive data: 9
[ 60086][E][WiFiUdp.cpp:221] parsePacket(): could not receive data: 9
[ 60092][E][WiFiUdp.cpp:221] parsePacket(): could not receive data: 9
[ 60098][E][WiFiUdp.cpp:221] parsePacket(): could not receive data: 9
[ 60104][E][WiFiUdp.cpp:221] parsePacket(): could not receive data: 9
[ 60110][E][WiFiUdp.cpp:221] parsePacket(): could not receive data: 9
[ 60116][E][WiFiUdp.cpp:221] parsePacket(): could not receive data: 9
[ 60122][E][WiFiUdp.cpp:221] parsePacket(): could not receive data: 9
[ 60128][E][WiFiUdp.cpp:221] parsePacket(): could not receive data: 9
[ 60134][E][WiFiUdp.cpp:221] parsePacket(): could not receive data: 9
[ 60140][E][WiFiUdp.cpp:221] parsePacket(): could not receive data: 9
[ 60146][E][WiFiUdp.cpp:221] parsePacket(): could not receive data: 9
[ 60152][E][WiFiUdp.cpp:221] parsePacket(): could not receive data: 9
[ 60158][E][WiFiUdp.cpp:221] parsePacket(): could not receive data: 9
[ 60164][E][WiFiUdp.cpp:221] parsePacket(): could not receive data: 9
[ 60170][E][WiFiUdp.cpp:221] parsePacket(): could not receive data: 9
[ 60176][E][WiFiUdp.cpp:221] parsePacket(): could not receive data: 9
[ 60182][E][WiFiUdp.cpp:221] parsePacket(): could not receive data: 9
[ 60188][E][WiFiUdp.cpp:221] parsePacket(): could not receive data: 9
[ 60194][E][WiFiUdp.cpp:221] parsePacket(): could not receive data: 9
[ 60200][E][WiFiUdp.cpp:221] parsePacket(): could not receive data: 9
[ 60206][E][WiFiUdp.cpp:221] parsePacket(): could not receive data: 9
[ 60212][E][WiFiUdp.cpp:221] parsePacket(): could not receive data: 9
[ 60218][E][WiFiUdp.cpp:221] parsePacket(): could not receive data: 9
[ 60224][E][WiFiUdp.cpp:221] parsePacket(): could not receive data: 9
[ 60230][E][WiFiUdp.cpp:221] parsePacket(): could not receive data: 9
[ 60236][E][WiFiUdp.cpp:221] parsePacket(): could not receive data: 9
[ 60242][E][WiFiUdp.cpp:221] parsePacket(): could not receive data: 9
[ 60248][E][WiFiUdp.cpp:221] parsePacket(): could not receive data: 9
[ 60254][E][WiFiUdp.cpp:221] parsePacket(): could not receive data: 9
[ 60260][E][WiFiUdp.cpp:221] parsePacket(): could not receive data: 9
[ 60266][E][WiFiUdp.cpp:221] parsePacket(): could not receive data: 9
[ 60272][E][WiFiUdp.cpp:221] parsePacket(): could not receive data: 9
[ 60278][E][WiFiUdp.cpp:221] parsePacket(): could not receive data: 9
[ 60284][E][WiFiUdp.cpp:221] parsePacket(): could not receive data: 9
[ 60290][E][WiFiUdp.cpp:221] parsePacket(): could not receive data: 9
[ 60296][E][WiFiUdp.cpp:221] parsePacket(): could not receive data: 9
[ 60302][E][WiFiUdp.cpp:221] parsePacket(): could not receive data: 9
[ 60308][E][WiFiUdp.cpp:221] parsePacket(): could not receive data: 9
[ 60314][E][WiFiUdp.cpp:221] parsePacket(): could not receive data: 9
[ 60320][E][WiFiUdp.cpp:221] parsePacket(): could not receive data: 9
[ 60326][E][WiFiUdp.cpp:221] parsePacket(): could not receive data: 9
[ 60332][E][WiFiUdp.cpp:221] parsePacket(): could not receive data: 9
[ 60338][E][WiFiUdp.cpp:221] parsePacket(): could not receive data: 9
[ 60344][E][WiFiUdp.cpp:221] parsePacket(): could not receive data: 9
[ 60350][E][WiFiUdp.cpp:221] parsePacket(): could not receive data: 9
[ 60356][E][WiFiUdp.cpp:221] parsePacket(): could not receive data: 9
[ 60362][E][WiFiUdp.cpp:221] parsePacket(): could not receive data: 9
[ 60368][E][WiFiUdp.cpp:221] parsePacket(): could not receive data: 9
[ 60374][E][WiFiUdp.cpp:221] parsePacket(): could not receive data: 9
[ 60380][E][WiFiUdp.cpp:221] parsePacket(): could not receive data: 9
[ 60386][E][WiFiUdp.cpp:221] parsePacket(): could not receive data: 9
[ 60392][E][WiFiUdp.cpp:221] parsePacket(): could not receive data: 9
[ 60398][E][WiFiUdp.cpp:221] parsePacket(): could not receive data: 9
[ 60404][E][WiFiUdp.cpp:221] parsePacket(): could not receive data: 9
[ 60410][E][WiFiUdp.cpp:221] parsePacket(): could not receive data: 9
[ 60416][E][WiFiUdp.cpp:221] parsePacket(): could not receive data: 9
[ 60422][E][WiFiUdp.cpp:221] parsePacket(): could not receive data: 9
[ 60428][E][WiFiUdp.cpp:221] parsePacket(): could not receive data: 9
[ 60434][E][WiFiUdp.cpp:221] parsePacket(): could not receive data: 9
[ 60440][E][WiFiUdp.cpp:221] parsePacket(): could not receive data: 9
[ 60446][E][WiFiUdp.cpp:221] parsePacket(): could not receive data: 9
[ 60452][E][WiFiUdp.cpp:221] parsePacket(): could not receive data: 9
[ 60458][E][WiFiUdp.cpp:221] parsePacket(): could not receive data: 9
[ 60464][E][WiFiUdp.cpp:221] parsePacket(): could not receive data: 9
[ 60470][E][WiFiUdp.cpp:221] parsePacket(): could not receive data: 9
[ 60476][E][WiFiUdp.cpp:221] parsePacket(): could not receive data: 9
[ 60482][E][WiFiUdp.cpp:221] parsePacket(): could not receive data: 9
[ 60488][E][WiFiUdp.cpp:221] parsePacket(): could not receive data: 9
[ 60494][E][WiFiUdp.cpp:221] parsePacket(): could not receive data: 9
[ 60500][E][WiFiUdp.cpp:221] parsePacket(): could not receive data: 9
[ 60506][E][WiFiUdp.cpp:221] parsePacket(): could not receive data: 9
[ 60512][E][WiFiUdp.cpp:221] parsePacket(): could not receive data: 9
[ 60518][E][WiFiUdp.cpp:221] parsePacket(): could not receive data: 9
[ 60524][E][WiFiUdp.cpp:221] parsePacket(): could not receive data: 9
[ 60530][E][WiFiUdp.cpp:221] parsePacket(): could not receive data: 9
[ 60536][E][WiFiUdp.cpp:221] parsePacket(): could not receive data: 9
[ 60541][E][WiFiUdp.cpp:221] parsePacket(): could not receive data: 9
[ 60547][E][WiFiUdp.cpp:221] parsePacket(): could not receive data: 9
[ 60553][E][WiFiUdp.cpp:221] parsePacket(): could not receive data: 9
[ 60559][E][WiFiUdp.cpp:221] parsePacket(): could not receive data: 9
[ 60565][E][WiFiUdp.cpp:221] parsePacket(): could not receive data: 9
[ 60571][E][WiFiUdp.cpp:221] parsePacket(): could not receive data: 9
[ 60577][E][WiFiUdp.cpp:221] parsePacket(): could not receive data: 9
[ 60583][E][WiFiUdp.cpp:221] parsePacket(): could not receive data: 9
[ 60589][E][WiFiUdp.cpp:221] parsePacket(): could not receive data: 9
[ 60595][E][WiFiUdp.cpp:221] parsePacket(): could not receive data: 9
[ 60601][E][WiFiUdp.cpp:221] parsePacket(): could not receive data: 9
[ 60607][E][WiFiUdp.cpp:221] parsePacket(): could not receive data: 9
[ 60613][E][WiFiUdp.cpp:221] parsePacket(): could not receive data: 9
[ 60619][E][WiFiUdp.cpp:221] parsePacket(): could not receive data: 9
[ 60625][E][WiFiUdp.cpp:221] parsePacket(): could not receive data: 9
[ 60631][E][WiFiUdp.cpp:221] parsePacket(): could not receive data: 9
[ 60637][E][WiFiUdp.cpp:221] parsePacket(): could not receive data: 9
[ 60643][E][WiFiUdp.cpp:221] parsePacket(): could not receive data: 9
[ 60649][E][WiFiUdp.cpp:221] parsePacket(): could not receive data: 9
[ 60655][E][WiFiUdp.cpp:221] parsePacket(): could not receive data: 9
[ 60661][E][WiFiUdp.cpp:221] parsePacket(): could not receive data: 9
[ 60667][E][WiFiUdp.cpp:221] parsePacket(): could not receive data: 9
[ 60673][E][WiFiUdp.cpp:221] parsePacket(): could not receive data: 9
[ 60679][E][WiFiUdp.cpp:221] parsePacket(): could not receive data: 9
[ 60685][E][WiFiUdp.cpp:221] parsePacket(): could not receive data: 9
[ 60691][E][WiFiUdp.cpp:221] parsePacket(): could not receive data: 9
[ 60697][E][WiFiUdp.cpp:221] parsePacket(): could not receive data: 9
[ 60703][E][WiFiUdp.cpp:221] parsePacket(): could not receive data: 9
[ 60709][E][WiFiUdp.cpp:221] parsePacket(): could not receive data: 9
[ 60715][E][WiFiUdp.cpp:221] parsePacket(): could not receive data: 9
[ 60721][E][WiFiUdp.cpp:221] parsePacket(): could not receive data: 9
[ 60727][E][WiFiUdp.cpp:221] parsePacket(): could not receive data: 9
[ 60733][E][WiFiUdp.cpp:221] parsePacket(): could not receive data: 9
[ 60739][E][WiFiUdp.cpp:221] parsePacket(): could not receive data: 9
[ 60745][E][WiFiUdp.cpp:221] parsePacket(): could not receive data: 9
[ 60751][E][WiFiUdp.cpp:221] parsePacket(): could not receive data: 9
[ 60757][E][WiFiUdp.cpp:221] parsePacket(): could not receive data: 9
[ 60763][E][WiFiUdp.cpp:221] parsePacket(): could not receive data: 9
[ 60769][E][WiFiUdp.cpp:221] parsePacket(): could not receive data: 9
[ 60775][E][WiFiUdp.cpp:221] parsePacket(): could not receive data: 9
[ 60781][E][WiFiUdp.cpp:221] parsePacket(): could not receive data: 9
[ 60787][E][WiFiUdp.cpp:221] parsePacket(): could not receive data: 9
[ 60793][E][WiFiUdp.cpp:221] parsePacket(): could not receive data: 9
[ 60799][E][WiFiUdp.cpp:221] parsePacket(): could not receive data: 9
[ 60805][E][WiFiUdp.cpp:221] parsePacket(): could not receive data: 9
[ 60811][E][WiFiUdp.cpp:221] parsePacket(): could not receive data: 9
[ 60817][E][WiFiUdp.cpp:221] parsePacket(): could not receive data: 9
[ 60823][E][WiFiUdp.cpp:221] parsePacket(): could not receive data: 9
[ 60829][E][WiFiUdp.cpp:221] parsePacket(): could not receive data: 9
[ 60835][E][WiFiUdp.cpp:221] parsePacket(): could not receive data: 9
[ 60841][E][WiFiUdp.cpp:221] parsePacket(): could not receive data: 9
[ 60847][E][WiFiUdp.cpp:221] parsePacket(): could not receive data: 9
[ 60853][E][WiFiUdp.cpp:221] parsePacket(): could not receive data: 9
[ 60859][E][WiFiUdp.cpp:221] parsePacket(): could not receive data: 9
[ 60865][E][WiFiUdp.cpp:221] parsePacket(): could not receive data: 9
[ 60871][E][WiFiUdp.cpp:221] parsePacket(): could not receive data: 9
[ 60877][E][WiFiUdp.cpp:221] parsePacket(): could not receive data: 9
[ 60883][E][WiFiUdp.cpp:221] parsePacket(): could not receive data: 9
[ 60889][E][WiFiUdp.cpp:221] parsePacket(): could not receive data: 9
[ 60895][E][WiFiUdp.cpp:221] parsePacket(): could not receive data: 9
[ 60901][E][WiFiUdp.cpp:221] parsePacket(): could not receive data: 9
[ 60907][E][WiFiUdp.cpp:221] parsePacket(): could not receive data: 9
[ 60913][E][WiFiUdp.cpp:221] parsePacket(): could not receive data: 9
[ 60918][E][WiFiUdp.cpp:221] parsePacket(): could not receive data: 9
[ 60924][E][WiFiUdp.cpp:221] parsePacket(): could not receive data: 9
[ 60930][E][WiFiUdp.cpp:221] parsePacket(): could not receive data: 9
[ 60936][E][WiFiUdp.cpp:221] parsePacket(): could not receive data: 9
[ 60942][E][WiFiUdp.cpp:221] parsePacket(): could not receive data: 9
[ 60948][E][WiFiUdp.cpp:221] parsePacket(): could not receive data: 9
[ 60954][E][WiFiUdp.cpp:221] parsePacket(): could not receive data: 9
[ 60960][E][WiFiUdp.cpp:221] parsePacket(): could not receive data: 9
[ 60966][E][WiFiUdp.cpp:221] parsePacket(): could not receive data: 9
[ 60972][E][WiFiUdp.cpp:221] parsePacket(): could not receive data: 9
[ 60978][E][WiFiUdp.cpp:221] parsePacket(): could not receive data: 9
[ 60984][E][WiFiUdp.cpp:221] parsePacket(): could not receive data: 9
[ 60990][E][WiFiUdp.cpp:221] parsePacket(): could not receive data: 9
[ 60996][E][WiFiUdp.cpp:221] parsePacket(): could not receive data: 9
[ 61002][E][WiFiUdp.cpp:221] parsePacket(): could not receive data: 9
[ 61008][E][WiFiUdp.cpp:221] parsePacket(): could not receive data: 9
[ 61014][E][WiFiUdp.cpp:221] parsePacket(): could not receive data: 9
[ 61020][E][WiFiUdp.cpp:221] parsePacket(): could not receive data: 9
[ 61026][E][WiFiUdp.cpp:221] parsePacket(): could not receive data: 9
[ 61032][E][WiFiUdp.cpp:221] parsePacket(): could not receive data: 9
[ 61038][E][WiFiUdp.cpp:221] parsePacket(): could not receive data: 9
[ 61044][E][WiFiUdp.cpp:221] parsePacket(): could not receive data: 9
[ 61050][E][WiFiUdp.cpp:221] parsePacket(): could not receive data: 9
[ 61056][E][WiFiUdp.cpp:221] parsePacket(): could not receive data: 9
[ 61062][E][WiFiUdp.cpp:221] parsePacket(): could not receive data: 9
[ 61068][E][WiFiUdp.cpp:221] parsePacket(): could not receive data: 9
[ 61074][E][WiFiUdp.cpp:221] parsePacket(): could not receive data: 9
[ 61080][E][WiFiUdp.cpp:221] parsePacket(): could not receive data: 9
[ 61086][E][WiFiUdp.cpp:221] parsePacket(): could not receive data: 9
[ 61092][E][WiFiUdp.cpp:221] parsePacket(): could not receive data: 9
[ 61098][E][WiFiUdp.cpp:221] parsePacket(): could not receive data: 9
[ 61104][E][WiFiUdp.cpp:221] parsePacket(): could not receive data: 9
[ 61110][E][WiFiUdp.cpp:221] parsePacket(): could not receive data: 9
[ 61116][E][WiFiUdp.cpp:221] parsePacket(): could not receive data: 9
[ 61122][E][WiFiUdp.cpp:221] parsePacket(): could not receive data: 9
[ 61127][E][WiFiUdp.cpp:221] parsePacket(): could not receive data: 9
[ 61132][E][WiFiUdp.cpp:221] parsePacket(): could not receive data: 9
[ 61137][E][WiFiUdp.cpp:221] parsePacket(): could not receive data: 9
[ 61142][E][WiFiUdp.cpp:221] parsePacket(): could not receive data: 9
[ 61147][E][WiFiUdp.cpp:221] parsePacket(): could not receive data: 9
[ 61152][E][WiFiUdp.cpp:221] parsePacket(): could not receive data: 9
[ 61157][E][WiFiUdp.cpp:221] parsePacket(): could not receive data: 9
[ 61162][E][WiFiUdp.cpp:221] parsePacket(): could not receive data: 9
[ 61167][E][WiFiUdp.cpp:221] parsePacket(): could not receive data: 9
[ 61172][E][WiFiUdp.cpp:221] parsePacket(): could not receive data: 9
[ 61177][E][WiFiUdp.cpp:221] parsePacket(): could not receive data: 9
[ 61182][E][WiFiUdp.cpp:221] parsePacket(): could not receive data: 9
[ 61187][E][WiFiUdp.cpp:221] parsePacket(): could not receive data: 9
[ 61192][E][WiFiUdp.cpp:221] parsePacket(): could not receive data: 9
[ 61197][E][WiFiUdp.cpp:221] parsePacket(): could not receive data: 9
[ 61202][E][WiFiUdp.cpp:221] parsePacket(): could not receive data: 9
[ 61207][E][WiFiUdp.cpp:221] parsePacket(): could not receive data: 9
[ 61212][E][WiFiUdp.cpp:221] parsePacket(): could not receive data: 9
[ 61217][E][WiFiUdp.cpp:221] parsePacket(): could not receive data: 9
[ 61222][E][WiFiUdp.cpp:221] parsePacket(): could not receive data: 9
[ 61227][E][WiFiUdp.cpp:221] parsePacket(): could not receive data: 9
[ 61232][E][WiFiUdp.cpp:221] parsePacket(): could not receive data: 9
[ 61237][E][WiFiUdp.cpp:221] parsePacket(): could not receive data: 9
[ 61242][E][WiFiUdp.cpp:221] parsePacket(): could not receive data: 9
[ 61247][E][WiFiUdp.cpp:221] parsePacket(): could not receive data: 9
[ 61252][E][WiFiUdp.cpp:221] parsePacket(): could not receive data: 9
[ 61257][E][WiFiUdp.cpp:221] parsePacket(): could not receive data: 9
[ 61262][E][WiFiUdp.cpp:221] parsePacket(): could not receive data: 9
[ 61268][E][WiFiUdp.cpp:221] parsePacket(): could not receive data: 9
[ 61274][E][WiFiUdp.cpp:221] parsePacket(): could not receive data: 9
[ 61280][E][WiFiUdp.cpp:221] parsePacket(): could not receive data: 9
[ 61286][E][WiFiUdp.cpp:221] parsePacket(): could not receive data: 9
[ 61292][E][WiFiUdp.cpp:221] parsePacket(): could not receive data: 9
[ 61298][E][WiFiUdp.cpp:221] parsePacket(): could not receive data: 9
[ 61304][E][WiFiUdp.cpp:221] parsePacket(): could not receive data: 9
[ 61310][E][WiFiUdp.cpp:221] parsePacket(): could not receive data: 9
[ 61316][E][WiFiUdp.cpp:221] parsePacket(): could not receive data: 9
[ 61322][E][WiFiUdp.cpp:221] parsePacket(): could not receive data: 9
[ 61328][E][WiFiUdp.cpp:221] parsePacket(): could not receive data: 9
[ 61334][E][WiFiUdp.cpp:221] parsePacket(): could not receive data: 9
[ 61340][E][WiFiUdp.cpp:221] parsePacket(): could not receive data: 9
[ 61346][E][WiFiUdp.cpp:221] parsePacket(): could not receive data: 9
[ 61352][E][WiFiUdp.cpp:221] parsePacket(): could not receive data: 9
[ 61358][E][WiFiUdp.cpp:221] parsePacket(): could not receive data: 9
[ 61364][E][WiFiUdp.cpp:221] parsePacket(): could not receive data: 9
[ 61370][E][WiFiUdp.cpp:221] parsePacket(): could not receive data: 9
[ 61376][E][WiFiUdp.cpp:221] parsePacket(): could not receive data: 9
[ 61382][E][WiFiUdp.cpp:221] parsePacket(): could not receive data: 9
[ 61387][E][WiFiUdp.cpp:221] parsePacket(): could not receive data: 9
[ 61393][E][WiFiUdp.cpp:221] parsePacket(): could not receive data: 9
[ 61399][E][WiFiUdp.cpp:221] parsePacket(): could not receive data: 9
[ 61405][E][WiFiUdp.cpp:221] parsePacket(): could not receive data: 9
[ 61411][E][WiFiUdp.cpp:221] parsePacket(): could not receive data: 9
[ 61417][E][WiFiUdp.cpp:221] parsePacket(): could not receive data: 9
[ 61423][E][WiFiUdp.cpp:221] parsePacket(): could not receive data: 9
[ 61429][E][WiFiUdp.cpp:221] parsePacket(): could not receive data: 9
[ 61435][E][WiFiUdp.cpp:221] parsePacket(): could not receive data: 9
[ 61441][E][WiFiUdp.cpp:221] parsePacket(): could not receive data: 9
[ 61447][E][WiFiUdp.cpp:221] parsePacket(): could not receive data: 9
[ 61453][E][WiFiUdp.cpp:221] parsePacket(): could not receive data: 9
[ 61459][E][WiFiUdp.cpp:221] parsePacket(): could not receive data: 9
[ 61465][E][WiFiUdp.cpp:221] parsePacket(): could not receive data: 9
[ 61471][E][WiFiUdp.cpp:221] parsePacket(): could not receive data: 9
[ 61477][E][WiFiUdp.cpp:221] parsePacket(): could not receive data: 9
[ 61483][E][WiFiUdp.cpp:221] parsePacket(): could not receive data: 9
[ 61489][E][WiFiUdp.cpp:221] parsePacket(): could not receive data: 9
[ 61495][E][WiFiUdp.cpp:221] parsePacket(): could not receive data: 9
[ 61501][E][WiFiUdp.cpp:221] parsePacket(): could not receive data: 9
[ 61507][E][WiFiUdp.cpp:221] parsePacket(): could not receive data: 9
[ 61513][E][WiFiUdp.cpp:221] parsePacket(): could not receive data: 9
[ 61519][E][WiFiUdp.cpp:221] parsePacket(): could not receive data: 9
[ 61525][E][WiFiUdp.cpp:221] parsePacket(): could not receive data: 9
[ 61531][E][WiFiUdp.cpp:221] parsePacket(): could not receive data: 9
[ 61537][E][WiFiUdp.cpp:221] parsePacket(): could not receive data: 9
[ 61543][E][WiFiUdp.cpp:221] parsePacket(): could not receive data: 9
[ 61549][E][WiFiUdp.cpp:221] parsePacket(): could not receive data: 9
[ 61555][E][WiFiUdp.cpp:221] parsePacket(): could not receive data: 9
[ 61561][E][WiFiUdp.cpp:221] parsePacket(): could not receive data: 9
[ 61567][E][WiFiUdp.cpp:221] parsePacket(): could not receive data: 9
[ 61573][E][WiFiUdp.cpp:221] parsePacket(): could not receive data: 9
[ 61579][E][WiFiUdp.cpp:221] parsePacket(): could not receive data: 9
[ 61585][E][WiFiUdp.cpp:221] parsePacket(): could not receive data: 9
[ 61591][E][WiFiUdp.cpp:221] parsePacket(): could not receive data: 9
[ 61597][E][WiFiUdp.cpp:221] parsePacket(): could not receive data: 9
[ 61603][E][WiFiUdp.cpp:221] parsePacket(): could not receive data: 9
[ 61609][E][WiFiUdp.cpp:221] parsePacket(): could not receive data: 9
[ 61615][E][WiFiUdp.cpp:221] parsePacket(): could not receive data: 9
[ 61621][E][WiFiUdp.cpp:221] parsePacket(): could not receive data: 9
[ 61627][E][WiFiUdp.cpp:221] parsePacket(): could not receive data: 9
[ 61633][E][WiFiUdp.cpp:221] parsePacket(): could not receive data: 9
[ 61639][E][WiFiUdp.cpp:221] parsePacket(): could not receive data: 9
[ 61645][E][WiFiUdp.cpp:221] parsePacket(): could not receive data: 9
[ 61651][E][WiFiUdp.cpp:221] parsePacket(): could not receive data: 9
[ 61657][E][WiFiUdp.cpp:221] parsePacket(): could not receive data: 9
[ 61663][E][WiFiUdp.cpp:221] parsePacket(): could not receive data: 9
[ 61669][E][WiFiUdp.cpp:221] parsePacket(): could not receive data: 9
[ 61675][E][WiFiUdp.cpp:221] parsePacket(): could not receive data: 9
[ 61681][E][WiFiUdp.cpp:221] parsePacket(): could not receive data: 9
[ 61687][E][WiFiUdp.cpp:221] parsePacket(): could not receive data: 9
[ 61693][E][WiFiUdp.cpp:221] parsePacket(): could not receive data: 9
[ 61699][E][WiFiUdp.cpp:221] parsePacket(): could not receive data: 9
[ 61705][E][WiFiUdp.cpp:221] parsePacket(): could not receive data: 9
[ 61711][E][WiFiUdp.cpp:221] parsePacket(): could not receive data: 9
[ 61717][E][WiFiUdp.cpp:221] parsePacket(): could not receive data: 9
[ 61723][E][WiFiUdp.cpp:221] parsePacket(): could not receive data: 9
[ 61729][E][WiFiUdp.cpp:221] parsePacket(): could not receive data: 9
[ 61735][E][WiFiUdp.cpp:221] parsePacket(): could not receive data: 9
[ 61741][E][WiFiUdp.cpp:221] parsePacket(): could not receive data: 9
[ 61747][E][WiFiUdp.cpp:221] parsePacket(): could not receive data: 9
[ 61753][E][WiFiUdp.cpp:221] parsePacket(): could not receive data: 9
[ 61759][E][WiFiUdp.cpp:221] parsePacket(): could not receive data: 9
[ 61765][E][WiFiUdp.cpp:221] parsePacket(): could not receive data: 9
[ 61771][E][WiFiUdp.cpp:221] parsePacket(): could not receive data: 9
[ 61777][E][WiFiUdp.cpp:221] parsePacket(): could not receive data: 9
[ 61783][E][WiFiUdp.cpp:221] parsePacket(): could not receive data: 9
[ 61789][E][WiFiUdp.cpp:221] parsePacket(): could not receive data: 9
[ 61795][E][WiFiUdp.cpp:221] parsePacket(): could not receive data: 9
[ 61801][E][WiFiUdp.cpp:221] parsePacket(): could not receive data: 9
[ 61807][E][WiFiUdp.cpp:221] parsePacket(): could not receive data: 9
[ 61813][E][WiFiUdp.cpp:221] parsePacket(): could not receive data: 9
[ 61819][E][WiFiUdp.cpp:221] parsePacket(): could not receive data: 9
[ 61825][E][WiFiUdp.cpp:221] parsePacket(): could not receive data: 9
[ 61831][E][WiFiUdp.cpp:221] parsePacket(): could not receive data: 9
[ 61837][E][WiFiUdp.cpp:221] parsePacket(): could not receive data: 9
[ 61843][E][WiFiUdp.cpp:221] parsePacket(): could not receive data: 9
[ 61849][E][WiFiUdp.cpp:221] parsePacket(): could not receive data: 9
[ 61855][E][WiFiUdp.cpp:221] parsePacket(): could not receive data: 9
[ 61861][E][WiFiUdp.cpp:221] parsePacket(): could not receive data: 9
[ 61867][E][WiFiUdp.cpp:221] parsePacket(): could not receive data: 9
[ 61873][E][WiFiUdp.cpp:221] parsePacket(): could not receive data: 9
[ 61879][E][WiFiUdp.cpp:221] parsePacket(): could not receive data: 9
[ 61885][E][WiFiUdp.cpp:221] parsePacket(): could not receive data: 9
[ 61891][E][WiFiUdp.cpp:221] parsePacket(): could not receive data: 9
[ 61897][E][WiFiUdp.cpp:221] parsePacket(): could not receive data: 9
[ 61903][E][WiFiUdp.cpp:221] parsePacket(): could not receive data: 9
[ 61909][E][WiFiUdp.cpp:221] parsePacket(): could not receive data: 9
[ 61915][E][WiFiUdp.cpp:221] parsePacket(): could not receive data: 9
[ 61921][E][WiFiUdp.cpp:221] parsePacket(): could not receive data: 9
[ 61927][E][WiFiUdp.cpp:221] parsePacket(): could not receive data: 9
[ 61933][E][WiFiUdp.cpp:221] parsePacket(): could not receive data: 9
[ 61939][E][WiFiUdp.cpp:221] parsePacket(): could not receive data: 9
[ 61945][E][WiFiUdp.cpp:221] parsePacket(): could not receive data: 9
[ 61951][E][WiFiUdp.cpp:221] parsePacket(): could not receive data: 9
[ 61957][E][WiFiUdp.cpp:221] parsePacket(): could not receive data: 9
[ 61963][E][WiFiUdp.cpp:221] parsePacket(): could not receive data: 9
[ 61969][E][WiFiUdp.cpp:221] parsePacket(): could not receive data: 9
[ 61975][E][WiFiUdp.cpp:221] parsePacket(): could not receive data: 9
[ 61981][E][WiFiUdp.cpp:221] parsePacket(): could not receive data: 9
[ 61987][E][WiFiUdp.cpp:221] parsePacket(): could not receive data: 9
[ 61993][E][WiFiUdp.cpp:221] parsePacket(): could not receive data: 9
[ 61999][E][WiFiUdp.cpp:221] parsePacket(): could not receive data: 9
[ 62005][E][WiFiUdp.cpp:221] parsePacket(): could not receive data: 9
[ 62011][E][WiFiUdp.cpp:221] parsePacket(): could not receive data: 9
[ 62017][E][WiFiUdp.cpp:221] parsePacket(): could not receive data: 9
[ 62023][E][WiFiUdp.cpp:221] parsePacket(): could not receive data: 9
[ 62029][E][WiFiUdp.cpp:221] parsePacket(): could not receive data: 9
[ 62035][E][WiFiUdp.cpp:221] parsePacket(): could not receive data: 9
[ 62041][E][WiFiUdp.cpp:221] parsePacket(): could not receive data: 9
[ 62047][E][WiFiUdp.cpp:221] parsePacket(): could not receive data: 9
[ 62053][E][WiFiUdp.cpp:221] parsePacket(): could not receive data: 9
[ 62059][E][WiFiUdp.cpp:221] parsePacket(): could not receive data: 9
[ 62065][E][WiFiUdp.cpp:221] parsePacket(): could not receive data: 9
[ 62071][E][WiFiUdp.cpp:221] parsePacket(): could not receive data: 9
[ 62077][E][WiFiUdp.cpp:221] parsePacket(): could not receive data: 9
[ 62083][E][WiFiUdp.cpp:221] parsePacket(): could not receive data: 9
[ 62089][E][WiFiUdp.cpp:221] parsePacket(): could not receive data: 9
[ 62095][E][WiFiUdp.cpp:221] parsePacket(): could not receive data: 9
[ 62101][E][WiFiUdp.cpp:221] parsePacket(): could not receive data: 9
[ 62107][E][WiFiUdp.cpp:221] parsePacket(): could not receive data: 9
[ 62113][E][WiFiUdp.cpp:221] parsePacket(): could not receive data: 9
[ 62119][E][WiFiUdp.cpp:221] parsePacket(): could not receive data: 9
[ 62125][E][WiFiUdp.cpp:221] parsePacket(): could not receive data: 9
[ 62131][E][WiFiUdp.cpp:221] parsePacket(): could not receive data: 9
[ 62137][E][WiFiUdp.cpp:221] parsePacket(): could not receive data: 9
[ 62143][E][WiFiUdp.cpp:221] parsePacket(): could not receive data: 9
[ 62149][E][WiFiUdp.cpp:221] parsePacket(): could not receive data: 9
[ 62155][E][WiFiUdp.cpp:221] parsePacket(): could not receive data: 9
[ 62161][E][WiFiUdp.cpp:221] parsePacket(): could not receive data: 9
[ 62167][E][WiFiUdp.cpp:221] parsePacket(): could not receive data: 9
[ 62173][E][WiFiUdp.cpp:221] parsePacket(): could not receive data: 9
[ 62179][E][WiFiUdp.cpp:221] parsePacket(): could not receive data: 9
[ 62185][E][WiFiUdp.cpp:221] parsePacket(): could not receive data: 9
[ 62191][E][WiFiUdp.cpp:221] parsePacket(): could not receive data: 9
[ 62197][E][WiFiUdp.cpp:221] parsePacket(): could not receive data: 9
[ 62203][E][WiFiUdp.cpp:221] parsePacket(): could not receive data: 9
[ 62209][E][WiFiUdp.cpp:221] parsePacket(): could not receive data: 9
[ 62215][E][WiFiUdp.cpp:221] parsePacket(): could not receive data: 9
[ 62221][E][WiFiUdp.cpp:221] parsePacket(): could not receive data: 9
[ 62227][E][WiFiUdp.cpp:221] parsePacket(): could not receive data: 9
[ 62233][E][WiFiUdp.cpp:221] parsePacket(): could not receive data: 9
[ 62239][E][WiFiUdp.cpp:221] parsePacket(): could not receive data: 9
[ 62245][E][WiFiUdp.cpp:221] parsePacket(): could not receive data: 9
[ 62251][E][WiFiUdp.cpp:221] parsePacket(): could not receive data: 9
[ 62257][E][WiFiUdp.cpp:221] parsePacket(): could not receive data: 9
[ 62263][E][WiFiUdp.cpp:221] parsePacket(): could not receive data: 9
[ 62269][E][WiFiUdp.cpp:221] parsePacket(): could not receive data: 9
[ 62275][E][WiFiUdp.cpp:221] parsePacket(): could not receive data: 9
[ 62281][E][WiFiUdp.cpp:221] parsePacket(): could not receive data: 9
[ 62287][E][WiFiUdp.cpp:221] parsePacket(): could not receive data: 9
[ 62293][E][WiFiUdp.cpp:221] parsePacket(): could not receive data: 9
[ 62299][E][WiFiUdp.cpp:221] parsePacket(): could not receive data: 9
[ 62305][E][WiFiUdp.cpp:221] parsePacket(): could not receive data: 9
[ 62311][E][WiFiUdp.cpp:221] parsePacket(): could not receive data: 9
[ 62317][E][WiFiUdp.cpp:221] parsePacket(): could not receive data: 9
[ 62323][E][WiFiUdp.cpp:221] parsePacket(): could not receive data: 9
[ 62329][E][WiFiUdp.cpp:221] parsePacket(): could not receive data: 9
[ 62335][E][WiFiUdp.cpp:221] parsePacket(): could not receive data: 9
[ 62340][E][WiFiUdp.cpp:221] parsePacket(): could not receive data: 9
[ 62346][E][WiFiUdp.cpp:221] parsePacket(): could not receive data: 9
[ 62352][E][WiFiUdp.cpp:221] parsePacket(): could not receive data: 9
[ 62358][E][WiFiUdp.cpp:221] parsePacket(): could not receive data: 9
[ 62364][E][WiFiUdp.cpp:221] parsePacket(): could not receive data: 9
[ 62370][E][WiFiUdp.cpp:221] parsePacket(): could not receive data: 9
[ 62376][E][WiFiUdp.cpp:221] parsePacket(): could not receive data: 9
[ 62382][E][WiFiUdp.cpp:221] parsePacket(): could not receive data: 9
[ 62388][E][WiFiUdp.cpp:221] parsePacket(): could not receive data: 9
[ 62394][E][WiFiUdp.cpp:221] parsePacket(): could not receive data: 9
[ 62400][E][WiFiUdp.cpp:221] parsePacket(): could not receive data: 9
[ 62406][E][WiFiUdp.cpp:221] parsePacket(): could not receive data: 9
[ 62412][E][WiFiUdp.cpp:221] parsePacket(): could not receive data: 9
[ 62418][E][WiFiUdp.cpp:221] parsePacket(): could not receive data: 9
[ 62424][E][WiFiUdp.cpp:221] parsePacket(): could not receive data: 9
[ 62430][E][WiFiUdp.cpp:221] parsePacket(): could not receive data: 9
[ 62435][E][WiFiUdp.cpp:221] parsePacket(): could not receive data: 9
[ 62440][E][WiFiUdp.cpp:221] parsePacket(): could not receive data: 9
[ 62446][E][WiFiUdp.cpp:221] parsePacket(): could not receive data: 9
[ 62451][E][WiFiUdp.cpp:221] parsePacket(): could not receive data: 9
[ 62456][E][WiFiUdp.cpp:221] parsePacket(): could not receive data: 9
[ 62462][E][WiFiUdp.cpp:221] parsePacket(): could not receive data: 9
[ 62468][E][WiFiUdp.cpp:221] parsePacket(): could not receive data: 9
[ 62474][E][WiFiUdp.cpp:221] parsePacket(): could not receive data: 9
[ 62480][E][WiFiUdp.cpp:221] parsePacket(): could not receive data: 9
[ 62486][E][WiFiUdp.cpp:221] parsePacket(): could not receive data: 9
[ 62492][E][WiFiUdp.cpp:221] parsePacket(): could not receive data: 9
[ 62498][E][WiFiUdp.cpp:221] parsePacket(): could not receive data: 9
[ 62504][E][WiFiUdp.cpp:221] parsePacket(): could not receive data: 9
[ 62510][E][WiFiUdp.cpp:221] parsePacket(): could not receive data: 9
[ 62516][E][WiFiUdp.cpp:221] parsePacket(): could not receive data: 9
[ 62522][E][WiFiUdp.cpp:221] parsePacket(): could not receive data: 9
[ 62528][E][WiFiUdp.cpp:221] parsePacket(): could not receive data: 9
[ 62534][E][WiFiUdp.cpp:221] parsePacket(): could not receive data: 9
[ 62540][E][WiFiUdp.cpp:221] parsePacket(): could not receive data: 9
[ 62546][E][WiFiUdp.cpp:221] parsePacket(): could not receive data: 9
[ 62552][E][WiFiUdp.cpp:221] parsePacket(): could not receive data: 9
[ 62558][E][WiFiUdp.cpp:221] parsePacket(): could not receive data: 9
[ 62564][E][WiFiUdp.cpp:221] parsePacket(): could not receive data: 9
[ 62570][E][WiFiUdp.cpp:221] parsePacket(): could not receive data: 9
[ 62576][E][WiFiUdp.cpp:221] parsePacket(): could not receive data: 9
[ 62582][E][WiFiUdp.cpp:221] parsePacket(): could not receive data: 9
[ 62588][E][WiFiUdp.cpp:221] parsePacket(): could not receive data: 9
[ 62594][E][WiFiUdp.cpp:221] parsePacket(): could not receive data: 9
[ 62600][E][WiFiUdp.cpp:221] parsePacket(): could not receive data: 9
[ 62606][E][WiFiUdp.cpp:221] parsePacket(): could not receive data: 9
[ 62612][E][WiFiUdp.cpp:221] parsePacket(): could not receive data: 9
[ 62618][E][WiFiUdp.cpp:221] parsePacket(): could not receive data: 9
[ 62624][E][WiFiUdp.cpp:221] parsePacket(): could not receive data: 9
[ 62630][E][WiFiUdp.cpp:221] parsePacket(): could not receive data: 9
[ 62636][E][WiFiUdp.cpp:221] parsePacket(): could not receive data: 9
[ 62642][E][WiFiUdp.cpp:221] parsePacket(): could not receive data: 9
[ 62648][E][WiFiUdp.cpp:221] parsePacket(): could not receive data: 9
[ 62654][E][WiFiUdp.cpp:221] parsePacket(): could not receive data: 9
[ 62660][E][WiFiUdp.cpp:221] parsePacket(): could not receive data: 9
[ 62666][E][WiFiUdp.cpp:221] parsePacket(): could not receive data: 9
[ 62672][E][WiFiUdp.cpp:221] parsePacket(): could not receive data: 9
[ 62678][E][WiFiUdp.cpp:221] parsePacket(): could not receive data: 9
[ 62684][E][WiFiUdp.cpp:221] parsePacket(): could not receive data: 9
[ 62690][E][WiFiUdp.cpp:221] parsePacket(): could not receive data: 9
[ 62696][E][WiFiUdp.cpp:221] parsePacket(): could not receive data: 9
[ 62702][E][WiFiUdp.cpp:221] parsePacket(): could not receive data: 9
[ 62708][E][WiFiUdp.cpp:221] parsePacket(): could not receive data: 9
[ 62714][E][WiFiUdp.cpp:221] parsePacket(): could not receive data: 9
[ 62720][E][WiFiUdp.cpp:221] parsePacket(): could not receive data: 9
[ 62726][E][WiFiUdp.cpp:221] parsePacket(): could not receive data: 9
[ 62732][E][WiFiUdp.cpp:221] parsePacket(): could not receive data: 9
[ 62738][E][WiFiUdp.cpp:221] parsePacket(): could not receive data: 9
[ 62744][E][WiFiUdp.cpp:221] parsePacket(): could not receive data: 9
[ 62750][E][WiFiUdp.cpp:221] parsePacket(): could not receive data: 9
[ 62756][E][WiFiUdp.cpp:221] parsePacket(): could not receive data: 9
[ 62762][E][WiFiUdp.cpp:221] parsePacket(): could not receive data: 9
[ 62768][E][WiFiUdp.cpp:221] parsePacket(): could not receive data: 9
[ 62774][E][WiFiUdp.cpp:221] parsePacket(): could not receive data: 9
[ 62780][E][WiFiUdp.cpp:221] parsePacket(): could not receive data: 9
[ 62786][E][WiFiUdp.cpp:221] parsePacket(): could not receive data: 9
[ 62792][E][WiFiUdp.cpp:221] parsePacket(): could not receive data: 9
[ 62798][E][WiFiUdp.cpp:221] parsePacket(): could not receive data: 9
[ 62804][E][WiFiUdp.cpp:221] parsePacket(): could not receive data: 9
[ 62810][E][WiFiUdp.cpp:221] parsePacket(): could not receive data: 9
[ 62816][E][WiFiUdp.cpp:221] parsePacket(): could not receive data: 9
[ 62822][E][WiFiUdp.cpp:221] parsePacket(): could not receive data: 9
[ 62828][E][WiFiUdp.cpp:221] parsePacket(): could not receive data: 9
[ 62834][E][WiFiUdp.cpp:221] parsePacket(): could not receive data: 9
[ 62840][E][WiFiUdp.cpp:221] parsePacket(): could not receive data: 9
[ 62846][E][WiFiUdp.cpp:221] parsePacket(): could not receive data: 9
[ 62852][E][WiFiUdp.cpp:221] parsePacket(): could not receive data: 9
[ 62858][E][WiFiUdp.cpp:221] parsePacket(): could not receive data: 9
[ 62864][E][WiFiUdp.cpp:221] parsePacket(): could not receive data: 9
[ 62870][E][WiFiUdp.cpp:221] parsePacket(): could not receive data: 9
[ 62876][E][WiFiUdp.cpp:221] parsePacket(): could not receive data: 9
[ 62882][E][WiFiUdp.cpp:221] parsePacket(): could not receive data: 9
[ 62888][E][WiFiUdp.cpp:221] parsePacket(): could not receive data: 9
[ 62894][E][WiFiUdp.cpp:221] parsePacket(): could not receive data: 9
[ 62900][E][WiFiUdp.cpp:221] parsePacket(): could not receive data: 9
[ 62906][E][WiFiUdp.cpp:221] parsePacket(): could not receive data: 9
[ 62912][E][WiFiUdp.cpp:221] parsePacket(): could not receive data: 9
[ 62918][E][WiFiUdp.cpp:221] parsePacket(): could not receive data: 9
[ 62924][E][WiFiUdp.cpp:221] parsePacket(): could not receive data: 9
[ 62930][E][WiFiUdp.cpp:221] parsePacket(): could not receive data: 9
[ 62936][E][WiFiUdp.cpp:221] parsePacket(): could not receive data: 9
[ 62942][E][WiFiUdp.cpp:221] parsePacket(): could not receive data: 9
[ 62948][E][WiFiUdp.cpp:221] parsePacket(): could not receive data: 9
[ 62954][E][WiFiUdp.cpp:221] parsePacket(): could not receive data: 9
[ 62960][E][WiFiUdp.cpp:221] parsePacket(): could not receive data: 9
[ 62966][E][WiFiUdp.cpp:221] parsePacket(): could not receive data: 9
[ 62972][E][WiFiUdp.cpp:221] parsePacket(): could not receive data: 9
[ 62978][E][WiFiUdp.cpp:221] parsePacket(): could not receive data: 9
[ 62984][E][WiFiUdp.cpp:221] parsePacket(): could not receive data: 9
[ 62990][E][WiFiUdp.cpp:221] parsePacket(): could not receive data: 9
[ 62996][E][WiFiUdp.cpp:221] parsePacket(): could not receive data: 9
[ 63002][E][WiFiUdp.cpp:221] parsePacket(): could not receive data: 9
[ 63008][E][WiFiUdp.cpp:221] parsePacket(): could not receive data: 9
[ 63014][E][WiFiUdp.cpp:221] parsePacket(): could not receive data: 9
[ 63020][E][WiFiUdp.cpp:221] parsePacket(): could not receive data: 9
[ 63026][E][WiFiUdp.cpp:221] parsePacket(): could not receive data: 9
[ 63032][E][WiFiUdp.cpp:221] parsePacket(): could not receive data: 9
[ 63038][E][WiFiUdp.cpp:221] parsePacket(): could not receive data: 9
[ 63044][E][WiFiUdp.cpp:221] parsePacket(): could not receive data: 9
[ 63050][E][WiFiUdp.cpp:221] parsePacket(): could not receive data: 9
[ 63056][E][WiFiUdp.cpp:221] parsePacket(): could not receive data: 9
[ 63062][E][WiFiUdp.cpp:221] parsePacket(): could not receive data: 9
[ 63068][E][WiFiUdp.cpp:221] parsePacket(): could not receive data: 9
[ 63074][E][WiFiUdp.cpp:221] parsePacket(): could not receive data: 9
[ 63080][E][WiFiUdp.cpp:221] parsePacket(): could not receive data: 9
[ 63086][E][WiFiUdp.cpp:221] parsePacket(): could not receive data: 9
[ 63092][E][WiFiUdp.cpp:221] parsePacket(): could not receive data: 9
[ 63098][E][WiFiUdp.cpp:221] parsePacket(): could not receive data: 9
[ 63104][E][WiFiUdp.cpp:221] parsePacket(): could not receive data: 9
[ 63110][E][WiFiUdp.cpp:221] parsePacket(): could not receive data: 9
[ 63116][E][WiFiUdp.cpp:221] parsePacket(): could not receive data: 9
[ 63122][E][WiFiUdp.cpp:221] parsePacket(): could not receive data: 9
[ 63128][E][WiFiUdp.cpp:221] parsePacket(): could not receive data: 9
[ 63134][E][WiFiUdp.cpp:221] parsePacket(): could not receive data: 9
[ 63140][E][WiFiUdp.cpp:221] parsePacket(): could not receive data: 9
[ 63146][E][WiFiUdp.cpp:221] parsePacket(): could not receive data: 9
[ 63152][E][WiFiUdp.cpp:221] parsePacket(): could not receive data: 9
[ 63158][E][WiFiUdp.cpp:221] parsePacket(): could not receive data: 9
[ 63164][E][WiFiUdp.cpp:221] parsePacket(): could not receive data: 9
[ 63170][E][WiFiUdp.cpp:221] parsePacket(): could not receive data: 9
[ 63176][E][WiFiUdp.cpp:221] parsePacket(): could not receive data: 9
[ 63182][E][WiFiUdp.cpp:221] parsePacket(): could not receive data: 9
[ 63188][E][WiFiUdp.cpp:221] parsePacket(): could not receive data: 9
[ 63194][E][WiFiUdp.cpp:221] parsePacket(): could not receive data: 9
[ 63200][E][WiFiUdp.cpp:221] parsePacket(): could not receive data: 9
[ 63206][E][WiFiUdp.cpp:221] parsePacket(): could not receive data: 9
[ 63212][E][WiFiUdp.cpp:221] parsePacket(): could not receive data: 9
[ 63218][E][WiFiUdp.cpp:221] parsePacket(): could not receive data: 9
[ 63224][E][WiFiUdp.cpp:221] parsePacket(): could not receive data: 9
[ 63230][E][WiFiUdp.cpp:221] parsePacket(): could not receive data: 9
[ 63236][E][WiFiUdp.cpp:221] parsePacket(): could not receive data: 9
[ 63242][E][WiFiUdp.cpp:221] parsePacket(): could not receive data: 9
[ 63248][E][WiFiUdp.cpp:221] parsePacket(): could not receive data: 9
[ 63254][E][WiFiUdp.cpp:221] parsePacket(): could not receive data: 9
[ 63260][E][WiFiUdp.cpp:221] parsePacket(): could not receive data: 9
[ 63266][E][WiFiUdp.cpp:221] parsePacket(): could not receive data: 9
[ 63272][E][WiFiUdp.cpp:221] parsePacket(): could not receive data: 9
[ 63278][E][WiFiUdp.cpp:221] parsePacket(): could not receive data: 9
[ 63284][E][WiFiUdp.cpp:221] parsePacket(): could not receive data: 9
[ 63290][E][WiFiUdp.cpp:221] parsePacket(): could not receive data: 9
[ 63296][E][WiFiUdp.cpp:221] parsePacket(): could not receive data: 9
[ 63302][E][WiFiUdp.cpp:221] parsePacket(): could not receive data: 9
[ 63308][E][WiFiUdp.cpp:221] parsePacket(): could not receive data: 9
[ 63314][E][WiFiUdp.cpp:221] parsePacket(): could not receive data: 9
[ 63320][E][WiFiUdp.cpp:221] parsePacket(): could not receive data: 9
[ 63326][E][WiFiUdp.cpp:221] parsePacket(): could not receive data: 9
[ 63331][E][WiFiUdp.cpp:221] parsePacket(): could not receive data: 9
[ 63337][E][WiFiUdp.cpp:221] parsePacket(): could not receive data: 9
[ 63343][E][WiFiUdp.cpp:221] parsePacket(): could not receive data: 9
[ 63349][E][WiFiUdp.cpp:221] parsePacket(): could not receive data: 9
[ 63355][E][WiFiUdp.cpp:221] parsePacket(): could not receive data: 9
[ 63361][E][WiFiUdp.cpp:221] parsePacket(): could not receive data: 9
[ 63367][E][WiFiUdp.cpp:221] parsePacket(): could not receive data: 9
[ 63373][E][WiFiUdp.cpp:221] parsePacket(): could not receive data: 9
[ 63379][E][WiFiUdp.cpp:221] parsePacket(): could not receive data: 9
[ 63385][E][WiFiUdp.cpp:221] parsePacket(): could not receive data: 9
[ 63391][E][WiFiUdp.cpp:221] parsePacket(): could not receive data: 9
[ 63397][E][WiFiUdp.cpp:221] parsePacket(): could not receive data: 9
[ 63403][E][WiFiUdp.cpp:221] parsePacket(): could not receive data: 9
[ 63409][E][WiFiUdp.cpp:221] parsePacket(): could not receive data: 9
[ 63415][E][WiFiUdp.cpp:221] parsePacket(): could not receive data: 9
[ 63421][E][WiFiUdp.cpp:221] parsePacket(): could not receive data: 9
[ 63427][E][WiFiUdp.cpp:221] parsePacket(): could not receive data: 9
[ 63433][E][WiFiUdp.cpp:221] parsePacket(): could not receive data: 9
[ 63439][E][WiFiUdp.cpp:221] parsePacket(): could not receive data: 9
[ 63445][E][WiFiUdp.cpp:221] parsePacket(): could not receive data: 9
[ 63451][E][WiFiUdp.cpp:221] parsePacket(): could not receive data: 9
[ 63457][E][WiFiUdp.cpp:221] parsePacket(): could not receive data: 9
[ 63463][E][WiFiUdp.cpp:221] parsePacket(): could not receive data: 9
[ 63469][E][WiFiUdp.cpp:221] parsePacket(): could not receive data: 9
[ 63475][E][WiFiUdp.cpp:221] parsePacket(): could not receive data: 9
[ 63481][E][WiFiUdp.cpp:221] parsePacket(): could not receive data: 9
[ 63487][E][WiFiUdp.cpp:221] parsePacket(): could not receive data: 9
[ 63493][E][WiFiUdp.cpp:221] parsePacket(): could not receive data: 9
[ 63499][E][WiFiUdp.cpp:221] parsePacket(): could not receive data: 9
[ 63505][E][WiFiUdp.cpp:221] parsePacket(): could not receive data: 9
[ 63511][E][WiFiUdp.cpp:221] parsePacket(): could not receive data: 9
[ 63517][E][WiFiUdp.cpp:221] parsePacket(): could not receive data: 9
[ 63523][E][WiFiUdp.cpp:221] parsePacket(): could not receive data: 9
[ 63529][E][WiFiUdp.cpp:221] parsePacket(): could not receive data: 9
[ 63535][E][WiFiUdp.cpp:221] parsePacket(): could not receive data: 9
[ 63541][E][WiFiUdp.cpp:221] parsePacket(): could not receive data: 9
[ 63547][E][WiFiUdp.cpp:221] parsePacket(): could not receive data: 9
[ 63553][E][WiFiUdp.cpp:221] parsePacket(): could not receive data: 9
[ 63559][E][WiFiUdp.cpp:221] parsePacket(): could not receive data: 9
[ 63565][E][WiFiUdp.cpp:221] parsePacket(): could not receive data: 9
[ 63571][E][WiFiUdp.cpp:221] parsePacket(): could not receive data: 9
[ 63577][E][WiFiUdp.cpp:221] parsePacket(): could not receive data: 9
[ 63582][E][WiFiUdp.cpp:221] parsePacket(): could not receive data: 9
[ 63587][E][WiFiUdp.cpp:221] parsePacket(): could not receive data: 9
[ 63593][E][WiFiUdp.cpp:221] parsePacket(): could not receive data: 9
[ 63599][E][WiFiUdp.cpp:221] parsePacket(): could not receive data: 9
[ 63605][E][WiFiUdp.cpp:221] parsePacket(): could not receive data: 9
[ 63611][E][WiFiUdp.cpp:221] parsePacket(): could not receive data: 9
[ 63617][E][WiFiUdp.cpp:221] parsePacket(): could not receive data: 9
[ 63623][E][WiFiUdp.cpp:221] parsePacket(): could not receive data: 9
[ 63629][E][WiFiUdp.cpp:221] parsePacket(): could not receive data: 9
[ 63635][E][WiFiUdp.cpp:221] parsePacket(): could not receive data: 9
[ 63641][E][WiFiUdp.cpp:221] parsePacket(): could not receive data: 9
[ 63647][E][WiFiUdp.cpp:221] parsePacket(): could not receive data: 9
[ 63653][E][WiFiUdp.cpp:221] parsePacket(): could not receive data: 9
[ 63659][E][WiFiUdp.cpp:221] parsePacket(): could not receive data: 9
[ 63665][E][WiFiUdp.cpp:221] parsePacket(): could not receive data: 9
[ 63671][E][WiFiUdp.cpp:221] parsePacket(): could not receive data: 9
[ 63677][E][WiFiUdp.cpp:221] parsePacket(): could not receive data: 9
[ 63683][E][WiFiUdp.cpp:221] parsePacket(): could not receive data: 9
[ 63689][E][WiFiUdp.cpp:221] parsePacket(): could not receive data: 9
[ 63695][E][WiFiUdp.cpp:221] parsePacket(): could not receive data: 9
[ 63701][E][WiFiUdp.cpp:221] parsePacket(): could not receive data: 9
[ 63707][E][WiFiUdp.cpp:221] parsePacket(): could not receive data: 9
[ 63713][E][WiFiUdp.cpp:221] parsePacket(): could not receive data: 9
[ 63719][E][WiFiUdp.cpp:221] parsePacket(): could not receive data: 9
[ 63725][E][WiFiUdp.cpp:221] parsePacket(): could not receive data: 9
[ 63731][E][WiFiUdp.cpp:221] parsePacket(): could not receive data: 9
[ 63737][E][WiFiUdp.cpp:221] parsePacket(): could not receive data: 9
[ 63743][E][WiFiUdp.cpp:221] parsePacket(): could not receive data: 9
[ 63749][E][WiFiUdp.cpp:221] parsePacket(): could not receive data: 9
[ 63755][E][WiFiUdp.cpp:221] parsePacket(): could not receive data: 9
[ 63761][E][WiFiUdp.cpp:221] parsePacket(): could not receive data: 9
[ 63767][E][WiFiUdp.cpp:221] parsePacket(): could not receive data: 9
[ 63773][E][WiFiUdp.cpp:221] parsePacket(): could not receive data: 9
[ 63779][E][WiFiUdp.cpp:221] parsePacket(): could not receive data: 9
[ 63785][E][WiFiUdp.cpp:221] parsePacket(): could not receive data: 9
[ 63791][E][WiFiUdp.cpp:221] parsePacket(): could not receive data: 9
[ 63797][E][WiFiUdp.cpp:221] parsePacket(): could not receive data: 9
[ 63803][E][WiFiUdp.cpp:221] parsePacket(): could not receive data: 9
[ 63809][E][WiFiUdp.cpp:221] parsePacket(): could not receive data: 9
[ 63815][E][WiFiUdp.cpp:221] parsePacket(): could not receive data: 9
[ 63821][E][WiFiUdp.cpp:221] parsePacket(): could not receive data: 9
[ 63827][E][WiFiUdp.cpp:221] parsePacket(): could not receive data: 9
[ 63833][E][WiFiUdp.cpp:221] parsePacket(): could not receive data: 9
[ 63839][E][WiFiUdp.cpp:221] parsePacket(): could not receive data: 9
[ 63845][E][WiFiUdp.cpp:221] parsePacket(): could not receive data: 9
[ 63851][E][WiFiUdp.cpp:221] parsePacket(): could not receive data: 9
[ 63857][E][WiFiUdp.cpp:221] parsePacket(): could not receive data: 9
[ 63863][E][WiFiUdp.cpp:221] parsePacket(): could not receive data: 9
[ 63869][E][WiFiUdp.cpp:221] parsePacket(): could not receive data: 9
[ 63875][E][WiFiUdp.cpp:221] parsePacket(): could not receive data: 9
[ 63881][E][WiFiUdp.cpp:221] parsePacket(): could not receive data: 9
[ 63887][E][WiFiUdp.cpp:221] parsePacket(): could not receive data: 9
[ 63893][E][WiFiUdp.cpp:221] parsePacket(): could not receive data: 9
[ 63899][E][WiFiUdp.cpp:221] parsePacket(): could not receive data: 9
[ 63905][E][WiFiUdp.cpp:221] parsePacket(): could not receive data: 9
[ 63911][E][WiFiUdp.cpp:221] parsePacket(): could not receive data: 9
[ 63917][E][WiFiUdp.cpp:221] parsePacket(): could not receive data: 9
[ 63923][E][WiFiUdp.cpp:221] parsePacket(): could not receive data: 9
[ 63929][E][WiFiUdp.cpp:221] parsePacket(): could not receive data: 9
[ 63935][E][WiFiUdp.cpp:221] parsePacket(): could not receive data: 9
[ 63941][E][WiFiUdp.cpp:221] parsePacket(): could not receive data: 9
[ 63947][E][WiFiUdp.cpp:221] parsePacket(): could not receive data: 9
[ 63953][E][WiFiUdp.cpp:221] parsePacket(): could not receive data: 9
[ 63959][E][WiFiUdp.cpp:221] parsePacket(): could not receive data: 9
[ 63965][E][WiFiUdp.cpp:221] parsePacket(): could not receive data: 9
[ 63970][E][WiFiUdp.cpp:221] parsePacket(): could not receive data: 9
[ 63976][E][WiFiUdp.cpp:221] parsePacket(): could not receive data: 9
[ 63982][E][WiFiUdp.cpp:221] parsePacket(): could not receive data: 9
[ 63988][E][WiFiUdp.cpp:221] parsePacket(): could not receive data: 9
[ 63994][E][WiFiUdp.cpp:221] parsePacket(): could not receive data: 9
[ 64000][E][WiFiUdp.cpp:221] parsePacket(): could not receive data: 9
[ 64006][E][WiFiUdp.cpp:221] parsePacket(): could not receive data: 9
[ 64012][E][WiFiUdp.cpp:221] parsePacket(): could not receive data: 9
[ 64018][E][WiFiUdp.cpp:221] parsePacket(): could not receive data: 9
[ 64024][E][WiFiUdp.cpp:221] parsePacket(): could not receive data: 9
[ 64030][E][WiFiUdp.cpp:221] parsePacket(): could not receive data: 9
[ 64036][E][WiFiUdp.cpp:221] parsePacket(): could not receive data: 9
[ 64042][E][WiFiUdp.cpp:221] parsePacket(): could not receive data: 9
[ 64048][E][WiFiUdp.cpp:221] parsePacket(): could not receive data: 9
[ 64054][E][WiFiUdp.cpp:221] parsePacket(): could not receive data: 9
[ 64060][E][WiFiUdp.cpp:221] parsePacket(): could not receive data: 9
[ 64066][E][WiFiUdp.cpp:221] parsePacket(): could not receive data: 9
[ 64072][E][WiFiUdp.cpp:221] parsePacket(): could not receive data: 9
[ 64078][E][WiFiUdp.cpp:221] parsePacket(): could not receive data: 9
[ 64084][E][WiFiUdp.cpp:221] parsePacket(): could not receive data: 9
[ 64090][E][WiFiUdp.cpp:221] parsePacket(): could not receive data: 9
[ 64096][E][WiFiUdp.cpp:221] parsePacket(): could not receive data: 9
[ 64102][E][WiFiUdp.cpp:221] parsePacket(): could not receive data: 9
[ 64107][E][WiFiUdp.cpp:221] parsePacket(): could not receive data: 9
[ 64112][E][WiFiUdp.cpp:221] parsePacket(): could not receive data: 9
[ 64117][E][WiFiUdp.cpp:221] parsePacket(): could not receive data: 9
[ 64123][E][WiFiUdp.cpp:221] parsePacket(): could not receive data: 9
[ 64129][E][WiFiUdp.cpp:221] parsePacket(): could not receive data: 9
[ 64135][E][WiFiUdp.cpp:221] parsePacket(): could not receive data: 9
[ 64141][E][WiFiUdp.cpp:221] parsePacket(): could not receive data: 9
[ 64147][E][WiFiUdp.cpp:221] parsePacket(): could not receive data: 9
[ 64153][E][WiFiUdp.cpp:221] parsePacket(): could not receive data: 9
[ 64159][E][WiFiUdp.cpp:221] parsePacket(): could not receive data: 9
[ 64165][E][WiFiUdp.cpp:221] parsePacket(): could not receive data: 9
[ 64171][E][WiFiUdp.cpp:221] parsePacket(): could not receive data: 9
[ 64176][E][WiFiUdp.cpp:221] parsePacket(): could not receive data: 9
[ 64181][E][WiFiUdp.cpp:221] parsePacket(): could not receive data: 9
[ 64187][E][WiFiUdp.cpp:221] parsePacket(): could not receive data: 9
[ 64193][E][WiFiUdp.cpp:221] parsePacket(): could not receive data: 9
[ 64199][E][WiFiUdp.cpp:221] parsePacket(): could not receive data: 9
[ 64205][E][WiFiUdp.cpp:221] parsePacket(): could not receive data: 9
[ 64211][E][WiFiUdp.cpp:221] parsePacket(): could not receive data: 9
[ 64217][E][WiFiUdp.cpp:221] parsePacket(): could not receive data: 9
[ 64223][E][WiFiUdp.cpp:221] parsePacket(): could not receive data: 9
[ 64229][E][WiFiUdp.cpp:221] parsePacket(): could not receive data: 9
[ 64235][E][WiFiUdp.cpp:221] parsePacket(): could not receive data: 9
[ 64241][E][WiFiUdp.cpp:221] parsePacket(): could not receive data: 9
[ 64247][E][WiFiUdp.cpp:221] parsePacket(): could not receive data: 9
[ 64253][E][WiFiUdp.cpp:221] parsePacket(): could not receive data: 9
[ 64259][E][WiFiUdp.cpp:221] parsePacket(): could not receive data: 9
[ 64265][E][WiFiUdp.cpp:221] parsePacket(): could not receive data: 9
[ 64271][E][WiFiUdp.cpp:221] parsePacket(): could not receive data: 9
[ 64277][E][WiFiUdp.cpp:221] parsePacket(): could not receive data: 9
[ 64283][E][WiFiUdp.cpp:221] parsePacket(): could not receive data: 9
[ 64289][E][WiFiUdp.cpp:221] parsePacket(): could not receive data: 9
[ 64295][E][WiFiUdp.cpp:221] parsePacket(): could not receive data: 9
[ 64301][E][WiFiUdp.cpp:221] parsePacket(): could not receive data: 9
[ 64307][E][WiFiUdp.cpp:221] parsePacket(): could not receive data: 9
[ 64313][E][WiFiUdp.cpp:221] parsePacket(): could not receive data: 9
[ 64319][E][WiFiUdp.cpp:221] parsePacket(): could not receive data: 9
[ 64325][E][WiFiUdp.cpp:221] parsePacket(): could not receive data: 9
[ 64331][E][WiFiUdp.cpp:221] parsePacket(): could not receive data: 9
[ 64337][E][WiFiUdp.cpp:221] parsePacket(): could not receive data: 9
[ 64343][E][WiFiUdp.cpp:221] parsePacket(): could not receive data: 9
[ 64349][E][WiFiUdp.cpp:221] parsePacket(): could not receive data: 9
[ 64355][E][WiFiUdp.cpp:221] parsePacket(): could not receive data: 9
[ 64361][E][WiFiUdp.cpp:221] parsePacket(): could not receive data: 9
[ 64367][E][WiFiUdp.cpp:221] parsePacket(): could not receive data: 9
[ 64373][E][WiFiUdp.cpp:221] parsePacket(): could not receive data: 9
[ 64379][E][WiFiUdp.cpp:221] parsePacket(): could not receive data: 9
[ 64385][E][WiFiUdp.cpp:221] parsePacket(): could not receive data: 9
[ 64391][E][WiFiUdp.cpp:221] parsePacket(): could not receive data: 9
[ 64397][E][WiFiUdp.cpp:221] parsePacket(): could not receive data: 9
[ 64403][E][WiFiUdp.cpp:221] parsePacket(): could not receive data: 9
[ 64409][E][WiFiUdp.cpp:221] parsePacket(): could not receive data: 9
[ 64415][E][WiFiUdp.cpp:221] parsePacket(): could not receive data: 9
[ 64421][E][WiFiUdp.cpp:221] parsePacket(): could not receive data: 9
[ 64427][E][WiFiUdp.cpp:221] parsePacket(): could not receive data: 9
[ 64433][E][WiFiUdp.cpp:221] parsePacket(): could not receive data: 9
[ 64439][E][WiFiUdp.cpp:221] parsePacket(): could not receive data: 9
[ 64445][E][WiFiUdp.cpp:221] parsePacket(): could not receive data: 9
[ 64451][E][WiFiUdp.cpp:221] parsePacket(): could not receive data: 9
[ 64457][E][WiFiUdp.cpp:221] parsePacket(): could not receive data: 9
[ 64463][E][WiFiUdp.cpp:221] parsePacket(): could not receive data: 9
[ 64469][E][WiFiUdp.cpp:221] parsePacket(): could not receive data: 9
[ 64475][E][WiFiUdp.cpp:221] parsePacket(): could not receive data: 9
[ 64481][E][WiFiUdp.cpp:221] parsePacket(): could not receive data: 9
[ 64487][E][WiFiUdp.cpp:221] parsePacket(): could not receive data: 9
[ 64493][E][WiFiUdp.cpp:221] parsePacket(): could not receive data: 9
[ 64499][E][WiFiUdp.cpp:221] parsePacket(): could not receive data: 9
[ 64505][E][WiFiUdp.cpp:221] parsePacket(): could not receive data: 9
[ 64511][E][WiFiUdp.cpp:221] parsePacket(): could not receive data: 9
[ 64517][E][WiFiUdp.cpp:221] parsePacket(): could not receive data: 9
[ 64523][E][WiFiUdp.cpp:221] parsePacket(): could not receive data: 9
[ 64529][E][WiFiUdp.cpp:221] parsePacket(): could not receive data: 9
[ 64535][E][WiFiUdp.cpp:221] parsePacket(): could not receive data: 9
[ 64541][E][WiFiUdp.cpp:221] parsePacket(): could not receive data: 9
[ 64546][E][WiFiUdp.cpp:221] parsePacket(): could not receive data: 9
[ 64552][E][WiFiUdp.cpp:221] parsePacket(): could not receive data: 9
[ 64558][E][WiFiUdp.cpp:221] parsePacket(): could not receive data: 9
[ 64564][E][WiFiUdp.cpp:221] parsePacket(): could not receive data: 9
[ 64570][E][WiFiUdp.cpp:221] parsePacket(): could not receive data: 9
[ 64576][E][WiFiUdp.cpp:221] parsePacket(): could not receive data: 9
[ 64582][E][WiFiUdp.cpp:221] parsePacket(): could not receive data: 9
[ 64588][E][WiFiUdp.cpp:221] parsePacket(): could not receive data: 9
[ 64594][E][WiFiUdp.cpp:221] parsePacket(): could not receive data: 9
[ 64600][E][WiFiUdp.cpp:221] parsePacket(): could not receive data: 9
[ 64606][E][WiFiUdp.cpp:221] parsePacket(): could not receive data: 9
[ 64612][E][WiFiUdp.cpp:221] parsePacket(): could not receive data: 9
[ 64618][E][WiFiUdp.cpp:221] parsePacket(): could not receive data: 9
[ 64624][E][WiFiUdp.cpp:221] parsePacket(): could not receive data: 9
[ 64630][E][WiFiUdp.cpp:221] parsePacket(): could not receive data: 9
[ 64635][E][WiFiUdp.cpp:221] parsePacket(): could not receive data: 9
[ 64640][E][WiFiUdp.cpp:221] parsePacket(): could not receive data: 9
[ 64645][E][WiFiUdp.cpp:221] parsePacket(): could not receive data: 9
[ 64650][E][WiFiUdp.cpp:221] parsePacket(): could not receive data: 9
[ 64655][E][WiFiUdp.cpp:221] parsePacket(): could not receive data: 9
[ 64660][E][WiFiUdp.cpp:221] parsePacket(): could not receive data: 9
[ 64665][E][WiFiUdp.cpp:221] parsePacket(): could not receive data: 9
[ 64670][E][WiFiUdp.cpp:221] parsePacket(): could not receive data: 9
[ 64675][E][WiFiUdp.cpp:221] parsePacket(): could not receive data: 9
[ 64680][E][WiFiUdp.cpp:221] parsePacket(): could not receive data: 9
[ 64685][E][WiFiUdp.cpp:221] parsePacket(): could not receive data: 9
[ 64691][E][WiFiUdp.cpp:221] parsePacket(): could not receive data: 9
[ 64697][E][WiFiUdp.cpp:221] parsePacket(): could not receive data: 9
[ 64703][E][WiFiUdp.cpp:221] parsePacket(): could not receive data: 9
[ 64709][E][WiFiUdp.cpp:221] parsePacket(): could not receive data: 9
[ 64715][E][WiFiUdp.cpp:221] parsePacket(): could not receive data: 9
[ 64721][E][WiFiUdp.cpp:221] parsePacket(): could not receive data: 9
[ 64727][E][WiFiUdp.cpp:221] parsePacket(): could not receive data: 9
[ 64733][E][WiFiUdp.cpp:221] parsePacket(): could not receive data: 9
[ 64739][E][WiFiUdp.cpp:221] parsePacket(): could not receive data: 9
[ 64745][E][WiFiUdp.cpp:221] parsePacket(): could not receive data: 9
[ 64751][E][WiFiUdp.cpp:221] parsePacket(): could not receive data: 9
[ 64757][E][WiFiUdp.cpp:221] parsePacket(): could not receive data: 9
[ 64763][E][WiFiUdp.cpp:221] parsePacket(): could not receive data: 9
[ 64769][E][WiFiUdp.cpp:221] parsePacket(): could not receive data: 9
[ 64775][E][WiFiUdp.cpp:221] parsePacket(): could not receive data: 9
[ 64781][E][WiFiUdp.cpp:221] parsePacket(): could not receive data: 9
[ 64786][E][WiFiUdp.cpp:221] parsePacket(): could not receive data: 9
[ 64791][E][WiFiUdp.cpp:221] parsePacket(): could not receive data: 9
[ 64797][E][WiFiUdp.cpp:221] parsePacket(): could not receive data: 9
[ 64803][E][WiFiUdp.cpp:221] parsePacket(): could not receive data: 9
[ 64809][E][WiFiUdp.cpp:221] parsePacket(): could not receive data: 9
[ 64815][E][WiFiUdp.cpp:221] parsePacket(): could not receive data: 9
[ 64821][E][WiFiUdp.cpp:221] parsePacket(): could not receive data: 9
[ 64827][E][WiFiUdp.cpp:221] parsePacket(): could not receive data: 9
[ 64833][E][WiFiUdp.cpp:221] parsePacket(): could not receive data: 9
[ 64839][E][WiFiUdp.cpp:221] parsePacket(): could not receive data: 9
[ 64845][E][WiFiUdp.cpp:221] parsePacket(): could not receive data: 9
[ 64851][E][WiFiUdp.cpp:221] parsePacket(): could not receive data: 9
[ 64857][E][WiFiUdp.cpp:221] parsePacket(): could not receive data: 9
[ 64863][E][WiFiUdp.cpp:221] parsePacket(): could not receive data: 9
[ 64869][E][WiFiUdp.cpp:221] parsePacket(): could not receive data: 9
[ 64875][E][WiFiUdp.cpp:221] parsePacket(): could not receive data: 9
[ 64881][E][WiFiUdp.cpp:221] parsePacket(): could not receive data: 9
[ 64887][E][WiFiUdp.cpp:221] parsePacket(): could not receive data: 9
[ 64893][E][WiFiUdp.cpp:221] parsePacket(): could not receive data: 9
[ 64899][E][WiFiUdp.cpp:221] parsePacket(): could not receive data: 9
[ 64905][E][WiFiUdp.cpp:221] parsePacket(): could not receive data: 9
[ 64911][E][WiFiUdp.cpp:221] parsePacket(): could not receive data: 9
[ 64917][E][WiFiUdp.cpp:221] parsePacket(): could not receive data: 9
[ 64923][E][WiFiUdp.cpp:221] parsePacket(): could not receive data: 9
[ 64929][E][WiFiUdp.cpp:221] parsePacket(): could not receive data: 9
[ 64935][E][WiFiUdp.cpp:221] parsePacket(): could not receive data: 9
[ 64941][E][WiFiUdp.cpp:221] parsePacket(): could not receive data: 9
[ 64947][E][WiFiUdp.cpp:221] parsePacket(): could not receive data: 9
[ 64953][E][WiFiUdp.cpp:221] parsePacket(): could not receive data: 9
[ 64958][E][WiFiUdp.cpp:221] parsePacket(): could not receive data: 9
[ 64964][E][WiFiUdp.cpp:221] parsePacket(): could not receive data: 9
[ 64969][E][WiFiUdp.cpp:221] parsePacket(): could not receive data: 9
[ 64975][E][WiFiUdp.cpp:221] parsePacket(): could not receive data: 9
[ 64981][E][WiFiUdp.cpp:221] parsePacket(): could not receive data: 9
[ 64987][E][WiFiUdp.cpp:221] parsePacket(): could not receive data: 9
[ 64993][E][WiFiUdp.cpp:221] parsePacket(): could not receive data: 9
[ 64998][E][WiFiUdp.cpp:221] parsePacket(): could not receive data: 9
[ 65004][E][WiFiUdp.cpp:221] parsePacket(): could not receive data: 9
[ 65010][E][WiFiUdp.cpp:221] parsePacket(): could not receive data: 9
[ 65016][E][WiFiUdp.cpp:221] parsePacket(): could not receive data: 9
[ 65022][E][WiFiUdp.cpp:221] parsePacket(): could not receive data: 9
[ 65028][E][WiFiUdp.cpp:221] parsePacket(): could not receive data: 9
[ 65034][E][WiFiUdp.cpp:221] parsePacket(): could not receive data: 9
[ 65039][E][WiFiUdp.cpp:221] parsePacket(): could not receive data: 9
[ 65044][E][WiFiUdp.cpp:221] parsePacket(): could not receive data: 9
[ 65050][E][WiFiUdp.cpp:221] parsePacket(): could not receive data: 9
[ 65055][E][WiFiUdp.cpp:221] parsePacket(): could not receive data: 9
[ 65061][E][WiFiUdp.cpp:221] parsePacket(): could not receive data: 9
[ 65067][E][WiFiUdp.cpp:221] parsePacket(): could not receive data: 9
[ 65073][E][WiFiUdp.cpp:221] parsePacket(): could not receive data: 9
[ 65078][E][WiFiUdp.cpp:221] parsePacket(): could not receive data: 9
[ 65084][E][WiFiUdp.cpp:221] parsePacket(): could not receive data: 9
[ 65090][E][WiFiUdp.cpp:221] parsePacket(): could not receive data: 9
[ 65096][E][WiFiUdp.cpp:221] parsePacket(): could not receive data: 9
[ 65102][E][WiFiUdp.cpp:221] parsePacket(): could not receive data: 9
[ 65108][E][WiFiUdp.cpp:221] parsePacket(): could not receive data: 9
[ 65114][E][WiFiUdp.cpp:221] parsePacket(): could not receive data: 9
[ 65120][E][WiFiUdp.cpp:221] parsePacket(): could not receive data: 9
[ 65126][E][WiFiUdp.cpp:221] parsePacket(): could not receive data: 9
[ 65132][E][WiFiUdp.cpp:221] parsePacket(): could not receive data: 9
[ 65138][E][WiFiUdp.cpp:221] parsePacket(): could not receive data: 9
[ 65144][E][WiFiUdp.cpp:221] parsePacket(): could not receive data: 9
[ 65150][E][WiFiUdp.cpp:221] parsePacket(): could not receive data: 9
[ 65156][E][WiFiUdp.cpp:221] parsePacket(): could not receive data: 9
[ 65162][E][WiFiUdp.cpp:221] parsePacket(): could not receive data: 9
[ 65168][E][WiFiUdp.cpp:221] parsePacket(): could not receive data: 9
[ 65174][E][WiFiUdp.cpp:221] parsePacket(): could not receive data: 9
[ 65180][E][WiFiUdp.cpp:221] parsePacket(): could not receive data: 9
[ 65186][E][WiFiUdp.cpp:221] parsePacket(): could not receive data: 9
[ 65192][E][WiFiUdp.cpp:221] parsePacket(): could not receive data: 9
[ 65198][E][WiFiUdp.cpp:221] parsePacket(): could not receive data: 9
[ 65204][E][WiFiUdp.cpp:221] parsePacket(): could not receive data: 9
[ 65210][E][WiFiUdp.cpp:221] parsePacket(): could not receive data: 9
[ 65216][E][WiFiUdp.cpp:221] parsePacket(): could not receive data: 9
[ 65222][E][WiFiUdp.cpp:221] parsePacket(): could not receive data: 9
[ 65228][E][WiFiUdp.cpp:221] parsePacket(): could not receive data: 9
[ 65234][E][WiFiUdp.cpp:221] parsePacket(): could not receive data: 9
[ 65239][E][WiFiUdp.cpp:221] parsePacket(): could not receive data: 9
[ 65244][E][WiFiUdp.cpp:221] parsePacket(): could not receive data: 9
[ 65249][E][WiFiUdp.cpp:221] parsePacket(): could not receive data: 9
[ 65254][E][WiFiUdp.cpp:221] parsePacket(): could not receive data: 9
[ 65259][E][WiFiUdp.cpp:221] parsePacket(): could not receive data: 9
[ 65265][E][WiFiUdp.cpp:221] parsePacket(): could not receive data: 9
[ 65271][E][WiFiUdp.cpp:221] parsePacket(): could not receive data: 9
[ 65277][E][WiFiUdp.cpp:221] parsePacket(): could not receive data: 9
[ 65283][E][WiFiUdp.cpp:221] parsePacket(): could not receive data: 9
[ 65289][E][WiFiUdp.cpp:221] parsePacket(): could not receive data: 9
[ 65295][E][WiFiUdp.cpp:221] parsePacket(): could not receive data: 9
[ 65301][E][WiFiUdp.cpp:221] parsePacket(): could not receive data: 9
[ 65307][E][WiFiUdp.cpp:221] parsePacket(): could not receive data: 9
[ 65313][E][WiFiUdp.cpp:221] parsePacket(): could not receive data: 9
[ 65319][E][WiFiUdp.cpp:221] parsePacket(): could not receive data: 9
[ 65324][E][WiFiUdp.cpp:221] parsePacket(): could not receive data: 9
[ 65330][E][WiFiUdp.cpp:221] parsePacket(): could not receive data: 9
[ 65336][E][WiFiUdp.cpp:221] parsePacket(): could not receive data: 9
[ 65342][E][WiFiUdp.cpp:221] parsePacket(): could not receive data: 9
[ 65348][E][WiFiUdp.cpp:221] parsePacket(): could not receive data: 9
[ 65354][E][WiFiUdp.cpp:221] parsePacket(): could not receive data: 9
[ 65360][E][WiFiUdp.cpp:221] parsePacket(): could not receive data: 9
[ 65366][E][WiFiUdp.cpp:221] parsePacket(): could not receive data: 9
[ 65372][E][WiFiUdp.cpp:221] parsePacket(): could not receive data: 9
[ 65378][E][WiFiUdp.cpp:221] parsePacket(): could not receive data: 9
[ 65384][E][WiFiUdp.cpp:221] parsePacket(): could not receive data: 9
[ 65390][E][WiFiUdp.cpp:221] parsePacket(): could not receive data: 9
[ 65396][E][WiFiUdp.cpp:221] parsePacket(): could not receive data: 9
[ 65402][E][WiFiUdp.cpp:221] parsePacket(): could not receive data: 9
[ 65408][E][WiFiUdp.cpp:221] parsePacket(): could not receive data: 9
[ 65414][E][WiFiUdp.cpp:221] parsePacket(): could not receive data: 9
[ 65420][E][WiFiUdp.cpp:221] parsePacket(): could not receive data: 9
[ 65426][E][WiFiUdp.cpp:221] parsePacket(): could not receive data: 9
[ 65432][E][WiFiUdp.cpp:221] parsePacket(): could not receive data: 9
[ 65438][E][WiFiUdp.cpp:221] parsePacket(): could not receive data: 9
[ 65444][E][WiFiUdp.cpp:221] parsePacket(): could not receive data: 9
[ 65450][E][WiFiUdp.cpp:221] parsePacket(): could not receive data: 9
[ 65456][E][WiFiUdp.cpp:221] parsePacket(): could not receive data: 9
[ 65462][E][WiFiUdp.cpp:221] parsePacket(): could not receive data: 9
[ 65467][E][WiFiUdp.cpp:221] parsePacket(): could not receive data: 9
[ 65473][E][WiFiUdp.cpp:221] parsePacket(): could not receive data: 9
[ 65479][E][WiFiUdp.cpp:221] parsePacket(): could not receive data: 9
[ 65485][E][WiFiUdp.cpp:221] parsePacket(): could not receive data: 9
[ 65491][E][WiFiUdp.cpp:221] parsePacket(): could not receive data: 9
[ 65497][E][WiFiUdp.cpp:221] parsePacket(): could not receive data: 9
[ 65503][E][WiFiUdp.cpp:221] parsePacket(): could not receive data: 9
[ 65509][E][WiFiUdp.cpp:221] parsePacket(): could not receive data: 9
[ 65515][E][WiFiUdp.cpp:221] parsePacket(): could not receive data: 9
[ 65521][E][WiFiUdp.cpp:221] parsePacket(): could not receive data: 9
[ 65527][E][WiFiUdp.cpp:221] parsePacket(): could not receive data: 9
[ 65533][E][WiFiUdp.cpp:221] parsePacket(): could not receive data: 9
[ 65539][E][WiFiUdp.cpp:221] parsePacket(): could not receive data: 9
[ 65545][E][WiFiUdp.cpp:221] parsePacket(): could not receive data: 9
[ 65551][E][WiFiUdp.cpp:221] parsePacket(): could not receive data: 9
[ 65557][E][WiFiUdp.cpp:221] parsePacket(): could not receive data: 9
[ 65563][E][WiFiUdp.cpp:221] parsePacket(): could not receive data: 9
[ 65569][E][WiFiUdp.cpp:221] parsePacket(): could not receive data: 9
[ 65575][E][WiFiUdp.cpp:221] parsePacket(): could not receive data: 9
[ 65581][E][WiFiUdp.cpp:221] parsePacket(): could not receive data: 9
[ 65587][E][WiFiUdp.cpp:221] parsePacket(): could not receive data: 9
[ 65593][E][WiFiUdp.cpp:221] parsePacket(): could not receive data: 9
[ 65599][E][WiFiUdp.cpp:221] parsePacket(): could not receive data: 9
[ 65605][E][WiFiUdp.cpp:221] parsePacket(): could not receive data: 9
[ 65611][E][WiFiUdp.cpp:221] parsePacket(): could not receive data: 9
[ 65617][E][WiFiUdp.cpp:221] parsePacket(): could not receive data: 9
[ 65623][E][WiFiUdp.cpp:221] parsePacket(): could not receive data: 9
[ 65629][E][WiFiUdp.cpp:221] parsePacket(): could not receive data: 9
[ 65635][E][WiFiUdp.cpp:221] parsePacket(): could not receive data: 9
[ 65641][E][WiFiUdp.cpp:221] parsePacket(): could not receive data: 9
[ 65647][E][WiFiUdp.cpp:221] parsePacket(): could not receive data: 9
[ 65653][E][WiFiUdp.cpp:221] parsePacket(): could not receive data: 9
[ 65659][E][WiFiUdp.cpp:221] parsePacket(): could not receive data: 9
[ 65665][E][WiFiUdp.cpp:221] parsePacket(): could not receive data: 9
[ 65671][E][WiFiUdp.cpp:221] parsePacket(): could not receive data: 9
[ 65677][E][WiFiUdp.cpp:221] parsePacket(): could not receive data: 9
[ 65683][E][WiFiUdp.cpp:221] parsePacket(): could not receive data: 9
[ 65689][E][WiFiUdp.cpp:221] parsePacket(): could not receive data: 9
[ 65695][E][WiFiUdp.cpp:221] parsePacket(): could not receive data: 9
[ 65701][E][WiFiUdp.cpp:221] parsePacket(): could not receive data: 9
[ 65707][E][WiFiUdp.cpp:221] parsePacket(): could not receive data: 9
[ 65713][E][WiFiUdp.cpp:221] parsePacket(): could not receive data: 9
[ 65719][E][WiFiUdp.cpp:221] parsePacket(): could not receive data: 9
[ 65725][E][WiFiUdp.cpp:221] parsePacket(): could not receive data: 9
[ 65731][E][WiFiUdp.cpp:221] parsePacket(): could not receive data: 9
[ 65737][E][WiFiUdp.cpp:221] parsePacket(): could not receive data: 9
[ 65743][E][WiFiUdp.cpp:221] parsePacket(): could not receive data: 9
[ 65748][E][WiFiUdp.cpp:221] parsePacket(): could not receive data: 9
[ 65754][E][WiFiUdp.cpp:221] parsePacket(): could not receive data: 9
[ 65760][E][WiFiUdp.cpp:221] parsePacket(): could not receive data: 9
[ 65766][E][WiFiUdp.cpp:221] parsePacket(): could not receive data: 9
[ 65772][E][WiFiUdp.cpp:221] parsePacket(): could not receive data: 9
[ 65778][E][WiFiUdp.cpp:221] parsePacket(): could not receive data: 9
[ 65784][E][WiFiUdp.cpp:221] parsePacket(): could not receive data: 9
[ 65789][E][WiFiUdp.cpp:221] parsePacket(): could not receive data: 9
[ 65794][E][WiFiUdp.cpp:221] parsePacket(): could not receive data: 9
[ 65799][E][WiFiUdp.cpp:221] parsePacket(): could not receive data: 9
[ 65805][E][WiFiUdp.cpp:221] parsePacket(): could not receive data: 9
[ 65810][E][WiFiUdp.cpp:221] parsePacket(): could not receive data: 9
[ 65815][E][WiFiUdp.cpp:221] parsePacket(): could not receive data: 9
[ 65820][E][WiFiUdp.cpp:221] parsePacket(): could not receive data: 9
[ 65826][E][WiFiUdp.cpp:221] parsePacket(): could not receive data: 9
[ 65832][E][WiFiUdp.cpp:221] parsePacket(): could not receive data: 9
[ 65838][E][WiFiUdp.cpp:221] parsePacket(): could not receive data: 9
[ 65844][E][WiFiUdp.cpp:221] parsePacket(): could not receive data: 9
[ 65850][E][WiFiUdp.cpp:221] parsePacket(): could not receive data: 9
[ 65856][E][WiFiUdp.cpp:221] parsePacket(): could not receive data: 9
[ 65862][E][WiFiUdp.cpp:221] parsePacket(): could not receive data: 9
[ 65868][E][WiFiUdp.cpp:221] parsePacket(): could not receive data: 9
[ 65874][E][WiFiUdp.cpp:221] parsePacket(): could not receive data: 9
[ 65880][E][WiFiUdp.cpp:221] parsePacket(): could not receive data: 9
[ 65886][E][WiFiUdp.cpp:221] parsePacket(): could not receive data: 9
[ 65892][E][WiFiUdp.cpp:221] parsePacket(): could not receive data: 9
[ 65898][E][WiFiUdp.cpp:221] parsePacket(): could not receive data: 9
[ 65904][E][WiFiUdp.cpp:221] parsePacket(): could not receive data: 9
[ 65910][E][WiFiUdp.cpp:221] parsePacket(): could not receive data: 9
[ 65916][E][WiFiUdp.cpp:221] parsePacket(): could not receive data: 9
[ 65922][E][WiFiUdp.cpp:221] parsePacket(): could not receive data: 9
[ 65928][E][WiFiUdp.cpp:221] parsePacket(): could not receive data: 9
[ 65934][E][WiFiUdp.cpp:221] parsePacket(): could not receive data: 9
[ 65940][E][WiFiUdp.cpp:221] parsePacket(): could not receive data: 9
[ 65946][E][WiFiUdp.cpp:221] parsePacket(): could not receive data: 9
[ 65952][E][WiFiUdp.cpp:221] parsePacket(): could not receive data: 9
[ 65958][E][WiFiUdp.cpp:221] parsePacket(): could not receive data: 9
[ 65964][E][WiFiUdp.cpp:221] parsePacket(): could not receive data: 9
[ 65970][E][WiFiUdp.cpp:221] parsePacket(): could not receive data: 9
[ 65976][E][WiFiUdp.cpp:221] parsePacket(): could not receive data: 9
[ 65982][E][WiFiUdp.cpp:221] parsePacket(): could not receive data: 9
[ 65988][E][WiFiUdp.cpp:221] parsePacket(): could not receive data: 9
[ 65994][E][WiFiUdp.cpp:221] parsePacket(): could not receive data: 9
[ 66000][E][WiFiUdp.cpp:221] parsePacket(): could not receive data: 9
[ 66006][E][WiFiUdp.cpp:221] parsePacket(): could not receive data: 9
[ 66012][E][WiFiUdp.cpp:221] parsePacket(): could not receive data: 9
[ 66018][E][WiFiUdp.cpp:221] parsePacket(): could not receive data: 9
[ 66024][E][WiFiUdp.cpp:221] parsePacket(): could not receive data: 9
[ 66030][E][WiFiUdp.cpp:221] parsePacket(): could not receive data: 9
[ 66036][E][WiFiUdp.cpp:221] parsePacket(): could not receive data: 9
[ 66042][E][WiFiUdp.cpp:221] parsePacket(): could not receive data: 9
[ 66048][E][WiFiUdp.cpp:221] parsePacket(): could not receive data: 9
[ 66054][E][WiFiUdp.cpp:221] parsePacket(): could not receive data: 9
[ 66060][E][WiFiUdp.cpp:221] parsePacket(): could not receive data: 9
[ 66066][E][WiFiUdp.cpp:221] parsePacket(): could not receive data: 9
[ 66072][E][WiFiUdp.cpp:221] parsePacket(): could not receive data: 9
[ 66078][E][WiFiUdp.cpp:221] parsePacket(): could not receive data: 9
[ 66084][E][WiFiUdp.cpp:221] parsePacket(): could not receive data: 9
[ 66089][E][WiFiUdp.cpp:221] parsePacket(): could not receive data: 9
[ 66094][E][WiFiUdp.cpp:221] parsePacket(): could not receive data: 9
[ 66100][E][WiFiUdp.cpp:221] parsePacket(): could not receive data: 9
[ 66106][E][WiFiUdp.cpp:221] parsePacket(): could not receive data: 9
[ 66112][E][WiFiUdp.cpp:221] parsePacket(): could not receive data: 9
[ 66118][E][WiFiUdp.cpp:221] parsePacket(): could not receive data: 9
[ 66123][E][WiFiUdp.cpp:221] parsePacket(): could not receive data: 9
[ 66129][E][WiFiUdp.cpp:221] parsePacket(): could not receive data: 9
[ 66135][E][WiFiUdp.cpp:221] parsePacket(): could not receive data: 9
[ 66140][E][WiFiUdp.cpp:221] parsePacket(): could not receive data: 9
[ 66145][E][WiFiUdp.cpp:221] parsePacket(): could not receive data: 9
[ 66150][E][WiFiUdp.cpp:221] parsePacket(): could not receive data: 9
[ 66155][E][WiFiUdp.cpp:221] parsePacket(): could not receive data: 9
[ 66160][E][WiFiUdp.cpp:221] parsePacket(): could not receive data: 9
[ 66165][E][WiFiUdp.cpp:221] parsePacket(): could not receive data: 9
[ 66171][E][WiFiUdp.cpp:221] parsePacket(): could not receive data: 9
[ 66177][E][WiFiUdp.cpp:221] parsePacket(): could not receive data: 9
[ 66183][E][WiFiUdp.cpp:221] parsePacket(): could not receive data: 9
[ 66189][E][WiFiUdp.cpp:221] parsePacket(): could not receive data: 9
[ 66195][E][WiFiUdp.cpp:221] parsePacket(): could not receive data: 9
[ 66201][E][WiFiUdp.cpp:221] parsePacket(): could not receive data: 9
[ 66207][E][WiFiUdp.cpp:221] parsePacket(): could not receive data: 9
[ 66213][E][WiFiUdp.cpp:221] parsePacket(): could not receive data: 9
[ 66219][E][WiFiUdp.cpp:221] parsePacket(): could not receive data: 9
[ 66225][E][WiFiUdp.cpp:221] parsePacket(): could not receive data: 9
[ 66231][E][WiFiUdp.cpp:221] parsePacket(): could not receive data: 9
[ 66236][E][WiFiUdp.cpp:221] parsePacket(): could not receive data: 9
[ 66242][E][WiFiUdp.cpp:221] parsePacket(): could not receive data: 9
[ 66248][E][WiFiUdp.cpp:221] parsePacket(): could not receive data: 9
[ 66254][E][WiFiUdp.cpp:221] parsePacket(): could not receive data: 9
[ 66260][E][WiFiUdp.cpp:221] parsePacket(): could not receive data: 9
[ 66266][E][WiFiUdp.cpp:221] parsePacket(): could not receive data: 9
[ 66272][E][WiFiUdp.cpp:221] parsePacket(): could not receive data: 9
[ 66278][E][WiFiUdp.cpp:221] parsePacket(): could not receive data: 9
[ 66284][E][WiFiUdp.cpp:221] parsePacket(): could not receive data: 9
[ 66289][E][WiFiUdp.cpp:221] parsePacket(): could not receive data: 9
[ 66295][E][WiFiUdp.cpp:221] parsePacket(): could not receive data: 9
[ 66300][E][WiFiUdp.cpp:221] parsePacket(): could not receive data: 9
[ 66306][E][WiFiUdp.cpp:221] parsePacket(): could not receive data: 9
[ 66312][E][WiFiUdp.cpp:221] parsePacket(): could not receive data: 9
[ 66318][E][WiFiUdp.cpp:221] parsePacket(): could not receive data: 9
[ 66323][E][WiFiUdp.cpp:221] parsePacket(): could not receive data: 9
[ 66328][E][WiFiUdp.cpp:221] parsePacket(): could not receive data: 9
[ 66334][E][WiFiUdp.cpp:221] parsePacket(): could not receive data: 9
[ 66340][E][WiFiUdp.cpp:221] parsePacket(): could not receive data: 9
[ 66346][E][WiFiUdp.cpp:221] parsePacket(): could not receive data: 9
[ 66351][E][WiFiUdp.cpp:221] parsePacket(): could not receive data: 9
[ 66356][E][WiFiUdp.cpp:221] parsePacket(): could not receive data: 9
[ 66361][E][WiFiUdp.cpp:221] parsePacket(): could not receive data: 9
[ 66367][E][WiFiUdp.cpp:221] parsePacket(): could not receive data: 9
[ 66372][E][WiFiUdp.cpp:221] parsePacket(): could not receive data: 9
[ 66377][E][WiFiUdp.cpp:221] parsePacket(): could not receive data: 9
[ 66383][E][WiFiUdp.cpp:221] parsePacket(): could not receive data: 9
[ 66389][E][WiFiUdp.cpp:221] parsePacket(): could not receive data: 9
[ 66395][E][WiFiUdp.cpp:221] parsePacket(): could not receive data: 9
[ 66400][E][WiFiUdp.cpp:221] parsePacket(): could not receive data: 9
[ 66405][E][WiFiUdp.cpp:221] parsePacket(): could not receive data: 9
[ 66411][E][WiFiUdp.cpp:221] parsePacket(): could not receive data: 9
[ 66417][E][WiFiUdp.cpp:221] parsePacket(): could not receive data: 9
[ 66423][E][WiFiUdp.cpp:221] parsePacket(): could not receive data: 9
[ 66429][E][WiFiUdp.cpp:221] parsePacket(): could not receive data: 9
[ 66435][E][WiFiUdp.cpp:221] parsePacket(): could not receive data: 9
[ 66441][E][WiFiUdp.cpp:221] parsePacket(): could not receive data: 9
[ 66447][E][WiFiUdp.cpp:221] parsePacket(): could not receive data: 9
[ 66453][E][WiFiUdp.cpp:221] parsePacket(): could not receive data: 9
[ 66459][E][WiFiUdp.cpp:221] parsePacket(): could not receive data: 9
[ 66465][E][WiFiUdp.cpp:221] parsePacket(): could not receive data: 9
[ 66470][E][WiFiUdp.cpp:221] parsePacket(): could not receive data: 9
[ 66476][E][WiFiUdp.cpp:221] parsePacket(): could not receive data: 9
[ 66482][E][WiFiUdp.cpp:221] parsePacket(): could not receive data: 9
[ 66488][E][WiFiUdp.cpp:221] parsePacket(): could not receive data: 9
[ 66494][E][WiFiUdp.cpp:221] parsePacket(): could not receive data: 9
[ 66499][E][WiFiUdp.cpp:221] parsePacket(): could not receive data: 9
[ 66505][E][WiFiUdp.cpp:221] parsePacket(): could not receive data: 9
[ 66511][E][WiFiUdp.cpp:221] parsePacket(): could not receive data: 9
[ 66517][E][WiFiUdp.cpp:221] parsePacket(): could not receive data: 9
[ 66523][E][WiFiUdp.cpp:221] parsePacket(): could not receive data: 9
[ 66529][E][WiFiUdp.cpp:221] parsePacket(): could not receive data: 9
[ 66535][E][WiFiUdp.cpp:221] parsePacket(): could not receive data: 9
[ 66541][E][WiFiUdp.cpp:221] parsePacket(): could not receive data: 9
[ 66547][E][WiFiUdp.cpp:221] parsePacket(): could not receive data: 9
[ 66553][E][WiFiUdp.cpp:221] parsePacket(): could not receive data: 9
[ 66559][E][WiFiUdp.cpp:221] parsePacket(): could not receive data: 9
[ 66565][E][WiFiUdp.cpp:221] parsePacket(): could not receive data: 9
[ 66571][E][WiFiUdp.cpp:221] parsePacket(): could not receive data: 9
[ 66577][E][WiFiUdp.cpp:221] parsePacket(): could not receive data: 9
[ 66583][E][WiFiUdp.cpp:221] parsePacket(): could not receive data: 9
[ 66588][E][WiFiUdp.cpp:221] parsePacket(): could not receive data: 9
[ 66594][E][WiFiUdp.cpp:221] parsePacket(): could not receive data: 9
[ 66599][E][WiFiUdp.cpp:221] parsePacket(): could not receive data: 9
[ 66604][E][WiFiUdp.cpp:221] parsePacket(): could not receive data: 9
[ 66609][E][WiFiUdp.cpp:221] parsePacket(): could not receive data: 9
[ 66614][E][WiFiUdp.cpp:221] parsePacket(): could not receive data: 9
[ 66620][E][WiFiUdp.cpp:221] parsePacket(): could not receive data: 9
[ 66626][E][WiFiUdp.cpp:221] parsePacket(): could not receive data: 9
[ 66632][E][WiFiUdp.cpp:221] parsePacket(): could not receive data: 9
[ 66637][E][WiFiUdp.cpp:221] parsePacket(): could not receive data: 9
[ 66643][E][WiFiUdp.cpp:221] parsePacket(): could not receive data: 9
[ 66649][E][WiFiUdp.cpp:221] parsePacket(): could not receive data: 9
[ 66655][E][WiFiUdp.cpp:221] parsePacket(): could not receive data: 9
[ 66661][E][WiFiUdp.cpp:221] parsePacket(): could not receive data: 9
[ 66667][E][WiFiUdp.cpp:221] parsePacket(): could not receive data: 9
[ 66673][E][WiFiUdp.cpp:221] parsePacket(): could not receive data: 9
[ 66679][E][WiFiUdp.cpp:221] parsePacket(): could not receive data: 9
[ 66685][E][WiFiUdp.cpp:221] parsePacket(): could not receive data: 9
[ 66691][E][WiFiUdp.cpp:221] parsePacket(): could not receive data: 9
[ 66697][E][WiFiUdp.cpp:221] parsePacket(): could not receive data: 9
[ 66703][E][WiFiUdp.cpp:221] parsePacket(): could not receive data: 9
[ 66709][E][WiFiUdp.cpp:221] parsePacket(): could not receive data: 9
[ 66714][E][WiFiUdp.cpp:221] parsePacket(): could not receive data: 9
[ 66720][E][WiFiUdp.cpp:221] parsePacket(): could not receive data: 9
[ 66725][E][WiFiUdp.cpp:221] parsePacket(): could not receive data: 9
[ 66730][E][WiFiUdp.cpp:221] parsePacket(): could not receive data: 9
[ 66735][E][WiFiUdp.cpp:221] parsePacket(): could not receive data: 9
[ 66740][E][WiFiUdp.cpp:221] parsePacket(): could not receive data: 9
[ 66746][E][WiFiUdp.cpp:221] parsePacket(): could not receive data: 9
[ 66752][E][WiFiUdp.cpp:221] parsePacket(): could not receive data: 9
[ 66758][E][WiFiUdp.cpp:221] parsePacket(): could not receive data: 9
[ 66764][E][WiFiUdp.cpp:221] parsePacket(): could not receive data: 9
[ 66770][E][WiFiUdp.cpp:221] parsePacket(): could not receive data: 9
[ 66776][E][WiFiUdp.cpp:221] parsePacket(): could not receive data: 9
[ 66782][E][WiFiUdp.cpp:221] parsePacket(): could not receive data: 9
[ 66788][E][WiFiUdp.cpp:221] parsePacket(): could not receive data: 9
[ 66794][E][WiFiUdp.cpp:221] parsePacket(): could not receive data: 9
[ 66800][E][WiFiUdp.cpp:221] parsePacket(): could not receive data: 9
[ 66806][E][WiFiUdp.cpp:221] parsePacket(): could not receive data: 9
[ 66812][E][WiFiUdp.cpp:221] parsePacket(): could not receive data: 9
[ 66818][E][WiFiUdp.cpp:221] parsePacket(): could not receive data: 9
[ 66824][E][WiFiUdp.cpp:221] parsePacket(): could not receive data: 9
[ 66830][E][WiFiUdp.cpp:221] parsePacket(): could not receive data: 9
[ 66836][E][WiFiUdp.cpp:221] parsePacket(): could not receive data: 9
[ 66841][E][WiFiUdp.cpp:221] parsePacket(): could not receive data: 9
[ 66847][E][WiFiUdp.cpp:221] parsePacket(): could not receive data: 9
[ 66853][E][WiFiUdp.cpp:221] parsePacket(): could not receive data: 9
[ 66858][E][WiFiUdp.cpp:221] parsePacket(): could not receive data: 9
[ 66863][E][WiFiUdp.cpp:221] parsePacket(): could not receive data: 9
[ 66868][E][WiFiUdp.cpp:221] parsePacket(): could not receive data: 9
[ 66874][E][WiFiUdp.cpp:221] parsePacket(): could not receive data: 9
[ 66880][E][WiFiUdp.cpp:221] parsePacket(): could not receive data: 9
[ 66886][E][WiFiUdp.cpp:221] parsePacket(): could not receive data: 9
[ 66892][E][WiFiUdp.cpp:221] parsePacket(): could not receive data: 9
[ 66898][E][WiFiUdp.cpp:221] parsePacket(): could not receive data: 9
[ 66904][E][WiFiUdp.cpp:221] parsePacket(): could not receive data: 9
[ 66910][E][WiFiUdp.cpp:221] parsePacket(): could not receive data: 9
[ 66916][E][WiFiUdp.cpp:221] parsePacket(): could not receive data: 9
[ 66922][E][WiFiUdp.cpp:221] parsePacket(): could not receive data: 9
[ 66928][E][WiFiUdp.cpp:221] parsePacket(): could not receive data: 9
[ 66934][E][WiFiUdp.cpp:221] parsePacket(): could not receive data: 9
[ 66940][E][WiFiUdp.cpp:221] parsePacket(): could not receive data: 9
[ 66946][E][WiFiUdp.cpp:221] parsePacket(): could not receive data: 9
[ 66952][E][WiFiUdp.cpp:221] parsePacket(): could not receive data: 9
[ 66958][E][WiFiUdp.cpp:221] parsePacket(): could not receive data: 9
[ 66964][E][WiFiUdp.cpp:221] parsePacket(): could not receive data: 9
[ 66970][E][WiFiUdp.cpp:221] parsePacket(): could not receive data: 9
[ 66976][E][WiFiUdp.cpp:221] parsePacket(): could not receive data: 9
[ 66982][E][WiFiUdp.cpp:221] parsePacket(): could not receive data: 9
[ 66988][E][WiFiUdp.cpp:221] parsePacket(): could not receive data: 9
[ 66994][E][WiFiUdp.cpp:221] parsePacket(): could not receive data: 9
[ 67000][E][WiFiUdp.cpp:221] parsePacket(): could not receive data: 9
[ 67006][E][WiFiUdp.cpp:221] parsePacket(): could not receive data: 9
[ 67012][E][WiFiUdp.cpp:221] parsePacket(): could not receive data: 9
[ 67018][E][WiFiUdp.cpp:221] parsePacket(): could not receive data: 9
[ 67024][E][WiFiUdp.cpp:221] parsePacket(): could not receive data: 9
[ 67030][E][WiFiUdp.cpp:221] parsePacket(): could not receive data: 9
[ 67036][E][WiFiUdp.cpp:221] parsePacket(): could not receive data: 9
[ 67042][E][WiFiUdp.cpp:221] parsePacket(): could not receive data: 9
[ 67048][E][WiFiUdp.cpp:221] parsePacket(): could not receive data: 9
[ 67054][E][WiFiUdp.cpp:221] parsePacket(): could not receive data: 9
[ 67060][E][WiFiUdp.cpp:221] parsePacket(): could not receive data: 9
[ 67066][E][WiFiUdp.cpp:221] parsePacket(): could not receive data: 9
[ 67072][E][WiFiUdp.cpp:221] parsePacket(): could not receive data: 9
[ 67078][E][WiFiUdp.cpp:221] parsePacket(): could not receive data: 9
[ 67084][E][WiFiUdp.cpp:221] parsePacket(): could not receive data: 9
[ 67090][E][WiFiUdp.cpp:221] parsePacket(): could not receive data: 9
[ 67096][E][WiFiUdp.cpp:221] parsePacket(): could not receive data: 9
[ 67102][E][WiFiUdp.cpp:221] parsePacket(): could not receive data: 9
[ 67108][E][WiFiUdp.cpp:221] parsePacket(): could not receive data: 9
[ 67114][E][WiFiUdp.cpp:221] parsePacket(): could not receive data: 9
[ 67120][E][WiFiUdp.cpp:221] parsePacket(): could not receive data: 9
[ 67126][E][WiFiUdp.cpp:221] parsePacket(): could not receive data: 9
[ 67132][E][WiFiUdp.cpp:221] parsePacket(): could not receive data: 9
[ 67138][E][WiFiUdp.cpp:221] parsePacket(): could not receive data: 9
[ 67144][E][WiFiUdp.cpp:221] parsePacket(): could not receive data: 9
[ 67150][E][WiFiUdp.cpp:221] parsePacket(): could not receive data: 9
[ 67156][E][WiFiUdp.cpp:221] parsePacket(): could not receive data: 9
[ 67162][E][WiFiUdp.cpp:221] parsePacket(): could not receive data: 9
[ 67168][E][WiFiUdp.cpp:221] parsePacket(): could not receive data: 9
[ 67174][E][WiFiUdp.cpp:221] parsePacket(): could not receive data: 9
[ 67180][E][WiFiUdp.cpp:221] parsePacket(): could not receive data: 9
[ 67186][E][WiFiUdp.cpp:221] parsePacket(): could not receive data: 9
[ 67192][E][WiFiUdp.cpp:221] parsePacket(): could not receive data: 9
[ 67198][E][WiFiUdp.cpp:221] parsePacket(): could not receive data: 9
[ 67204][E][WiFiUdp.cpp:221] parsePacket(): could not receive data: 9
[ 67210][E][WiFiUdp.cpp:221] parsePacket(): could not receive data: 9
[ 67216][E][WiFiUdp.cpp:221] parsePacket(): could not receive data: 9
[ 67222][E][WiFiUdp.cpp:221] parsePacket(): could not receive data: 9
[ 67228][E][WiFiUdp.cpp:221] parsePacket(): could not receive data: 9
[ 67234][E][WiFiUdp.cpp:221] parsePacket(): could not receive data: 9
[ 67240][E][WiFiUdp.cpp:221] parsePacket(): could not receive data: 9
[ 67246][E][WiFiUdp.cpp:221] parsePacket(): could not receive data: 9
[ 67252][E][WiFiUdp.cpp:221] parsePacket(): could not receive data: 9
[ 67258][E][WiFiUdp.cpp:221] parsePacket(): could not receive data: 9
[ 67264][E][WiFiUdp.cpp:221] parsePacket(): could not receive data: 9
[ 67270][E][WiFiUdp.cpp:221] parsePacket(): could not receive data: 9
[ 67276][E][WiFiUdp.cpp:221] parsePacket(): could not receive data: 9
[ 67282][E][WiFiUdp.cpp:221] parsePacket(): could not receive data: 9
[ 67288][E][WiFiUdp.cpp:221] parsePacket(): could not receive data: 9
[ 67294][E][WiFiUdp.cpp:221] parsePacket(): could not receive data: 9
[ 67300][E][WiFiUdp.cpp:221] parsePacket(): could not receive data: 9
[ 67306][E][WiFiUdp.cpp:221] parsePacket(): could not receive data: 9
[ 67312][E][WiFiUdp.cpp:221] parsePacket(): could not receive data: 9
[ 67318][E][WiFiUdp.cpp:221] parsePacket(): could not receive data: 9
[ 67324][E][WiFiUdp.cpp:221] parsePacket(): could not receive data: 9
[ 67330][E][WiFiUdp.cpp:221] parsePacket(): could not receive data: 9
[ 67336][E][WiFiUdp.cpp:221] parsePacket(): could not receive data: 9
[ 67342][E][WiFiUdp.cpp:221] parsePacket(): could not receive data: 9
[ 67348][E][WiFiUdp.cpp:221] parsePacket(): could not receive data: 9
[ 67354][E][WiFiUdp.cpp:221] parsePacket(): could not receive data: 9
[ 67360][E][WiFiUdp.cpp:221] parsePacket(): could not receive data: 9
[ 67366][E][WiFiUdp.cpp:221] parsePacket(): could not receive data: 9
[ 67372][E][WiFiUdp.cpp:221] parsePacket(): could not receive data: 9
[ 67378][E][WiFiUdp.cpp:221] parsePacket(): could not receive data: 9
[ 67384][E][WiFiUdp.cpp:221] parsePacket(): could not receive data: 9
[ 67390][E][WiFiUdp.cpp:221] parsePacket(): could not receive data: 9
[ 67396][E][WiFiUdp.cpp:221] parsePacket(): could not receive data: 9
[ 67402][E][WiFiUdp.cpp:221] parsePacket(): could not receive data: 9
[ 67408][E][WiFiUdp.cpp:221] parsePacket(): could not receive data: 9
[ 67414][E][WiFiUdp.cpp:221] parsePacket(): could not receive data: 9
[ 67420][E][WiFiUdp.cpp:221] parsePacket(): could not receive data: 9
[ 67426][E][WiFiUdp.cpp:221] parsePacket(): could not receive data: 9
[ 67432][E][WiFiUdp.cpp:221] parsePacket(): could not receive data: 9
[ 67438][E][WiFiUdp.cpp:221] parsePacket(): could not receive data: 9
[ 67444][E][WiFiUdp.cpp:221] parsePacket(): could not receive data: 9
[ 67450][E][WiFiUdp.cpp:221] parsePacket(): could not receive data: 9
[ 67456][E][WiFiUdp.cpp:221] parsePacket(): could not receive data: 9
[ 67462][E][WiFiUdp.cpp:221] parsePacket(): could not receive data: 9
[ 67468][E][WiFiUdp.cpp:221] parsePacket(): could not receive data: 9
[ 67474][E][WiFiUdp.cpp:221] parsePacket(): could not receive data: 9
[ 67480][E][WiFiUdp.cpp:221] parsePacket(): could not receive data: 9
[ 67486][E][WiFiUdp.cpp:221] parsePacket(): could not receive data: 9
[ 67492][E][WiFiUdp.cpp:221] parsePacket(): could not receive data: 9
[ 67498][E][WiFiUdp.cpp:221] parsePacket(): could not receive data: 9
[ 67504][E][WiFiUdp.cpp:221] parsePacket(): could not receive data: 9
[ 67510][E][WiFiUdp.cpp:221] parsePacket(): could not receive data: 9
[ 67516][E][WiFiUdp.cpp:221] parsePacket(): could not receive data: 9
[ 67522][E][WiFiUdp.cpp:221] parsePacket(): could not receive data: 9
[ 67528][E][WiFiUdp.cpp:221] parsePacket(): could not receive data: 9
[ 67534][E][WiFiUdp.cpp:221] parsePacket(): could not receive data: 9
[ 67540][E][WiFiUdp.cpp:221] parsePacket(): could not receive data: 9
[ 67546][E][WiFiUdp.cpp:221] parsePacket(): could not receive data: 9
[ 67552][E][WiFiUdp.cpp:221] parsePacket(): could not receive data: 9
[ 67558][E][WiFiUdp.cpp:221] parsePacket(): could not receive data: 9
[ 67564][E][WiFiUdp.cpp:221] parsePacket(): could not receive data: 9
[ 67570][E][WiFiUdp.cpp:221] parsePacket(): could not receive data: 9
[ 67576][E][WiFiUdp.cpp:221] parsePacket(): could not receive data: 9
[ 67582][E][WiFiUdp.cpp:221] parsePacket(): could not receive data: 9
[ 67588][E][WiFiUdp.cpp:221] parsePacket(): could not receive data: 9
[ 67594][E][WiFiUdp.cpp:221] parsePacket(): could not receive data: 9
[ 67600][E][WiFiUdp.cpp:221] parsePacket(): could not receive data: 9
[ 67606][E][WiFiUdp.cpp:221] parsePacket(): could not receive data: 9
[ 67612][E][WiFiUdp.cpp:221] parsePacket(): could not receive data: 9
[ 67618][E][WiFiUdp.cpp:221] parsePacket(): could not receive data: 9
[ 67624][E][WiFiUdp.cpp:221] parsePacket(): could not receive data: 9
[ 67630][E][WiFiUdp.cpp:221] parsePacket(): could not receive data: 9
[ 67636][E][WiFiUdp.cpp:221] parsePacket(): could not receive data: 9
[ 67642][E][WiFiUdp.cpp:221] parsePacket(): could not receive data: 9
[ 67648][E][WiFiUdp.cpp:221] parsePacket(): could not receive data: 9
[ 67654][E][WiFiUdp.cpp:221] parsePacket(): could not receive data: 9
[ 67660][E][WiFiUdp.cpp:221] parsePacket(): could not receive data: 9
[ 67666][E][WiFiUdp.cpp:221] parsePacket(): could not receive data: 9
[ 67672][E][WiFiUdp.cpp:221] parsePacket(): could not receive data: 9
[ 67678][E][WiFiUdp.cpp:221] parsePacket(): could not receive data: 9
[ 67684][E][WiFiUdp.cpp:221] parsePacket(): could not receive data: 9
[ 67690][E][WiFiUdp.cpp:221] parsePacket(): could not receive data: 9
[ 67696][E][WiFiUdp.cpp:221] parsePacket(): could not receive data: 9
[ 67702][E][WiFiUdp.cpp:221] parsePacket(): could not receive data: 9
[ 67707][E][WiFiUdp.cpp:221] parsePacket(): could not receive data: 9
[ 67712][E][WiFiUdp.cpp:221] parsePacket(): could not receive data: 9
[ 67718][E][WiFiUdp.cpp:221] parsePacket(): could not receive data: 9
[ 67724][E][WiFiUdp.cpp:221] parsePacket(): could not receive data: 9
[ 67730][E][WiFiUdp.cpp:221] parsePacket(): could not receive data: 9
[ 67736][E][WiFiUdp.cpp:221] parsePacket(): could not receive data: 9
[ 67741][E][WiFiUdp.cpp:221] parsePacket(): could not receive data: 9
[ 67747][E][WiFiUdp.cpp:221] parsePacket(): could not receive data: 9
[ 67753][E][WiFiUdp.cpp:221] parsePacket(): could not receive data: 9
[ 67759][E][WiFiUdp.cpp:221] parsePacket(): could not receive data: 9
[ 67764][E][WiFiUdp.cpp:221] parsePacket(): could not receive data: 9
[ 67770][E][WiFiUdp.cpp:221] parsePacket(): could not receive data: 9
[ 67776][E][WiFiUdp.cpp:221] parsePacket(): could not receive data: 9
[ 67782][E][WiFiUdp.cpp:221] parsePacket(): could not receive data: 9
[ 67787][E][WiFiUdp.cpp:221] parsePacket(): could not receive data: 9
[ 67793][E][WiFiUdp.cpp:221] parsePacket(): could not receive data: 9
[ 67799][E][WiFiUdp.cpp:221] parsePacket(): could not receive data: 9
[ 67805][E][WiFiUdp.cpp:221] parsePacket(): could not receive data: 9
[ 67811][E][WiFiUdp.cpp:221] parsePacket(): could not receive data: 9
[ 67817][E][WiFiUdp.cpp:221] parsePacket(): could not receive data: 9
[ 67823][E][WiFiUdp.cpp:221] parsePacket(): could not receive data: 9
[ 67829][E][WiFiUdp.cpp:221] parsePacket(): could not receive data: 9
[ 67835][E][WiFiUdp.cpp:221] parsePacket(): could not receive data: 9
[ 67840][E][WiFiUdp.cpp:221] parsePacket(): could not receive data: 9
[ 67846][E][WiFiUdp.cpp:221] parsePacket(): could not receive data: 9
[ 67852][E][WiFiUdp.cpp:221] parsePacket(): could not receive data: 9
[ 67857][E][WiFiUdp.cpp:221] parsePacket(): could not receive data: 9
[ 67863][E][WiFiUdp.cpp:221] parsePacket(): could not receive data: 9
[ 67869][E][WiFiUdp.cpp:221] parsePacket(): could not receive data: 9
[ 67875][E][WiFiUdp.cpp:221] parsePacket(): could not receive data: 9
[ 67881][E][WiFiUdp.cpp:221] parsePacket(): could not receive data: 9
[ 67887][E][WiFiUdp.cpp:221] parsePacket(): could not receive data: 9
[ 67893][E][WiFiUdp.cpp:221] parsePacket(): could not receive data: 9
[ 67899][E][WiFiUdp.cpp:221] parsePacket(): could not receive data: 9
[ 67905][E][WiFiUdp.cpp:221] parsePacket(): could not receive data: 9
[ 67911][E][WiFiUdp.cpp:221] parsePacket(): could not receive data: 9
[ 67917][E][WiFiUdp.cpp:221] parsePacket(): could not receive data: 9
[ 67923][E][WiFiUdp.cpp:221] parsePacket(): could not receive data: 9
[ 67929][E][WiFiUdp.cpp:221] parsePacket(): could not receive data: 9
[ 67935][E][WiFiUdp.cpp:221] parsePacket(): could not receive data: 9
[ 67941][E][WiFiUdp.cpp:221] parsePacket(): could not receive data: 9
[ 67947][E][WiFiUdp.cpp:221] parsePacket(): could not receive data: 9
[ 67953][E][WiFiUdp.cpp:221] parsePacket(): could not receive data: 9
[ 67959][E][WiFiUdp.cpp:221] parsePacket(): could not receive data: 9
[ 67965][E][WiFiUdp.cpp:221] parsePacket(): could not receive data: 9
[ 67971][E][WiFiUdp.cpp:221] parsePacket(): could not receive data: 9
[ 67977][E][WiFiUdp.cpp:221] parsePacket(): could not receive data: 9
[ 67983][E][WiFiUdp.cpp:221] parsePacket(): could not receive data: 9
[ 67989][E][WiFiUdp.cpp:221] parsePacket(): could not receive data: 9
[ 67995][E][WiFiUdp.cpp:221] parsePacket(): could not receive data: 9
[ 68001][E][WiFiUdp.cpp:221] parsePacket(): could not receive data: 9
[ 68007][E][WiFiUdp.cpp:221] parsePacket(): could not receive data: 9
[ 68013][E][WiFiUdp.cpp:221] parsePacket(): could not receive data: 9
[ 68019][E][WiFiUdp.cpp:221] parsePacket(): could not receive data: 9
[ 68025][E][WiFiUdp.cpp:221] parsePacket(): could not receive data: 9
[ 68031][E][WiFiUdp.cpp:221] parsePacket(): could not receive data: 9
[ 68037][E][WiFiUdp.cpp:221] parsePacket(): could not receive data: 9
[ 68043][E][WiFiUdp.cpp:221] parsePacket(): could not receive data: 9
[ 68049][E][WiFiUdp.cpp:221] parsePacket(): could not receive data: 9
[ 68055][E][WiFiUdp.cpp:221] parsePacket(): could not receive data: 9
[ 68061][E][WiFiUdp.cpp:221] parsePacket(): could not receive data: 9
[ 68067][E][WiFiUdp.cpp:221] parsePacket(): could not receive data: 9
[ 68073][E][WiFiUdp.cpp:221] parsePacket(): could not receive data: 9
[ 68079][E][WiFiUdp.cpp:221] parsePacket(): could not receive data: 9
[ 68085][E][WiFiUdp.cpp:221] parsePacket(): could not receive data: 9
[ 68091][E][WiFiUdp.cpp:221] parsePacket(): could not receive data: 9
[ 68097][E][WiFiUdp.cpp:221] parsePacket(): could not receive data: 9
[ 68103][E][WiFiUdp.cpp:221] parsePacket(): could not receive data: 9
[ 68109][E][WiFiUdp.cpp:221] parsePacket(): could not receive data: 9
[ 68115][E][WiFiUdp.cpp:221] parsePacket(): could not receive data: 9
[ 68121][E][WiFiUdp.cpp:221] parsePacket(): could not receive data: 9
[ 68127][E][WiFiUdp.cpp:221] parsePacket(): could not receive data: 9
[ 68133][E][WiFiUdp.cpp:221] parsePacket(): could not receive data: 9
[ 68139][E][WiFiUdp.cpp:221] parsePacket(): could not receive data: 9
[ 68145][E][WiFiUdp.cpp:221] parsePacket(): could not receive data: 9
[ 68151][E][WiFiUdp.cpp:221] parsePacket(): could not receive data: 9
[ 68157][E][WiFiUdp.cpp:221] parsePacket(): could not receive data: 9
[ 68163][E][WiFiUdp.cpp:221] parsePacket(): could not receive data: 9
[ 68169][E][WiFiUdp.cpp:221] parsePacket(): could not receive data: 9
[ 68175][E][WiFiUdp.cpp:221] parsePacket(): could not receive data: 9
[ 68181][E][WiFiUdp.cpp:221] parsePacket(): could not receive data: 9
[ 68187][E][WiFiUdp.cpp:221] parsePacket(): could not receive data: 9
[ 68193][E][WiFiUdp.cpp:221] parsePacket(): could not receive data: 9
[ 68199][E][WiFiUdp.cpp:221] parsePacket(): could not receive data: 9
[ 68205][E][WiFiUdp.cpp:221] parsePacket(): could not receive data: 9
[ 68211][E][WiFiUdp.cpp:221] parsePacket(): could not receive data: 9
[ 68217][E][WiFiUdp.cpp:221] parsePacket(): could not receive data: 9
[ 68223][E][WiFiUdp.cpp:221] parsePacket(): could not receive data: 9
[ 68229][E][WiFiUdp.cpp:221] parsePacket(): could not receive data: 9
[ 68235][E][WiFiUdp.cpp:221] parsePacket(): could not receive data: 9
[ 68241][E][WiFiUdp.cpp:221] parsePacket(): could not receive data: 9
[ 68247][E][WiFiUdp.cpp:221] parsePacket(): could not receive data: 9
[ 68253][E][WiFiUdp.cpp:221] parsePacket(): could not receive data: 9
[ 68259][E][WiFiUdp.cpp:221] parsePacket(): could not receive data: 9
[ 68265][E][WiFiUdp.cpp:221] parsePacket(): could not receive data: 9
[ 68271][E][WiFiUdp.cpp:221] parsePacket(): could not receive data: 9
[ 68277][E][WiFiUdp.cpp:221] parsePacket(): could not receive data: 9
[ 68283][E][WiFiUdp.cpp:221] parsePacket(): could not receive data: 9
[ 68289][E][WiFiUdp.cpp:221] parsePacket(): could not receive data: 9
[ 68295][E][WiFiUdp.cpp:221] parsePacket(): could not receive data: 9
[ 68301][E][WiFiUdp.cpp:221] parsePacket(): could not receive data: 9
[ 68307][E][WiFiUdp.cpp:221] parsePacket(): could not receive data: 9
[ 68313][E][WiFiUdp.cpp:221] parsePacket(): could not receive data: 9
[ 68319][E][WiFiUdp.cpp:221] parsePacket(): could not receive data: 9
[ 68325][E][WiFiUdp.cpp:221] parsePacket(): could not receive data: 9
[ 68331][E][WiFiUdp.cpp:221] parsePacket(): could not receive data: 9
[ 68337][E][WiFiUdp.cpp:221] parsePacket(): could not receive data: 9
[ 68343][E][WiFiUdp.cpp:221] parsePacket(): could not receive data: 9
[ 68349][E][WiFiUdp.cpp:221] parsePacket(): could not receive data: 9
[ 68355][E][WiFiUdp.cpp:221] parsePacket(): could not receive data: 9
[ 68361][E][WiFiUdp.cpp:221] parsePacket(): could not receive data: 9
[ 68367][E][WiFiUdp.cpp:221] parsePacket(): could not receive data: 9
[ 68373][E][WiFiUdp.cpp:221] parsePacket(): could not receive data: 9
[ 68379][E][WiFiUdp.cpp:221] parsePacket(): could not receive data: 9
[ 68385][E][WiFiUdp.cpp:221] parsePacket(): could not receive data: 9
[ 68391][E][WiFiUdp.cpp:221] parsePacket(): could not receive data: 9
[ 68397][E][WiFiUdp.cpp:221] parsePacket(): could not receive data: 9
[ 68403][E][WiFiUdp.cpp:221] parsePacket(): could not receive data: 9
[ 68409][E][WiFiUdp.cpp:221] parsePacket(): could not receive data: 9
[ 68415][E][WiFiUdp.cpp:221] parsePacket(): could not receive data: 9
[ 68421][E][WiFiUdp.cpp:221] parsePacket(): could not receive data: 9
[ 68427][E][WiFiUdp.cpp:221] parsePacket(): could not receive data: 9
[ 68433][E][WiFiUdp.cpp:221] parsePacket(): could not receive data: 9
[ 68439][E][WiFiUdp.cpp:221] parsePacket(): could not receive data: 9
[ 68445][E][WiFiUdp.cpp:221] parsePacket(): could not receive data: 9
[ 68451][E][WiFiUdp.cpp:221] parsePacket(): could not receive data: 9
[ 68457][E][WiFiUdp.cpp:221] parsePacket(): could not receive data: 9
[ 68463][E][WiFiUdp.cpp:221] parsePacket(): could not receive data: 9
[ 68469][E][WiFiUdp.cpp:221] parsePacket(): could not receive data: 9
[ 68475][E][WiFiUdp.cpp:221] parsePacket(): could not receive data: 9
[ 68481][E][WiFiUdp.cpp:221] parsePacket(): could not receive data: 9
[ 68486][E][WiFiUdp.cpp:221] parsePacket(): could not receive data: 9
[ 68492][E][WiFiUdp.cpp:221] parsePacket(): could not receive data: 9
[ 68498][E][WiFiUdp.cpp:221] parsePacket(): could not receive data: 9
[ 68504][E][WiFiUdp.cpp:221] parsePacket(): could not receive data: 9
[ 68510][E][WiFiUdp.cpp:221] parsePacket(): could not receive data: 9
[ 68516][E][WiFiUdp.cpp:221] parsePacket(): could not receive data: 9
[ 68522][E][WiFiUdp.cpp:221] parsePacket(): could not receive data: 9
[ 68528][E][WiFiUdp.cpp:221] parsePacket(): could not receive data: 9
[ 68534][E][WiFiUdp.cpp:221] parsePacket(): could not receive data: 9
[ 68540][E][WiFiUdp.cpp:221] parsePacket(): could not receive data: 9
[ 68546][E][WiFiUdp.cpp:221] parsePacket(): could not receive data: 9
[ 68551][E][WiFiUdp.cpp:221] parsePacket(): could not receive data: 9
[ 68556][E][WiFiUdp.cpp:221] parsePacket(): could not receive data: 9
[ 68562][E][WiFiUdp.cpp:221] parsePacket(): could not receive data: 9
[ 68567][E][WiFiUdp.cpp:221] parsePacket(): could not receive data: 9
[ 68572][E][WiFiUdp.cpp:221] parsePacket(): could not receive data: 9
[ 68578][E][WiFiUdp.cpp:221] parsePacket(): could not receive data: 9
[ 68584][E][WiFiUdp.cpp:221] parsePacket(): could not receive data: 9
[ 68590][E][WiFiUdp.cpp:221] parsePacket(): could not receive data: 9
[ 68596][E][WiFiUdp.cpp:221] parsePacket(): could not receive data: 9
[ 68601][E][WiFiUdp.cpp:221] parsePacket(): could not receive data: 9
[ 68606][E][WiFiUdp.cpp:221] parsePacket(): could not receive data: 9
[ 68612][E][WiFiUdp.cpp:221] parsePacket(): could not receive data: 9
[ 68618][E][WiFiUdp.cpp:221] parsePacket(): could not receive data: 9
[ 68624][E][WiFiUdp.cpp:221] parsePacket(): could not receive data: 9
