ets Jul 29 2019 12:21:46

rst:0x1 (POWERON_RESET),boot:0x12 (SPI_FAST_FLASH_BOOT)
configsip: 0, SPIWP:0xee
clk_drv:0x00,q_drv:0x00,d_drv:0x00,cs0_drv:0x00,hd_drv:0x00,wp_drv:0x00
mode:DIO, clock div:2
load:0x3fff0030,len:1184
load:0x40078000,len:13232
load:0x40080400,len:3028
entry 0x400805e4


============
CLIENT SETUP
============
[BOOT] RESET_REASON=1 POWERON
[INSTR-PREV];valid;0
[HEAP] 00:00:00 167788 165588 110580 (init)
[PSRM] 00:00:00 0
[EFUS]...Two Point: NOT supported
[EFUS]...Vref: NOT supported
[INIT]...initMheard
[INIT]...init_flash
[INIT]...build Sep 26 2026 / 22:38:41
[INIT]...FLASH layout 20260724 ok, build 20260909
[TIME]...Loaded time persistence: saved_time=0, mheard_time=0, msg_time=0
[QEMU]...headless defaults: web+console ON, wifiAP/gateway/extudp OFF
[QEMU]...virtual GPS enabled (bGPSON=true); NMEA expected on UART1
[INIT].._GW_ID: 00000000
[INIT]...Initialize clock: ok
[LoRa]...SX1268 chip Initializing ... success
[EXTRADIO] enabled, bridge 10.0.2.2:7000, auth=password
[LoRa]...All settings successfully changed
[BLE ]...Device started with BLE-Name <MC-0000-TE5T-1>
[QEMU]...BLE/NimBLE disabled (no backend in QEMU); BLE init skipped
[BLE ]...Waiting a client connection to notify...
==============
CLIENT STARTED
==============
[QEMU]...starting OpenETH (esp_eth_start)
[WIFI]...no connection possible
[QEMU]...OpenETH driver started
[QEMU]...OpenETH link connected
[GPS ]...QEMU virtual GPS on UART1 (synthetic RX=16 TX=17 @ 9600 baud; no hardware)
[QEMU]...dhcpc_start -> 0x5004 (0=started, 0x5004=already-running)
[QEMU]...OpenETH GOT_IP ip=10.0.2.15 mask=255.255.255.0 gw=10.0.2.5
[GPS ]...QEMU NMEA presence: 0 chars -> no data yet
[QEMU]...OpenETH connect OK
[WIFI];link;down;sta;0;status;255;down_s;0;last_reason;0;got_ip_n;0;ip;1;ms;14395
[CON ]...HMAC console init.
[CON ]...Console started on port 2323
[BOOT];ready;ms;14411;ip;1
[INSTR-LOOP] gap ms 2053 in wifi_connect section_ms 0 sections_ms 0
TimeClient no update possible --> CPU-Mode
[ 14413][E][WiFiUdp.cpp:221] parsePacket(): could not receive data: 9
[ 14425][E][WiFiUdp.cpp:221] parsePacket(): could not receive data: 9
[ 14434][E][WiFiUdp.cpp:221] parsePacket(): could not receive data: 9
[ 14440][E][WiFiUdp.cpp:221] parsePacket(): could not receive data: 9
[ 14446][E][WiFiUdp.cpp:221] parsePacket(): could not receive data: 9
[ 14452][E][WiFiUdp.cpp:221] parsePacket(): could not receive data: 9
[ 14458][E][WiFiUdp.cpp:221] parsePacket(): could not receive data: 9
[ 14464][E][WiFiUdp.cpp:221] parsePacket(): could not receive data: 9
[ 14470][E][WiFiUdp.cpp:221] parsePacket(): could not receive data: 9
[ 14476][E][WiFiUdp.cpp:221] parsePacket(): could not receive data: 9
[ 14482][E][WiFiUdp.cpp:221] parsePacket(): could not receive data: 9
[ 14488][E][WiFiUdp.cpp:221] parsePacket(): could not receive data: 9
[ 14494][E][WiFiUdp.cpp:221] parsePacket(): could not receive data: 9
[ 14500][E][WiFiUdp.cpp:221] parsePacket(): could not receive data: 9
[ 14506][E][WiFiUdp.cpp:221] parsePacket(): could not receive data: 9
[ 14512][E][WiFiUdp.cpp:221] parsePacket(): could not receive data: 9
[ 14518][E][WiFiUdp.cpp:221] parsePacket(): could not receive data: 9
[ 14524][E][WiFiUdp.cpp:221] parsePacket(): could not receive data: 9
[ 14530][E][WiFiUdp.cpp:221] parsePacket(): could not receive data: 9
[ 14536][E][WiFiUdp.cpp:221] parsePacket(): could not receive data: 9
[ 14542][E][WiFiUdp.cpp:221] parsePacket(): could not receive data: 9
[ 14548][E][WiFiUdp.cpp:221] parsePacket(): could not receive data: 9
[ 14554][E][WiFiUdp.cpp:221] parsePacket(): could not receive data: 9
[ 14560][E][WiFiUdp.cpp:221] parsePacket(): could not receive data: 9
[ 14566][E][WiFiUdp.cpp:221] parsePacket(): could not receive data: 9
[ 14572][E][WiFiUdp.cpp:221] parsePacket(): could not receive data: 9
[ 14578][E][WiFiUdp.cpp:221] parsePacket(): could not receive data: 9
[ 14584][E][WiFiUdp.cpp:221] parsePacket(): could not receive data: 9
[ 14590][E][WiFiUdp.cpp:221] parsePacket(): could not receive data: 9
[ 14596][E][WiFiUdp.cpp:221] parsePacket(): could not receive data: 9
[ 14602][E][WiFiUdp.cpp:221] parsePacket(): could not receive data: 9
[ 14608][E][WiFiUdp.cpp:221] parsePacket(): could not receive data: 9
[ 14614][E][WiFiUdp.cpp:221] parsePacket(): could not receive data: 9
[ 14620][E][WiFiUdp.cpp:221] parsePacket(): could not receive data: 9
[ 14626][E][WiFiUdp.cpp:221] parsePacket(): could not receive data: 9
[ 14632][E][WiFiUdp.cpp:221] parsePacket(): could not receive data: 9
[ 14638][E][WiFiUdp.cpp:221] parsePacket(): could not receive data: 9
[ 14644][E][WiFiUdp.cpp:221] parsePacket(): could not receive data: 9
[ 14650][E][WiFiUdp.cpp:221] parsePacket(): could not receive data: 9
[ 14656][E][WiFiUdp.cpp:221] parsePacket(): could not receive data: 9
[ 14662][E][WiFiUdp.cpp:221] parsePacket(): could not receive data: 9
[ 14668][E][WiFiUdp.cpp:221] parsePacket(): could not receive data: 9
[ 14674][E][WiFiUdp.cpp:221] parsePacket(): could not receive data: 9
[ 14680][E][WiFiUdp.cpp:221] parsePacket(): could not receive data: 9
[ 14686][E][WiFiUdp.cpp:221] parsePacket(): could not receive data: 9
[ 14692][E][WiFiUdp.cpp:221] parsePacket(): could not receive data: 9
[ 14698][E][WiFiUdp.cpp:221] parsePacket(): could not receive data: 9
[ 14704][E][WiFiUdp.cpp:221] parsePacket(): could not receive data: 9
[ 14710][E][WiFiUdp.cpp:221] parsePacket(): could not receive data: 9
[ 14716][E][WiFiUdp.cpp:221] parsePacket(): could not receive data: 9
[ 14722][E][WiFiUdp.cpp:221] parsePacket(): could not receive data: 9
[ 14728][E][WiFiUdp.cpp:221] parsePacket(): could not receive data: 9
[ 14734][E][WiFiUdp.cpp:221] parsePacket(): could not receive data: 9
[ 14740][E][WiFiUdp.cpp:221] parsePacket(): could not receive data: 9
[ 14746][E][WiFiUdp.cpp:221] parsePacket(): could not receive data: 9
[ 14752][E][WiFiUdp.cpp:221] parsePacket(): could not receive data: 9
[ 14758][E][WiFiUdp.cpp:221] parsePacket(): could not receive data: 9
[ 14764][E][WiFiUdp.cpp:221] parsePacket(): could not receive data: 9
[ 14770][E][WiFiUdp.cpp:221] parsePacket(): could not receive data: 9
[ 14776][E][WiFiUdp.cpp:221] parsePacket(): could not receive data: 9
[ 14782][E][WiFiUdp.cpp:221] parsePacket(): could not receive data: 9
[ 14788][E][WiFiUdp.cpp:221] parsePacket(): could not receive data: 9
[ 14794][E][WiFiUdp.cpp:221] parsePacket(): could not receive data: 9
[ 14800][E][WiFiUdp.cpp:221] parsePacket(): could not receive data: 9
[ 14806][E][WiFiUdp.cpp:221] parsePacket(): could not receive data: 9
[ 14812][E][WiFiUdp.cpp:221] parsePacket(): could not receive data: 9
[ 14818][E][WiFiUdp.cpp:221] parsePacket(): could not receive data: 9
[ 14824][E][WiFiUdp.cpp:221] parsePacket(): could not receive data: 9
[ 14830][E][WiFiUdp.cpp:221] parsePacket(): could not receive data: 9
[ 14836][E][WiFiUdp.cpp:221] parsePacket(): could not receive data: 9
[ 14842][E][WiFiUdp.cpp:221] parsePacket(): could not receive data: 9
[ 14848][E][WiFiUdp.cpp:221] parsePacket(): could not receive data: 9
[ 14854][E][WiFiUdp.cpp:221] parsePacket(): could not receive data: 9
[ 14860][E][WiFiUdp.cpp:221] parsePacket(): could not receive data: 9
[ 14866][E][WiFiUdp.cpp:221] parsePacket(): could not receive data: 9
[ 14872][E][WiFiUdp.cpp:221] parsePacket(): could not receive data: 9
[ 14878][E][WiFiUdp.cpp:221] parsePacket(): could not receive data: 9
[ 14884][E][WiFiUdp.cpp:221] parsePacket(): could not receive data: 9
[ 14890][E][WiFiUdp.cpp:221] parsePacket(): could not receive data: 9
[ 14896][E][WiFiUdp.cpp:221] parsePacket(): could not receive data: 9
[ 14902][E][WiFiUdp.cpp:221] parsePacket(): could not receive data: 9
[ 14908][E][WiFiUdp.cpp:221] parsePacket(): could not receive data: 9
[ 14914][E][WiFiUdp.cpp:221] parsePacket(): could not receive data: 9
[ 14920][E][WiFiUdp.cpp:221] parsePacket(): could not receive data: 9
[ 14926][E][WiFiUdp.cpp:221] parsePacket(): could not receive data: 9
[ 14932][E][WiFiUdp.cpp:221] parsePacket(): could not receive data: 9
[ 14938][E][WiFiUdp.cpp:221] parsePacket(): could not receive data: 9
[ 14944][E][WiFiUdp.cpp:221] parsePacket(): could not receive data: 9
[ 14950][E][WiFiUdp.cpp:221] parsePacket(): could not receive data: 9
[ 14956][E][WiFiUdp.cpp:221] parsePacket(): could not receive data: 9
[ 14962][E][WiFiUdp.cpp:221] parsePacket(): could not receive data: 9
[ 14968][E][WiFiUdp.cpp:221] parsePacket(): could not receive data: 9
[ 14974][E][WiFiUdp.cpp:221] parsePacket(): could not receive data: 9
[ 14980][E][WiFiUdp.cpp:221] parsePacket(): could not receive data: 9
[ 14986][E][WiFiUdp.cpp:221] parsePacket(): could not receive data: 9
[ 14992][E][WiFiUdp.cpp:221] parsePacket(): could not receive data: 9
[ 14998][E][WiFiUdp.cpp:221] parsePacket(): could not receive data: 9
[ 15004][E][WiFiUdp.cpp:221] parsePacket(): could not receive data: 9
[ 15010][E][WiFiUdp.cpp:221] parsePacket(): could not receive data: 9
[ 15016][E][WiFiUdp.cpp:221] parsePacket(): could not receive data: 9
[ 15022][E][WiFiUdp.cpp:221] parsePacket(): could not receive data: 9
[ 15028][E][WiFiUdp.cpp:221] parsePacket(): could not receive data: 9
[ 15034][E][WiFiUdp.cpp:221] parsePacket(): could not receive data: 9
[ 15040][E][WiFiUdp.cpp:221] parsePacket(): could not receive data: 9
[ 15046][E][WiFiUdp.cpp:221] parsePacket(): could not receive data: 9
[ 15052][E][WiFiUdp.cpp:221] parsePacket(): could not receive data: 9
[ 15058][E][WiFiUdp.cpp:221] parsePacket(): could not receive data: 9
[ 15064][E][WiFiUdp.cpp:221] parsePacket(): could not receive data: 9
[ 15070][E][WiFiUdp.cpp:221] parsePacket(): could not receive data: 9
[ 15076][E][WiFiUdp.cpp:221] parsePacket(): could not receive data: 9
[ 15082][E][WiFiUdp.cpp:221] parsePacket(): could not receive data: 9
[ 15088][E][WiFiUdp.cpp:221] parsePacket(): could not receive data: 9
[ 15094][E][WiFiUdp.cpp:221] parsePacket(): could not receive data: 9
[ 15100][E][WiFiUdp.cpp:221] parsePacket(): could not receive data: 9
[ 15106][E][WiFiUdp.cpp:221] parsePacket(): could not receive data: 9
[ 15112][E][WiFiUdp.cpp:221] parsePacket(): could not receive data: 9
[ 15118][E][WiFiUdp.cpp:221] parsePacket(): could not receive data: 9
[ 15124][E][WiFiUdp.cpp:221] parsePacket(): could not receive data: 9
[ 15130][E][WiFiUdp.cpp:221] parsePacket(): could not receive data: 9
[ 15136][E][WiFiUdp.cpp:221] parsePacket(): could not receive data: 9
[ 15142][E][WiFiUdp.cpp:221] parsePacket(): could not receive data: 9
[ 15148][E][WiFiUdp.cpp:221] parsePacket(): could not receive data: 9
[ 15154][E][WiFiUdp.cpp:221] parsePacket(): could not receive data: 9
[ 15160][E][WiFiUdp.cpp:221] parsePacket(): could not receive data: 9
[ 15166][E][WiFiUdp.cpp:221] parsePacket(): could not receive data: 9
[ 15172][E][WiFiUdp.cpp:221] parsePacket(): could not receive data: 9
[ 15178][E][WiFiUdp.cpp:221] parsePacket(): could not receive data: 9
[ 15184][E][WiFiUdp.cpp:221] parsePacket(): could not receive data: 9
[ 15190][E][WiFiUdp.cpp:221] parsePacket(): could not receive data: 9
[ 15196][E][WiFiUdp.cpp:221] parsePacket(): could not receive data: 9
[ 15202][E][WiFiUdp.cpp:221] parsePacket(): could not receive data: 9
[ 15208][E][WiFiUdp.cpp:221] parsePacket(): could not receive data: 9
[ 15214][E][WiFiUdp.cpp:221] parsePacket(): could not receive data: 9
[ 15220][E][WiFiUdp.cpp:221] parsePacket(): could not receive data: 9
[ 15226][E][WiFiUdp.cpp:221] parsePacket(): could not receive data: 9
[ 15232][E][WiFiUdp.cpp:221] parsePacket(): could not receive data: 9
[ 15238][E][WiFiUdp.cpp:221] parsePacket(): could not receive data: 9
[ 15244][E][WiFiUdp.cpp:221] parsePacket(): could not receive data: 9
[ 15250][E][WiFiUdp.cpp:221] parsePacket(): could not receive data: 9
[ 15256][E][WiFiUdp.cpp:221] parsePacket(): could not receive data: 9
[ 15262][E][WiFiUdp.cpp:221] parsePacket(): could not receive data: 9
[ 15268][E][WiFiUdp.cpp:221] parsePacket(): could not receive data: 9
[ 15274][E][WiFiUdp.cpp:221] parsePacket(): could not receive data: 9
[ 15280][E][WiFiUdp.cpp:221] parsePacket(): could not receive data: 9
[ 15286][E][WiFiUdp.cpp:221] parsePacket(): could not receive data: 9
[ 15292][E][WiFiUdp.cpp:221] parsePacket(): could not receive data: 9
[ 15298][E][WiFiUdp.cpp:221] parsePacket(): could not receive data: 9
[ 15304][E][WiFiUdp.cpp:221] parsePacket(): could not receive data: 9
[ 15310][E][WiFiUdp.cpp:221] parsePacket(): could not receive data: 9
[ 15316][E][WiFiUdp.cpp:221] parsePacket(): could not receive data: 9
[ 15322][E][WiFiUdp.cpp:221] parsePacket(): could not receive data: 9
[ 15328][E][WiFiUdp.cpp:221] parsePacket(): could not receive data: 9
[ 15334][E][WiFiUdp.cpp:221] parsePacket(): could not receive data: 9
[ 15340][E][WiFiUdp.cpp:221] parsePacket(): could not receive data: 9
[ 15346][E][WiFiUdp.cpp:221] parsePacket(): could not receive data: 9
[ 15352][E][WiFiUdp.cpp:221] parsePacket(): could not receive data: 9
[ 15358][E][WiFiUdp.cpp:221] parsePacket(): could not receive data: 9
[ 15364][E][WiFiUdp.cpp:221] parsePacket(): could not receive data: 9
[ 15370][E][WiFiUdp.cpp:221] parsePacket(): could not receive data: 9
[ 15376][E][WiFiUdp.cpp:221] parsePacket(): could not receive data: 9
[ 15382][E][WiFiUdp.cpp:221] parsePacket(): could not receive data: 9
[ 15388][E][WiFiUdp.cpp:221] parsePacket(): could not receive data: 9
[ 15394][E][WiFiUdp.cpp:221] parsePacket(): could not receive data: 9
[ 15400][E][WiFiUdp.cpp:221] parsePacket(): could not receive data: 9
[ 15406][E][WiFiUdp.cpp:221] parsePacket(): could not receive data: 9
[ 15412][E][WiFiUdp.cpp:221] parsePacket(): could not receive data: 9
[ 15418][E][WiFiUdp.cpp:221] parsePacket(): could not receive data: 9
[ 15424][E][WiFiUdp.cpp:221] parsePacket(): could not receive data: 9
[ 15430][E][WiFiUdp.cpp:221] parsePacket(): could not receive data: 9
[ 15436][E][WiFiUdp.cpp:221] parsePacket(): could not receive data: 9
[ 15443][E][WiFiUdp.cpp:221] parsePacket(): could not receive data: 9
[ 15450][E][WiFiUdp.cpp:221] parsePacket(): could not receive data: 9
[ 15456][E][WiFiUdp.cpp:221] parsePacket(): could not receive data: 9
[ 15462][E][WiFiUdp.cpp:221] parsePacket(): could not receive data: 9
[ 15468][E][WiFiUdp.cpp:221] parsePacket(): could not receive data: 9
[ 15474][E][WiFiUdp.cpp:221] parsePacket(): could not receive data: 9
[ 15480][E][WiFiUdp.cpp:221] parsePacket(): could not receive data: 9
[ 15486][E][WiFiUdp.cpp:221] parsePacket(): could not receive data: 9
[ 15492][E][WiFiUdp.cpp:221] parsePacket(): could not receive data: 9
[ 15498][E][WiFiUdp.cpp:221] parsePacket(): could not receive data: 9
[ 15504][E][WiFiUdp.cpp:221] parsePacket(): could not receive data: 9
[ 15510][E][WiFiUdp.cpp:221] parsePacket(): could not receive data: 9
[ 15516][E][WiFiUdp.cpp:221] parsePacket(): could not receive data: 9
[ 15522][E][WiFiUdp.cpp:221] parsePacket(): could not receive data: 9
[ 15528][E][WiFiUdp.cpp:221] parsePacket(): could not receive data: 9
[ 15534][E][WiFiUdp.cpp:221] parsePacket(): could not receive data: 9
[ 15540][E][WiFiUdp.cpp:221] parsePacket(): could not receive data: 9
[ 15546][E][WiFiUdp.cpp:221] parsePacket(): could not receive data: 9
[ 15552][E][WiFiUdp.cpp:221] parsePacket(): could not receive data: 9
[ 15558][E][WiFiUdp.cpp:221] parsePacket(): could not receive data: 9
[ 15564][E][WiFiUdp.cpp:221] parsePacket(): could not receive data: 9
[ 15570][E][WiFiUdp.cpp:221] parsePacket(): could not receive data: 9
[ 15576][E][WiFiUdp.cpp:221] parsePacket(): could not receive data: 9
[ 15582][E][WiFiUdp.cpp:221] parsePacket(): could not receive data: 9
[ 15588][E][WiFiUdp.cpp:221] parsePacket(): could not receive data: 9
[ 15594][E][WiFiUdp.cpp:221] parsePacket(): could not receive data: 9
[ 15600][E][WiFiUdp.cpp:221] parsePacket(): could not receive data: 9
[ 15606][E][WiFiUdp.cpp:221] parsePacket(): could not receive data: 9
[ 15612][E][WiFiUdp.cpp:221] parsePacket(): could not receive data: 9
[ 15618][E][WiFiUdp.cpp:221] parsePacket(): could not receive data: 9
[ 15624][E][WiFiUdp.cpp:221] parsePacket(): could not receive data: 9
[ 15630][E][WiFiUdp.cpp:221] parsePacket(): could not receive data: 9
[ 15636][E][WiFiUdp.cpp:221] parsePacket(): could not receive data: 9
[ 15642][E][WiFiUdp.cpp:221] parsePacket(): could not receive data: 9
[ 15648][E][WiFiUdp.cpp:221] parsePacket(): could not receive data: 9
[ 15654][E][WiFiUdp.cpp:221] parsePacket(): could not receive data: 9
[ 15660][E][WiFiUdp.cpp:221] parsePacket(): could not receive data: 9
[ 15666][E][WiFiUdp.cpp:221] parsePacket(): could not receive data: 9
[ 15672][E][WiFiUdp.cpp:221] parsePacket(): could not receive data: 9
[ 15678][E][WiFiUdp.cpp:221] parsePacket(): could not receive data: 9
[ 15684][E][WiFiUdp.cpp:221] parsePacket(): could not receive data: 9
[ 15690][E][WiFiUdp.cpp:221] parsePacket(): could not receive data: 9
[ 15696][E][WiFiUdp.cpp:221] parsePacket(): could not receive data: 9
[ 15702][E][WiFiUdp.cpp:221] parsePacket(): could not receive data: 9
[ 15708][E][WiFiUdp.cpp:221] parsePacket(): could not receive data: 9
[ 15714][E][WiFiUdp.cpp:221] parsePacket(): could not receive data: 9
[ 15720][E][WiFiUdp.cpp:221] parsePacket(): could not receive data: 9
[ 15726][E][WiFiUdp.cpp:221] parsePacket(): could not receive data: 9
[ 15732][E][WiFiUdp.cpp:221] parsePacket(): could not receive data: 9
[ 15738][E][WiFiUdp.cpp:221] parsePacket(): could not receive data: 9
[ 15744][E][WiFiUdp.cpp:221] parsePacket(): could not receive data: 9
[ 15750][E][WiFiUdp.cpp:221] parsePacket(): could not receive data: 9
[ 15756][E][WiFiUdp.cpp:221] parsePacket(): could not receive data: 9
[ 15762][E][WiFiUdp.cpp:221] parsePacket(): could not receive data: 9
[ 15768][E][WiFiUdp.cpp:221] parsePacket(): could not receive data: 9
[ 15774][E][WiFiUdp.cpp:221] parsePacket(): could not receive data: 9
[ 15780][E][WiFiUdp.cpp:221] parsePacket(): could not receive data: 9
[ 15786][E][WiFiUdp.cpp:221] parsePacket(): could not receive data: 9
[ 15792][E][WiFiUdp.cpp:221] parsePacket(): could not receive data: 9
[ 15798][E][WiFiUdp.cpp:221] parsePacket(): could not receive data: 9
[ 15804][E][WiFiUdp.cpp:221] parsePacket(): could not receive data: 9
[ 15810][E][WiFiUdp.cpp:221] parsePacket(): could not receive data: 9
[ 15816][E][WiFiUdp.cpp:221] parsePacket(): could not receive data: 9
[ 15822][E][WiFiUdp.cpp:221] parsePacket(): could not receive data: 9
[ 15828][E][WiFiUdp.cpp:221] parsePacket(): could not receive data: 9
[ 15834][E][WiFiUdp.cpp:221] parsePacket(): could not receive data: 9
[ 15840][E][WiFiUdp.cpp:221] parsePacket(): could not receive data: 9
[ 15846][E][WiFiUdp.cpp:221] parsePacket(): could not receive data: 9
[ 15852][E][WiFiUdp.cpp:221] parsePacket(): could not receive data: 9
[ 15857][E][WiFiUdp.cpp:221] parsePacket(): could not receive data: 9
[ 15862][E][WiFiUdp.cpp:221] parsePacket(): could not receive data: 9
[ 15868][E][WiFiUdp.cpp:221] parsePacket(): could not receive data: 9
[ 15874][E][WiFiUdp.cpp:221] parsePacket(): could not receive data: 9
[ 15880][E][WiFiUdp.cpp:221] parsePacket(): could not receive data: 9
[ 15886][E][WiFiUdp.cpp:221] parsePacket(): could not receive data: 9
[ 15892][E][WiFiUdp.cpp:221] parsePacket(): could not receive data: 9
[ 15898][E][WiFiUdp.cpp:221] parsePacket(): could not receive data: 9
[ 15904][E][WiFiUdp.cpp:221] parsePacket(): could not receive data: 9
[ 15910][E][WiFiUdp.cpp:221] parsePacket(): could not receive data: 9
[ 15916][E][WiFiUdp.cpp:221] parsePacket(): could not receive data: 9
[ 15922][E][WiFiUdp.cpp:221] parsePacket(): could not receive data: 9
[ 15928][E][WiFiUdp.cpp:221] parsePacket(): could not receive data: 9
[ 15934][E][WiFiUdp.cpp:221] parsePacket(): could not receive data: 9
[ 15940][E][WiFiUdp.cpp:221] parsePacket(): could not receive data: 9
[ 15946][E][WiFiUdp.cpp:221] parsePacket(): could not receive data: 9
[ 15952][E][WiFiUdp.cpp:221] parsePacket(): could not receive data: 9
[ 15958][E][WiFiUdp.cpp:221] parsePacket(): could not receive data: 9
[ 15964][E][WiFiUdp.cpp:221] parsePacket(): could not receive data: 9
[ 15970][E][WiFiUdp.cpp:221] parsePacket(): could not receive data: 9
[ 15976][E][WiFiUdp.cpp:221] parsePacket(): could not receive data: 9
[ 15982][E][WiFiUdp.cpp:221] parsePacket(): could not receive data: 9
[ 15988][E][WiFiUdp.cpp:221] parsePacket(): could not receive data: 9
[ 15994][E][WiFiUdp.cpp:221] parsePacket(): could not receive data: 9
[ 16000][E][WiFiUdp.cpp:221] parsePacket(): could not receive data: 9
[ 16006][E][WiFiUdp.cpp:221] parsePacket(): could not receive data: 9
[ 16012][E][WiFiUdp.cpp:221] parsePacket(): could not receive data: 9
[ 16018][E][WiFiUdp.cpp:221] parsePacket(): could not receive data: 9
[ 16024][E][WiFiUdp.cpp:221] parsePacket(): could not receive data: 9
[ 16029][E][WiFiUdp.cpp:221] parsePacket(): could not receive data: 9
[ 16035][E][WiFiUdp.cpp:221] parsePacket(): could not receive data: 9
[ 16041][E][WiFiUdp.cpp:221] parsePacket(): could not receive data: 9
[ 16047][E][WiFiUdp.cpp:221] parsePacket(): could not receive data: 9
[ 16053][E][WiFiUdp.cpp:221] parsePacket(): could not receive data: 9
[ 16059][E][WiFiUdp.cpp:221] parsePacket(): could not receive data: 9
[ 16065][E][WiFiUdp.cpp:221] parsePacket(): could not receive data: 9
[ 16071][E][WiFiUdp.cpp:221] parsePacket(): could not receive data: 9
[ 16077][E][WiFiUdp.cpp:221] parsePacket(): could not receive data: 9
[ 16083][E][WiFiUdp.cpp:221] parsePacket(): could not receive data: 9
[ 16089][E][WiFiUdp.cpp:221] parsePacket(): could not receive data: 9
[ 16095][E][WiFiUdp.cpp:221] parsePacket(): could not receive data: 9
[ 16101][E][WiFiUdp.cpp:221] parsePacket(): could not receive data: 9
[ 16107][E][WiFiUdp.cpp:221] parsePacket(): could not receive data: 9
[ 16113][E][WiFiUdp.cpp:221] parsePacket(): could not receive data: 9
[ 16119][E][WiFiUdp.cpp:221] parsePacket(): could not receive data: 9
[ 16125][E][WiFiUdp.cpp:221] parsePacket(): could not receive data: 9
[ 16131][E][WiFiUdp.cpp:221] parsePacket(): could not receive data: 9
[ 16137][E][WiFiUdp.cpp:221] parsePacket(): could not receive data: 9
[ 16143][E][WiFiUdp.cpp:221] parsePacket(): could not receive data: 9
[ 16149][E][WiFiUdp.cpp:221] parsePacket(): could not receive data: 9
[ 16155][E][WiFiUdp.cpp:221] parsePacket(): could not receive data: 9
[ 16161][E][WiFiUdp.cpp:221] parsePacket(): could not receive data: 9
[ 16167][E][WiFiUdp.cpp:221] parsePacket(): could not receive data: 9
[ 16173][E][WiFiUdp.cpp:221] parsePacket(): could not receive data: 9
[ 16179][E][WiFiUdp.cpp:221] parsePacket(): could not receive data: 9
[ 16185][E][WiFiUdp.cpp:221] parsePacket(): could not receive data: 9
[ 16191][E][WiFiUdp.cpp:221] parsePacket(): could not receive data: 9
[ 16197][E][WiFiUdp.cpp:221] parsePacket(): could not receive data: 9
[ 16203][E][WiFiUdp.cpp:221] parsePacket(): could not receive data: 9
[ 16209][E][WiFiUdp.cpp:221] parsePacket(): could not receive data: 9
[ 16215][E][WiFiUdp.cpp:221] parsePacket(): could not receive data: 9
[ 16221][E][WiFiUdp.cpp:221] parsePacket(): could not receive data: 9
[ 16227][E][WiFiUdp.cpp:221] parsePacket(): could not receive data: 9
[ 16233][E][WiFiUdp.cpp:221] parsePacket(): could not receive data: 9
[ 16239][E][WiFiUdp.cpp:221] parsePacket(): could not receive data: 9
[ 16245][E][WiFiUdp.cpp:221] parsePacket(): could not receive data: 9
[ 16251][E][WiFiUdp.cpp:221] parsePacket(): could not receive data: 9
[ 16257][E][WiFiUdp.cpp:221] parsePacket(): could not receive data: 9
[ 16263][E][WiFiUdp.cpp:221] parsePacket(): could not receive data: 9
[ 16269][E][WiFiUdp.cpp:221] parsePacket(): could not receive data: 9
[ 16275][E][WiFiUdp.cpp:221] parsePacket(): could not receive data: 9
[ 16281][E][WiFiUdp.cpp:221] parsePacket(): could not receive data: 9
[ 16287][E][WiFiUdp.cpp:221] parsePacket(): could not receive data: 9
[ 16293][E][WiFiUdp.cpp:221] parsePacket(): could not receive data: 9
[ 16299][E][WiFiUdp.cpp:221] parsePacket(): could not receive data: 9
[ 16305][E][WiFiUdp.cpp:221] parsePacket(): could not receive data: 9
[ 16311][E][WiFiUdp.cpp:221] parsePacket(): could not receive data: 9
[ 16317][E][WiFiUdp.cpp:221] parsePacket(): could not receive data: 9
[ 16323][E][WiFiUdp.cpp:221] parsePacket(): could not receive data: 9
[ 16329][E][WiFiUdp.cpp:221] parsePacket(): could not receive data: 9
[ 16335][E][WiFiUdp.cpp:221] parsePacket(): could not receive data: 9
[ 16341][E][WiFiUdp.cpp:221] parsePacket(): could not receive data: 9
[ 16347][E][WiFiUdp.cpp:221] parsePacket(): could not receive data: 9
[ 16353][E][WiFiUdp.cpp:221] parsePacket(): could not receive data: 9
[ 16359][E][WiFiUdp.cpp:221] parsePacket(): could not receive data: 9
[ 16365][E][WiFiUdp.cpp:221] parsePacket(): could not receive data: 9
[ 16371][E][WiFiUdp.cpp:221] parsePacket(): could not receive data: 9
[ 16377][E][WiFiUdp.cpp:221] parsePacket(): could not receive data: 9
[ 16383][E][WiFiUdp.cpp:221] parsePacket(): could not receive data: 9
[ 16389][E][WiFiUdp.cpp:221] parsePacket(): could not receive data: 9
[ 16395][E][WiFiUdp.cpp:221] parsePacket(): could not receive data: 9
[ 16401][E][WiFiUdp.cpp:221] parsePacket(): could not receive data: 9
[ 16407][E][WiFiUdp.cpp:221] parsePacket(): could not receive data: 9
[ 16413][E][WiFiUdp.cpp:221] parsePacket(): could not receive data: 9
[ 16419][E][WiFiUdp.cpp:221] parsePacket(): could not receive data: 9
[ 16426][E][WiFiUdp.cpp:221] parsePacket(): could not receive data: 9
[ 16432][E][WiFiUdp.cpp:221] parsePacket(): could not receive data: 9
[ 16438][E][WiFiUdp.cpp:221] parsePacket(): could not receive data: 9
[ 16444][E][WiFiUdp.cpp:221] parsePacket(): could not receive data: 9
[ 16450][E][WiFiUdp.cpp:221] parsePacket(): could not receive data: 9
[ 16456][E][WiFiUdp.cpp:221] parsePacket(): could not receive data: 9
[ 16462][E][WiFiUdp.cpp:221] parsePacket(): could not receive data: 9
[ 16468][E][WiFiUdp.cpp:221] parsePacket(): could not receive data: 9
[ 16474][E][WiFiUdp.cpp:221] parsePacket(): could not receive data: 9
[ 16480][E][WiFiUdp.cpp:221] parsePacket(): could not receive data: 9
[ 16486][E][WiFiUdp.cpp:221] parsePacket(): could not receive data: 9
[ 16492][E][WiFiUdp.cpp:221] parsePacket(): could not receive data: 9
[ 16498][E][WiFiUdp.cpp:221] parsePacket(): could not receive data: 9
[ 16504][E][WiFiUdp.cpp:221] parsePacket(): could not receive data: 9
[ 16510][E][WiFiUdp.cpp:221] parsePacket(): could not receive data: 9
[ 16516][E][WiFiUdp.cpp:221] parsePacket(): could not receive data: 9
[ 16522][E][WiFiUdp.cpp:221] parsePacket(): could not receive data: 9
[ 16528][E][WiFiUdp.cpp:221] parsePacket(): could not receive data: 9
[ 16534][E][WiFiUdp.cpp:221] parsePacket(): could not receive data: 9
[ 16540][E][WiFiUdp.cpp:221] parsePacket(): could not receive data: 9
[ 16546][E][WiFiUdp.cpp:221] parsePacket(): could not receive data: 9
[ 16552][E][WiFiUdp.cpp:221] parsePacket(): could not receive data: 9
[ 16558][E][WiFiUdp.cpp:221] parsePacket(): could not receive data: 9
[ 16564][E][WiFiUdp.cpp:221] parsePacket(): could not receive data: 9
[ 16569][E][WiFiUdp.cpp:221] parsePacket(): could not receive data: 9
[ 16574][E][WiFiUdp.cpp:221] parsePacket(): could not receive data: 9
[ 16580][E][WiFiUdp.cpp:221] parsePacket(): could not receive data: 9
[ 16586][E][WiFiUdp.cpp:221] parsePacket(): could not receive data: 9
[ 16592][E][WiFiUdp.cpp:221] parsePacket(): could not receive data: 9
[ 16598][E][WiFiUdp.cpp:221] parsePacket(): could not receive data: 9
[ 16604][E][WiFiUdp.cpp:221] parsePacket(): could not receive data: 9
[ 16610][E][WiFiUdp.cpp:221] parsePacket(): could not receive data: 9
[ 16616][E][WiFiUdp.cpp:221] parsePacket(): could not receive data: 9
[ 16622][E][WiFiUdp.cpp:221] parsePacket(): could not receive data: 9
[ 16628][E][WiFiUdp.cpp:221] parsePacket(): could not receive data: 9
[ 16633][E][WiFiUdp.cpp:221] parsePacket(): could not receive data: 9
[ 16639][E][WiFiUdp.cpp:221] parsePacket(): could not receive data: 9
[ 16645][E][WiFiUdp.cpp:221] parsePacket(): could not receive data: 9
[ 16651][E][WiFiUdp.cpp:221] parsePacket(): could not receive data: 9
[ 16657][E][WiFiUdp.cpp:221] parsePacket(): could not receive data: 9
[ 16662][E][WiFiUdp.cpp:221] parsePacket(): could not receive data: 9
[ 16668][E][WiFiUdp.cpp:221] parsePacket(): could not receive data: 9
[ 16674][E][WiFiUdp.cpp:221] parsePacket(): could not receive data: 9
[ 16680][E][WiFiUdp.cpp:221] parsePacket(): could not receive data: 9
[ 16686][E][WiFiUdp.cpp:221] parsePacket(): could not receive data: 9
[ 16692][E][WiFiUdp.cpp:221] parsePacket(): could not receive data: 9
[ 16698][E][WiFiUdp.cpp:221] parsePacket(): could not receive data: 9
[ 16704][E][WiFiUdp.cpp:221] parsePacket(): could not receive data: 9
[ 16710][E][WiFiUdp.cpp:221] parsePacket(): could not receive data: 9
[ 16716][E][WiFiUdp.cpp:221] parsePacket(): could not receive data: 9
[ 16722][E][WiFiUdp.cpp:221] parsePacket(): could not receive data: 9
[ 16728][E][WiFiUdp.cpp:221] parsePacket(): could not receive data: 9
[ 16734][E][WiFiUdp.cpp:221] parsePacket(): could not receive data: 9
[ 16740][E][WiFiUdp.cpp:221] parsePacket(): could not receive data: 9
[ 16746][E][WiFiUdp.cpp:221] parsePacket(): could not receive data: 9
[ 16752][E][WiFiUdp.cpp:221] parsePacket(): could not receive data: 9
[ 16758][E][WiFiUdp.cpp:221] parsePacket(): could not receive data: 9
[ 16764][E][WiFiUdp.cpp:221] parsePacket(): could not receive data: 9
[ 16770][E][WiFiUdp.cpp:221] parsePacket(): could not receive data: 9
[ 16776][E][WiFiUdp.cpp:221] parsePacket(): could not receive data: 9
[ 16782][E][WiFiUdp.cpp:221] parsePacket(): could not receive data: 9
[ 16788][E][WiFiUdp.cpp:221] parsePacket(): could not receive data: 9
[ 16794][E][WiFiUdp.cpp:221] parsePacket(): could not receive data: 9
[ 16800][E][WiFiUdp.cpp:221] parsePacket(): could not receive data: 9
[ 16806][E][WiFiUdp.cpp:221] parsePacket(): could not receive data: 9
[ 16812][E][WiFiUdp.cpp:221] parsePacket(): could not receive data: 9
[ 16818][E][WiFiUdp.cpp:221] parsePacket(): could not receive data: 9
[ 16824][E][WiFiUdp.cpp:221] parsePacket(): could not receive data: 9
[ 16830][E][WiFiUdp.cpp:221] parsePacket(): could not receive data: 9
[ 16836][E][WiFiUdp.cpp:221] parsePacket(): could not receive data: 9
[ 16842][E][WiFiUdp.cpp:221] parsePacket(): could not receive data: 9
[ 16848][E][WiFiUdp.cpp:221] parsePacket(): could not receive data: 9
[ 16854][E][WiFiUdp.cpp:221] parsePacket(): could not receive data: 9
[ 16860][E][WiFiUdp.cpp:221] parsePacket(): could not receive data: 9
[ 16866][E][WiFiUdp.cpp:221] parsePacket(): could not receive data: 9
[ 16872][E][WiFiUdp.cpp:221] parsePacket(): could not receive data: 9
[ 16878][E][WiFiUdp.cpp:221] parsePacket(): could not receive data: 9
[ 16884][E][WiFiUdp.cpp:221] parsePacket(): could not receive data: 9
[ 16890][E][WiFiUdp.cpp:221] parsePacket(): could not receive data: 9
[ 16896][E][WiFiUdp.cpp:221] parsePacket(): could not receive data: 9
[ 16902][E][WiFiUdp.cpp:221] parsePacket(): could not receive data: 9
[ 16908][E][WiFiUdp.cpp:221] parsePacket(): could not receive data: 9
[ 16914][E][WiFiUdp.cpp:221] parsePacket(): could not receive data: 9
[ 16919][E][WiFiUdp.cpp:221] parsePacket(): could not receive data: 9
[ 16925][E][WiFiUdp.cpp:221] parsePacket(): could not receive data: 9
[ 16931][E][WiFiUdp.cpp:221] parsePacket(): could not receive data: 9
[ 16937][E][WiFiUdp.cpp:221] parsePacket(): could not receive data: 9
[ 16943][E][WiFiUdp.cpp:221] parsePacket(): could not receive data: 9
[ 16949][E][WiFiUdp.cpp:221] parsePacket(): could not receive data: 9
[ 16955][E][WiFiUdp.cpp:221] parsePacket(): could not receive data: 9
[ 16961][E][WiFiUdp.cpp:221] parsePacket(): could not receive data: 9
[ 16967][E][WiFiUdp.cpp:221] parsePacket(): could not receive data: 9
[ 16973][E][WiFiUdp.cpp:221] parsePacket(): could not receive data: 9
[ 16979][E][WiFiUdp.cpp:221] parsePacket(): could not receive data: 9
[ 16985][E][WiFiUdp.cpp:221] parsePacket(): could not receive data: 9
[ 16991][E][WiFiUdp.cpp:221] parsePacket(): could not receive data: 9
[ 16997][E][WiFiUdp.cpp:221] parsePacket(): could not receive data: 9
[ 17003][E][WiFiUdp.cpp:221] parsePacket(): could not receive data: 9
[ 17009][E][WiFiUdp.cpp:221] parsePacket(): could not receive data: 9
[ 17015][E][WiFiUdp.cpp:221] parsePacket(): could not receive data: 9
[ 17021][E][WiFiUdp.cpp:221] parsePacket(): could not receive data: 9
[ 17027][E][WiFiUdp.cpp:221] parsePacket(): could not receive data: 9
[ 17033][E][WiFiUdp.cpp:221] parsePacket(): could not receive data: 9
[ 17039][E][WiFiUdp.cpp:221] parsePacket(): could not receive data: 9
[ 17045][E][WiFiUdp.cpp:221] parsePacket(): could not receive data: 9
[ 17051][E][WiFiUdp.cpp:221] parsePacket(): could not receive data: 9
[ 17057][E][WiFiUdp.cpp:221] parsePacket(): could not receive data: 9
[ 17063][E][WiFiUdp.cpp:221] parsePacket(): could not receive data: 9
[ 17069][E][WiFiUdp.cpp:221] parsePacket(): could not receive data: 9
[ 17075][E][WiFiUdp.cpp:221] parsePacket(): could not receive data: 9
[ 17081][E][WiFiUdp.cpp:221] parsePacket(): could not receive data: 9
[ 17087][E][WiFiUdp.cpp:221] parsePacket(): could not receive data: 9
[ 17092][E][WiFiUdp.cpp:221] parsePacket(): could not receive data: 9
[ 17097][E][WiFiUdp.cpp:221] parsePacket(): could not receive data: 9
[ 17103][E][WiFiUdp.cpp:221] parsePacket(): could not receive data: 9
[ 17108][E][WiFiUdp.cpp:221] parsePacket(): could not receive data: 9
[ 17114][E][WiFiUdp.cpp:221] parsePacket(): could not receive data: 9
[ 17120][E][WiFiUdp.cpp:221] parsePacket(): could not receive data: 9
[ 17126][E][WiFiUdp.cpp:221] parsePacket(): could not receive data: 9
[ 17132][E][WiFiUdp.cpp:221] parsePacket(): could not receive data: 9
[ 17138][E][WiFiUdp.cpp:221] parsePacket(): could not receive data: 9
[ 17144][E][WiFiUdp.cpp:221] parsePacket(): could not receive data: 9
[ 17150][E][WiFiUdp.cpp:221] parsePacket(): could not receive data: 9
[ 17156][E][WiFiUdp.cpp:221] parsePacket(): could not receive data: 9
[ 17162][E][WiFiUdp.cpp:221] parsePacket(): could not receive data: 9
[ 17168][E][WiFiUdp.cpp:221] parsePacket(): could not receive data: 9
[ 17174][E][WiFiUdp.cpp:221] parsePacket(): could not receive data: 9
[ 17180][E][WiFiUdp.cpp:221] parsePacket(): could not receive data: 9
[ 17186][E][WiFiUdp.cpp:221] parsePacket(): could not receive data: 9
[ 17192][E][WiFiUdp.cpp:221] parsePacket(): could not receive data: 9
[ 17198][E][WiFiUdp.cpp:221] parsePacket(): could not receive data: 9
[ 17204][E][WiFiUdp.cpp:221] parsePacket(): could not receive data: 9
[ 17210][E][WiFiUdp.cpp:221] parsePacket(): could not receive data: 9
[ 17216][E][WiFiUdp.cpp:221] parsePacket(): could not receive data: 9
[ 17222][E][WiFiUdp.cpp:221] parsePacket(): could not receive data: 9
[ 17228][E][WiFiUdp.cpp:221] parsePacket(): could not receive data: 9
[ 17234][E][WiFiUdp.cpp:221] parsePacket(): could not receive data: 9
[ 17240][E][WiFiUdp.cpp:221] parsePacket(): could not receive data: 9
[ 17246][E][WiFiUdp.cpp:221] parsePacket(): could not receive data: 9
[ 17252][E][WiFiUdp.cpp:221] parsePacket(): could not receive data: 9
[ 17258][E][WiFiUdp.cpp:221] parsePacket(): could not receive data: 9
[ 17264][E][WiFiUdp.cpp:221] parsePacket(): could not receive data: 9
[ 17270][E][WiFiUdp.cpp:221] parsePacket(): could not receive data: 9
[ 17276][E][WiFiUdp.cpp:221] parsePacket(): could not receive data: 9
[ 17282][E][WiFiUdp.cpp:221] parsePacket(): could not receive data: 9
[ 17288][E][WiFiUdp.cpp:221] parsePacket(): could not receive data: 9
[ 17294][E][WiFiUdp.cpp:221] parsePacket(): could not receive data: 9
[ 17300][E][WiFiUdp.cpp:221] parsePacket(): could not receive data: 9
[ 17306][E][WiFiUdp.cpp:221] parsePacket(): could not receive data: 9
[ 17312][E][WiFiUdp.cpp:221] parsePacket(): could not receive data: 9
[ 17318][E][WiFiUdp.cpp:221] parsePacket(): could not receive data: 9
[ 17324][E][WiFiUdp.cpp:221] parsePacket(): could not receive data: 9
[ 17330][E][WiFiUdp.cpp:221] parsePacket(): could not receive data: 9
[ 17336][E][WiFiUdp.cpp:221] parsePacket(): could not receive data: 9
[ 17342][E][WiFiUdp.cpp:221] parsePacket(): could not receive data: 9
[ 17348][E][WiFiUdp.cpp:221] parsePacket(): could not receive data: 9
[ 17354][E][WiFiUdp.cpp:221] parsePacket(): could not receive data: 9
[ 17360][E][WiFiUdp.cpp:221] parsePacket(): could not receive data: 9
[ 17366][E][WiFiUdp.cpp:221] parsePacket(): could not receive data: 9
[ 17372][E][WiFiUdp.cpp:221] parsePacket(): could not receive data: 9
[ 17378][E][WiFiUdp.cpp:221] parsePacket(): could not receive data: 9
[CON ]...accept() fd=50 free=132748
[CON ]...Client authenticated on port 2323. free heap=127536
-[ 17386][E][WiFiUdp.cpp:221] parsePacket(): could not receive data: 9
-[ 17392][E][WiFiUdp.cpp:221] parsePacket(): could not receive data: 9
i[ 17398][E][WiFiUdp.cpp:221] parsePacket(): could not receive data: 9
n[ 17405][E][WiFiUdp.cpp:221] parsePacket(): could not receive data: 9
f[ 17411][E][WiFiUdp.cpp:221] parsePacket(): could not receive data: 9
o[ 17417][E][WiFiUdp.cpp:221] parsePacket(): could not receive data: 9
[ 17422][E][WiFiUdp.cpp:221] parsePacket(): could not receive data: 9

--MeshCom 4.35t (build: Sep 26 2026 / 22:38:41)
...UPDATE: 
...Call: <TE5T-1> ...ID 00000000 ...NODE 39 <EBYTE_E22> ...UTC-OFF 1.000000 [CPU]
...BATT 4.10 V ...BATT 85 % ...MAXV 4.200 V
...TIME 17432 ms
...Flash-Version 20260724
...NOMSGALL off ...MESH off ...BUTTON (12) off ...SOFTSER off ... SOFTSERREAD off
...PASSWD <>
...DEBUG man ...DEBUG en
...DEBUG off ...LORADEBUG off ...GPSDEBUG off/0 ...SOFTSERDEBUG off
...WXDEBUG off ...BLEDEBUG off
...DisplayInfo off ...DisplayCont off ...DisplyLog off ...contrast 255 ...ackinfo off
...EXTUDP off ...EXT IP none ...NOPMOTHER off
...BTCODE 000000
...APRSMC: DL0ABC
...ATXT: 
...NAME: 
...BLE : short
...DISPLAY on
...CTRY EU8
...FREQ 433.1750 MHz TXPWR 17 dBm RXBOOST off
...MAXHOP text 4 / pos 2

...Webserver  on / Webpwd <> / Gateway off 
...NETConsole on (port 2323)
...KISS/TCP   off / TX off / RxMeta off / Auth off
...WIFI-AP    off
...SSID <none> / PASSWORD <***>
...NETWORK Mode:WiFi
...hasIpAddress: yes
...IP address   : 10.0.2.15
...SUBNET-MASK  : 255.255.255.0
...GW address   : 10.0.2.5
...DNS address  : 
...UDP-HBeat : 17445
[ 17446][E][WiFiUdp.cpp:221] parsePacket(): could not receive data: 9
[ 17456][E][WiFiUdp.cpp:221] parsePacket(): could not receive data: 9
[ 17463][E][WiFiUdp.cpp:221] parsePacket(): could not receive data: 9
[ 17469][E][WiFiUdp.cpp:221] parsePacket(): could not receive data: 9
[ 17475][E][WiFiUdp.cpp:221] parsePacket(): could not receive data: 9
[ 17481][E][WiFiUdp.cpp:221] parsePacket(): could not receive data: 9
[ 17487][E][WiFiUdp.cpp:221] parsePacket(): could not receive data: 9
[ 17493][E][WiFiUdp.cpp:221] parsePacket(): could not receive data: 9
[ 17499][E][WiFiUdp.cpp:221] parsePacket(): could not receive data: 9
[ 17505][E][WiFiUdp.cpp:221] parsePacket(): could not receive data: 9
[ 17511][E][WiFiUdp.cpp:221] parsePacket(): could not receive data: 9
[ 17517][E][WiFiUdp.cpp:221] parsePacket(): could not receive data: 9
[ 17523][E][WiFiUdp.cpp:221] parsePacket(): could not receive data: 9
[ 17529][E][WiFiUdp.cpp:221] parsePacket(): could not receive data: 9
[ 17535][E][WiFiUdp.cpp:221] parsePacket(): could not receive data: 9
[ 17541][E][WiFiUdp.cpp:221] parsePacket(): could not receive data: 9
[ 17547][E][WiFiUdp.cpp:221] parsePacket(): could not receive data: 9
[ 17553][E][WiFiUdp.cpp:221] parsePacket(): could not receive data: 9
[ 17558][E][WiFiUdp.cpp:221] parsePacket(): could not receive data: 9
[ 17564][E][WiFiUdp.cpp:221] parsePacket(): could not receive data: 9
[ 17570][E][WiFiUdp.cpp:221] parsePacket(): could not receive data: 9
[ 17576][E][WiFiUdp.cpp:221] parsePacket(): could not receive data: 9
[ 17582][E][WiFiUdp.cpp:221] parsePacket(): could not receive data: 9
[ 17588][E][WiFiUdp.cpp:221] parsePacket(): could not receive data: 9
[ 17594][E][WiFiUdp.cpp:221] parsePacket(): could not receive data: 9
[ 17600][E][WiFiUdp.cpp:221] parsePacket(): could not receive data: 9
[ 17606][E][WiFiUdp.cpp:221] parsePacket(): could not receive data: 9
[ 17612][E][WiFiUdp.cpp:221] parsePacket(): could not receive data: 9
[ 17618][E][WiFiUdp.cpp:221] parsePacket(): could not receive data: 9
[ 17624][E][WiFiUdp.cpp:221] parsePacket(): could not receive data: 9
[ 17630][E][WiFiUdp.cpp:221] parsePacket(): could not receive data: 9
[ 17636][E][WiFiUdp.cpp:221] parsePacket(): could not receive data: 9
[ 17642][E][WiFiUdp.cpp:221] parsePacket(): could not receive data: 9
[ 17648][E][WiFiUdp.cpp:221] parsePacket(): could not receive data: 9
[ 17654][E][WiFiUdp.cpp:221] parsePacket(): could not receive data: 9
[ 17660][E][WiFiUdp.cpp:221] parsePacket(): could not receive data: 9
[ 17666][E][WiFiUdp.cpp:221] parsePacket(): could not receive data: 9
[ 17672][E][WiFiUdp.cpp:221] parsePacket(): could not receive data: 9
[ 17678][E][WiFiUdp.cpp:221] parsePacket(): could not receive data: 9
[ 17684][E][WiFiUdp.cpp:221] parsePacket(): could not receive data: 9
[ 17690][E][WiFiUdp.cpp:221] parsePacket(): could not receive data: 9
[ 17696][E][WiFiUdp.cpp:221] parsePacket(): could not receive data: 9
[ 17702][E][WiFiUdp.cpp:221] parsePacket(): could not receive data: 9
[ 17708][E][WiFiUdp.cpp:221] parsePacket(): could not receive data: 9
[ 17714][E][WiFiUdp.cpp:221] parsePacket(): could not receive data: 9
[ 17720][E][WiFiUdp.cpp:221] parsePacket(): could not receive data: 9
[ 17726][E][WiFiUdp.cpp:221] parsePacket(): could not receive data: 9
[ 17732][E][WiFiUdp.cpp:221] parsePacket(): could not receive data: 9
[ 17738][E][WiFiUdp.cpp:221] parsePacket(): could not receive data: 9
[ 17744][E][WiFiUdp.cpp:221] parsePacket(): could not receive data: 9
[ 17750][E][WiFiUdp.cpp:221] parsePacket(): could not receive data: 9
[ 17756][E][WiFiUdp.cpp:221] parsePacket(): could not receive data: 9
[ 17762][E][WiFiUdp.cpp:221] parsePacket(): could not receive data: 9
[ 17768][E][WiFiUdp.cpp:221] parsePacket(): could not receive data: 9
[ 17774][E][WiFiUdp.cpp:221] parsePacket(): could not receive data: 9
[ 17780][E][WiFiUdp.cpp:221] parsePacket(): could not receive data: 9
[ 17786][E][WiFiUdp.cpp:221] parsePacket(): could not receive data: 9
[ 17792][E][WiFiUdp.cpp:221] parsePacket(): could not receive data: 9
[ 17798][E][WiFiUdp.cpp:221] parsePacket(): could not receive data: 9
[ 17804][E][WiFiUdp.cpp:221] parsePacket(): could not receive data: 9
[ 17810][E][WiFiUdp.cpp:221] parsePacket(): could not receive data: 9
[ 17816][E][WiFiUdp.cpp:221] parsePacket(): could not receive data: 9
[ 17822][E][WiFiUdp.cpp:221] parsePacket(): could not receive data: 9
[ 17828][E][WiFiUdp.cpp:221] parsePacket(): could not receive data: 9
[ 17834][E][WiFiUdp.cpp:221] parsePacket(): could not receive data: 9
[ 17840][E][WiFiUdp.cpp:221] parsePacket(): could not receive data: 9
[ 17846][E][WiFiUdp.cpp:221] parsePacket(): could not receive data: 9
[ 17852][E][WiFiUdp.cpp:221] parsePacket(): could not receive data: 9
[ 17858][E][WiFiUdp.cpp:221] parsePacket(): could not receive data: 9
[ 17864][E][WiFiUdp.cpp:221] parsePacket(): could not receive data: 9
[ 17869][E][WiFiUdp.cpp:221] parsePacket(): could not receive data: 9
[ 17875][E][WiFiUdp.cpp:221] parsePacket(): could not receive data: 9
[ 17881][E][WiFiUdp.cpp:221] parsePacket(): could not receive data: 9
[ 17887][E][WiFiUdp.cpp:221] parsePacket(): could not receive data: 9
[ 17893][E][WiFiUdp.cpp:221] parsePacket(): could not receive data: 9
[ 17899][E][WiFiUdp.cpp:221] parsePacket(): could not receive data: 9
[ 17905][E][WiFiUdp.cpp:221] parsePacket(): could not receive data: 9
[ 17911][E][WiFiUdp.cpp:221] parsePacket(): could not receive data: 9
[ 17917][E][WiFiUdp.cpp:221] parsePacket(): could not receive data: 9
[ 17923][E][WiFiUdp.cpp:221] parsePacket(): could not receive data: 9
[ 17929][E][WiFiUdp.cpp:221] parsePacket(): could not receive data: 9
[ 17934][E][WiFiUdp.cpp:221] parsePacket(): could not receive data: 9
[ 17940][E][WiFiUdp.cpp:221] parsePacket(): could not receive data: 9
[ 17946][E][WiFiUdp.cpp:221] parsePacket(): could not receive data: 9
[ 17952][E][WiFiUdp.cpp:221] parsePacket(): could not receive data: 9
[ 17958][E][WiFiUdp.cpp:221] parsePacket(): could not receive data: 9
[ 17964][E][WiFiUdp.cpp:221] parsePacket(): could not receive data: 9
[ 17970][E][WiFiUdp.cpp:221] parsePacket(): could not receive data: 9
[ 17976][E][WiFiUdp.cpp:221] parsePacket(): could not receive data: 9
[ 17982][E][WiFiUdp.cpp:221] parsePacket(): could not receive data: 9
[ 17988][E][WiFiUdp.cpp:221] parsePacket(): could not receive data: 9
[ 17994][E][WiFiUdp.cpp:221] parsePacket(): could not receive data: 9
[ 18000][E][WiFiUdp.cpp:221] parsePacket(): could not receive data: 9
[ 18006][E][WiFiUdp.cpp:221] parsePacket(): could not receive data: 9
[ 18012][E][WiFiUdp.cpp:221] parsePacket(): could not receive data: 9
[ 18018][E][WiFiUdp.cpp:221] parsePacket(): could not receive data: 9
[ 18024][E][WiFiUdp.cpp:221] parsePacket(): could not receive data: 9
[ 18030][E][WiFiUdp.cpp:221] parsePacket(): could not receive data: 9
[ 18036][E][WiFiUdp.cpp:221] parsePacket(): could not receive data: 9
[ 18042][E][WiFiUdp.cpp:221] parsePacket(): could not receive data: 9
[ 18048][E][WiFiUdp.cpp:221] parsePacket(): could not receive data: 9
[ 18054][E][WiFiUdp.cpp:221] parsePacket(): could not receive data: 9
[ 18060][E][WiFiUdp.cpp:221] parsePacket(): could not receive data: 9
[ 18066][E][WiFiUdp.cpp:221] parsePacket(): could not receive data: 9
[ 18072][E][WiFiUdp.cpp:221] parsePacket(): could not receive data: 9
[ 18078][E][WiFiUdp.cpp:221] parsePacket(): could not receive data: 9
[ 18084][E][WiFiUdp.cpp:221] parsePacket(): could not receive data: 9
[ 18090][E][WiFiUdp.cpp:221] parsePacket(): could not receive data: 9
[ 18096][E][WiFiUdp.cpp:221] parsePacket(): could not receive data: 9
[ 18102][E][WiFiUdp.cpp:221] parsePacket(): could not receive data: 9
[ 18108][E][WiFiUdp.cpp:221] parsePacket(): could not receive data: 9
[ 18114][E][WiFiUdp.cpp:221] parsePacket(): could not receive data: 9
[ 18120][E][WiFiUdp.cpp:221] parsePacket(): could not receive data: 9
[ 18126][E][WiFiUdp.cpp:221] parsePacket(): could not receive data: 9
[ 18131][E][WiFiUdp.cpp:221] parsePacket(): could not receive data: 9
[ 18136][E][WiFiUdp.cpp:221] parsePacket(): could not receive data: 9
[ 18142][E][WiFiUdp.cpp:221] parsePacket(): could not receive data: 9
[ 18148][E][WiFiUdp.cpp:221] parsePacket(): could not receive data: 9
[ 18154][E][WiFiUdp.cpp:221] parsePacket(): could not receive data: 9
[ 18160][E][WiFiUdp.cpp:221] parsePacket(): could not receive data: 9
[ 18165][E][WiFiUdp.cpp:221] parsePacket(): could not receive data: 9
[ 18171][E][WiFiUdp.cpp:221] parsePacket(): could not receive data: 9
[ 18177][E][WiFiUdp.cpp:221] parsePacket(): could not receive data: 9
[ 18183][E][WiFiUdp.cpp:221] parsePacket(): could not receive data: 9
[ 18189][E][WiFiUdp.cpp:221] parsePacket(): could not receive data: 9
[ 18195][E][WiFiUdp.cpp:221] parsePacket(): could not receive data: 9
[ 18201][E][WiFiUdp.cpp:221] parsePacket(): could not receive data: 9
[ 18207][E][WiFiUdp.cpp:221] parsePacket(): could not receive data: 9
[ 18213][E][WiFiUdp.cpp:221] parsePacket(): could not receive data: 9
[ 18219][E][WiFiUdp.cpp:221] parsePacket(): could not receive data: 9
[ 18225][E][WiFiUdp.cpp:221] parsePacket(): could not receive data: 9
[ 18231][E][WiFiUdp.cpp:221] parsePacket(): could not receive data: 9
[ 18237][E][WiFiUdp.cpp:221] parsePacket(): could not receive data: 9
[ 18243][E][WiFiUdp.cpp:221] parsePacket(): could not receive data: 9
[ 18249][E][WiFiUdp.cpp:221] parsePacket(): could not receive data: 9
[ 18255][E][WiFiUdp.cpp:221] parsePacket(): could not receive data: 9
[ 18261][E][WiFiUdp.cpp:221] parsePacket(): could not receive data: 9
[ 18267][E][WiFiUdp.cpp:221] parsePacket(): could not receive data: 9
[ 18273][E][WiFiUdp.cpp:221] parsePacket(): could not receive data: 9
[ 18279][E][WiFiUdp.cpp:221] parsePacket(): could not receive data: 9
[ 18285][E][WiFiUdp.cpp:221] parsePacket(): could not receive data: 9
[ 18291][E][WiFiUdp.cpp:221] parsePacket(): could not receive data: 9
[ 18297][E][WiFiUdp.cpp:221] parsePacket(): could not receive data: 9
[ 18303][E][WiFiUdp.cpp:221] parsePacket(): could not receive data: 9
[ 18309][E][WiFiUdp.cpp:221] parsePacket(): could not receive data: 9
[ 18315][E][WiFiUdp.cpp:221] parsePacket(): could not receive data: 9
[ 18321][E][WiFiUdp.cpp:221] parsePacket(): could not receive data: 9
[ 18327][E][WiFiUdp.cpp:221] parsePacket(): could not receive data: 9
[ 18333][E][WiFiUdp.cpp:221] parsePacket(): could not receive data: 9
[ 18339][E][WiFiUdp.cpp:221] parsePacket(): could not receive data: 9
[ 18345][E][WiFiUdp.cpp:221] parsePacket(): could not receive data: 9
[ 18351][E][WiFiUdp.cpp:221] parsePacket(): could not receive data: 9
[ 18357][E][WiFiUdp.cpp:221] parsePacket(): could not receive data: 9
[ 18363][E][WiFiUdp.cpp:221] parsePacket(): could not receive data: 9
[ 18369][E][WiFiUdp.cpp:221] parsePacket(): could not receive data: 9
[ 18375][E][WiFiUdp.cpp:221] parsePacket(): could not receive data: 9
[ 18381][E][WiFiUdp.cpp:221] parsePacket(): could not receive data: 9
[ 18387][E][WiFiUdp.cpp:221] parsePacket(): could not receive data: 9
[ 18392][E][WiFiUdp.cpp:221] parsePacket(): could not receive data: 9
[ 18397][E][WiFiUdp.cpp:221] parsePacket(): could not receive data: 9
[ 18403][E][WiFiUdp.cpp:221] parsePacket(): could not receive data: 9
[ 18409][E][WiFiUdp.cpp:221] parsePacket(): could not receive data: 9
[ 18415][E][WiFiUdp.cpp:221] parsePacket(): could not receive data: 9
[ 18421][E][WiFiUdp.cpp:221] parsePacket(): could not receive data: 9
[ 18427][E][WiFiUdp.cpp:221] parsePacket(): could not receive data: 9
[ 18433][E][WiFiUdp.cpp:221] parsePacket(): could not receive data: 9
[ 18439][E][WiFiUdp.cpp:221] parsePacket(): could not receive data: 9
[ 18445][E][WiFiUdp.cpp:221] parsePacket(): could not receive data: 9
[ 18451][E][WiFiUdp.cpp:221] parsePacket(): could not receive data: 9
[ 18457][E][WiFiUdp.cpp:221] parsePacket(): could not receive data: 9
[ 18463][E][WiFiUdp.cpp:221] parsePacket(): could not receive data: 9
[ 18469][E][WiFiUdp.cpp:221] parsePacket(): could not receive data: 9
[ 18475][E][WiFiUdp.cpp:221] parsePacket(): could not receive data: 9
[ 18481][E][WiFiUdp.cpp:221] parsePacket(): could not receive data: 9
[ 18487][E][WiFiUdp.cpp:221] parsePacket(): could not receive data: 9
[ 18493][E][WiFiUdp.cpp:221] parsePacket(): could not receive data: 9
[ 18499][E][WiFiUdp.cpp:221] parsePacket(): could not receive data: 9
[ 18505][E][WiFiUdp.cpp:221] parsePacket(): could not receive data: 9
[ 18511][E][WiFiUdp.cpp:221] parsePacket(): could not receive data: 9
[ 18517][E][WiFiUdp.cpp:221] parsePacket(): could not receive data: 9
[ 18523][E][WiFiUdp.cpp:221] parsePacket(): could not receive data: 9
[ 18529][E][WiFiUdp.cpp:221] parsePacket(): could not receive data: 9
[ 18535][E][WiFiUdp.cpp:221] parsePacket(): could not receive data: 9
[ 18541][E][WiFiUdp.cpp:221] parsePacket(): could not receive data: 9
[ 18547][E][WiFiUdp.cpp:221] parsePacket(): could not receive data: 9
[ 18553][E][WiFiUdp.cpp:221] parsePacket(): could not receive data: 9
[ 18559][E][WiFiUdp.cpp:221] parsePacket(): could not receive data: 9
[ 18565][E][WiFiUdp.cpp:221] parsePacket(): could not receive data: 9
[ 18571][E][WiFiUdp.cpp:221] parsePacket(): could not receive data: 9
[ 18577][E][WiFiUdp.cpp:221] parsePacket(): could not receive data: 9
[ 18583][E][WiFiUdp.cpp:221] parsePacket(): could not receive data: 9
[ 18589][E][WiFiUdp.cpp:221] parsePacket(): could not receive data: 9
[ 18595][E][WiFiUdp.cpp:221] parsePacket(): could not receive data: 9
[ 18601][E][WiFiUdp.cpp:221] parsePacket(): could not receive data: 9
[ 18607][E][WiFiUdp.cpp:221] parsePacket(): could not receive data: 9
[ 18613][E][WiFiUdp.cpp:221] parsePacket(): could not receive data: 9
[ 18619][E][WiFiUdp.cpp:221] parsePacket(): could not receive data: 9
[ 18625][E][WiFiUdp.cpp:221] parsePacket(): could not receive data: 9
[ 18631][E][WiFiUdp.cpp:221] parsePacket(): could not receive data: 9
[ 18637][E][WiFiUdp.cpp:221] parsePacket(): could not receive data: 9
[ 18643][E][WiFiUdp.cpp:221] parsePacket(): could not receive data: 9
[ 18649][E][WiFiUdp.cpp:221] parsePacket(): could not receive data: 9
[ 18655][E][WiFiUdp.cpp:221] parsePacket(): could not receive data: 9
[ 18661][E][WiFiUdp.cpp:221] parsePacket(): could not receive data: 9
[ 18667][E][WiFiUdp.cpp:221] parsePacket(): could not receive data: 9
[ 18674][E][WiFiUdp.cpp:221] parsePacket(): could not receive data: 9
[ 18680][E][WiFiUdp.cpp:221] parsePacket(): could not receive data: 9
[ 18686][E][WiFiUdp.cpp:221] parsePacket(): could not receive data: 9
[ 18692][E][WiFiUdp.cpp:221] parsePacket(): could not receive data: 9
[ 18698][E][WiFiUdp.cpp:221] parsePacket(): could not receive data: 9
[ 18704][E][WiFiUdp.cpp:221] parsePacket(): could not receive data: 9
[ 18710][E][WiFiUdp.cpp:221] parsePacket(): could not receive data: 9
[ 18716][E][WiFiUdp.cpp:221] parsePacket(): could not receive data: 9
[ 18722][E][WiFiUdp.cpp:221] parsePacket(): could not receive data: 9
[ 18728][E][WiFiUdp.cpp:221] parsePacket(): could not receive data: 9
[ 18734][E][WiFiUdp.cpp:221] parsePacket(): could not receive data: 9
[ 18740][E][WiFiUdp.cpp:221] parsePacket(): could not receive data: 9
[ 18746][E][WiFiUdp.cpp:221] parsePacket(): could not receive data: 9
[ 18752][E][WiFiUdp.cpp:221] parsePacket(): could not receive data: 9
[ 18758][E][WiFiUdp.cpp:221] parsePacket(): could not receive data: 9
[ 18764][E][WiFiUdp.cpp:221] parsePacket(): could not receive data: 9
[ 18770][E][WiFiUdp.cpp:221] parsePacket(): could not receive data: 9
[ 18776][E][WiFiUdp.cpp:221] parsePacket(): could not receive data: 9
[ 18782][E][WiFiUdp.cpp:221] parsePacket(): could not receive data: 9
[ 18788][E][WiFiUdp.cpp:221] parsePacket(): could not receive data: 9
[ 18794][E][WiFiUdp.cpp:221] parsePacket(): could not receive data: 9
[ 18800][E][WiFiUdp.cpp:221] parsePacket(): could not receive data: 9
[ 18806][E][WiFiUdp.cpp:221] parsePacket(): could not receive data: 9
[ 18812][E][WiFiUdp.cpp:221] parsePacket(): could not receive data: 9
[ 18818][E][WiFiUdp.cpp:221] parsePacket(): could not receive data: 9
[ 18824][E][WiFiUdp.cpp:221] parsePacket(): could not receive data: 9
[ 18830][E][WiFiUdp.cpp:221] parsePacket(): could not receive data: 9
[ 18836][E][WiFiUdp.cpp:221] parsePacket(): could not receive data: 9
[ 18842][E][WiFiUdp.cpp:221] parsePacket(): could not receive data: 9
[ 18848][E][WiFiUdp.cpp:221] parsePacket(): could not receive data: 9
[ 18854][E][WiFiUdp.cpp:221] parsePacket(): could not receive data: 9
[ 18860][E][WiFiUdp.cpp:221] parsePacket(): could not receive data: 9
[ 18866][E][WiFiUdp.cpp:221] parsePacket(): could not receive data: 9
[ 18872][E][WiFiUdp.cpp:221] parsePacket(): could not receive data: 9
[ 18878][E][WiFiUdp.cpp:221] parsePacket(): could not receive data: 9
[ 18884][E][WiFiUdp.cpp:221] parsePacket(): could not receive data: 9
[ 18890][E][WiFiUdp.cpp:221] parsePacket(): could not receive data: 9
[ 18896][E][WiFiUdp.cpp:221] parsePacket(): could not receive data: 9
[ 18902][E][WiFiUdp.cpp:221] parsePacket(): could not receive data: 9
[ 18908][E][WiFiUdp.cpp:221] parsePacket(): could not receive data: 9
[ 18914][E][WiFiUdp.cpp:221] parsePacket(): could not receive data: 9
[ 18919][E][WiFiUdp.cpp:221] parsePacket(): could not receive data: 9
[ 18925][E][WiFiUdp.cpp:221] parsePacket(): could not receive data: 9
[ 18931][E][WiFiUdp.cpp:221] parsePacket(): could not receive data: 9
[ 18937][E][WiFiUdp.cpp:221] parsePacket(): could not receive data: 9
[ 18943][E][WiFiUdp.cpp:221] parsePacket(): could not receive data: 9
[ 18949][E][WiFiUdp.cpp:221] parsePacket(): could not receive data: 9
[ 18955][E][WiFiUdp.cpp:221] parsePacket(): could not receive data: 9
[ 18961][E][WiFiUdp.cpp:221] parsePacket(): could not receive data: 9
[ 18967][E][WiFiUdp.cpp:221] parsePacket(): could not receive data: 9
[ 18973][E][WiFiUdp.cpp:221] parsePacket(): could not receive data: 9
[ 18979][E][WiFiUdp.cpp:221] parsePacket(): could not receive data: 9
[ 18985][E][WiFiUdp.cpp:221] parsePacket(): could not receive data: 9
[ 18991][E][WiFiUdp.cpp:221] parsePacket(): could not receive data: 9
[ 18997][E][WiFiUdp.cpp:221] parsePacket(): could not receive data: 9
[ 19003][E][WiFiUdp.cpp:221] parsePacket(): could not receive data: 9
[ 19009][E][WiFiUdp.cpp:221] parsePacket(): could not receive data: 9
[ 19015][E][WiFiUdp.cpp:221] parsePacket(): could not receive data: 9
[ 19021][E][WiFiUdp.cpp:221] parsePacket(): could not receive data: 9
[ 19027][E][WiFiUdp.cpp:221] parsePacket(): could not receive data: 9
[ 19033][E][WiFiUdp.cpp:221] parsePacket(): could not receive data: 9
[ 19039][E][WiFiUdp.cpp:221] parsePacket(): could not receive data: 9
[ 19045][E][WiFiUdp.cpp:221] parsePacket(): could not receive data: 9
[ 19051][E][WiFiUdp.cpp:221] parsePacket(): could not receive data: 9
[ 19057][E][WiFiUdp.cpp:221] parsePacket(): could not receive data: 9
[ 19063][E][WiFiUdp.cpp:221] parsePacket(): could not receive data: 9
[ 19069][E][WiFiUdp.cpp:221] parsePacket(): could not receive data: 9
[ 19075][E][WiFiUdp.cpp:221] parsePacket(): could not receive data: 9
[ 19081][E][WiFiUdp.cpp:221] parsePacket(): could not receive data: 9
[ 19087][E][WiFiUdp.cpp:221] parsePacket(): could not receive data: 9
[ 19093][E][WiFiUdp.cpp:221] parsePacket(): could not receive data: 9
[ 19099][E][WiFiUdp.cpp:221] parsePacket(): could not receive data: 9
[ 19105][E][WiFiUdp.cpp:221] parsePacket(): could not receive data: 9
[ 19111][E][WiFiUdp.cpp:221] parsePacket(): could not receive data: 9
[ 19117][E][WiFiUdp.cpp:221] parsePacket(): could not receive data: 9
[ 19123][E][WiFiUdp.cpp:221] parsePacket(): could not receive data: 9
[ 19129][E][WiFiUdp.cpp:221] parsePacket(): could not receive data: 9
[ 19135][E][WiFiUdp.cpp:221] parsePacket(): could not receive data: 9
[ 19141][E][WiFiUdp.cpp:221] parsePacket(): could not receive data: 9
[ 19147][E][WiFiUdp.cpp:221] parsePacket(): could not receive data: 9
[ 19153][E][WiFiUdp.cpp:221] parsePacket(): could not receive data: 9
[ 19159][E][WiFiUdp.cpp:221] parsePacket(): could not receive data: 9
[ 19165][E][WiFiUdp.cpp:221] parsePacket(): could not receive data: 9
[ 19171][E][WiFiUdp.cpp:221] parsePacket(): could not receive data: 9
[ 19177][E][WiFiUdp.cpp:221] parsePacket(): could not receive data: 9
[ 19183][E][WiFiUdp.cpp:221] parsePacket(): could not receive data: 9
[ 19189][E][WiFiUdp.cpp:221] parsePacket(): could not receive data: 9
[ 19194][E][WiFiUdp.cpp:221] parsePacket(): could not receive data: 9
[ 19200][E][WiFiUdp.cpp:221] parsePacket(): could not receive data: 9
[ 19206][E][WiFiUdp.cpp:221] parsePacket(): could not receive data: 9
[ 19212][E][WiFiUdp.cpp:221] parsePacket(): could not receive data: 9
[ 19218][E][WiFiUdp.cpp:221] parsePacket(): could not receive data: 9
[ 19224][E][WiFiUdp.cpp:221] parsePacket(): could not receive data: 9
[ 19230][E][WiFiUdp.cpp:221] parsePacket(): could not receive data: 9
[ 19236][E][WiFiUdp.cpp:221] parsePacket(): could not receive data: 9
[ 19242][E][WiFiUdp.cpp:221] parsePacket(): could not receive data: 9
[ 19247][E][WiFiUdp.cpp:221] parsePacket(): could not receive data: 9
[ 19252][E][WiFiUdp.cpp:221] parsePacket(): could not receive data: 9
[ 19258][E][WiFiUdp.cpp:221] parsePacket(): could not receive data: 9
[ 19264][E][WiFiUdp.cpp:221] parsePacket(): could not receive data: 9
[ 19270][E][WiFiUdp.cpp:221] parsePacket(): could not receive data: 9
[ 19276][E][WiFiUdp.cpp:221] parsePacket(): could not receive data: 9
[ 19282][E][WiFiUdp.cpp:221] parsePacket(): could not receive data: 9
[ 19288][E][WiFiUdp.cpp:221] parsePacket(): could not receive data: 9
[ 19294][E][WiFiUdp.cpp:221] parsePacket(): could not receive data: 9
[ 19299][E][WiFiUdp.cpp:221] parsePacket(): could not receive data: 9
[ 19305][E][WiFiUdp.cpp:221] parsePacket(): could not receive data: 9
[ 19311][E][WiFiUdp.cpp:221] parsePacket(): could not receive data: 9
[ 19317][E][WiFiUdp.cpp:221] parsePacket(): could not receive data: 9
[ 19323][E][WiFiUdp.cpp:221] parsePacket(): could not receive data: 9
[ 19329][E][WiFiUdp.cpp:221] parsePacket(): could not receive data: 9
[ 19335][E][WiFiUdp.cpp:221] parsePacket(): could not receive data: 9
[ 19341][E][WiFiUdp.cpp:221] parsePacket(): could not receive data: 9
[ 19347][E][WiFiUdp.cpp:221] parsePacket(): could not receive data: 9
[ 19353][E][WiFiUdp.cpp:221] parsePacket(): could not receive data: 9
[ 19359][E][WiFiUdp.cpp:221] parsePacket(): could not receive data: 9
[ 19365][E][WiFiUdp.cpp:221] parsePacket(): could not receive data: 9
[ 19370][E][WiFiUdp.cpp:221] parsePacket(): could not receive data: 9
[ 19376][E][WiFiUdp.cpp:221] parsePacket(): could not receive data: 9
[ 19381][E][WiFiUdp.cpp:221] parsePacket(): could not receive data: 9
[ 19387][E][WiFiUdp.cpp:221] parsePacket(): could not receive data: 9
[ 19393][E][WiFiUdp.cpp:221] parsePacket(): could not receive data: 9
[ 19399][E][WiFiUdp.cpp:221] parsePacket(): could not receive data: 9
[ 19405][E][WiFiUdp.cpp:221] parsePacket(): could not receive data: 9
[ 19411][E][WiFiUdp.cpp:221] parsePacket(): could not receive data: 9
[ 19417][E][WiFiUdp.cpp:221] parsePacket(): could not receive data: 9
[ 19423][E][WiFiUdp.cpp:221] parsePacket(): could not receive data: 9
[ 19429][E][WiFiUdp.cpp:221] parsePacket(): could not receive data: 9
[ 19435][E][WiFiUdp.cpp:221] parsePacket(): could not receive data: 9
[ 19441][E][WiFiUdp.cpp:221] parsePacket(): could not receive data: 9
[ 19447][E][WiFiUdp.cpp:221] parsePacket(): could not receive data: 9
[ 19453][E][WiFiUdp.cpp:221] parsePacket(): could not receive data: 9
[ 19459][E][WiFiUdp.cpp:221] parsePacket(): could not receive data: 9
[ 19465][E][WiFiUdp.cpp:221] parsePacket(): could not receive data: 9
[ 19471][E][WiFiUdp.cpp:221] parsePacket(): could not receive data: 9
[ 19477][E][WiFiUdp.cpp:221] parsePacket(): could not receive data: 9
[ 19483][E][WiFiUdp.cpp:221] parsePacket(): could not receive data: 9
[ 19489][E][WiFiUdp.cpp:221] parsePacket(): could not receive data: 9
[ 19495][E][WiFiUdp.cpp:221] parsePacket(): could not receive data: 9
[ 19501][E][WiFiUdp.cpp:221] parsePacket(): could not receive data: 9
[ 19507][E][WiFiUdp.cpp:221] parsePacket(): could not receive data: 9
[ 19513][E][WiFiUdp.cpp:221] parsePacket(): could not receive data: 9
[ 19519][E][WiFiUdp.cpp:221] parsePacket(): could not receive data: 9
[ 19526][E][WiFiUdp.cpp:221] parsePacket(): could not receive data: 9
[ 19533][E][WiFiUdp.cpp:221] parsePacket(): could not receive data: 9
[ 19540][E][WiFiUdp.cpp:221] parsePacket(): could not receive data: 9
[ 19548][E][WiFiUdp.cpp:221] parsePacket(): could not receive data: 9
[ 19554][E][WiFiUdp.cpp:221] parsePacket(): could not receive data: 9
[ 19561][E][WiFiUdp.cpp:221] parsePacket(): could not receive data: 9
[ 19569][E][WiFiUdp.cpp:221] parsePacket(): could not receive data: 9
[ 19575][E][WiFiUdp.cpp:221] parsePacket(): could not receive data: 9
[ 19583][E][WiFiUdp.cpp:221] parsePacket(): could not receive data: 9
[ 19591][E][WiFiUdp.cpp:221] parsePacket(): could not receive data: 9
[ 19598][E][WiFiUdp.cpp:221] parsePacket(): could not receive data: 9
[ 19604][E][WiFiUdp.cpp:221] parsePacket(): could not receive data: 9
[ 19611][E][WiFiUdp.cpp:221] parsePacket(): could not receive data: 9
[ 19618][E][WiFiUdp.cpp:221] parsePacket(): could not receive data: 9
[ 19625][E][WiFiUdp.cpp:221] parsePacket(): could not receive data: 9
[ 19632][E][WiFiUdp.cpp:221] parsePacket(): could not receive data: 9
[ 19639][E][WiFiUdp.cpp:221] parsePacket(): could not receive data: 9
[ 19646][E][WiFiUdp.cpp:221] parsePacket(): could not receive data: 9
[ 19653][E][WiFiUdp.cpp:221] parsePacket(): could not receive data: 9
[ 19660][E][WiFiUdp.cpp:221] parsePacket(): could not receive data: 9
[ 19668][E][WiFiUdp.cpp:221] parsePacket(): could not receive data: 9
[ 19674][E][WiFiUdp.cpp:221] parsePacket(): could not receive data: 9
[ 19681][E][WiFiUdp.cpp:221] parsePacket(): could not receive data: 9
[ 19688][E][WiFiUdp.cpp:221] parsePacket(): could not receive data: 9
[ 19695][E][WiFiUdp.cpp:221] parsePacket(): could not receive data: 9
[ 19702][E][WiFiUdp.cpp:221] parsePacket(): could not receive data: 9
[ 19708][E][WiFiUdp.cpp:221] parsePacket(): could not receive data: 9
[ 19713][E][WiFiUdp.cpp:221] parsePacket(): could not receive data: 9
[ 19719][E][WiFiUdp.cpp:221] parsePacket(): could not receive data: 9
[ 19725][E][WiFiUdp.cpp:221] parsePacket(): could not receive data: 9
[ 19731][E][WiFiUdp.cpp:221] parsePacket(): could not receive data: 9
[ 19737][E][WiFiUdp.cpp:221] parsePacket(): could not receive data: 9
[ 19743][E][WiFiUdp.cpp:221] parsePacket(): could not receive data: 9
[ 19749][E][WiFiUdp.cpp:221] parsePacket(): could not receive data: 9
[ 19755][E][WiFiUdp.cpp:221] parsePacket(): could not receive data: 9
[ 19761][E][WiFiUdp.cpp:221] parsePacket(): could not receive data: 9
[ 19767][E][WiFiUdp.cpp:221] parsePacket(): could not receive data: 9
[ 19773][E][WiFiUdp.cpp:221] parsePacket(): could not receive data: 9
[ 19779][E][WiFiUdp.cpp:221] parsePacket(): could not receive data: 9
[ 19785][E][WiFiUdp.cpp:221] parsePacket(): could not receive data: 9
[ 19791][E][WiFiUdp.cpp:221] parsePacket(): could not receive data: 9
[ 19797][E][WiFiUdp.cpp:221] parsePacket(): could not receive data: 9
[ 19803][E][WiFiUdp.cpp:221] parsePacket(): could not receive data: 9
[ 19809][E][WiFiUdp.cpp:221] parsePacket(): could not receive data: 9
[ 19815][E][WiFiUdp.cpp:221] parsePacket(): could not receive data: 9
[ 19821][E][WiFiUdp.cpp:221] parsePacket(): could not receive data: 9
[ 19827][E][WiFiUdp.cpp:221] parsePacket(): could not receive data: 9
[ 19833][E][WiFiUdp.cpp:221] parsePacket(): could not receive data: 9
[ 19839][E][WiFiUdp.cpp:221] parsePacket(): could not receive data: 9
[ 19845][E][WiFiUdp.cpp:221] parsePacket(): could not receive data: 9
[ 19851][E][WiFiUdp.cpp:221] parsePacket(): could not receive data: 9
[ 19857][E][WiFiUdp.cpp:221] parsePacket(): could not receive data: 9
[ 19863][E][WiFiUdp.cpp:221] parsePacket(): could not receive data: 9
[ 19869][E][WiFiUdp.cpp:221] parsePacket(): could not receive data: 9
[ 19875][E][WiFiUdp.cpp:221] parsePacket(): could not receive data: 9
[ 19881][E][WiFiUdp.cpp:221] parsePacket(): could not receive data: 9
[ 19887][E][WiFiUdp.cpp:221] parsePacket(): could not receive data: 9
[ 19893][E][WiFiUdp.cpp:221] parsePacket(): could not receive data: 9
[ 19899][E][WiFiUdp.cpp:221] parsePacket(): could not receive data: 9
[ 19905][E][WiFiUdp.cpp:221] parsePacket(): could not receive data: 9
[ 19911][E][WiFiUdp.cpp:221] parsePacket(): could not receive data: 9
[ 19917][E][WiFiUdp.cpp:221] parsePacket(): could not receive data: 9
[ 19923][E][WiFiUdp.cpp:221] parsePacket(): could not receive data: 9
[ 19929][E][WiFiUdp.cpp:221] parsePacket(): could not receive data: 9
[ 19935][E][WiFiUdp.cpp:221] parsePacket(): could not receive data: 9
[ 19941][E][WiFiUdp.cpp:221] parsePacket(): could not receive data: 9
[ 19947][E][WiFiUdp.cpp:221] parsePacket(): could not receive data: 9
[ 19953][E][WiFiUdp.cpp:221] parsePacket(): could not receive data: 9
[ 19959][E][WiFiUdp.cpp:221] parsePacket(): could not receive data: 9
[ 19965][E][WiFiUdp.cpp:221] parsePacket(): could not receive data: 9
[ 19971][E][WiFiUdp.cpp:221] parsePacket(): could not receive data: 9
[ 19977][E][WiFiUdp.cpp:221] parsePacket(): could not receive data: 9
[ 19983][E][WiFiUdp.cpp:221] parsePacket(): could not receive data: 9
[ 19989][E][WiFiUdp.cpp:221] parsePacket(): could not receive data: 9
[ 19995][E][WiFiUdp.cpp:221] parsePacket(): could not receive data: 9
[ 20001][E][WiFiUdp.cpp:221] parsePacket(): could not receive data: 9
[ 20007][E][WiFiUdp.cpp:221] parsePacket(): could not receive data: 9
[ 20013][E][WiFiUdp.cpp:221] parsePacket(): could not receive data: 9
[ 20019][E][WiFiUdp.cpp:221] parsePacket(): could not receive data: 9
[ 20025][E][WiFiUdp.cpp:221] parsePacket(): could not receive data: 9
[ 20031][E][WiFiUdp.cpp:221] parsePacket(): could not receive data: 9
[ 20037][E][WiFiUdp.cpp:221] parsePacket(): could not receive data: 9
[ 20043][E][WiFiUdp.cpp:221] parsePacket(): could not receive data: 9
[ 20049][E][WiFiUdp.cpp:221] parsePacket(): could not receive data: 9
[ 20055][E][WiFiUdp.cpp:221] parsePacket(): could not receive data: 9
[ 20061][E][WiFiUdp.cpp:221] parsePacket(): could not receive data: 9
[ 20067][E][WiFiUdp.cpp:221] parsePacket(): could not receive data: 9
[ 20073][E][WiFiUdp.cpp:221] parsePacket(): could not receive data: 9
[ 20079][E][WiFiUdp.cpp:221] parsePacket(): could not receive data: 9
[ 20085][E][WiFiUdp.cpp:221] parsePacket(): could not receive data: 9
[ 20091][E][WiFiUdp.cpp:221] parsePacket(): could not receive data: 9
[ 20097][E][WiFiUdp.cpp:221] parsePacket(): could not receive data: 9
[ 20103][E][WiFiUdp.cpp:221] parsePacket(): could not receive data: 9
[ 20109][E][WiFiUdp.cpp:221] parsePacket(): could not receive data: 9
[ 20115][E][WiFiUdp.cpp:221] parsePacket(): could not receive data: 9
[ 20121][E][WiFiUdp.cpp:221] parsePacket(): could not receive data: 9
[ 20127][E][WiFiUdp.cpp:221] parsePacket(): could not receive data: 9
[ 20133][E][WiFiUdp.cpp:221] parsePacket(): could not receive data: 9
[ 20139][E][WiFiUdp.cpp:221] parsePacket(): could not receive data: 9
[ 20145][E][WiFiUdp.cpp:221] parsePacket(): could not receive data: 9
[ 20151][E][WiFiUdp.cpp:221] parsePacket(): could not receive data: 9
[ 20157][E][WiFiUdp.cpp:221] parsePacket(): could not receive data: 9
[ 20162][E][WiFiUdp.cpp:221] parsePacket(): could not receive data: 9
[ 20168][E][WiFiUdp.cpp:221] parsePacket(): could not receive data: 9
[ 20174][E][WiFiUdp.cpp:221] parsePacket(): could not receive data: 9
[ 20180][E][WiFiUdp.cpp:221] parsePacket(): could not receive data: 9
[ 20186][E][WiFiUdp.cpp:221] parsePacket(): could not receive data: 9
[ 20192][E][WiFiUdp.cpp:221] parsePacket(): could not receive data: 9
[ 20198][E][WiFiUdp.cpp:221] parsePacket(): could not receive data: 9
[ 20204][E][WiFiUdp.cpp:221] parsePacket(): could not receive data: 9
[ 20210][E][WiFiUdp.cpp:221] parsePacket(): could not receive data: 9
[ 20216][E][WiFiUdp.cpp:221] parsePacket(): could not receive data: 9
[ 20222][E][WiFiUdp.cpp:221] parsePacket(): could not receive data: 9
[ 20228][E][WiFiUdp.cpp:221] parsePacket(): could not receive data: 9
[ 20234][E][WiFiUdp.cpp:221] parsePacket(): could not receive data: 9
[ 20240][E][WiFiUdp.cpp:221] parsePacket(): could not receive data: 9
[ 20246][E][WiFiUdp.cpp:221] parsePacket(): could not receive data: 9
[ 20252][E][WiFiUdp.cpp:221] parsePacket(): could not receive data: 9
[ 20258][E][WiFiUdp.cpp:221] parsePacket(): could not receive data: 9
[ 20264][E][WiFiUdp.cpp:221] parsePacket(): could not receive data: 9
[ 20270][E][WiFiUdp.cpp:221] parsePacket(): could not receive data: 9
[ 20276][E][WiFiUdp.cpp:221] parsePacket(): could not receive data: 9
[ 20282][E][WiFiUdp.cpp:221] parsePacket(): could not receive data: 9
[ 20288][E][WiFiUdp.cpp:221] parsePacket(): could not receive data: 9
[ 20294][E][WiFiUdp.cpp:221] parsePacket(): could not receive data: 9
[ 20300][E][WiFiUdp.cpp:221] parsePacket(): could not receive data: 9
[ 20306][E][WiFiUdp.cpp:221] parsePacket(): could not receive data: 9
[ 20312][E][WiFiUdp.cpp:221] parsePacket(): could not receive data: 9
[ 20318][E][WiFiUdp.cpp:221] parsePacket(): could not receive data: 9
[ 20324][E][WiFiUdp.cpp:221] parsePacket(): could not receive data: 9
[ 20330][E][WiFiUdp.cpp:221] parsePacket(): could not receive data: 9
[ 20336][E][WiFiUdp.cpp:221] parsePacket(): could not receive data: 9
[ 20342][E][WiFiUdp.cpp:221] parsePacket(): could not receive data: 9
[ 20348][E][WiFiUdp.cpp:221] parsePacket(): could not receive data: 9
[ 20354][E][WiFiUdp.cpp:221] parsePacket(): could not receive data: 9
[ 20360][E][WiFiUdp.cpp:221] parsePacket(): could not receive data: 9
[ 20366][E][WiFiUdp.cpp:221] parsePacket(): could not receive data: 9
[ 20372][E][WiFiUdp.cpp:221] parsePacket(): could not receive data: 9
[ 20378][E][WiFiUdp.cpp:221] parsePacket(): could not receive data: 9
[ 20384][E][WiFiUdp.cpp:221] parsePacket(): could not receive data: 9
[ 20390][E][WiFiUdp.cpp:221] parsePacket(): could not receive data: 9
[ 20396][E][WiFiUdp.cpp:221] parsePacket(): could not receive data: 9
[ 20402][E][WiFiUdp.cpp:221] parsePacket(): could not receive data: 9
[ 20408][E][WiFiUdp.cpp:221] parsePacket(): could not receive data: 9
[ 20414][E][WiFiUdp.cpp:221] parsePacket(): could not receive data: 9
[ 20420][E][WiFiUdp.cpp:221] parsePacket(): could not receive data: 9
[ 20426][E][WiFiUdp.cpp:221] parsePacket(): could not receive data: 9
[ 20432][E][WiFiUdp.cpp:221] parsePacket(): could not receive data: 9
[ 20438][E][WiFiUdp.cpp:221] parsePacket(): could not receive data: 9
[ 20444][E][WiFiUdp.cpp:221] parsePacket(): could not receive data: 9
[CON ]...Client disconnected. free heap=132380
[ 20451][E][WiFiUdp.cpp:221] parsePacket(): could not receive data: 9
[CON ]...accept() fd=50 free=132380
[CON ]...Client authenticated on port 2323. free heap=128728
-[ 20458][E][WiFiUdp.cpp:221] parsePacket(): could not receive data: 9
-[ 20463][E][WiFiUdp.cpp:221] parsePacket(): could not receive data: 9
i[ 20469][E][WiFiUdp.cpp:221] parsePacket(): could not receive data: 9
n[ 20475][E][WiFiUdp.cpp:221] parsePacket(): could not receive data: 9
f[ 20481][E][WiFiUdp.cpp:221] parsePacket(): could not receive data: 9
o[ 20487][E][WiFiUdp.cpp:221] parsePacket(): could not receive data: 9
[ 20493][E][WiFiUdp.cpp:221] parsePacket(): could not receive data: 9

--MeshCom 4.35t (build: Sep 26 2026 / 22:38:41)
...UPDATE: 
...Call: <TE5T-1> ...ID 00000000 ...NODE 39 <EBYTE_E22> ...UTC-OFF 1.000000 [CPU]
...BATT 4.10 V ...BATT 85 % ...MAXV 4.200 V
...TIME 20499 ms
...Flash-Version 20260724
...NOMSGALL off ...MESH off ...BUTTON (12) off ...SOFTSER off ... SOFTSERREAD off
...PASSWD <>
...DEBUG man ...DEBUG en
...DEBUG off ...LORADEBUG off ...GPSDEBUG off/0 ...SOFTSERDEBUG off
...WXDEBUG off ...BLEDEBUG off
...DisplayInfo off ...DisplayCont off ...DisplyLog off ...contrast 255 ...ackinfo off
...EXTUDP off ...EXT IP none ...NOPMOTHER off
...BTCODE 000000
...APRSMC: DL0ABC
...ATXT: 
...NAME: 
...BLE : short
...DISPLAY on
...CTRY EU8
...FREQ 433.1750 MHz TXPWR 17 dBm RXBOOST off
...MAXHOP text 4 / pos 2

...Webserver  on / Webpwd <> / Gateway off 
...NETConsole on (port 2323)
...KISS/TCP   off / TX off / RxMeta off / Auth off
...WIFI-AP    off
...SSID <none> / PASSWORD <***>
...NETWORK Mode:WiFi
...hasIpAddress: yes
...IP address   : 10.0.2.15
...SUBNET-MASK  : 255.255.255.0
...GW address   : 10.0.2.5
...DNS address  : 
...UDP-HBeat : 20503
[ 20504][E][WiFiUdp.cpp:221] parsePacket(): could not receive data: 9
[CON ]...Client disconnected. free heap=134416
[ 20510][E][WiFiUdp.cpp:221] parsePacket(): could not receive data: 9
[ 20516][E][WiFiUdp.cpp:221] parsePacket(): could not receive data: 9
[ 20522][E][WiFiUdp.cpp:221] parsePacket(): could not receive data: 9
[ 20528][E][WiFiUdp.cpp:221] parsePacket(): could not receive data: 9
[ 20534][E][WiFiUdp.cpp:221] parsePacket(): could not receive data: 9
[ 20540][E][WiFiUdp.cpp:221] parsePacket(): could not receive data: 9
[ 20546][E][WiFiUdp.cpp:221] parsePacket(): could not receive data: 9
[ 20552][E][WiFiUdp.cpp:221] parsePacket(): could not receive data: 9
[ 20558][E][WiFiUdp.cpp:221] parsePacket(): could not receive data: 9
[ 20564][E][WiFiUdp.cpp:221] parsePacket(): could not receive data: 9
[ 20570][E][WiFiUdp.cpp:221] parsePacket(): could not receive data: 9
[ 20576][E][WiFiUdp.cpp:221] parsePacket(): could not receive data: 9
[ 20582][E][WiFiUdp.cpp:221] parsePacket(): could not receive data: 9
[ 20588][E][WiFiUdp.cpp:221] parsePacket(): could not receive data: 9
[ 20594][E][WiFiUdp.cpp:221] parsePacket(): could not receive data: 9
[ 20600][E][WiFiUdp.cpp:221] parsePacket(): could not receive data: 9
[ 20606][E][WiFiUdp.cpp:221] parsePacket(): could not receive data: 9
[ 20612][E][WiFiUdp.cpp:221] parsePacket(): could not receive data: 9
[ 20618][E][WiFiUdp.cpp:221] parsePacket(): could not receive data: 9
[ 20624][E][WiFiUdp.cpp:221] parsePacket(): could not receive data: 9
[ 20630][E][WiFiUdp.cpp:221] parsePacket(): could not receive data: 9
[ 20636][E][WiFiUdp.cpp:221] parsePacket(): could not receive data: 9
[ 20642][E][WiFiUdp.cpp:221] parsePacket(): could not receive data: 9
[ 20648][E][WiFiUdp.cpp:221] parsePacket(): could not receive data: 9
[ 20654][E][WiFiUdp.cpp:221] parsePacket(): could not receive data: 9
[ 20660][E][WiFiUdp.cpp:221] parsePacket(): could not receive data: 9
[ 20666][E][WiFiUdp.cpp:221] parsePacket(): could not receive data: 9
[ 20672][E][WiFiUdp.cpp:221] parsePacket(): could not receive data: 9
[ 20678][E][WiFiUdp.cpp:221] parsePacket(): could not receive data: 9
[ 20684][E][WiFiUdp.cpp:221] parsePacket(): could not receive data: 9
[ 20690][E][WiFiUdp.cpp:221] parsePacket(): could not receive data: 9
[ 20696][E][WiFiUdp.cpp:221] parsePacket(): could not receive data: 9
[ 20702][E][WiFiUdp.cpp:221] parsePacket(): could not receive data: 9
[ 20708][E][WiFiUdp.cpp:221] parsePacket(): could not receive data: 9
[ 20714][E][WiFiUdp.cpp:221] parsePacket(): could not receive data: 9
[ 20720][E][WiFiUdp.cpp:221] parsePacket(): could not receive data: 9
[ 20726][E][WiFiUdp.cpp:221] parsePacket(): could not receive data: 9
[ 20732][E][WiFiUdp.cpp:221] parsePacket(): could not receive data: 9
[ 20738][E][WiFiUdp.cpp:221] parsePacket(): could not receive data: 9
[ 20744][E][WiFiUdp.cpp:221] parsePacket(): could not receive data: 9
[ 20749][E][WiFiUdp.cpp:221] parsePacket(): could not receive data: 9
[ 20755][E][WiFiUdp.cpp:221] parsePacket(): could not receive data: 9
[ 20761][E][WiFiUdp.cpp:221] parsePacket(): could not receive data: 9
[ 20767][E][WiFiUdp.cpp:221] parsePacket(): could not receive data: 9
[ 20773][E][WiFiUdp.cpp:221] parsePacket(): could not receive data: 9
[ 20779][E][WiFiUdp.cpp:221] parsePacket(): could not receive data: 9
[ 20785][E][WiFiUdp.cpp:221] parsePacket(): could not receive data: 9
[ 20791][E][WiFiUdp.cpp:221] parsePacket(): could not receive data: 9
[ 20797][E][WiFiUdp.cpp:221] parsePacket(): could not receive data: 9
[ 20803][E][WiFiUdp.cpp:221] parsePacket(): could not receive data: 9
[ 20809][E][WiFiUdp.cpp:221] parsePacket(): could not receive data: 9
[ 20815][E][WiFiUdp.cpp:221] parsePacket(): could not receive data: 9
[ 20821][E][WiFiUdp.cpp:221] parsePacket(): could not receive data: 9
[ 20827][E][WiFiUdp.cpp:221] parsePacket(): could not receive data: 9
[ 20833][E][WiFiUdp.cpp:221] parsePacket(): could not receive data: 9
[ 20839][E][WiFiUdp.cpp:221] parsePacket(): could not receive data: 9
[ 20845][E][WiFiUdp.cpp:221] parsePacket(): could not receive data: 9
[ 20851][E][WiFiUdp.cpp:221] parsePacket(): could not receive data: 9
[ 20856][E][WiFiUdp.cpp:221] parsePacket(): could not receive data: 9
[ 20862][E][WiFiUdp.cpp:221] parsePacket(): could not receive data: 9
[ 20868][E][WiFiUdp.cpp:221] parsePacket(): could not receive data: 9
[ 20874][E][WiFiUdp.cpp:221] parsePacket(): could not receive data: 9
[ 20880][E][WiFiUdp.cpp:221] parsePacket(): could not receive data: 9
[ 20886][E][WiFiUdp.cpp:221] parsePacket(): could not receive data: 9
[ 20892][E][WiFiUdp.cpp:221] parsePacket(): could not receive data: 9
[ 20898][E][WiFiUdp.cpp:221] parsePacket(): could not receive data: 9
[ 20904][E][WiFiUdp.cpp:221] parsePacket(): could not receive data: 9
[ 20910][E][WiFiUdp.cpp:221] parsePacket(): could not receive data: 9
[ 20916][E][WiFiUdp.cpp:221] parsePacket(): could not receive data: 9
[ 20922][E][WiFiUdp.cpp:221] parsePacket(): could not receive data: 9
[ 20928][E][WiFiUdp.cpp:221] parsePacket(): could not receive data: 9
[ 20934][E][WiFiUdp.cpp:221] parsePacket(): could not receive data: 9
[ 20940][E][WiFiUdp.cpp:221] parsePacket(): could not receive data: 9
[ 20946][E][WiFiUdp.cpp:221] parsePacket(): could not receive data: 9
[ 20952][E][WiFiUdp.cpp:221] parsePacket(): could not receive data: 9
[ 20958][E][WiFiUdp.cpp:221] parsePacket(): could not receive data: 9
[ 20964][E][WiFiUdp.cpp:221] parsePacket(): could not receive data: 9
[ 20970][E][WiFiUdp.cpp:221] parsePacket(): could not receive data: 9
[ 20976][E][WiFiUdp.cpp:221] parsePacket(): could not receive data: 9
[ 20982][E][WiFiUdp.cpp:221] parsePacket(): could not receive data: 9
[ 20988][E][WiFiUdp.cpp:221] parsePacket(): could not receive data: 9
[ 20994][E][WiFiUdp.cpp:221] parsePacket(): could not receive data: 9
[ 21000][E][WiFiUdp.cpp:221] parsePacket(): could not receive data: 9
[ 21006][E][WiFiUdp.cpp:221] parsePacket(): could not receive data: 9
[ 21012][E][WiFiUdp.cpp:221] parsePacket(): could not receive data: 9
[ 21018][E][WiFiUdp.cpp:221] parsePacket(): could not receive data: 9
[ 21024][E][WiFiUdp.cpp:221] parsePacket(): could not receive data: 9
[ 21030][E][WiFiUdp.cpp:221] parsePacket(): could not receive data: 9
[ 21036][E][WiFiUdp.cpp:221] parsePacket(): could not receive data: 9
[ 21042][E][WiFiUdp.cpp:221] parsePacket(): could not receive data: 9
[ 21048][E][WiFiUdp.cpp:221] parsePacket(): could not receive data: 9
[ 21054][E][WiFiUdp.cpp:221] parsePacket(): could not receive data: 9
[ 21060][E][WiFiUdp.cpp:221] parsePacket(): could not receive data: 9
[ 21066][E][WiFiUdp.cpp:221] parsePacket(): could not receive data: 9
[ 21072][E][WiFiUdp.cpp:221] parsePacket(): could not receive data: 9
[ 21078][E][WiFiUdp.cpp:221] parsePacket(): could not receive data: 9
[ 21084][E][WiFiUdp.cpp:221] parsePacket(): could not receive data: 9
[ 21090][E][WiFiUdp.cpp:221] parsePacket(): could not receive data: 9
[ 21096][E][WiFiUdp.cpp:221] parsePacket(): could not receive data: 9
[ 21102][E][WiFiUdp.cpp:221] parsePacket(): could not receive data: 9
[ 21108][E][WiFiUdp.cpp:221] parsePacket(): could not receive data: 9
[ 21114][E][WiFiUdp.cpp:221] parsePacket(): could not receive data: 9
[ 21120][E][WiFiUdp.cpp:221] parsePacket(): could not receive data: 9
[ 21126][E][WiFiUdp.cpp:221] parsePacket(): could not receive data: 9
[ 21132][E][WiFiUdp.cpp:221] parsePacket(): could not receive data: 9
[ 21138][E][WiFiUdp.cpp:221] parsePacket(): could not receive data: 9
[ 21144][E][WiFiUdp.cpp:221] parsePacket(): could not receive data: 9
[ 21150][E][WiFiUdp.cpp:221] parsePacket(): could not receive data: 9
[ 21156][E][WiFiUdp.cpp:221] parsePacket(): could not receive data: 9
[ 21162][E][WiFiUdp.cpp:221] parsePacket(): could not receive data: 9
[ 21168][E][WiFiUdp.cpp:221] parsePacket(): could not receive data: 9
[ 21174][E][WiFiUdp.cpp:221] parsePacket(): could not receive data: 9
[ 21180][E][WiFiUdp.cpp:221] parsePacket(): could not receive data: 9
[ 21186][E][WiFiUdp.cpp:221] parsePacket(): could not receive data: 9
[ 21192][E][WiFiUdp.cpp:221] parsePacket(): could not receive data: 9
[ 21198][E][WiFiUdp.cpp:221] parsePacket(): could not receive data: 9
[ 21204][E][WiFiUdp.cpp:221] parsePacket(): could not receive data: 9
[ 21210][E][WiFiUdp.cpp:221] parsePacket(): could not receive data: 9
[ 21216][E][WiFiUdp.cpp:221] parsePacket(): could not receive data: 9
[ 21222][E][WiFiUdp.cpp:221] parsePacket(): could not receive data: 9
[ 21228][E][WiFiUdp.cpp:221] parsePacket(): could not receive data: 9
[ 21234][E][WiFiUdp.cpp:221] parsePacket(): could not receive data: 9
[ 21240][E][WiFiUdp.cpp:221] parsePacket(): could not receive data: 9
[ 21246][E][WiFiUdp.cpp:221] parsePacket(): could not receive data: 9
[ 21252][E][WiFiUdp.cpp:221] parsePacket(): could not receive data: 9
[ 21258][E][WiFiUdp.cpp:221] parsePacket(): could not receive data: 9
[ 21264][E][WiFiUdp.cpp:221] parsePacket(): could not receive data: 9
[ 21270][E][WiFiUdp.cpp:221] parsePacket(): could not receive data: 9
[ 21276][E][WiFiUdp.cpp:221] parsePacket(): could not receive data: 9
[ 21282][E][WiFiUdp.cpp:221] parsePacket(): could not receive data: 9
[ 21288][E][WiFiUdp.cpp:221] parsePacket(): could not receive data: 9
[ 21294][E][WiFiUdp.cpp:221] parsePacket(): could not receive data: 9
[ 21300][E][WiFiUdp.cpp:221] parsePacket(): could not receive data: 9
[ 21306][E][WiFiUdp.cpp:221] parsePacket(): could not receive data: 9
[ 21312][E][WiFiUdp.cpp:221] parsePacket(): could not receive data: 9
[ 21318][E][WiFiUdp.cpp:221] parsePacket(): could not receive data: 9
[ 21324][E][WiFiUdp.cpp:221] parsePacket(): could not receive data: 9
[ 21330][E][WiFiUdp.cpp:221] parsePacket(): could not receive data: 9
[ 21336][E][WiFiUdp.cpp:221] parsePacket(): could not receive data: 9
[ 21342][E][WiFiUdp.cpp:221] parsePacket(): could not receive data: 9
[ 21348][E][WiFiUdp.cpp:221] parsePacket(): could not receive data: 9
[ 21354][E][WiFiUdp.cpp:221] parsePacket(): could not receive data: 9
[ 21360][E][WiFiUdp.cpp:221] parsePacket(): could not receive data: 9
[ 21366][E][WiFiUdp.cpp:221] parsePacket(): could not receive data: 9
[ 21372][E][WiFiUdp.cpp:221] parsePacket(): could not receive data: 9
[ 21378][E][WiFiUdp.cpp:221] parsePacket(): could not receive data: 9
[ 21384][E][WiFiUdp.cpp:221] parsePacket(): could not receive data: 9
[ 21390][E][WiFiUdp.cpp:221] parsePacket(): could not receive data: 9
[ 21396][E][WiFiUdp.cpp:221] parsePacket(): could not receive data: 9
[ 21402][E][WiFiUdp.cpp:221] parsePacket(): could not receive data: 9
[ 21408][E][WiFiUdp.cpp:221] parsePacket(): could not receive data: 9
[ 21414][E][WiFiUdp.cpp:221] parsePacket(): could not receive data: 9
[ 21420][E][WiFiUdp.cpp:221] parsePacket(): could not receive data: 9
[ 21426][E][WiFiUdp.cpp:221] parsePacket(): could not receive data: 9
[ 21432][E][WiFiUdp.cpp:221] parsePacket(): could not receive data: 9
[ 21438][E][WiFiUdp.cpp:221] parsePacket(): could not receive data: 9
[ 21444][E][WiFiUdp.cpp:221] parsePacket(): could not receive data: 9
[ 21450][E][WiFiUdp.cpp:221] parsePacket(): could not receive data: 9
[ 21456][E][WiFiUdp.cpp:221] parsePacket(): could not receive data: 9
[ 21462][E][WiFiUdp.cpp:221] parsePacket(): could not receive data: 9
[ 21468][E][WiFiUdp.cpp:221] parsePacket(): could not receive data: 9
[ 21476][E][WiFiUdp.cpp:221] parsePacket(): could not receive data: 9
[ 21483][E][WiFiUdp.cpp:221] parsePacket(): could not receive data: 9
[ 21489][E][WiFiUdp.cpp:221] parsePacket(): could not receive data: 9
[ 21495][E][WiFiUdp.cpp:221] parsePacket(): could not receive data: 9
[ 21501][E][WiFiUdp.cpp:221] parsePacket(): could not receive data: 9
[ 21507][E][WiFiUdp.cpp:221] parsePacket(): could not receive data: 9
[ 21513][E][WiFiUdp.cpp:221] parsePacket(): could not receive data: 9
[ 21519][E][WiFiUdp.cpp:221] parsePacket(): could not receive data: 9
[ 21525][E][WiFiUdp.cpp:221] parsePacket(): could not receive data: 9
[ 21531][E][WiFiUdp.cpp:221] parsePacket(): could not receive data: 9
[ 21537][E][WiFiUdp.cpp:221] parsePacket(): could not receive data: 9
[ 21543][E][WiFiUdp.cpp:221] parsePacket(): could not receive data: 9
[ 21549][E][WiFiUdp.cpp:221] parsePacket(): could not receive data: 9
[ 21555][E][WiFiUdp.cpp:221] parsePacket(): could not receive data: 9
[ 21561][E][WiFiUdp.cpp:221] parsePacket(): could not receive data: 9
[ 21567][E][WiFiUdp.cpp:221] parsePacket(): could not receive data: 9
[ 21573][E][WiFiUdp.cpp:221] parsePacket(): could not receive data: 9
[ 21579][E][WiFiUdp.cpp:221] parsePacket(): could not receive data: 9
[ 21585][E][WiFiUdp.cpp:221] parsePacket(): could not receive data: 9
[ 21591][E][WiFiUdp.cpp:221] parsePacket(): could not receive data: 9
[ 21597][E][WiFiUdp.cpp:221] parsePacket(): could not receive data: 9
[ 21603][E][WiFiUdp.cpp:221] parsePacket(): could not receive data: 9
[ 21609][E][WiFiUdp.cpp:221] parsePacket(): could not receive data: 9
[ 21615][E][WiFiUdp.cpp:221] parsePacket(): could not receive data: 9
[ 21621][E][WiFiUdp.cpp:221] parsePacket(): could not receive data: 9
[ 21627][E][WiFiUdp.cpp:221] parsePacket(): could not receive data: 9
[ 21633][E][WiFiUdp.cpp:221] parsePacket(): could not receive data: 9
[ 21639][E][WiFiUdp.cpp:221] parsePacket(): could not receive data: 9
[ 21645][E][WiFiUdp.cpp:221] parsePacket(): could not receive data: 9
[ 21651][E][WiFiUdp.cpp:221] parsePacket(): could not receive data: 9
[ 21657][E][WiFiUdp.cpp:221] parsePacket(): could not receive data: 9
[ 21663][E][WiFiUdp.cpp:221] parsePacket(): could not receive data: 9
[ 21669][E][WiFiUdp.cpp:221] parsePacket(): could not receive data: 9
[ 21675][E][WiFiUdp.cpp:221] parsePacket(): could not receive data: 9
[ 21681][E][WiFiUdp.cpp:221] parsePacket(): could not receive data: 9
[ 21687][E][WiFiUdp.cpp:221] parsePacket(): could not receive data: 9
[ 21693][E][WiFiUdp.cpp:221] parsePacket(): could not receive data: 9
[ 21699][E][WiFiUdp.cpp:221] parsePacket(): could not receive data: 9
[ 21705][E][WiFiUdp.cpp:221] parsePacket(): could not receive data: 9
[ 21711][E][WiFiUdp.cpp:221] parsePacket(): could not receive data: 9
[ 21717][E][WiFiUdp.cpp:221] parsePacket(): could not receive data: 9
[ 21723][E][WiFiUdp.cpp:221] parsePacket(): could not receive data: 9
[ 21729][E][WiFiUdp.cpp:221] parsePacket(): could not receive data: 9
[ 21735][E][WiFiUdp.cpp:221] parsePacket(): could not receive data: 9
[ 21741][E][WiFiUdp.cpp:221] parsePacket(): could not receive data: 9
[ 21747][E][WiFiUdp.cpp:221] parsePacket(): could not receive data: 9
[ 21753][E][WiFiUdp.cpp:221] parsePacket(): could not receive data: 9
[ 21759][E][WiFiUdp.cpp:221] parsePacket(): could not receive data: 9
[ 21765][E][WiFiUdp.cpp:221] parsePacket(): could not receive data: 9
[ 21771][E][WiFiUdp.cpp:221] parsePacket(): could not receive data: 9
[ 21777][E][WiFiUdp.cpp:221] parsePacket(): could not receive data: 9
[ 21783][E][WiFiUdp.cpp:221] parsePacket(): could not receive data: 9
[ 21789][E][WiFiUdp.cpp:221] parsePacket(): could not receive data: 9
[ 21795][E][WiFiUdp.cpp:221] parsePacket(): could not receive data: 9
[ 21801][E][WiFiUdp.cpp:221] parsePacket(): could not receive data: 9
[ 21807][E][WiFiUdp.cpp:221] parsePacket(): could not receive data: 9
[ 21813][E][WiFiUdp.cpp:221] parsePacket(): could not receive data: 9
[ 21819][E][WiFiUdp.cpp:221] parsePacket(): could not receive data: 9
[ 21825][E][WiFiUdp.cpp:221] parsePacket(): could not receive data: 9
[ 21831][E][WiFiUdp.cpp:221] parsePacket(): could not receive data: 9
[ 21837][E][WiFiUdp.cpp:221] parsePacket(): could not receive data: 9
[ 21843][E][WiFiUdp.cpp:221] parsePacket(): could not receive data: 9
[ 21849][E][WiFiUdp.cpp:221] parsePacket(): could not receive data: 9
[ 21855][E][WiFiUdp.cpp:221] parsePacket(): could not receive data: 9
[ 21861][E][WiFiUdp.cpp:221] parsePacket(): could not receive data: 9
[ 21867][E][WiFiUdp.cpp:221] parsePacket(): could not receive data: 9
[ 21873][E][WiFiUdp.cpp:221] parsePacket(): could not receive data: 9
[ 21879][E][WiFiUdp.cpp:221] parsePacket(): could not receive data: 9
[ 21885][E][WiFiUdp.cpp:221] parsePacket(): could not receive data: 9
[ 21891][E][WiFiUdp.cpp:221] parsePacket(): could not receive data: 9
[ 21897][E][WiFiUdp.cpp:221] parsePacket(): could not receive data: 9
[ 21903][E][WiFiUdp.cpp:221] parsePacket(): could not receive data: 9
[ 21909][E][WiFiUdp.cpp:221] parsePacket(): could not receive data: 9
[ 21915][E][WiFiUdp.cpp:221] parsePacket(): could not receive data: 9
[ 21921][E][WiFiUdp.cpp:221] parsePacket(): could not receive data: 9
[ 21927][E][WiFiUdp.cpp:221] parsePacket(): could not receive data: 9
[ 21933][E][WiFiUdp.cpp:221] parsePacket(): could not receive data: 9
[ 21939][E][WiFiUdp.cpp:221] parsePacket(): could not receive data: 9
[ 21945][E][WiFiUdp.cpp:221] parsePacket(): could not receive data: 9
[ 21951][E][WiFiUdp.cpp:221] parsePacket(): could not receive data: 9
[ 21957][E][WiFiUdp.cpp:221] parsePacket(): could not receive data: 9
[ 21963][E][WiFiUdp.cpp:221] parsePacket(): could not receive data: 9
[ 21969][E][WiFiUdp.cpp:221] parsePacket(): could not receive data: 9
[ 21975][E][WiFiUdp.cpp:221] parsePacket(): could not receive data: 9
[ 21981][E][WiFiUdp.cpp:221] parsePacket(): could not receive data: 9
[ 21987][E][WiFiUdp.cpp:221] parsePacket(): could not receive data: 9
[ 21993][E][WiFiUdp.cpp:221] parsePacket(): could not receive data: 9
[ 21999][E][WiFiUdp.cpp:221] parsePacket(): could not receive data: 9
[ 22005][E][WiFiUdp.cpp:221] parsePacket(): could not receive data: 9
[ 22011][E][WiFiUdp.cpp:221] parsePacket(): could not receive data: 9
[ 22017][E][WiFiUdp.cpp:221] parsePacket(): could not receive data: 9
[ 22023][E][WiFiUdp.cpp:221] parsePacket(): could not receive data: 9
[ 22029][E][WiFiUdp.cpp:221] parsePacket(): could not receive data: 9
[ 22035][E][WiFiUdp.cpp:221] parsePacket(): could not receive data: 9
[ 22041][E][WiFiUdp.cpp:221] parsePacket(): could not receive data: 9
[ 22047][E][WiFiUdp.cpp:221] parsePacket(): could not receive data: 9
[ 22053][E][WiFiUdp.cpp:221] parsePacket(): could not receive data: 9
[ 22059][E][WiFiUdp.cpp:221] parsePacket(): could not receive data: 9
[ 22065][E][WiFiUdp.cpp:221] parsePacket(): could not receive data: 9
[ 22071][E][WiFiUdp.cpp:221] parsePacket(): could not receive data: 9
[ 22077][E][WiFiUdp.cpp:221] parsePacket(): could not receive data: 9
[ 22083][E][WiFiUdp.cpp:221] parsePacket(): could not receive data: 9
[ 22089][E][WiFiUdp.cpp:221] parsePacket(): could not receive data: 9
[ 22095][E][WiFiUdp.cpp:221] parsePacket(): could not receive data: 9
[ 22101][E][WiFiUdp.cpp:221] parsePacket(): could not receive data: 9
[ 22107][E][WiFiUdp.cpp:221] parsePacket(): could not receive data: 9
[ 22113][E][WiFiUdp.cpp:221] parsePacket(): could not receive data: 9
[ 22119][E][WiFiUdp.cpp:221] parsePacket(): could not receive data: 9
[ 22125][E][WiFiUdp.cpp:221] parsePacket(): could not receive data: 9
[ 22131][E][WiFiUdp.cpp:221] parsePacket(): could not receive data: 9
[ 22137][E][WiFiUdp.cpp:221] parsePacket(): could not receive data: 9
[ 22143][E][WiFiUdp.cpp:221] parsePacket(): could not receive data: 9
[ 22149][E][WiFiUdp.cpp:221] parsePacket(): could not receive data: 9
[ 22155][E][WiFiUdp.cpp:221] parsePacket(): could not receive data: 9
[ 22161][E][WiFiUdp.cpp:221] parsePacket(): could not receive data: 9
[ 22167][E][WiFiUdp.cpp:221] parsePacket(): could not receive data: 9
[ 22173][E][WiFiUdp.cpp:221] parsePacket(): could not receive data: 9
[ 22179][E][WiFiUdp.cpp:221] parsePacket(): could not receive data: 9
[ 22185][E][WiFiUdp.cpp:221] parsePacket(): could not receive data: 9
[ 22191][E][WiFiUdp.cpp:221] parsePacket(): could not receive data: 9
[ 22197][E][WiFiUdp.cpp:221] parsePacket(): could not receive data: 9
[ 22203][E][WiFiUdp.cpp:221] parsePacket(): could not receive data: 9
[ 22209][E][WiFiUdp.cpp:221] parsePacket(): could not receive data: 9
[ 22215][E][WiFiUdp.cpp:221] parsePacket(): could not receive data: 9
[ 22221][E][WiFiUdp.cpp:221] parsePacket(): could not receive data: 9
[ 22227][E][WiFiUdp.cpp:221] parsePacket(): could not receive data: 9
[ 22233][E][WiFiUdp.cpp:221] parsePacket(): could not receive data: 9
[ 22239][E][WiFiUdp.cpp:221] parsePacket(): could not receive data: 9
[ 22245][E][WiFiUdp.cpp:221] parsePacket(): could not receive data: 9
[ 22251][E][WiFiUdp.cpp:221] parsePacket(): could not receive data: 9
[ 22257][E][WiFiUdp.cpp:221] parsePacket(): could not receive data: 9
[ 22263][E][WiFiUdp.cpp:221] parsePacket(): could not receive data: 9
[ 22269][E][WiFiUdp.cpp:221] parsePacket(): could not receive data: 9
[ 22275][E][WiFiUdp.cpp:221] parsePacket(): could not receive data: 9
[ 22281][E][WiFiUdp.cpp:221] parsePacket(): could not receive data: 9
[ 22287][E][WiFiUdp.cpp:221] parsePacket(): could not receive data: 9
[ 22293][E][WiFiUdp.cpp:221] parsePacket(): could not receive data: 9
[ 22299][E][WiFiUdp.cpp:221] parsePacket(): could not receive data: 9
[ 22304][E][WiFiUdp.cpp:221] parsePacket(): could not receive data: 9
[ 22309][E][WiFiUdp.cpp:221] parsePacket(): could not receive data: 9
[ 22315][E][WiFiUdp.cpp:221] parsePacket(): could not receive data: 9
[ 22321][E][WiFiUdp.cpp:221] parsePacket(): could not receive data: 9
[ 22327][E][WiFiUdp.cpp:221] parsePacket(): could not receive data: 9
[ 22333][E][WiFiUdp.cpp:221] parsePacket(): could not receive data: 9
[ 22339][E][WiFiUdp.cpp:221] parsePacket(): could not receive data: 9
[ 22345][E][WiFiUdp.cpp:221] parsePacket(): could not receive data: 9
[ 22351][E][WiFiUdp.cpp:221] parsePacket(): could not receive data: 9
[ 22357][E][WiFiUdp.cpp:221] parsePacket(): could not receive data: 9
[ 22363][E][WiFiUdp.cpp:221] parsePacket(): could not receive data: 9
[ 22369][E][WiFiUdp.cpp:221] parsePacket(): could not receive data: 9
[ 22375][E][WiFiUdp.cpp:221] parsePacket(): could not receive data: 9
[ 22381][E][WiFiUdp.cpp:221] parsePacket(): could not receive data: 9
[ 22387][E][WiFiUdp.cpp:221] parsePacket(): could not receive data: 9
[ 22393][E][WiFiUdp.cpp:221] parsePacket(): could not receive data: 9
[ 22399][E][WiFiUdp.cpp:221] parsePacket(): could not receive data: 9
[ 22405][E][WiFiUdp.cpp:221] parsePacket(): could not receive data: 9
[ 22411][E][WiFiUdp.cpp:221] parsePacket(): could not receive data: 9
[ 22417][E][WiFiUdp.cpp:221] parsePacket(): could not receive data: 9
[ 22423][E][WiFiUdp.cpp:221] parsePacket(): could not receive data: 9
[ 22429][E][WiFiUdp.cpp:221] parsePacket(): could not receive data: 9
[ 22435][E][WiFiUdp.cpp:221] parsePacket(): could not receive data: 9
[ 22441][E][WiFiUdp.cpp:221] parsePacket(): could not receive data: 9
[ 22447][E][WiFiUdp.cpp:221] parsePacket(): could not receive data: 9
[ 22453][E][WiFiUdp.cpp:221] parsePacket(): could not receive data: 9
[ 22459][E][WiFiUdp.cpp:221] parsePacket(): could not receive data: 9
[ 22465][E][WiFiUdp.cpp:221] parsePacket(): could not receive data: 9
[ 22471][E][WiFiUdp.cpp:221] parsePacket(): could not receive data: 9
[ 22477][E][WiFiUdp.cpp:221] parsePacket(): could not receive data: 9
[ 22483][E][WiFiUdp.cpp:221] parsePacket(): could not receive data: 9
[ 22489][E][WiFiUdp.cpp:221] parsePacket(): could not receive data: 9
[ 22495][E][WiFiUdp.cpp:221] parsePacket(): could not receive data: 9
[ 22501][E][WiFiUdp.cpp:221] parsePacket(): could not receive data: 9
[ 22507][E][WiFiUdp.cpp:221] parsePacket(): could not receive data: 9
[ 22513][E][WiFiUdp.cpp:221] parsePacket(): could not receive data: 9
[ 22519][E][WiFiUdp.cpp:221] parsePacket(): could not receive data: 9
[ 22525][E][WiFiUdp.cpp:221] parsePacket(): could not receive data: 9
[ 22531][E][WiFiUdp.cpp:221] parsePacket(): could not receive data: 9
[ 22537][E][WiFiUdp.cpp:221] parsePacket(): could not receive data: 9
[ 22543][E][WiFiUdp.cpp:221] parsePacket(): could not receive data: 9
[ 22549][E][WiFiUdp.cpp:221] parsePacket(): could not receive data: 9
[ 22555][E][WiFiUdp.cpp:221] parsePacket(): could not receive data: 9
[ 22561][E][WiFiUdp.cpp:221] parsePacket(): could not receive data: 9
[ 22567][E][WiFiUdp.cpp:221] parsePacket(): could not receive data: 9
[ 22573][E][WiFiUdp.cpp:221] parsePacket(): could not receive data: 9
[ 22579][E][WiFiUdp.cpp:221] parsePacket(): could not receive data: 9
[ 22585][E][WiFiUdp.cpp:221] parsePacket(): could not receive data: 9
[ 22591][E][WiFiUdp.cpp:221] parsePacket(): could not receive data: 9
[ 22596][E][WiFiUdp.cpp:221] parsePacket(): could not receive data: 9
[ 22601][E][WiFiUdp.cpp:221] parsePacket(): could not receive data: 9
[ 22607][E][WiFiUdp.cpp:221] parsePacket(): could not receive data: 9
[ 22613][E][WiFiUdp.cpp:221] parsePacket(): could not receive data: 9
[ 22619][E][WiFiUdp.cpp:221] parsePacket(): could not receive data: 9
[ 22625][E][WiFiUdp.cpp:221] parsePacket(): could not receive data: 9
[ 22631][E][WiFiUdp.cpp:221] parsePacket(): could not receive data: 9
[ 22637][E][WiFiUdp.cpp:221] parsePacket(): could not receive data: 9
[ 22643][E][WiFiUdp.cpp:221] parsePacket(): could not receive data: 9
[ 22649][E][WiFiUdp.cpp:221] parsePacket(): could not receive data: 9
[ 22655][E][WiFiUdp.cpp:221] parsePacket(): could not receive data: 9
[ 22661][E][WiFiUdp.cpp:221] parsePacket(): could not receive data: 9
[ 22667][E][WiFiUdp.cpp:221] parsePacket(): could not receive data: 9
[ 22673][E][WiFiUdp.cpp:221] parsePacket(): could not receive data: 9
[ 22679][E][WiFiUdp.cpp:221] parsePacket(): could not receive data: 9
[ 22685][E][WiFiUdp.cpp:221] parsePacket(): could not receive data: 9
[ 22691][E][WiFiUdp.cpp:221] parsePacket(): could not receive data: 9
[ 22697][E][WiFiUdp.cpp:221] parsePacket(): could not receive data: 9
[ 22702][E][WiFiUdp.cpp:221] parsePacket(): could not receive data: 9
[ 22708][E][WiFiUdp.cpp:221] parsePacket(): could not receive data: 9
[ 22714][E][WiFiUdp.cpp:221] parsePacket(): could not receive data: 9
[ 22720][E][WiFiUdp.cpp:221] parsePacket(): could not receive data: 9
[ 22726][E][WiFiUdp.cpp:221] parsePacket(): could not receive data: 9
[ 22732][E][WiFiUdp.cpp:221] parsePacket(): could not receive data: 9
[ 22738][E][WiFiUdp.cpp:221] parsePacket(): could not receive data: 9
[ 22744][E][WiFiUdp.cpp:221] parsePacket(): could not receive data: 9
[ 22750][E][WiFiUdp.cpp:221] parsePacket(): could not receive data: 9
[ 22756][E][WiFiUdp.cpp:221] parsePacket(): could not receive data: 9
[ 22762][E][WiFiUdp.cpp:221] parsePacket(): could not receive data: 9
[ 22768][E][WiFiUdp.cpp:221] parsePacket(): could not receive data: 9
[ 22774][E][WiFiUdp.cpp:221] parsePacket(): could not receive data: 9
[ 22780][E][WiFiUdp.cpp:221] parsePacket(): could not receive data: 9
[ 22786][E][WiFiUdp.cpp:221] parsePacket(): could not receive data: 9
[ 22792][E][WiFiUdp.cpp:221] parsePacket(): could not receive data: 9
[ 22798][E][WiFiUdp.cpp:221] parsePacket(): could not receive data: 9
[ 22804][E][WiFiUdp.cpp:221] parsePacket(): could not receive data: 9
[ 22810][E][WiFiUdp.cpp:221] parsePacket(): could not receive data: 9
[ 22816][E][WiFiUdp.cpp:221] parsePacket(): could not receive data: 9
[ 22822][E][WiFiUdp.cpp:221] parsePacket(): could not receive data: 9
[ 22828][E][WiFiUdp.cpp:221] parsePacket(): could not receive data: 9
[ 22834][E][WiFiUdp.cpp:221] parsePacket(): could not receive data: 9
[ 22840][E][WiFiUdp.cpp:221] parsePacket(): could not receive data: 9
[ 22846][E][WiFiUdp.cpp:221] parsePacket(): could not receive data: 9
[ 22852][E][WiFiUdp.cpp:221] parsePacket(): could not receive data: 9
[ 22858][E][WiFiUdp.cpp:221] parsePacket(): could not receive data: 9
[ 22864][E][WiFiUdp.cpp:221] parsePacket(): could not receive data: 9
[ 22870][E][WiFiUdp.cpp:221] parsePacket(): could not receive data: 9
[ 22876][E][WiFiUdp.cpp:221] parsePacket(): could not receive data: 9
[ 22882][E][WiFiUdp.cpp:221] parsePacket(): could not receive data: 9
[ 22888][E][WiFiUdp.cpp:221] parsePacket(): could not receive data: 9
[ 22894][E][WiFiUdp.cpp:221] parsePacket(): could not receive data: 9
[ 22900][E][WiFiUdp.cpp:221] parsePacket(): could not receive data: 9
[ 22906][E][WiFiUdp.cpp:221] parsePacket(): could not receive data: 9
[ 22912][E][WiFiUdp.cpp:221] parsePacket(): could not receive data: 9
[ 22918][E][WiFiUdp.cpp:221] parsePacket(): could not receive data: 9
[ 22924][E][WiFiUdp.cpp:221] parsePacket(): could not receive data: 9
[ 22930][E][WiFiUdp.cpp:221] parsePacket(): could not receive data: 9
[ 22936][E][WiFiUdp.cpp:221] parsePacket(): could not receive data: 9
[ 22942][E][WiFiUdp.cpp:221] parsePacket(): could not receive data: 9
[ 22948][E][WiFiUdp.cpp:221] parsePacket(): could not receive data: 9
[ 22954][E][WiFiUdp.cpp:221] parsePacket(): could not receive data: 9
[ 22960][E][WiFiUdp.cpp:221] parsePacket(): could not receive data: 9
[ 22966][E][WiFiUdp.cpp:221] parsePacket(): could not receive data: 9
[ 22972][E][WiFiUdp.cpp:221] parsePacket(): could not receive data: 9
[ 22978][E][WiFiUdp.cpp:221] parsePacket(): could not receive data: 9
[ 22984][E][WiFiUdp.cpp:221] parsePacket(): could not receive data: 9
[ 22990][E][WiFiUdp.cpp:221] parsePacket(): could not receive data: 9
[ 22996][E][WiFiUdp.cpp:221] parsePacket(): could not receive data: 9
[ 23002][E][WiFiUdp.cpp:221] parsePacket(): could not receive data: 9
[ 23008][E][WiFiUdp.cpp:221] parsePacket(): could not receive data: 9
[ 23014][E][WiFiUdp.cpp:221] parsePacket(): could not receive data: 9
[ 23020][E][WiFiUdp.cpp:221] parsePacket(): could not receive data: 9
[ 23026][E][WiFiUdp.cpp:221] parsePacket(): could not receive data: 9
[ 23032][E][WiFiUdp.cpp:221] parsePacket(): could not receive data: 9
[ 23038][E][WiFiUdp.cpp:221] parsePacket(): could not receive data: 9
[ 23044][E][WiFiUdp.cpp:221] parsePacket(): could not receive data: 9
[ 23050][E][WiFiUdp.cpp:221] parsePacket(): could not receive data: 9
[ 23056][E][WiFiUdp.cpp:221] parsePacket(): could not receive data: 9
[ 23062][E][WiFiUdp.cpp:221] parsePacket(): could not receive data: 9
[ 23068][E][WiFiUdp.cpp:221] parsePacket(): could not receive data: 9
[ 23074][E][WiFiUdp.cpp:221] parsePacket(): could not receive data: 9
[ 23080][E][WiFiUdp.cpp:221] parsePacket(): could not receive data: 9
[ 23086][E][WiFiUdp.cpp:221] parsePacket(): could not receive data: 9
[ 23092][E][WiFiUdp.cpp:221] parsePacket(): could not receive data: 9
[ 23098][E][WiFiUdp.cpp:221] parsePacket(): could not receive data: 9
[ 23104][E][WiFiUdp.cpp:221] parsePacket(): could not receive data: 9
[ 23110][E][WiFiUdp.cpp:221] parsePacket(): could not receive data: 9
[ 23116][E][WiFiUdp.cpp:221] parsePacket(): could not receive data: 9
[ 23122][E][WiFiUdp.cpp:221] parsePacket(): could not receive data: 9
[ 23128][E][WiFiUdp.cpp:221] parsePacket(): could not receive data: 9
[ 23134][E][WiFiUdp.cpp:221] parsePacket(): could not receive data: 9
[ 23140][E][WiFiUdp.cpp:221] parsePacket(): could not receive data: 9
[ 23146][E][WiFiUdp.cpp:221] parsePacket(): could not receive data: 9
[ 23152][E][WiFiUdp.cpp:221] parsePacket(): could not receive data: 9
[ 23158][E][WiFiUdp.cpp:221] parsePacket(): could not receive data: 9
[ 23164][E][WiFiUdp.cpp:221] parsePacket(): could not receive data: 9
[ 23170][E][WiFiUdp.cpp:221] parsePacket(): could not receive data: 9
[ 23176][E][WiFiUdp.cpp:221] parsePacket(): could not receive data: 9
[ 23182][E][WiFiUdp.cpp:221] parsePacket(): could not receive data: 9
[ 23188][E][WiFiUdp.cpp:221] parsePacket(): could not receive data: 9
[ 23194][E][WiFiUdp.cpp:221] parsePacket(): could not receive data: 9
[ 23200][E][WiFiUdp.cpp:221] parsePacket(): could not receive data: 9
[ 23206][E][WiFiUdp.cpp:221] parsePacket(): could not receive data: 9
[ 23212][E][WiFiUdp.cpp:221] parsePacket(): could not receive data: 9
[ 23218][E][WiFiUdp.cpp:221] parsePacket(): could not receive data: 9
[ 23224][E][WiFiUdp.cpp:221] parsePacket(): could not receive data: 9
[ 23230][E][WiFiUdp.cpp:221] parsePacket(): could not receive data: 9
[ 23236][E][WiFiUdp.cpp:221] parsePacket(): could not receive data: 9
[ 23242][E][WiFiUdp.cpp:221] parsePacket(): could not receive data: 9
[ 23248][E][WiFiUdp.cpp:221] parsePacket(): could not receive data: 9
[ 23254][E][WiFiUdp.cpp:221] parsePacket(): could not receive data: 9
[ 23260][E][WiFiUdp.cpp:221] parsePacket(): could not receive data: 9
[ 23266][E][WiFiUdp.cpp:221] parsePacket(): could not receive data: 9
[ 23272][E][WiFiUdp.cpp:221] parsePacket(): could not receive data: 9
[ 23278][E][WiFiUdp.cpp:221] parsePacket(): could not receive data: 9
[ 23284][E][WiFiUdp.cpp:221] parsePacket(): could not receive data: 9
[ 23290][E][WiFiUdp.cpp:221] parsePacket(): could not receive data: 9
[ 23296][E][WiFiUdp.cpp:221] parsePacket(): could not receive data: 9
[ 23302][E][WiFiUdp.cpp:221] parsePacket(): could not receive data: 9
[ 23308][E][WiFiUdp.cpp:221] parsePacket(): could not receive data: 9
[ 23314][E][WiFiUdp.cpp:221] parsePacket(): could not receive data: 9
[ 23320][E][WiFiUdp.cpp:221] parsePacket(): could not receive data: 9
[ 23326][E][WiFiUdp.cpp:221] parsePacket(): could not receive data: 9
[ 23332][E][WiFiUdp.cpp:221] parsePacket(): could not receive data: 9
[ 23338][E][WiFiUdp.cpp:221] parsePacket(): could not receive data: 9
[ 23344][E][WiFiUdp.cpp:221] parsePacket(): could not receive data: 9
[ 23350][E][WiFiUdp.cpp:221] parsePacket(): could not receive data: 9
[ 23356][E][WiFiUdp.cpp:221] parsePacket(): could not receive data: 9
[ 23362][E][WiFiUdp.cpp:221] parsePacket(): could not receive data: 9
[ 23368][E][WiFiUdp.cpp:221] parsePacket(): could not receive data: 9
[ 23374][E][WiFiUdp.cpp:221] parsePacket(): could not receive data: 9
[ 23380][E][WiFiUdp.cpp:221] parsePacket(): could not receive data: 9
[ 23386][E][WiFiUdp.cpp:221] parsePacket(): could not receive data: 9
[ 23392][E][WiFiUdp.cpp:221] parsePacket(): could not receive data: 9
[ 23398][E][WiFiUdp.cpp:221] parsePacket(): could not receive data: 9
[ 23404][E][WiFiUdp.cpp:221] parsePacket(): could not receive data: 9
[ 23410][E][WiFiUdp.cpp:221] parsePacket(): could not receive data: 9
[ 23416][E][WiFiUdp.cpp:221] parsePacket(): could not receive data: 9
[ 23422][E][WiFiUdp.cpp:221] parsePacket(): could not receive data: 9
[ 23428][E][WiFiUdp.cpp:221] parsePacket(): could not receive data: 9
[ 23434][E][WiFiUdp.cpp:221] parsePacket(): could not receive data: 9
[ 23440][E][WiFiUdp.cpp:221] parsePacket(): could not receive data: 9
[ 23446][E][WiFiUdp.cpp:221] parsePacket(): could not receive data: 9
[ 23452][E][WiFiUdp.cpp:221] parsePacket(): could not receive data: 9
[ 23458][E][WiFiUdp.cpp:221] parsePacket(): could not receive data: 9
[ 23464][E][WiFiUdp.cpp:221] parsePacket(): could not receive data: 9
[ 23470][E][WiFiUdp.cpp:221] parsePacket(): could not receive data: 9
[ 23476][E][WiFiUdp.cpp:221] parsePacket(): could not receive data: 9
[ 23482][E][WiFiUdp.cpp:221] parsePacket(): could not receive data: 9
[ 23488][E][WiFiUdp.cpp:221] parsePacket(): could not receive data: 9
[ 23494][E][WiFiUdp.cpp:221] parsePacket(): could not receive data: 9
[ 23500][E][WiFiUdp.cpp:221] parsePacket(): could not receive data: 9
[ 23506][E][WiFiUdp.cpp:221] parsePacket(): could not receive data: 9
[ 23512][E][WiFiUdp.cpp:221] parsePacket(): could not receive data: 9
[ 23518][E][WiFiUdp.cpp:221] parsePacket(): could not receive data: 9
[ 23524][E][WiFiUdp.cpp:221] parsePacket(): could not receive data: 9
[ 23530][E][WiFiUdp.cpp:221] parsePacket(): could not receive data: 9
[ 23536][E][WiFiUdp.cpp:221] parsePacket(): could not receive data: 9
[ 23542][E][WiFiUdp.cpp:221] parsePacket(): could not receive data: 9
[ 23548][E][WiFiUdp.cpp:221] parsePacket(): could not receive data: 9
[ 23554][E][WiFiUdp.cpp:221] parsePacket(): could not receive data: 9
[ 23560][E][WiFiUdp.cpp:221] parsePacket(): could not receive data: 9
[ 23566][E][WiFiUdp.cpp:221] parsePacket(): could not receive data: 9
[ 23572][E][WiFiUdp.cpp:221] parsePacket(): could not receive data: 9
[ 23578][E][WiFiUdp.cpp:221] parsePacket(): could not receive data: 9
[ 23584][E][WiFiUdp.cpp:221] parsePacket(): could not receive data: 9
[ 23590][E][WiFiUdp.cpp:221] parsePacket(): could not receive data: 9
[ 23596][E][WiFiUdp.cpp:221] parsePacket(): could not receive data: 9
[ 23602][E][WiFiUdp.cpp:221] parsePacket(): could not receive data: 9
[ 23608][E][WiFiUdp.cpp:221] parsePacket(): could not receive data: 9
[ 23614][E][WiFiUdp.cpp:221] parsePacket(): could not receive data: 9
[ 23620][E][WiFiUdp.cpp:221] parsePacket(): could not receive data: 9
[ 23626][E][WiFiUdp.cpp:221] parsePacket(): could not receive data: 9
[ 23632][E][WiFiUdp.cpp:221] parsePacket(): could not receive data: 9
[ 23638][E][WiFiUdp.cpp:221] parsePacket(): could not receive data: 9
[ 23644][E][WiFiUdp.cpp:221] parsePacket(): could not receive data: 9
[ 23650][E][WiFiUdp.cpp:221] parsePacket(): could not receive data: 9
[ 23656][E][WiFiUdp.cpp:221] parsePacket(): could not receive data: 9
[ 23662][E][WiFiUdp.cpp:221] parsePacket(): could not receive data: 9
[ 23668][E][WiFiUdp.cpp:221] parsePacket(): could not receive data: 9
[ 23674][E][WiFiUdp.cpp:221] parsePacket(): could not receive data: 9
[ 23680][E][WiFiUdp.cpp:221] parsePacket(): could not receive data: 9
[ 23686][E][WiFiUdp.cpp:221] parsePacket(): could not receive data: 9
[ 23692][E][WiFiUdp.cpp:221] parsePacket(): could not receive data: 9
[ 23698][E][WiFiUdp.cpp:221] parsePacket(): could not receive data: 9
[ 23704][E][WiFiUdp.cpp:221] parsePacket(): could not receive data: 9
[ 23710][E][WiFiUdp.cpp:221] parsePacket(): could not receive data: 9
[ 23716][E][WiFiUdp.cpp:221] parsePacket(): could not receive data: 9
[ 23722][E][WiFiUdp.cpp:221] parsePacket(): could not receive data: 9
[ 23728][E][WiFiUdp.cpp:221] parsePacket(): could not receive data: 9
[ 23734][E][WiFiUdp.cpp:221] parsePacket(): could not receive data: 9
[ 23739][E][WiFiUdp.cpp:221] parsePacket(): could not receive data: 9
[ 23745][E][WiFiUdp.cpp:221] parsePacket(): could not receive data: 9
[ 23751][E][WiFiUdp.cpp:221] parsePacket(): could not receive data: 9
[ 23757][E][WiFiUdp.cpp:221] parsePacket(): could not receive data: 9
[ 23763][E][WiFiUdp.cpp:221] parsePacket(): could not receive data: 9
[ 23769][E][WiFiUdp.cpp:221] parsePacket(): could not receive data: 9
[ 23775][E][WiFiUdp.cpp:221] parsePacket(): could not receive data: 9
[ 23781][E][WiFiUdp.cpp:221] parsePacket(): could not receive data: 9
[ 23787][E][WiFiUdp.cpp:221] parsePacket(): could not receive data: 9
[ 23793][E][WiFiUdp.cpp:221] parsePacket(): could not receive data: 9
[ 23799][E][WiFiUdp.cpp:221] parsePacket(): could not receive data: 9
[ 23805][E][WiFiUdp.cpp:221] parsePacket(): could not receive data: 9
[ 23811][E][WiFiUdp.cpp:221] parsePacket(): could not receive data: 9
[ 23817][E][WiFiUdp.cpp:221] parsePacket(): could not receive data: 9
[ 23823][E][WiFiUdp.cpp:221] parsePacket(): could not receive data: 9
[ 23829][E][WiFiUdp.cpp:221] parsePacket(): could not receive data: 9
[ 23835][E][WiFiUdp.cpp:221] parsePacket(): could not receive data: 9
[ 23841][E][WiFiUdp.cpp:221] parsePacket(): could not receive data: 9
[ 23847][E][WiFiUdp.cpp:221] parsePacket(): could not receive data: 9
[ 23853][E][WiFiUdp.cpp:221] parsePacket(): could not receive data: 9
[ 23859][E][WiFiUdp.cpp:221] parsePacket(): could not receive data: 9
[ 23865][E][WiFiUdp.cpp:221] parsePacket(): could not receive data: 9
[ 23871][E][WiFiUdp.cpp:221] parsePacket(): could not receive data: 9
[ 23877][E][WiFiUdp.cpp:221] parsePacket(): could not receive data: 9
[ 23883][E][WiFiUdp.cpp:221] parsePacket(): could not receive data: 9
[ 23889][E][WiFiUdp.cpp:221] parsePacket(): could not receive data: 9
[ 23895][E][WiFiUdp.cpp:221] parsePacket(): could not receive data: 9
[ 23901][E][WiFiUdp.cpp:221] parsePacket(): could not receive data: 9
[ 23907][E][WiFiUdp.cpp:221] parsePacket(): could not receive data: 9
[ 23913][E][WiFiUdp.cpp:221] parsePacket(): could not receive data: 9
[ 23919][E][WiFiUdp.cpp:221] parsePacket(): could not receive data: 9
[ 23925][E][WiFiUdp.cpp:221] parsePacket(): could not receive data: 9
[ 23931][E][WiFiUdp.cpp:221] parsePacket(): could not receive data: 9
[ 23937][E][WiFiUdp.cpp:221] parsePacket(): could not receive data: 9
[ 23943][E][WiFiUdp.cpp:221] parsePacket(): could not receive data: 9
[ 23949][E][WiFiUdp.cpp:221] parsePacket(): could not receive data: 9
[ 23955][E][WiFiUdp.cpp:221] parsePacket(): could not receive data: 9
[ 23961][E][WiFiUdp.cpp:221] parsePacket(): could not receive data: 9
[ 23967][E][WiFiUdp.cpp:221] parsePacket(): could not receive data: 9
[ 23973][E][WiFiUdp.cpp:221] parsePacket(): could not receive data: 9
[ 23979][E][WiFiUdp.cpp:221] parsePacket(): could not receive data: 9
[ 23985][E][WiFiUdp.cpp:221] parsePacket(): could not receive data: 9
[ 23991][E][WiFiUdp.cpp:221] parsePacket(): could not receive data: 9
[ 23997][E][WiFiUdp.cpp:221] parsePacket(): could not receive data: 9
[ 24003][E][WiFiUdp.cpp:221] parsePacket(): could not receive data: 9
[ 24009][E][WiFiUdp.cpp:221] parsePacket(): could not receive data: 9
[ 24015][E][WiFiUdp.cpp:221] parsePacket(): could not receive data: 9
[ 24021][E][WiFiUdp.cpp:221] parsePacket(): could not receive data: 9
[ 24027][E][WiFiUdp.cpp:221] parsePacket(): could not receive data: 9
[ 24033][E][WiFiUdp.cpp:221] parsePacket(): could not receive data: 9
[ 24039][E][WiFiUdp.cpp:221] parsePacket(): could not receive data: 9
[ 24045][E][WiFiUdp.cpp:221] parsePacket(): could not receive data: 9
[ 24051][E][WiFiUdp.cpp:221] parsePacket(): could not receive data: 9
[ 24057][E][WiFiUdp.cpp:221] parsePacket(): could not receive data: 9
[ 24063][E][WiFiUdp.cpp:221] parsePacket(): could not receive data: 9
[ 24068][E][WiFiUdp.cpp:221] parsePacket(): could not receive data: 9
[ 24074][E][WiFiUdp.cpp:221] parsePacket(): could not receive data: 9
[ 24080][E][WiFiUdp.cpp:221] parsePacket(): could not receive data: 9
[ 24086][E][WiFiUdp.cpp:221] parsePacket(): could not receive data: 9
[ 24092][E][WiFiUdp.cpp:221] parsePacket(): could not receive data: 9
[ 24098][E][WiFiUdp.cpp:221] parsePacket(): could not receive data: 9
[ 24104][E][WiFiUdp.cpp:221] parsePacket(): could not receive data: 9
[ 24110][E][WiFiUdp.cpp:221] parsePacket(): could not receive data: 9
[ 24116][E][WiFiUdp.cpp:221] parsePacket(): could not receive data: 9
[ 24122][E][WiFiUdp.cpp:221] parsePacket(): could not receive data: 9
[ 24128][E][WiFiUdp.cpp:221] parsePacket(): could not receive data: 9
[ 24134][E][WiFiUdp.cpp:221] parsePacket(): could not receive data: 9
[ 24140][E][WiFiUdp.cpp:221] parsePacket(): could not receive data: 9
[ 24146][E][WiFiUdp.cpp:221] parsePacket(): could not receive data: 9
[ 24152][E][WiFiUdp.cpp:221] parsePacket(): could not receive data: 9
[ 24158][E][WiFiUdp.cpp:221] parsePacket(): could not receive data: 9
[ 24164][E][WiFiUdp.cpp:221] parsePacket(): could not receive data: 9
[ 24170][E][WiFiUdp.cpp:221] parsePacket(): could not receive data: 9
[ 24176][E][WiFiUdp.cpp:221] parsePacket(): could not receive data: 9
[ 24182][E][WiFiUdp.cpp:221] parsePacket(): could not receive data: 9
[ 24188][E][WiFiUdp.cpp:221] parsePacket(): could not receive data: 9
[ 24194][E][WiFiUdp.cpp:221] parsePacket(): could not receive data: 9
[ 24200][E][WiFiUdp.cpp:221] parsePacket(): could not receive data: 9
[ 24205][E][WiFiUdp.cpp:221] parsePacket(): could not receive data: 9
[ 24211][E][WiFiUdp.cpp:221] parsePacket(): could not receive data: 9
[ 24217][E][WiFiUdp.cpp:221] parsePacket(): could not receive data: 9
[ 24223][E][WiFiUdp.cpp:221] parsePacket(): could not receive data: 9
[ 24229][E][WiFiUdp.cpp:221] parsePacket(): could not receive data: 9
[ 24235][E][WiFiUdp.cpp:221] parsePacket(): could not receive data: 9
[ 24241][E][WiFiUdp.cpp:221] parsePacket(): could not receive data: 9
[ 24247][E][WiFiUdp.cpp:221] parsePacket(): could not receive data: 9
[ 24253][E][WiFiUdp.cpp:221] parsePacket(): could not receive data: 9
[ 24259][E][WiFiUdp.cpp:221] parsePacket(): could not receive data: 9
[ 24265][E][WiFiUdp.cpp:221] parsePacket(): could not receive data: 9
[ 24271][E][WiFiUdp.cpp:221] parsePacket(): could not receive data: 9
[ 24277][E][WiFiUdp.cpp:221] parsePacket(): could not receive data: 9
[ 24283][E][WiFiUdp.cpp:221] parsePacket(): could not receive data: 9
[ 24289][E][WiFiUdp.cpp:221] parsePacket(): could not receive data: 9
[ 24295][E][WiFiUdp.cpp:221] parsePacket(): could not receive data: 9
[ 24301][E][WiFiUdp.cpp:221] parsePacket(): could not receive data: 9
[ 24307][E][WiFiUdp.cpp:221] parsePacket(): could not receive data: 9
[ 24313][E][WiFiUdp.cpp:221] parsePacket(): could not receive data: 9
[ 24319][E][WiFiUdp.cpp:221] parsePacket(): could not receive data: 9
[ 24325][E][WiFiUdp.cpp:221] parsePacket(): could not receive data: 9
[ 24331][E][WiFiUdp.cpp:221] parsePacket(): could not receive data: 9
[ 24337][E][WiFiUdp.cpp:221] parsePacket(): could not receive data: 9
[ 24343][E][WiFiUdp.cpp:221] parsePacket(): could not receive data: 9
[ 24349][E][WiFiUdp.cpp:221] parsePacket(): could not receive data: 9
[ 24355][E][WiFiUdp.cpp:221] parsePacket(): could not receive data: 9
[ 24361][E][WiFiUdp.cpp:221] parsePacket(): could not receive data: 9
[ 24367][E][WiFiUdp.cpp:221] parsePacket(): could not receive data: 9
[ 24373][E][WiFiUdp.cpp:221] parsePacket(): could not receive data: 9
[ 24379][E][WiFiUdp.cpp:221] parsePacket(): could not receive data: 9
[ 24384][E][WiFiUdp.cpp:221] parsePacket(): could not receive data: 9
[ 24390][E][WiFiUdp.cpp:221] parsePacket(): could not receive data: 9
[ 24396][E][WiFiUdp.cpp:221] parsePacket(): could not receive data: 9
[ 24402][E][WiFiUdp.cpp:221] parsePacket(): could not receive data: 9
[ 24408][E][WiFiUdp.cpp:221] parsePacket(): could not receive data: 9
[ 24414][E][WiFiUdp.cpp:221] parsePacket(): could not receive data: 9
[ 24420][E][WiFiUdp.cpp:221] parsePacket(): could not receive data: 9
[ 24426][E][WiFiUdp.cpp:221] parsePacket(): could not receive data: 9
[ 24432][E][WiFiUdp.cpp:221] parsePacket(): could not receive data: 9
[ 24438][E][WiFiUdp.cpp:221] parsePacket(): could not receive data: 9
[ 24444][E][WiFiUdp.cpp:221] parsePacket(): could not receive data: 9
[ 24450][E][WiFiUdp.cpp:221] parsePacket(): could not receive data: 9
[ 24456][E][WiFiUdp.cpp:221] parsePacket(): could not receive data: 9
[ 24462][E][WiFiUdp.cpp:221] parsePacket(): could not receive data: 9
[ 24468][E][WiFiUdp.cpp:221] parsePacket(): could not receive data: 9
[ 24474][E][WiFiUdp.cpp:221] parsePacket(): could not receive data: 9
[ 24480][E][WiFiUdp.cpp:221] parsePacket(): could not receive data: 9
[ 24486][E][WiFiUdp.cpp:221] parsePacket(): could not receive data: 9
[ 24492][E][WiFiUdp.cpp:221] parsePacket(): could not receive data: 9
[ 24498][E][WiFiUdp.cpp:221] parsePacket(): could not receive data: 9
[ 24504][E][WiFiUdp.cpp:221] parsePacket(): could not receive data: 9
[ 24510][E][WiFiUdp.cpp:221] parsePacket(): could not receive data: 9
[ 24516][E][WiFiUdp.cpp:221] parsePacket(): could not receive data: 9
[ 24522][E][WiFiUdp.cpp:221] parsePacket(): could not receive data: 9
[ 24528][E][WiFiUdp.cpp:221] parsePacket(): could not receive data: 9
[ 24534][E][WiFiUdp.cpp:221] parsePacket(): could not receive data: 9
[ 24540][E][WiFiUdp.cpp:221] parsePacket(): could not receive data: 9
[ 24546][E][WiFiUdp.cpp:221] parsePacket(): could not receive data: 9
[ 24552][E][WiFiUdp.cpp:221] parsePacket(): could not receive data: 9
[ 24558][E][WiFiUdp.cpp:221] parsePacket(): could not receive data: 9
[ 24564][E][WiFiUdp.cpp:221] parsePacket(): could not receive data: 9
[ 24570][E][WiFiUdp.cpp:221] parsePacket(): could not receive data: 9
[ 24576][E][WiFiUdp.cpp:221] parsePacket(): could not receive data: 9
[ 24582][E][WiFiUdp.cpp:221] parsePacket(): could not receive data: 9
[ 24588][E][WiFiUdp.cpp:221] parsePacket(): could not receive data: 9
[ 24594][E][WiFiUdp.cpp:221] parsePacket(): could not receive data: 9
[ 24600][E][WiFiUdp.cpp:221] parsePacket(): could not receive data: 9
[ 24606][E][WiFiUdp.cpp:221] parsePacket(): could not receive data: 9
[ 24612][E][WiFiUdp.cpp:221] parsePacket(): could not receive data: 9
[ 24618][E][WiFiUdp.cpp:221] parsePacket(): could not receive data: 9
[ 24624][E][WiFiUdp.cpp:221] parsePacket(): could not receive data: 9
[ 24630][E][WiFiUdp.cpp:221] parsePacket(): could not receive data: 9
[ 24636][E][WiFiUdp.cpp:221] parsePacket(): could not receive data: 9
[ 24642][E][WiFiUdp.cpp:221] parsePacket(): could not receive data: 9
[ 24648][E][WiFiUdp.cpp:221] parsePacket(): could not receive data: 9
[ 24654][E][WiFiUdp.cpp:221] parsePacket(): could not receive data: 9
[ 24660][E][WiFiUdp.cpp:221] parsePacket(): could not receive data: 9
[ 24666][E][WiFiUdp.cpp:221] parsePacket(): could not receive data: 9
[ 24672][E][WiFiUdp.cpp:221] parsePacket(): could not receive data: 9
[ 24678][E][WiFiUdp.cpp:221] parsePacket(): could not receive data: 9
[ 24684][E][WiFiUdp.cpp:221] parsePacket(): could not receive data: 9
[ 24690][E][WiFiUdp.cpp:221] parsePacket(): could not receive data: 9
[ 24696][E][WiFiUdp.cpp:221] parsePacket(): could not receive data: 9
[ 24702][E][WiFiUdp.cpp:221] parsePacket(): could not receive data: 9
[ 24708][E][WiFiUdp.cpp:221] parsePacket(): could not receive data: 9
[ 24714][E][WiFiUdp.cpp:221] parsePacket(): could not receive data: 9
[ 24720][E][WiFiUdp.cpp:221] parsePacket(): could not receive data: 9
[ 24726][E][WiFiUdp.cpp:221] parsePacket(): could not receive data: 9
[ 24732][E][WiFiUdp.cpp:221] parsePacket(): could not receive data: 9
[ 24738][E][WiFiUdp.cpp:221] parsePacket(): could not receive data: 9
[ 24744][E][WiFiUdp.cpp:221] parsePacket(): could not receive data: 9
[ 24750][E][WiFiUdp.cpp:221] parsePacket(): could not receive data: 9
[ 24756][E][WiFiUdp.cpp:221] parsePacket(): could not receive data: 9
[ 24762][E][WiFiUdp.cpp:221] parsePacket(): could not receive data: 9
[ 24768][E][WiFiUdp.cpp:221] parsePacket(): could not receive data: 9
[ 24774][E][WiFiUdp.cpp:221] parsePacket(): could not receive data: 9
[ 24780][E][WiFiUdp.cpp:221] parsePacket(): could not receive data: 9
[ 24786][E][WiFiUdp.cpp:221] parsePacket(): could not receive data: 9
[ 24792][E][WiFiUdp.cpp:221] parsePacket(): could not receive data: 9
[ 24798][E][WiFiUdp.cpp:221] parsePacket(): could not receive data: 9
[ 24804][E][WiFiUdp.cpp:221] parsePacket(): could not receive data: 9
[ 24810][E][WiFiUdp.cpp:221] parsePacket(): could not receive data: 9
[ 24816][E][WiFiUdp.cpp:221] parsePacket(): could not receive data: 9
[ 24822][E][WiFiUdp.cpp:221] parsePacket(): could not receive data: 9
[ 24828][E][WiFiUdp.cpp:221] parsePacket(): could not receive data: 9
[ 24834][E][WiFiUdp.cpp:221] parsePacket(): could not receive data: 9
[ 24840][E][WiFiUdp.cpp:221] parsePacket(): could not receive data: 9
[ 24846][E][WiFiUdp.cpp:221] parsePacket(): could not receive data: 9
[ 24852][E][WiFiUdp.cpp:221] parsePacket(): could not receive data: 9
[ 24857][E][WiFiUdp.cpp:221] parsePacket(): could not receive data: 9
[ 24863][E][WiFiUdp.cpp:221] parsePacket(): could not receive data: 9
[ 24869][E][WiFiUdp.cpp:221] parsePacket(): could not receive data: 9
[ 24875][E][WiFiUdp.cpp:221] parsePacket(): could not receive data: 9
[ 24881][E][WiFiUdp.cpp:221] parsePacket(): could not receive data: 9
[ 24887][E][WiFiUdp.cpp:221] parsePacket(): could not receive data: 9
[ 24893][E][WiFiUdp.cpp:221] parsePacket(): could not receive data: 9
[ 24899][E][WiFiUdp.cpp:221] parsePacket(): could not receive data: 9
[ 24905][E][WiFiUdp.cpp:221] parsePacket(): could not receive data: 9
[ 24911][E][WiFiUdp.cpp:221] parsePacket(): could not receive data: 9
[ 24917][E][WiFiUdp.cpp:221] parsePacket(): could not receive data: 9
[ 24923][E][WiFiUdp.cpp:221] parsePacket(): could not receive data: 9
[ 24929][E][WiFiUdp.cpp:221] parsePacket(): could not receive data: 9
[ 24935][E][WiFiUdp.cpp:221] parsePacket(): could not receive data: 9
[ 24941][E][WiFiUdp.cpp:221] parsePacket(): could not receive data: 9
[ 24947][E][WiFiUdp.cpp:221] parsePacket(): could not receive data: 9
[ 24953][E][WiFiUdp.cpp:221] parsePacket(): could not receive data: 9
[ 24959][E][WiFiUdp.cpp:221] parsePacket(): could not receive data: 9
[ 24965][E][WiFiUdp.cpp:221] parsePacket(): could not receive data: 9
[ 24971][E][WiFiUdp.cpp:221] parsePacket(): could not receive data: 9
[ 24977][E][WiFiUdp.cpp:221] parsePacket(): could not receive data: 9
[ 24983][E][WiFiUdp.cpp:221] parsePacket(): could not receive data: 9
[ 24989][E][WiFiUdp.cpp:221] parsePacket(): could not receive data: 9
[ 24995][E][WiFiUdp.cpp:221] parsePacket(): could not receive data: 9
[ 25001][E][WiFiUdp.cpp:221] parsePacket(): could not receive data: 9
[ 25007][E][WiFiUdp.cpp:221] parsePacket(): could not receive data: 9
[ 25013][E][WiFiUdp.cpp:221] parsePacket(): could not receive data: 9
[ 25019][E][WiFiUdp.cpp:221] parsePacket(): could not receive data: 9
[ 25025][E][WiFiUdp.cpp:221] parsePacket(): could not receive data: 9
[ 25031][E][WiFiUdp.cpp:221] parsePacket(): could not receive data: 9
[ 25037][E][WiFiUdp.cpp:221] parsePacket(): could not receive data: 9
[ 25043][E][WiFiUdp.cpp:221] parsePacket(): could not receive data: 9
[ 25049][E][WiFiUdp.cpp:221] parsePacket(): could not receive data: 9
[ 25055][E][WiFiUdp.cpp:221] parsePacket(): could not receive data: 9
[ 25061][E][WiFiUdp.cpp:221] parsePacket(): could not receive data: 9
[ 25066][E][WiFiUdp.cpp:221] parsePacket(): could not receive data: 9
[ 25072][E][WiFiUdp.cpp:221] parsePacket(): could not receive data: 9
[ 25078][E][WiFiUdp.cpp:221] parsePacket(): could not receive data: 9
[ 25084][E][WiFiUdp.cpp:221] parsePacket(): could not receive data: 9
[ 25090][E][WiFiUdp.cpp:221] parsePacket(): could not receive data: 9
[ 25096][E][WiFiUdp.cpp:221] parsePacket(): could not receive data: 9
[ 25102][E][WiFiUdp.cpp:221] parsePacket(): could not receive data: 9
[ 25107][E][WiFiUdp.cpp:221] parsePacket(): could not receive data: 9
[ 25113][E][WiFiUdp.cpp:221] parsePacket(): could not receive data: 9
[ 25119][E][WiFiUdp.cpp:221] parsePacket(): could not receive data: 9
[ 25125][E][WiFiUdp.cpp:221] parsePacket(): could not receive data: 9
[ 25131][E][WiFiUdp.cpp:221] parsePacket(): could not receive data: 9
[ 25137][E][WiFiUdp.cpp:221] parsePacket(): could not receive data: 9
[ 25143][E][WiFiUdp.cpp:221] parsePacket(): could not receive data: 9
[ 25149][E][WiFiUdp.cpp:221] parsePacket(): could not receive data: 9
[ 25155][E][WiFiUdp.cpp:221] parsePacket(): could not receive data: 9
[ 25161][E][WiFiUdp.cpp:221] parsePacket(): could not receive data: 9
[ 25167][E][WiFiUdp.cpp:221] parsePacket(): could not receive data: 9
[ 25173][E][WiFiUdp.cpp:221] parsePacket(): could not receive data: 9
[ 25179][E][WiFiUdp.cpp:221] parsePacket(): could not receive data: 9
[ 25185][E][WiFiUdp.cpp:221] parsePacket(): could not receive data: 9
[ 25191][E][WiFiUdp.cpp:221] parsePacket(): could not receive data: 9
[ 25197][E][WiFiUdp.cpp:221] parsePacket(): could not receive data: 9
[ 25203][E][WiFiUdp.cpp:221] parsePacket(): could not receive data: 9
[ 25209][E][WiFiUdp.cpp:221] parsePacket(): could not receive data: 9
[ 25215][E][WiFiUdp.cpp:221] parsePacket(): could not receive data: 9
[ 25221][E][WiFiUdp.cpp:221] parsePacket(): could not receive data: 9
[ 25227][E][WiFiUdp.cpp:221] parsePacket(): could not receive data: 9
[ 25233][E][WiFiUdp.cpp:221] parsePacket(): could not receive data: 9
[ 25239][E][WiFiUdp.cpp:221] parsePacket(): could not receive data: 9
[ 25245][E][WiFiUdp.cpp:221] parsePacket(): could not receive data: 9
[ 25251][E][WiFiUdp.cpp:221] parsePacket(): could not receive data: 9
[ 25257][E][WiFiUdp.cpp:221] parsePacket(): could not receive data: 9
[ 25263][E][WiFiUdp.cpp:221] parsePacket(): could not receive data: 9
[ 25269][E][WiFiUdp.cpp:221] parsePacket(): could not receive data: 9
[ 25275][E][WiFiUdp.cpp:221] parsePacket(): could not receive data: 9
[ 25281][E][WiFiUdp.cpp:221] parsePacket(): could not receive data: 9
[ 25287][E][WiFiUdp.cpp:221] parsePacket(): could not receive data: 9
[ 25293][E][WiFiUdp.cpp:221] parsePacket(): could not receive data: 9
[ 25299][E][WiFiUdp.cpp:221] parsePacket(): could not receive data: 9
[ 25305][E][WiFiUdp.cpp:221] parsePacket(): could not receive data: 9
[ 25311][E][WiFiUdp.cpp:221] parsePacket(): could not receive data: 9
[ 25317][E][WiFiUdp.cpp:221] parsePacket(): could not receive data: 9
[ 25323][E][WiFiUdp.cpp:221] parsePacket(): could not receive data: 9
[ 25329][E][WiFiUdp.cpp:221] parsePacket(): could not receive data: 9
[ 25335][E][WiFiUdp.cpp:221] parsePacket(): could not receive data: 9
[ 25341][E][WiFiUdp.cpp:221] parsePacket(): could not receive data: 9
[ 25347][E][WiFiUdp.cpp:221] parsePacket(): could not receive data: 9
[ 25353][E][WiFiUdp.cpp:221] parsePacket(): could not receive data: 9
[ 25359][E][WiFiUdp.cpp:221] parsePacket(): could not receive data: 9
[ 25365][E][WiFiUdp.cpp:221] parsePacket(): could not receive data: 9
[ 25371][E][WiFiUdp.cpp:221] parsePacket(): could not receive data: 9
[ 25377][E][WiFiUdp.cpp:221] parsePacket(): could not receive data: 9
[ 25383][E][WiFiUdp.cpp:221] parsePacket(): could not receive data: 9
[ 25389][E][WiFiUdp.cpp:221] parsePacket(): could not receive data: 9
[ 25395][E][WiFiUdp.cpp:221] parsePacket(): could not receive data: 9
[ 25400][E][WiFiUdp.cpp:221] parsePacket(): could not receive data: 9
[ 25405][E][WiFiUdp.cpp:221] parsePacket(): could not receive data: 9
[ 25411][E][WiFiUdp.cpp:221] parsePacket(): could not receive data: 9
[ 25417][E][WiFiUdp.cpp:221] parsePacket(): could not receive data: 9
[ 25423][E][WiFiUdp.cpp:221] parsePacket(): could not receive data: 9
[ 25429][E][WiFiUdp.cpp:221] parsePacket(): could not receive data: 9
[ 25435][E][WiFiUdp.cpp:221] parsePacket(): could not receive data: 9
[ 25441][E][WiFiUdp.cpp:221] parsePacket(): could not receive data: 9
[ 25447][E][WiFiUdp.cpp:221] parsePacket(): could not receive data: 9
[ 25453][E][WiFiUdp.cpp:221] parsePacket(): could not receive data: 9
[CON ]...accept() fd=50 free=132384
[CON ]...Client authenticated on port 2323. free heap=127180
:[ 25461][E][WiFiUdp.cpp:221] parsePacket(): could not receive data: 9
:[ 25468][E][WiFiUdp.cpp:221] parsePacket(): could not receive data: 9
p[ 25475][E][WiFiUdp.cpp:221] parsePacket(): could not receive data: 9
1[ 25482][E][WiFiUdp.cpp:221] parsePacket(): could not receive data: 9
 [ 25489][E][WiFiUdp.cpp:221] parsePacket(): could not receive data: 9
t[ 25495][E][WiFiUdp.cpp:221] parsePacket(): could not receive data: 9
e[ 25502][E][WiFiUdp.cpp:221] parsePacket(): could not receive data: 9
x[ 25509][E][WiFiUdp.cpp:221] parsePacket(): could not receive data: 9
t[ 25515][E][WiFiUdp.cpp:221] parsePacket(): could not receive data: 9
 [ 25522][E][WiFiUdp.cpp:221] parsePacket(): could not receive data: 9
4[ 25528][E][WiFiUdp.cpp:221] parsePacket(): could not receive data: 9
[ 25534][E][WiFiUdp.cpp:221] parsePacket(): could not receive data: 9

[RING] overflow, slot 0 dropped
[ 25646][E][WiFiUdp.cpp:221] parsePacket(): could not receive data: 9
[ 25656][E][WiFiUdp.cpp:221] parsePacket(): could not receive data: 9
[ 25661][E][WiFiUdp.cpp:221] parsePacket(): could not receive data: 9
[ 25667][E][WiFiUdp.cpp:221] parsePacket(): could not receive data: 9
[ 25673][E][WiFiUdp.cpp:221] parsePacket(): could not receive data: 9
[ 25679][E][WiFiUdp.cpp:221] parsePacket(): could not receive data: 9
[ 25685][E][WiFiUdp.cpp:221] parsePacket(): could not receive data: 9
[ 25691][E][WiFiUdp.cpp:221] parsePacket(): could not receive data: 9
[ 25697][E][WiFiUdp.cpp:221] parsePacket(): could not receive data: 9
[ 25703][E][WiFiUdp.cpp:221] parsePacket(): could not receive data: 9
[ 25709][E][WiFiUdp.cpp:221] parsePacket(): could not receive data: 9
[ 25714][E][WiFiUdp.cpp:221] parsePacket(): could not receive data: 9
[ 25720][E][WiFiUdp.cpp:221] parsePacket(): could not receive data: 9
[ 25726][E][WiFiUdp.cpp:221] parsePacket(): could not receive data: 9
[ 25732][E][WiFiUdp.cpp:221] parsePacket(): could not receive data: 9
[ 25738][E][WiFiUdp.cpp:221] parsePacket(): could not receive data: 9
[ 25744][E][WiFiUdp.cpp:221] parsePacket(): could not receive data: 9
[ 25750][E][WiFiUdp.cpp:221] parsePacket(): could not receive data: 9
[ 25756][E][WiFiUdp.cpp:221] parsePacket(): could not receive data: 9
[ 25762][E][WiFiUdp.cpp:221] parsePacket(): could not receive data: 9
[ 25768][E][WiFiUdp.cpp:221] parsePacket(): could not receive data: 9
[ 25774][E][WiFiUdp.cpp:221] parsePacket(): could not receive data: 9
[ 25780][E][WiFiUdp.cpp:221] parsePacket(): could not receive data: 9
[ 25786][E][WiFiUdp.cpp:221] parsePacket(): could not receive data: 9
[ 25792][E][WiFiUdp.cpp:221] parsePacket(): could not receive data: 9
[ 25798][E][WiFiUdp.cpp:221] parsePacket(): could not receive data: 9
[ 25804][E][WiFiUdp.cpp:221] parsePacket(): could not receive data: 9
[ 25810][E][WiFiUdp.cpp:221] parsePacket(): could not receive data: 9
[ 25816][E][WiFiUdp.cpp:221] parsePacket(): could not receive data: 9
[ 25822][E][WiFiUdp.cpp:221] parsePacket(): could not receive data: 9
[ 25828][E][WiFiUdp.cpp:221] parsePacket(): could not receive data: 9
[ 25834][E][WiFiUdp.cpp:221] parsePacket(): could not receive data: 9
[ 25840][E][WiFiUdp.cpp:221] parsePacket(): could not receive data: 9
[ 25846][E][WiFiUdp.cpp:221] parsePacket(): could not receive data: 9
[ 25852][E][WiFiUdp.cpp:221] parsePacket(): could not receive data: 9
[ 25858][E][WiFiUdp.cpp:221] parsePacket(): could not receive data: 9
[ 25864][E][WiFiUdp.cpp:221] parsePacket(): could not receive data: 9
[ 25870][E][WiFiUdp.cpp:221] parsePacket(): could not receive data: 9
[ 25876][E][WiFiUdp.cpp:221] parsePacket(): could not receive data: 9
[ 25882][E][WiFiUdp.cpp:221] parsePacket(): could not receive data: 9
[ 25888][E][WiFiUdp.cpp:221] parsePacket(): could not receive data: 9
[ 25894][E][WiFiUdp.cpp:221] parsePacket(): could not receive data: 9
[ 25900][E][WiFiUdp.cpp:221] parsePacket(): could not receive data: 9
[ 25906][E][WiFiUdp.cpp:221] parsePacket(): could not receive data: 9
[ 25912][E][WiFiUdp.cpp:221] parsePacket(): could not receive data: 9
[ 25918][E][WiFiUdp.cpp:221] parsePacket(): could not receive data: 9
[ 25924][E][WiFiUdp.cpp:221] parsePacket(): could not receive data: 9
[ 25930][E][WiFiUdp.cpp:221] parsePacket(): could not receive data: 9
[ 25936][E][WiFiUdp.cpp:221] parsePacket(): could not receive data: 9
[ 25942][E][WiFiUdp.cpp:221] parsePacket(): could not receive data: 9
[ 25948][E][WiFiUdp.cpp:221] parsePacket(): could not receive data: 9
[ 25954][E][WiFiUdp.cpp:221] parsePacket(): could not receive data: 9
[ 25960][E][WiFiUdp.cpp:221] parsePacket(): could not receive data: 9
[ 25966][E][WiFiUdp.cpp:221] parsePacket(): could not receive data: 9
[ 25972][E][WiFiUdp.cpp:221] parsePacket(): could not receive data: 9
[ 25978][E][WiFiUdp.cpp:221] parsePacket(): could not receive data: 9
[ 25984][E][WiFiUdp.cpp:221] parsePacket(): could not receive data: 9
[ 25990][E][WiFiUdp.cpp:221] parsePacket(): could not receive data: 9
[ 25996][E][WiFiUdp.cpp:221] parsePacket(): could not receive data: 9
[ 26002][E][WiFiUdp.cpp:221] parsePacket(): could not receive data: 9
[ 26008][E][WiFiUdp.cpp:221] parsePacket(): could not receive data: 9
[ 26014][E][WiFiUdp.cpp:221] parsePacket(): could not receive data: 9
[ 26020][E][WiFiUdp.cpp:221] parsePacket(): could not receive data: 9
[ 26026][E][WiFiUdp.cpp:221] parsePacket(): could not receive data: 9
[ 26032][E][WiFiUdp.cpp:221] parsePacket(): could not receive data: 9
[ 26038][E][WiFiUdp.cpp:221] parsePacket(): could not receive data: 9
[ 26044][E][WiFiUdp.cpp:221] parsePacket(): could not receive data: 9
[ 26050][E][WiFiUdp.cpp:221] parsePacket(): could not receive data: 9
[ 26056][E][WiFiUdp.cpp:221] parsePacket(): could not receive data: 9
[ 26062][E][WiFiUdp.cpp:221] parsePacket(): could not receive data: 9
[ 26068][E][WiFiUdp.cpp:221] parsePacket(): could not receive data: 9
[ 26074][E][WiFiUdp.cpp:221] parsePacket(): could not receive data: 9
[ 26080][E][WiFiUdp.cpp:221] parsePacket(): could not receive data: 9
[ 26086][E][WiFiUdp.cpp:221] parsePacket(): could not receive data: 9
[ 26092][E][WiFiUdp.cpp:221] parsePacket(): could not receive data: 9
[ 26098][E][WiFiUdp.cpp:221] parsePacket(): could not receive data: 9
[ 26104][E][WiFiUdp.cpp:221] parsePacket(): could not receive data: 9
[ 26110][E][WiFiUdp.cpp:221] parsePacket(): could not receive data: 9
[ 26116][E][WiFiUdp.cpp:221] parsePacket(): could not receive data: 9
[ 26122][E][WiFiUdp.cpp:221] parsePacket(): could not receive data: 9
[ 26128][E][WiFiUdp.cpp:221] parsePacket(): could not receive data: 9
[ 26134][E][WiFiUdp.cpp:221] parsePacket(): could not receive data: 9
[ 26140][E][WiFiUdp.cpp:221] parsePacket(): could not receive data: 9
[ 26146][E][WiFiUdp.cpp:221] parsePacket(): could not receive data: 9
[ 26152][E][WiFiUdp.cpp:221] parsePacket(): could not receive data: 9
[ 26158][E][WiFiUdp.cpp:221] parsePacket(): could not receive data: 9
[ 26164][E][WiFiUdp.cpp:221] parsePacket(): could not receive data: 9
[ 26170][E][WiFiUdp.cpp:221] parsePacket(): could not receive data: 9
[ 26176][E][WiFiUdp.cpp:221] parsePacket(): could not receive data: 9
[ 26182][E][WiFiUdp.cpp:221] parsePacket(): could not receive data: 9
[ 26188][E][WiFiUdp.cpp:221] parsePacket(): could not receive data: 9
[ 26194][E][WiFiUdp.cpp:221] parsePacket(): could not receive data: 9
[ 26200][E][WiFiUdp.cpp:221] parsePacket(): could not receive data: 9
[ 26206][E][WiFiUdp.cpp:221] parsePacket(): could not receive data: 9
[ 26212][E][WiFiUdp.cpp:221] parsePacket(): could not receive data: 9
[ 26218][E][WiFiUdp.cpp:221] parsePacket(): could not receive data: 9
[ 26224][E][WiFiUdp.cpp:221] parsePacket(): could not receive data: 9
[ 26230][E][WiFiUdp.cpp:221] parsePacket(): could not receive data: 9
[ 26236][E][WiFiUdp.cpp:221] parsePacket(): could not receive data: 9
[ 26242][E][WiFiUdp.cpp:221] parsePacket(): could not receive data: 9
[ 26248][E][WiFiUdp.cpp:221] parsePacket(): could not receive data: 9
[ 26254][E][WiFiUdp.cpp:221] parsePacket(): could not receive data: 9
[ 26260][E][WiFiUdp.cpp:221] parsePacket(): could not receive data: 9
[ 26266][E][WiFiUdp.cpp:221] parsePacket(): could not receive data: 9
[ 26272][E][WiFiUdp.cpp:221] parsePacket(): could not receive data: 9
[ 26278][E][WiFiUdp.cpp:221] parsePacket(): could not receive data: 9
[ 26284][E][WiFiUdp.cpp:221] parsePacket(): could not receive data: 9
[ 26290][E][WiFiUdp.cpp:221] parsePacket(): could not receive data: 9
[ 26296][E][WiFiUdp.cpp:221] parsePacket(): could not receive data: 9
[ 26302][E][WiFiUdp.cpp:221] parsePacket(): could not receive data: 9
[ 26308][E][WiFiUdp.cpp:221] parsePacket(): could not receive data: 9
[ 26314][E][WiFiUdp.cpp:221] parsePacket(): could not receive data: 9
[ 26320][E][WiFiUdp.cpp:221] parsePacket(): could not receive data: 9
[ 26326][E][WiFiUdp.cpp:221] parsePacket(): could not receive data: 9
[ 26332][E][WiFiUdp.cpp:221] parsePacket(): could not receive data: 9
[ 26338][E][WiFiUdp.cpp:221] parsePacket(): could not receive data: 9
[ 26344][E][WiFiUdp.cpp:221] parsePacket(): could not receive data: 9
[ 26350][E][WiFiUdp.cpp:221] parsePacket(): could not receive data: 9
[ 26356][E][WiFiUdp.cpp:221] parsePacket(): could not receive data: 9
[ 26362][E][WiFiUdp.cpp:221] parsePacket(): could not receive data: 9
[ 26368][E][WiFiUdp.cpp:221] parsePacket(): could not receive data: 9
[ 26374][E][WiFiUdp.cpp:221] parsePacket(): could not receive data: 9
[ 26380][E][WiFiUdp.cpp:221] parsePacket(): could not receive data: 9
[ 26386][E][WiFiUdp.cpp:221] parsePacket(): could not receive data: 9
[ 26392][E][WiFiUdp.cpp:221] parsePacket(): could not receive data: 9
[ 26398][E][WiFiUdp.cpp:221] parsePacket(): could not receive data: 9
[ 26404][E][WiFiUdp.cpp:221] parsePacket(): could not receive data: 9
[ 26410][E][WiFiUdp.cpp:221] parsePacket(): could not receive data: 9
[ 26416][E][WiFiUdp.cpp:221] parsePacket(): could not receive data: 9
[ 26422][E][WiFiUdp.cpp:221] parsePacket(): could not receive data: 9
[ 26428][E][WiFiUdp.cpp:221] parsePacket(): could not receive data: 9
[ 26434][E][WiFiUdp.cpp:221] parsePacket(): could not receive data: 9
[ 26440][E][WiFiUdp.cpp:221] parsePacket(): could not receive data: 9
[ 26446][E][WiFiUdp.cpp:221] parsePacket(): could not receive data: 9
[ 26452][E][WiFiUdp.cpp:221] parsePacket(): could not receive data: 9
[ 26458][E][WiFiUdp.cpp:221] parsePacket(): could not receive data: 9
[ 26464][E][WiFiUdp.cpp:221] parsePacket(): could not receive data: 9
[ 26470][E][WiFiUdp.cpp:221] parsePacket(): could not receive data: 9
[ 26476][E][WiFiUdp.cpp:221] parsePacket(): could not receive data: 9
[ 26482][E][WiFiUdp.cpp:221] parsePacket(): could not receive data: 9
[ 26488][E][WiFiUdp.cpp:221] parsePacket(): could not receive data: 9
[ 26494][E][WiFiUdp.cpp:221] parsePacket(): could not receive data: 9
[ 26500][E][WiFiUdp.cpp:221] parsePacket(): could not receive data: 9
[ 26506][E][WiFiUdp.cpp:221] parsePacket(): could not receive data: 9
[ 26511][E][WiFiUdp.cpp:221] parsePacket(): could not receive data: 9
[ 26517][E][WiFiUdp.cpp:221] parsePacket(): could not receive data: 9
[ 26523][E][WiFiUdp.cpp:221] parsePacket(): could not receive data: 9
[ 26529][E][WiFiUdp.cpp:221] parsePacket(): could not receive data: 9
[ 26535][E][WiFiUdp.cpp:221] parsePacket(): could not receive data: 9
[ 26541][E][WiFiUdp.cpp:221] parsePacket(): could not receive data: 9
[ 26547][E][WiFiUdp.cpp:221] parsePacket(): could not receive data: 9
[ 26553][E][WiFiUdp.cpp:221] parsePacket(): could not receive data: 9
[ 26559][E][WiFiUdp.cpp:221] parsePacket(): could not receive data: 9
[ 26565][E][WiFiUdp.cpp:221] parsePacket(): could not receive data: 9
[ 26571][E][WiFiUdp.cpp:221] parsePacket(): could not receive data: 9
[ 26577][E][WiFiUdp.cpp:221] parsePacket(): could not receive data: 9
[ 26583][E][WiFiUdp.cpp:221] parsePacket(): could not receive data: 9
[ 26589][E][WiFiUdp.cpp:221] parsePacket(): could not receive data: 9
[ 26595][E][WiFiUdp.cpp:221] parsePacket(): could not receive data: 9
[ 26601][E][WiFiUdp.cpp:221] parsePacket(): could not receive data: 9
[ 26607][E][WiFiUdp.cpp:221] parsePacket(): could not receive data: 9
[ 26613][E][WiFiUdp.cpp:221] parsePacket(): could not receive data: 9
[ 26619][E][WiFiUdp.cpp:221] parsePacket(): could not receive data: 9
[ 26625][E][WiFiUdp.cpp:221] parsePacket(): could not receive data: 9
[ 26631][E][WiFiUdp.cpp:221] parsePacket(): could not receive data: 9
[ 26637][E][WiFiUdp.cpp:221] parsePacket(): could not receive data: 9
[ 26643][E][WiFiUdp.cpp:221] parsePacket(): could not receive data: 9
[ 26649][E][WiFiUdp.cpp:221] parsePacket(): could not receive data: 9
[ 26655][E][WiFiUdp.cpp:221] parsePacket(): could not receive data: 9
[ 26661][E][WiFiUdp.cpp:221] parsePacket(): could not receive data: 9
[ 26667][E][WiFiUdp.cpp:221] parsePacket(): could not receive data: 9
[ 26673][E][WiFiUdp.cpp:221] parsePacket(): could not receive data: 9
[ 26679][E][WiFiUdp.cpp:221] parsePacket(): could not receive data: 9
[ 26685][E][WiFiUdp.cpp:221] parsePacket(): could not receive data: 9
[ 26691][E][WiFiUdp.cpp:221] parsePacket(): could not receive data: 9
[ 26697][E][WiFiUdp.cpp:221] parsePacket(): could not receive data: 9
[ 26703][E][WiFiUdp.cpp:221] parsePacket(): could not receive data: 9
[ 26709][E][WiFiUdp.cpp:221] parsePacket(): could not receive data: 9
[ 26715][E][WiFiUdp.cpp:221] parsePacket(): could not receive data: 9
[ 26721][E][WiFiUdp.cpp:221] parsePacket(): could not receive data: 9
[ 26727][E][WiFiUdp.cpp:221] parsePacket(): could not receive data: 9
[ 26733][E][WiFiUdp.cpp:221] parsePacket(): could not receive data: 9
[ 26739][E][WiFiUdp.cpp:221] parsePacket(): could not receive data: 9
[ 26745][E][WiFiUdp.cpp:221] parsePacket(): could not receive data: 9
[ 26751][E][WiFiUdp.cpp:221] parsePacket(): could not receive data: 9
[ 26757][E][WiFiUdp.cpp:221] parsePacket(): could not receive data: 9
[ 26763][E][WiFiUdp.cpp:221] parsePacket(): could not receive data: 9
[ 26769][E][WiFiUdp.cpp:221] parsePacket(): could not receive data: 9
[ 26775][E][WiFiUdp.cpp:221] parsePacket(): could not receive data: 9
[ 26781][E][WiFiUdp.cpp:221] parsePacket(): could not receive data: 9
[ 26787][E][WiFiUdp.cpp:221] parsePacket(): could not receive data: 9
[ 26793][E][WiFiUdp.cpp:221] parsePacket(): could not receive data: 9
[ 26799][E][WiFiUdp.cpp:221] parsePacket(): could not receive data: 9
[ 26805][E][WiFiUdp.cpp:221] parsePacket(): could not receive data: 9
[ 26811][E][WiFiUdp.cpp:221] parsePacket(): could not receive data: 9
[ 26817][E][WiFiUdp.cpp:221] parsePacket(): could not receive data: 9
[ 26823][E][WiFiUdp.cpp:221] parsePacket(): could not receive data: 9
[ 26829][E][WiFiUdp.cpp:221] parsePacket(): could not receive data: 9
[ 26835][E][WiFiUdp.cpp:221] parsePacket(): could not receive data: 9
[ 26841][E][WiFiUdp.cpp:221] parsePacket(): could not receive data: 9
[ 26847][E][WiFiUdp.cpp:221] parsePacket(): could not receive data: 9
[ 26852][E][WiFiUdp.cpp:221] parsePacket(): could not receive data: 9
[ 26858][E][WiFiUdp.cpp:221] parsePacket(): could not receive data: 9
[ 26864][E][WiFiUdp.cpp:221] parsePacket(): could not receive data: 9
[ 26870][E][WiFiUdp.cpp:221] parsePacket(): could not receive data: 9
[ 26876][E][WiFiUdp.cpp:221] parsePacket(): could not receive data: 9
[ 26882][E][WiFiUdp.cpp:221] parsePacket(): could not receive data: 9
[ 26888][E][WiFiUdp.cpp:221] parsePacket(): could not receive data: 9
[ 26894][E][WiFiUdp.cpp:221] parsePacket(): could not receive data: 9
[ 26900][E][WiFiUdp.cpp:221] parsePacket(): could not receive data: 9
[ 26906][E][WiFiUdp.cpp:221] parsePacket(): could not receive data: 9
[ 26912][E][WiFiUdp.cpp:221] parsePacket(): could not receive data: 9
[ 26918][E][WiFiUdp.cpp:221] parsePacket(): could not receive data: 9
[ 26924][E][WiFiUdp.cpp:221] parsePacket(): could not receive data: 9
[ 26930][E][WiFiUdp.cpp:221] parsePacket(): could not receive data: 9
[ 26936][E][WiFiUdp.cpp:221] parsePacket(): could not receive data: 9
[ 26942][E][WiFiUdp.cpp:221] parsePacket(): could not receive data: 9
[ 26948][E][WiFiUdp.cpp:221] parsePacket(): could not receive data: 9
[ 26954][E][WiFiUdp.cpp:221] parsePacket(): could not receive data: 9
[ 26960][E][WiFiUdp.cpp:221] parsePacket(): could not receive data: 9
[ 26966][E][WiFiUdp.cpp:221] parsePacket(): could not receive data: 9
[ 26972][E][WiFiUdp.cpp:221] parsePacket(): could not receive data: 9
[ 26978][E][WiFiUdp.cpp:221] parsePacket(): could not receive data: 9
[ 26984][E][WiFiUdp.cpp:221] parsePacket(): could not receive data: 9
[ 26990][E][WiFiUdp.cpp:221] parsePacket(): could not receive data: 9
[ 26996][E][WiFiUdp.cpp:221] parsePacket(): could not receive data: 9
[ 27002][E][WiFiUdp.cpp:221] parsePacket(): could not receive data: 9
[ 27008][E][WiFiUdp.cpp:221] parsePacket(): could not receive data: 9
[ 27014][E][WiFiUdp.cpp:221] parsePacket(): could not receive data: 9
[ 27020][E][WiFiUdp.cpp:221] parsePacket(): could not receive data: 9
[ 27026][E][WiFiUdp.cpp:221] parsePacket(): could not receive data: 9
[ 27032][E][WiFiUdp.cpp:221] parsePacket(): could not receive data: 9
[ 27038][E][WiFiUdp.cpp:221] parsePacket(): could not receive data: 9
[ 27044][E][WiFiUdp.cpp:221] parsePacket(): could not receive data: 9
[ 27050][E][WiFiUdp.cpp:221] parsePacket(): could not receive data: 9
[ 27056][E][WiFiUdp.cpp:221] parsePacket(): could not receive data: 9
[ 27062][E][WiFiUdp.cpp:221] parsePacket(): could not receive data: 9
[ 27068][E][WiFiUdp.cpp:221] parsePacket(): could not receive data: 9
[ 27074][E][WiFiUdp.cpp:221] parsePacket(): could not receive data: 9
[ 27080][E][WiFiUdp.cpp:221] parsePacket(): could not receive data: 9
[ 27086][E][WiFiUdp.cpp:221] parsePacket(): could not receive data: 9
[ 27092][E][WiFiUdp.cpp:221] parsePacket(): could not receive data: 9
[ 27098][E][WiFiUdp.cpp:221] parsePacket(): could not receive data: 9
[ 27104][E][WiFiUdp.cpp:221] parsePacket(): could not receive data: 9
[ 27110][E][WiFiUdp.cpp:221] parsePacket(): could not receive data: 9
[ 27116][E][WiFiUdp.cpp:221] parsePacket(): could not receive data: 9
[ 27122][E][WiFiUdp.cpp:221] parsePacket(): could not receive data: 9
[ 27128][E][WiFiUdp.cpp:221] parsePacket(): could not receive data: 9
[ 27134][E][WiFiUdp.cpp:221] parsePacket(): could not receive data: 9
[ 27140][E][WiFiUdp.cpp:221] parsePacket(): could not receive data: 9
[ 27146][E][WiFiUdp.cpp:221] parsePacket(): could not receive data: 9
[ 27152][E][WiFiUdp.cpp:221] parsePacket(): could not receive data: 9
[ 27157][E][WiFiUdp.cpp:221] parsePacket(): could not receive data: 9
[ 27163][E][WiFiUdp.cpp:221] parsePacket(): could not receive data: 9
[ 27170][E][WiFiUdp.cpp:221] parsePacket(): could not receive data: 9
[ 27175][E][WiFiUdp.cpp:221] parsePacket(): could not receive data: 9
[ 27181][E][WiFiUdp.cpp:221] parsePacket(): could not receive data: 9
[ 27187][E][WiFiUdp.cpp:221] parsePacket(): could not receive data: 9
[ 27193][E][WiFiUdp.cpp:221] parsePacket(): could not receive data: 9
[ 27199][E][WiFiUdp.cpp:221] parsePacket(): could not receive data: 9
[ 27205][E][WiFiUdp.cpp:221] parsePacket(): could not receive data: 9
[ 27211][E][WiFiUdp.cpp:221] parsePacket(): could not receive data: 9
[ 27217][E][WiFiUdp.cpp:221] parsePacket(): could not receive data: 9
[ 27223][E][WiFiUdp.cpp:221] parsePacket(): could not receive data: 9
[ 27229][E][WiFiUdp.cpp:221] parsePacket(): could not receive data: 9
[ 27235][E][WiFiUdp.cpp:221] parsePacket(): could not receive data: 9
[ 27241][E][WiFiUdp.cpp:221] parsePacket(): could not receive data: 9
[ 27247][E][WiFiUdp.cpp:221] parsePacket(): could not receive data: 9
[ 27253][E][WiFiUdp.cpp:221] parsePacket(): could not receive data: 9
[ 27259][E][WiFiUdp.cpp:221] parsePacket(): could not receive data: 9
[ 27265][E][WiFiUdp.cpp:221] parsePacket(): could not receive data: 9
[ 27271][E][WiFiUdp.cpp:221] parsePacket(): could not receive data: 9
[ 27277][E][WiFiUdp.cpp:221] parsePacket(): could not receive data: 9
[ 27283][E][WiFiUdp.cpp:221] parsePacket(): could not receive data: 9
[ 27289][E][WiFiUdp.cpp:221] parsePacket(): could not receive data: 9
[ 27295][E][WiFiUdp.cpp:221] parsePacket(): could not receive data: 9
[ 27301][E][WiFiUdp.cpp:221] parsePacket(): could not receive data: 9
[ 27307][E][WiFiUdp.cpp:221] parsePacket(): could not receive data: 9
[ 27313][E][WiFiUdp.cpp:221] parsePacket(): could not receive data: 9
[ 27319][E][WiFiUdp.cpp:221] parsePacket(): could not receive data: 9
[ 27325][E][WiFiUdp.cpp:221] parsePacket(): could not receive data: 9
[ 27331][E][WiFiUdp.cpp:221] parsePacket(): could not receive data: 9
[ 27337][E][WiFiUdp.cpp:221] parsePacket(): could not receive data: 9
[ 27343][E][WiFiUdp.cpp:221] parsePacket(): could not receive data: 9
[ 27349][E][WiFiUdp.cpp:221] parsePacket(): could not receive data: 9
[ 27355][E][WiFiUdp.cpp:221] parsePacket(): could not receive data: 9
[ 27361][E][WiFiUdp.cpp:221] parsePacket(): could not receive data: 9
[ 27367][E][WiFiUdp.cpp:221] parsePacket(): could not receive data: 9
[ 27373][E][WiFiUdp.cpp:221] parsePacket(): could not receive data: 9
[ 27379][E][WiFiUdp.cpp:221] parsePacket(): could not receive data: 9
[ 27385][E][WiFiUdp.cpp:221] parsePacket(): could not receive data: 9
[ 27391][E][WiFiUdp.cpp:221] parsePacket(): could not receive data: 9
[ 27397][E][WiFiUdp.cpp:221] parsePacket(): could not receive data: 9
[ 27403][E][WiFiUdp.cpp:221] parsePacket(): could not receive data: 9
[ 27409][E][WiFiUdp.cpp:221] parsePacket(): could not receive data: 9
[ 27415][E][WiFiUdp.cpp:221] parsePacket(): could not receive data: 9
[ 27421][E][WiFiUdp.cpp:221] parsePacket(): could not receive data: 9
[ 27427][E][WiFiUdp.cpp:221] parsePacket(): could not receive data: 9
[ 27433][E][WiFiUdp.cpp:221] parsePacket(): could not receive data: 9
[ 27439][E][WiFiUdp.cpp:221] parsePacket(): could not receive data: 9
[ 27445][E][WiFiUdp.cpp:221] parsePacket(): could not receive data: 9
[ 27451][E][WiFiUdp.cpp:221] parsePacket(): could not receive data: 9
[ 27457][E][WiFiUdp.cpp:221] parsePacket(): could not receive data: 9
[ 27463][E][WiFiUdp.cpp:221] parsePacket(): could not receive data: 9
[ 27469][E][WiFiUdp.cpp:221] parsePacket(): could not receive data: 9
[ 27475][E][WiFiUdp.cpp:221] parsePacket(): could not receive data: 9
[ 27481][E][WiFiUdp.cpp:221] parsePacket(): could not receive data: 9
[ 27487][E][WiFiUdp.cpp:221] parsePacket(): could not receive data: 9
[ 27493][E][WiFiUdp.cpp:221] parsePacket(): could not receive data: 9
[ 27499][E][WiFiUdp.cpp:221] parsePacket(): could not receive data: 9
[ 27505][E][WiFiUdp.cpp:221] parsePacket(): could not receive data: 9
[ 27511][E][WiFiUdp.cpp:221] parsePacket(): could not receive data: 9
[ 27517][E][WiFiUdp.cpp:221] parsePacket(): could not receive data: 9
[ 27523][E][WiFiUdp.cpp:221] parsePacket(): could not receive data: 9
[ 27529][E][WiFiUdp.cpp:221] parsePacket(): could not receive data: 9
[ 27535][E][WiFiUdp.cpp:221] parsePacket(): could not receive data: 9
[ 27541][E][WiFiUdp.cpp:221] parsePacket(): could not receive data: 9
[ 27547][E][WiFiUdp.cpp:221] parsePacket(): could not receive data: 9
[ 27553][E][WiFiUdp.cpp:221] parsePacket(): could not receive data: 9
[ 27559][E][WiFiUdp.cpp:221] parsePacket(): could not receive data: 9
[ 27565][E][WiFiUdp.cpp:221] parsePacket(): could not receive data: 9
[ 27571][E][WiFiUdp.cpp:221] parsePacket(): could not receive data: 9
[ 27577][E][WiFiUdp.cpp:221] parsePacket(): could not receive data: 9
[ 27583][E][WiFiUdp.cpp:221] parsePacket(): could not receive data: 9
[ 27589][E][WiFiUdp.cpp:221] parsePacket(): could not receive data: 9
[ 27595][E][WiFiUdp.cpp:221] parsePacket(): could not receive data: 9
[ 27601][E][WiFiUdp.cpp:221] parsePacket(): could not receive data: 9
[ 27607][E][WiFiUdp.cpp:221] parsePacket(): could not receive data: 9
[ 27613][E][WiFiUdp.cpp:221] parsePacket(): could not receive data: 9
[ 27619][E][WiFiUdp.cpp:221] parsePacket(): could not receive data: 9
[ 27625][E][WiFiUdp.cpp:221] parsePacket(): could not receive data: 9
[ 27631][E][WiFiUdp.cpp:221] parsePacket(): could not receive data: 9
[ 27637][E][WiFiUdp.cpp:221] parsePacket(): could not receive data: 9
[ 27643][E][WiFiUdp.cpp:221] parsePacket(): could not receive data: 9
[ 27649][E][WiFiUdp.cpp:221] parsePacket(): could not receive data: 9
[ 27654][E][WiFiUdp.cpp:221] parsePacket(): could not receive data: 9
[ 27659][E][WiFiUdp.cpp:221] parsePacket(): could not receive data: 9
[ 27664][E][WiFiUdp.cpp:221] parsePacket(): could not receive data: 9
[ 27670][E][WiFiUdp.cpp:221] parsePacket(): could not receive data: 9
[ 27676][E][WiFiUdp.cpp:221] parsePacket(): could not receive data: 9
[ 27682][E][WiFiUdp.cpp:221] parsePacket(): could not receive data: 9
[ 27688][E][WiFiUdp.cpp:221] parsePacket(): could not receive data: 9
[ 27694][E][WiFiUdp.cpp:221] parsePacket(): could not receive data: 9
[ 27700][E][WiFiUdp.cpp:221] parsePacket(): could not receive data: 9
[ 27706][E][WiFiUdp.cpp:221] parsePacket(): could not receive data: 9
[ 27712][E][WiFiUdp.cpp:221] parsePacket(): could not receive data: 9
[ 27718][E][WiFiUdp.cpp:221] parsePacket(): could not receive data: 9
[ 27724][E][WiFiUdp.cpp:221] parsePacket(): could not receive data: 9
[ 27730][E][WiFiUdp.cpp:221] parsePacket(): could not receive data: 9
[ 27736][E][WiFiUdp.cpp:221] parsePacket(): could not receive data: 9
[ 27742][E][WiFiUdp.cpp:221] parsePacket(): could not receive data: 9
[ 27748][E][WiFiUdp.cpp:221] parsePacket(): could not receive data: 9
[ 27754][E][WiFiUdp.cpp:221] parsePacket(): could not receive data: 9
[ 27760][E][WiFiUdp.cpp:221] parsePacket(): could not receive data: 9
[ 27766][E][WiFiUdp.cpp:221] parsePacket(): could not receive data: 9
[ 27772][E][WiFiUdp.cpp:221] parsePacket(): could not receive data: 9
[ 27778][E][WiFiUdp.cpp:221] parsePacket(): could not receive data: 9
[ 27784][E][WiFiUdp.cpp:221] parsePacket(): could not receive data: 9
[ 27790][E][WiFiUdp.cpp:221] parsePacket(): could not receive data: 9
[ 27796][E][WiFiUdp.cpp:221] parsePacket(): could not receive data: 9
[ 27802][E][WiFiUdp.cpp:221] parsePacket(): could not receive data: 9
[ 27808][E][WiFiUdp.cpp:221] parsePacket(): could not receive data: 9
[ 27814][E][WiFiUdp.cpp:221] parsePacket(): could not receive data: 9
[ 27820][E][WiFiUdp.cpp:221] parsePacket(): could not receive data: 9
[ 27826][E][WiFiUdp.cpp:221] parsePacket(): could not receive data: 9
[ 27832][E][WiFiUdp.cpp:221] parsePacket(): could not receive data: 9
[ 27838][E][WiFiUdp.cpp:221] parsePacket(): could not receive data: 9
[ 27844][E][WiFiUdp.cpp:221] parsePacket(): could not receive data: 9
[ 27850][E][WiFiUdp.cpp:221] parsePacket(): could not receive data: 9
[ 27856][E][WiFiUdp.cpp:221] parsePacket(): could not receive data: 9
[ 27862][E][WiFiUdp.cpp:221] parsePacket(): could not receive data: 9
[ 27868][E][WiFiUdp.cpp:221] parsePacket(): could not receive data: 9
[ 27874][E][WiFiUdp.cpp:221] parsePacket(): could not receive data: 9
[ 27880][E][WiFiUdp.cpp:221] parsePacket(): could not receive data: 9
[ 27886][E][WiFiUdp.cpp:221] parsePacket(): could not receive data: 9
[ 27892][E][WiFiUdp.cpp:221] parsePacket(): could not receive data: 9
[ 27898][E][WiFiUdp.cpp:221] parsePacket(): could not receive data: 9
[ 27904][E][WiFiUdp.cpp:221] parsePacket(): could not receive data: 9
[ 27910][E][WiFiUdp.cpp:221] parsePacket(): could not receive data: 9
[ 27916][E][WiFiUdp.cpp:221] parsePacket(): could not receive data: 9
[ 27922][E][WiFiUdp.cpp:221] parsePacket(): could not receive data: 9
[ 27928][E][WiFiUdp.cpp:221] parsePacket(): could not receive data: 9
[ 27934][E][WiFiUdp.cpp:221] parsePacket(): could not receive data: 9
[ 27940][E][WiFiUdp.cpp:221] parsePacket(): could not receive data: 9
[ 27946][E][WiFiUdp.cpp:221] parsePacket(): could not receive data: 9
[ 27952][E][WiFiUdp.cpp:221] parsePacket(): could not receive data: 9
[ 27958][E][WiFiUdp.cpp:221] parsePacket(): could not receive data: 9
[ 27964][E][WiFiUdp.cpp:221] parsePacket(): could not receive data: 9
[ 27970][E][WiFiUdp.cpp:221] parsePacket(): could not receive data: 9
[ 27976][E][WiFiUdp.cpp:221] parsePacket(): could not receive data: 9
[ 27982][E][WiFiUdp.cpp:221] parsePacket(): could not receive data: 9
[ 27988][E][WiFiUdp.cpp:221] parsePacket(): could not receive data: 9
[ 27994][E][WiFiUdp.cpp:221] parsePacket(): could not receive data: 9
[ 28000][E][WiFiUdp.cpp:221] parsePacket(): could not receive data: 9
[ 28006][E][WiFiUdp.cpp:221] parsePacket(): could not receive data: 9
[ 28012][E][WiFiUdp.cpp:221] parsePacket(): could not receive data: 9
[ 28018][E][WiFiUdp.cpp:221] parsePacket(): could not receive data: 9
[ 28024][E][WiFiUdp.cpp:221] parsePacket(): could not receive data: 9
[ 28030][E][WiFiUdp.cpp:221] parsePacket(): could not receive data: 9
[ 28036][E][WiFiUdp.cpp:221] parsePacket(): could not receive data: 9
[ 28042][E][WiFiUdp.cpp:221] parsePacket(): could not receive data: 9
[ 28048][E][WiFiUdp.cpp:221] parsePacket(): could not receive data: 9
[ 28054][E][WiFiUdp.cpp:221] parsePacket(): could not receive data: 9
[ 28060][E][WiFiUdp.cpp:221] parsePacket(): could not receive data: 9
[ 28066][E][WiFiUdp.cpp:221] parsePacket(): could not receive data: 9
[ 28072][E][WiFiUdp.cpp:221] parsePacket(): could not receive data: 9
[ 28078][E][WiFiUdp.cpp:221] parsePacket(): could not receive data: 9
[ 28084][E][WiFiUdp.cpp:221] parsePacket(): could not receive data: 9
[ 28090][E][WiFiUdp.cpp:221] parsePacket(): could not receive data: 9
[ 28096][E][WiFiUdp.cpp:221] parsePacket(): could not receive data: 9
[ 28102][E][WiFiUdp.cpp:221] parsePacket(): could not receive data: 9
[ 28108][E][WiFiUdp.cpp:221] parsePacket(): could not receive data: 9
[ 28114][E][WiFiUdp.cpp:221] parsePacket(): could not receive data: 9
[ 28120][E][WiFiUdp.cpp:221] parsePacket(): could not receive data: 9
[ 28126][E][WiFiUdp.cpp:221] parsePacket(): could not receive data: 9
[ 28132][E][WiFiUdp.cpp:221] parsePacket(): could not receive data: 9
[ 28138][E][WiFiUdp.cpp:221] parsePacket(): could not receive data: 9
[ 28144][E][WiFiUdp.cpp:221] parsePacket(): could not receive data: 9
[ 28150][E][WiFiUdp.cpp:221] parsePacket(): could not receive data: 9
[ 28156][E][WiFiUdp.cpp:221] parsePacket(): could not receive data: 9
[ 28162][E][WiFiUdp.cpp:221] parsePacket(): could not receive data: 9
[ 28168][E][WiFiUdp.cpp:221] parsePacket(): could not receive data: 9
[ 28174][E][WiFiUdp.cpp:221] parsePacket(): could not receive data: 9
[ 28180][E][WiFiUdp.cpp:221] parsePacket(): could not receive data: 9
[ 28186][E][WiFiUdp.cpp:221] parsePacket(): could not receive data: 9
[ 28192][E][WiFiUdp.cpp:221] parsePacket(): could not receive data: 9
[ 28198][E][WiFiUdp.cpp:221] parsePacket(): could not receive data: 9
[ 28204][E][WiFiUdp.cpp:221] parsePacket(): could not receive data: 9
[ 28210][E][WiFiUdp.cpp:221] parsePacket(): could not receive data: 9
[ 28216][E][WiFiUdp.cpp:221] parsePacket(): could not receive data: 9
[ 28222][E][WiFiUdp.cpp:221] parsePacket(): could not receive data: 9
[ 28228][E][WiFiUdp.cpp:221] parsePacket(): could not receive data: 9
[ 28234][E][WiFiUdp.cpp:221] parsePacket(): could not receive data: 9
[ 28240][E][WiFiUdp.cpp:221] parsePacket(): could not receive data: 9
[ 28246][E][WiFiUdp.cpp:221] parsePacket(): could not receive data: 9
[ 28252][E][WiFiUdp.cpp:221] parsePacket(): could not receive data: 9
[ 28258][E][WiFiUdp.cpp:221] parsePacket(): could not receive data: 9
[ 28264][E][WiFiUdp.cpp:221] parsePacket(): could not receive data: 9
[ 28270][E][WiFiUdp.cpp:221] parsePacket(): could not receive data: 9
[ 28276][E][WiFiUdp.cpp:221] parsePacket(): could not receive data: 9
[ 28282][E][WiFiUdp.cpp:221] parsePacket(): could not receive data: 9
[ 28288][E][WiFiUdp.cpp:221] parsePacket(): could not receive data: 9
[ 28294][E][WiFiUdp.cpp:221] parsePacket(): could not receive data: 9
[ 28300][E][WiFiUdp.cpp:221] parsePacket(): could not receive data: 9
[ 28306][E][WiFiUdp.cpp:221] parsePacket(): could not receive data: 9
[ 28312][E][WiFiUdp.cpp:221] parsePacket(): could not receive data: 9
[ 28318][E][WiFiUdp.cpp:221] parsePacket(): could not receive data: 9
[ 28324][E][WiFiUdp.cpp:221] parsePacket(): could not receive data: 9
[ 28330][E][WiFiUdp.cpp:221] parsePacket(): could not receive data: 9
[ 28336][E][WiFiUdp.cpp:221] parsePacket(): could not receive data: 9
[ 28342][E][WiFiUdp.cpp:221] parsePacket(): could not receive data: 9
[ 28348][E][WiFiUdp.cpp:221] parsePacket(): could not receive data: 9
[ 28354][E][WiFiUdp.cpp:221] parsePacket(): could not receive data: 9
[ 28360][E][WiFiUdp.cpp:221] parsePacket(): could not receive data: 9
[ 28366][E][WiFiUdp.cpp:221] parsePacket(): could not receive data: 9
[ 28372][E][WiFiUdp.cpp:221] parsePacket(): could not receive data: 9
[ 28378][E][WiFiUdp.cpp:221] parsePacket(): could not receive data: 9
[ 28384][E][WiFiUdp.cpp:221] parsePacket(): could not receive data: 9
[ 28390][E][WiFiUdp.cpp:221] parsePacket(): could not receive data: 9
[ 28396][E][WiFiUdp.cpp:221] parsePacket(): could not receive data: 9
[ 28402][E][WiFiUdp.cpp:221] parsePacket(): could not receive data: 9
[ 28408][E][WiFiUdp.cpp:221] parsePacket(): could not receive data: 9
[ 28414][E][WiFiUdp.cpp:221] parsePacket(): could not receive data: 9
[ 28420][E][WiFiUdp.cpp:221] parsePacket(): could not receive data: 9
[ 28426][E][WiFiUdp.cpp:221] parsePacket(): could not receive data: 9
[ 28431][E][WiFiUdp.cpp:221] parsePacket(): could not receive data: 9
[ 28437][E][WiFiUdp.cpp:221] parsePacket(): could not receive data: 9
[ 28443][E][WiFiUdp.cpp:221] parsePacket(): could not receive data: 9
[ 28449][E][WiFiUdp.cpp:221] parsePacket(): could not receive data: 9
[ 28455][E][WiFiUdp.cpp:221] parsePacket(): could not receive data: 9
[ 28461][E][WiFiUdp.cpp:221] parsePacket(): could not receive data: 9
[ 28467][E][WiFiUdp.cpp:221] parsePacket(): could not receive data: 9
[ 28473][E][WiFiUdp.cpp:221] parsePacket(): could not receive data: 9
[ 28479][E][WiFiUdp.cpp:221] parsePacket(): could not receive data: 9
[ 28485][E][WiFiUdp.cpp:221] parsePacket(): could not receive data: 9
[ 28491][E][WiFiUdp.cpp:221] parsePacket(): could not receive data: 9
[ 28497][E][WiFiUdp.cpp:221] parsePacket(): could not receive data: 9
[ 28503][E][WiFiUdp.cpp:221] parsePacket(): could not receive data: 9
[ 28509][E][WiFiUdp.cpp:221] parsePacket(): could not receive data: 9
[ 28515][E][WiFiUdp.cpp:221] parsePacket(): could not receive data: 9
[ 28520][E][WiFiUdp.cpp:221] parsePacket(): could not receive data: 9
[ 28526][E][WiFiUdp.cpp:221] parsePacket(): could not receive data: 9
[ 28532][E][WiFiUdp.cpp:221] parsePacket(): could not receive data: 9
[ 28538][E][WiFiUdp.cpp:221] parsePacket(): could not receive data: 9
[ 28544][E][WiFiUdp.cpp:221] parsePacket(): could not receive data: 9
[ 28550][E][WiFiUdp.cpp:221] parsePacket(): could not receive data: 9
[ 28556][E][WiFiUdp.cpp:221] parsePacket(): could not receive data: 9
[ 28562][E][WiFiUdp.cpp:221] parsePacket(): could not receive data: 9
[ 28568][E][WiFiUdp.cpp:221] parsePacket(): could not receive data: 9
[ 28574][E][WiFiUdp.cpp:221] parsePacket(): could not receive data: 9
[ 28580][E][WiFiUdp.cpp:221] parsePacket(): could not receive data: 9
[ 28586][E][WiFiUdp.cpp:221] parsePacket(): could not receive data: 9
[ 28592][E][WiFiUdp.cpp:221] parsePacket(): could not receive data: 9
[ 28598][E][WiFiUdp.cpp:221] parsePacket(): could not receive data: 9
[ 28604][E][WiFiUdp.cpp:221] parsePacket(): could not receive data: 9
[ 28610][E][WiFiUdp.cpp:221] parsePacket(): could not receive data: 9
[ 28616][E][WiFiUdp.cpp:221] parsePacket(): could not receive data: 9
[ 28622][E][WiFiUdp.cpp:221] parsePacket(): could not receive data: 9
[ 28628][E][WiFiUdp.cpp:221] parsePacket(): could not receive data: 9
[ 28634][E][WiFiUdp.cpp:221] parsePacket(): could not receive data: 9
[ 28640][E][WiFiUdp.cpp:221] parsePacket(): could not receive data: 9
[ 28646][E][WiFiUdp.cpp:221] parsePacket(): could not receive data: 9
[ 28652][E][WiFiUdp.cpp:221] parsePacket(): could not receive data: 9
[ 28658][E][WiFiUdp.cpp:221] parsePacket(): could not receive data: 9
[ 28664][E][WiFiUdp.cpp:221] parsePacket(): could not receive data: 9
[ 28670][E][WiFiUdp.cpp:221] parsePacket(): could not receive data: 9
[ 28676][E][WiFiUdp.cpp:221] parsePacket(): could not receive data: 9
[ 28682][E][WiFiUdp.cpp:221] parsePacket(): could not receive data: 9
[ 28688][E][WiFiUdp.cpp:221] parsePacket(): could not receive data: 9
[ 28694][E][WiFiUdp.cpp:221] parsePacket(): could not receive data: 9
[ 28700][E][WiFiUdp.cpp:221] parsePacket(): could not receive data: 9
[ 28706][E][WiFiUdp.cpp:221] parsePacket(): could not receive data: 9
[ 28712][E][WiFiUdp.cpp:221] parsePacket(): could not receive data: 9
[ 28718][E][WiFiUdp.cpp:221] parsePacket(): could not receive data: 9
[ 28724][E][WiFiUdp.cpp:221] parsePacket(): could not receive data: 9
[ 28730][E][WiFiUdp.cpp:221] parsePacket(): could not receive data: 9
[ 28736][E][WiFiUdp.cpp:221] parsePacket(): could not receive data: 9
[ 28742][E][WiFiUdp.cpp:221] parsePacket(): could not receive data: 9
[ 28748][E][WiFiUdp.cpp:221] parsePacket(): could not receive data: 9
[ 28754][E][WiFiUdp.cpp:221] parsePacket(): could not receive data: 9
[ 28760][E][WiFiUdp.cpp:221] parsePacket(): could not receive data: 9
[ 28766][E][WiFiUdp.cpp:221] parsePacket(): could not receive data: 9
[ 28772][E][WiFiUdp.cpp:221] parsePacket(): could not receive data: 9
[ 28778][E][WiFiUdp.cpp:221] parsePacket(): could not receive data: 9
[ 28784][E][WiFiUdp.cpp:221] parsePacket(): could not receive data: 9
[ 28790][E][WiFiUdp.cpp:221] parsePacket(): could not receive data: 9
[ 28796][E][WiFiUdp.cpp:221] parsePacket(): could not receive data: 9
[ 28802][E][WiFiUdp.cpp:221] parsePacket(): could not receive data: 9
[ 28808][E][WiFiUdp.cpp:221] parsePacket(): could not receive data: 9
[ 28814][E][WiFiUdp.cpp:221] parsePacket(): could not receive data: 9
[ 28820][E][WiFiUdp.cpp:221] parsePacket(): could not receive data: 9
[ 28826][E][WiFiUdp.cpp:221] parsePacket(): could not receive data: 9
[ 28832][E][WiFiUdp.cpp:221] parsePacket(): could not receive data: 9
[ 28838][E][WiFiUdp.cpp:221] parsePacket(): could not receive data: 9
[ 28844][E][WiFiUdp.cpp:221] parsePacket(): could not receive data: 9
[ 28850][E][WiFiUdp.cpp:221] parsePacket(): could not receive data: 9
[ 28856][E][WiFiUdp.cpp:221] parsePacket(): could not receive data: 9
[ 28862][E][WiFiUdp.cpp:221] parsePacket(): could not receive data: 9
[ 28868][E][WiFiUdp.cpp:221] parsePacket(): could not receive data: 9
[ 28874][E][WiFiUdp.cpp:221] parsePacket(): could not receive data: 9
[ 28880][E][WiFiUdp.cpp:221] parsePacket(): could not receive data: 9
[ 28886][E][WiFiUdp.cpp:221] parsePacket(): could not receive data: 9
[ 28892][E][WiFiUdp.cpp:221] parsePacket(): could not receive data: 9
[ 28898][E][WiFiUdp.cpp:221] parsePacket(): could not receive data: 9
[ 28904][E][WiFiUdp.cpp:221] parsePacket(): could not receive data: 9
[ 28910][E][WiFiUdp.cpp:221] parsePacket(): could not receive data: 9
[ 28916][E][WiFiUdp.cpp:221] parsePacket(): could not receive data: 9
[ 28922][E][WiFiUdp.cpp:221] parsePacket(): could not receive data: 9
[ 28927][E][WiFiUdp.cpp:221] parsePacket(): could not receive data: 9
[ 28933][E][WiFiUdp.cpp:221] parsePacket(): could not receive data: 9
[ 28939][E][WiFiUdp.cpp:221] parsePacket(): could not receive data: 9
[ 28945][E][WiFiUdp.cpp:221] parsePacket(): could not receive data: 9
[ 28951][E][WiFiUdp.cpp:221] parsePacket(): could not receive data: 9
[ 28957][E][WiFiUdp.cpp:221] parsePacket(): could not receive data: 9
[ 28963][E][WiFiUdp.cpp:221] parsePacket(): could not receive data: 9
[ 28969][E][WiFiUdp.cpp:221] parsePacket(): could not receive data: 9
[ 28975][E][WiFiUdp.cpp:221] parsePacket(): could not receive data: 9
[ 28981][E][WiFiUdp.cpp:221] parsePacket(): could not receive data: 9
[ 28987][E][WiFiUdp.cpp:221] parsePacket(): could not receive data: 9
[ 28993][E][WiFiUdp.cpp:221] parsePacket(): could not receive data: 9
[ 28999][E][WiFiUdp.cpp:221] parsePacket(): could not receive data: 9
[ 29005][E][WiFiUdp.cpp:221] parsePacket(): could not receive data: 9
[ 29011][E][WiFiUdp.cpp:221] parsePacket(): could not receive data: 9
[ 29016][E][WiFiUdp.cpp:221] parsePacket(): could not receive data: 9
[ 29021][E][WiFiUdp.cpp:221] parsePacket(): could not receive data: 9
[ 29027][E][WiFiUdp.cpp:221] parsePacket(): could not receive data: 9
[ 29033][E][WiFiUdp.cpp:221] parsePacket(): could not receive data: 9
[ 29039][E][WiFiUdp.cpp:221] parsePacket(): could not receive data: 9
[ 29045][E][WiFiUdp.cpp:221] parsePacket(): could not receive data: 9
[ 29050][E][WiFiUdp.cpp:221] parsePacket(): could not receive data: 9
[ 29056][E][WiFiUdp.cpp:221] parsePacket(): could not receive data: 9
[ 29062][E][WiFiUdp.cpp:221] parsePacket(): could not receive data: 9
[ 29068][E][WiFiUdp.cpp:221] parsePacket(): could not receive data: 9
[ 29074][E][WiFiUdp.cpp:221] parsePacket(): could not receive data: 9
[ 29080][E][WiFiUdp.cpp:221] parsePacket(): could not receive data: 9
[ 29086][E][WiFiUdp.cpp:221] parsePacket(): could not receive data: 9
[ 29092][E][WiFiUdp.cpp:221] parsePacket(): could not receive data: 9
[ 29098][E][WiFiUdp.cpp:221] parsePacket(): could not receive data: 9
[ 29104][E][WiFiUdp.cpp:221] parsePacket(): could not receive data: 9
[ 29110][E][WiFiUdp.cpp:221] parsePacket(): could not receive data: 9
[ 29116][E][WiFiUdp.cpp:221] parsePacket(): could not receive data: 9
[ 29122][E][WiFiUdp.cpp:221] parsePacket(): could not receive data: 9
[ 29128][E][WiFiUdp.cpp:221] parsePacket(): could not receive data: 9
[ 29134][E][WiFiUdp.cpp:221] parsePacket(): could not receive data: 9
[ 29140][E][WiFiUdp.cpp:221] parsePacket(): could not receive data: 9
[ 29146][E][WiFiUdp.cpp:221] parsePacket(): could not receive data: 9
[ 29152][E][WiFiUdp.cpp:221] parsePacket(): could not receive data: 9
[ 29158][E][WiFiUdp.cpp:221] parsePacket(): could not receive data: 9
[ 29164][E][WiFiUdp.cpp:221] parsePacket(): could not receive data: 9
[ 29170][E][WiFiUdp.cpp:221] parsePacket(): could not receive data: 9
[ 29176][E][WiFiUdp.cpp:221] parsePacket(): could not receive data: 9
[ 29182][E][WiFiUdp.cpp:221] parsePacket(): could not receive data: 9
[ 29188][E][WiFiUdp.cpp:221] parsePacket(): could not receive data: 9
[ 29194][E][WiFiUdp.cpp:221] parsePacket(): could not receive data: 9
[ 29200][E][WiFiUdp.cpp:221] parsePacket(): could not receive data: 9
[ 29206][E][WiFiUdp.cpp:221] parsePacket(): could not receive data: 9
[ 29212][E][WiFiUdp.cpp:221] parsePacket(): could not receive data: 9
[ 29218][E][WiFiUdp.cpp:221] parsePacket(): could not receive data: 9
[ 29224][E][WiFiUdp.cpp:221] parsePacket(): could not receive data: 9
[ 29230][E][WiFiUdp.cpp:221] parsePacket(): could not receive data: 9
[ 29236][E][WiFiUdp.cpp:221] parsePacket(): could not receive data: 9
[ 29242][E][WiFiUdp.cpp:221] parsePacket(): could not receive data: 9
[ 29248][E][WiFiUdp.cpp:221] parsePacket(): could not receive data: 9
[ 29254][E][WiFiUdp.cpp:221] parsePacket(): could not receive data: 9
[ 29260][E][WiFiUdp.cpp:221] parsePacket(): could not receive data: 9
[ 29266][E][WiFiUdp.cpp:221] parsePacket(): could not receive data: 9
[ 29272][E][WiFiUdp.cpp:221] parsePacket(): could not receive data: 9
[ 29278][E][WiFiUdp.cpp:221] parsePacket(): could not receive data: 9
[ 29284][E][WiFiUdp.cpp:221] parsePacket(): could not receive data: 9
[ 29290][E][WiFiUdp.cpp:221] parsePacket(): could not receive data: 9
[ 29296][E][WiFiUdp.cpp:221] parsePacket(): could not receive data: 9
[ 29302][E][WiFiUdp.cpp:221] parsePacket(): could not receive data: 9
[ 29308][E][WiFiUdp.cpp:221] parsePacket(): could not receive data: 9
[ 29314][E][WiFiUdp.cpp:221] parsePacket(): could not receive data: 9
[ 29320][E][WiFiUdp.cpp:221] parsePacket(): could not receive data: 9
[ 29326][E][WiFiUdp.cpp:221] parsePacket(): could not receive data: 9
[ 29332][E][WiFiUdp.cpp:221] parsePacket(): could not receive data: 9
[ 29338][E][WiFiUdp.cpp:221] parsePacket(): could not receive data: 9
[ 29344][E][WiFiUdp.cpp:221] parsePacket(): could not receive data: 9
[ 29350][E][WiFiUdp.cpp:221] parsePacket(): could not receive data: 9
[ 29356][E][WiFiUdp.cpp:221] parsePacket(): could not receive data: 9
[ 29362][E][WiFiUdp.cpp:221] parsePacket(): could not receive data: 9
[ 29368][E][WiFiUdp.cpp:221] parsePacket(): could not receive data: 9
[ 29374][E][WiFiUdp.cpp:221] parsePacket(): could not receive data: 9
[ 29380][E][WiFiUdp.cpp:221] parsePacket(): could not receive data: 9
[ 29386][E][WiFiUdp.cpp:221] parsePacket(): could not receive data: 9
[ 29392][E][WiFiUdp.cpp:221] parsePacket(): could not receive data: 9
[ 29398][E][WiFiUdp.cpp:221] parsePacket(): could not receive data: 9
[ 29404][E][WiFiUdp.cpp:221] parsePacket(): could not receive data: 9
[ 29410][E][WiFiUdp.cpp:221] parsePacket(): could not receive data: 9
[ 29416][E][WiFiUdp.cpp:221] parsePacket(): could not receive data: 9
[ 29422][E][WiFiUdp.cpp:221] parsePacket(): could not receive data: 9
[ 29428][E][WiFiUdp.cpp:221] parsePacket(): could not receive data: 9
[ 29434][E][WiFiUdp.cpp:221] parsePacket(): could not receive data: 9
[ 29440][E][WiFiUdp.cpp:221] parsePacket(): could not receive data: 9
[ 29446][E][WiFiUdp.cpp:221] parsePacket(): could not receive data: 9
[ 29452][E][WiFiUdp.cpp:221] parsePacket(): could not receive data: 9
[ 29458][E][WiFiUdp.cpp:221] parsePacket(): could not receive data: 9
[ 29464][E][WiFiUdp.cpp:221] parsePacket(): could not receive data: 9
[ 29470][E][WiFiUdp.cpp:221] parsePacket(): could not receive data: 9
[ 29476][E][WiFiUdp.cpp:221] parsePacket(): could not receive data: 9
[ 29485][E][WiFiUdp.cpp:221] parsePacket(): could not receive data: 9
[ 29494][E][WiFiUdp.cpp:221] parsePacket(): could not receive data: 9
[ 29502][E][WiFiUdp.cpp:221] parsePacket(): could not receive data: 9
[ 29508][E][WiFiUdp.cpp:221] parsePacket(): could not receive data: 9
[ 29514][E][WiFiUdp.cpp:221] parsePacket(): could not receive data: 9
[ 29520][E][WiFiUdp.cpp:221] parsePacket(): could not receive data: 9
[ 29526][E][WiFiUdp.cpp:221] parsePacket(): could not receive data: 9
[ 29532][E][WiFiUdp.cpp:221] parsePacket(): could not receive data: 9
[ 29538][E][WiFiUdp.cpp:221] parsePacket(): could not receive data: 9
[ 29544][E][WiFiUdp.cpp:221] parsePacket(): could not receive data: 9
[ 29550][E][WiFiUdp.cpp:221] parsePacket(): could not receive data: 9
[ 29556][E][WiFiUdp.cpp:221] parsePacket(): could not receive data: 9
[ 29562][E][WiFiUdp.cpp:221] parsePacket(): could not receive data: 9
[ 29568][E][WiFiUdp.cpp:221] parsePacket(): could not receive data: 9
[ 29574][E][WiFiUdp.cpp:221] parsePacket(): could not receive data: 9
[ 29580][E][WiFiUdp.cpp:221] parsePacket(): could not receive data: 9
[ 29586][E][WiFiUdp.cpp:221] parsePacket(): could not receive data: 9
[ 29592][E][WiFiUdp.cpp:221] parsePacket(): could not receive data: 9
[ 29598][E][WiFiUdp.cpp:221] parsePacket(): could not receive data: 9
[ 29604][E][WiFiUdp.cpp:221] parsePacket(): could not receive data: 9
[ 29610][E][WiFiUdp.cpp:221] parsePacket(): could not receive data: 9
[ 29616][E][WiFiUdp.cpp:221] parsePacket(): could not receive data: 9
[ 29622][E][WiFiUdp.cpp:221] parsePacket(): could not receive data: 9
[ 29628][E][WiFiUdp.cpp:221] parsePacket(): could not receive data: 9
[ 29634][E][WiFiUdp.cpp:221] parsePacket(): could not receive data: 9
[ 29640][E][WiFiUdp.cpp:221] parsePacket(): could not receive data: 9
[ 29646][E][WiFiUdp.cpp:221] parsePacket(): could not receive data: 9
[ 29652][E][WiFiUdp.cpp:221] parsePacket(): could not receive data: 9
[ 29658][E][WiFiUdp.cpp:221] parsePacket(): could not receive data: 9
[ 29664][E][WiFiUdp.cpp:221] parsePacket(): could not receive data: 9
[ 29670][E][WiFiUdp.cpp:221] parsePacket(): could not receive data: 9
[ 29676][E][WiFiUdp.cpp:221] parsePacket(): could not receive data: 9
[ 29682][E][WiFiUdp.cpp:221] parsePacket(): could not receive data: 9
[ 29688][E][WiFiUdp.cpp:221] parsePacket(): could not receive data: 9
[ 29694][E][WiFiUdp.cpp:221] parsePacket(): could not receive data: 9
[ 29700][E][WiFiUdp.cpp:221] parsePacket(): could not receive data: 9
[ 29706][E][WiFiUdp.cpp:221] parsePacket(): could not receive data: 9
[ 29712][E][WiFiUdp.cpp:221] parsePacket(): could not receive data: 9
[ 29718][E][WiFiUdp.cpp:221] parsePacket(): could not receive data: 9
[ 29724][E][WiFiUdp.cpp:221] parsePacket(): could not receive data: 9
[ 29730][E][WiFiUdp.cpp:221] parsePacket(): could not receive data: 9
[ 29736][E][WiFiUdp.cpp:221] parsePacket(): could not receive data: 9
[ 29742][E][WiFiUdp.cpp:221] parsePacket(): could not receive data: 9
[ 29748][E][WiFiUdp.cpp:221] parsePacket(): could not receive data: 9
[ 29754][E][WiFiUdp.cpp:221] parsePacket(): could not receive data: 9
[ 29760][E][WiFiUdp.cpp:221] parsePacket(): could not receive data: 9
[ 29766][E][WiFiUdp.cpp:221] parsePacket(): could not receive data: 9
[ 29772][E][WiFiUdp.cpp:221] parsePacket(): could not receive data: 9
[ 29778][E][WiFiUdp.cpp:221] parsePacket(): could not receive data: 9
[ 29784][E][WiFiUdp.cpp:221] parsePacket(): could not receive data: 9
[ 29790][E][WiFiUdp.cpp:221] parsePacket(): could not receive data: 9
[ 29796][E][WiFiUdp.cpp:221] parsePacket(): could not receive data: 9
[ 29802][E][WiFiUdp.cpp:221] parsePacket(): could not receive data: 9
[ 29807][E][WiFiUdp.cpp:221] parsePacket(): could not receive data: 9
[ 29813][E][WiFiUdp.cpp:221] parsePacket(): could not receive data: 9
[ 29819][E][WiFiUdp.cpp:221] parsePacket(): could not receive data: 9
[ 29825][E][WiFiUdp.cpp:221] parsePacket(): could not receive data: 9
[ 29831][E][WiFiUdp.cpp:221] parsePacket(): could not receive data: 9
[ 29837][E][WiFiUdp.cpp:221] parsePacket(): could not receive data: 9
[ 29843][E][WiFiUdp.cpp:221] parsePacket(): could not receive data: 9
[ 29849][E][WiFiUdp.cpp:221] parsePacket(): could not receive data: 9
[ 29855][E][WiFiUdp.cpp:221] parsePacket(): could not receive data: 9
[ 29861][E][WiFiUdp.cpp:221] parsePacket(): could not receive data: 9
[ 29867][E][WiFiUdp.cpp:221] parsePacket(): could not receive data: 9
[ 29873][E][WiFiUdp.cpp:221] parsePacket(): could not receive data: 9
[ 29879][E][WiFiUdp.cpp:221] parsePacket(): could not receive data: 9
[ 29885][E][WiFiUdp.cpp:221] parsePacket(): could not receive data: 9
[ 29891][E][WiFiUdp.cpp:221] parsePacket(): could not receive data: 9
[ 29897][E][WiFiUdp.cpp:221] parsePacket(): could not receive data: 9
[ 29903][E][WiFiUdp.cpp:221] parsePacket(): could not receive data: 9
[ 29909][E][WiFiUdp.cpp:221] parsePacket(): could not receive data: 9
[ 29915][E][WiFiUdp.cpp:221] parsePacket(): could not receive data: 9
[ 29921][E][WiFiUdp.cpp:221] parsePacket(): could not receive data: 9
[ 29927][E][WiFiUdp.cpp:221] parsePacket(): could not receive data: 9
[ 29933][E][WiFiUdp.cpp:221] parsePacket(): could not receive data: 9
[ 29939][E][WiFiUdp.cpp:221] parsePacket(): could not receive data: 9
[ 29945][E][WiFiUdp.cpp:221] parsePacket(): could not receive data: 9
[ 29951][E][WiFiUdp.cpp:221] parsePacket(): could not receive data: 9
[ 29957][E][WiFiUdp.cpp:221] parsePacket(): could not receive data: 9
[ 29963][E][WiFiUdp.cpp:221] parsePacket(): could not receive data: 9
[ 29969][E][WiFiUdp.cpp:221] parsePacket(): could not receive data: 9
[ 29975][E][WiFiUdp.cpp:221] parsePacket(): could not receive data: 9
[ 29981][E][WiFiUdp.cpp:221] parsePacket(): could not receive data: 9
[ 29987][E][WiFiUdp.cpp:221] parsePacket(): could not receive data: 9
[ 29993][E][WiFiUdp.cpp:221] parsePacket(): could not receive data: 9
[ 29999][E][WiFiUdp.cpp:221] parsePacket(): could not receive data: 9
[ 30101][E][WiFiUdp.cpp:221] parsePacket(): could not receive data: 9
[ 30111][E][WiFiUdp.cpp:221] parsePacket(): could not receive data: 9
[ 30117][E][WiFiUdp.cpp:221] parsePacket(): could not receive data: 9
[ 30123][E][WiFiUdp.cpp:221] parsePacket(): could not receive data: 9
[ 30129][E][WiFiUdp.cpp:221] parsePacket(): could not receive data: 9
[ 30135][E][WiFiUdp.cpp:221] parsePacket(): could not receive data: 9
[ 30143][E][WiFiUdp.cpp:221] parsePacket(): could not receive data: 9
[ 30149][E][WiFiUdp.cpp:221] parsePacket(): could not receive data: 9
[ 30156][E][WiFiUdp.cpp:221] parsePacket(): could not receive data: 9
[ 30164][E][WiFiUdp.cpp:221] parsePacket(): could not receive data: 9
[ 30171][E][WiFiUdp.cpp:221] parsePacket(): could not receive data: 9
[ 30177][E][WiFiUdp.cpp:221] parsePacket(): could not receive data: 9
[ 30184][E][WiFiUdp.cpp:221] parsePacket(): could not receive data: 9
[ 30191][E][WiFiUdp.cpp:221] parsePacket(): could not receive data: 9
[ 30198][E][WiFiUdp.cpp:221] parsePacket(): could not receive data: 9
[ 30205][E][WiFiUdp.cpp:221] parsePacket(): could not receive data: 9
[ 30212][E][WiFiUdp.cpp:221] parsePacket(): could not receive data: 9
[ 30219][E][WiFiUdp.cpp:221] parsePacket(): could not receive data: 9
[ 30227][E][WiFiUdp.cpp:221] parsePacket(): could not receive data: 9
[ 30236][E][WiFiUdp.cpp:221] parsePacket(): could not receive data: 9
[ 30243][E][WiFiUdp.cpp:221] parsePacket(): could not receive data: 9
[ 30250][E][WiFiUdp.cpp:221] parsePacket(): could not receive data: 9
[ 30257][E][WiFiUdp.cpp:221] parsePacket(): could not receive data: 9
[ 30265][E][WiFiUdp.cpp:221] parsePacket(): could not receive data: 9
[ 30271][E][WiFiUdp.cpp:221] parsePacket(): could not receive data: 9
[ 30278][E][WiFiUdp.cpp:221] parsePacket(): could not receive data: 9
[ 30285][E][WiFiUdp.cpp:221] parsePacket(): could not receive data: 9
[ 30292][E][WiFiUdp.cpp:221] parsePacket(): could not receive data: 9
[ 30298][E][WiFiUdp.cpp:221] parsePacket(): could not receive data: 9
[ 30305][E][WiFiUdp.cpp:221] parsePacket(): could not receive data: 9
[ 30312][E][WiFiUdp.cpp:221] parsePacket(): could not receive data: 9
[ 30319][E][WiFiUdp.cpp:221] parsePacket(): could not receive data: 9
[ 30326][E][WiFiUdp.cpp:221] parsePacket(): could not receive data: 9
[ 30333][E][WiFiUdp.cpp:221] parsePacket(): could not receive data: 9
[ 30340][E][WiFiUdp.cpp:221] parsePacket(): could not receive data: 9
[ 30347][E][WiFiUdp.cpp:221] parsePacket(): could not receive data: 9
[ 30357][E][WiFiUdp.cpp:221] parsePacket(): could not receive data: 9
[ 30365][E][WiFiUdp.cpp:221] parsePacket(): could not receive data: 9
[ 30373][E][WiFiUdp.cpp:221] parsePacket(): could not receive data: 9
[ 30382][E][WiFiUdp.cpp:221] parsePacket(): could not receive data: 9
[ 30389][E][WiFiUdp.cpp:221] parsePacket(): could not receive data: 9
[ 30398][E][WiFiUdp.cpp:221] parsePacket(): could not receive data: 9
[ 30405][E][WiFiUdp.cpp:221] parsePacket(): could not receive data: 9
[ 30412][E][WiFiUdp.cpp:221] parsePacket(): could not receive data: 9
[ 30420][E][WiFiUdp.cpp:221] parsePacket(): could not receive data: 9
[ 30426][E][WiFiUdp.cpp:221] parsePacket(): could not receive data: 9
[ 30434][E][WiFiUdp.cpp:221] parsePacket(): could not receive data: 9
[ 30442][E][WiFiUdp.cpp:221] parsePacket(): could not receive data: 9
[ 30449][E][WiFiUdp.cpp:221] parsePacket(): could not receive data: 9
[ 30455][E][WiFiUdp.cpp:221] parsePacket(): could not receive data: 9
[ 30462][E][WiFiUdp.cpp:221] parsePacket(): could not receive data: 9
[ 30470][E][WiFiUdp.cpp:221] parsePacket(): could not receive data: 9
[ 30478][E][WiFiUdp.cpp:221] parsePacket(): could not receive data: 9
[ 30485][E][WiFiUdp.cpp:221] parsePacket(): could not receive data: 9
[ 30492][E][WiFiUdp.cpp:221] parsePacket(): could not receive data: 9
[ 30499][E][WiFiUdp.cpp:221] parsePacket(): could not receive data: 9
[ 30506][E][WiFiUdp.cpp:221] parsePacket(): could not receive data: 9
[ 30513][E][WiFiUdp.cpp:221] parsePacket(): could not receive data: 9
[ 30520][E][WiFiUdp.cpp:221] parsePacket(): could not receive data: 9
[ 30527][E][WiFiUdp.cpp:221] parsePacket(): could not receive data: 9
[ 30534][E][WiFiUdp.cpp:221] parsePacket(): could not receive data: 9
[ 30542][E][WiFiUdp.cpp:221] parsePacket(): could not receive data: 9
[ 30548][E][WiFiUdp.cpp:221] parsePacket(): could not receive data: 9
[ 30555][E][WiFiUdp.cpp:221] parsePacket(): could not receive data: 9
[ 30562][E][WiFiUdp.cpp:221] parsePacket(): could not receive data: 9
[ 30569][E][WiFiUdp.cpp:221] parsePacket(): could not receive data: 9
[ 30576][E][WiFiUdp.cpp:221] parsePacket(): could not receive data: 9
[ 30584][E][WiFiUdp.cpp:221] parsePacket(): could not receive data: 9
[ 30592][E][WiFiUdp.cpp:221] parsePacket(): could not receive data: 9
[ 30599][E][WiFiUdp.cpp:221] parsePacket(): could not receive data: 9
[ 30605][E][WiFiUdp.cpp:221] parsePacket(): could not receive data: 9
[ 30611][E][WiFiUdp.cpp:221] parsePacket(): could not receive data: 9
[ 30617][E][WiFiUdp.cpp:221] parsePacket(): could not receive data: 9
[ 30623][E][WiFiUdp.cpp:221] parsePacket(): could not receive data: 9
[ 30629][E][WiFiUdp.cpp:221] parsePacket(): could not receive data: 9
[ 30635][E][WiFiUdp.cpp:221] parsePacket(): could not receive data: 9
[ 30641][E][WiFiUdp.cpp:221] parsePacket(): could not receive data: 9
[CON ]...Client disconnected. free heap=130536
[ 30651][E][WiFiUdp.cpp:221] parsePacket(): could not receive data: 9
[CON ]...accept() fd=50 free=132376
[CON ]...Client authenticated on port 2323. free heap=128756
-[ 30659][E][WiFiUdp.cpp:221] parsePacket(): could not receive data: 9
-[ 30665][E][WiFiUdp.cpp:221] parsePacket(): could not receive data: 9
p[ 30671][E][WiFiUdp.cpp:221] parsePacket(): could not receive data: 9
o[ 30677][E][WiFiUdp.cpp:221] parsePacket(): could not receive data: 9
s[ 30683][E][WiFiUdp.cpp:221] parsePacket(): could not receive data: 9
[ 30689][E][WiFiUdp.cpp:221] parsePacket(): could not receive data: 9



MeshCom 4.35t
...LAT: 48.0000 N
...LON: 12.0000 E
...ALT: 540
...SAT: 0 - nofix - HDOP 0.0
...RATE: 1800 postime..0
...NEXT: 1769 sec
...DIST: 0m
...DIRn:  0°
...DIRo:  0°
...DATE: 2000.01.01 00:00:26 LT [CPU]
...SYMB: / # ..Auto off
...GPS: on
...Track: off
...SOFTSER: off APP:1
...SOFTSERREAD: off
[ 30702][E][WiFiUdp.cpp:221] parsePacket(): could not receive data: 9
[CON ]...Client disconnected. free heap=134420
[ 30708][E][WiFiUdp.cpp:221] parsePacket(): could not receive data: 9
[ 30714][E][WiFiUdp.cpp:221] parsePacket(): could not receive data: 9
[ 30720][E][WiFiUdp.cpp:221] parsePacket(): could not receive data: 9
[ 30726][E][WiFiUdp.cpp:221] parsePacket(): could not receive data: 9
[ 30732][E][WiFiUdp.cpp:221] parsePacket(): could not receive data: 9
[ 30738][E][WiFiUdp.cpp:221] parsePacket(): could not receive data: 9
[ 30744][E][WiFiUdp.cpp:221] parsePacket(): could not receive data: 9
[ 30750][E][WiFiUdp.cpp:221] parsePacket(): could not receive data: 9
[ 30756][E][WiFiUdp.cpp:221] parsePacket(): could not receive data: 9
[ 30762][E][WiFiUdp.cpp:221] parsePacket(): could not receive data: 9
[ 30768][E][WiFiUdp.cpp:221] parsePacket(): could not receive data: 9
[ 30774][E][WiFiUdp.cpp:221] parsePacket(): could not receive data: 9
[ 30780][E][WiFiUdp.cpp:221] parsePacket(): could not receive data: 9
[ 30786][E][WiFiUdp.cpp:221] parsePacket(): could not receive data: 9
[ 30792][E][WiFiUdp.cpp:221] parsePacket(): could not receive data: 9
[ 30797][E][WiFiUdp.cpp:221] parsePacket(): could not receive data: 9
[ 30803][E][WiFiUdp.cpp:221] parsePacket(): could not receive data: 9
[ 30809][E][WiFiUdp.cpp:221] parsePacket(): could not receive data: 9
[ 30815][E][WiFiUdp.cpp:221] parsePacket(): could not receive data: 9
[ 30821][E][WiFiUdp.cpp:221] parsePacket(): could not receive data: 9
[ 30827][E][WiFiUdp.cpp:221] parsePacket(): could not receive data: 9
[ 30833][E][WiFiUdp.cpp:221] parsePacket(): could not receive data: 9
[ 30839][E][WiFiUdp.cpp:221] parsePacket(): could not receive data: 9
[ 30845][E][WiFiUdp.cpp:221] parsePacket(): could not receive data: 9
[ 30851][E][WiFiUdp.cpp:221] parsePacket(): could not receive data: 9
[ 30857][E][WiFiUdp.cpp:221] parsePacket(): could not receive data: 9
[ 30863][E][WiFiUdp.cpp:221] parsePacket(): could not receive data: 9
[ 30869][E][WiFiUdp.cpp:221] parsePacket(): could not receive data: 9
[ 30875][E][WiFiUdp.cpp:221] parsePacket(): could not receive data: 9
[ 30881][E][WiFiUdp.cpp:221] parsePacket(): could not receive data: 9
[ 30887][E][WiFiUdp.cpp:221] parsePacket(): could not receive data: 9
[ 30893][E][WiFiUdp.cpp:221] parsePacket(): could not receive data: 9
[ 30898][E][WiFiUdp.cpp:221] parsePacket(): could not receive data: 9
[ 30903][E][WiFiUdp.cpp:221] parsePacket(): could not receive data: 9
[ 30908][E][WiFiUdp.cpp:221] parsePacket(): could not receive data: 9
[ 30914][E][WiFiUdp.cpp:221] parsePacket(): could not receive data: 9
[ 30920][E][WiFiUdp.cpp:221] parsePacket(): could not receive data: 9
[ 30926][E][WiFiUdp.cpp:221] parsePacket(): could not receive data: 9
[ 30932][E][WiFiUdp.cpp:221] parsePacket(): could not receive data: 9
[ 30938][E][WiFiUdp.cpp:221] parsePacket(): could not receive data: 9
[ 30944][E][WiFiUdp.cpp:221] parsePacket(): could not receive data: 9
[ 30950][E][WiFiUdp.cpp:221] parsePacket(): could not receive data: 9
[ 30956][E][WiFiUdp.cpp:221] parsePacket(): could not receive data: 9
[ 30962][E][WiFiUdp.cpp:221] parsePacket(): could not receive data: 9
[ 30968][E][WiFiUdp.cpp:221] parsePacket(): could not receive data: 9
[ 30974][E][WiFiUdp.cpp:221] parsePacket(): could not receive data: 9
[ 30980][E][WiFiUdp.cpp:221] parsePacket(): could not receive data: 9
[ 30986][E][WiFiUdp.cpp:221] parsePacket(): could not receive data: 9
[ 30992][E][WiFiUdp.cpp:221] parsePacket(): could not receive data: 9
[ 30998][E][WiFiUdp.cpp:221] parsePacket(): could not receive data: 9
[ 31004][E][WiFiUdp.cpp:221] parsePacket(): could not receive data: 9
[ 31010][E][WiFiUdp.cpp:221] parsePacket(): could not receive data: 9
[ 31016][E][WiFiUdp.cpp:221] parsePacket(): could not receive data: 9
[ 31022][E][WiFiUdp.cpp:221] parsePacket(): could not receive data: 9
[ 31028][E][WiFiUdp.cpp:221] parsePacket(): could not receive data: 9
[ 31034][E][WiFiUdp.cpp:221] parsePacket(): could not receive data: 9
[ 31040][E][WiFiUdp.cpp:221] parsePacket(): could not receive data: 9
[ 31046][E][WiFiUdp.cpp:221] parsePacket(): could not receive data: 9
[ 31052][E][WiFiUdp.cpp:221] parsePacket(): could not receive data: 9
[ 31058][E][WiFiUdp.cpp:221] parsePacket(): could not receive data: 9
[ 31064][E][WiFiUdp.cpp:221] parsePacket(): could not receive data: 9
[ 31070][E][WiFiUdp.cpp:221] parsePacket(): could not receive data: 9
[ 31076][E][WiFiUdp.cpp:221] parsePacket(): could not receive data: 9
[ 31082][E][WiFiUdp.cpp:221] parsePacket(): could not receive data: 9
[ 31088][E][WiFiUdp.cpp:221] parsePacket(): could not receive data: 9
[ 31093][E][WiFiUdp.cpp:221] parsePacket(): could not receive data: 9
[ 31098][E][WiFiUdp.cpp:221] parsePacket(): could not receive data: 9
[ 31104][E][WiFiUdp.cpp:221] parsePacket(): could not receive data: 9
[ 31110][E][WiFiUdp.cpp:221] parsePacket(): could not receive data: 9
[ 31116][E][WiFiUdp.cpp:221] parsePacket(): could not receive data: 9
[ 31122][E][WiFiUdp.cpp:221] parsePacket(): could not receive data: 9
[ 31128][E][WiFiUdp.cpp:221] parsePacket(): could not receive data: 9
[ 31134][E][WiFiUdp.cpp:221] parsePacket(): could not receive data: 9
[ 31140][E][WiFiUdp.cpp:221] parsePacket(): could not receive data: 9
[ 31146][E][WiFiUdp.cpp:221] parsePacket(): could not receive data: 9
[ 31152][E][WiFiUdp.cpp:221] parsePacket(): could not receive data: 9
[ 31158][E][WiFiUdp.cpp:221] parsePacket(): could not receive data: 9
[ 31164][E][WiFiUdp.cpp:221] parsePacket(): could not receive data: 9
[ 31170][E][WiFiUdp.cpp:221] parsePacket(): could not receive data: 9
[ 31176][E][WiFiUdp.cpp:221] parsePacket(): could not receive data: 9
[ 31182][E][WiFiUdp.cpp:221] parsePacket(): could not receive data: 9
[ 31188][E][WiFiUdp.cpp:221] parsePacket(): could not receive data: 9
[ 31194][E][WiFiUdp.cpp:221] parsePacket(): could not receive data: 9
[ 31200][E][WiFiUdp.cpp:221] parsePacket(): could not receive data: 9
[ 31206][E][WiFiUdp.cpp:221] parsePacket(): could not receive data: 9
[ 31212][E][WiFiUdp.cpp:221] parsePacket(): could not receive data: 9
[ 31218][E][WiFiUdp.cpp:221] parsePacket(): could not receive data: 9
[ 31224][E][WiFiUdp.cpp:221] parsePacket(): could not receive data: 9
[ 31230][E][WiFiUdp.cpp:221] parsePacket(): could not receive data: 9
[ 31236][E][WiFiUdp.cpp:221] parsePacket(): could not receive data: 9
[ 31242][E][WiFiUdp.cpp:221] parsePacket(): could not receive data: 9
[ 31248][E][WiFiUdp.cpp:221] parsePacket(): could not receive data: 9
[ 31254][E][WiFiUdp.cpp:221] parsePacket(): could not receive data: 9
[ 31260][E][WiFiUdp.cpp:221] parsePacket(): could not receive data: 9
[ 31266][E][WiFiUdp.cpp:221] parsePacket(): could not receive data: 9
[ 31272][E][WiFiUdp.cpp:221] parsePacket(): could not receive data: 9
[ 31278][E][WiFiUdp.cpp:221] parsePacket(): could not receive data: 9
[ 31284][E][WiFiUdp.cpp:221] parsePacket(): could not receive data: 9
[ 31290][E][WiFiUdp.cpp:221] parsePacket(): could not receive data: 9
[ 31296][E][WiFiUdp.cpp:221] parsePacket(): could not receive data: 9
[ 31302][E][WiFiUdp.cpp:221] parsePacket(): could not receive data: 9
[ 31308][E][WiFiUdp.cpp:221] parsePacket(): could not receive data: 9
[ 31314][E][WiFiUdp.cpp:221] parsePacket(): could not receive data: 9
[ 31320][E][WiFiUdp.cpp:221] parsePacket(): could not receive data: 9
[ 31326][E][WiFiUdp.cpp:221] parsePacket(): could not receive data: 9
[ 31332][E][WiFiUdp.cpp:221] parsePacket(): could not receive data: 9
[ 31338][E][WiFiUdp.cpp:221] parsePacket(): could not receive data: 9
[ 31344][E][WiFiUdp.cpp:221] parsePacket(): could not receive data: 9
[ 31350][E][WiFiUdp.cpp:221] parsePacket(): could not receive data: 9
[ 31356][E][WiFiUdp.cpp:221] parsePacket(): could not receive data: 9
[ 31362][E][WiFiUdp.cpp:221] parsePacket(): could not receive data: 9
[ 31368][E][WiFiUdp.cpp:221] parsePacket(): could not receive data: 9
[ 31374][E][WiFiUdp.cpp:221] parsePacket(): could not receive data: 9
[ 31380][E][WiFiUdp.cpp:221] parsePacket(): could not receive data: 9
[ 31386][E][WiFiUdp.cpp:221] parsePacket(): could not receive data: 9
[ 31392][E][WiFiUdp.cpp:221] parsePacket(): could not receive data: 9
[ 31398][E][WiFiUdp.cpp:221] parsePacket(): could not receive data: 9
[ 31404][E][WiFiUdp.cpp:221] parsePacket(): could not receive data: 9
[ 31410][E][WiFiUdp.cpp:221] parsePacket(): could not receive data: 9
[ 31416][E][WiFiUdp.cpp:221] parsePacket(): could not receive data: 9
[ 31422][E][WiFiUdp.cpp:221] parsePacket(): could not receive data: 9
[ 31428][E][WiFiUdp.cpp:221] parsePacket(): could not receive data: 9
[ 31434][E][WiFiUdp.cpp:221] parsePacket(): could not receive data: 9
[ 31440][E][WiFiUdp.cpp:221] parsePacket(): could not receive data: 9
[ 31446][E][WiFiUdp.cpp:221] parsePacket(): could not receive data: 9
[ 31452][E][WiFiUdp.cpp:221] parsePacket(): could not receive data: 9
[ 31458][E][WiFiUdp.cpp:221] parsePacket(): could not receive data: 9
[ 31464][E][WiFiUdp.cpp:221] parsePacket(): could not receive data: 9
[ 31470][E][WiFiUdp.cpp:221] parsePacket(): could not receive data: 9
[ 31476][E][WiFiUdp.cpp:221] parsePacket(): could not receive data: 9
[ 31482][E][WiFiUdp.cpp:221] parsePacket(): could not receive data: 9
[ 31488][E][WiFiUdp.cpp:221] parsePacket(): could not receive data: 9
[ 31494][E][WiFiUdp.cpp:221] parsePacket(): could not receive data: 9
[ 31500][E][WiFiUdp.cpp:221] parsePacket(): could not receive data: 9
[ 31506][E][WiFiUdp.cpp:221] parsePacket(): could not receive data: 9
[ 31512][E][WiFiUdp.cpp:221] parsePacket(): could not receive data: 9
[ 31518][E][WiFiUdp.cpp:221] parsePacket(): could not receive data: 9
[ 31524][E][WiFiUdp.cpp:221] parsePacket(): could not receive data: 9
[ 31530][E][WiFiUdp.cpp:221] parsePacket(): could not receive data: 9
[ 31536][E][WiFiUdp.cpp:221] parsePacket(): could not receive data: 9
[ 31542][E][WiFiUdp.cpp:221] parsePacket(): could not receive data: 9
[ 31548][E][WiFiUdp.cpp:221] parsePacket(): could not receive data: 9
[ 31554][E][WiFiUdp.cpp:221] parsePacket(): could not receive data: 9
[ 31560][E][WiFiUdp.cpp:221] parsePacket(): could not receive data: 9
[ 31566][E][WiFiUdp.cpp:221] parsePacket(): could not receive data: 9
[ 31572][E][WiFiUdp.cpp:221] parsePacket(): could not receive data: 9
[ 31578][E][WiFiUdp.cpp:221] parsePacket(): could not receive data: 9
[ 31584][E][WiFiUdp.cpp:221] parsePacket(): could not receive data: 9
[ 31590][E][WiFiUdp.cpp:221] parsePacket(): could not receive data: 9
[ 31596][E][WiFiUdp.cpp:221] parsePacket(): could not receive data: 9
[ 31602][E][WiFiUdp.cpp:221] parsePacket(): could not receive data: 9
[ 31608][E][WiFiUdp.cpp:221] parsePacket(): could not receive data: 9
[ 31614][E][WiFiUdp.cpp:221] parsePacket(): could not receive data: 9
[ 31620][E][WiFiUdp.cpp:221] parsePacket(): could not receive data: 9
[ 31626][E][WiFiUdp.cpp:221] parsePacket(): could not receive data: 9
[ 31632][E][WiFiUdp.cpp:221] parsePacket(): could not receive data: 9
[ 31638][E][WiFiUdp.cpp:221] parsePacket(): could not receive data: 9
[ 31644][E][WiFiUdp.cpp:221] parsePacket(): could not receive data: 9
[ 31650][E][WiFiUdp.cpp:221] parsePacket(): could not receive data: 9
[ 31656][E][WiFiUdp.cpp:221] parsePacket(): could not receive data: 9
[ 31662][E][WiFiUdp.cpp:221] parsePacket(): could not receive data: 9
[ 31668][E][WiFiUdp.cpp:221] parsePacket(): could not receive data: 9
[ 31674][E][WiFiUdp.cpp:221] parsePacket(): could not receive data: 9
[ 31680][E][WiFiUdp.cpp:221] parsePacket(): could not receive data: 9
[ 31686][E][WiFiUdp.cpp:221] parsePacket(): could not receive data: 9
[ 31692][E][WiFiUdp.cpp:221] parsePacket(): could not receive data: 9
[ 31698][E][WiFiUdp.cpp:221] parsePacket(): could not receive data: 9
[ 31704][E][WiFiUdp.cpp:221] parsePacket(): could not receive data: 9
[ 31710][E][WiFiUdp.cpp:221] parsePacket(): could not receive data: 9
[ 31716][E][WiFiUdp.cpp:221] parsePacket(): could not receive data: 9
[ 31722][E][WiFiUdp.cpp:221] parsePacket(): could not receive data: 9
[ 31728][E][WiFiUdp.cpp:221] parsePacket(): could not receive data: 9
[ 31734][E][WiFiUdp.cpp:221] parsePacket(): could not receive data: 9
[ 31740][E][WiFiUdp.cpp:221] parsePacket(): could not receive data: 9
[ 31746][E][WiFiUdp.cpp:221] parsePacket(): could not receive data: 9
[ 31752][E][WiFiUdp.cpp:221] parsePacket(): could not receive data: 9
[ 31758][E][WiFiUdp.cpp:221] parsePacket(): could not receive data: 9
[ 31764][E][WiFiUdp.cpp:221] parsePacket(): could not receive data: 9
[ 31770][E][WiFiUdp.cpp:221] parsePacket(): could not receive data: 9
[ 31776][E][WiFiUdp.cpp:221] parsePacket(): could not receive data: 9
[ 31782][E][WiFiUdp.cpp:221] parsePacket(): could not receive data: 9
[ 31788][E][WiFiUdp.cpp:221] parsePacket(): could not receive data: 9
[ 31794][E][WiFiUdp.cpp:221] parsePacket(): could not receive data: 9
[ 31800][E][WiFiUdp.cpp:221] parsePacket(): could not receive data: 9
[ 31806][E][WiFiUdp.cpp:221] parsePacket(): could not receive data: 9
[ 31812][E][WiFiUdp.cpp:221] parsePacket(): could not receive data: 9
[ 31818][E][WiFiUdp.cpp:221] parsePacket(): could not receive data: 9
[ 31824][E][WiFiUdp.cpp:221] parsePacket(): could not receive data: 9
[ 31830][E][WiFiUdp.cpp:221] parsePacket(): could not receive data: 9
[ 31835][E][WiFiUdp.cpp:221] parsePacket(): could not receive data: 9
[ 31841][E][WiFiUdp.cpp:221] parsePacket(): could not receive data: 9
[ 31847][E][WiFiUdp.cpp:221] parsePacket(): could not receive data: 9
[ 31853][E][WiFiUdp.cpp:221] parsePacket(): could not receive data: 9
[ 31859][E][WiFiUdp.cpp:221] parsePacket(): could not receive data: 9
[ 31865][E][WiFiUdp.cpp:221] parsePacket(): could not receive data: 9
[ 31871][E][WiFiUdp.cpp:221] parsePacket(): could not receive data: 9
[ 31877][E][WiFiUdp.cpp:221] parsePacket(): could not receive data: 9
[ 31883][E][WiFiUdp.cpp:221] parsePacket(): could not receive data: 9
[ 31889][E][WiFiUdp.cpp:221] parsePacket(): could not receive data: 9
[ 31895][E][WiFiUdp.cpp:221] parsePacket(): could not receive data: 9
[ 31901][E][WiFiUdp.cpp:221] parsePacket(): could not receive data: 9
[ 31907][E][WiFiUdp.cpp:221] parsePacket(): could not receive data: 9
[ 31913][E][WiFiUdp.cpp:221] parsePacket(): could not receive data: 9
[ 31919][E][WiFiUdp.cpp:221] parsePacket(): could not receive data: 9
[ 31925][E][WiFiUdp.cpp:221] parsePacket(): could not receive data: 9
[ 31931][E][WiFiUdp.cpp:221] parsePacket(): could not receive data: 9
[ 31937][E][WiFiUdp.cpp:221] parsePacket(): could not receive data: 9
[ 31945][E][WiFiUdp.cpp:221] parsePacket(): could not receive data: 9
[ 31951][E][WiFiUdp.cpp:221] parsePacket(): could not receive data: 9
[ 31957][E][WiFiUdp.cpp:221] parsePacket(): could not receive data: 9
[ 31963][E][WiFiUdp.cpp:221] parsePacket(): could not receive data: 9
[ 31969][E][WiFiUdp.cpp:221] parsePacket(): could not receive data: 9
[ 31975][E][WiFiUdp.cpp:221] parsePacket(): could not receive data: 9
[ 31981][E][WiFiUdp.cpp:221] parsePacket(): could not receive data: 9
[ 31987][E][WiFiUdp.cpp:221] parsePacket(): could not receive data: 9
[ 31993][E][WiFiUdp.cpp:221] parsePacket(): could not receive data: 9
[ 31999][E][WiFiUdp.cpp:221] parsePacket(): could not receive data: 9
[ 32005][E][WiFiUdp.cpp:221] parsePacket(): could not receive data: 9
[ 32011][E][WiFiUdp.cpp:221] parsePacket(): could not receive data: 9
[ 32017][E][WiFiUdp.cpp:221] parsePacket(): could not receive data: 9
[ 32023][E][WiFiUdp.cpp:221] parsePacket(): could not receive data: 9
[ 32029][E][WiFiUdp.cpp:221] parsePacket(): could not receive data: 9
[ 32035][E][WiFiUdp.cpp:221] parsePacket(): could not receive data: 9
[ 32041][E][WiFiUdp.cpp:221] parsePacket(): could not receive data: 9
[ 32047][E][WiFiUdp.cpp:221] parsePacket(): could not receive data: 9
[ 32053][E][WiFiUdp.cpp:221] parsePacket(): could not receive data: 9
[ 32059][E][WiFiUdp.cpp:221] parsePacket(): could not receive data: 9
[ 32065][E][WiFiUdp.cpp:221] parsePacket(): could not receive data: 9
[ 32071][E][WiFiUdp.cpp:221] parsePacket(): could not receive data: 9
[ 32077][E][WiFiUdp.cpp:221] parsePacket(): could not receive data: 9
[ 32083][E][WiFiUdp.cpp:221] parsePacket(): could not receive data: 9
[ 32089][E][WiFiUdp.cpp:221] parsePacket(): could not receive data: 9
[ 32095][E][WiFiUdp.cpp:221] parsePacket(): could not receive data: 9
[ 32101][E][WiFiUdp.cpp:221] parsePacket(): could not receive data: 9
[ 32107][E][WiFiUdp.cpp:221] parsePacket(): could not receive data: 9
[ 32113][E][WiFiUdp.cpp:221] parsePacket(): could not receive data: 9
[ 32119][E][WiFiUdp.cpp:221] parsePacket(): could not receive data: 9
[ 32125][E][WiFiUdp.cpp:221] parsePacket(): could not receive data: 9
[ 32131][E][WiFiUdp.cpp:221] parsePacket(): could not receive data: 9
[ 32137][E][WiFiUdp.cpp:221] parsePacket(): could not receive data: 9
[ 32143][E][WiFiUdp.cpp:221] parsePacket(): could not receive data: 9
[ 32149][E][WiFiUdp.cpp:221] parsePacket(): could not receive data: 9
[ 32155][E][WiFiUdp.cpp:221] parsePacket(): could not receive data: 9
[ 32161][E][WiFiUdp.cpp:221] parsePacket(): could not receive data: 9
[ 32167][E][WiFiUdp.cpp:221] parsePacket(): could not receive data: 9
[ 32173][E][WiFiUdp.cpp:221] parsePacket(): could not receive data: 9
[ 32179][E][WiFiUdp.cpp:221] parsePacket(): could not receive data: 9
[ 32185][E][WiFiUdp.cpp:221] parsePacket(): could not receive data: 9
[ 32191][E][WiFiUdp.cpp:221] parsePacket(): could not receive data: 9
[ 32197][E][WiFiUdp.cpp:221] parsePacket(): could not receive data: 9
[ 32203][E][WiFiUdp.cpp:221] parsePacket(): could not receive data: 9
[ 32209][E][WiFiUdp.cpp:221] parsePacket(): could not receive data: 9
[ 32215][E][WiFiUdp.cpp:221] parsePacket(): could not receive data: 9
[ 32221][E][WiFiUdp.cpp:221] parsePacket(): could not receive data: 9
[ 32227][E][WiFiUdp.cpp:221] parsePacket(): could not receive data: 9
[ 32233][E][WiFiUdp.cpp:221] parsePacket(): could not receive data: 9
[ 32239][E][WiFiUdp.cpp:221] parsePacket(): could not receive data: 9
[ 32245][E][WiFiUdp.cpp:221] parsePacket(): could not receive data: 9
[ 32251][E][WiFiUdp.cpp:221] parsePacket(): could not receive data: 9
[ 32257][E][WiFiUdp.cpp:221] parsePacket(): could not receive data: 9
[ 32263][E][WiFiUdp.cpp:221] parsePacket(): could not receive data: 9
[ 32269][E][WiFiUdp.cpp:221] parsePacket(): could not receive data: 9
[ 32275][E][WiFiUdp.cpp:221] parsePacket(): could not receive data: 9
[ 32281][E][WiFiUdp.cpp:221] parsePacket(): could not receive data: 9
[ 32287][E][WiFiUdp.cpp:221] parsePacket(): could not receive data: 9
[ 32293][E][WiFiUdp.cpp:221] parsePacket(): could not receive data: 9
[ 32299][E][WiFiUdp.cpp:221] parsePacket(): could not receive data: 9
[ 32305][E][WiFiUdp.cpp:221] parsePacket(): could not receive data: 9
[ 32311][E][WiFiUdp.cpp:221] parsePacket(): could not receive data: 9
[ 32317][E][WiFiUdp.cpp:221] parsePacket(): could not receive data: 9
[ 32323][E][WiFiUdp.cpp:221] parsePacket(): could not receive data: 9
[ 32329][E][WiFiUdp.cpp:221] parsePacket(): could not receive data: 9
[ 32335][E][WiFiUdp.cpp:221] parsePacket(): could not receive data: 9
[ 32341][E][WiFiUdp.cpp:221] parsePacket(): could not receive data: 9
[ 32347][E][WiFiUdp.cpp:221] parsePacket(): could not receive data: 9
[ 32353][E][WiFiUdp.cpp:221] parsePacket(): could not receive data: 9
[ 32359][E][WiFiUdp.cpp:221] parsePacket(): could not receive data: 9
[ 32364][E][WiFiUdp.cpp:221] parsePacket(): could not receive data: 9
[ 32369][E][WiFiUdp.cpp:221] parsePacket(): could not receive data: 9
[ 32375][E][WiFiUdp.cpp:221] parsePacket(): could not receive data: 9
[ 32381][E][WiFiUdp.cpp:221] parsePacket(): could not receive data: 9
[ 32387][E][WiFiUdp.cpp:221] parsePacket(): could not receive data: 9
[ 32393][E][WiFiUdp.cpp:221] parsePacket(): could not receive data: 9
[ 32399][E][WiFiUdp.cpp:221] parsePacket(): could not receive data: 9
[ 32405][E][WiFiUdp.cpp:221] parsePacket(): could not receive data: 9
[ 32411][E][WiFiUdp.cpp:221] parsePacket(): could not receive data: 9
[ 32417][E][WiFiUdp.cpp:221] parsePacket(): could not receive data: 9
[ 32423][E][WiFiUdp.cpp:221] parsePacket(): could not receive data: 9
[ 32429][E][WiFiUdp.cpp:221] parsePacket(): could not receive data: 9
[ 32435][E][WiFiUdp.cpp:221] parsePacket(): could not receive data: 9
[ 32441][E][WiFiUdp.cpp:221] parsePacket(): could not receive data: 9
[ 32447][E][WiFiUdp.cpp:221] parsePacket(): could not receive data: 9
[ 32453][E][WiFiUdp.cpp:221] parsePacket(): could not receive data: 9
[ 32459][E][WiFiUdp.cpp:221] parsePacket(): could not receive data: 9
[ 32465][E][WiFiUdp.cpp:221] parsePacket(): could not receive data: 9
[ 32471][E][WiFiUdp.cpp:221] parsePacket(): could not receive data: 9
[ 32477][E][WiFiUdp.cpp:221] parsePacket(): could not receive data: 9
[ 32483][E][WiFiUdp.cpp:221] parsePacket(): could not receive data: 9
[ 32488][E][WiFiUdp.cpp:221] parsePacket(): could not receive data: 9
[ 32493][E][WiFiUdp.cpp:221] parsePacket(): could not receive data: 9
[ 32499][E][WiFiUdp.cpp:221] parsePacket(): could not receive data: 9
[ 32505][E][WiFiUdp.cpp:221] parsePacket(): could not receive data: 9
[ 32511][E][WiFiUdp.cpp:221] parsePacket(): could not receive data: 9
[ 32517][E][WiFiUdp.cpp:221] parsePacket(): could not receive data: 9
[ 32523][E][WiFiUdp.cpp:221] parsePacket(): could not receive data: 9
[ 32529][E][WiFiUdp.cpp:221] parsePacket(): could not receive data: 9
[ 32535][E][WiFiUdp.cpp:221] parsePacket(): could not receive data: 9
[ 32540][E][WiFiUdp.cpp:221] parsePacket(): could not receive data: 9
[ 32545][E][WiFiUdp.cpp:221] parsePacket(): could not receive data: 9
[ 32551][E][WiFiUdp.cpp:221] parsePacket(): could not receive data: 9
[ 32557][E][WiFiUdp.cpp:221] parsePacket(): could not receive data: 9
[ 32563][E][WiFiUdp.cpp:221] parsePacket(): could not receive data: 9
[ 32569][E][WiFiUdp.cpp:221] parsePacket(): could not receive data: 9
[ 32575][E][WiFiUdp.cpp:221] parsePacket(): could not receive data: 9
[ 32581][E][WiFiUdp.cpp:221] parsePacket(): could not receive data: 9
[ 32587][E][WiFiUdp.cpp:221] parsePacket(): could not receive data: 9
[ 32593][E][WiFiUdp.cpp:221] parsePacket(): could not receive data: 9
[ 32599][E][WiFiUdp.cpp:221] parsePacket(): could not receive data: 9
[ 32605][E][WiFiUdp.cpp:221] parsePacket(): could not receive data: 9
[ 32611][E][WiFiUdp.cpp:221] parsePacket(): could not receive data: 9
[ 32617][E][WiFiUdp.cpp:221] parsePacket(): could not receive data: 9
[ 32623][E][WiFiUdp.cpp:221] parsePacket(): could not receive data: 9
[ 32629][E][WiFiUdp.cpp:221] parsePacket(): could not receive data: 9
[ 32635][E][WiFiUdp.cpp:221] parsePacket(): could not receive data: 9
[ 32641][E][WiFiUdp.cpp:221] parsePacket(): could not receive data: 9
[ 32647][E][WiFiUdp.cpp:221] parsePacket(): could not receive data: 9
[ 32653][E][WiFiUdp.cpp:221] parsePacket(): could not receive data: 9
[ 32659][E][WiFiUdp.cpp:221] parsePacket(): could not receive data: 9
[ 32665][E][WiFiUdp.cpp:221] parsePacket(): could not receive data: 9
[ 32671][E][WiFiUdp.cpp:221] parsePacket(): could not receive data: 9
[ 32677][E][WiFiUdp.cpp:221] parsePacket(): could not receive data: 9
[ 32683][E][WiFiUdp.cpp:221] parsePacket(): could not receive data: 9
[ 32689][E][WiFiUdp.cpp:221] parsePacket(): could not receive data: 9
[ 32695][E][WiFiUdp.cpp:221] parsePacket(): could not receive data: 9
[ 32701][E][WiFiUdp.cpp:221] parsePacket(): could not receive data: 9
[ 32707][E][WiFiUdp.cpp:221] parsePacket(): could not receive data: 9
[ 32713][E][WiFiUdp.cpp:221] parsePacket(): could not receive data: 9
[ 32719][E][WiFiUdp.cpp:221] parsePacket(): could not receive data: 9
[ 32725][E][WiFiUdp.cpp:221] parsePacket(): could not receive data: 9
[ 32731][E][WiFiUdp.cpp:221] parsePacket(): could not receive data: 9
[ 32737][E][WiFiUdp.cpp:221] parsePacket(): could not receive data: 9
[ 32743][E][WiFiUdp.cpp:221] parsePacket(): could not receive data: 9
[ 32749][E][WiFiUdp.cpp:221] parsePacket(): could not receive data: 9
[ 32755][E][WiFiUdp.cpp:221] parsePacket(): could not receive data: 9
[ 32761][E][WiFiUdp.cpp:221] parsePacket(): could not receive data: 9
[ 32767][E][WiFiUdp.cpp:221] parsePacket(): could not receive data: 9
[ 32773][E][WiFiUdp.cpp:221] parsePacket(): could not receive data: 9
[ 32779][E][WiFiUdp.cpp:221] parsePacket(): could not receive data: 9
[ 32785][E][WiFiUdp.cpp:221] parsePacket(): could not receive data: 9
[ 32791][E][WiFiUdp.cpp:221] parsePacket(): could not receive data: 9
[ 32797][E][WiFiUdp.cpp:221] parsePacket(): could not receive data: 9
[ 32803][E][WiFiUdp.cpp:221] parsePacket(): could not receive data: 9
[ 32809][E][WiFiUdp.cpp:221] parsePacket(): could not receive data: 9
[ 32814][E][WiFiUdp.cpp:221] parsePacket(): could not receive data: 9
[ 32820][E][WiFiUdp.cpp:221] parsePacket(): could not receive data: 9
[ 32826][E][WiFiUdp.cpp:221] parsePacket(): could not receive data: 9
[ 32832][E][WiFiUdp.cpp:221] parsePacket(): could not receive data: 9
[ 32838][E][WiFiUdp.cpp:221] parsePacket(): could not receive data: 9
[ 32844][E][WiFiUdp.cpp:221] parsePacket(): could not receive data: 9
[ 32850][E][WiFiUdp.cpp:221] parsePacket(): could not receive data: 9
[ 32856][E][WiFiUdp.cpp:221] parsePacket(): could not receive data: 9
[ 32862][E][WiFiUdp.cpp:221] parsePacket(): could not receive data: 9
[ 32868][E][WiFiUdp.cpp:221] parsePacket(): could not receive data: 9
[ 32874][E][WiFiUdp.cpp:221] parsePacket(): could not receive data: 9
[ 32880][E][WiFiUdp.cpp:221] parsePacket(): could not receive data: 9
[ 32886][E][WiFiUdp.cpp:221] parsePacket(): could not receive data: 9
[ 32892][E][WiFiUdp.cpp:221] parsePacket(): could not receive data: 9
[ 32898][E][WiFiUdp.cpp:221] parsePacket(): could not receive data: 9
[ 32904][E][WiFiUdp.cpp:221] parsePacket(): could not receive data: 9
[ 32910][E][WiFiUdp.cpp:221] parsePacket(): could not receive data: 9
[ 32916][E][WiFiUdp.cpp:221] parsePacket(): could not receive data: 9
[ 32922][E][WiFiUdp.cpp:221] parsePacket(): could not receive data: 9
[ 32928][E][WiFiUdp.cpp:221] parsePacket(): could not receive data: 9
[ 32934][E][WiFiUdp.cpp:221] parsePacket(): could not receive data: 9
[ 32940][E][WiFiUdp.cpp:221] parsePacket(): could not receive data: 9
[ 32946][E][WiFiUdp.cpp:221] parsePacket(): could not receive data: 9
[ 32952][E][WiFiUdp.cpp:221] parsePacket(): could not receive data: 9
[ 32958][E][WiFiUdp.cpp:221] parsePacket(): could not receive data: 9
[ 32964][E][WiFiUdp.cpp:221] parsePacket(): could not receive data: 9
[ 32970][E][WiFiUdp.cpp:221] parsePacket(): could not receive data: 9
[ 32976][E][WiFiUdp.cpp:221] parsePacket(): could not receive data: 9
[ 32982][E][WiFiUdp.cpp:221] parsePacket(): could not receive data: 9
[ 32988][E][WiFiUdp.cpp:221] parsePacket(): could not receive data: 9
[ 32993][E][WiFiUdp.cpp:221] parsePacket(): could not receive data: 9
[ 32999][E][WiFiUdp.cpp:221] parsePacket(): could not receive data: 9
[ 33005][E][WiFiUdp.cpp:221] parsePacket(): could not receive data: 9
[ 33011][E][WiFiUdp.cpp:221] parsePacket(): could not receive data: 9
[ 33017][E][WiFiUdp.cpp:221] parsePacket(): could not receive data: 9
[ 33023][E][WiFiUdp.cpp:221] parsePacket(): could not receive data: 9
[ 33029][E][WiFiUdp.cpp:221] parsePacket(): could not receive data: 9
[ 33035][E][WiFiUdp.cpp:221] parsePacket(): could not receive data: 9
[ 33041][E][WiFiUdp.cpp:221] parsePacket(): could not receive data: 9
[ 33047][E][WiFiUdp.cpp:221] parsePacket(): could not receive data: 9
[ 33053][E][WiFiUdp.cpp:221] parsePacket(): could not receive data: 9
[ 33059][E][WiFiUdp.cpp:221] parsePacket(): could not receive data: 9
[ 33065][E][WiFiUdp.cpp:221] parsePacket(): could not receive data: 9
[ 33071][E][WiFiUdp.cpp:221] parsePacket(): could not receive data: 9
[ 33077][E][WiFiUdp.cpp:221] parsePacket(): could not receive data: 9
[ 33083][E][WiFiUdp.cpp:221] parsePacket(): could not receive data: 9
[ 33089][E][WiFiUdp.cpp:221] parsePacket(): could not receive data: 9
[ 33095][E][WiFiUdp.cpp:221] parsePacket(): could not receive data: 9
[ 33101][E][WiFiUdp.cpp:221] parsePacket(): could not receive data: 9
[ 33107][E][WiFiUdp.cpp:221] parsePacket(): could not receive data: 9
[ 33113][E][WiFiUdp.cpp:221] parsePacket(): could not receive data: 9
[ 33119][E][WiFiUdp.cpp:221] parsePacket(): could not receive data: 9
[ 33125][E][WiFiUdp.cpp:221] parsePacket(): could not receive data: 9
[ 33131][E][WiFiUdp.cpp:221] parsePacket(): could not receive data: 9
[ 33137][E][WiFiUdp.cpp:221] parsePacket(): could not receive data: 9
[ 33143][E][WiFiUdp.cpp:221] parsePacket(): could not receive data: 9
[ 33149][E][WiFiUdp.cpp:221] parsePacket(): could not receive data: 9
[ 33155][E][WiFiUdp.cpp:221] parsePacket(): could not receive data: 9
[ 33161][E][WiFiUdp.cpp:221] parsePacket(): could not receive data: 9
[ 33167][E][WiFiUdp.cpp:221] parsePacket(): could not receive data: 9
[ 33173][E][WiFiUdp.cpp:221] parsePacket(): could not receive data: 9
[ 33179][E][WiFiUdp.cpp:221] parsePacket(): could not receive data: 9
[ 33185][E][WiFiUdp.cpp:221] parsePacket(): could not receive data: 9
[ 33191][E][WiFiUdp.cpp:221] parsePacket(): could not receive data: 9
[ 33197][E][WiFiUdp.cpp:221] parsePacket(): could not receive data: 9
[ 33203][E][WiFiUdp.cpp:221] parsePacket(): could not receive data: 9
[ 33209][E][WiFiUdp.cpp:221] parsePacket(): could not receive data: 9
[ 33215][E][WiFiUdp.cpp:221] parsePacket(): could not receive data: 9
[ 33221][E][WiFiUdp.cpp:221] parsePacket(): could not receive data: 9
[ 33227][E][WiFiUdp.cpp:221] parsePacket(): could not receive data: 9
[ 33233][E][WiFiUdp.cpp:221] parsePacket(): could not receive data: 9
[ 33239][E][WiFiUdp.cpp:221] parsePacket(): could not receive data: 9
[ 33245][E][WiFiUdp.cpp:221] parsePacket(): could not receive data: 9
[ 33251][E][WiFiUdp.cpp:221] parsePacket(): could not receive data: 9
[ 33257][E][WiFiUdp.cpp:221] parsePacket(): could not receive data: 9
[ 33263][E][WiFiUdp.cpp:221] parsePacket(): could not receive data: 9
[ 33269][E][WiFiUdp.cpp:221] parsePacket(): could not receive data: 9
[ 33275][E][WiFiUdp.cpp:221] parsePacket(): could not receive data: 9
[ 33281][E][WiFiUdp.cpp:221] parsePacket(): could not receive data: 9
[ 33287][E][WiFiUdp.cpp:221] parsePacket(): could not receive data: 9
[ 33293][E][WiFiUdp.cpp:221] parsePacket(): could not receive data: 9
[ 33299][E][WiFiUdp.cpp:221] parsePacket(): could not receive data: 9
[ 33305][E][WiFiUdp.cpp:221] parsePacket(): could not receive data: 9
[ 33311][E][WiFiUdp.cpp:221] parsePacket(): could not receive data: 9
[ 33317][E][WiFiUdp.cpp:221] parsePacket(): could not receive data: 9
[ 33323][E][WiFiUdp.cpp:221] parsePacket(): could not receive data: 9
[ 33329][E][WiFiUdp.cpp:221] parsePacket(): could not receive data: 9
[ 33335][E][WiFiUdp.cpp:221] parsePacket(): could not receive data: 9
[ 33341][E][WiFiUdp.cpp:221] parsePacket(): could not receive data: 9
[ 33347][E][WiFiUdp.cpp:221] parsePacket(): could not receive data: 9
[ 33353][E][WiFiUdp.cpp:221] parsePacket(): could not receive data: 9
[ 33359][E][WiFiUdp.cpp:221] parsePacket(): could not receive data: 9
[ 33365][E][WiFiUdp.cpp:221] parsePacket(): could not receive data: 9
[ 33371][E][WiFiUdp.cpp:221] parsePacket(): could not receive data: 9
[ 33377][E][WiFiUdp.cpp:221] parsePacket(): could not receive data: 9
[ 33383][E][WiFiUdp.cpp:221] parsePacket(): could not receive data: 9
[ 33389][E][WiFiUdp.cpp:221] parsePacket(): could not receive data: 9
[ 33395][E][WiFiUdp.cpp:221] parsePacket(): could not receive data: 9
[ 33401][E][WiFiUdp.cpp:221] parsePacket(): could not receive data: 9
[ 33407][E][WiFiUdp.cpp:221] parsePacket(): could not receive data: 9
[ 33413][E][WiFiUdp.cpp:221] parsePacket(): could not receive data: 9
[ 33419][E][WiFiUdp.cpp:221] parsePacket(): could not receive data: 9
[ 33425][E][WiFiUdp.cpp:221] parsePacket(): could not receive data: 9
[ 33431][E][WiFiUdp.cpp:221] parsePacket(): could not receive data: 9
[ 33437][E][WiFiUdp.cpp:221] parsePacket(): could not receive data: 9
[ 33443][E][WiFiUdp.cpp:221] parsePacket(): could not receive data: 9
[ 33449][E][WiFiUdp.cpp:221] parsePacket(): could not receive data: 9
[ 33455][E][WiFiUdp.cpp:221] parsePacket(): could not receive data: 9
[ 33461][E][WiFiUdp.cpp:221] parsePacket(): could not receive data: 9
[ 33467][E][WiFiUdp.cpp:221] parsePacket(): could not receive data: 9
[ 33473][E][WiFiUdp.cpp:221] parsePacket(): could not receive data: 9
[ 33479][E][WiFiUdp.cpp:221] parsePacket(): could not receive data: 9
[ 33485][E][WiFiUdp.cpp:221] parsePacket(): could not receive data: 9
[ 33490][E][WiFiUdp.cpp:221] parsePacket(): could not receive data: 9
[ 33496][E][WiFiUdp.cpp:221] parsePacket(): could not receive data: 9
[ 33502][E][WiFiUdp.cpp:221] parsePacket(): could not receive data: 9
[ 33508][E][WiFiUdp.cpp:221] parsePacket(): could not receive data: 9
[ 33514][E][WiFiUdp.cpp:221] parsePacket(): could not receive data: 9
[ 33520][E][WiFiUdp.cpp:221] parsePacket(): could not receive data: 9
[ 33526][E][WiFiUdp.cpp:221] parsePacket(): could not receive data: 9
[ 33532][E][WiFiUdp.cpp:221] parsePacket(): could not receive data: 9
[ 33538][E][WiFiUdp.cpp:221] parsePacket(): could not receive data: 9
[ 33544][E][WiFiUdp.cpp:221] parsePacket(): could not receive data: 9
[ 33550][E][WiFiUdp.cpp:221] parsePacket(): could not receive data: 9
[ 33556][E][WiFiUdp.cpp:221] parsePacket(): could not receive data: 9
[ 33562][E][WiFiUdp.cpp:221] parsePacket(): could not receive data: 9
[ 33568][E][WiFiUdp.cpp:221] parsePacket(): could not receive data: 9
[ 33574][E][WiFiUdp.cpp:221] parsePacket(): could not receive data: 9
[ 33580][E][WiFiUdp.cpp:221] parsePacket(): could not receive data: 9
[ 33586][E][WiFiUdp.cpp:221] parsePacket(): could not receive data: 9
[ 33592][E][WiFiUdp.cpp:221] parsePacket(): could not receive data: 9
[ 33598][E][WiFiUdp.cpp:221] parsePacket(): could not receive data: 9
[ 33604][E][WiFiUdp.cpp:221] parsePacket(): could not receive data: 9
[ 33610][E][WiFiUdp.cpp:221] parsePacket(): could not receive data: 9
[ 33616][E][WiFiUdp.cpp:221] parsePacket(): could not receive data: 9
[ 33622][E][WiFiUdp.cpp:221] parsePacket(): could not receive data: 9
[ 33628][E][WiFiUdp.cpp:221] parsePacket(): could not receive data: 9
[ 33634][E][WiFiUdp.cpp:221] parsePacket(): could not receive data: 9
[ 33640][E][WiFiUdp.cpp:221] parsePacket(): could not receive data: 9
[ 33646][E][WiFiUdp.cpp:221] parsePacket(): could not receive data: 9
[ 33652][E][WiFiUdp.cpp:221] parsePacket(): could not receive data: 9
[ 33658][E][WiFiUdp.cpp:221] parsePacket(): could not receive data: 9
[ 33664][E][WiFiUdp.cpp:221] parsePacket(): could not receive data: 9
[ 33670][E][WiFiUdp.cpp:221] parsePacket(): could not receive data: 9
[ 33676][E][WiFiUdp.cpp:221] parsePacket(): could not receive data: 9
[ 33681][E][WiFiUdp.cpp:221] parsePacket(): could not receive data: 9
[ 33687][E][WiFiUdp.cpp:221] parsePacket(): could not receive data: 9
[ 33693][E][WiFiUdp.cpp:221] parsePacket(): could not receive data: 9
[ 33699][E][WiFiUdp.cpp:221] parsePacket(): could not receive data: 9
[ 33705][E][WiFiUdp.cpp:221] parsePacket(): could not receive data: 9
[ 33711][E][WiFiUdp.cpp:221] parsePacket(): could not receive data: 9
[ 33717][E][WiFiUdp.cpp:221] parsePacket(): could not receive data: 9
[ 33723][E][WiFiUdp.cpp:221] parsePacket(): could not receive data: 9
[ 33729][E][WiFiUdp.cpp:221] parsePacket(): could not receive data: 9
[ 33735][E][WiFiUdp.cpp:221] parsePacket(): could not receive data: 9
[ 33741][E][WiFiUdp.cpp:221] parsePacket(): could not receive data: 9
[ 33747][E][WiFiUdp.cpp:221] parsePacket(): could not receive data: 9
[ 33753][E][WiFiUdp.cpp:221] parsePacket(): could not receive data: 9
[ 33759][E][WiFiUdp.cpp:221] parsePacket(): could not receive data: 9
[ 33765][E][WiFiUdp.cpp:221] parsePacket(): could not receive data: 9
[ 33771][E][WiFiUdp.cpp:221] parsePacket(): could not receive data: 9
[ 33777][E][WiFiUdp.cpp:221] parsePacket(): could not receive data: 9
[ 33783][E][WiFiUdp.cpp:221] parsePacket(): could not receive data: 9
[ 33789][E][WiFiUdp.cpp:221] parsePacket(): could not receive data: 9
[ 33795][E][WiFiUdp.cpp:221] parsePacket(): could not receive data: 9
[ 33801][E][WiFiUdp.cpp:221] parsePacket(): could not receive data: 9
[ 33807][E][WiFiUdp.cpp:221] parsePacket(): could not receive data: 9
[ 33813][E][WiFiUdp.cpp:221] parsePacket(): could not receive data: 9
[ 33819][E][WiFiUdp.cpp:221] parsePacket(): could not receive data: 9
[ 33825][E][WiFiUdp.cpp:221] parsePacket(): could not receive data: 9
[ 33831][E][WiFiUdp.cpp:221] parsePacket(): could not receive data: 9
[ 33837][E][WiFiUdp.cpp:221] parsePacket(): could not receive data: 9
[ 33843][E][WiFiUdp.cpp:221] parsePacket(): could not receive data: 9
[ 33849][E][WiFiUdp.cpp:221] parsePacket(): could not receive data: 9
[ 33855][E][WiFiUdp.cpp:221] parsePacket(): could not receive data: 9
[ 33861][E][WiFiUdp.cpp:221] parsePacket(): could not receive data: 9
[ 33867][E][WiFiUdp.cpp:221] parsePacket(): could not receive data: 9
[ 33873][E][WiFiUdp.cpp:221] parsePacket(): could not receive data: 9
[ 33879][E][WiFiUdp.cpp:221] parsePacket(): could not receive data: 9
[ 33885][E][WiFiUdp.cpp:221] parsePacket(): could not receive data: 9
[ 33891][E][WiFiUdp.cpp:221] parsePacket(): could not receive data: 9
[ 33897][E][WiFiUdp.cpp:221] parsePacket(): could not receive data: 9
[ 33903][E][WiFiUdp.cpp:221] parsePacket(): could not receive data: 9
[ 33909][E][WiFiUdp.cpp:221] parsePacket(): could not receive data: 9
[ 33915][E][WiFiUdp.cpp:221] parsePacket(): could not receive data: 9
[ 33921][E][WiFiUdp.cpp:221] parsePacket(): could not receive data: 9
[ 33927][E][WiFiUdp.cpp:221] parsePacket(): could not receive data: 9
[ 33933][E][WiFiUdp.cpp:221] parsePacket(): could not receive data: 9
[ 33939][E][WiFiUdp.cpp:221] parsePacket(): could not receive data: 9
[ 33945][E][WiFiUdp.cpp:221] parsePacket(): could not receive data: 9
[ 33951][E][WiFiUdp.cpp:221] parsePacket(): could not receive data: 9
[ 33957][E][WiFiUdp.cpp:221] parsePacket(): could not receive data: 9
[ 33963][E][WiFiUdp.cpp:221] parsePacket(): could not receive data: 9
[ 33969][E][WiFiUdp.cpp:221] parsePacket(): could not receive data: 9
[ 33975][E][WiFiUdp.cpp:221] parsePacket(): could not receive data: 9
[ 33981][E][WiFiUdp.cpp:221] parsePacket(): could not receive data: 9
[ 33987][E][WiFiUdp.cpp:221] parsePacket(): could not receive data: 9
[ 33993][E][WiFiUdp.cpp:221] parsePacket(): could not receive data: 9
[ 33999][E][WiFiUdp.cpp:221] parsePacket(): could not receive data: 9
[ 34005][E][WiFiUdp.cpp:221] parsePacket(): could not receive data: 9
[ 34011][E][WiFiUdp.cpp:221] parsePacket(): could not receive data: 9
[ 34017][E][WiFiUdp.cpp:221] parsePacket(): could not receive data: 9
[ 34023][E][WiFiUdp.cpp:221] parsePacket(): could not receive data: 9
[ 34029][E][WiFiUdp.cpp:221] parsePacket(): could not receive data: 9
[ 34035][E][WiFiUdp.cpp:221] parsePacket(): could not receive data: 9
[ 34041][E][WiFiUdp.cpp:221] parsePacket(): could not receive data: 9
[ 34047][E][WiFiUdp.cpp:221] parsePacket(): could not receive data: 9
[ 34053][E][WiFiUdp.cpp:221] parsePacket(): could not receive data: 9
[ 34059][E][WiFiUdp.cpp:221] parsePacket(): could not receive data: 9
[ 34065][E][WiFiUdp.cpp:221] parsePacket(): could not receive data: 9
[ 34071][E][WiFiUdp.cpp:221] parsePacket(): could not receive data: 9
[ 34077][E][WiFiUdp.cpp:221] parsePacket(): could not receive data: 9
[ 34083][E][WiFiUdp.cpp:221] parsePacket(): could not receive data: 9
[ 34089][E][WiFiUdp.cpp:221] parsePacket(): could not receive data: 9
[ 34095][E][WiFiUdp.cpp:221] parsePacket(): could not receive data: 9
[ 34101][E][WiFiUdp.cpp:221] parsePacket(): could not receive data: 9
[ 34107][E][WiFiUdp.cpp:221] parsePacket(): could not receive data: 9
[ 34113][E][WiFiUdp.cpp:221] parsePacket(): could not receive data: 9
[ 34119][E][WiFiUdp.cpp:221] parsePacket(): could not receive data: 9
[ 34125][E][WiFiUdp.cpp:221] parsePacket(): could not receive data: 9
[ 34131][E][WiFiUdp.cpp:221] parsePacket(): could not receive data: 9
[ 34137][E][WiFiUdp.cpp:221] parsePacket(): could not receive data: 9
[ 34143][E][WiFiUdp.cpp:221] parsePacket(): could not receive data: 9
[ 34149][E][WiFiUdp.cpp:221] parsePacket(): could not receive data: 9
[ 34155][E][WiFiUdp.cpp:221] parsePacket(): could not receive data: 9
[ 34161][E][WiFiUdp.cpp:221] parsePacket(): could not receive data: 9
[ 34167][E][WiFiUdp.cpp:221] parsePacket(): could not receive data: 9
[ 34173][E][WiFiUdp.cpp:221] parsePacket(): could not receive data: 9
[ 34179][E][WiFiUdp.cpp:221] parsePacket(): could not receive data: 9
[ 34185][E][WiFiUdp.cpp:221] parsePacket(): could not receive data: 9
[ 34191][E][WiFiUdp.cpp:221] parsePacket(): could not receive data: 9
[ 34196][E][WiFiUdp.cpp:221] parsePacket(): could not receive data: 9
[ 34202][E][WiFiUdp.cpp:221] parsePacket(): could not receive data: 9
[ 34208][E][WiFiUdp.cpp:221] parsePacket(): could not receive data: 9
[ 34214][E][WiFiUdp.cpp:221] parsePacket(): could not receive data: 9
[ 34220][E][WiFiUdp.cpp:221] parsePacket(): could not receive data: 9
[ 34226][E][WiFiUdp.cpp:221] parsePacket(): could not receive data: 9
[ 34232][E][WiFiUdp.cpp:221] parsePacket(): could not receive data: 9
[ 34238][E][WiFiUdp.cpp:221] parsePacket(): could not receive data: 9
[ 34244][E][WiFiUdp.cpp:221] parsePacket(): could not receive data: 9
[ 34250][E][WiFiUdp.cpp:221] parsePacket(): could not receive data: 9
[ 34256][E][WiFiUdp.cpp:221] parsePacket(): could not receive data: 9
[ 34262][E][WiFiUdp.cpp:221] parsePacket(): could not receive data: 9
[ 34268][E][WiFiUdp.cpp:221] parsePacket(): could not receive data: 9
[ 34274][E][WiFiUdp.cpp:221] parsePacket(): could not receive data: 9
[ 34280][E][WiFiUdp.cpp:221] parsePacket(): could not receive data: 9
[ 34286][E][WiFiUdp.cpp:221] parsePacket(): could not receive data: 9
[ 34292][E][WiFiUdp.cpp:221] parsePacket(): could not receive data: 9
[ 34298][E][WiFiUdp.cpp:221] parsePacket(): could not receive data: 9
[ 34304][E][WiFiUdp.cpp:221] parsePacket(): could not receive data: 9
[ 34310][E][WiFiUdp.cpp:221] parsePacket(): could not receive data: 9
[ 34316][E][WiFiUdp.cpp:221] parsePacket(): could not receive data: 9
[ 34322][E][WiFiUdp.cpp:221] parsePacket(): could not receive data: 9
[ 34328][E][WiFiUdp.cpp:221] parsePacket(): could not receive data: 9
[ 34334][E][WiFiUdp.cpp:221] parsePacket(): could not receive data: 9
[ 34340][E][WiFiUdp.cpp:221] parsePacket(): could not receive data: 9
[ 34346][E][WiFiUdp.cpp:221] parsePacket(): could not receive data: 9
[ 34352][E][WiFiUdp.cpp:221] parsePacket(): could not receive data: 9
[ 34358][E][WiFiUdp.cpp:221] parsePacket(): could not receive data: 9
[ 34364][E][WiFiUdp.cpp:221] parsePacket(): could not receive data: 9
[ 34370][E][WiFiUdp.cpp:221] parsePacket(): could not receive data: 9
[ 34376][E][WiFiUdp.cpp:221] parsePacket(): could not receive data: 9
[ 34382][E][WiFiUdp.cpp:221] parsePacket(): could not receive data: 9
[ 34388][E][WiFiUdp.cpp:221] parsePacket(): could not receive data: 9
[ 34394][E][WiFiUdp.cpp:221] parsePacket(): could not receive data: 9
[ 34400][E][WiFiUdp.cpp:221] parsePacket(): could not receive data: 9
[ 34406][E][WiFiUdp.cpp:221] parsePacket(): could not receive data: 9
[ 34412][E][WiFiUdp.cpp:221] parsePacket(): could not receive data: 9
[ 34418][E][WiFiUdp.cpp:221] parsePacket(): could not receive data: 9
[ 34424][E][WiFiUdp.cpp:221] parsePacket(): could not receive data: 9
[ 34430][E][WiFiUdp.cpp:221] parsePacket(): could not receive data: 9
[ 34436][E][WiFiUdp.cpp:221] parsePacket(): could not receive data: 9
[ 34442][E][WiFiUdp.cpp:221] parsePacket(): could not receive data: 9
[ 34448][E][WiFiUdp.cpp:221] parsePacket(): could not receive data: 9
[ 34454][E][WiFiUdp.cpp:221] parsePacket(): could not receive data: 9
[ 34460][E][WiFiUdp.cpp:221] parsePacket(): could not receive data: 9
[ 34466][E][WiFiUdp.cpp:221] parsePacket(): could not receive data: 9
[ 34472][E][WiFiUdp.cpp:221] parsePacket(): could not receive data: 9
[ 34478][E][WiFiUdp.cpp:221] parsePacket(): could not receive data: 9
[ 34484][E][WiFiUdp.cpp:221] parsePacket(): could not receive data: 9
[ 34490][E][WiFiUdp.cpp:221] parsePacket(): could not receive data: 9
[ 34495][E][WiFiUdp.cpp:221] parsePacket(): could not receive data: 9
[ 34501][E][WiFiUdp.cpp:221] parsePacket(): could not receive data: 9
[ 34507][E][WiFiUdp.cpp:221] parsePacket(): could not receive data: 9
[ 34513][E][WiFiUdp.cpp:221] parsePacket(): could not receive data: 9
[ 34519][E][WiFiUdp.cpp:221] parsePacket(): could not receive data: 9
[ 34525][E][WiFiUdp.cpp:221] parsePacket(): could not receive data: 9
[ 34531][E][WiFiUdp.cpp:221] parsePacket(): could not receive data: 9
[ 34537][E][WiFiUdp.cpp:221] parsePacket(): could not receive data: 9
[ 34543][E][WiFiUdp.cpp:221] parsePacket(): could not receive data: 9
[ 34549][E][WiFiUdp.cpp:221] parsePacket(): could not receive data: 9
[ 34555][E][WiFiUdp.cpp:221] parsePacket(): could not receive data: 9
[ 34561][E][WiFiUdp.cpp:221] parsePacket(): could not receive data: 9
[ 34567][E][WiFiUdp.cpp:221] parsePacket(): could not receive data: 9
[ 34573][E][WiFiUdp.cpp:221] parsePacket(): could not receive data: 9
[ 34579][E][WiFiUdp.cpp:221] parsePacket(): could not receive data: 9
[ 34585][E][WiFiUdp.cpp:221] parsePacket(): could not receive data: 9
[ 34591][E][WiFiUdp.cpp:221] parsePacket(): could not receive data: 9
[ 34597][E][WiFiUdp.cpp:221] parsePacket(): could not receive data: 9
[ 34603][E][WiFiUdp.cpp:221] parsePacket(): could not receive data: 9
[ 34609][E][WiFiUdp.cpp:221] parsePacket(): could not receive data: 9
[ 34615][E][WiFiUdp.cpp:221] parsePacket(): could not receive data: 9
[ 34621][E][WiFiUdp.cpp:221] parsePacket(): could not receive data: 9
[ 34627][E][WiFiUdp.cpp:221] parsePacket(): could not receive data: 9
[ 34633][E][WiFiUdp.cpp:221] parsePacket(): could not receive data: 9
[ 34639][E][WiFiUdp.cpp:221] parsePacket(): could not receive data: 9
[ 34645][E][WiFiUdp.cpp:221] parsePacket(): could not receive data: 9
[ 34651][E][WiFiUdp.cpp:221] parsePacket(): could not receive data: 9
[ 34657][E][WiFiUdp.cpp:221] parsePacket(): could not receive data: 9
[ 34663][E][WiFiUdp.cpp:221] parsePacket(): could not receive data: 9
[ 34669][E][WiFiUdp.cpp:221] parsePacket(): could not receive data: 9
[ 34675][E][WiFiUdp.cpp:221] parsePacket(): could not receive data: 9
[ 34681][E][WiFiUdp.cpp:221] parsePacket(): could not receive data: 9
[ 34687][E][WiFiUdp.cpp:221] parsePacket(): could not receive data: 9
[ 34693][E][WiFiUdp.cpp:221] parsePacket(): could not receive data: 9
[ 34698][E][WiFiUdp.cpp:221] parsePacket(): could not receive data: 9
[ 34704][E][WiFiUdp.cpp:221] parsePacket(): could not receive data: 9
[ 34710][E][WiFiUdp.cpp:221] parsePacket(): could not receive data: 9
[ 34716][E][WiFiUdp.cpp:221] parsePacket(): could not receive data: 9
[ 34722][E][WiFiUdp.cpp:221] parsePacket(): could not receive data: 9
[ 34728][E][WiFiUdp.cpp:221] parsePacket(): could not receive data: 9
[ 34734][E][WiFiUdp.cpp:221] parsePacket(): could not receive data: 9
[ 34740][E][WiFiUdp.cpp:221] parsePacket(): could not receive data: 9
[ 34746][E][WiFiUdp.cpp:221] parsePacket(): could not receive data: 9
[ 34752][E][WiFiUdp.cpp:221] parsePacket(): could not receive data: 9
[ 34758][E][WiFiUdp.cpp:221] parsePacket(): could not receive data: 9
[ 34764][E][WiFiUdp.cpp:221] parsePacket(): could not receive data: 9
[ 34769][E][WiFiUdp.cpp:221] parsePacket(): could not receive data: 9
[ 34775][E][WiFiUdp.cpp:221] parsePacket(): could not receive data: 9
[ 34781][E][WiFiUdp.cpp:221] parsePacket(): could not receive data: 9
[ 34787][E][WiFiUdp.cpp:221] parsePacket(): could not receive data: 9
[ 34793][E][WiFiUdp.cpp:221] parsePacket(): could not receive data: 9
[ 34799][E][WiFiUdp.cpp:221] parsePacket(): could not receive data: 9
[ 34805][E][WiFiUdp.cpp:221] parsePacket(): could not receive data: 9
[ 34811][E][WiFiUdp.cpp:221] parsePacket(): could not receive data: 9
[ 34816][E][WiFiUdp.cpp:221] parsePacket(): could not receive data: 9
[ 34822][E][WiFiUdp.cpp:221] parsePacket(): could not receive data: 9
[ 34828][E][WiFiUdp.cpp:221] parsePacket(): could not receive data: 9
[ 34834][E][WiFiUdp.cpp:221] parsePacket(): could not receive data: 9
[ 34840][E][WiFiUdp.cpp:221] parsePacket(): could not receive data: 9
[ 34846][E][WiFiUdp.cpp:221] parsePacket(): could not receive data: 9
[ 34852][E][WiFiUdp.cpp:221] parsePacket(): could not receive data: 9
[ 34858][E][WiFiUdp.cpp:221] parsePacket(): could not receive data: 9
[ 34864][E][WiFiUdp.cpp:221] parsePacket(): could not receive data: 9
[ 34870][E][WiFiUdp.cpp:221] parsePacket(): could not receive data: 9
[ 34876][E][WiFiUdp.cpp:221] parsePacket(): could not receive data: 9
[ 34882][E][WiFiUdp.cpp:221] parsePacket(): could not receive data: 9
[ 34888][E][WiFiUdp.cpp:221] parsePacket(): could not receive data: 9
[ 34894][E][WiFiUdp.cpp:221] parsePacket(): could not receive data: 9
[ 34900][E][WiFiUdp.cpp:221] parsePacket(): could not receive data: 9
[ 34906][E][WiFiUdp.cpp:221] parsePacket(): could not receive data: 9
[ 34912][E][WiFiUdp.cpp:221] parsePacket(): could not receive data: 9
[ 34918][E][WiFiUdp.cpp:221] parsePacket(): could not receive data: 9
[ 34924][E][WiFiUdp.cpp:221] parsePacket(): could not receive data: 9
[ 34930][E][WiFiUdp.cpp:221] parsePacket(): could not receive data: 9
[ 34936][E][WiFiUdp.cpp:221] parsePacket(): could not receive data: 9
[ 34942][E][WiFiUdp.cpp:221] parsePacket(): could not receive data: 9
[ 34948][E][WiFiUdp.cpp:221] parsePacket(): could not receive data: 9
[ 34954][E][WiFiUdp.cpp:221] parsePacket(): could not receive data: 9
[ 34960][E][WiFiUdp.cpp:221] parsePacket(): could not receive data: 9
[ 34966][E][WiFiUdp.cpp:221] parsePacket(): could not receive data: 9
[ 34972][E][WiFiUdp.cpp:221] parsePacket(): could not receive data: 9
[ 34978][E][WiFiUdp.cpp:221] parsePacket(): could not receive data: 9
[ 34984][E][WiFiUdp.cpp:221] parsePacket(): could not receive data: 9
[ 34990][E][WiFiUdp.cpp:221] parsePacket(): could not receive data: 9
[ 34996][E][WiFiUdp.cpp:221] parsePacket(): could not receive data: 9
[ 35002][E][WiFiUdp.cpp:221] parsePacket(): could not receive data: 9
[ 35008][E][WiFiUdp.cpp:221] parsePacket(): could not receive data: 9
[ 35014][E][WiFiUdp.cpp:221] parsePacket(): could not receive data: 9
[ 35020][E][WiFiUdp.cpp:221] parsePacket(): could not receive data: 9
[ 35026][E][WiFiUdp.cpp:221] parsePacket(): could not receive data: 9
[ 35032][E][WiFiUdp.cpp:221] parsePacket(): could not receive data: 9
[ 35038][E][WiFiUdp.cpp:221] parsePacket(): could not receive data: 9
[ 35044][E][WiFiUdp.cpp:221] parsePacket(): could not receive data: 9
[ 35050][E][WiFiUdp.cpp:221] parsePacket(): could not receive data: 9
[ 35056][E][WiFiUdp.cpp:221] parsePacket(): could not receive data: 9
[ 35062][E][WiFiUdp.cpp:221] parsePacket(): could not receive data: 9
[ 35068][E][WiFiUdp.cpp:221] parsePacket(): could not receive data: 9
[ 35074][E][WiFiUdp.cpp:221] parsePacket(): could not receive data: 9
[ 35080][E][WiFiUdp.cpp:221] parsePacket(): could not receive data: 9
[ 35086][E][WiFiUdp.cpp:221] parsePacket(): could not receive data: 9
[ 35092][E][WiFiUdp.cpp:221] parsePacket(): could not receive data: 9
[ 35098][E][WiFiUdp.cpp:221] parsePacket(): could not receive data: 9
[ 35104][E][WiFiUdp.cpp:221] parsePacket(): could not receive data: 9
[ 35110][E][WiFiUdp.cpp:221] parsePacket(): could not receive data: 9
[ 35116][E][WiFiUdp.cpp:221] parsePacket(): could not receive data: 9
[ 35122][E][WiFiUdp.cpp:221] parsePacket(): could not receive data: 9
[ 35128][E][WiFiUdp.cpp:221] parsePacket(): could not receive data: 9
[ 35134][E][WiFiUdp.cpp:221] parsePacket(): could not receive data: 9
[ 35140][E][WiFiUdp.cpp:221] parsePacket(): could not receive data: 9
[ 35146][E][WiFiUdp.cpp:221] parsePacket(): could not receive data: 9
[ 35152][E][WiFiUdp.cpp:221] parsePacket(): could not receive data: 9
[ 35158][E][WiFiUdp.cpp:221] parsePacket(): could not receive data: 9
[ 35164][E][WiFiUdp.cpp:221] parsePacket(): could not receive data: 9
[ 35170][E][WiFiUdp.cpp:221] parsePacket(): could not receive data: 9
[ 35176][E][WiFiUdp.cpp:221] parsePacket(): could not receive data: 9
[ 35182][E][WiFiUdp.cpp:221] parsePacket(): could not receive data: 9
[ 35188][E][WiFiUdp.cpp:221] parsePacket(): could not receive data: 9
[ 35194][E][WiFiUdp.cpp:221] parsePacket(): could not receive data: 9
[ 35200][E][WiFiUdp.cpp:221] parsePacket(): could not receive data: 9
[ 35206][E][WiFiUdp.cpp:221] parsePacket(): could not receive data: 9
[ 35212][E][WiFiUdp.cpp:221] parsePacket(): could not receive data: 9
[ 35218][E][WiFiUdp.cpp:221] parsePacket(): could not receive data: 9
[ 35224][E][WiFiUdp.cpp:221] parsePacket(): could not receive data: 9
[ 35230][E][WiFiUdp.cpp:221] parsePacket(): could not receive data: 9
[ 35236][E][WiFiUdp.cpp:221] parsePacket(): could not receive data: 9
[ 35242][E][WiFiUdp.cpp:221] parsePacket(): could not receive data: 9
[ 35248][E][WiFiUdp.cpp:221] parsePacket(): could not receive data: 9
[ 35254][E][WiFiUdp.cpp:221] parsePacket(): could not receive data: 9
[ 35260][E][WiFiUdp.cpp:221] parsePacket(): could not receive data: 9
[ 35266][E][WiFiUdp.cpp:221] parsePacket(): could not receive data: 9
[ 35272][E][WiFiUdp.cpp:221] parsePacket(): could not receive data: 9
[ 35278][E][WiFiUdp.cpp:221] parsePacket(): could not receive data: 9
[ 35284][E][WiFiUdp.cpp:221] parsePacket(): could not receive data: 9
[ 35290][E][WiFiUdp.cpp:221] parsePacket(): could not receive data: 9
[ 35296][E][WiFiUdp.cpp:221] parsePacket(): could not receive data: 9
[ 35302][E][WiFiUdp.cpp:221] parsePacket(): could not receive data: 9
[ 35308][E][WiFiUdp.cpp:221] parsePacket(): could not receive data: 9
[ 35314][E][WiFiUdp.cpp:221] parsePacket(): could not receive data: 9
[ 35320][E][WiFiUdp.cpp:221] parsePacket(): could not receive data: 9
[ 35326][E][WiFiUdp.cpp:221] parsePacket(): could not receive data: 9
[ 35332][E][WiFiUdp.cpp:221] parsePacket(): could not receive data: 9
[ 35338][E][WiFiUdp.cpp:221] parsePacket(): could not receive data: 9
[ 35344][E][WiFiUdp.cpp:221] parsePacket(): could not receive data: 9
[ 35350][E][WiFiUdp.cpp:221] parsePacket(): could not receive data: 9
[ 35356][E][WiFiUdp.cpp:221] parsePacket(): could not receive data: 9
[ 35362][E][WiFiUdp.cpp:221] parsePacket(): could not receive data: 9
[ 35368][E][WiFiUdp.cpp:221] parsePacket(): could not receive data: 9
[ 35374][E][WiFiUdp.cpp:221] parsePacket(): could not receive data: 9
[ 35380][E][WiFiUdp.cpp:221] parsePacket(): could not receive data: 9
[ 35386][E][WiFiUdp.cpp:221] parsePacket(): could not receive data: 9
[ 35392][E][WiFiUdp.cpp:221] parsePacket(): could not receive data: 9
[ 35398][E][WiFiUdp.cpp:221] parsePacket(): could not receive data: 9
[ 35404][E][WiFiUdp.cpp:221] parsePacket(): could not receive data: 9
[ 35410][E][WiFiUdp.cpp:221] parsePacket(): could not receive data: 9
[ 35416][E][WiFiUdp.cpp:221] parsePacket(): could not receive data: 9
[ 35422][E][WiFiUdp.cpp:221] parsePacket(): could not receive data: 9
[ 35428][E][WiFiUdp.cpp:221] parsePacket(): could not receive data: 9
[ 35434][E][WiFiUdp.cpp:221] parsePacket(): could not receive data: 9
[ 35440][E][WiFiUdp.cpp:221] parsePacket(): could not receive data: 9
[ 35446][E][WiFiUdp.cpp:221] parsePacket(): could not receive data: 9
[ 35452][E][WiFiUdp.cpp:221] parsePacket(): could not receive data: 9
[ 35458][E][WiFiUdp.cpp:221] parsePacket(): could not receive data: 9
[ 35464][E][WiFiUdp.cpp:221] parsePacket(): could not receive data: 9
[ 35470][E][WiFiUdp.cpp:221] parsePacket(): could not receive data: 9
[ 35476][E][WiFiUdp.cpp:221] parsePacket(): could not receive data: 9
[ 35482][E][WiFiUdp.cpp:221] parsePacket(): could not receive data: 9
[ 35488][E][WiFiUdp.cpp:221] parsePacket(): could not receive data: 9
[ 35494][E][WiFiUdp.cpp:221] parsePacket(): could not receive data: 9
[ 35499][E][WiFiUdp.cpp:221] parsePacket(): could not receive data: 9
[ 35504][E][WiFiUdp.cpp:221] parsePacket(): could not receive data: 9
[ 35510][E][WiFiUdp.cpp:221] parsePacket(): could not receive data: 9
[ 35516][E][WiFiUdp.cpp:221] parsePacket(): could not receive data: 9
[ 35522][E][WiFiUdp.cpp:221] parsePacket(): could not receive data: 9
[ 35528][E][WiFiUdp.cpp:221] parsePacket(): could not receive data: 9
[ 35534][E][WiFiUdp.cpp:221] parsePacket(): could not receive data: 9
[ 35540][E][WiFiUdp.cpp:221] parsePacket(): could not receive data: 9
[ 35546][E][WiFiUdp.cpp:221] parsePacket(): could not receive data: 9
[ 35552][E][WiFiUdp.cpp:221] parsePacket(): could not receive data: 9
[ 35558][E][WiFiUdp.cpp:221] parsePacket(): could not receive data: 9
[ 35564][E][WiFiUdp.cpp:221] parsePacket(): could not receive data: 9
[ 35570][E][WiFiUdp.cpp:221] parsePacket(): could not receive data: 9
[ 35575][E][WiFiUdp.cpp:221] parsePacket(): could not receive data: 9
[ 35581][E][WiFiUdp.cpp:221] parsePacket(): could not receive data: 9
[ 35587][E][WiFiUdp.cpp:221] parsePacket(): could not receive data: 9
[ 35593][E][WiFiUdp.cpp:221] parsePacket(): could not receive data: 9
[ 35599][E][WiFiUdp.cpp:221] parsePacket(): could not receive data: 9
[ 35605][E][WiFiUdp.cpp:221] parsePacket(): could not receive data: 9
[ 35611][E][WiFiUdp.cpp:221] parsePacket(): could not receive data: 9
[ 35617][E][WiFiUdp.cpp:221] parsePacket(): could not receive data: 9
[ 35623][E][WiFiUdp.cpp:221] parsePacket(): could not receive data: 9
[ 35629][E][WiFiUdp.cpp:221] parsePacket(): could not receive data: 9
[ 35635][E][WiFiUdp.cpp:221] parsePacket(): could not receive data: 9
[ 35640][E][WiFiUdp.cpp:221] parsePacket(): could not receive data: 9
[ 35646][E][WiFiUdp.cpp:221] parsePacket(): could not receive data: 9
[ 35652][E][WiFiUdp.cpp:221] parsePacket(): could not receive data: 9
[ 35658][E][WiFiUdp.cpp:221] parsePacket(): could not receive data: 9
[ 35664][E][WiFiUdp.cpp:221] parsePacket(): could not receive data: 9
[ 35670][E][WiFiUdp.cpp:221] parsePacket(): could not receive data: 9
[ 35676][E][WiFiUdp.cpp:221] parsePacket(): could not receive data: 9
[ 35681][E][WiFiUdp.cpp:221] parsePacket(): could not receive data: 9
[ 35687][E][WiFiUdp.cpp:221] parsePacket(): could not receive data: 9
[ 35693][E][WiFiUdp.cpp:221] parsePacket(): could not receive data: 9
[ 35699][E][WiFiUdp.cpp:221] parsePacket(): could not receive data: 9
[ 35705][E][WiFiUdp.cpp:221] parsePacket(): could not receive data: 9
[ 35711][E][WiFiUdp.cpp:221] parsePacket(): could not receive data: 9
[ 35717][E][WiFiUdp.cpp:221] parsePacket(): could not receive data: 9
[ 35723][E][WiFiUdp.cpp:221] parsePacket(): could not receive data: 9
[ 35729][E][WiFiUdp.cpp:221] parsePacket(): could not receive data: 9
[ 35735][E][WiFiUdp.cpp:221] parsePacket(): could not receive data: 9
[ 35741][E][WiFiUdp.cpp:221] parsePacket(): could not receive data: 9
[ 35747][E][WiFiUdp.cpp:221] parsePacket(): could not receive data: 9
[ 35753][E][WiFiUdp.cpp:221] parsePacket(): could not receive data: 9
[ 35759][E][WiFiUdp.cpp:221] parsePacket(): could not receive data: 9
[ 35765][E][WiFiUdp.cpp:221] parsePacket(): could not receive data: 9
[ 35771][E][WiFiUdp.cpp:221] parsePacket(): could not receive data: 9
[ 35777][E][WiFiUdp.cpp:221] parsePacket(): could not receive data: 9
[ 35783][E][WiFiUdp.cpp:221] parsePacket(): could not receive data: 9
[ 35789][E][WiFiUdp.cpp:221] parsePacket(): could not receive data: 9
[ 35795][E][WiFiUdp.cpp:221] parsePacket(): could not receive data: 9
[ 35801][E][WiFiUdp.cpp:221] parsePacket(): could not receive data: 9
[ 35807][E][WiFiUdp.cpp:221] parsePacket(): could not receive data: 9
[ 35813][E][WiFiUdp.cpp:221] parsePacket(): could not receive data: 9
[ 35819][E][WiFiUdp.cpp:221] parsePacket(): could not receive data: 9
[ 35825][E][WiFiUdp.cpp:221] parsePacket(): could not receive data: 9
[ 35831][E][WiFiUdp.cpp:221] parsePacket(): could not receive data: 9
[ 35837][E][WiFiUdp.cpp:221] parsePacket(): could not receive data: 9
[ 35843][E][WiFiUdp.cpp:221] parsePacket(): could not receive data: 9
[ 35849][E][WiFiUdp.cpp:221] parsePacket(): could not receive data: 9
[ 35855][E][WiFiUdp.cpp:221] parsePacket(): could not receive data: 9
[ 35861][E][WiFiUdp.cpp:221] parsePacket(): could not receive data: 9
[ 35867][E][WiFiUdp.cpp:221] parsePacket(): could not receive data: 9
[ 35873][E][WiFiUdp.cpp:221] parsePacket(): could not receive data: 9
[ 35879][E][WiFiUdp.cpp:221] parsePacket(): could not receive data: 9
[ 35885][E][WiFiUdp.cpp:221] parsePacket(): could not receive data: 9
[ 35891][E][WiFiUdp.cpp:221] parsePacket(): could not receive data: 9
[ 35897][E][WiFiUdp.cpp:221] parsePacket(): could not receive data: 9
[ 35903][E][WiFiUdp.cpp:221] parsePacket(): could not receive data: 9
[ 35909][E][WiFiUdp.cpp:221] parsePacket(): could not receive data: 9
[ 35915][E][WiFiUdp.cpp:221] parsePacket(): could not receive data: 9
[ 35921][E][WiFiUdp.cpp:221] parsePacket(): could not receive data: 9
[ 35927][E][WiFiUdp.cpp:221] parsePacket(): could not receive data: 9
[ 35933][E][WiFiUdp.cpp:221] parsePacket(): could not receive data: 9
[ 35939][E][WiFiUdp.cpp:221] parsePacket(): could not receive data: 9
[ 35945][E][WiFiUdp.cpp:221] parsePacket(): could not receive data: 9
[ 35951][E][WiFiUdp.cpp:221] parsePacket(): could not receive data: 9
[ 35957][E][WiFiUdp.cpp:221] parsePacket(): could not receive data: 9
[ 35963][E][WiFiUdp.cpp:221] parsePacket(): could not receive data: 9
[ 35969][E][WiFiUdp.cpp:221] parsePacket(): could not receive data: 9
[ 35975][E][WiFiUdp.cpp:221] parsePacket(): could not receive data: 9
[ 35981][E][WiFiUdp.cpp:221] parsePacket(): could not receive data: 9
[ 35987][E][WiFiUdp.cpp:221] parsePacket(): could not receive data: 9
[ 35993][E][WiFiUdp.cpp:221] parsePacket(): could not receive data: 9
[ 35999][E][WiFiUdp.cpp:221] parsePacket(): could not receive data: 9
[ 36005][E][WiFiUdp.cpp:221] parsePacket(): could not receive data: 9
[ 36011][E][WiFiUdp.cpp:221] parsePacket(): could not receive data: 9
[ 36017][E][WiFiUdp.cpp:221] parsePacket(): could not receive data: 9
[ 36023][E][WiFiUdp.cpp:221] parsePacket(): could not receive data: 9
[ 36029][E][WiFiUdp.cpp:221] parsePacket(): could not receive data: 9
[ 36035][E][WiFiUdp.cpp:221] parsePacket(): could not receive data: 9
[ 36041][E][WiFiUdp.cpp:221] parsePacket(): could not receive data: 9
[ 36047][E][WiFiUdp.cpp:221] parsePacket(): could not receive data: 9
[ 36053][E][WiFiUdp.cpp:221] parsePacket(): could not receive data: 9
[ 36059][E][WiFiUdp.cpp:221] parsePacket(): could not receive data: 9
[ 36065][E][WiFiUdp.cpp:221] parsePacket(): could not receive data: 9
[ 36071][E][WiFiUdp.cpp:221] parsePacket(): could not receive data: 9
[ 36077][E][WiFiUdp.cpp:221] parsePacket(): could not receive data: 9
[ 36083][E][WiFiUdp.cpp:221] parsePacket(): could not receive data: 9
[ 36089][E][WiFiUdp.cpp:221] parsePacket(): could not receive data: 9
[ 36095][E][WiFiUdp.cpp:221] parsePacket(): could not receive data: 9
[ 36101][E][WiFiUdp.cpp:221] parsePacket(): could not receive data: 9
[ 36107][E][WiFiUdp.cpp:221] parsePacket(): could not receive data: 9
[ 36113][E][WiFiUdp.cpp:221] parsePacket(): could not receive data: 9
[ 36119][E][WiFiUdp.cpp:221] parsePacket(): could not receive data: 9
[ 36125][E][WiFiUdp.cpp:221] parsePacket(): could not receive data: 9
[ 36131][E][WiFiUdp.cpp:221] parsePacket(): could not receive data: 9
[ 36137][E][WiFiUdp.cpp:221] parsePacket(): could not receive data: 9
[ 36143][E][WiFiUdp.cpp:221] parsePacket(): could not receive data: 9
[ 36149][E][WiFiUdp.cpp:221] parsePacket(): could not receive data: 9
[ 36155][E][WiFiUdp.cpp:221] parsePacket(): could not receive data: 9
[ 36161][E][WiFiUdp.cpp:221] parsePacket(): could not receive data: 9
[ 36167][E][WiFiUdp.cpp:221] parsePacket(): could not receive data: 9
[ 36173][E][WiFiUdp.cpp:221] parsePacket(): could not receive data: 9
[ 36179][E][WiFiUdp.cpp:221] parsePacket(): could not receive data: 9
[ 36185][E][WiFiUdp.cpp:221] parsePacket(): could not receive data: 9
[ 36191][E][WiFiUdp.cpp:221] parsePacket(): could not receive data: 9
[ 36197][E][WiFiUdp.cpp:221] parsePacket(): could not receive data: 9
[ 36203][E][WiFiUdp.cpp:221] parsePacket(): could not receive data: 9
[ 36209][E][WiFiUdp.cpp:221] parsePacket(): could not receive data: 9
[ 36215][E][WiFiUdp.cpp:221] parsePacket(): could not receive data: 9
[ 36221][E][WiFiUdp.cpp:221] parsePacket(): could not receive data: 9
[ 36227][E][WiFiUdp.cpp:221] parsePacket(): could not receive data: 9
[ 36233][E][WiFiUdp.cpp:221] parsePacket(): could not receive data: 9
[ 36239][E][WiFiUdp.cpp:221] parsePacket(): could not receive data: 9
[ 36245][E][WiFiUdp.cpp:221] parsePacket(): could not receive data: 9
[ 36251][E][WiFiUdp.cpp:221] parsePacket(): could not receive data: 9
[ 36257][E][WiFiUdp.cpp:221] parsePacket(): could not receive data: 9
[ 36263][E][WiFiUdp.cpp:221] parsePacket(): could not receive data: 9
[ 36269][E][WiFiUdp.cpp:221] parsePacket(): could not receive data: 9
[ 36275][E][WiFiUdp.cpp:221] parsePacket(): could not receive data: 9
[ 36281][E][WiFiUdp.cpp:221] parsePacket(): could not receive data: 9
[ 36287][E][WiFiUdp.cpp:221] parsePacket(): could not receive data: 9
[ 36293][E][WiFiUdp.cpp:221] parsePacket(): could not receive data: 9
[ 36299][E][WiFiUdp.cpp:221] parsePacket(): could not receive data: 9
[ 36305][E][WiFiUdp.cpp:221] parsePacket(): could not receive data: 9
[ 36311][E][WiFiUdp.cpp:221] parsePacket(): could not receive data: 9
[ 36317][E][WiFiUdp.cpp:221] parsePacket(): could not receive data: 9
[ 36323][E][WiFiUdp.cpp:221] parsePacket(): could not receive data: 9
[ 36329][E][WiFiUdp.cpp:221] parsePacket(): could not receive data: 9
[ 36335][E][WiFiUdp.cpp:221] parsePacket(): could not receive data: 9
[ 36341][E][WiFiUdp.cpp:221] parsePacket(): could not receive data: 9
[ 36347][E][WiFiUdp.cpp:221] parsePacket(): could not receive data: 9
[ 36353][E][WiFiUdp.cpp:221] parsePacket(): could not receive data: 9
[ 36359][E][WiFiUdp.cpp:221] parsePacket(): could not receive data: 9
[ 36365][E][WiFiUdp.cpp:221] parsePacket(): could not receive data: 9
[ 36371][E][WiFiUdp.cpp:221] parsePacket(): could not receive data: 9
[ 36377][E][WiFiUdp.cpp:221] parsePacket(): could not receive data: 9
[ 36383][E][WiFiUdp.cpp:221] parsePacket(): could not receive data: 9
[ 36389][E][WiFiUdp.cpp:221] parsePacket(): could not receive data: 9
[ 36395][E][WiFiUdp.cpp:221] parsePacket(): could not receive data: 9
[ 36401][E][WiFiUdp.cpp:221] parsePacket(): could not receive data: 9
[ 36407][E][WiFiUdp.cpp:221] parsePacket(): could not receive data: 9
[ 36413][E][WiFiUdp.cpp:221] parsePacket(): could not receive data: 9
[ 36419][E][WiFiUdp.cpp:221] parsePacket(): could not receive data: 9
[ 36425][E][WiFiUdp.cpp:221] parsePacket(): could not receive data: 9
[ 36431][E][WiFiUdp.cpp:221] parsePacket(): could not receive data: 9
[ 36437][E][WiFiUdp.cpp:221] parsePacket(): could not receive data: 9
[ 36443][E][WiFiUdp.cpp:221] parsePacket(): could not receive data: 9
[ 36449][E][WiFiUdp.cpp:221] parsePacket(): could not receive data: 9
[ 36455][E][WiFiUdp.cpp:221] parsePacket(): could not receive data: 9
[ 36461][E][WiFiUdp.cpp:221] parsePacket(): could not receive data: 9
[ 36467][E][WiFiUdp.cpp:221] parsePacket(): could not receive data: 9
[ 36473][E][WiFiUdp.cpp:221] parsePacket(): could not receive data: 9
[ 36479][E][WiFiUdp.cpp:221] parsePacket(): could not receive data: 9
[ 36484][E][WiFiUdp.cpp:221] parsePacket(): could not receive data: 9
[ 36490][E][WiFiUdp.cpp:221] parsePacket(): could not receive data: 9
[ 36496][E][WiFiUdp.cpp:221] parsePacket(): could not receive data: 9
[ 36502][E][WiFiUdp.cpp:221] parsePacket(): could not receive data: 9
[ 36508][E][WiFiUdp.cpp:221] parsePacket(): could not receive data: 9
[ 36514][E][WiFiUdp.cpp:221] parsePacket(): could not receive data: 9
[ 36520][E][WiFiUdp.cpp:221] parsePacket(): could not receive data: 9
[ 36526][E][WiFiUdp.cpp:221] parsePacket(): could not receive data: 9
[ 36532][E][WiFiUdp.cpp:221] parsePacket(): could not receive data: 9
[ 36538][E][WiFiUdp.cpp:221] parsePacket(): could not receive data: 9
[ 36544][E][WiFiUdp.cpp:221] parsePacket(): could not receive data: 9
[ 36550][E][WiFiUdp.cpp:221] parsePacket(): could not receive data: 9
[ 36556][E][WiFiUdp.cpp:221] parsePacket(): could not receive data: 9
[ 36562][E][WiFiUdp.cpp:221] parsePacket(): could not receive data: 9
[ 36568][E][WiFiUdp.cpp:221] parsePacket(): could not receive data: 9
[ 36574][E][WiFiUdp.cpp:221] parsePacket(): could not receive data: 9
[ 36580][E][WiFiUdp.cpp:221] parsePacket(): could not receive data: 9
[ 36586][E][WiFiUdp.cpp:221] parsePacket(): could not receive data: 9
[ 36592][E][WiFiUdp.cpp:221] parsePacket(): could not receive data: 9
[ 36598][E][WiFiUdp.cpp:221] parsePacket(): could not receive data: 9
[ 36604][E][WiFiUdp.cpp:221] parsePacket(): could not receive data: 9
[ 36610][E][WiFiUdp.cpp:221] parsePacket(): could not receive data: 9
[ 36616][E][WiFiUdp.cpp:221] parsePacket(): could not receive data: 9
[ 36622][E][WiFiUdp.cpp:221] parsePacket(): could not receive data: 9
[ 36628][E][WiFiUdp.cpp:221] parsePacket(): could not receive data: 9
[ 36634][E][WiFiUdp.cpp:221] parsePacket(): could not receive data: 9
[ 36640][E][WiFiUdp.cpp:221] parsePacket(): could not receive data: 9
[ 36646][E][WiFiUdp.cpp:221] parsePacket(): could not receive data: 9
[ 36652][E][WiFiUdp.cpp:221] parsePacket(): could not receive data: 9
[ 36658][E][WiFiUdp.cpp:221] parsePacket(): could not receive data: 9
[ 36664][E][WiFiUdp.cpp:221] parsePacket(): could not receive data: 9
[ 36670][E][WiFiUdp.cpp:221] parsePacket(): could not receive data: 9
[ 36676][E][WiFiUdp.cpp:221] parsePacket(): could not receive data: 9
[ 36682][E][WiFiUdp.cpp:221] parsePacket(): could not receive data: 9
[ 36688][E][WiFiUdp.cpp:221] parsePacket(): could not receive data: 9
[ 36694][E][WiFiUdp.cpp:221] parsePacket(): could not receive data: 9
[ 36700][E][WiFiUdp.cpp:221] parsePacket(): could not receive data: 9
[ 36706][E][WiFiUdp.cpp:221] parsePacket(): could not receive data: 9
[ 36712][E][WiFiUdp.cpp:221] parsePacket(): could not receive data: 9
[ 36718][E][WiFiUdp.cpp:221] parsePacket(): could not receive data: 9
[ 36724][E][WiFiUdp.cpp:221] parsePacket(): could not receive data: 9
[ 36730][E][WiFiUdp.cpp:221] parsePacket(): could not receive data: 9
[ 36736][E][WiFiUdp.cpp:221] parsePacket(): could not receive data: 9
[ 36742][E][WiFiUdp.cpp:221] parsePacket(): could not receive data: 9
[ 36748][E][WiFiUdp.cpp:221] parsePacket(): could not receive data: 9
[ 36754][E][WiFiUdp.cpp:221] parsePacket(): could not receive data: 9
[ 36760][E][WiFiUdp.cpp:221] parsePacket(): could not receive data: 9
[ 36766][E][WiFiUdp.cpp:221] parsePacket(): could not receive data: 9
[ 36772][E][WiFiUdp.cpp:221] parsePacket(): could not receive data: 9
[ 36778][E][WiFiUdp.cpp:221] parsePacket(): could not receive data: 9
[ 36784][E][WiFiUdp.cpp:221] parsePacket(): could not receive data: 9
[ 36790][E][WiFiUdp.cpp:221] parsePacket(): could not receive data: 9
[ 36796][E][WiFiUdp.cpp:221] parsePacket(): could not receive data: 9
[ 36802][E][WiFiUdp.cpp:221] parsePacket(): could not receive data: 9
[ 36808][E][WiFiUdp.cpp:221] parsePacket(): could not receive data: 9
[ 36814][E][WiFiUdp.cpp:221] parsePacket(): could not receive data: 9
[ 36820][E][WiFiUdp.cpp:221] parsePacket(): could not receive data: 9
[ 36826][E][WiFiUdp.cpp:221] parsePacket(): could not receive data: 9
[ 36832][E][WiFiUdp.cpp:221] parsePacket(): could not receive data: 9
[ 36838][E][WiFiUdp.cpp:221] parsePacket(): could not receive data: 9
[ 36844][E][WiFiUdp.cpp:221] parsePacket(): could not receive data: 9
[ 36850][E][WiFiUdp.cpp:221] parsePacket(): could not receive data: 9
[ 36856][E][WiFiUdp.cpp:221] parsePacket(): could not receive data: 9
[ 36862][E][WiFiUdp.cpp:221] parsePacket(): could not receive data: 9
[ 36868][E][WiFiUdp.cpp:221] parsePacket(): could not receive data: 9
[ 36874][E][WiFiUdp.cpp:221] parsePacket(): could not receive data: 9
[ 36880][E][WiFiUdp.cpp:221] parsePacket(): could not receive data: 9
[ 36886][E][WiFiUdp.cpp:221] parsePacket(): could not receive data: 9
[ 36892][E][WiFiUdp.cpp:221] parsePacket(): could not receive data: 9
[ 36898][E][WiFiUdp.cpp:221] parsePacket(): could not receive data: 9
[ 36904][E][WiFiUdp.cpp:221] parsePacket(): could not receive data: 9
[ 36910][E][WiFiUdp.cpp:221] parsePacket(): could not receive data: 9
[ 36916][E][WiFiUdp.cpp:221] parsePacket(): could not receive data: 9
[ 36922][E][WiFiUdp.cpp:221] parsePacket(): could not receive data: 9
[ 36928][E][WiFiUdp.cpp:221] parsePacket(): could not receive data: 9
[ 36933][E][WiFiUdp.cpp:221] parsePacket(): could not receive data: 9
[ 36939][E][WiFiUdp.cpp:221] parsePacket(): could not receive data: 9
[ 36945][E][WiFiUdp.cpp:221] parsePacket(): could not receive data: 9
[ 36951][E][WiFiUdp.cpp:221] parsePacket(): could not receive data: 9
[ 36957][E][WiFiUdp.cpp:221] parsePacket(): could not receive data: 9
[ 36963][E][WiFiUdp.cpp:221] parsePacket(): could not receive data: 9
[ 36969][E][WiFiUdp.cpp:221] parsePacket(): could not receive data: 9
[ 36975][E][WiFiUdp.cpp:221] parsePacket(): could not receive data: 9
[ 36981][E][WiFiUdp.cpp:221] parsePacket(): could not receive data: 9
[ 36987][E][WiFiUdp.cpp:221] parsePacket(): could not receive data: 9
[ 36993][E][WiFiUdp.cpp:221] parsePacket(): could not receive data: 9
[ 36999][E][WiFiUdp.cpp:221] parsePacket(): could not receive data: 9
[ 37005][E][WiFiUdp.cpp:221] parsePacket(): could not receive data: 9
[ 37011][E][WiFiUdp.cpp:221] parsePacket(): could not receive data: 9
[ 37017][E][WiFiUdp.cpp:221] parsePacket(): could not receive data: 9
[ 37023][E][WiFiUdp.cpp:221] parsePacket(): could not receive data: 9
[ 37029][E][WiFiUdp.cpp:221] parsePacket(): could not receive data: 9
[ 37035][E][WiFiUdp.cpp:221] parsePacket(): could not receive data: 9
[ 37041][E][WiFiUdp.cpp:221] parsePacket(): could not receive data: 9
[ 37047][E][WiFiUdp.cpp:221] parsePacket(): could not receive data: 9
[ 37053][E][WiFiUdp.cpp:221] parsePacket(): could not receive data: 9
[ 37059][E][WiFiUdp.cpp:221] parsePacket(): could not receive data: 9
[ 37065][E][WiFiUdp.cpp:221] parsePacket(): could not receive data: 9
[ 37071][E][WiFiUdp.cpp:221] parsePacket(): could not receive data: 9
[ 37077][E][WiFiUdp.cpp:221] parsePacket(): could not receive data: 9
[ 37083][E][WiFiUdp.cpp:221] parsePacket(): could not receive data: 9
[ 37089][E][WiFiUdp.cpp:221] parsePacket(): could not receive data: 9
[ 37095][E][WiFiUdp.cpp:221] parsePacket(): could not receive data: 9
[ 37101][E][WiFiUdp.cpp:221] parsePacket(): could not receive data: 9
[ 37107][E][WiFiUdp.cpp:221] parsePacket(): could not receive data: 9
[ 37113][E][WiFiUdp.cpp:221] parsePacket(): could not receive data: 9
[ 37119][E][WiFiUdp.cpp:221] parsePacket(): could not receive data: 9
[ 37125][E][WiFiUdp.cpp:221] parsePacket(): could not receive data: 9
[ 37131][E][WiFiUdp.cpp:221] parsePacket(): could not receive data: 9
[ 37137][E][WiFiUdp.cpp:221] parsePacket(): could not receive data: 9
[ 37143][E][WiFiUdp.cpp:221] parsePacket(): could not receive data: 9
[ 37149][E][WiFiUdp.cpp:221] parsePacket(): could not receive data: 9
[ 37155][E][WiFiUdp.cpp:221] parsePacket(): could not receive data: 9
[ 37161][E][WiFiUdp.cpp:221] parsePacket(): could not receive data: 9
[ 37167][E][WiFiUdp.cpp:221] parsePacket(): could not receive data: 9
[ 37173][E][WiFiUdp.cpp:221] parsePacket(): could not receive data: 9
[ 37179][E][WiFiUdp.cpp:221] parsePacket(): could not receive data: 9
[ 37185][E][WiFiUdp.cpp:221] parsePacket(): could not receive data: 9
[ 37191][E][WiFiUdp.cpp:221] parsePacket(): could not receive data: 9
[ 37197][E][WiFiUdp.cpp:221] parsePacket(): could not receive data: 9
[ 37203][E][WiFiUdp.cpp:221] parsePacket(): could not receive data: 9
[ 37209][E][WiFiUdp.cpp:221] parsePacket(): could not receive data: 9
[ 37215][E][WiFiUdp.cpp:221] parsePacket(): could not receive data: 9
[ 37221][E][WiFiUdp.cpp:221] parsePacket(): could not receive data: 9
[ 37227][E][WiFiUdp.cpp:221] parsePacket(): could not receive data: 9
[ 37233][E][WiFiUdp.cpp:221] parsePacket(): could not receive data: 9
[ 37239][E][WiFiUdp.cpp:221] parsePacket(): could not receive data: 9
[ 37245][E][WiFiUdp.cpp:221] parsePacket(): could not receive data: 9
[ 37251][E][WiFiUdp.cpp:221] parsePacket(): could not receive data: 9
[ 37257][E][WiFiUdp.cpp:221] parsePacket(): could not receive data: 9
[ 37263][E][WiFiUdp.cpp:221] parsePacket(): could not receive data: 9
[ 37269][E][WiFiUdp.cpp:221] parsePacket(): could not receive data: 9
[ 37275][E][WiFiUdp.cpp:221] parsePacket(): could not receive data: 9
[ 37281][E][WiFiUdp.cpp:221] parsePacket(): could not receive data: 9
[ 37287][E][WiFiUdp.cpp:221] parsePacket(): could not receive data: 9
[ 37293][E][WiFiUdp.cpp:221] parsePacket(): could not receive data: 9
[ 37299][E][WiFiUdp.cpp:221] parsePacket(): could not receive data: 9
[ 37305][E][WiFiUdp.cpp:221] parsePacket(): could not receive data: 9
[ 37311][E][WiFiUdp.cpp:221] parsePacket(): could not receive data: 9
[ 37317][E][WiFiUdp.cpp:221] parsePacket(): could not receive data: 9
[ 37323][E][WiFiUdp.cpp:221] parsePacket(): could not receive data: 9
[ 37329][E][WiFiUdp.cpp:221] parsePacket(): could not receive data: 9
[ 37335][E][WiFiUdp.cpp:221] parsePacket(): could not receive data: 9
[ 37341][E][WiFiUdp.cpp:221] parsePacket(): could not receive data: 9
[ 37347][E][WiFiUdp.cpp:221] parsePacket(): could not receive data: 9
[ 37353][E][WiFiUdp.cpp:221] parsePacket(): could not receive data: 9
[ 37359][E][WiFiUdp.cpp:221] parsePacket(): could not receive data: 9
[ 37365][E][WiFiUdp.cpp:221] parsePacket(): could not receive data: 9
[ 37371][E][WiFiUdp.cpp:221] parsePacket(): could not receive data: 9
[ 37377][E][WiFiUdp.cpp:221] parsePacket(): could not receive data: 9
[ 37383][E][WiFiUdp.cpp:221] parsePacket(): could not receive data: 9
[ 37389][E][WiFiUdp.cpp:221] parsePacket(): could not receive data: 9
[ 37395][E][WiFiUdp.cpp:221] parsePacket(): could not receive data: 9
[ 37401][E][WiFiUdp.cpp:221] parsePacket(): could not receive data: 9
[ 37407][E][WiFiUdp.cpp:221] parsePacket(): could not receive data: 9
[ 37413][E][WiFiUdp.cpp:221] parsePacket(): could not receive data: 9
[ 37419][E][WiFiUdp.cpp:221] parsePacket(): could not receive data: 9
[ 37425][E][WiFiUdp.cpp:221] parsePacket(): could not receive data: 9
[ 37431][E][WiFiUdp.cpp:221] parsePacket(): could not receive data: 9
[ 37437][E][WiFiUdp.cpp:221] parsePacket(): could not receive data: 9
[ 37443][E][WiFiUdp.cpp:221] parsePacket(): could not receive data: 9
[ 37449][E][WiFiUdp.cpp:221] parsePacket(): could not receive data: 9
[ 37455][E][WiFiUdp.cpp:221] parsePacket(): could not receive data: 9
[ 37461][E][WiFiUdp.cpp:221] parsePacket(): could not receive data: 9
[ 37466][E][WiFiUdp.cpp:221] parsePacket(): could not receive data: 9
[ 37471][E][WiFiUdp.cpp:221] parsePacket(): could not receive data: 9
[ 37477][E][WiFiUdp.cpp:221] parsePacket(): could not receive data: 9
[ 37482][E][WiFiUdp.cpp:221] parsePacket(): could not receive data: 9
[ 37488][E][WiFiUdp.cpp:221] parsePacket(): could not receive data: 9
[ 37494][E][WiFiUdp.cpp:221] parsePacket(): could not receive data: 9
[ 37500][E][WiFiUdp.cpp:221] parsePacket(): could not receive data: 9
[ 37506][E][WiFiUdp.cpp:221] parsePacket(): could not receive data: 9
[ 37512][E][WiFiUdp.cpp:221] parsePacket(): could not receive data: 9
[ 37518][E][WiFiUdp.cpp:221] parsePacket(): could not receive data: 9
[ 37524][E][WiFiUdp.cpp:221] parsePacket(): could not receive data: 9
[ 37530][E][WiFiUdp.cpp:221] parsePacket(): could not receive data: 9
[ 37536][E][WiFiUdp.cpp:221] parsePacket(): could not receive data: 9
[ 37542][E][WiFiUdp.cpp:221] parsePacket(): could not receive data: 9
[ 37548][E][WiFiUdp.cpp:221] parsePacket(): could not receive data: 9
[ 37554][E][WiFiUdp.cpp:221] parsePacket(): could not receive data: 9
[ 37560][E][WiFiUdp.cpp:221] parsePacket(): could not receive data: 9
[ 37566][E][WiFiUdp.cpp:221] parsePacket(): could not receive data: 9
[ 37572][E][WiFiUdp.cpp:221] parsePacket(): could not receive data: 9
[ 37578][E][WiFiUdp.cpp:221] parsePacket(): could not receive data: 9
[ 37584][E][WiFiUdp.cpp:221] parsePacket(): could not receive data: 9
[ 37590][E][WiFiUdp.cpp:221] parsePacket(): could not receive data: 9
[ 37596][E][WiFiUdp.cpp:221] parsePacket(): could not receive data: 9
[ 37602][E][WiFiUdp.cpp:221] parsePacket(): could not receive data: 9
[ 37608][E][WiFiUdp.cpp:221] parsePacket(): could not receive data: 9
[ 37614][E][WiFiUdp.cpp:221] parsePacket(): could not receive data: 9
[ 37619][E][WiFiUdp.cpp:221] parsePacket(): could not receive data: 9
[ 37625][E][WiFiUdp.cpp:221] parsePacket(): could not receive data: 9
[ 37630][E][WiFiUdp.cpp:221] parsePacket(): could not receive data: 9
[ 37635][E][WiFiUdp.cpp:221] parsePacket(): could not receive data: 9
[ 37641][E][WiFiUdp.cpp:221] parsePacket(): could not receive data: 9
[ 37647][E][WiFiUdp.cpp:221] parsePacket(): could not receive data: 9
[ 37653][E][WiFiUdp.cpp:221] parsePacket(): could not receive data: 9
[ 37659][E][WiFiUdp.cpp:221] parsePacket(): could not receive data: 9
[ 37665][E][WiFiUdp.cpp:221] parsePacket(): could not receive data: 9
[ 37671][E][WiFiUdp.cpp:221] parsePacket(): could not receive data: 9
[ 37677][E][WiFiUdp.cpp:221] parsePacket(): could not receive data: 9
[ 37683][E][WiFiUdp.cpp:221] parsePacket(): could not receive data: 9
[ 37689][E][WiFiUdp.cpp:221] parsePacket(): could not receive data: 9
[ 37695][E][WiFiUdp.cpp:221] parsePacket(): could not receive data: 9
[ 37701][E][WiFiUdp.cpp:221] parsePacket(): could not receive data: 9
[ 37707][E][WiFiUdp.cpp:221] parsePacket(): could not receive data: 9
[ 37713][E][WiFiUdp.cpp:221] parsePacket(): could not receive data: 9
[ 37719][E][WiFiUdp.cpp:221] parsePacket(): could not receive data: 9
[ 37725][E][WiFiUdp.cpp:221] parsePacket(): could not receive data: 9
[ 37731][E][WiFiUdp.cpp:221] parsePacket(): could not receive data: 9
[ 37737][E][WiFiUdp.cpp:221] parsePacket(): could not receive data: 9
[ 37743][E][WiFiUdp.cpp:221] parsePacket(): could not receive data: 9
[ 37749][E][WiFiUdp.cpp:221] parsePacket(): could not receive data: 9
[ 37755][E][WiFiUdp.cpp:221] parsePacket(): could not receive data: 9
[ 37761][E][WiFiUdp.cpp:221] parsePacket(): could not receive data: 9
[ 37767][E][WiFiUdp.cpp:221] parsePacket(): could not receive data: 9
[ 37773][E][WiFiUdp.cpp:221] parsePacket(): could not receive data: 9
[ 37779][E][WiFiUdp.cpp:221] parsePacket(): could not receive data: 9
[ 37785][E][WiFiUdp.cpp:221] parsePacket(): could not receive data: 9
[ 37791][E][WiFiUdp.cpp:221] parsePacket(): could not receive data: 9
[ 37797][E][WiFiUdp.cpp:221] parsePacket(): could not receive data: 9
[ 37803][E][WiFiUdp.cpp:221] parsePacket(): could not receive data: 9
[ 37809][E][WiFiUdp.cpp:221] parsePacket(): could not receive data: 9
[ 37815][E][WiFiUdp.cpp:221] parsePacket(): could not receive data: 9
[ 37821][E][WiFiUdp.cpp:221] parsePacket(): could not receive data: 9
[ 37827][E][WiFiUdp.cpp:221] parsePacket(): could not receive data: 9
[ 37833][E][WiFiUdp.cpp:221] parsePacket(): could not receive data: 9
[ 37839][E][WiFiUdp.cpp:221] parsePacket(): could not receive data: 9
[ 37846][E][WiFiUdp.cpp:221] parsePacket(): could not receive data: 9
[ 37853][E][WiFiUdp.cpp:221] parsePacket(): could not receive data: 9
[ 37860][E][WiFiUdp.cpp:221] parsePacket(): could not receive data: 9
[ 37866][E][WiFiUdp.cpp:221] parsePacket(): could not receive data: 9
[ 37872][E][WiFiUdp.cpp:221] parsePacket(): could not receive data: 9
[ 37878][E][WiFiUdp.cpp:221] parsePacket(): could not receive data: 9
[ 37884][E][WiFiUdp.cpp:221] parsePacket(): could not receive data: 9
[ 37889][E][WiFiUdp.cpp:221] parsePacket(): could not receive data: 9
[ 37894][E][WiFiUdp.cpp:221] parsePacket(): could not receive data: 9
[ 37900][E][WiFiUdp.cpp:221] parsePacket(): could not receive data: 9
[ 37906][E][WiFiUdp.cpp:221] parsePacket(): could not receive data: 9
[ 37912][E][WiFiUdp.cpp:221] parsePacket(): could not receive data: 9
[ 37918][E][WiFiUdp.cpp:221] parsePacket(): could not receive data: 9
[ 37924][E][WiFiUdp.cpp:221] parsePacket(): could not receive data: 9
[ 37930][E][WiFiUdp.cpp:221] parsePacket(): could not receive data: 9
[ 37936][E][WiFiUdp.cpp:221] parsePacket(): could not receive data: 9
[ 37942][E][WiFiUdp.cpp:221] parsePacket(): could not receive data: 9
[ 37948][E][WiFiUdp.cpp:221] parsePacket(): could not receive data: 9
[ 37955][E][WiFiUdp.cpp:221] parsePacket(): could not receive data: 9
[ 37962][E][WiFiUdp.cpp:221] parsePacket(): could not receive data: 9
[ 37969][E][WiFiUdp.cpp:221] parsePacket(): could not receive data: 9
[ 37976][E][WiFiUdp.cpp:221] parsePacket(): could not receive data: 9
[ 37983][E][WiFiUdp.cpp:221] parsePacket(): could not receive data: 9
[ 37990][E][WiFiUdp.cpp:221] parsePacket(): could not receive data: 9
[ 37998][E][WiFiUdp.cpp:221] parsePacket(): could not receive data: 9
[ 38004][E][WiFiUdp.cpp:221] parsePacket(): could not receive data: 9
[ 38011][E][WiFiUdp.cpp:221] parsePacket(): could not receive data: 9
[ 38018][E][WiFiUdp.cpp:221] parsePacket(): could not receive data: 9
[ 38025][E][WiFiUdp.cpp:221] parsePacket(): could not receive data: 9
[ 38032][E][WiFiUdp.cpp:221] parsePacket(): could not receive data: 9
[ 38039][E][WiFiUdp.cpp:221] parsePacket(): could not receive data: 9
[ 38045][E][WiFiUdp.cpp:221] parsePacket(): could not receive data: 9
[ 38051][E][WiFiUdp.cpp:221] parsePacket(): could not receive data: 9
[ 38057][E][WiFiUdp.cpp:221] parsePacket(): could not receive data: 9
[ 38063][E][WiFiUdp.cpp:221] parsePacket(): could not receive data: 9
[ 38069][E][WiFiUdp.cpp:221] parsePacket(): could not receive data: 9
[ 38075][E][WiFiUdp.cpp:221] parsePacket(): could not receive data: 9
[ 38081][E][WiFiUdp.cpp:221] parsePacket(): could not receive data: 9
[ 38087][E][WiFiUdp.cpp:221] parsePacket(): could not receive data: 9
[ 38093][E][WiFiUdp.cpp:221] parsePacket(): could not receive data: 9
[ 38099][E][WiFiUdp.cpp:221] parsePacket(): could not receive data: 9
[ 38105][E][WiFiUdp.cpp:221] parsePacket(): could not receive data: 9
[ 38111][E][WiFiUdp.cpp:221] parsePacket(): could not receive data: 9
[ 38117][E][WiFiUdp.cpp:221] parsePacket(): could not receive data: 9
[ 38123][E][WiFiUdp.cpp:221] parsePacket(): could not receive data: 9
[ 38129][E][WiFiUdp.cpp:221] parsePacket(): could not receive data: 9
[ 38135][E][WiFiUdp.cpp:221] parsePacket(): could not receive data: 9
[ 38141][E][WiFiUdp.cpp:221] parsePacket(): could not receive data: 9
[ 38147][E][WiFiUdp.cpp:221] parsePacket(): could not receive data: 9
[ 38153][E][WiFiUdp.cpp:221] parsePacket(): could not receive data: 9
[ 38159][E][WiFiUdp.cpp:221] parsePacket(): could not receive data: 9
[ 38164][E][WiFiUdp.cpp:221] parsePacket(): could not receive data: 9
[ 38170][E][WiFiUdp.cpp:221] parsePacket(): could not receive data: 9
[ 38176][E][WiFiUdp.cpp:221] parsePacket(): could not receive data: 9
[ 38182][E][WiFiUdp.cpp:221] parsePacket(): could not receive data: 9
[ 38188][E][WiFiUdp.cpp:221] parsePacket(): could not receive data: 9
[ 38194][E][WiFiUdp.cpp:221] parsePacket(): could not receive data: 9
[ 38200][E][WiFiUdp.cpp:221] parsePacket(): could not receive data: 9
[ 38206][E][WiFiUdp.cpp:221] parsePacket(): could not receive data: 9
[ 38212][E][WiFiUdp.cpp:221] parsePacket(): could not receive data: 9
[ 38218][E][WiFiUdp.cpp:221] parsePacket(): could not receive data: 9
[ 38224][E][WiFiUdp.cpp:221] parsePacket(): could not receive data: 9
[ 38230][E][WiFiUdp.cpp:221] parsePacket(): could not receive data: 9
[ 38236][E][WiFiUdp.cpp:221] parsePacket(): could not receive data: 9
[ 38242][E][WiFiUdp.cpp:221] parsePacket(): could not receive data: 9
[ 38248][E][WiFiUdp.cpp:221] parsePacket(): could not receive data: 9
[ 38254][E][WiFiUdp.cpp:221] parsePacket(): could not receive data: 9
[ 38260][E][WiFiUdp.cpp:221] parsePacket(): could not receive data: 9
[ 38266][E][WiFiUdp.cpp:221] parsePacket(): could not receive data: 9
[ 38272][E][WiFiUdp.cpp:221] parsePacket(): could not receive data: 9
[ 38278][E][WiFiUdp.cpp:221] parsePacket(): could not receive data: 9
[ 38284][E][WiFiUdp.cpp:221] parsePacket(): could not receive data: 9
[ 38290][E][WiFiUdp.cpp:221] parsePacket(): could not receive data: 9
[ 38296][E][WiFiUdp.cpp:221] parsePacket(): could not receive data: 9
[ 38302][E][WiFiUdp.cpp:221] parsePacket(): could not receive data: 9
[ 38308][E][WiFiUdp.cpp:221] parsePacket(): could not receive data: 9
[ 38314][E][WiFiUdp.cpp:221] parsePacket(): could not receive data: 9
[ 38320][E][WiFiUdp.cpp:221] parsePacket(): could not receive data: 9
[ 38326][E][WiFiUdp.cpp:221] parsePacket(): could not receive data: 9
[ 38332][E][WiFiUdp.cpp:221] parsePacket(): could not receive data: 9
[ 38338][E][WiFiUdp.cpp:221] parsePacket(): could not receive data: 9
[ 38344][E][WiFiUdp.cpp:221] parsePacket(): could not receive data: 9
[ 38350][E][WiFiUdp.cpp:221] parsePacket(): could not receive data: 9
[ 38356][E][WiFiUdp.cpp:221] parsePacket(): could not receive data: 9
[ 38362][E][WiFiUdp.cpp:221] parsePacket(): could not receive data: 9
[ 38368][E][WiFiUdp.cpp:221] parsePacket(): could not receive data: 9
[ 38374][E][WiFiUdp.cpp:221] parsePacket(): could not receive data: 9
[ 38380][E][WiFiUdp.cpp:221] parsePacket(): could not receive data: 9
[ 38386][E][WiFiUdp.cpp:221] parsePacket(): could not receive data: 9
[ 38392][E][WiFiUdp.cpp:221] parsePacket(): could not receive data: 9
[ 38398][E][WiFiUdp.cpp:221] parsePacket(): could not receive data: 9
[ 38404][E][WiFiUdp.cpp:221] parsePacket(): could not receive data: 9
[ 38410][E][WiFiUdp.cpp:221] parsePacket(): could not receive data: 9
[ 38416][E][WiFiUdp.cpp:221] parsePacket(): could not receive data: 9
[ 38422][E][WiFiUdp.cpp:221] parsePacket(): could not receive data: 9
[ 38428][E][WiFiUdp.cpp:221] parsePacket(): could not receive data: 9
[ 38434][E][WiFiUdp.cpp:221] parsePacket(): could not receive data: 9
[ 38440][E][WiFiUdp.cpp:221] parsePacket(): could not receive data: 9
[ 38446][E][WiFiUdp.cpp:221] parsePacket(): could not receive data: 9
[ 38451][E][WiFiUdp.cpp:221] parsePacket(): could not receive data: 9
[ 38457][E][WiFiUdp.cpp:221] parsePacket(): could not receive data: 9
[ 38463][E][WiFiUdp.cpp:221] parsePacket(): could not receive data: 9
[ 38469][E][WiFiUdp.cpp:221] parsePacket(): could not receive data: 9
[ 38475][E][WiFiUdp.cpp:221] parsePacket(): could not receive data: 9
[ 38481][E][WiFiUdp.cpp:221] parsePacket(): could not receive data: 9
[ 38487][E][WiFiUdp.cpp:221] parsePacket(): could not receive data: 9
[ 38493][E][WiFiUdp.cpp:221] parsePacket(): could not receive data: 9
[ 38499][E][WiFiUdp.cpp:221] parsePacket(): could not receive data: 9
[ 38505][E][WiFiUdp.cpp:221] parsePacket(): could not receive data: 9
[ 38511][E][WiFiUdp.cpp:221] parsePacket(): could not receive data: 9
[ 38516][E][WiFiUdp.cpp:221] parsePacket(): could not receive data: 9
[ 38522][E][WiFiUdp.cpp:221] parsePacket(): could not receive data: 9
[ 38528][E][WiFiUdp.cpp:221] parsePacket(): could not receive data: 9
[ 38534][E][WiFiUdp.cpp:221] parsePacket(): could not receive data: 9
[ 38540][E][WiFiUdp.cpp:221] parsePacket(): could not receive data: 9
[ 38546][E][WiFiUdp.cpp:221] parsePacket(): could not receive data: 9
[ 38552][E][WiFiUdp.cpp:221] parsePacket(): could not receive data: 9
[ 38558][E][WiFiUdp.cpp:221] parsePacket(): could not receive data: 9
[ 38564][E][WiFiUdp.cpp:221] parsePacket(): could not receive data: 9
[ 38570][E][WiFiUdp.cpp:221] parsePacket(): could not receive data: 9
[ 38576][E][WiFiUdp.cpp:221] parsePacket(): could not receive data: 9
[ 38582][E][WiFiUdp.cpp:221] parsePacket(): could not receive data: 9
[ 38588][E][WiFiUdp.cpp:221] parsePacket(): could not receive data: 9
[ 38594][E][WiFiUdp.cpp:221] parsePacket(): could not receive data: 9
[ 38600][E][WiFiUdp.cpp:221] parsePacket(): could not receive data: 9
[ 38606][E][WiFiUdp.cpp:221] parsePacket(): could not receive data: 9
[ 38612][E][WiFiUdp.cpp:221] parsePacket(): could not receive data: 9
[ 38618][E][WiFiUdp.cpp:221] parsePacket(): could not receive data: 9
[ 38624][E][WiFiUdp.cpp:221] parsePacket(): could not receive data: 9
[ 38630][E][WiFiUdp.cpp:221] parsePacket(): could not receive data: 9
[ 38636][E][WiFiUdp.cpp:221] parsePacket(): could not receive data: 9
[ 38642][E][WiFiUdp.cpp:221] parsePacket(): could not receive data: 9
[ 38648][E][WiFiUdp.cpp:221] parsePacket(): could not receive data: 9
[ 38654][E][WiFiUdp.cpp:221] parsePacket(): could not receive data: 9
[ 38660][E][WiFiUdp.cpp:221] parsePacket(): could not receive data: 9
[ 38666][E][WiFiUdp.cpp:221] parsePacket(): could not receive data: 9
[ 38672][E][WiFiUdp.cpp:221] parsePacket(): could not receive data: 9
[ 38678][E][WiFiUdp.cpp:221] parsePacket(): could not receive data: 9
[ 38684][E][WiFiUdp.cpp:221] parsePacket(): could not receive data: 9
[ 38690][E][WiFiUdp.cpp:221] parsePacket(): could not receive data: 9
[ 38696][E][WiFiUdp.cpp:221] parsePacket(): could not receive data: 9
[ 38702][E][WiFiUdp.cpp:221] parsePacket(): could not receive data: 9
[ 38708][E][WiFiUdp.cpp:221] parsePacket(): could not receive data: 9
[ 38714][E][WiFiUdp.cpp:221] parsePacket(): could not receive data: 9
[ 38720][E][WiFiUdp.cpp:221] parsePacket(): could not receive data: 9
[ 38726][E][WiFiUdp.cpp:221] parsePacket(): could not receive data: 9
[ 38732][E][WiFiUdp.cpp:221] parsePacket(): could not receive data: 9
[ 38738][E][WiFiUdp.cpp:221] parsePacket(): could not receive data: 9
[ 38744][E][WiFiUdp.cpp:221] parsePacket(): could not receive data: 9
[ 38750][E][WiFiUdp.cpp:221] parsePacket(): could not receive data: 9
[ 38756][E][WiFiUdp.cpp:221] parsePacket(): could not receive data: 9
[ 38762][E][WiFiUdp.cpp:221] parsePacket(): could not receive data: 9
[ 38768][E][WiFiUdp.cpp:221] parsePacket(): could not receive data: 9
[ 38774][E][WiFiUdp.cpp:221] parsePacket(): could not receive data: 9
[ 38780][E][WiFiUdp.cpp:221] parsePacket(): could not receive data: 9
[ 38786][E][WiFiUdp.cpp:221] parsePacket(): could not receive data: 9
[ 38792][E][WiFiUdp.cpp:221] parsePacket(): could not receive data: 9
[ 38798][E][WiFiUdp.cpp:221] parsePacket(): could not receive data: 9
[ 38804][E][WiFiUdp.cpp:221] parsePacket(): could not receive data: 9
[ 38810][E][WiFiUdp.cpp:221] parsePacket(): could not receive data: 9
[ 38816][E][WiFiUdp.cpp:221] parsePacket(): could not receive data: 9
[ 38822][E][WiFiUdp.cpp:221] parsePacket(): could not receive data: 9
[ 38828][E][WiFiUdp.cpp:221] parsePacket(): could not receive data: 9
[ 38834][E][WiFiUdp.cpp:221] parsePacket(): could not receive data: 9
[ 38840][E][WiFiUdp.cpp:221] parsePacket(): could not receive data: 9
[ 38846][E][WiFiUdp.cpp:221] parsePacket(): could not receive data: 9
[ 38852][E][WiFiUdp.cpp:221] parsePacket(): could not receive data: 9
[ 38858][E][WiFiUdp.cpp:221] parsePacket(): could not receive data: 9
[ 38864][E][WiFiUdp.cpp:221] parsePacket(): could not receive data: 9
[ 38870][E][WiFiUdp.cpp:221] parsePacket(): could not receive data: 9
[ 38876][E][WiFiUdp.cpp:221] parsePacket(): could not receive data: 9
[ 38882][E][WiFiUdp.cpp:221] parsePacket(): could not receive data: 9
[ 38888][E][WiFiUdp.cpp:221] parsePacket(): could not receive data: 9
[ 38894][E][WiFiUdp.cpp:221] parsePacket(): could not receive data: 9
[ 38900][E][WiFiUdp.cpp:221] parsePacket(): could not receive data: 9
[ 38906][E][WiFiUdp.cpp:221] parsePacket(): could not receive data: 9
[ 38912][E][WiFiUdp.cpp:221] parsePacket(): could not receive data: 9
[ 38918][E][WiFiUdp.cpp:221] parsePacket(): could not receive data: 9
[ 38924][E][WiFiUdp.cpp:221] parsePacket(): could not receive data: 9
[ 38930][E][WiFiUdp.cpp:221] parsePacket(): could not receive data: 9
[ 38936][E][WiFiUdp.cpp:221] parsePacket(): could not receive data: 9
[ 38942][E][WiFiUdp.cpp:221] parsePacket(): could not receive data: 9
[ 38948][E][WiFiUdp.cpp:221] parsePacket(): could not receive data: 9
[ 38955][E][WiFiUdp.cpp:221] parsePacket(): could not receive data: 9
[ 38960][E][WiFiUdp.cpp:221] parsePacket(): could not receive data: 9
[ 38966][E][WiFiUdp.cpp:221] parsePacket(): could not receive data: 9
[ 38972][E][WiFiUdp.cpp:221] parsePacket(): could not receive data: 9
[ 38978][E][WiFiUdp.cpp:221] parsePacket(): could not receive data: 9
[ 38984][E][WiFiUdp.cpp:221] parsePacket(): could not receive data: 9
[ 38990][E][WiFiUdp.cpp:221] parsePacket(): could not receive data: 9
[ 38996][E][WiFiUdp.cpp:221] parsePacket(): could not receive data: 9
[ 39002][E][WiFiUdp.cpp:221] parsePacket(): could not receive data: 9
[ 39008][E][WiFiUdp.cpp:221] parsePacket(): could not receive data: 9
[ 39014][E][WiFiUdp.cpp:221] parsePacket(): could not receive data: 9
[ 39020][E][WiFiUdp.cpp:221] parsePacket(): could not receive data: 9
[ 39026][E][WiFiUdp.cpp:221] parsePacket(): could not receive data: 9
[ 39032][E][WiFiUdp.cpp:221] parsePacket(): could not receive data: 9
[ 39038][E][WiFiUdp.cpp:221] parsePacket(): could not receive data: 9
[ 39044][E][WiFiUdp.cpp:221] parsePacket(): could not receive data: 9
[ 39050][E][WiFiUdp.cpp:221] parsePacket(): could not receive data: 9
[ 39056][E][WiFiUdp.cpp:221] parsePacket(): could not receive data: 9
[ 39062][E][WiFiUdp.cpp:221] parsePacket(): could not receive data: 9
[ 39068][E][WiFiUdp.cpp:221] parsePacket(): could not receive data: 9
[ 39074][E][WiFiUdp.cpp:221] parsePacket(): could not receive data: 9
[ 39080][E][WiFiUdp.cpp:221] parsePacket(): could not receive data: 9
[ 39086][E][WiFiUdp.cpp:221] parsePacket(): could not receive data: 9
[ 39092][E][WiFiUdp.cpp:221] parsePacket(): could not receive data: 9
[ 39098][E][WiFiUdp.cpp:221] parsePacket(): could not receive data: 9
[ 39104][E][WiFiUdp.cpp:221] parsePacket(): could not receive data: 9
[ 39110][E][WiFiUdp.cpp:221] parsePacket(): could not receive data: 9
[ 39116][E][WiFiUdp.cpp:221] parsePacket(): could not receive data: 9
[ 39122][E][WiFiUdp.cpp:221] parsePacket(): could not receive data: 9
[ 39128][E][WiFiUdp.cpp:221] parsePacket(): could not receive data: 9
[ 39134][E][WiFiUdp.cpp:221] parsePacket(): could not receive data: 9
[ 39140][E][WiFiUdp.cpp:221] parsePacket(): could not receive data: 9
[ 39146][E][WiFiUdp.cpp:221] parsePacket(): could not receive data: 9
[ 39152][E][WiFiUdp.cpp:221] parsePacket(): could not receive data: 9
[ 39158][E][WiFiUdp.cpp:221] parsePacket(): could not receive data: 9
[ 39164][E][WiFiUdp.cpp:221] parsePacket(): could not receive data: 9
[ 39170][E][WiFiUdp.cpp:221] parsePacket(): could not receive data: 9
[ 39176][E][WiFiUdp.cpp:221] parsePacket(): could not receive data: 9
[ 39182][E][WiFiUdp.cpp:221] parsePacket(): could not receive data: 9
[ 39188][E][WiFiUdp.cpp:221] parsePacket(): could not receive data: 9
[ 39194][E][WiFiUdp.cpp:221] parsePacket(): could not receive data: 9
[ 39200][E][WiFiUdp.cpp:221] parsePacket(): could not receive data: 9
[ 39206][E][WiFiUdp.cpp:221] parsePacket(): could not receive data: 9
[ 39212][E][WiFiUdp.cpp:221] parsePacket(): could not receive data: 9
[ 39218][E][WiFiUdp.cpp:221] parsePacket(): could not receive data: 9
[ 39224][E][WiFiUdp.cpp:221] parsePacket(): could not receive data: 9
[ 39230][E][WiFiUdp.cpp:221] parsePacket(): could not receive data: 9
[ 39236][E][WiFiUdp.cpp:221] parsePacket(): could not receive data: 9
[ 39242][E][WiFiUdp.cpp:221] parsePacket(): could not receive data: 9
[ 39248][E][WiFiUdp.cpp:221] parsePacket(): could not receive data: 9
[ 39254][E][WiFiUdp.cpp:221] parsePacket(): could not receive data: 9
[ 39260][E][WiFiUdp.cpp:221] parsePacket(): could not receive data: 9
[ 39266][E][WiFiUdp.cpp:221] parsePacket(): could not receive data: 9
[ 39272][E][WiFiUdp.cpp:221] parsePacket(): could not receive data: 9
[ 39278][E][WiFiUdp.cpp:221] parsePacket(): could not receive data: 9
[ 39284][E][WiFiUdp.cpp:221] parsePacket(): could not receive data: 9
[ 39290][E][WiFiUdp.cpp:221] parsePacket(): could not receive data: 9
[ 39296][E][WiFiUdp.cpp:221] parsePacket(): could not receive data: 9
[ 39302][E][WiFiUdp.cpp:221] parsePacket(): could not receive data: 9
[ 39308][E][WiFiUdp.cpp:221] parsePacket(): could not receive data: 9
[ 39314][E][WiFiUdp.cpp:221] parsePacket(): could not receive data: 9
[ 39320][E][WiFiUdp.cpp:221] parsePacket(): could not receive data: 9
[ 39326][E][WiFiUdp.cpp:221] parsePacket(): could not receive data: 9
[ 39332][E][WiFiUdp.cpp:221] parsePacket(): could not receive data: 9
[ 39338][E][WiFiUdp.cpp:221] parsePacket(): could not receive data: 9
[ 39344][E][WiFiUdp.cpp:221] parsePacket(): could not receive data: 9
[ 39350][E][WiFiUdp.cpp:221] parsePacket(): could not receive data: 9
[ 39356][E][WiFiUdp.cpp:221] parsePacket(): could not receive data: 9
[ 39362][E][WiFiUdp.cpp:221] parsePacket(): could not receive data: 9
[ 39368][E][WiFiUdp.cpp:221] parsePacket(): could not receive data: 9
[ 39374][E][WiFiUdp.cpp:221] parsePacket(): could not receive data: 9
[ 39380][E][WiFiUdp.cpp:221] parsePacket(): could not receive data: 9
[ 39386][E][WiFiUdp.cpp:221] parsePacket(): could not receive data: 9
[ 39392][E][WiFiUdp.cpp:221] parsePacket(): could not receive data: 9
[ 39398][E][WiFiUdp.cpp:221] parsePacket(): could not receive data: 9
[ 39404][E][WiFiUdp.cpp:221] parsePacket(): could not receive data: 9
[ 39410][E][WiFiUdp.cpp:221] parsePacket(): could not receive data: 9
[ 39416][E][WiFiUdp.cpp:221] parsePacket(): could not receive data: 9
[ 39422][E][WiFiUdp.cpp:221] parsePacket(): could not receive data: 9
[ 39428][E][WiFiUdp.cpp:221] parsePacket(): could not receive data: 9
[ 39434][E][WiFiUdp.cpp:221] parsePacket(): could not receive data: 9
[ 39440][E][WiFiUdp.cpp:221] parsePacket(): could not receive data: 9
[ 39446][E][WiFiUdp.cpp:221] parsePacket(): could not receive data: 9
[ 39452][E][WiFiUdp.cpp:221] parsePacket(): could not receive data: 9
[ 39458][E][WiFiUdp.cpp:221] parsePacket(): could not receive data: 9
[ 39464][E][WiFiUdp.cpp:221] parsePacket(): could not receive data: 9
[ 39470][E][WiFiUdp.cpp:221] parsePacket(): could not receive data: 9
[ 39476][E][WiFiUdp.cpp:221] parsePacket(): could not receive data: 9
[ 39482][E][WiFiUdp.cpp:221] parsePacket(): could not receive data: 9
[ 39488][E][WiFiUdp.cpp:221] parsePacket(): could not receive data: 9
[ 39494][E][WiFiUdp.cpp:221] parsePacket(): could not receive data: 9
[ 39500][E][WiFiUdp.cpp:221] parsePacket(): could not receive data: 9
[ 39506][E][WiFiUdp.cpp:221] parsePacket(): could not receive data: 9
[ 39512][E][WiFiUdp.cpp:221] parsePacket(): could not receive data: 9
[ 39518][E][WiFiUdp.cpp:221] parsePacket(): could not receive data: 9
[ 39524][E][WiFiUdp.cpp:221] parsePacket(): could not receive data: 9
[ 39530][E][WiFiUdp.cpp:221] parsePacket(): could not receive data: 9
[ 39536][E][WiFiUdp.cpp:221] parsePacket(): could not receive data: 9
[ 39542][E][WiFiUdp.cpp:221] parsePacket(): could not receive data: 9
[ 39547][E][WiFiUdp.cpp:221] parsePacket(): could not receive data: 9
[ 39553][E][WiFiUdp.cpp:221] parsePacket(): could not receive data: 9
[ 39559][E][WiFiUdp.cpp:221] parsePacket(): could not receive data: 9
[ 39565][E][WiFiUdp.cpp:221] parsePacket(): could not receive data: 9
[ 39571][E][WiFiUdp.cpp:221] parsePacket(): could not receive data: 9
[ 39577][E][WiFiUdp.cpp:221] parsePacket(): could not receive data: 9
[ 39583][E][WiFiUdp.cpp:221] parsePacket(): could not receive data: 9
[ 39589][E][WiFiUdp.cpp:221] parsePacket(): could not receive data: 9
[ 39595][E][WiFiUdp.cpp:221] parsePacket(): could not receive data: 9
[ 39601][E][WiFiUdp.cpp:221] parsePacket(): could not receive data: 9
[ 39607][E][WiFiUdp.cpp:221] parsePacket(): could not receive data: 9
[ 39613][E][WiFiUdp.cpp:221] parsePacket(): could not receive data: 9
[ 39619][E][WiFiUdp.cpp:221] parsePacket(): could not receive data: 9
[ 39625][E][WiFiUdp.cpp:221] parsePacket(): could not receive data: 9
[ 39631][E][WiFiUdp.cpp:221] parsePacket(): could not receive data: 9
[ 39637][E][WiFiUdp.cpp:221] parsePacket(): could not receive data: 9
[ 39643][E][WiFiUdp.cpp:221] parsePacket(): could not receive data: 9
[ 39649][E][WiFiUdp.cpp:221] parsePacket(): could not receive data: 9
[ 39655][E][WiFiUdp.cpp:221] parsePacket(): could not receive data: 9
[ 39661][E][WiFiUdp.cpp:221] parsePacket(): could not receive data: 9
[ 39667][E][WiFiUdp.cpp:221] parsePacket(): could not receive data: 9
[ 39673][E][WiFiUdp.cpp:221] parsePacket(): could not receive data: 9
[ 39679][E][WiFiUdp.cpp:221] parsePacket(): could not receive data: 9
[ 39685][E][WiFiUdp.cpp:221] parsePacket(): could not receive data: 9
[ 39691][E][WiFiUdp.cpp:221] parsePacket(): could not receive data: 9
[ 39697][E][WiFiUdp.cpp:221] parsePacket(): could not receive data: 9
[ 39703][E][WiFiUdp.cpp:221] parsePacket(): could not receive data: 9
[ 39709][E][WiFiUdp.cpp:221] parsePacket(): could not receive data: 9
[ 39715][E][WiFiUdp.cpp:221] parsePacket(): could not receive data: 9
[ 39721][E][WiFiUdp.cpp:221] parsePacket(): could not receive data: 9
[ 39727][E][WiFiUdp.cpp:221] parsePacket(): could not receive data: 9
[ 39733][E][WiFiUdp.cpp:221] parsePacket(): could not receive data: 9
[ 39739][E][WiFiUdp.cpp:221] parsePacket(): could not receive data: 9
[ 39745][E][WiFiUdp.cpp:221] parsePacket(): could not receive data: 9
[ 39751][E][WiFiUdp.cpp:221] parsePacket(): could not receive data: 9
[ 39757][E][WiFiUdp.cpp:221] parsePacket(): could not receive data: 9
[ 39763][E][WiFiUdp.cpp:221] parsePacket(): could not receive data: 9
[ 39769][E][WiFiUdp.cpp:221] parsePacket(): could not receive data: 9
[ 39775][E][WiFiUdp.cpp:221] parsePacket(): could not receive data: 9
[ 39781][E][WiFiUdp.cpp:221] parsePacket(): could not receive data: 9
[ 39787][E][WiFiUdp.cpp:221] parsePacket(): could not receive data: 9
[ 39793][E][WiFiUdp.cpp:221] parsePacket(): could not receive data: 9
[ 39799][E][WiFiUdp.cpp:221] parsePacket(): could not receive data: 9
[ 39805][E][WiFiUdp.cpp:221] parsePacket(): could not receive data: 9
[ 39811][E][WiFiUdp.cpp:221] parsePacket(): could not receive data: 9
[ 39817][E][WiFiUdp.cpp:221] parsePacket(): could not receive data: 9
[ 39823][E][WiFiUdp.cpp:221] parsePacket(): could not receive data: 9
[ 39829][E][WiFiUdp.cpp:221] parsePacket(): could not receive data: 9
[ 39835][E][WiFiUdp.cpp:221] parsePacket(): could not receive data: 9
[ 39841][E][WiFiUdp.cpp:221] parsePacket(): could not receive data: 9
[ 39847][E][WiFiUdp.cpp:221] parsePacket(): could not receive data: 9
[ 39853][E][WiFiUdp.cpp:221] parsePacket(): could not receive data: 9
[ 39859][E][WiFiUdp.cpp:221] parsePacket(): could not receive data: 9
[ 39865][E][WiFiUdp.cpp:221] parsePacket(): could not receive data: 9
[ 39871][E][WiFiUdp.cpp:221] parsePacket(): could not receive data: 9
[ 39877][E][WiFiUdp.cpp:221] parsePacket(): could not receive data: 9
[ 39883][E][WiFiUdp.cpp:221] parsePacket(): could not receive data: 9
[ 39889][E][WiFiUdp.cpp:221] parsePacket(): could not receive data: 9
[ 39895][E][WiFiUdp.cpp:221] parsePacket(): could not receive data: 9
[ 39901][E][WiFiUdp.cpp:221] parsePacket(): could not receive data: 9
[ 39907][E][WiFiUdp.cpp:221] parsePacket(): could not receive data: 9
[ 39913][E][WiFiUdp.cpp:221] parsePacket(): could not receive data: 9
[ 39919][E][WiFiUdp.cpp:221] parsePacket(): could not receive data: 9
[ 39925][E][WiFiUdp.cpp:221] parsePacket(): could not receive data: 9
[ 39931][E][WiFiUdp.cpp:221] parsePacket(): could not receive data: 9
[ 39937][E][WiFiUdp.cpp:221] parsePacket(): could not receive data: 9
[ 39943][E][WiFiUdp.cpp:221] parsePacket(): could not receive data: 9
[ 39948][E][WiFiUdp.cpp:221] parsePacket(): could not receive data: 9
[ 39953][E][WiFiUdp.cpp:221] parsePacket(): could not receive data: 9
[ 39958][E][WiFiUdp.cpp:221] parsePacket(): could not receive data: 9
[ 39964][E][WiFiUdp.cpp:221] parsePacket(): could not receive data: 9
[ 39970][E][WiFiUdp.cpp:221] parsePacket(): could not receive data: 9
[ 39976][E][WiFiUdp.cpp:221] parsePacket(): could not receive data: 9
[ 39982][E][WiFiUdp.cpp:221] parsePacket(): could not receive data: 9
[ 39988][E][WiFiUdp.cpp:221] parsePacket(): could not receive data: 9
[ 39994][E][WiFiUdp.cpp:221] parsePacket(): could not receive data: 9
[ 40000][E][WiFiUdp.cpp:221] parsePacket(): could not receive data: 9
[ 40006][E][WiFiUdp.cpp:221] parsePacket(): could not receive data: 9
[ 40012][E][WiFiUdp.cpp:221] parsePacket(): could not receive data: 9
[ 40018][E][WiFiUdp.cpp:221] parsePacket(): could not receive data: 9
[ 40024][E][WiFiUdp.cpp:221] parsePacket(): could not receive data: 9
[ 40030][E][WiFiUdp.cpp:221] parsePacket(): could not receive data: 9
[ 40036][E][WiFiUdp.cpp:221] parsePacket(): could not receive data: 9
[ 40042][E][WiFiUdp.cpp:221] parsePacket(): could not receive data: 9
[ 40048][E][WiFiUdp.cpp:221] parsePacket(): could not receive data: 9
[ 40054][E][WiFiUdp.cpp:221] parsePacket(): could not receive data: 9
[ 40060][E][WiFiUdp.cpp:221] parsePacket(): could not receive data: 9
[ 40066][E][WiFiUdp.cpp:221] parsePacket(): could not receive data: 9
[ 40072][E][WiFiUdp.cpp:221] parsePacket(): could not receive data: 9
[ 40078][E][WiFiUdp.cpp:221] parsePacket(): could not receive data: 9
[ 40084][E][WiFiUdp.cpp:221] parsePacket(): could not receive data: 9
[ 40090][E][WiFiUdp.cpp:221] parsePacket(): could not receive data: 9
[ 40096][E][WiFiUdp.cpp:221] parsePacket(): could not receive data: 9
[ 40102][E][WiFiUdp.cpp:221] parsePacket(): could not receive data: 9
[ 40108][E][WiFiUdp.cpp:221] parsePacket(): could not receive data: 9
[ 40114][E][WiFiUdp.cpp:221] parsePacket(): could not receive data: 9
[ 40120][E][WiFiUdp.cpp:221] parsePacket(): could not receive data: 9
[ 40126][E][WiFiUdp.cpp:221] parsePacket(): could not receive data: 9
[ 40132][E][WiFiUdp.cpp:221] parsePacket(): could not receive data: 9
[ 40138][E][WiFiUdp.cpp:221] parsePacket(): could not receive data: 9
[ 40144][E][WiFiUdp.cpp:221] parsePacket(): could not receive data: 9
[ 40150][E][WiFiUdp.cpp:221] parsePacket(): could not receive data: 9
[ 40156][E][WiFiUdp.cpp:221] parsePacket(): could not receive data: 9
[ 40162][E][WiFiUdp.cpp:221] parsePacket(): could not receive data: 9
[ 40168][E][WiFiUdp.cpp:221] parsePacket(): could not receive data: 9
[ 40174][E][WiFiUdp.cpp:221] parsePacket(): could not receive data: 9
[ 40180][E][WiFiUdp.cpp:221] parsePacket(): could not receive data: 9
[ 40186][E][WiFiUdp.cpp:221] parsePacket(): could not receive data: 9
[ 40192][E][WiFiUdp.cpp:221] parsePacket(): could not receive data: 9
[ 40198][E][WiFiUdp.cpp:221] parsePacket(): could not receive data: 9
[ 40204][E][WiFiUdp.cpp:221] parsePacket(): could not receive data: 9
[ 40210][E][WiFiUdp.cpp:221] parsePacket(): could not receive data: 9
[ 40216][E][WiFiUdp.cpp:221] parsePacket(): could not receive data: 9
[ 40222][E][WiFiUdp.cpp:221] parsePacket(): could not receive data: 9
[ 40228][E][WiFiUdp.cpp:221] parsePacket(): could not receive data: 9
[ 40234][E][WiFiUdp.cpp:221] parsePacket(): could not receive data: 9
[ 40240][E][WiFiUdp.cpp:221] parsePacket(): could not receive data: 9
[ 40246][E][WiFiUdp.cpp:221] parsePacket(): could not receive data: 9
[ 40252][E][WiFiUdp.cpp:221] parsePacket(): could not receive data: 9
[ 40258][E][WiFiUdp.cpp:221] parsePacket(): could not receive data: 9
[ 40264][E][WiFiUdp.cpp:221] parsePacket(): could not receive data: 9
[ 40270][E][WiFiUdp.cpp:221] parsePacket(): could not receive data: 9
[ 40276][E][WiFiUdp.cpp:221] parsePacket(): could not receive data: 9
[ 40282][E][WiFiUdp.cpp:221] parsePacket(): could not receive data: 9
[ 40288][E][WiFiUdp.cpp:221] parsePacket(): could not receive data: 9
[ 40294][E][WiFiUdp.cpp:221] parsePacket(): could not receive data: 9
[ 40300][E][WiFiUdp.cpp:221] parsePacket(): could not receive data: 9
[ 40306][E][WiFiUdp.cpp:221] parsePacket(): could not receive data: 9
[ 40312][E][WiFiUdp.cpp:221] parsePacket(): could not receive data: 9
[ 40318][E][WiFiUdp.cpp:221] parsePacket(): could not receive data: 9
[ 40324][E][WiFiUdp.cpp:221] parsePacket(): could not receive data: 9
[ 40330][E][WiFiUdp.cpp:221] parsePacket(): could not receive data: 9
[ 40336][E][WiFiUdp.cpp:221] parsePacket(): could not receive data: 9
[ 40342][E][WiFiUdp.cpp:221] parsePacket(): could not receive data: 9
[ 40348][E][WiFiUdp.cpp:221] parsePacket(): could not receive data: 9
[ 40354][E][WiFiUdp.cpp:221] parsePacket(): could not receive data: 9
[ 40360][E][WiFiUdp.cpp:221] parsePacket(): could not receive data: 9
[ 40366][E][WiFiUdp.cpp:221] parsePacket(): could not receive data: 9
[ 40372][E][WiFiUdp.cpp:221] parsePacket(): could not receive data: 9
[ 40378][E][WiFiUdp.cpp:221] parsePacket(): could not receive data: 9
[ 40384][E][WiFiUdp.cpp:221] parsePacket(): could not receive data: 9
[ 40390][E][WiFiUdp.cpp:221] parsePacket(): could not receive data: 9
[ 40396][E][WiFiUdp.cpp:221] parsePacket(): could not receive data: 9
[ 40402][E][WiFiUdp.cpp:221] parsePacket(): could not receive data: 9
[ 40408][E][WiFiUdp.cpp:221] parsePacket(): could not receive data: 9
[ 40414][E][WiFiUdp.cpp:221] parsePacket(): could not receive data: 9
[ 40420][E][WiFiUdp.cpp:221] parsePacket(): could not receive data: 9
[ 40426][E][WiFiUdp.cpp:221] parsePacket(): could not receive data: 9
[ 40432][E][WiFiUdp.cpp:221] parsePacket(): could not receive data: 9
[ 40438][E][WiFiUdp.cpp:221] parsePacket(): could not receive data: 9
[ 40444][E][WiFiUdp.cpp:221] parsePacket(): could not receive data: 9
[ 40450][E][WiFiUdp.cpp:221] parsePacket(): could not receive data: 9
[ 40456][E][WiFiUdp.cpp:221] parsePacket(): could not receive data: 9
[ 40462][E][WiFiUdp.cpp:221] parsePacket(): could not receive data: 9
[ 40468][E][WiFiUdp.cpp:221] parsePacket(): could not receive data: 9
[ 40474][E][WiFiUdp.cpp:221] parsePacket(): could not receive data: 9
[ 40480][E][WiFiUdp.cpp:221] parsePacket(): could not receive data: 9
[ 40486][E][WiFiUdp.cpp:221] parsePacket(): could not receive data: 9
[ 40492][E][WiFiUdp.cpp:221] parsePacket(): could not receive data: 9
[ 40498][E][WiFiUdp.cpp:221] parsePacket(): could not receive data: 9
[ 40504][E][WiFiUdp.cpp:221] parsePacket(): could not receive data: 9
[ 40510][E][WiFiUdp.cpp:221] parsePacket(): could not receive data: 9
[ 40516][E][WiFiUdp.cpp:221] parsePacket(): could not receive data: 9
[ 40522][E][WiFiUdp.cpp:221] parsePacket(): could not receive data: 9
[ 40528][E][WiFiUdp.cpp:221] parsePacket(): could not receive data: 9
[ 40534][E][WiFiUdp.cpp:221] parsePacket(): could not receive data: 9
[ 40540][E][WiFiUdp.cpp:221] parsePacket(): could not receive data: 9
[ 40546][E][WiFiUdp.cpp:221] parsePacket(): could not receive data: 9
[ 40552][E][WiFiUdp.cpp:221] parsePacket(): could not receive data: 9
[ 40558][E][WiFiUdp.cpp:221] parsePacket(): could not receive data: 9
[ 40564][E][WiFiUdp.cpp:221] parsePacket(): could not receive data: 9
[ 40570][E][WiFiUdp.cpp:221] parsePacket(): could not receive data: 9
[ 40576][E][WiFiUdp.cpp:221] parsePacket(): could not receive data: 9
[ 40582][E][WiFiUdp.cpp:221] parsePacket(): could not receive data: 9
[ 40588][E][WiFiUdp.cpp:221] parsePacket(): could not receive data: 9
[ 40594][E][WiFiUdp.cpp:221] parsePacket(): could not receive data: 9
[ 40600][E][WiFiUdp.cpp:221] parsePacket(): could not receive data: 9
[ 40606][E][WiFiUdp.cpp:221] parsePacket(): could not receive data: 9
[ 40612][E][WiFiUdp.cpp:221] parsePacket(): could not receive data: 9
[ 40618][E][WiFiUdp.cpp:221] parsePacket(): could not receive data: 9
[ 40624][E][WiFiUdp.cpp:221] parsePacket(): could not receive data: 9
[ 40630][E][WiFiUdp.cpp:221] parsePacket(): could not receive data: 9
[ 40636][E][WiFiUdp.cpp:221] parsePacket(): could not receive data: 9
[ 40642][E][WiFiUdp.cpp:221] parsePacket(): could not receive data: 9
[ 40648][E][WiFiUdp.cpp:221] parsePacket(): could not receive data: 9
[ 40654][E][WiFiUdp.cpp:221] parsePacket(): could not receive data: 9
[ 40660][E][WiFiUdp.cpp:221] parsePacket(): could not receive data: 9
[ 40666][E][WiFiUdp.cpp:221] parsePacket(): could not receive data: 9
[ 40672][E][WiFiUdp.cpp:221] parsePacket(): could not receive data: 9
[ 40678][E][WiFiUdp.cpp:221] parsePacket(): could not receive data: 9
[ 40684][E][WiFiUdp.cpp:221] parsePacket(): could not receive data: 9
[ 40690][E][WiFiUdp.cpp:221] parsePacket(): could not receive data: 9
[ 40696][E][WiFiUdp.cpp:221] parsePacket(): could not receive data: 9
[ 40702][E][WiFiUdp.cpp:221] parsePacket(): could not receive data: 9
[ 40708][E][WiFiUdp.cpp:221] parsePacket(): could not receive data: 9
[ 40714][E][WiFiUdp.cpp:221] parsePacket(): could not receive data: 9
[ 40720][E][WiFiUdp.cpp:221] parsePacket(): could not receive data: 9
[ 40726][E][WiFiUdp.cpp:221] parsePacket(): could not receive data: 9
[ 40732][E][WiFiUdp.cpp:221] parsePacket(): could not receive data: 9
[ 40738][E][WiFiUdp.cpp:221] parsePacket(): could not receive data: 9
[ 40744][E][WiFiUdp.cpp:221] parsePacket(): could not receive data: 9
[ 40750][E][WiFiUdp.cpp:221] parsePacket(): could not receive data: 9
[ 40756][E][WiFiUdp.cpp:221] parsePacket(): could not receive data: 9
[ 40762][E][WiFiUdp.cpp:221] parsePacket(): could not receive data: 9
[ 40768][E][WiFiUdp.cpp:221] parsePacket(): could not receive data: 9
[ 40774][E][WiFiUdp.cpp:221] parsePacket(): could not receive data: 9
[ 40780][E][WiFiUdp.cpp:221] parsePacket(): could not receive data: 9
[ 40786][E][WiFiUdp.cpp:221] parsePacket(): could not receive data: 9
[ 40792][E][WiFiUdp.cpp:221] parsePacket(): could not receive data: 9
[ 40798][E][WiFiUdp.cpp:221] parsePacket(): could not receive data: 9
[ 40804][E][WiFiUdp.cpp:221] parsePacket(): could not receive data: 9
[ 40810][E][WiFiUdp.cpp:221] parsePacket(): could not receive data: 9
[ 40816][E][WiFiUdp.cpp:221] parsePacket(): could not receive data: 9
[ 40822][E][WiFiUdp.cpp:221] parsePacket(): could not receive data: 9
[ 40828][E][WiFiUdp.cpp:221] parsePacket(): could not receive data: 9
[ 40834][E][WiFiUdp.cpp:221] parsePacket(): could not receive data: 9
[ 40840][E][WiFiUdp.cpp:221] parsePacket(): could not receive data: 9
[ 40846][E][WiFiUdp.cpp:221] parsePacket(): could not receive data: 9
[ 40852][E][WiFiUdp.cpp:221] parsePacket(): could not receive data: 9
[ 40858][E][WiFiUdp.cpp:221] parsePacket(): could not receive data: 9
[ 40864][E][WiFiUdp.cpp:221] parsePacket(): could not receive data: 9
[ 40870][E][WiFiUdp.cpp:221] parsePacket(): could not receive data: 9
[ 40876][E][WiFiUdp.cpp:221] parsePacket(): could not receive data: 9
[ 40882][E][WiFiUdp.cpp:221] parsePacket(): could not receive data: 9
[ 40888][E][WiFiUdp.cpp:221] parsePacket(): could not receive data: 9
[ 40894][E][WiFiUdp.cpp:221] parsePacket(): could not receive data: 9
[ 40900][E][WiFiUdp.cpp:221] parsePacket(): could not receive data: 9
[ 40906][E][WiFiUdp.cpp:221] parsePacket(): could not receive data: 9
[ 40912][E][WiFiUdp.cpp:221] parsePacket(): could not receive data: 9
[ 40918][E][WiFiUdp.cpp:221] parsePacket(): could not receive data: 9
[ 40924][E][WiFiUdp.cpp:221] parsePacket(): could not receive data: 9
[ 40930][E][WiFiUdp.cpp:221] parsePacket(): could not receive data: 9
[ 40936][E][WiFiUdp.cpp:221] parsePacket(): could not receive data: 9
[ 40942][E][WiFiUdp.cpp:221] parsePacket(): could not receive data: 9
[ 40948][E][WiFiUdp.cpp:221] parsePacket(): could not receive data: 9
[ 40954][E][WiFiUdp.cpp:221] parsePacket(): could not receive data: 9
[ 40960][E][WiFiUdp.cpp:221] parsePacket(): could not receive data: 9
[ 40966][E][WiFiUdp.cpp:221] parsePacket(): could not receive data: 9
[ 40972][E][WiFiUdp.cpp:221] parsePacket(): could not receive data: 9
[ 40978][E][WiFiUdp.cpp:221] parsePacket(): could not receive data: 9
[ 40984][E][WiFiUdp.cpp:221] parsePacket(): could not receive data: 9
[ 40990][E][WiFiUdp.cpp:221] parsePacket(): could not receive data: 9
[ 40996][E][WiFiUdp.cpp:221] parsePacket(): could not receive data: 9
[ 41002][E][WiFiUdp.cpp:221] parsePacket(): could not receive data: 9
[ 41008][E][WiFiUdp.cpp:221] parsePacket(): could not receive data: 9
[ 41014][E][WiFiUdp.cpp:221] parsePacket(): could not receive data: 9
[ 41020][E][WiFiUdp.cpp:221] parsePacket(): could not receive data: 9
[ 41026][E][WiFiUdp.cpp:221] parsePacket(): could not receive data: 9
[ 41032][E][WiFiUdp.cpp:221] parsePacket(): could not receive data: 9
[ 41038][E][WiFiUdp.cpp:221] parsePacket(): could not receive data: 9
[ 41044][E][WiFiUdp.cpp:221] parsePacket(): could not receive data: 9
[ 41050][E][WiFiUdp.cpp:221] parsePacket(): could not receive data: 9
[ 41056][E][WiFiUdp.cpp:221] parsePacket(): could not receive data: 9
[ 41062][E][WiFiUdp.cpp:221] parsePacket(): could not receive data: 9
[ 41068][E][WiFiUdp.cpp:221] parsePacket(): could not receive data: 9
[ 41074][E][WiFiUdp.cpp:221] parsePacket(): could not receive data: 9
[ 41080][E][WiFiUdp.cpp:221] parsePacket(): could not receive data: 9
[ 41086][E][WiFiUdp.cpp:221] parsePacket(): could not receive data: 9
[ 41092][E][WiFiUdp.cpp:221] parsePacket(): could not receive data: 9
[ 41098][E][WiFiUdp.cpp:221] parsePacket(): could not receive data: 9
[ 41104][E][WiFiUdp.cpp:221] parsePacket(): could not receive data: 9
[ 41110][E][WiFiUdp.cpp:221] parsePacket(): could not receive data: 9
[ 41116][E][WiFiUdp.cpp:221] parsePacket(): could not receive data: 9
[ 41122][E][WiFiUdp.cpp:221] parsePacket(): could not receive data: 9
[ 41128][E][WiFiUdp.cpp:221] parsePacket(): could not receive data: 9
[ 41134][E][WiFiUdp.cpp:221] parsePacket(): could not receive data: 9
[ 41140][E][WiFiUdp.cpp:221] parsePacket(): could not receive data: 9
[ 41146][E][WiFiUdp.cpp:221] parsePacket(): could not receive data: 9
[ 41152][E][WiFiUdp.cpp:221] parsePacket(): could not receive data: 9
[ 41158][E][WiFiUdp.cpp:221] parsePacket(): could not receive data: 9
[ 41164][E][WiFiUdp.cpp:221] parsePacket(): could not receive data: 9
[ 41170][E][WiFiUdp.cpp:221] parsePacket(): could not receive data: 9
[ 41176][E][WiFiUdp.cpp:221] parsePacket(): could not receive data: 9
[ 41182][E][WiFiUdp.cpp:221] parsePacket(): could not receive data: 9
[ 41188][E][WiFiUdp.cpp:221] parsePacket(): could not receive data: 9
[ 41194][E][WiFiUdp.cpp:221] parsePacket(): could not receive data: 9
[ 41200][E][WiFiUdp.cpp:221] parsePacket(): could not receive data: 9
[ 41206][E][WiFiUdp.cpp:221] parsePacket(): could not receive data: 9
[ 41212][E][WiFiUdp.cpp:221] parsePacket(): could not receive data: 9
[ 41218][E][WiFiUdp.cpp:221] parsePacket(): could not receive data: 9
[ 41224][E][WiFiUdp.cpp:221] parsePacket(): could not receive data: 9
[ 41230][E][WiFiUdp.cpp:221] parsePacket(): could not receive data: 9
[ 41236][E][WiFiUdp.cpp:221] parsePacket(): could not receive data: 9
[ 41242][E][WiFiUdp.cpp:221] parsePacket(): could not receive data: 9
[ 41248][E][WiFiUdp.cpp:221] parsePacket(): could not receive data: 9
[ 41254][E][WiFiUdp.cpp:221] parsePacket(): could not receive data: 9
[ 41260][E][WiFiUdp.cpp:221] parsePacket(): could not receive data: 9
[ 41266][E][WiFiUdp.cpp:221] parsePacket(): could not receive data: 9
[ 41272][E][WiFiUdp.cpp:221] parsePacket(): could not receive data: 9
[ 41278][E][WiFiUdp.cpp:221] parsePacket(): could not receive data: 9
[ 41284][E][WiFiUdp.cpp:221] parsePacket(): could not receive data: 9
[ 41290][E][WiFiUdp.cpp:221] parsePacket(): could not receive data: 9
[ 41296][E][WiFiUdp.cpp:221] parsePacket(): could not receive data: 9
[ 41302][E][WiFiUdp.cpp:221] parsePacket(): could not receive data: 9
[ 41308][E][WiFiUdp.cpp:221] parsePacket(): could not receive data: 9
[ 41314][E][WiFiUdp.cpp:221] parsePacket(): could not receive data: 9
[ 41320][E][WiFiUdp.cpp:221] parsePacket(): could not receive data: 9
[ 41326][E][WiFiUdp.cpp:221] parsePacket(): could not receive data: 9
[ 41332][E][WiFiUdp.cpp:221] parsePacket(): could not receive data: 9
[ 41338][E][WiFiUdp.cpp:221] parsePacket(): could not receive data: 9
[ 41344][E][WiFiUdp.cpp:221] parsePacket(): could not receive data: 9
[ 41350][E][WiFiUdp.cpp:221] parsePacket(): could not receive data: 9
[ 41356][E][WiFiUdp.cpp:221] parsePacket(): could not receive data: 9
[ 41362][E][WiFiUdp.cpp:221] parsePacket(): could not receive data: 9
[ 41368][E][WiFiUdp.cpp:221] parsePacket(): could not receive data: 9
[ 41374][E][WiFiUdp.cpp:221] parsePacket(): could not receive data: 9
[ 41380][E][WiFiUdp.cpp:221] parsePacket(): could not receive data: 9
[ 41386][E][WiFiUdp.cpp:221] parsePacket(): could not receive data: 9
[ 41392][E][WiFiUdp.cpp:221] parsePacket(): could not receive data: 9
[ 41398][E][WiFiUdp.cpp:221] parsePacket(): could not receive data: 9
[ 41404][E][WiFiUdp.cpp:221] parsePacket(): could not receive data: 9
[ 41410][E][WiFiUdp.cpp:221] parsePacket(): could not receive data: 9
[ 41416][E][WiFiUdp.cpp:221] parsePacket(): could not receive data: 9
[ 41422][E][WiFiUdp.cpp:221] parsePacket(): could not receive data: 9
[ 41428][E][WiFiUdp.cpp:221] parsePacket(): could not receive data: 9
[ 41434][E][WiFiUdp.cpp:221] parsePacket(): could not receive data: 9
[ 41440][E][WiFiUdp.cpp:221] parsePacket(): could not receive data: 9
[ 41446][E][WiFiUdp.cpp:221] parsePacket(): could not receive data: 9
[ 41452][E][WiFiUdp.cpp:221] parsePacket(): could not receive data: 9
[ 41458][E][WiFiUdp.cpp:221] parsePacket(): could not receive data: 9
[ 41464][E][WiFiUdp.cpp:221] parsePacket(): could not receive data: 9
[ 41470][E][WiFiUdp.cpp:221] parsePacket(): could not receive data: 9
[ 41476][E][WiFiUdp.cpp:221] parsePacket(): could not receive data: 9
[ 41482][E][WiFiUdp.cpp:221] parsePacket(): could not receive data: 9
[ 41488][E][WiFiUdp.cpp:221] parsePacket(): could not receive data: 9
[ 41494][E][WiFiUdp.cpp:221] parsePacket(): could not receive data: 9
[ 41500][E][WiFiUdp.cpp:221] parsePacket(): could not receive data: 9
[ 41506][E][WiFiUdp.cpp:221] parsePacket(): could not receive data: 9
[ 41512][E][WiFiUdp.cpp:221] parsePacket(): could not receive data: 9
[ 41518][E][WiFiUdp.cpp:221] parsePacket(): could not receive data: 9
[ 41524][E][WiFiUdp.cpp:221] parsePacket(): could not receive data: 9
[ 41530][E][WiFiUdp.cpp:221] parsePacket(): could not receive data: 9
[ 41536][E][WiFiUdp.cpp:221] parsePacket(): could not receive data: 9
[ 41542][E][WiFiUdp.cpp:221] parsePacket(): could not receive data: 9
[ 41548][E][WiFiUdp.cpp:221] parsePacket(): could not receive data: 9
[ 41554][E][WiFiUdp.cpp:221] parsePacket(): could not receive data: 9
[ 41560][E][WiFiUdp.cpp:221] parsePacket(): could not receive data: 9
[ 41566][E][WiFiUdp.cpp:221] parsePacket(): could not receive data: 9
[ 41572][E][WiFiUdp.cpp:221] parsePacket(): could not receive data: 9
[ 41578][E][WiFiUdp.cpp:221] parsePacket(): could not receive data: 9
[ 41584][E][WiFiUdp.cpp:221] parsePacket(): could not receive data: 9
[ 41590][E][WiFiUdp.cpp:221] parsePacket(): could not receive data: 9
[ 41596][E][WiFiUdp.cpp:221] parsePacket(): could not receive data: 9
[ 41602][E][WiFiUdp.cpp:221] parsePacket(): could not receive data: 9
[ 41608][E][WiFiUdp.cpp:221] parsePacket(): could not receive data: 9
[ 41614][E][WiFiUdp.cpp:221] parsePacket(): could not receive data: 9
[ 41620][E][WiFiUdp.cpp:221] parsePacket(): could not receive data: 9
[ 41626][E][WiFiUdp.cpp:221] parsePacket(): could not receive data: 9
[ 41632][E][WiFiUdp.cpp:221] parsePacket(): could not receive data: 9
[ 41638][E][WiFiUdp.cpp:221] parsePacket(): could not receive data: 9
[ 41644][E][WiFiUdp.cpp:221] parsePacket(): could not receive data: 9
[ 41650][E][WiFiUdp.cpp:221] parsePacket(): could not receive data: 9
[ 41656][E][WiFiUdp.cpp:221] parsePacket(): could not receive data: 9
[ 41662][E][WiFiUdp.cpp:221] parsePacket(): could not receive data: 9
[ 41668][E][WiFiUdp.cpp:221] parsePacket(): could not receive data: 9
[ 41674][E][WiFiUdp.cpp:221] parsePacket(): could not receive data: 9
[ 41680][E][WiFiUdp.cpp:221] parsePacket(): could not receive data: 9
[ 41686][E][WiFiUdp.cpp:221] parsePacket(): could not receive data: 9
[ 41692][E][WiFiUdp.cpp:221] parsePacket(): could not receive data: 9
[ 41698][E][WiFiUdp.cpp:221] parsePacket(): could not receive data: 9
[ 41704][E][WiFiUdp.cpp:221] parsePacket(): could not receive data: 9
[ 41710][E][WiFiUdp.cpp:221] parsePacket(): could not receive data: 9
[ 41716][E][WiFiUdp.cpp:221] parsePacket(): could not receive data: 9
[ 41722][E][WiFiUdp.cpp:221] parsePacket(): could not receive data: 9
[ 41728][E][WiFiUdp.cpp:221] parsePacket(): could not receive data: 9
[ 41734][E][WiFiUdp.cpp:221] parsePacket(): could not receive data: 9
[ 41740][E][WiFiUdp.cpp:221] parsePacket(): could not receive data: 9
[ 41746][E][WiFiUdp.cpp:221] parsePacket(): could not receive data: 9
[ 41752][E][WiFiUdp.cpp:221] parsePacket(): could not receive data: 9
[ 41758][E][WiFiUdp.cpp:221] parsePacket(): could not receive data: 9
[ 41764][E][WiFiUdp.cpp:221] parsePacket(): could not receive data: 9
[ 41770][E][WiFiUdp.cpp:221] parsePacket(): could not receive data: 9
[ 41776][E][WiFiUdp.cpp:221] parsePacket(): could not receive data: 9
[ 41782][E][WiFiUdp.cpp:221] parsePacket(): could not receive data: 9
[ 41788][E][WiFiUdp.cpp:221] parsePacket(): could not receive data: 9
[ 41794][E][WiFiUdp.cpp:221] parsePacket(): could not receive data: 9
[ 41800][E][WiFiUdp.cpp:221] parsePacket(): could not receive data: 9
[ 41806][E][WiFiUdp.cpp:221] parsePacket(): could not receive data: 9
[ 41812][E][WiFiUdp.cpp:221] parsePacket(): could not receive data: 9
[ 41818][E][WiFiUdp.cpp:221] parsePacket(): could not receive data: 9
[ 41824][E][WiFiUdp.cpp:221] parsePacket(): could not receive data: 9
[ 41830][E][WiFiUdp.cpp:221] parsePacket(): could not receive data: 9
[ 41836][E][WiFiUdp.cpp:221] parsePacket(): could not receive data: 9
[ 41842][E][WiFiUdp.cpp:221] parsePacket(): could not receive data: 9
[ 41848][E][WiFiUdp.cpp:221] parsePacket(): could not receive data: 9
[ 41854][E][WiFiUdp.cpp:221] parsePacket(): could not receive data: 9
[ 41860][E][WiFiUdp.cpp:221] parsePacket(): could not receive data: 9
[ 41866][E][WiFiUdp.cpp:221] parsePacket(): could not receive data: 9
[ 41872][E][WiFiUdp.cpp:221] parsePacket(): could not receive data: 9
[ 41878][E][WiFiUdp.cpp:221] parsePacket(): could not receive data: 9
[ 41884][E][WiFiUdp.cpp:221] parsePacket(): could not receive data: 9
[ 41890][E][WiFiUdp.cpp:221] parsePacket(): could not receive data: 9
[ 41896][E][WiFiUdp.cpp:221] parsePacket(): could not receive data: 9
[ 41902][E][WiFiUdp.cpp:221] parsePacket(): could not receive data: 9
[ 41908][E][WiFiUdp.cpp:221] parsePacket(): could not receive data: 9
[ 41914][E][WiFiUdp.cpp:221] parsePacket(): could not receive data: 9
[ 41920][E][WiFiUdp.cpp:221] parsePacket(): could not receive data: 9
[ 41926][E][WiFiUdp.cpp:221] parsePacket(): could not receive data: 9
[ 41932][E][WiFiUdp.cpp:221] parsePacket(): could not receive data: 9
[ 41938][E][WiFiUdp.cpp:221] parsePacket(): could not receive data: 9
[ 41944][E][WiFiUdp.cpp:221] parsePacket(): could not receive data: 9
[ 41950][E][WiFiUdp.cpp:221] parsePacket(): could not receive data: 9
[ 41956][E][WiFiUdp.cpp:221] parsePacket(): could not receive data: 9
[ 41962][E][WiFiUdp.cpp:221] parsePacket(): could not receive data: 9
[ 41968][E][WiFiUdp.cpp:221] parsePacket(): could not receive data: 9
[ 41974][E][WiFiUdp.cpp:221] parsePacket(): could not receive data: 9
[ 41980][E][WiFiUdp.cpp:221] parsePacket(): could not receive data: 9
[ 41986][E][WiFiUdp.cpp:221] parsePacket(): could not receive data: 9
[ 41992][E][WiFiUdp.cpp:221] parsePacket(): could not receive data: 9
[ 41998][E][WiFiUdp.cpp:221] parsePacket(): could not receive data: 9
[ 42004][E][WiFiUdp.cpp:221] parsePacket(): could not receive data: 9
[ 42010][E][WiFiUdp.cpp:221] parsePacket(): could not receive data: 9
[ 42016][E][WiFiUdp.cpp:221] parsePacket(): could not receive data: 9
[ 42022][E][WiFiUdp.cpp:221] parsePacket(): could not receive data: 9
[ 42028][E][WiFiUdp.cpp:221] parsePacket(): could not receive data: 9
[ 42034][E][WiFiUdp.cpp:221] parsePacket(): could not receive data: 9
[ 42040][E][WiFiUdp.cpp:221] parsePacket(): could not receive data: 9
[ 42046][E][WiFiUdp.cpp:221] parsePacket(): could not receive data: 9
[ 42052][E][WiFiUdp.cpp:221] parsePacket(): could not receive data: 9
[ 42058][E][WiFiUdp.cpp:221] parsePacket(): could not receive data: 9
[ 42064][E][WiFiUdp.cpp:221] parsePacket(): could not receive data: 9
[ 42070][E][WiFiUdp.cpp:221] parsePacket(): could not receive data: 9
[ 42076][E][WiFiUdp.cpp:221] parsePacket(): could not receive data: 9
[ 42082][E][WiFiUdp.cpp:221] parsePacket(): could not receive data: 9
[ 42088][E][WiFiUdp.cpp:221] parsePacket(): could not receive data: 9
[ 42094][E][WiFiUdp.cpp:221] parsePacket(): could not receive data: 9
[ 42100][E][WiFiUdp.cpp:221] parsePacket(): could not receive data: 9
[ 42106][E][WiFiUdp.cpp:221] parsePacket(): could not receive data: 9
[ 42112][E][WiFiUdp.cpp:221] parsePacket(): could not receive data: 9
[ 42118][E][WiFiUdp.cpp:221] parsePacket(): could not receive data: 9
[ 42124][E][WiFiUdp.cpp:221] parsePacket(): could not receive data: 9
[ 42130][E][WiFiUdp.cpp:221] parsePacket(): could not receive data: 9
[ 42136][E][WiFiUdp.cpp:221] parsePacket(): could not receive data: 9
[ 42142][E][WiFiUdp.cpp:221] parsePacket(): could not receive data: 9
[ 42148][E][WiFiUdp.cpp:221] parsePacket(): could not receive data: 9
[ 42154][E][WiFiUdp.cpp:221] parsePacket(): could not receive data: 9
[ 42160][E][WiFiUdp.cpp:221] parsePacket(): could not receive data: 9
[ 42166][E][WiFiUdp.cpp:221] parsePacket(): could not receive data: 9
[ 42172][E][WiFiUdp.cpp:221] parsePacket(): could not receive data: 9
[ 42178][E][WiFiUdp.cpp:221] parsePacket(): could not receive data: 9
[ 42184][E][WiFiUdp.cpp:221] parsePacket(): could not receive data: 9
[ 42190][E][WiFiUdp.cpp:221] parsePacket(): could not receive data: 9
[ 42196][E][WiFiUdp.cpp:221] parsePacket(): could not receive data: 9
[ 42202][E][WiFiUdp.cpp:221] parsePacket(): could not receive data: 9
[ 42208][E][WiFiUdp.cpp:221] parsePacket(): could not receive data: 9
[ 42214][E][WiFiUdp.cpp:221] parsePacket(): could not receive data: 9
[ 42220][E][WiFiUdp.cpp:221] parsePacket(): could not receive data: 9
[ 42226][E][WiFiUdp.cpp:221] parsePacket(): could not receive data: 9
[ 42232][E][WiFiUdp.cpp:221] parsePacket(): could not receive data: 9
[ 42238][E][WiFiUdp.cpp:221] parsePacket(): could not receive data: 9
[ 42244][E][WiFiUdp.cpp:221] parsePacket(): could not receive data: 9
[ 42250][E][WiFiUdp.cpp:221] parsePacket(): could not receive data: 9
[ 42256][E][WiFiUdp.cpp:221] parsePacket(): could not receive data: 9
[ 42262][E][WiFiUdp.cpp:221] parsePacket(): could not receive data: 9
[ 42268][E][WiFiUdp.cpp:221] parsePacket(): could not receive data: 9
[ 42274][E][WiFiUdp.cpp:221] parsePacket(): could not receive data: 9
[ 42280][E][WiFiUdp.cpp:221] parsePacket(): could not receive data: 9
[ 42286][E][WiFiUdp.cpp:221] parsePacket(): could not receive data: 9
[ 42292][E][WiFiUdp.cpp:221] parsePacket(): could not receive data: 9
[ 42298][E][WiFiUdp.cpp:221] parsePacket(): could not receive data: 9
[ 42304][E][WiFiUdp.cpp:221] parsePacket(): could not receive data: 9
[ 42310][E][WiFiUdp.cpp:221] parsePacket(): could not receive data: 9
[ 42316][E][WiFiUdp.cpp:221] parsePacket(): could not receive data: 9
[ 42322][E][WiFiUdp.cpp:221] parsePacket(): could not receive data: 9
[ 42328][E][WiFiUdp.cpp:221] parsePacket(): could not receive data: 9
[ 42334][E][WiFiUdp.cpp:221] parsePacket(): could not receive data: 9
[ 42340][E][WiFiUdp.cpp:221] parsePacket(): could not receive data: 9
[ 42346][E][WiFiUdp.cpp:221] parsePacket(): could not receive data: 9
[ 42352][E][WiFiUdp.cpp:221] parsePacket(): could not receive data: 9
[ 42358][E][WiFiUdp.cpp:221] parsePacket(): could not receive data: 9
[ 42364][E][WiFiUdp.cpp:221] parsePacket(): could not receive data: 9
[ 42370][E][WiFiUdp.cpp:221] parsePacket(): could not receive data: 9
[ 42376][E][WiFiUdp.cpp:221] parsePacket(): could not receive data: 9
[ 42382][E][WiFiUdp.cpp:221] parsePacket(): could not receive data: 9
[ 42388][E][WiFiUdp.cpp:221] parsePacket(): could not receive data: 9
[ 42394][E][WiFiUdp.cpp:221] parsePacket(): could not receive data: 9
[ 42400][E][WiFiUdp.cpp:221] parsePacket(): could not receive data: 9
[ 42406][E][WiFiUdp.cpp:221] parsePacket(): could not receive data: 9
[ 42412][E][WiFiUdp.cpp:221] parsePacket(): could not receive data: 9
[ 42418][E][WiFiUdp.cpp:221] parsePacket(): could not receive data: 9
[ 42424][E][WiFiUdp.cpp:221] parsePacket(): could not receive data: 9
[ 42430][E][WiFiUdp.cpp:221] parsePacket(): could not receive data: 9
[ 42436][E][WiFiUdp.cpp:221] parsePacket(): could not receive data: 9
[ 42442][E][WiFiUdp.cpp:221] parsePacket(): could not receive data: 9
[ 42448][E][WiFiUdp.cpp:221] parsePacket(): could not receive data: 9
[ 42454][E][WiFiUdp.cpp:221] parsePacket(): could not receive data: 9
[ 42460][E][WiFiUdp.cpp:221] parsePacket(): could not receive data: 9
[ 42466][E][WiFiUdp.cpp:221] parsePacket(): could not receive data: 9
[ 42472][E][WiFiUdp.cpp:221] parsePacket(): could not receive data: 9
[ 42478][E][WiFiUdp.cpp:221] parsePacket(): could not receive data: 9
[ 42484][E][WiFiUdp.cpp:221] parsePacket(): could not receive data: 9
[ 42490][E][WiFiUdp.cpp:221] parsePacket(): could not receive data: 9
[ 42496][E][WiFiUdp.cpp:221] parsePacket(): could not receive data: 9
[ 42502][E][WiFiUdp.cpp:221] parsePacket(): could not receive data: 9
[ 42508][E][WiFiUdp.cpp:221] parsePacket(): could not receive data: 9
[ 42514][E][WiFiUdp.cpp:221] parsePacket(): could not receive data: 9
[ 42520][E][WiFiUdp.cpp:221] parsePacket(): could not receive data: 9
[ 42526][E][WiFiUdp.cpp:221] parsePacket(): could not receive data: 9
[ 42532][E][WiFiUdp.cpp:221] parsePacket(): could not receive data: 9
[ 42538][E][WiFiUdp.cpp:221] parsePacket(): could not receive data: 9
[ 42544][E][WiFiUdp.cpp:221] parsePacket(): could not receive data: 9
[ 42550][E][WiFiUdp.cpp:221] parsePacket(): could not receive data: 9
[ 42556][E][WiFiUdp.cpp:221] parsePacket(): could not receive data: 9
[ 42562][E][WiFiUdp.cpp:221] parsePacket(): could not receive data: 9
[ 42568][E][WiFiUdp.cpp:221] parsePacket(): could not receive data: 9
[ 42574][E][WiFiUdp.cpp:221] parsePacket(): could not receive data: 9
[ 42580][E][WiFiUdp.cpp:221] parsePacket(): could not receive data: 9
[ 42586][E][WiFiUdp.cpp:221] parsePacket(): could not receive data: 9
[ 42592][E][WiFiUdp.cpp:221] parsePacket(): could not receive data: 9
[ 42598][E][WiFiUdp.cpp:221] parsePacket(): could not receive data: 9
[ 42604][E][WiFiUdp.cpp:221] parsePacket(): could not receive data: 9
[ 42610][E][WiFiUdp.cpp:221] parsePacket(): could not receive data: 9
[ 42616][E][WiFiUdp.cpp:221] parsePacket(): could not receive data: 9
[ 42622][E][WiFiUdp.cpp:221] parsePacket(): could not receive data: 9
[ 42628][E][WiFiUdp.cpp:221] parsePacket(): could not receive data: 9
[ 42634][E][WiFiUdp.cpp:221] parsePacket(): could not receive data: 9
[ 42640][E][WiFiUdp.cpp:221] parsePacket(): could not receive data: 9
[ 42646][E][WiFiUdp.cpp:221] parsePacket(): could not receive data: 9
[ 42652][E][WiFiUdp.cpp:221] parsePacket(): could not receive data: 9
[ 42658][E][WiFiUdp.cpp:221] parsePacket(): could not receive data: 9
[ 42664][E][WiFiUdp.cpp:221] parsePacket(): could not receive data: 9
[ 42670][E][WiFiUdp.cpp:221] parsePacket(): could not receive data: 9
[ 42676][E][WiFiUdp.cpp:221] parsePacket(): could not receive data: 9
[ 42682][E][WiFiUdp.cpp:221] parsePacket(): could not receive data: 9
[ 42688][E][WiFiUdp.cpp:221] parsePacket(): could not receive data: 9
[ 42694][E][WiFiUdp.cpp:221] parsePacket(): could not receive data: 9
[ 42700][E][WiFiUdp.cpp:221] parsePacket(): could not receive data: 9
[ 42706][E][WiFiUdp.cpp:221] parsePacket(): could not receive data: 9
[ 42712][E][WiFiUdp.cpp:221] parsePacket(): could not receive data: 9
[ 42718][E][WiFiUdp.cpp:221] parsePacket(): could not receive data: 9
[ 42724][E][WiFiUdp.cpp:221] parsePacket(): could not receive data: 9
[ 42730][E][WiFiUdp.cpp:221] parsePacket(): could not receive data: 9
[ 42736][E][WiFiUdp.cpp:221] parsePacket(): could not receive data: 9
[ 42742][E][WiFiUdp.cpp:221] parsePacket(): could not receive data: 9
[ 42748][E][WiFiUdp.cpp:221] parsePacket(): could not receive data: 9
[ 42754][E][WiFiUdp.cpp:221] parsePacket(): could not receive data: 9
[ 42760][E][WiFiUdp.cpp:221] parsePacket(): could not receive data: 9
[ 42766][E][WiFiUdp.cpp:221] parsePacket(): could not receive data: 9
[ 42772][E][WiFiUdp.cpp:221] parsePacket(): could not receive data: 9
[ 42778][E][WiFiUdp.cpp:221] parsePacket(): could not receive data: 9
[ 42784][E][WiFiUdp.cpp:221] parsePacket(): could not receive data: 9
[ 42790][E][WiFiUdp.cpp:221] parsePacket(): could not receive data: 9
[ 42796][E][WiFiUdp.cpp:221] parsePacket(): could not receive data: 9
[ 42802][E][WiFiUdp.cpp:221] parsePacket(): could not receive data: 9
[ 42808][E][WiFiUdp.cpp:221] parsePacket(): could not receive data: 9
[ 42814][E][WiFiUdp.cpp:221] parsePacket(): could not receive data: 9
[ 42820][E][WiFiUdp.cpp:221] parsePacket(): could not receive data: 9
[ 42826][E][WiFiUdp.cpp:221] parsePacket(): could not receive data: 9
[ 42832][E][WiFiUdp.cpp:221] parsePacket(): could not receive data: 9
[ 42838][E][WiFiUdp.cpp:221] parsePacket(): could not receive data: 9
[ 42844][E][WiFiUdp.cpp:221] parsePacket(): could not receive data: 9
[ 42850][E][WiFiUdp.cpp:221] parsePacket(): could not receive data: 9
[ 42856][E][WiFiUdp.cpp:221] parsePacket(): could not receive data: 9
[ 42862][E][WiFiUdp.cpp:221] parsePacket(): could not receive data: 9
[ 42868][E][WiFiUdp.cpp:221] parsePacket(): could not receive data: 9
[ 42874][E][WiFiUdp.cpp:221] parsePacket(): could not receive data: 9
[ 42880][E][WiFiUdp.cpp:221] parsePacket(): could not receive data: 9
[ 42885][E][WiFiUdp.cpp:221] parsePacket(): could not receive data: 9
[ 42891][E][WiFiUdp.cpp:221] parsePacket(): could not receive data: 9
[ 42897][E][WiFiUdp.cpp:221] parsePacket(): could not receive data: 9
[ 42903][E][WiFiUdp.cpp:221] parsePacket(): could not receive data: 9
[ 42909][E][WiFiUdp.cpp:221] parsePacket(): could not receive data: 9
[ 42915][E][WiFiUdp.cpp:221] parsePacket(): could not receive data: 9
[ 42921][E][WiFiUdp.cpp:221] parsePacket(): could not receive data: 9
[ 42927][E][WiFiUdp.cpp:221] parsePacket(): could not receive data: 9
[ 42933][E][WiFiUdp.cpp:221] parsePacket(): could not receive data: 9
[ 42939][E][WiFiUdp.cpp:221] parsePacket(): could not receive data: 9
[ 42945][E][WiFiUdp.cpp:221] parsePacket(): could not receive data: 9
[ 42951][E][WiFiUdp.cpp:221] parsePacket(): could not receive data: 9
[ 42957][E][WiFiUdp.cpp:221] parsePacket(): could not receive data: 9
[ 42963][E][WiFiUdp.cpp:221] parsePacket(): could not receive data: 9
[ 42969][E][WiFiUdp.cpp:221] parsePacket(): could not receive data: 9
[ 42975][E][WiFiUdp.cpp:221] parsePacket(): could not receive data: 9
[ 42981][E][WiFiUdp.cpp:221] parsePacket(): could not receive data: 9
[ 42987][E][WiFiUdp.cpp:221] parsePacket(): could not receive data: 9
[ 42993][E][WiFiUdp.cpp:221] parsePacket(): could not receive data: 9
[ 42999][E][WiFiUdp.cpp:221] parsePacket(): could not receive data: 9
[ 43005][E][WiFiUdp.cpp:221] parsePacket(): could not receive data: 9
[ 43011][E][WiFiUdp.cpp:221] parsePacket(): could not receive data: 9
[ 43017][E][WiFiUdp.cpp:221] parsePacket(): could not receive data: 9
[ 43023][E][WiFiUdp.cpp:221] parsePacket(): could not receive data: 9
[ 43029][E][WiFiUdp.cpp:221] parsePacket(): could not receive data: 9
[ 43035][E][WiFiUdp.cpp:221] parsePacket(): could not receive data: 9
[ 43041][E][WiFiUdp.cpp:221] parsePacket(): could not receive data: 9
[ 43047][E][WiFiUdp.cpp:221] parsePacket(): could not receive data: 9
[ 43053][E][WiFiUdp.cpp:221] parsePacket(): could not receive data: 9
[ 43059][E][WiFiUdp.cpp:221] parsePacket(): could not receive data: 9
[ 43065][E][WiFiUdp.cpp:221] parsePacket(): could not receive data: 9
[ 43071][E][WiFiUdp.cpp:221] parsePacket(): could not receive data: 9
[ 43077][E][WiFiUdp.cpp:221] parsePacket(): could not receive data: 9
[ 43083][E][WiFiUdp.cpp:221] parsePacket(): could not receive data: 9
[ 43089][E][WiFiUdp.cpp:221] parsePacket(): could not receive data: 9
[ 43095][E][WiFiUdp.cpp:221] parsePacket(): could not receive data: 9
[ 43101][E][WiFiUdp.cpp:221] parsePacket(): could not receive data: 9
[ 43107][E][WiFiUdp.cpp:221] parsePacket(): could not receive data: 9
[ 43113][E][WiFiUdp.cpp:221] parsePacket(): could not receive data: 9
[ 43119][E][WiFiUdp.cpp:221] parsePacket(): could not receive data: 9
[ 43125][E][WiFiUdp.cpp:221] parsePacket(): could not receive data: 9
[ 43131][E][WiFiUdp.cpp:221] parsePacket(): could not receive data: 9
[ 43137][E][WiFiUdp.cpp:221] parsePacket(): could not receive data: 9
[ 43143][E][WiFiUdp.cpp:221] parsePacket(): could not receive data: 9
[ 43149][E][WiFiUdp.cpp:221] parsePacket(): could not receive data: 9
[ 43155][E][WiFiUdp.cpp:221] parsePacket(): could not receive data: 9
[ 43161][E][WiFiUdp.cpp:221] parsePacket(): could not receive data: 9
[ 43167][E][WiFiUdp.cpp:221] parsePacket(): could not receive data: 9
[ 43173][E][WiFiUdp.cpp:221] parsePacket(): could not receive data: 9
[ 43179][E][WiFiUdp.cpp:221] parsePacket(): could not receive data: 9
[ 43185][E][WiFiUdp.cpp:221] parsePacket(): could not receive data: 9
[ 43191][E][WiFiUdp.cpp:221] parsePacket(): could not receive data: 9
[ 43197][E][WiFiUdp.cpp:221] parsePacket(): could not receive data: 9
[ 43203][E][WiFiUdp.cpp:221] parsePacket(): could not receive data: 9
[ 43209][E][WiFiUdp.cpp:221] parsePacket(): could not receive data: 9
[ 43215][E][WiFiUdp.cpp:221] parsePacket(): could not receive data: 9
[ 43221][E][WiFiUdp.cpp:221] parsePacket(): could not receive data: 9
[ 43227][E][WiFiUdp.cpp:221] parsePacket(): could not receive data: 9
[ 43233][E][WiFiUdp.cpp:221] parsePacket(): could not receive data: 9
[ 43239][E][WiFiUdp.cpp:221] parsePacket(): could not receive data: 9
[ 43245][E][WiFiUdp.cpp:221] parsePacket(): could not receive data: 9
[ 43251][E][WiFiUdp.cpp:221] parsePacket(): could not receive data: 9
[ 43257][E][WiFiUdp.cpp:221] parsePacket(): could not receive data: 9
[ 43263][E][WiFiUdp.cpp:221] parsePacket(): could not receive data: 9
[ 43269][E][WiFiUdp.cpp:221] parsePacket(): could not receive data: 9
[ 43275][E][WiFiUdp.cpp:221] parsePacket(): could not receive data: 9
[ 43281][E][WiFiUdp.cpp:221] parsePacket(): could not receive data: 9
[ 43287][E][WiFiUdp.cpp:221] parsePacket(): could not receive data: 9
[ 43293][E][WiFiUdp.cpp:221] parsePacket(): could not receive data: 9
[ 43299][E][WiFiUdp.cpp:221] parsePacket(): could not receive data: 9
[ 43305][E][WiFiUdp.cpp:221] parsePacket(): could not receive data: 9
[ 43311][E][WiFiUdp.cpp:221] parsePacket(): could not receive data: 9
[ 43317][E][WiFiUdp.cpp:221] parsePacket(): could not receive data: 9
[ 43323][E][WiFiUdp.cpp:221] parsePacket(): could not receive data: 9
[ 43329][E][WiFiUdp.cpp:221] parsePacket(): could not receive data: 9
[ 43335][E][WiFiUdp.cpp:221] parsePacket(): could not receive data: 9
[ 43341][E][WiFiUdp.cpp:221] parsePacket(): could not receive data: 9
[ 43347][E][WiFiUdp.cpp:221] parsePacket(): could not receive data: 9
[ 43353][E][WiFiUdp.cpp:221] parsePacket(): could not receive data: 9
[ 43359][E][WiFiUdp.cpp:221] parsePacket(): could not receive data: 9
[ 43365][E][WiFiUdp.cpp:221] parsePacket(): could not receive data: 9
[ 43371][E][WiFiUdp.cpp:221] parsePacket(): could not receive data: 9
[ 43377][E][WiFiUdp.cpp:221] parsePacket(): could not receive data: 9
[ 43383][E][WiFiUdp.cpp:221] parsePacket(): could not receive data: 9
[ 43389][E][WiFiUdp.cpp:221] parsePacket(): could not receive data: 9
[ 43395][E][WiFiUdp.cpp:221] parsePacket(): could not receive data: 9
[ 43401][E][WiFiUdp.cpp:221] parsePacket(): could not receive data: 9
[ 43407][E][WiFiUdp.cpp:221] parsePacket(): could not receive data: 9
[ 43413][E][WiFiUdp.cpp:221] parsePacket(): could not receive data: 9
[ 43419][E][WiFiUdp.cpp:221] parsePacket(): could not receive data: 9
[ 43425][E][WiFiUdp.cpp:221] parsePacket(): could not receive data: 9
[ 43431][E][WiFiUdp.cpp:221] parsePacket(): could not receive data: 9
[ 43437][E][WiFiUdp.cpp:221] parsePacket(): could not receive data: 9
[ 43443][E][WiFiUdp.cpp:221] parsePacket(): could not receive data: 9
[ 43449][E][WiFiUdp.cpp:221] parsePacket(): could not receive data: 9
[ 43455][E][WiFiUdp.cpp:221] parsePacket(): could not receive data: 9
[ 43461][E][WiFiUdp.cpp:221] parsePacket(): could not receive data: 9
[ 43467][E][WiFiUdp.cpp:221] parsePacket(): could not receive data: 9
[ 43473][E][WiFiUdp.cpp:221] parsePacket(): could not receive data: 9
[ 43479][E][WiFiUdp.cpp:221] parsePacket(): could not receive data: 9
[ 43485][E][WiFiUdp.cpp:221] parsePacket(): could not receive data: 9
[ 43491][E][WiFiUdp.cpp:221] parsePacket(): could not receive data: 9
[ 43497][E][WiFiUdp.cpp:221] parsePacket(): could not receive data: 9
[ 43503][E][WiFiUdp.cpp:221] parsePacket(): could not receive data: 9
[ 43509][E][WiFiUdp.cpp:221] parsePacket(): could not receive data: 9
[ 43515][E][WiFiUdp.cpp:221] parsePacket(): could not receive data: 9
[ 43521][E][WiFiUdp.cpp:221] parsePacket(): could not receive data: 9
[ 43527][E][WiFiUdp.cpp:221] parsePacket(): could not receive data: 9
[ 43533][E][WiFiUdp.cpp:221] parsePacket(): could not receive data: 9
[ 43539][E][WiFiUdp.cpp:221] parsePacket(): could not receive data: 9
[ 43545][E][WiFiUdp.cpp:221] parsePacket(): could not receive data: 9
[ 43551][E][WiFiUdp.cpp:221] parsePacket(): could not receive data: 9
[ 43557][E][WiFiUdp.cpp:221] parsePacket(): could not receive data: 9
[ 43563][E][WiFiUdp.cpp:221] parsePacket(): could not receive data: 9
[ 43569][E][WiFiUdp.cpp:221] parsePacket(): could not receive data: 9
[ 43575][E][WiFiUdp.cpp:221] parsePacket(): could not receive data: 9
[ 43581][E][WiFiUdp.cpp:221] parsePacket(): could not receive data: 9
[ 43587][E][WiFiUdp.cpp:221] parsePacket(): could not receive data: 9
[ 43593][E][WiFiUdp.cpp:221] parsePacket(): could not receive data: 9
[ 43599][E][WiFiUdp.cpp:221] parsePacket(): could not receive data: 9
[ 43605][E][WiFiUdp.cpp:221] parsePacket(): could not receive data: 9
[ 43611][E][WiFiUdp.cpp:221] parsePacket(): could not receive data: 9
[ 43617][E][WiFiUdp.cpp:221] parsePacket(): could not receive data: 9
[ 43623][E][WiFiUdp.cpp:221] parsePacket(): could not receive data: 9
[ 43629][E][WiFiUdp.cpp:221] parsePacket(): could not receive data: 9
[ 43635][E][WiFiUdp.cpp:221] parsePacket(): could not receive data: 9
[ 43641][E][WiFiUdp.cpp:221] parsePacket(): could not receive data: 9
[ 43647][E][WiFiUdp.cpp:221] parsePacket(): could not receive data: 9
[ 43653][E][WiFiUdp.cpp:221] parsePacket(): could not receive data: 9
[ 43659][E][WiFiUdp.cpp:221] parsePacket(): could not receive data: 9
[ 43665][E][WiFiUdp.cpp:221] parsePacket(): could not receive data: 9
[ 43671][E][WiFiUdp.cpp:221] parsePacket(): could not receive data: 9
[ 43677][E][WiFiUdp.cpp:221] parsePacket(): could not receive data: 9
[ 43683][E][WiFiUdp.cpp:221] parsePacket(): could not receive data: 9
[ 43689][E][WiFiUdp.cpp:221] parsePacket(): could not receive data: 9
[ 43695][E][WiFiUdp.cpp:221] parsePacket(): could not receive data: 9
[ 43701][E][WiFiUdp.cpp:221] parsePacket(): could not receive data: 9
[ 43707][E][WiFiUdp.cpp:221] parsePacket(): could not receive data: 9
[ 43713][E][WiFiUdp.cpp:221] parsePacket(): could not receive data: 9
[ 43719][E][WiFiUdp.cpp:221] parsePacket(): could not receive data: 9
[ 43725][E][WiFiUdp.cpp:221] parsePacket(): could not receive data: 9
[ 43731][E][WiFiUdp.cpp:221] parsePacket(): could not receive data: 9
[ 43737][E][WiFiUdp.cpp:221] parsePacket(): could not receive data: 9
[ 43743][E][WiFiUdp.cpp:221] parsePacket(): could not receive data: 9
[ 43749][E][WiFiUdp.cpp:221] parsePacket(): could not receive data: 9
[ 43755][E][WiFiUdp.cpp:221] parsePacket(): could not receive data: 9
[ 43761][E][WiFiUdp.cpp:221] parsePacket(): could not receive data: 9
[ 43767][E][WiFiUdp.cpp:221] parsePacket(): could not receive data: 9
[ 43773][E][WiFiUdp.cpp:221] parsePacket(): could not receive data: 9
[ 43779][E][WiFiUdp.cpp:221] parsePacket(): could not receive data: 9
[ 43785][E][WiFiUdp.cpp:221] parsePacket(): could not receive data: 9
[ 43791][E][WiFiUdp.cpp:221] parsePacket(): could not receive data: 9
[ 43797][E][WiFiUdp.cpp:221] parsePacket(): could not receive data: 9
[ 43803][E][WiFiUdp.cpp:221] parsePacket(): could not receive data: 9
[ 43809][E][WiFiUdp.cpp:221] parsePacket(): could not receive data: 9
[ 43815][E][WiFiUdp.cpp:221] parsePacket(): could not receive data: 9
[ 43821][E][WiFiUdp.cpp:221] parsePacket(): could not receive data: 9
[ 43827][E][WiFiUdp.cpp:221] parsePacket(): could not receive data: 9
[ 43833][E][WiFiUdp.cpp:221] parsePacket(): could not receive data: 9
[ 43839][E][WiFiUdp.cpp:221] parsePacket(): could not receive data: 9
[ 43845][E][WiFiUdp.cpp:221] parsePacket(): could not receive data: 9
[ 43851][E][WiFiUdp.cpp:221] parsePacket(): could not receive data: 9
[ 43857][E][WiFiUdp.cpp:221] parsePacket(): could not receive data: 9
[ 43863][E][WiFiUdp.cpp:221] parsePacket(): could not receive data: 9
[ 43869][E][WiFiUdp.cpp:221] parsePacket(): could not receive data: 9
[ 43875][E][WiFiUdp.cpp:221] parsePacket(): could not receive data: 9
[ 43881][E][WiFiUdp.cpp:221] parsePacket(): could not receive data: 9
[ 43887][E][WiFiUdp.cpp:221] parsePacket(): could not receive data: 9
[ 43893][E][WiFiUdp.cpp:221] parsePacket(): could not receive data: 9
[ 43899][E][WiFiUdp.cpp:221] parsePacket(): could not receive data: 9
[ 43905][E][WiFiUdp.cpp:221] parsePacket(): could not receive data: 9
[ 43911][E][WiFiUdp.cpp:221] parsePacket(): could not receive data: 9
[ 43917][E][WiFiUdp.cpp:221] parsePacket(): could not receive data: 9
[ 43923][E][WiFiUdp.cpp:221] parsePacket(): could not receive data: 9
[ 43929][E][WiFiUdp.cpp:221] parsePacket(): could not receive data: 9
[ 43935][E][WiFiUdp.cpp:221] parsePacket(): could not receive data: 9
[ 43941][E][WiFiUdp.cpp:221] parsePacket(): could not receive data: 9
[ 43947][E][WiFiUdp.cpp:221] parsePacket(): could not receive data: 9
[ 43953][E][WiFiUdp.cpp:221] parsePacket(): could not receive data: 9
[ 43959][E][WiFiUdp.cpp:221] parsePacket(): could not receive data: 9
[ 43965][E][WiFiUdp.cpp:221] parsePacket(): could not receive data: 9
[ 43971][E][WiFiUdp.cpp:221] parsePacket(): could not receive data: 9
[ 43977][E][WiFiUdp.cpp:221] parsePacket(): could not receive data: 9
[ 43983][E][WiFiUdp.cpp:221] parsePacket(): could not receive data: 9
[ 43989][E][WiFiUdp.cpp:221] parsePacket(): could not receive data: 9
[ 43995][E][WiFiUdp.cpp:221] parsePacket(): could not receive data: 9
[ 44001][E][WiFiUdp.cpp:221] parsePacket(): could not receive data: 9
[ 44007][E][WiFiUdp.cpp:221] parsePacket(): could not receive data: 9
[ 44013][E][WiFiUdp.cpp:221] parsePacket(): could not receive data: 9
[ 44019][E][WiFiUdp.cpp:221] parsePacket(): could not receive data: 9
[ 44025][E][WiFiUdp.cpp:221] parsePacket(): could not receive data: 9
[ 44031][E][WiFiUdp.cpp:221] parsePacket(): could not receive data: 9
[ 44037][E][WiFiUdp.cpp:221] parsePacket(): could not receive data: 9
[ 44043][E][WiFiUdp.cpp:221] parsePacket(): could not receive data: 9
[ 44049][E][WiFiUdp.cpp:221] parsePacket(): could not receive data: 9
[ 44055][E][WiFiUdp.cpp:221] parsePacket(): could not receive data: 9
[ 44061][E][WiFiUdp.cpp:221] parsePacket(): could not receive data: 9
[ 44067][E][WiFiUdp.cpp:221] parsePacket(): could not receive data: 9
[ 44073][E][WiFiUdp.cpp:221] parsePacket(): could not receive data: 9
[ 44079][E][WiFiUdp.cpp:221] parsePacket(): could not receive data: 9
[ 44085][E][WiFiUdp.cpp:221] parsePacket(): could not receive data: 9
[ 44091][E][WiFiUdp.cpp:221] parsePacket(): could not receive data: 9
[ 44097][E][WiFiUdp.cpp:221] parsePacket(): could not receive data: 9
[ 44103][E][WiFiUdp.cpp:221] parsePacket(): could not receive data: 9
[ 44109][E][WiFiUdp.cpp:221] parsePacket(): could not receive data: 9
[ 44115][E][WiFiUdp.cpp:221] parsePacket(): could not receive data: 9
[ 44121][E][WiFiUdp.cpp:221] parsePacket(): could not receive data: 9
[ 44127][E][WiFiUdp.cpp:221] parsePacket(): could not receive data: 9
[ 44133][E][WiFiUdp.cpp:221] parsePacket(): could not receive data: 9
[ 44139][E][WiFiUdp.cpp:221] parsePacket(): could not receive data: 9
[ 44145][E][WiFiUdp.cpp:221] parsePacket(): could not receive data: 9
[ 44151][E][WiFiUdp.cpp:221] parsePacket(): could not receive data: 9
[ 44157][E][WiFiUdp.cpp:221] parsePacket(): could not receive data: 9
[ 44163][E][WiFiUdp.cpp:221] parsePacket(): could not receive data: 9
[ 44169][E][WiFiUdp.cpp:221] parsePacket(): could not receive data: 9
[ 44175][E][WiFiUdp.cpp:221] parsePacket(): could not receive data: 9
[ 44181][E][WiFiUdp.cpp:221] parsePacket(): could not receive data: 9
[ 44187][E][WiFiUdp.cpp:221] parsePacket(): could not receive data: 9
[ 44193][E][WiFiUdp.cpp:221] parsePacket(): could not receive data: 9
[ 44199][E][WiFiUdp.cpp:221] parsePacket(): could not receive data: 9
[ 44205][E][WiFiUdp.cpp:221] parsePacket(): could not receive data: 9
[ 44211][E][WiFiUdp.cpp:221] parsePacket(): could not receive data: 9
[ 44217][E][WiFiUdp.cpp:221] parsePacket(): could not receive data: 9
[ 44223][E][WiFiUdp.cpp:221] parsePacket(): could not receive data: 9
[ 44229][E][WiFiUdp.cpp:221] parsePacket(): could not receive data: 9
[ 44235][E][WiFiUdp.cpp:221] parsePacket(): could not receive data: 9
[ 44241][E][WiFiUdp.cpp:221] parsePacket(): could not receive data: 9
[ 44247][E][WiFiUdp.cpp:221] parsePacket(): could not receive data: 9
[ 44253][E][WiFiUdp.cpp:221] parsePacket(): could not receive data: 9
[ 44259][E][WiFiUdp.cpp:221] parsePacket(): could not receive data: 9
[ 44265][E][WiFiUdp.cpp:221] parsePacket(): could not receive data: 9
[ 44271][E][WiFiUdp.cpp:221] parsePacket(): could not receive data: 9
[ 44277][E][WiFiUdp.cpp:221] parsePacket(): could not receive data: 9
[ 44283][E][WiFiUdp.cpp:221] parsePacket(): could not receive data: 9
[ 44289][E][WiFiUdp.cpp:221] parsePacket(): could not receive data: 9
[ 44295][E][WiFiUdp.cpp:221] parsePacket(): could not receive data: 9
[ 44301][E][WiFiUdp.cpp:221] parsePacket(): could not receive data: 9
[ 44307][E][WiFiUdp.cpp:221] parsePacket(): could not receive data: 9
[ 44313][E][WiFiUdp.cpp:221] parsePacket(): could not receive data: 9
[ 44319][E][WiFiUdp.cpp:221] parsePacket(): could not receive data: 9
[ 44325][E][WiFiUdp.cpp:221] parsePacket(): could not receive data: 9
[ 44331][E][WiFiUdp.cpp:221] parsePacket(): could not receive data: 9
[ 44337][E][WiFiUdp.cpp:221] parsePacket(): could not receive data: 9
[ 44343][E][WiFiUdp.cpp:221] parsePacket(): could not receive data: 9
[ 44349][E][WiFiUdp.cpp:221] parsePacket(): could not receive data: 9
[ 44355][E][WiFiUdp.cpp:221] parsePacket(): could not receive data: 9
[ 44361][E][WiFiUdp.cpp:221] parsePacket(): could not receive data: 9
[ 44367][E][WiFiUdp.cpp:221] parsePacket(): could not receive data: 9
[ 44373][E][WiFiUdp.cpp:221] parsePacket(): could not receive data: 9
[ 44379][E][WiFiUdp.cpp:221] parsePacket(): could not receive data: 9
[ 44385][E][WiFiUdp.cpp:221] parsePacket(): could not receive data: 9
[ 44391][E][WiFiUdp.cpp:221] parsePacket(): could not receive data: 9
[ 44397][E][WiFiUdp.cpp:221] parsePacket(): could not receive data: 9
[ 44403][E][WiFiUdp.cpp:221] parsePacket(): could not receive data: 9
[ 44409][E][WiFiUdp.cpp:221] parsePacket(): could not receive data: 9
[ 44415][E][WiFiUdp.cpp:221] parsePacket(): could not receive data: 9
[ 44421][E][WiFiUdp.cpp:221] parsePacket(): could not receive data: 9
[ 44427][E][WiFiUdp.cpp:221] parsePacket(): could not receive data: 9
[ 44433][E][WiFiUdp.cpp:221] parsePacket(): could not receive data: 9
[ 44439][E][WiFiUdp.cpp:221] parsePacket(): could not receive data: 9
[ 44445][E][WiFiUdp.cpp:221] parsePacket(): could not receive data: 9
[ 44451][E][WiFiUdp.cpp:221] parsePacket(): could not receive data: 9
[ 44457][E][WiFiUdp.cpp:221] parsePacket(): could not receive data: 9
[ 44463][E][WiFiUdp.cpp:221] parsePacket(): could not receive data: 9
[ 44469][E][WiFiUdp.cpp:221] parsePacket(): could not receive data: 9
[ 44475][E][WiFiUdp.cpp:221] parsePacket(): could not receive data: 9
[ 44481][E][WiFiUdp.cpp:221] parsePacket(): could not receive data: 9
[ 44487][E][WiFiUdp.cpp:221] parsePacket(): could not receive data: 9
[ 44493][E][WiFiUdp.cpp:221] parsePacket(): could not receive data: 9
[ 44499][E][WiFiUdp.cpp:221] parsePacket(): could not receive data: 9
[ 44505][E][WiFiUdp.cpp:221] parsePacket(): could not receive data: 9
[ 44511][E][WiFiUdp.cpp:221] parsePacket(): could not receive data: 9
[ 44516][E][WiFiUdp.cpp:221] parsePacket(): could not receive data: 9
[ 44522][E][WiFiUdp.cpp:221] parsePacket(): could not receive data: 9
[ 44528][E][WiFiUdp.cpp:221] parsePacket(): could not receive data: 9
[ 44534][E][WiFiUdp.cpp:221] parsePacket(): could not receive data: 9
[ 44540][E][WiFiUdp.cpp:221] parsePacket(): could not receive data: 9
[ 44546][E][WiFiUdp.cpp:221] parsePacket(): could not receive data: 9
[ 44552][E][WiFiUdp.cpp:221] parsePacket(): could not receive data: 9
[ 44558][E][WiFiUdp.cpp:221] parsePacket(): could not receive data: 9
[ 44564][E][WiFiUdp.cpp:221] parsePacket(): could not receive data: 9
[ 44570][E][WiFiUdp.cpp:221] parsePacket(): could not receive data: 9
[ 44576][E][WiFiUdp.cpp:221] parsePacket(): could not receive data: 9
[ 44582][E][WiFiUdp.cpp:221] parsePacket(): could not receive data: 9
[ 44588][E][WiFiUdp.cpp:221] parsePacket(): could not receive data: 9
[ 44594][E][WiFiUdp.cpp:221] parsePacket(): could not receive data: 9
[ 44600][E][WiFiUdp.cpp:221] parsePacket(): could not receive data: 9
[ 44606][E][WiFiUdp.cpp:221] parsePacket(): could not receive data: 9
[ 44612][E][WiFiUdp.cpp:221] parsePacket(): could not receive data: 9
[ 44618][E][WiFiUdp.cpp:221] parsePacket(): could not receive data: 9
[ 44624][E][WiFiUdp.cpp:221] parsePacket(): could not receive data: 9
[ 44630][E][WiFiUdp.cpp:221] parsePacket(): could not receive data: 9
[ 44636][E][WiFiUdp.cpp:221] parsePacket(): could not receive data: 9
[ 44642][E][WiFiUdp.cpp:221] parsePacket(): could not receive data: 9
[ 44648][E][WiFiUdp.cpp:221] parsePacket(): could not receive data: 9
[ 44653][E][WiFiUdp.cpp:221] parsePacket(): could not receive data: 9
[ 44659][E][WiFiUdp.cpp:221] parsePacket(): could not receive data: 9
[ 44665][E][WiFiUdp.cpp:221] parsePacket(): could not receive data: 9
[ 44671][E][WiFiUdp.cpp:221] parsePacket(): could not receive data: 9
[ 44677][E][WiFiUdp.cpp:221] parsePacket(): could not receive data: 9
[ 44683][E][WiFiUdp.cpp:221] parsePacket(): could not receive data: 9
[ 44689][E][WiFiUdp.cpp:221] parsePacket(): could not receive data: 9
[ 44695][E][WiFiUdp.cpp:221] parsePacket(): could not receive data: 9
[ 44701][E][WiFiUdp.cpp:221] parsePacket(): could not receive data: 9
[ 44707][E][WiFiUdp.cpp:221] parsePacket(): could not receive data: 9
[ 44713][E][WiFiUdp.cpp:221] parsePacket(): could not receive data: 9
[ 44719][E][WiFiUdp.cpp:221] parsePacket(): could not receive data: 9
[ 44725][E][WiFiUdp.cpp:221] parsePacket(): could not receive data: 9
[ 44731][E][WiFiUdp.cpp:221] parsePacket(): could not receive data: 9
[ 44737][E][WiFiUdp.cpp:221] parsePacket(): could not receive data: 9
[ 44743][E][WiFiUdp.cpp:221] parsePacket(): could not receive data: 9
[ 44749][E][WiFiUdp.cpp:221] parsePacket(): could not receive data: 9
[ 44755][E][WiFiUdp.cpp:221] parsePacket(): could not receive data: 9
[ 44761][E][WiFiUdp.cpp:221] parsePacket(): could not receive data: 9
[ 44767][E][WiFiUdp.cpp:221] parsePacket(): could not receive data: 9
[ 44773][E][WiFiUdp.cpp:221] parsePacket(): could not receive data: 9
[ 44779][E][WiFiUdp.cpp:221] parsePacket(): could not receive data: 9
[ 44785][E][WiFiUdp.cpp:221] parsePacket(): could not receive data: 9
[ 44791][E][WiFiUdp.cpp:221] parsePacket(): could not receive data: 9
[ 44797][E][WiFiUdp.cpp:221] parsePacket(): could not receive data: 9
[ 44802][E][WiFiUdp.cpp:221] parsePacket(): could not receive data: 9
[ 44807][E][WiFiUdp.cpp:221] parsePacket(): could not receive data: 9
[ 44813][E][WiFiUdp.cpp:221] parsePacket(): could not receive data: 9
[ 44819][E][WiFiUdp.cpp:221] parsePacket(): could not receive data: 9
[ 44825][E][WiFiUdp.cpp:221] parsePacket(): could not receive data: 9
[ 44831][E][WiFiUdp.cpp:221] parsePacket(): could not receive data: 9
[ 44837][E][WiFiUdp.cpp:221] parsePacket(): could not receive data: 9
[ 44843][E][WiFiUdp.cpp:221] parsePacket(): could not receive data: 9
[ 44849][E][WiFiUdp.cpp:221] parsePacket(): could not receive data: 9
[ 44855][E][WiFiUdp.cpp:221] parsePacket(): could not receive data: 9
[ 44861][E][WiFiUdp.cpp:221] parsePacket(): could not receive data: 9
[ 44867][E][WiFiUdp.cpp:221] parsePacket(): could not receive data: 9
[ 44873][E][WiFiUdp.cpp:221] parsePacket(): could not receive data: 9
[ 44879][E][WiFiUdp.cpp:221] parsePacket(): could not receive data: 9
[ 44885][E][WiFiUdp.cpp:221] parsePacket(): could not receive data: 9
[ 44891][E][WiFiUdp.cpp:221] parsePacket(): could not receive data: 9
[ 44897][E][WiFiUdp.cpp:221] parsePacket(): could not receive data: 9
[ 44902][E][WiFiUdp.cpp:221] parsePacket(): could not receive data: 9
[ 44908][E][WiFiUdp.cpp:221] parsePacket(): could not receive data: 9
[ 44914][E][WiFiUdp.cpp:221] parsePacket(): could not receive data: 9
[ 44920][E][WiFiUdp.cpp:221] parsePacket(): could not receive data: 9
[ 44926][E][WiFiUdp.cpp:221] parsePacket(): could not receive data: 9
[ 44932][E][WiFiUdp.cpp:221] parsePacket(): could not receive data: 9
[ 44938][E][WiFiUdp.cpp:221] parsePacket(): could not receive data: 9
[ 44944][E][WiFiUdp.cpp:221] parsePacket(): could not receive data: 9
[ 44950][E][WiFiUdp.cpp:221] parsePacket(): could not receive data: 9
[ 44956][E][WiFiUdp.cpp:221] parsePacket(): could not receive data: 9
[ 44962][E][WiFiUdp.cpp:221] parsePacket(): could not receive data: 9
[ 44968][E][WiFiUdp.cpp:221] parsePacket(): could not receive data: 9
[ 44974][E][WiFiUdp.cpp:221] parsePacket(): could not receive data: 9
[ 44980][E][WiFiUdp.cpp:221] parsePacket(): could not receive data: 9
[ 44986][E][WiFiUdp.cpp:221] parsePacket(): could not receive data: 9
[ 44992][E][WiFiUdp.cpp:221] parsePacket(): could not receive data: 9
[ 44998][E][WiFiUdp.cpp:221] parsePacket(): could not receive data: 9
[ 45004][E][WiFiUdp.cpp:221] parsePacket(): could not receive data: 9
[ 45010][E][WiFiUdp.cpp:221] parsePacket(): could not receive data: 9
[ 45016][E][WiFiUdp.cpp:221] parsePacket(): could not receive data: 9
[ 45022][E][WiFiUdp.cpp:221] parsePacket(): could not receive data: 9
[ 45028][E][WiFiUdp.cpp:221] parsePacket(): could not receive data: 9
[ 45034][E][WiFiUdp.cpp:221] parsePacket(): could not receive data: 9
[ 45040][E][WiFiUdp.cpp:221] parsePacket(): could not receive data: 9
[ 45046][E][WiFiUdp.cpp:221] parsePacket(): could not receive data: 9
[ 45052][E][WiFiUdp.cpp:221] parsePacket(): could not receive data: 9
[ 45058][E][WiFiUdp.cpp:221] parsePacket(): could not receive data: 9
[ 45064][E][WiFiUdp.cpp:221] parsePacket(): could not receive data: 9
[ 45070][E][WiFiUdp.cpp:221] parsePacket(): could not receive data: 9
[ 45076][E][WiFiUdp.cpp:221] parsePacket(): could not receive data: 9
[ 45082][E][WiFiUdp.cpp:221] parsePacket(): could not receive data: 9
[ 45088][E][WiFiUdp.cpp:221] parsePacket(): could not receive data: 9
[ 45094][E][WiFiUdp.cpp:221] parsePacket(): could not receive data: 9
[ 45100][E][WiFiUdp.cpp:221] parsePacket(): could not receive data: 9
[ 45106][E][WiFiUdp.cpp:221] parsePacket(): could not receive data: 9
[ 45112][E][WiFiUdp.cpp:221] parsePacket(): could not receive data: 9
[ 45118][E][WiFiUdp.cpp:221] parsePacket(): could not receive data: 9
[ 45124][E][WiFiUdp.cpp:221] parsePacket(): could not receive data: 9
[ 45130][E][WiFiUdp.cpp:221] parsePacket(): could not receive data: 9
[ 45136][E][WiFiUdp.cpp:221] parsePacket(): could not receive data: 9
[ 45142][E][WiFiUdp.cpp:221] parsePacket(): could not receive data: 9
[ 45148][E][WiFiUdp.cpp:221] parsePacket(): could not receive data: 9
[ 45154][E][WiFiUdp.cpp:221] parsePacket(): could not receive data: 9
[ 45160][E][WiFiUdp.cpp:221] parsePacket(): could not receive data: 9
[ 45166][E][WiFiUdp.cpp:221] parsePacket(): could not receive data: 9
[ 45172][E][WiFiUdp.cpp:221] parsePacket(): could not receive data: 9
[ 45178][E][WiFiUdp.cpp:221] parsePacket(): could not receive data: 9
[ 45184][E][WiFiUdp.cpp:221] parsePacket(): could not receive data: 9
[ 45190][E][WiFiUdp.cpp:221] parsePacket(): could not receive data: 9
[ 45196][E][WiFiUdp.cpp:221] parsePacket(): could not receive data: 9
[ 45202][E][WiFiUdp.cpp:221] parsePacket(): could not receive data: 9
[ 45208][E][WiFiUdp.cpp:221] parsePacket(): could not receive data: 9
[ 45214][E][WiFiUdp.cpp:221] parsePacket(): could not receive data: 9
[ 45220][E][WiFiUdp.cpp:221] parsePacket(): could not receive data: 9
[ 45226][E][WiFiUdp.cpp:221] parsePacket(): could not receive data: 9
[ 45232][E][WiFiUdp.cpp:221] parsePacket(): could not receive data: 9
[ 45238][E][WiFiUdp.cpp:221] parsePacket(): could not receive data: 9
[ 45244][E][WiFiUdp.cpp:221] parsePacket(): could not receive data: 9
[ 45250][E][WiFiUdp.cpp:221] parsePacket(): could not receive data: 9
[ 45256][E][WiFiUdp.cpp:221] parsePacket(): could not receive data: 9
[ 45262][E][WiFiUdp.cpp:221] parsePacket(): could not receive data: 9
[ 45268][E][WiFiUdp.cpp:221] parsePacket(): could not receive data: 9
[ 45274][E][WiFiUdp.cpp:221] parsePacket(): could not receive data: 9
[ 45280][E][WiFiUdp.cpp:221] parsePacket(): could not receive data: 9
[ 45286][E][WiFiUdp.cpp:221] parsePacket(): could not receive data: 9
[ 45292][E][WiFiUdp.cpp:221] parsePacket(): could not receive data: 9
[ 45298][E][WiFiUdp.cpp:221] parsePacket(): could not receive data: 9
[ 45304][E][WiFiUdp.cpp:221] parsePacket(): could not receive data: 9
[ 45310][E][WiFiUdp.cpp:221] parsePacket(): could not receive data: 9
[ 45316][E][WiFiUdp.cpp:221] parsePacket(): could not receive data: 9
[ 45322][E][WiFiUdp.cpp:221] parsePacket(): could not receive data: 9
[ 45328][E][WiFiUdp.cpp:221] parsePacket(): could not receive data: 9
[ 45334][E][WiFiUdp.cpp:221] parsePacket(): could not receive data: 9
[ 45340][E][WiFiUdp.cpp:221] parsePacket(): could not receive data: 9
[ 45346][E][WiFiUdp.cpp:221] parsePacket(): could not receive data: 9
[ 45352][E][WiFiUdp.cpp:221] parsePacket(): could not receive data: 9
[ 45358][E][WiFiUdp.cpp:221] parsePacket(): could not receive data: 9
[ 45364][E][WiFiUdp.cpp:221] parsePacket(): could not receive data: 9
[ 45370][E][WiFiUdp.cpp:221] parsePacket(): could not receive data: 9
[ 45376][E][WiFiUdp.cpp:221] parsePacket(): could not receive data: 9
[ 45382][E][WiFiUdp.cpp:221] parsePacket(): could not receive data: 9
[ 45388][E][WiFiUdp.cpp:221] parsePacket(): could not receive data: 9
[ 45394][E][WiFiUdp.cpp:221] parsePacket(): could not receive data: 9
[ 45400][E][WiFiUdp.cpp:221] parsePacket(): could not receive data: 9
[ 45406][E][WiFiUdp.cpp:221] parsePacket(): could not receive data: 9
[ 45412][E][WiFiUdp.cpp:221] parsePacket(): could not receive data: 9
[ 45418][E][WiFiUdp.cpp:221] parsePacket(): could not receive data: 9
[ 45424][E][WiFiUdp.cpp:221] parsePacket(): could not receive data: 9
[ 45430][E][WiFiUdp.cpp:221] parsePacket(): could not receive data: 9
[ 45436][E][WiFiUdp.cpp:221] parsePacket(): could not receive data: 9
[ 45442][E][WiFiUdp.cpp:221] parsePacket(): could not receive data: 9
[ 45448][E][WiFiUdp.cpp:221] parsePacket(): could not receive data: 9
[ 45454][E][WiFiUdp.cpp:221] parsePacket(): could not receive data: 9
[ 45460][E][WiFiUdp.cpp:221] parsePacket(): could not receive data: 9
[ 45466][E][WiFiUdp.cpp:221] parsePacket(): could not receive data: 9
[ 45472][E][WiFiUdp.cpp:221] parsePacket(): could not receive data: 9
[ 45478][E][WiFiUdp.cpp:221] parsePacket(): could not receive data: 9
[ 45484][E][WiFiUdp.cpp:221] parsePacket(): could not receive data: 9
[ 45490][E][WiFiUdp.cpp:221] parsePacket(): could not receive data: 9
[ 45496][E][WiFiUdp.cpp:221] parsePacket(): could not receive data: 9
[ 45506][E][WiFiUdp.cpp:221] parsePacket(): could not receive data: 9
[ 45517][E][WiFiUdp.cpp:221] parsePacket(): could not receive data: 9
[ 45524][E][WiFiUdp.cpp:221] parsePacket(): could not receive data: 9
[ 45530][E][WiFiUdp.cpp:221] parsePacket(): could not receive data: 9
[ 45536][E][WiFiUdp.cpp:221] parsePacket(): could not receive data: 9
[ 45542][E][WiFiUdp.cpp:221] parsePacket(): could not receive data: 9
[ 45548][E][WiFiUdp.cpp:221] parsePacket(): could not receive data: 9
[ 45554][E][WiFiUdp.cpp:221] parsePacket(): could not receive data: 9
[ 45560][E][WiFiUdp.cpp:221] parsePacket(): could not receive data: 9
[ 45566][E][WiFiUdp.cpp:221] parsePacket(): could not receive data: 9
[ 45572][E][WiFiUdp.cpp:221] parsePacket(): could not receive data: 9
[ 45578][E][WiFiUdp.cpp:221] parsePacket(): could not receive data: 9
[ 45584][E][WiFiUdp.cpp:221] parsePacket(): could not receive data: 9
[ 45590][E][WiFiUdp.cpp:221] parsePacket(): could not receive data: 9
[ 45596][E][WiFiUdp.cpp:221] parsePacket(): could not receive data: 9
[ 45602][E][WiFiUdp.cpp:221] parsePacket(): could not receive data: 9
[ 45608][E][WiFiUdp.cpp:221] parsePacket(): could not receive data: 9
[ 45614][E][WiFiUdp.cpp:221] parsePacket(): could not receive data: 9
[ 45620][E][WiFiUdp.cpp:221] parsePacket(): could not receive data: 9
[ 45626][E][WiFiUdp.cpp:221] parsePacket(): could not receive data: 9
[ 45632][E][WiFiUdp.cpp:221] parsePacket(): could not receive data: 9
[ 45638][E][WiFiUdp.cpp:221] parsePacket(): could not receive data: 9
