ets Jul 29 2019 12:21:46

rst:0x1 (POWERON_RESET),boot:0x12 (SPI_FAST_FLASH_BOOT)
configsip: 0, SPIWP:0xee
clk_drv:0x00,q_drv:0x00,d_drv:0x00,cs0_drv:0x00,hd_drv:0x00,wp_drv:0x00
mode:DIO, clock div:2
load:0x3fff0030,len:1184
load:0x40078000,len:13232
load:0x40080400,len:3028
entry 0x400805e4


============
CLIENT SETUP
============
[BOOT] RESET_REASON=1 POWERON
[INSTR-PREV];valid;0
[HEAP] 00:00:00 167928 165596 110580 (init)
[PSRM] 00:00:00 0
[EFUS]...Two Point: NOT supported
[EFUS]...Vref: NOT supported
[INIT]...initMheard
[INIT]...init_flash
[INIT]...build Sep 26 2026 / 22:37:24
[INIT]...FLASH layout 20260724 ok, build 20260909
[TIME]...Loaded time persistence: saved_time=0, mheard_time=0, msg_time=0
[QEMU]...headless defaults: web+console ON, wifiAP/gateway/extudp OFF
[QEMU]...virtual GPS enabled (bGPSON=true); NMEA expected on UART1
[INIT].._GW_ID: 00000000
[INIT]...Initialize clock: ok
[LoRa]...SX1268 chip Initializing ... success
[EXTRADIO] enabled, bridge 10.0.2.2:7000, auth=password
[LoRa]...All settings successfully changed
[BLE ]...Device started with BLE-Name <MC-0000-TE5T-1>
[QEMU]...BLE/NimBLE disabled (no backend in QEMU); BLE init skipped
[BLE ]...Waiting a client connection to notify...
==============
CLIENT STARTED
==============
[QEMU]...starting OpenETH (esp_eth_start)
[WIFI]...no connection possible
[QEMU]...OpenETH driver started
[QEMU]...OpenETH link connected
[GPS ]...QEMU virtual GPS on UART1 (synthetic RX=16 TX=17 @ 9600 baud; no hardware)
[QEMU]...dhcpc_start -> 0x5004 (0=started, 0x5004=already-running)
[QEMU]...OpenETH GOT_IP ip=10.0.2.15 mask=255.255.255.0 gw=10.0.2.5
[GPS ]...QEMU NMEA presence: 0 chars -> no data yet
[QEMU]...OpenETH connect OK
[WIFI];link;down;sta;0;status;255;down_s;0;last_reason;0;got_ip_n;0;ip;1;ms;15532
[CON ]...HMAC console init.
[CON ]...Console started on port 2323
[BOOT];ready;ms;15551;ip;1
[INSTR-LOOP] gap ms 2055 in wifi_connect section_ms 0 sections_ms 0
TimeClient no update possible --> CPU-Mode
[ 15553][E][WiFiUdp.cpp:221] parsePacket(): could not receive data: 9
[ 15564][E][WiFiUdp.cpp:221] parsePacket(): could not receive data: 9
[ 15573][E][WiFiUdp.cpp:221] parsePacket(): could not receive data: 9
[ 15579][E][WiFiUdp.cpp:221] parsePacket(): could not receive data: 9
[ 15585][E][WiFiUdp.cpp:221] parsePacket(): could not receive data: 9
[ 15591][E][WiFiUdp.cpp:221] parsePacket(): could not receive data: 9
[ 15597][E][WiFiUdp.cpp:221] parsePacket(): could not receive data: 9
[ 15603][E][WiFiUdp.cpp:221] parsePacket(): could not receive data: 9
[ 15609][E][WiFiUdp.cpp:221] parsePacket(): could not receive data: 9
[ 15615][E][WiFiUdp.cpp:221] parsePacket(): could not receive data: 9
[ 15621][E][WiFiUdp.cpp:221] parsePacket(): could not receive data: 9
[ 15627][E][WiFiUdp.cpp:221] parsePacket(): could not receive data: 9
[ 15633][E][WiFiUdp.cpp:221] parsePacket(): could not receive data: 9
[ 15639][E][WiFiUdp.cpp:221] parsePacket(): could not receive data: 9
[ 15645][E][WiFiUdp.cpp:221] parsePacket(): could not receive data: 9
[ 15651][E][WiFiUdp.cpp:221] parsePacket(): could not receive data: 9
[ 15657][E][WiFiUdp.cpp:221] parsePacket(): could not receive data: 9
[ 15663][E][WiFiUdp.cpp:221] parsePacket(): could not receive data: 9
[ 15669][E][WiFiUdp.cpp:221] parsePacket(): could not receive data: 9
[ 15675][E][WiFiUdp.cpp:221] parsePacket(): could not receive data: 9
[ 15681][E][WiFiUdp.cpp:221] parsePacket(): could not receive data: 9
[ 15687][E][WiFiUdp.cpp:221] parsePacket(): could not receive data: 9
[ 15693][E][WiFiUdp.cpp:221] parsePacket(): could not receive data: 9
[ 15699][E][WiFiUdp.cpp:221] parsePacket(): could not receive data: 9
[ 15705][E][WiFiUdp.cpp:221] parsePacket(): could not receive data: 9
[ 15711][E][WiFiUdp.cpp:221] parsePacket(): could not receive data: 9
[ 15716][E][WiFiUdp.cpp:221] parsePacket(): could not receive data: 9
[ 15721][E][WiFiUdp.cpp:221] parsePacket(): could not receive data: 9
[ 15727][E][WiFiUdp.cpp:221] parsePacket(): could not receive data: 9
[ 15733][E][WiFiUdp.cpp:221] parsePacket(): could not receive data: 9
[ 15739][E][WiFiUdp.cpp:221] parsePacket(): could not receive data: 9
[ 15745][E][WiFiUdp.cpp:221] parsePacket(): could not receive data: 9
[ 15751][E][WiFiUdp.cpp:221] parsePacket(): could not receive data: 9
[ 15757][E][WiFiUdp.cpp:221] parsePacket(): could not receive data: 9
[ 15763][E][WiFiUdp.cpp:221] parsePacket(): could not receive data: 9
[ 15769][E][WiFiUdp.cpp:221] parsePacket(): could not receive data: 9
[ 15775][E][WiFiUdp.cpp:221] parsePacket(): could not receive data: 9
[ 15781][E][WiFiUdp.cpp:221] parsePacket(): could not receive data: 9
[ 15787][E][WiFiUdp.cpp:221] parsePacket(): could not receive data: 9
[ 15793][E][WiFiUdp.cpp:221] parsePacket(): could not receive data: 9
[ 15799][E][WiFiUdp.cpp:221] parsePacket(): could not receive data: 9
[ 15805][E][WiFiUdp.cpp:221] parsePacket(): could not receive data: 9
[ 15811][E][WiFiUdp.cpp:221] parsePacket(): could not receive data: 9
[ 15817][E][WiFiUdp.cpp:221] parsePacket(): could not receive data: 9
[ 15822][E][WiFiUdp.cpp:221] parsePacket(): could not receive data: 9
[ 15827][E][WiFiUdp.cpp:221] parsePacket(): could not receive data: 9
[ 15833][E][WiFiUdp.cpp:221] parsePacket(): could not receive data: 9
[ 15839][E][WiFiUdp.cpp:221] parsePacket(): could not receive data: 9
[ 15845][E][WiFiUdp.cpp:221] parsePacket(): could not receive data: 9
[ 15851][E][WiFiUdp.cpp:221] parsePacket(): could not receive data: 9
[ 15857][E][WiFiUdp.cpp:221] parsePacket(): could not receive data: 9
[ 15863][E][WiFiUdp.cpp:221] parsePacket(): could not receive data: 9
[ 15869][E][WiFiUdp.cpp:221] parsePacket(): could not receive data: 9
[ 15875][E][WiFiUdp.cpp:221] parsePacket(): could not receive data: 9
[ 15881][E][WiFiUdp.cpp:221] parsePacket(): could not receive data: 9
[ 15887][E][WiFiUdp.cpp:221] parsePacket(): could not receive data: 9
[ 15893][E][WiFiUdp.cpp:221] parsePacket(): could not receive data: 9
[ 15899][E][WiFiUdp.cpp:221] parsePacket(): could not receive data: 9
[ 15905][E][WiFiUdp.cpp:221] parsePacket(): could not receive data: 9
[ 15911][E][WiFiUdp.cpp:221] parsePacket(): could not receive data: 9
[ 15917][E][WiFiUdp.cpp:221] parsePacket(): could not receive data: 9
[ 15922][E][WiFiUdp.cpp:221] parsePacket(): could not receive data: 9
[ 15928][E][WiFiUdp.cpp:221] parsePacket(): could not receive data: 9
[ 15934][E][WiFiUdp.cpp:221] parsePacket(): could not receive data: 9
[ 15940][E][WiFiUdp.cpp:221] parsePacket(): could not receive data: 9
[ 15946][E][WiFiUdp.cpp:221] parsePacket(): could not receive data: 9
[ 15952][E][WiFiUdp.cpp:221] parsePacket(): could not receive data: 9
[ 15958][E][WiFiUdp.cpp:221] parsePacket(): could not receive data: 9
[ 15964][E][WiFiUdp.cpp:221] parsePacket(): could not receive data: 9
[ 15970][E][WiFiUdp.cpp:221] parsePacket(): could not receive data: 9
[ 15976][E][WiFiUdp.cpp:221] parsePacket(): could not receive data: 9
[ 15982][E][WiFiUdp.cpp:221] parsePacket(): could not receive data: 9
[ 15988][E][WiFiUdp.cpp:221] parsePacket(): could not receive data: 9
[ 15994][E][WiFiUdp.cpp:221] parsePacket(): could not receive data: 9
[ 16000][E][WiFiUdp.cpp:221] parsePacket(): could not receive data: 9
[ 16006][E][WiFiUdp.cpp:221] parsePacket(): could not receive data: 9
[ 16012][E][WiFiUdp.cpp:221] parsePacket(): could not receive data: 9
[ 16018][E][WiFiUdp.cpp:221] parsePacket(): could not receive data: 9
[ 16024][E][WiFiUdp.cpp:221] parsePacket(): could not receive data: 9
[ 16030][E][WiFiUdp.cpp:221] parsePacket(): could not receive data: 9
[ 16036][E][WiFiUdp.cpp:221] parsePacket(): could not receive data: 9
[ 16042][E][WiFiUdp.cpp:221] parsePacket(): could not receive data: 9
[ 16048][E][WiFiUdp.cpp:221] parsePacket(): could not receive data: 9
[ 16054][E][WiFiUdp.cpp:221] parsePacket(): could not receive data: 9
[ 16060][E][WiFiUdp.cpp:221] parsePacket(): could not receive data: 9
[ 16066][E][WiFiUdp.cpp:221] parsePacket(): could not receive data: 9
[ 16072][E][WiFiUdp.cpp:221] parsePacket(): could not receive data: 9
[ 16078][E][WiFiUdp.cpp:221] parsePacket(): could not receive data: 9
[ 16084][E][WiFiUdp.cpp:221] parsePacket(): could not receive data: 9
[ 16090][E][WiFiUdp.cpp:221] parsePacket(): could not receive data: 9
[ 16096][E][WiFiUdp.cpp:221] parsePacket(): could not receive data: 9
[ 16102][E][WiFiUdp.cpp:221] parsePacket(): could not receive data: 9
[ 16108][E][WiFiUdp.cpp:221] parsePacket(): could not receive data: 9
[ 16114][E][WiFiUdp.cpp:221] parsePacket(): could not receive data: 9
[ 16120][E][WiFiUdp.cpp:221] parsePacket(): could not receive data: 9
[ 16126][E][WiFiUdp.cpp:221] parsePacket(): could not receive data: 9
[ 16132][E][WiFiUdp.cpp:221] parsePacket(): could not receive data: 9
[ 16138][E][WiFiUdp.cpp:221] parsePacket(): could not receive data: 9
[ 16144][E][WiFiUdp.cpp:221] parsePacket(): could not receive data: 9
[ 16150][E][WiFiUdp.cpp:221] parsePacket(): could not receive data: 9
[ 16156][E][WiFiUdp.cpp:221] parsePacket(): could not receive data: 9
[ 16162][E][WiFiUdp.cpp:221] parsePacket(): could not receive data: 9
[ 16168][E][WiFiUdp.cpp:221] parsePacket(): could not receive data: 9
[ 16174][E][WiFiUdp.cpp:221] parsePacket(): could not receive data: 9
[ 16180][E][WiFiUdp.cpp:221] parsePacket(): could not receive data: 9
[ 16186][E][WiFiUdp.cpp:221] parsePacket(): could not receive data: 9
[ 16192][E][WiFiUdp.cpp:221] parsePacket(): could not receive data: 9
[ 16198][E][WiFiUdp.cpp:221] parsePacket(): could not receive data: 9
[ 16204][E][WiFiUdp.cpp:221] parsePacket(): could not receive data: 9
[ 16210][E][WiFiUdp.cpp:221] parsePacket(): could not receive data: 9
[ 16216][E][WiFiUdp.cpp:221] parsePacket(): could not receive data: 9
[ 16222][E][WiFiUdp.cpp:221] parsePacket(): could not receive data: 9
[ 16228][E][WiFiUdp.cpp:221] parsePacket(): could not receive data: 9
[ 16234][E][WiFiUdp.cpp:221] parsePacket(): could not receive data: 9
[ 16240][E][WiFiUdp.cpp:221] parsePacket(): could not receive data: 9
[ 16246][E][WiFiUdp.cpp:221] parsePacket(): could not receive data: 9
[ 16252][E][WiFiUdp.cpp:221] parsePacket(): could not receive data: 9
[ 16257][E][WiFiUdp.cpp:221] parsePacket(): could not receive data: 9
[ 16263][E][WiFiUdp.cpp:221] parsePacket(): could not receive data: 9
[ 16269][E][WiFiUdp.cpp:221] parsePacket(): could not receive data: 9
[ 16275][E][WiFiUdp.cpp:221] parsePacket(): could not receive data: 9
[ 16281][E][WiFiUdp.cpp:221] parsePacket(): could not receive data: 9
[ 16287][E][WiFiUdp.cpp:221] parsePacket(): could not receive data: 9
[ 16293][E][WiFiUdp.cpp:221] parsePacket(): could not receive data: 9
[ 16299][E][WiFiUdp.cpp:221] parsePacket(): could not receive data: 9
[ 16305][E][WiFiUdp.cpp:221] parsePacket(): could not receive data: 9
[ 16311][E][WiFiUdp.cpp:221] parsePacket(): could not receive data: 9
[ 16317][E][WiFiUdp.cpp:221] parsePacket(): could not receive data: 9
[ 16323][E][WiFiUdp.cpp:221] parsePacket(): could not receive data: 9
[ 16328][E][WiFiUdp.cpp:221] parsePacket(): could not receive data: 9
[ 16334][E][WiFiUdp.cpp:221] parsePacket(): could not receive data: 9
[ 16340][E][WiFiUdp.cpp:221] parsePacket(): could not receive data: 9
[ 16346][E][WiFiUdp.cpp:221] parsePacket(): could not receive data: 9
[ 16352][E][WiFiUdp.cpp:221] parsePacket(): could not receive data: 9
[ 16358][E][WiFiUdp.cpp:221] parsePacket(): could not receive data: 9
[ 16364][E][WiFiUdp.cpp:221] parsePacket(): could not receive data: 9
[ 16370][E][WiFiUdp.cpp:221] parsePacket(): could not receive data: 9
[ 16376][E][WiFiUdp.cpp:221] parsePacket(): could not receive data: 9
[ 16382][E][WiFiUdp.cpp:221] parsePacket(): could not receive data: 9
[ 16388][E][WiFiUdp.cpp:221] parsePacket(): could not receive data: 9
[ 16394][E][WiFiUdp.cpp:221] parsePacket(): could not receive data: 9
[ 16400][E][WiFiUdp.cpp:221] parsePacket(): could not receive data: 9
[ 16406][E][WiFiUdp.cpp:221] parsePacket(): could not receive data: 9
[ 16412][E][WiFiUdp.cpp:221] parsePacket(): could not receive data: 9
[ 16418][E][WiFiUdp.cpp:221] parsePacket(): could not receive data: 9
[ 16424][E][WiFiUdp.cpp:221] parsePacket(): could not receive data: 9
[ 16430][E][WiFiUdp.cpp:221] parsePacket(): could not receive data: 9
[ 16436][E][WiFiUdp.cpp:221] parsePacket(): could not receive data: 9
[ 16442][E][WiFiUdp.cpp:221] parsePacket(): could not receive data: 9
[ 16448][E][WiFiUdp.cpp:221] parsePacket(): could not receive data: 9
[ 16454][E][WiFiUdp.cpp:221] parsePacket(): could not receive data: 9
[ 16460][E][WiFiUdp.cpp:221] parsePacket(): could not receive data: 9
[ 16466][E][WiFiUdp.cpp:221] parsePacket(): could not receive data: 9
[ 16472][E][WiFiUdp.cpp:221] parsePacket(): could not receive data: 9
[ 16478][E][WiFiUdp.cpp:221] parsePacket(): could not receive data: 9
[ 16484][E][WiFiUdp.cpp:221] parsePacket(): could not receive data: 9
[ 16490][E][WiFiUdp.cpp:221] parsePacket(): could not receive data: 9
[ 16496][E][WiFiUdp.cpp:221] parsePacket(): could not receive data: 9
[ 16502][E][WiFiUdp.cpp:221] parsePacket(): could not receive data: 9
[ 16508][E][WiFiUdp.cpp:221] parsePacket(): could not receive data: 9
[ 16514][E][WiFiUdp.cpp:221] parsePacket(): could not receive data: 9
[ 16520][E][WiFiUdp.cpp:221] parsePacket(): could not receive data: 9
[ 16526][E][WiFiUdp.cpp:221] parsePacket(): could not receive data: 9
[ 16532][E][WiFiUdp.cpp:221] parsePacket(): could not receive data: 9
[ 16538][E][WiFiUdp.cpp:221] parsePacket(): could not receive data: 9
[ 16544][E][WiFiUdp.cpp:221] parsePacket(): could not receive data: 9
[ 16550][E][WiFiUdp.cpp:221] parsePacket(): could not receive data: 9
[ 16556][E][WiFiUdp.cpp:221] parsePacket(): could not receive data: 9
[ 16562][E][WiFiUdp.cpp:221] parsePacket(): could not receive data: 9
[ 16568][E][WiFiUdp.cpp:221] parsePacket(): could not receive data: 9
[ 16577][E][WiFiUdp.cpp:221] parsePacket(): could not receive data: 9
[ 16584][E][WiFiUdp.cpp:221] parsePacket(): could not receive data: 9
[ 16590][E][WiFiUdp.cpp:221] parsePacket(): could not receive data: 9
[ 16596][E][WiFiUdp.cpp:221] parsePacket(): could not receive data: 9
[ 16602][E][WiFiUdp.cpp:221] parsePacket(): could not receive data: 9
[ 16608][E][WiFiUdp.cpp:221] parsePacket(): could not receive data: 9
[ 16614][E][WiFiUdp.cpp:221] parsePacket(): could not receive data: 9
[ 16620][E][WiFiUdp.cpp:221] parsePacket(): could not receive data: 9
[ 16626][E][WiFiUdp.cpp:221] parsePacket(): could not receive data: 9
[ 16632][E][WiFiUdp.cpp:221] parsePacket(): could not receive data: 9
[ 16638][E][WiFiUdp.cpp:221] parsePacket(): could not receive data: 9
[ 16644][E][WiFiUdp.cpp:221] parsePacket(): could not receive data: 9
[ 16650][E][WiFiUdp.cpp:221] parsePacket(): could not receive data: 9
[ 16656][E][WiFiUdp.cpp:221] parsePacket(): could not receive data: 9
[ 16662][E][WiFiUdp.cpp:221] parsePacket(): could not receive data: 9
[ 16668][E][WiFiUdp.cpp:221] parsePacket(): could not receive data: 9
[ 16674][E][WiFiUdp.cpp:221] parsePacket(): could not receive data: 9
[ 16680][E][WiFiUdp.cpp:221] parsePacket(): could not receive data: 9
[ 16686][E][WiFiUdp.cpp:221] parsePacket(): could not receive data: 9
[ 16692][E][WiFiUdp.cpp:221] parsePacket(): could not receive data: 9
[ 16698][E][WiFiUdp.cpp:221] parsePacket(): could not receive data: 9
[ 16704][E][WiFiUdp.cpp:221] parsePacket(): could not receive data: 9
[ 16710][E][WiFiUdp.cpp:221] parsePacket(): could not receive data: 9
[ 16716][E][WiFiUdp.cpp:221] parsePacket(): could not receive data: 9
[ 16722][E][WiFiUdp.cpp:221] parsePacket(): could not receive data: 9
[ 16728][E][WiFiUdp.cpp:221] parsePacket(): could not receive data: 9
[ 16734][E][WiFiUdp.cpp:221] parsePacket(): could not receive data: 9
[ 16740][E][WiFiUdp.cpp:221] parsePacket(): could not receive data: 9
[ 16746][E][WiFiUdp.cpp:221] parsePacket(): could not receive data: 9
[ 16752][E][WiFiUdp.cpp:221] parsePacket(): could not receive data: 9
[ 16758][E][WiFiUdp.cpp:221] parsePacket(): could not receive data: 9
[ 16764][E][WiFiUdp.cpp:221] parsePacket(): could not receive data: 9
[ 16770][E][WiFiUdp.cpp:221] parsePacket(): could not receive data: 9
[ 16776][E][WiFiUdp.cpp:221] parsePacket(): could not receive data: 9
[ 16782][E][WiFiUdp.cpp:221] parsePacket(): could not receive data: 9
[ 16788][E][WiFiUdp.cpp:221] parsePacket(): could not receive data: 9
[ 16794][E][WiFiUdp.cpp:221] parsePacket(): could not receive data: 9
[ 16800][E][WiFiUdp.cpp:221] parsePacket(): could not receive data: 9
[ 16806][E][WiFiUdp.cpp:221] parsePacket(): could not receive data: 9
[ 16812][E][WiFiUdp.cpp:221] parsePacket(): could not receive data: 9
[ 16818][E][WiFiUdp.cpp:221] parsePacket(): could not receive data: 9
[ 16824][E][WiFiUdp.cpp:221] parsePacket(): could not receive data: 9
[ 16830][E][WiFiUdp.cpp:221] parsePacket(): could not receive data: 9
[ 16836][E][WiFiUdp.cpp:221] parsePacket(): could not receive data: 9
[ 16842][E][WiFiUdp.cpp:221] parsePacket(): could not receive data: 9
[ 16848][E][WiFiUdp.cpp:221] parsePacket(): could not receive data: 9
[ 16854][E][WiFiUdp.cpp:221] parsePacket(): could not receive data: 9
[ 16860][E][WiFiUdp.cpp:221] parsePacket(): could not receive data: 9
[ 16866][E][WiFiUdp.cpp:221] parsePacket(): could not receive data: 9
[ 16872][E][WiFiUdp.cpp:221] parsePacket(): could not receive data: 9
[ 16878][E][WiFiUdp.cpp:221] parsePacket(): could not receive data: 9
[ 16884][E][WiFiUdp.cpp:221] parsePacket(): could not receive data: 9
[ 16890][E][WiFiUdp.cpp:221] parsePacket(): could not receive data: 9
[ 16896][E][WiFiUdp.cpp:221] parsePacket(): could not receive data: 9
[ 16902][E][WiFiUdp.cpp:221] parsePacket(): could not receive data: 9
[ 16908][E][WiFiUdp.cpp:221] parsePacket(): could not receive data: 9
[ 16914][E][WiFiUdp.cpp:221] parsePacket(): could not receive data: 9
[ 16920][E][WiFiUdp.cpp:221] parsePacket(): could not receive data: 9
[ 16926][E][WiFiUdp.cpp:221] parsePacket(): could not receive data: 9
[ 16932][E][WiFiUdp.cpp:221] parsePacket(): could not receive data: 9
[ 16938][E][WiFiUdp.cpp:221] parsePacket(): could not receive data: 9
[ 16944][E][WiFiUdp.cpp:221] parsePacket(): could not receive data: 9
[ 16950][E][WiFiUdp.cpp:221] parsePacket(): could not receive data: 9
[ 16956][E][WiFiUdp.cpp:221] parsePacket(): could not receive data: 9
[ 16962][E][WiFiUdp.cpp:221] parsePacket(): could not receive data: 9
[ 16968][E][WiFiUdp.cpp:221] parsePacket(): could not receive data: 9
[ 16974][E][WiFiUdp.cpp:221] parsePacket(): could not receive data: 9
[ 16980][E][WiFiUdp.cpp:221] parsePacket(): could not receive data: 9
[ 16986][E][WiFiUdp.cpp:221] parsePacket(): could not receive data: 9
[ 16992][E][WiFiUdp.cpp:221] parsePacket(): could not receive data: 9
[ 16998][E][WiFiUdp.cpp:221] parsePacket(): could not receive data: 9
[ 17004][E][WiFiUdp.cpp:221] parsePacket(): could not receive data: 9
[ 17010][E][WiFiUdp.cpp:221] parsePacket(): could not receive data: 9
[ 17016][E][WiFiUdp.cpp:221] parsePacket(): could not receive data: 9
[ 17022][E][WiFiUdp.cpp:221] parsePacket(): could not receive data: 9
[ 17028][E][WiFiUdp.cpp:221] parsePacket(): could not receive data: 9
[ 17034][E][WiFiUdp.cpp:221] parsePacket(): could not receive data: 9
[ 17040][E][WiFiUdp.cpp:221] parsePacket(): could not receive data: 9
[ 17046][E][WiFiUdp.cpp:221] parsePacket(): could not receive data: 9
[ 17052][E][WiFiUdp.cpp:221] parsePacket(): could not receive data: 9
[ 17058][E][WiFiUdp.cpp:221] parsePacket(): could not receive data: 9
[ 17064][E][WiFiUdp.cpp:221] parsePacket(): could not receive data: 9
[ 17070][E][WiFiUdp.cpp:221] parsePacket(): could not receive data: 9
[ 17076][E][WiFiUdp.cpp:221] parsePacket(): could not receive data: 9
[ 17082][E][WiFiUdp.cpp:221] parsePacket(): could not receive data: 9
[ 17088][E][WiFiUdp.cpp:221] parsePacket(): could not receive data: 9
[ 17094][E][WiFiUdp.cpp:221] parsePacket(): could not receive data: 9
[ 17100][E][WiFiUdp.cpp:221] parsePacket(): could not receive data: 9
[ 17106][E][WiFiUdp.cpp:221] parsePacket(): could not receive data: 9
[ 17112][E][WiFiUdp.cpp:221] parsePacket(): could not receive data: 9
[ 17118][E][WiFiUdp.cpp:221] parsePacket(): could not receive data: 9
[ 17124][E][WiFiUdp.cpp:221] parsePacket(): could not receive data: 9
[ 17130][E][WiFiUdp.cpp:221] parsePacket(): could not receive data: 9
[ 17136][E][WiFiUdp.cpp:221] parsePacket(): could not receive data: 9
[ 17142][E][WiFiUdp.cpp:221] parsePacket(): could not receive data: 9
[ 17148][E][WiFiUdp.cpp:221] parsePacket(): could not receive data: 9
[ 17154][E][WiFiUdp.cpp:221] parsePacket(): could not receive data: 9
[ 17160][E][WiFiUdp.cpp:221] parsePacket(): could not receive data: 9
[ 17166][E][WiFiUdp.cpp:221] parsePacket(): could not receive data: 9
[ 17172][E][WiFiUdp.cpp:221] parsePacket(): could not receive data: 9
[ 17178][E][WiFiUdp.cpp:221] parsePacket(): could not receive data: 9
[ 17184][E][WiFiUdp.cpp:221] parsePacket(): could not receive data: 9
[ 17190][E][WiFiUdp.cpp:221] parsePacket(): could not receive data: 9
[ 17196][E][WiFiUdp.cpp:221] parsePacket(): could not receive data: 9
[ 17202][E][WiFiUdp.cpp:221] parsePacket(): could not receive data: 9
[ 17208][E][WiFiUdp.cpp:221] parsePacket(): could not receive data: 9
[ 17214][E][WiFiUdp.cpp:221] parsePacket(): could not receive data: 9
[ 17220][E][WiFiUdp.cpp:221] parsePacket(): could not receive data: 9
[ 17226][E][WiFiUdp.cpp:221] parsePacket(): could not receive data: 9
[ 17232][E][WiFiUdp.cpp:221] parsePacket(): could not receive data: 9
[ 17238][E][WiFiUdp.cpp:221] parsePacket(): could not receive data: 9
[ 17244][E][WiFiUdp.cpp:221] parsePacket(): could not receive data: 9
[ 17250][E][WiFiUdp.cpp:221] parsePacket(): could not receive data: 9
[ 17256][E][WiFiUdp.cpp:221] parsePacket(): could not receive data: 9
[ 17262][E][WiFiUdp.cpp:221] parsePacket(): could not receive data: 9
[ 17268][E][WiFiUdp.cpp:221] parsePacket(): could not receive data: 9
[ 17274][E][WiFiUdp.cpp:221] parsePacket(): could not receive data: 9
[ 17280][E][WiFiUdp.cpp:221] parsePacket(): could not receive data: 9
[ 17286][E][WiFiUdp.cpp:221] parsePacket(): could not receive data: 9
[ 17292][E][WiFiUdp.cpp:221] parsePacket(): could not receive data: 9
[ 17298][E][WiFiUdp.cpp:221] parsePacket(): could not receive data: 9
[ 17304][E][WiFiUdp.cpp:221] parsePacket(): could not receive data: 9
[ 17310][E][WiFiUdp.cpp:221] parsePacket(): could not receive data: 9
[ 17316][E][WiFiUdp.cpp:221] parsePacket(): could not receive data: 9
[ 17322][E][WiFiUdp.cpp:221] parsePacket(): could not receive data: 9
[ 17328][E][WiFiUdp.cpp:221] parsePacket(): could not receive data: 9
[ 17334][E][WiFiUdp.cpp:221] parsePacket(): could not receive data: 9
[ 17340][E][WiFiUdp.cpp:221] parsePacket(): could not receive data: 9
[ 17346][E][WiFiUdp.cpp:221] parsePacket(): could not receive data: 9
[ 17352][E][WiFiUdp.cpp:221] parsePacket(): could not receive data: 9
[ 17358][E][WiFiUdp.cpp:221] parsePacket(): could not receive data: 9
[ 17364][E][WiFiUdp.cpp:221] parsePacket(): could not receive data: 9
[ 17370][E][WiFiUdp.cpp:221] parsePacket(): could not receive data: 9
[ 17376][E][WiFiUdp.cpp:221] parsePacket(): could not receive data: 9
[ 17382][E][WiFiUdp.cpp:221] parsePacket(): could not receive data: 9
[ 17388][E][WiFiUdp.cpp:221] parsePacket(): could not receive data: 9
[ 17394][E][WiFiUdp.cpp:221] parsePacket(): could not receive data: 9
[CON ]...accept() fd=50 free=132908
[CON ]...Client authenticated on port 2323. free heap=127708
-[ 17401][E][WiFiUdp.cpp:221] parsePacket(): could not receive data: 9
-[ 17407][E][WiFiUdp.cpp:221] parsePacket(): could not receive data: 9
i[ 17413][E][WiFiUdp.cpp:221] parsePacket(): could not receive data: 9
n[ 17419][E][WiFiUdp.cpp:221] parsePacket(): could not receive data: 9
f[ 17425][E][WiFiUdp.cpp:221] parsePacket(): could not receive data: 9
o[ 17431][E][WiFiUdp.cpp:221] parsePacket(): could not receive data: 9
[ 17437][E][WiFiUdp.cpp:221] parsePacket(): could not receive data: 9

--MeshCom 4.35t (build: Sep 26 2026 / 22:37:24)
...UPDATE: 
...Call: <TE5T-1> ...ID 00000000 ...NODE 39 <EBYTE_E22> ...UTC-OFF 1.000000 [CPU]
...BATT 4.10 V ...BATT 85 % ...MAXV 4.200 V
...TIME 17447 ms
...Flash-Version 20260724
...NOMSGALL off ...MESH off ...BUTTON (12) off ...SOFTSER off ... SOFTSERREAD off
...PASSWD <>
...DEBUG man ...DEBUG en
...DEBUG off ...LORADEBUG off ...GPSDEBUG off/0 ...SOFTSERDEBUG off
...WXDEBUG off ...BLEDEBUG off
...DisplayInfo off ...DisplayCont off ...DisplyLog off ...contrast 255 ...ackinfo off
...EXTUDP off ...EXT IP none ...NOPMOTHER off
...BTCODE 000000
...APRSMC: APRSMC
...ATXT: 
...NAME: 
...BLE : short
...DISPLAY on
...CTRY EU8
...FREQ 433.1750 MHz TXPWR 17 dBm RXBOOST off
...MAXHOP text 2 / pos 2

...Webserver  on / Webpwd <> / Gateway off 
...NETConsole on (port 2323)
...KISS/TCP   off / TX off / RxMeta off / Auth off
...WIFI-AP    off
...SSID <none> / PASSWORD <***>
...NETWORK Mode:WiFi
...hasIpAddress: yes
...IP address   : 10.0.2.15
...SUBNET-MASK  : 255.255.255.0
...GW address   : 10.0.2.5
...DNS address  : 
...UDP-HBeat : 17460
[ 17461][E][WiFiUdp.cpp:221] parsePacket(): could not receive data: 9
[ 17467][E][WiFiUdp.cpp:221] parsePacket(): could not receive data: 9
[ 17473][E][WiFiUdp.cpp:221] parsePacket(): could not receive data: 9
[ 17479][E][WiFiUdp.cpp:221] parsePacket(): could not receive data: 9
[ 17485][E][WiFiUdp.cpp:221] parsePacket(): could not receive data: 9
[ 17491][E][WiFiUdp.cpp:221] parsePacket(): could not receive data: 9
[ 17497][E][WiFiUdp.cpp:221] parsePacket(): could not receive data: 9
[ 17503][E][WiFiUdp.cpp:221] parsePacket(): could not receive data: 9
[ 17509][E][WiFiUdp.cpp:221] parsePacket(): could not receive data: 9
[ 17515][E][WiFiUdp.cpp:221] parsePacket(): could not receive data: 9
[ 17521][E][WiFiUdp.cpp:221] parsePacket(): could not receive data: 9
[ 17527][E][WiFiUdp.cpp:221] parsePacket(): could not receive data: 9
[ 17533][E][WiFiUdp.cpp:221] parsePacket(): could not receive data: 9
[ 17539][E][WiFiUdp.cpp:221] parsePacket(): could not receive data: 9
[ 17545][E][WiFiUdp.cpp:221] parsePacket(): could not receive data: 9
[ 17551][E][WiFiUdp.cpp:221] parsePacket(): could not receive data: 9
[ 17557][E][WiFiUdp.cpp:221] parsePacket(): could not receive data: 9
[ 17563][E][WiFiUdp.cpp:221] parsePacket(): could not receive data: 9
[ 17568][E][WiFiUdp.cpp:221] parsePacket(): could not receive data: 9
[ 17574][E][WiFiUdp.cpp:221] parsePacket(): could not receive data: 9
[ 17580][E][WiFiUdp.cpp:221] parsePacket(): could not receive data: 9
[ 17586][E][WiFiUdp.cpp:221] parsePacket(): could not receive data: 9
[ 17592][E][WiFiUdp.cpp:221] parsePacket(): could not receive data: 9
[ 17598][E][WiFiUdp.cpp:221] parsePacket(): could not receive data: 9
[ 17604][E][WiFiUdp.cpp:221] parsePacket(): could not receive data: 9
[ 17610][E][WiFiUdp.cpp:221] parsePacket(): could not receive data: 9
[ 17616][E][WiFiUdp.cpp:221] parsePacket(): could not receive data: 9
[ 17622][E][WiFiUdp.cpp:221] parsePacket(): could not receive data: 9
[ 17628][E][WiFiUdp.cpp:221] parsePacket(): could not receive data: 9
[ 17634][E][WiFiUdp.cpp:221] parsePacket(): could not receive data: 9
[ 17640][E][WiFiUdp.cpp:221] parsePacket(): could not receive data: 9
[ 17646][E][WiFiUdp.cpp:221] parsePacket(): could not receive data: 9
[ 17652][E][WiFiUdp.cpp:221] parsePacket(): could not receive data: 9
[ 17658][E][WiFiUdp.cpp:221] parsePacket(): could not receive data: 9
[ 17664][E][WiFiUdp.cpp:221] parsePacket(): could not receive data: 9
[ 17670][E][WiFiUdp.cpp:221] parsePacket(): could not receive data: 9
[ 17676][E][WiFiUdp.cpp:221] parsePacket(): could not receive data: 9
[ 17682][E][WiFiUdp.cpp:221] parsePacket(): could not receive data: 9
[ 17688][E][WiFiUdp.cpp:221] parsePacket(): could not receive data: 9
[ 17694][E][WiFiUdp.cpp:221] parsePacket(): could not receive data: 9
[ 17700][E][WiFiUdp.cpp:221] parsePacket(): could not receive data: 9
[ 17706][E][WiFiUdp.cpp:221] parsePacket(): could not receive data: 9
[ 17712][E][WiFiUdp.cpp:221] parsePacket(): could not receive data: 9
[ 17718][E][WiFiUdp.cpp:221] parsePacket(): could not receive data: 9
[ 17724][E][WiFiUdp.cpp:221] parsePacket(): could not receive data: 9
[ 17730][E][WiFiUdp.cpp:221] parsePacket(): could not receive data: 9
[ 17736][E][WiFiUdp.cpp:221] parsePacket(): could not receive data: 9
[ 17742][E][WiFiUdp.cpp:221] parsePacket(): could not receive data: 9
[ 17748][E][WiFiUdp.cpp:221] parsePacket(): could not receive data: 9
[ 17754][E][WiFiUdp.cpp:221] parsePacket(): could not receive data: 9
[ 17760][E][WiFiUdp.cpp:221] parsePacket(): could not receive data: 9
[ 17766][E][WiFiUdp.cpp:221] parsePacket(): could not receive data: 9
[ 17772][E][WiFiUdp.cpp:221] parsePacket(): could not receive data: 9
[ 17778][E][WiFiUdp.cpp:221] parsePacket(): could not receive data: 9
[ 17784][E][WiFiUdp.cpp:221] parsePacket(): could not receive data: 9
[ 17790][E][WiFiUdp.cpp:221] parsePacket(): could not receive data: 9
[ 17796][E][WiFiUdp.cpp:221] parsePacket(): could not receive data: 9
[ 17802][E][WiFiUdp.cpp:221] parsePacket(): could not receive data: 9
[ 17808][E][WiFiUdp.cpp:221] parsePacket(): could not receive data: 9
[ 17814][E][WiFiUdp.cpp:221] parsePacket(): could not receive data: 9
[ 17820][E][WiFiUdp.cpp:221] parsePacket(): could not receive data: 9
[ 17826][E][WiFiUdp.cpp:221] parsePacket(): could not receive data: 9
[ 17832][E][WiFiUdp.cpp:221] parsePacket(): could not receive data: 9
[ 17838][E][WiFiUdp.cpp:221] parsePacket(): could not receive data: 9
[ 17843][E][WiFiUdp.cpp:221] parsePacket(): could not receive data: 9
[ 17849][E][WiFiUdp.cpp:221] parsePacket(): could not receive data: 9
[ 17855][E][WiFiUdp.cpp:221] parsePacket(): could not receive data: 9
[ 17861][E][WiFiUdp.cpp:221] parsePacket(): could not receive data: 9
[ 17867][E][WiFiUdp.cpp:221] parsePacket(): could not receive data: 9
[ 17873][E][WiFiUdp.cpp:221] parsePacket(): could not receive data: 9
[ 17879][E][WiFiUdp.cpp:221] parsePacket(): could not receive data: 9
[ 17885][E][WiFiUdp.cpp:221] parsePacket(): could not receive data: 9
[ 17891][E][WiFiUdp.cpp:221] parsePacket(): could not receive data: 9
[ 17897][E][WiFiUdp.cpp:221] parsePacket(): could not receive data: 9
[ 17903][E][WiFiUdp.cpp:221] parsePacket(): could not receive data: 9
[ 17908][E][WiFiUdp.cpp:221] parsePacket(): could not receive data: 9
[ 17914][E][WiFiUdp.cpp:221] parsePacket(): could not receive data: 9
[ 17920][E][WiFiUdp.cpp:221] parsePacket(): could not receive data: 9
[ 17926][E][WiFiUdp.cpp:221] parsePacket(): could not receive data: 9
[ 17932][E][WiFiUdp.cpp:221] parsePacket(): could not receive data: 9
[ 17938][E][WiFiUdp.cpp:221] parsePacket(): could not receive data: 9
[ 17944][E][WiFiUdp.cpp:221] parsePacket(): could not receive data: 9
[ 17950][E][WiFiUdp.cpp:221] parsePacket(): could not receive data: 9
[ 17956][E][WiFiUdp.cpp:221] parsePacket(): could not receive data: 9
[ 17962][E][WiFiUdp.cpp:221] parsePacket(): could not receive data: 9
[ 17968][E][WiFiUdp.cpp:221] parsePacket(): could not receive data: 9
[ 17974][E][WiFiUdp.cpp:221] parsePacket(): could not receive data: 9
[ 17980][E][WiFiUdp.cpp:221] parsePacket(): could not receive data: 9
[ 17986][E][WiFiUdp.cpp:221] parsePacket(): could not receive data: 9
[ 17992][E][WiFiUdp.cpp:221] parsePacket(): could not receive data: 9
[ 17998][E][WiFiUdp.cpp:221] parsePacket(): could not receive data: 9
[ 18004][E][WiFiUdp.cpp:221] parsePacket(): could not receive data: 9
[ 18010][E][WiFiUdp.cpp:221] parsePacket(): could not receive data: 9
[ 18016][E][WiFiUdp.cpp:221] parsePacket(): could not receive data: 9
[ 18022][E][WiFiUdp.cpp:221] parsePacket(): could not receive data: 9
[ 18028][E][WiFiUdp.cpp:221] parsePacket(): could not receive data: 9
[ 18033][E][WiFiUdp.cpp:221] parsePacket(): could not receive data: 9
[ 18039][E][WiFiUdp.cpp:221] parsePacket(): could not receive data: 9
[ 18045][E][WiFiUdp.cpp:221] parsePacket(): could not receive data: 9
[ 18051][E][WiFiUdp.cpp:221] parsePacket(): could not receive data: 9
[ 18057][E][WiFiUdp.cpp:221] parsePacket(): could not receive data: 9
[ 18063][E][WiFiUdp.cpp:221] parsePacket(): could not receive data: 9
[ 18069][E][WiFiUdp.cpp:221] parsePacket(): could not receive data: 9
[ 18075][E][WiFiUdp.cpp:221] parsePacket(): could not receive data: 9
[ 18081][E][WiFiUdp.cpp:221] parsePacket(): could not receive data: 9
[ 18087][E][WiFiUdp.cpp:221] parsePacket(): could not receive data: 9
[ 18093][E][WiFiUdp.cpp:221] parsePacket(): could not receive data: 9
[ 18099][E][WiFiUdp.cpp:221] parsePacket(): could not receive data: 9
[ 18105][E][WiFiUdp.cpp:221] parsePacket(): could not receive data: 9
[ 18111][E][WiFiUdp.cpp:221] parsePacket(): could not receive data: 9
[ 18117][E][WiFiUdp.cpp:221] parsePacket(): could not receive data: 9
[ 18123][E][WiFiUdp.cpp:221] parsePacket(): could not receive data: 9
[ 18129][E][WiFiUdp.cpp:221] parsePacket(): could not receive data: 9
[ 18135][E][WiFiUdp.cpp:221] parsePacket(): could not receive data: 9
[ 18141][E][WiFiUdp.cpp:221] parsePacket(): could not receive data: 9
[ 18147][E][WiFiUdp.cpp:221] parsePacket(): could not receive data: 9
[ 18153][E][WiFiUdp.cpp:221] parsePacket(): could not receive data: 9
[ 18159][E][WiFiUdp.cpp:221] parsePacket(): could not receive data: 9
[ 18165][E][WiFiUdp.cpp:221] parsePacket(): could not receive data: 9
[ 18171][E][WiFiUdp.cpp:221] parsePacket(): could not receive data: 9
[ 18177][E][WiFiUdp.cpp:221] parsePacket(): could not receive data: 9
[ 18183][E][WiFiUdp.cpp:221] parsePacket(): could not receive data: 9
[ 18189][E][WiFiUdp.cpp:221] parsePacket(): could not receive data: 9
[ 18195][E][WiFiUdp.cpp:221] parsePacket(): could not receive data: 9
[ 18201][E][WiFiUdp.cpp:221] parsePacket(): could not receive data: 9
[ 18207][E][WiFiUdp.cpp:221] parsePacket(): could not receive data: 9
[ 18213][E][WiFiUdp.cpp:221] parsePacket(): could not receive data: 9
[ 18219][E][WiFiUdp.cpp:221] parsePacket(): could not receive data: 9
[ 18225][E][WiFiUdp.cpp:221] parsePacket(): could not receive data: 9
[ 18231][E][WiFiUdp.cpp:221] parsePacket(): could not receive data: 9
[ 18237][E][WiFiUdp.cpp:221] parsePacket(): could not receive data: 9
[ 18243][E][WiFiUdp.cpp:221] parsePacket(): could not receive data: 9
[ 18249][E][WiFiUdp.cpp:221] parsePacket(): could not receive data: 9
[ 18255][E][WiFiUdp.cpp:221] parsePacket(): could not receive data: 9
[ 18261][E][WiFiUdp.cpp:221] parsePacket(): could not receive data: 9
[ 18267][E][WiFiUdp.cpp:221] parsePacket(): could not receive data: 9
[ 18273][E][WiFiUdp.cpp:221] parsePacket(): could not receive data: 9
[ 18279][E][WiFiUdp.cpp:221] parsePacket(): could not receive data: 9
[ 18285][E][WiFiUdp.cpp:221] parsePacket(): could not receive data: 9
[ 18291][E][WiFiUdp.cpp:221] parsePacket(): could not receive data: 9
[ 18297][E][WiFiUdp.cpp:221] parsePacket(): could not receive data: 9
[ 18303][E][WiFiUdp.cpp:221] parsePacket(): could not receive data: 9
[ 18309][E][WiFiUdp.cpp:221] parsePacket(): could not receive data: 9
[ 18315][E][WiFiUdp.cpp:221] parsePacket(): could not receive data: 9
[ 18321][E][WiFiUdp.cpp:221] parsePacket(): could not receive data: 9
[ 18327][E][WiFiUdp.cpp:221] parsePacket(): could not receive data: 9
[ 18333][E][WiFiUdp.cpp:221] parsePacket(): could not receive data: 9
[ 18339][E][WiFiUdp.cpp:221] parsePacket(): could not receive data: 9
[ 18345][E][WiFiUdp.cpp:221] parsePacket(): could not receive data: 9
[ 18351][E][WiFiUdp.cpp:221] parsePacket(): could not receive data: 9
[ 18357][E][WiFiUdp.cpp:221] parsePacket(): could not receive data: 9
[ 18363][E][WiFiUdp.cpp:221] parsePacket(): could not receive data: 9
[ 18369][E][WiFiUdp.cpp:221] parsePacket(): could not receive data: 9
[ 18375][E][WiFiUdp.cpp:221] parsePacket(): could not receive data: 9
[ 18381][E][WiFiUdp.cpp:221] parsePacket(): could not receive data: 9
[ 18387][E][WiFiUdp.cpp:221] parsePacket(): could not receive data: 9
[ 18393][E][WiFiUdp.cpp:221] parsePacket(): could not receive data: 9
[ 18399][E][WiFiUdp.cpp:221] parsePacket(): could not receive data: 9
[ 18405][E][WiFiUdp.cpp:221] parsePacket(): could not receive data: 9
[ 18411][E][WiFiUdp.cpp:221] parsePacket(): could not receive data: 9
[ 18416][E][WiFiUdp.cpp:221] parsePacket(): could not receive data: 9
[ 18421][E][WiFiUdp.cpp:221] parsePacket(): could not receive data: 9
[ 18427][E][WiFiUdp.cpp:221] parsePacket(): could not receive data: 9
[ 18433][E][WiFiUdp.cpp:221] parsePacket(): could not receive data: 9
[ 18439][E][WiFiUdp.cpp:221] parsePacket(): could not receive data: 9
[ 18445][E][WiFiUdp.cpp:221] parsePacket(): could not receive data: 9
[ 18451][E][WiFiUdp.cpp:221] parsePacket(): could not receive data: 9
[ 18457][E][WiFiUdp.cpp:221] parsePacket(): could not receive data: 9
[ 18463][E][WiFiUdp.cpp:221] parsePacket(): could not receive data: 9
[ 18469][E][WiFiUdp.cpp:221] parsePacket(): could not receive data: 9
[ 18475][E][WiFiUdp.cpp:221] parsePacket(): could not receive data: 9
[ 18481][E][WiFiUdp.cpp:221] parsePacket(): could not receive data: 9
[ 18486][E][WiFiUdp.cpp:221] parsePacket(): could not receive data: 9
[ 18492][E][WiFiUdp.cpp:221] parsePacket(): could not receive data: 9
[ 18498][E][WiFiUdp.cpp:221] parsePacket(): could not receive data: 9
[ 18504][E][WiFiUdp.cpp:221] parsePacket(): could not receive data: 9
[ 18510][E][WiFiUdp.cpp:221] parsePacket(): could not receive data: 9
[ 18516][E][WiFiUdp.cpp:221] parsePacket(): could not receive data: 9
[ 18522][E][WiFiUdp.cpp:221] parsePacket(): could not receive data: 9
[ 18528][E][WiFiUdp.cpp:221] parsePacket(): could not receive data: 9
[ 18534][E][WiFiUdp.cpp:221] parsePacket(): could not receive data: 9
[ 18540][E][WiFiUdp.cpp:221] parsePacket(): could not receive data: 9
[ 18546][E][WiFiUdp.cpp:221] parsePacket(): could not receive data: 9
[ 18552][E][WiFiUdp.cpp:221] parsePacket(): could not receive data: 9
[ 18558][E][WiFiUdp.cpp:221] parsePacket(): could not receive data: 9
[ 18564][E][WiFiUdp.cpp:221] parsePacket(): could not receive data: 9
[ 18570][E][WiFiUdp.cpp:221] parsePacket(): could not receive data: 9
[ 18576][E][WiFiUdp.cpp:221] parsePacket(): could not receive data: 9
[ 18582][E][WiFiUdp.cpp:221] parsePacket(): could not receive data: 9
[ 18588][E][WiFiUdp.cpp:221] parsePacket(): could not receive data: 9
[ 18598][E][WiFiUdp.cpp:221] parsePacket(): could not receive data: 9
[ 18605][E][WiFiUdp.cpp:221] parsePacket(): could not receive data: 9
[ 18611][E][WiFiUdp.cpp:221] parsePacket(): could not receive data: 9
[ 18617][E][WiFiUdp.cpp:221] parsePacket(): could not receive data: 9
[ 18623][E][WiFiUdp.cpp:221] parsePacket(): could not receive data: 9
[ 18629][E][WiFiUdp.cpp:221] parsePacket(): could not receive data: 9
[ 18635][E][WiFiUdp.cpp:221] parsePacket(): could not receive data: 9
[ 18641][E][WiFiUdp.cpp:221] parsePacket(): could not receive data: 9
[ 18647][E][WiFiUdp.cpp:221] parsePacket(): could not receive data: 9
[ 18653][E][WiFiUdp.cpp:221] parsePacket(): could not receive data: 9
[ 18659][E][WiFiUdp.cpp:221] parsePacket(): could not receive data: 9
[ 18665][E][WiFiUdp.cpp:221] parsePacket(): could not receive data: 9
[ 18671][E][WiFiUdp.cpp:221] parsePacket(): could not receive data: 9
[ 18677][E][WiFiUdp.cpp:221] parsePacket(): could not receive data: 9
[ 18683][E][WiFiUdp.cpp:221] parsePacket(): could not receive data: 9
[ 18689][E][WiFiUdp.cpp:221] parsePacket(): could not receive data: 9
[ 18695][E][WiFiUdp.cpp:221] parsePacket(): could not receive data: 9
[ 18701][E][WiFiUdp.cpp:221] parsePacket(): could not receive data: 9
[ 18707][E][WiFiUdp.cpp:221] parsePacket(): could not receive data: 9
[ 18713][E][WiFiUdp.cpp:221] parsePacket(): could not receive data: 9
[ 18719][E][WiFiUdp.cpp:221] parsePacket(): could not receive data: 9
[ 18725][E][WiFiUdp.cpp:221] parsePacket(): could not receive data: 9
[ 18731][E][WiFiUdp.cpp:221] parsePacket(): could not receive data: 9
[ 18737][E][WiFiUdp.cpp:221] parsePacket(): could not receive data: 9
[ 18743][E][WiFiUdp.cpp:221] parsePacket(): could not receive data: 9
[ 18749][E][WiFiUdp.cpp:221] parsePacket(): could not receive data: 9
[ 18755][E][WiFiUdp.cpp:221] parsePacket(): could not receive data: 9
[ 18761][E][WiFiUdp.cpp:221] parsePacket(): could not receive data: 9
[ 18767][E][WiFiUdp.cpp:221] parsePacket(): could not receive data: 9
[ 18773][E][WiFiUdp.cpp:221] parsePacket(): could not receive data: 9
[ 18779][E][WiFiUdp.cpp:221] parsePacket(): could not receive data: 9
[ 18785][E][WiFiUdp.cpp:221] parsePacket(): could not receive data: 9
[ 18791][E][WiFiUdp.cpp:221] parsePacket(): could not receive data: 9
[ 18797][E][WiFiUdp.cpp:221] parsePacket(): could not receive data: 9
[ 18803][E][WiFiUdp.cpp:221] parsePacket(): could not receive data: 9
[ 18809][E][WiFiUdp.cpp:221] parsePacket(): could not receive data: 9
[ 18815][E][WiFiUdp.cpp:221] parsePacket(): could not receive data: 9
[ 18821][E][WiFiUdp.cpp:221] parsePacket(): could not receive data: 9
[ 18827][E][WiFiUdp.cpp:221] parsePacket(): could not receive data: 9
[ 18833][E][WiFiUdp.cpp:221] parsePacket(): could not receive data: 9
[ 18839][E][WiFiUdp.cpp:221] parsePacket(): could not receive data: 9
[ 18845][E][WiFiUdp.cpp:221] parsePacket(): could not receive data: 9
[ 18851][E][WiFiUdp.cpp:221] parsePacket(): could not receive data: 9
[ 18857][E][WiFiUdp.cpp:221] parsePacket(): could not receive data: 9
[ 18863][E][WiFiUdp.cpp:221] parsePacket(): could not receive data: 9
[ 18869][E][WiFiUdp.cpp:221] parsePacket(): could not receive data: 9
[ 18875][E][WiFiUdp.cpp:221] parsePacket(): could not receive data: 9
[ 18881][E][WiFiUdp.cpp:221] parsePacket(): could not receive data: 9
[ 18887][E][WiFiUdp.cpp:221] parsePacket(): could not receive data: 9
[ 18893][E][WiFiUdp.cpp:221] parsePacket(): could not receive data: 9
[ 18899][E][WiFiUdp.cpp:221] parsePacket(): could not receive data: 9
[ 18905][E][WiFiUdp.cpp:221] parsePacket(): could not receive data: 9
[ 18911][E][WiFiUdp.cpp:221] parsePacket(): could not receive data: 9
[ 18917][E][WiFiUdp.cpp:221] parsePacket(): could not receive data: 9
[ 18923][E][WiFiUdp.cpp:221] parsePacket(): could not receive data: 9
[ 18929][E][WiFiUdp.cpp:221] parsePacket(): could not receive data: 9
[ 18935][E][WiFiUdp.cpp:221] parsePacket(): could not receive data: 9
[ 18941][E][WiFiUdp.cpp:221] parsePacket(): could not receive data: 9
[ 18947][E][WiFiUdp.cpp:221] parsePacket(): could not receive data: 9
[ 18953][E][WiFiUdp.cpp:221] parsePacket(): could not receive data: 9
[ 18959][E][WiFiUdp.cpp:221] parsePacket(): could not receive data: 9
[ 18965][E][WiFiUdp.cpp:221] parsePacket(): could not receive data: 9
[ 18971][E][WiFiUdp.cpp:221] parsePacket(): could not receive data: 9
[ 18977][E][WiFiUdp.cpp:221] parsePacket(): could not receive data: 9
[ 18983][E][WiFiUdp.cpp:221] parsePacket(): could not receive data: 9
[ 18989][E][WiFiUdp.cpp:221] parsePacket(): could not receive data: 9
[ 18995][E][WiFiUdp.cpp:221] parsePacket(): could not receive data: 9
[ 19001][E][WiFiUdp.cpp:221] parsePacket(): could not receive data: 9
[ 19007][E][WiFiUdp.cpp:221] parsePacket(): could not receive data: 9
[ 19013][E][WiFiUdp.cpp:221] parsePacket(): could not receive data: 9
[ 19019][E][WiFiUdp.cpp:221] parsePacket(): could not receive data: 9
[ 19025][E][WiFiUdp.cpp:221] parsePacket(): could not receive data: 9
[ 19031][E][WiFiUdp.cpp:221] parsePacket(): could not receive data: 9
[ 19037][E][WiFiUdp.cpp:221] parsePacket(): could not receive data: 9
[ 19042][E][WiFiUdp.cpp:221] parsePacket(): could not receive data: 9
[ 19048][E][WiFiUdp.cpp:221] parsePacket(): could not receive data: 9
[ 19054][E][WiFiUdp.cpp:221] parsePacket(): could not receive data: 9
[ 19060][E][WiFiUdp.cpp:221] parsePacket(): could not receive data: 9
[ 19066][E][WiFiUdp.cpp:221] parsePacket(): could not receive data: 9
[ 19072][E][WiFiUdp.cpp:221] parsePacket(): could not receive data: 9
[ 19078][E][WiFiUdp.cpp:221] parsePacket(): could not receive data: 9
[ 19084][E][WiFiUdp.cpp:221] parsePacket(): could not receive data: 9
[ 19090][E][WiFiUdp.cpp:221] parsePacket(): could not receive data: 9
[ 19096][E][WiFiUdp.cpp:221] parsePacket(): could not receive data: 9
[ 19102][E][WiFiUdp.cpp:221] parsePacket(): could not receive data: 9
[ 19108][E][WiFiUdp.cpp:221] parsePacket(): could not receive data: 9
[ 19114][E][WiFiUdp.cpp:221] parsePacket(): could not receive data: 9
[ 19120][E][WiFiUdp.cpp:221] parsePacket(): could not receive data: 9
[ 19126][E][WiFiUdp.cpp:221] parsePacket(): could not receive data: 9
[ 19132][E][WiFiUdp.cpp:221] parsePacket(): could not receive data: 9
[ 19138][E][WiFiUdp.cpp:221] parsePacket(): could not receive data: 9
[ 19144][E][WiFiUdp.cpp:221] parsePacket(): could not receive data: 9
[ 19150][E][WiFiUdp.cpp:221] parsePacket(): could not receive data: 9
[ 19156][E][WiFiUdp.cpp:221] parsePacket(): could not receive data: 9
[ 19162][E][WiFiUdp.cpp:221] parsePacket(): could not receive data: 9
[ 19168][E][WiFiUdp.cpp:221] parsePacket(): could not receive data: 9
[ 19174][E][WiFiUdp.cpp:221] parsePacket(): could not receive data: 9
[ 19180][E][WiFiUdp.cpp:221] parsePacket(): could not receive data: 9
[ 19186][E][WiFiUdp.cpp:221] parsePacket(): could not receive data: 9
[ 19192][E][WiFiUdp.cpp:221] parsePacket(): could not receive data: 9
[ 19198][E][WiFiUdp.cpp:221] parsePacket(): could not receive data: 9
[ 19204][E][WiFiUdp.cpp:221] parsePacket(): could not receive data: 9
[ 19210][E][WiFiUdp.cpp:221] parsePacket(): could not receive data: 9
[ 19216][E][WiFiUdp.cpp:221] parsePacket(): could not receive data: 9
[ 19222][E][WiFiUdp.cpp:221] parsePacket(): could not receive data: 9
[ 19228][E][WiFiUdp.cpp:221] parsePacket(): could not receive data: 9
[ 19234][E][WiFiUdp.cpp:221] parsePacket(): could not receive data: 9
[ 19240][E][WiFiUdp.cpp:221] parsePacket(): could not receive data: 9
[ 19246][E][WiFiUdp.cpp:221] parsePacket(): could not receive data: 9
[ 19252][E][WiFiUdp.cpp:221] parsePacket(): could not receive data: 9
[ 19258][E][WiFiUdp.cpp:221] parsePacket(): could not receive data: 9
[ 19264][E][WiFiUdp.cpp:221] parsePacket(): could not receive data: 9
[ 19270][E][WiFiUdp.cpp:221] parsePacket(): could not receive data: 9
[ 19276][E][WiFiUdp.cpp:221] parsePacket(): could not receive data: 9
[ 19282][E][WiFiUdp.cpp:221] parsePacket(): could not receive data: 9
[ 19288][E][WiFiUdp.cpp:221] parsePacket(): could not receive data: 9
[ 19294][E][WiFiUdp.cpp:221] parsePacket(): could not receive data: 9
[ 19300][E][WiFiUdp.cpp:221] parsePacket(): could not receive data: 9
[ 19306][E][WiFiUdp.cpp:221] parsePacket(): could not receive data: 9
[ 19312][E][WiFiUdp.cpp:221] parsePacket(): could not receive data: 9
[ 19318][E][WiFiUdp.cpp:221] parsePacket(): could not receive data: 9
[ 19324][E][WiFiUdp.cpp:221] parsePacket(): could not receive data: 9
[ 19330][E][WiFiUdp.cpp:221] parsePacket(): could not receive data: 9
[ 19336][E][WiFiUdp.cpp:221] parsePacket(): could not receive data: 9
[ 19342][E][WiFiUdp.cpp:221] parsePacket(): could not receive data: 9
[ 19348][E][WiFiUdp.cpp:221] parsePacket(): could not receive data: 9
[ 19354][E][WiFiUdp.cpp:221] parsePacket(): could not receive data: 9
[ 19360][E][WiFiUdp.cpp:221] parsePacket(): could not receive data: 9
[ 19366][E][WiFiUdp.cpp:221] parsePacket(): could not receive data: 9
[ 19372][E][WiFiUdp.cpp:221] parsePacket(): could not receive data: 9
[ 19378][E][WiFiUdp.cpp:221] parsePacket(): could not receive data: 9
[ 19384][E][WiFiUdp.cpp:221] parsePacket(): could not receive data: 9
[ 19390][E][WiFiUdp.cpp:221] parsePacket(): could not receive data: 9
[ 19396][E][WiFiUdp.cpp:221] parsePacket(): could not receive data: 9
[ 19401][E][WiFiUdp.cpp:221] parsePacket(): could not receive data: 9
[ 19407][E][WiFiUdp.cpp:221] parsePacket(): could not receive data: 9
[ 19413][E][WiFiUdp.cpp:221] parsePacket(): could not receive data: 9
[ 19419][E][WiFiUdp.cpp:221] parsePacket(): could not receive data: 9
[ 19425][E][WiFiUdp.cpp:221] parsePacket(): could not receive data: 9
[ 19431][E][WiFiUdp.cpp:221] parsePacket(): could not receive data: 9
[ 19437][E][WiFiUdp.cpp:221] parsePacket(): could not receive data: 9
[ 19443][E][WiFiUdp.cpp:221] parsePacket(): could not receive data: 9
[ 19449][E][WiFiUdp.cpp:221] parsePacket(): could not receive data: 9
[ 19455][E][WiFiUdp.cpp:221] parsePacket(): could not receive data: 9
[ 19461][E][WiFiUdp.cpp:221] parsePacket(): could not receive data: 9
[ 19467][E][WiFiUdp.cpp:221] parsePacket(): could not receive data: 9
[ 19473][E][WiFiUdp.cpp:221] parsePacket(): could not receive data: 9
[ 19479][E][WiFiUdp.cpp:221] parsePacket(): could not receive data: 9
[ 19485][E][WiFiUdp.cpp:221] parsePacket(): could not receive data: 9
[ 19491][E][WiFiUdp.cpp:221] parsePacket(): could not receive data: 9
[ 19497][E][WiFiUdp.cpp:221] parsePacket(): could not receive data: 9
[ 19503][E][WiFiUdp.cpp:221] parsePacket(): could not receive data: 9
[ 19509][E][WiFiUdp.cpp:221] parsePacket(): could not receive data: 9
[ 19515][E][WiFiUdp.cpp:221] parsePacket(): could not receive data: 9
[ 19521][E][WiFiUdp.cpp:221] parsePacket(): could not receive data: 9
[ 19527][E][WiFiUdp.cpp:221] parsePacket(): could not receive data: 9
[ 19533][E][WiFiUdp.cpp:221] parsePacket(): could not receive data: 9
[ 19539][E][WiFiUdp.cpp:221] parsePacket(): could not receive data: 9
[ 19545][E][WiFiUdp.cpp:221] parsePacket(): could not receive data: 9
[ 19551][E][WiFiUdp.cpp:221] parsePacket(): could not receive data: 9
[ 19557][E][WiFiUdp.cpp:221] parsePacket(): could not receive data: 9
[ 19563][E][WiFiUdp.cpp:221] parsePacket(): could not receive data: 9
[ 19569][E][WiFiUdp.cpp:221] parsePacket(): could not receive data: 9
[ 19575][E][WiFiUdp.cpp:221] parsePacket(): could not receive data: 9
[ 19582][E][WiFiUdp.cpp:221] parsePacket(): could not receive data: 9
[ 19589][E][WiFiUdp.cpp:221] parsePacket(): could not receive data: 9
[ 19595][E][WiFiUdp.cpp:221] parsePacket(): could not receive data: 9
[ 19601][E][WiFiUdp.cpp:221] parsePacket(): could not receive data: 9
[ 19607][E][WiFiUdp.cpp:221] parsePacket(): could not receive data: 9
[ 19613][E][WiFiUdp.cpp:221] parsePacket(): could not receive data: 9
[ 19619][E][WiFiUdp.cpp:221] parsePacket(): could not receive data: 9
[ 19625][E][WiFiUdp.cpp:221] parsePacket(): could not receive data: 9
[ 19631][E][WiFiUdp.cpp:221] parsePacket(): could not receive data: 9
[ 19637][E][WiFiUdp.cpp:221] parsePacket(): could not receive data: 9
[ 19643][E][WiFiUdp.cpp:221] parsePacket(): could not receive data: 9
[ 19649][E][WiFiUdp.cpp:221] parsePacket(): could not receive data: 9
[ 19655][E][WiFiUdp.cpp:221] parsePacket(): could not receive data: 9
[ 19661][E][WiFiUdp.cpp:221] parsePacket(): could not receive data: 9
[ 19667][E][WiFiUdp.cpp:221] parsePacket(): could not receive data: 9
[ 19673][E][WiFiUdp.cpp:221] parsePacket(): could not receive data: 9
[ 19679][E][WiFiUdp.cpp:221] parsePacket(): could not receive data: 9
[ 19685][E][WiFiUdp.cpp:221] parsePacket(): could not receive data: 9
[ 19691][E][WiFiUdp.cpp:221] parsePacket(): could not receive data: 9
[ 19697][E][WiFiUdp.cpp:221] parsePacket(): could not receive data: 9
[ 19703][E][WiFiUdp.cpp:221] parsePacket(): could not receive data: 9
[ 19709][E][WiFiUdp.cpp:221] parsePacket(): could not receive data: 9
[ 19715][E][WiFiUdp.cpp:221] parsePacket(): could not receive data: 9
[ 19721][E][WiFiUdp.cpp:221] parsePacket(): could not receive data: 9
[ 19727][E][WiFiUdp.cpp:221] parsePacket(): could not receive data: 9
[ 19733][E][WiFiUdp.cpp:221] parsePacket(): could not receive data: 9
[ 19739][E][WiFiUdp.cpp:221] parsePacket(): could not receive data: 9
[ 19745][E][WiFiUdp.cpp:221] parsePacket(): could not receive data: 9
[ 19751][E][WiFiUdp.cpp:221] parsePacket(): could not receive data: 9
[ 19757][E][WiFiUdp.cpp:221] parsePacket(): could not receive data: 9
[ 19763][E][WiFiUdp.cpp:221] parsePacket(): could not receive data: 9
[ 19769][E][WiFiUdp.cpp:221] parsePacket(): could not receive data: 9
[ 19775][E][WiFiUdp.cpp:221] parsePacket(): could not receive data: 9
[ 19781][E][WiFiUdp.cpp:221] parsePacket(): could not receive data: 9
[ 19787][E][WiFiUdp.cpp:221] parsePacket(): could not receive data: 9
[ 19793][E][WiFiUdp.cpp:221] parsePacket(): could not receive data: 9
[ 19799][E][WiFiUdp.cpp:221] parsePacket(): could not receive data: 9
[ 19805][E][WiFiUdp.cpp:221] parsePacket(): could not receive data: 9
[ 19811][E][WiFiUdp.cpp:221] parsePacket(): could not receive data: 9
[ 19817][E][WiFiUdp.cpp:221] parsePacket(): could not receive data: 9
[ 19823][E][WiFiUdp.cpp:221] parsePacket(): could not receive data: 9
[ 19829][E][WiFiUdp.cpp:221] parsePacket(): could not receive data: 9
[ 19835][E][WiFiUdp.cpp:221] parsePacket(): could not receive data: 9
[ 19841][E][WiFiUdp.cpp:221] parsePacket(): could not receive data: 9
[ 19847][E][WiFiUdp.cpp:221] parsePacket(): could not receive data: 9
[ 19853][E][WiFiUdp.cpp:221] parsePacket(): could not receive data: 9
[ 19859][E][WiFiUdp.cpp:221] parsePacket(): could not receive data: 9
[ 19865][E][WiFiUdp.cpp:221] parsePacket(): could not receive data: 9
[ 19871][E][WiFiUdp.cpp:221] parsePacket(): could not receive data: 9
[ 19877][E][WiFiUdp.cpp:221] parsePacket(): could not receive data: 9
[ 19883][E][WiFiUdp.cpp:221] parsePacket(): could not receive data: 9
[ 19889][E][WiFiUdp.cpp:221] parsePacket(): could not receive data: 9
[ 19895][E][WiFiUdp.cpp:221] parsePacket(): could not receive data: 9
[ 19901][E][WiFiUdp.cpp:221] parsePacket(): could not receive data: 9
[ 19907][E][WiFiUdp.cpp:221] parsePacket(): could not receive data: 9
[ 19913][E][WiFiUdp.cpp:221] parsePacket(): could not receive data: 9
[ 19919][E][WiFiUdp.cpp:221] parsePacket(): could not receive data: 9
[ 19925][E][WiFiUdp.cpp:221] parsePacket(): could not receive data: 9
[ 19931][E][WiFiUdp.cpp:221] parsePacket(): could not receive data: 9
[ 19937][E][WiFiUdp.cpp:221] parsePacket(): could not receive data: 9
[ 19943][E][WiFiUdp.cpp:221] parsePacket(): could not receive data: 9
[ 19949][E][WiFiUdp.cpp:221] parsePacket(): could not receive data: 9
[ 19955][E][WiFiUdp.cpp:221] parsePacket(): could not receive data: 9
[ 19961][E][WiFiUdp.cpp:221] parsePacket(): could not receive data: 9
[ 19967][E][WiFiUdp.cpp:221] parsePacket(): could not receive data: 9
[ 19973][E][WiFiUdp.cpp:221] parsePacket(): could not receive data: 9
[ 19979][E][WiFiUdp.cpp:221] parsePacket(): could not receive data: 9
[ 19985][E][WiFiUdp.cpp:221] parsePacket(): could not receive data: 9
[ 19991][E][WiFiUdp.cpp:221] parsePacket(): could not receive data: 9
[ 19997][E][WiFiUdp.cpp:221] parsePacket(): could not receive data: 9
[ 20003][E][WiFiUdp.cpp:221] parsePacket(): could not receive data: 9
[ 20009][E][WiFiUdp.cpp:221] parsePacket(): could not receive data: 9
[ 20015][E][WiFiUdp.cpp:221] parsePacket(): could not receive data: 9
[ 20021][E][WiFiUdp.cpp:221] parsePacket(): could not receive data: 9
[ 20027][E][WiFiUdp.cpp:221] parsePacket(): could not receive data: 9
[ 20033][E][WiFiUdp.cpp:221] parsePacket(): could not receive data: 9
[ 20039][E][WiFiUdp.cpp:221] parsePacket(): could not receive data: 9
[ 20045][E][WiFiUdp.cpp:221] parsePacket(): could not receive data: 9
[ 20051][E][WiFiUdp.cpp:221] parsePacket(): could not receive data: 9
[ 20057][E][WiFiUdp.cpp:221] parsePacket(): could not receive data: 9
[ 20063][E][WiFiUdp.cpp:221] parsePacket(): could not receive data: 9
[ 20070][E][WiFiUdp.cpp:221] parsePacket(): could not receive data: 9
[ 20081][E][WiFiUdp.cpp:221] parsePacket(): could not receive data: 9
[ 20087][E][WiFiUdp.cpp:221] parsePacket(): could not receive data: 9
[ 20093][E][WiFiUdp.cpp:221] parsePacket(): could not receive data: 9
[ 20099][E][WiFiUdp.cpp:221] parsePacket(): could not receive data: 9
[ 20105][E][WiFiUdp.cpp:221] parsePacket(): could not receive data: 9
[ 20111][E][WiFiUdp.cpp:221] parsePacket(): could not receive data: 9
[ 20117][E][WiFiUdp.cpp:221] parsePacket(): could not receive data: 9
[ 20123][E][WiFiUdp.cpp:221] parsePacket(): could not receive data: 9
[ 20128][E][WiFiUdp.cpp:221] parsePacket(): could not receive data: 9
[ 20134][E][WiFiUdp.cpp:221] parsePacket(): could not receive data: 9
[ 20141][E][WiFiUdp.cpp:221] parsePacket(): could not receive data: 9
[ 20148][E][WiFiUdp.cpp:221] parsePacket(): could not receive data: 9
[ 20154][E][WiFiUdp.cpp:221] parsePacket(): could not receive data: 9
[ 20160][E][WiFiUdp.cpp:221] parsePacket(): could not receive data: 9
[ 20166][E][WiFiUdp.cpp:221] parsePacket(): could not receive data: 9
[ 20172][E][WiFiUdp.cpp:221] parsePacket(): could not receive data: 9
[ 20178][E][WiFiUdp.cpp:221] parsePacket(): could not receive data: 9
[ 20184][E][WiFiUdp.cpp:221] parsePacket(): could not receive data: 9
[ 20190][E][WiFiUdp.cpp:221] parsePacket(): could not receive data: 9
[ 20196][E][WiFiUdp.cpp:221] parsePacket(): could not receive data: 9
[ 20202][E][WiFiUdp.cpp:221] parsePacket(): could not receive data: 9
[ 20208][E][WiFiUdp.cpp:221] parsePacket(): could not receive data: 9
[ 20214][E][WiFiUdp.cpp:221] parsePacket(): could not receive data: 9
[ 20220][E][WiFiUdp.cpp:221] parsePacket(): could not receive data: 9
[ 20226][E][WiFiUdp.cpp:221] parsePacket(): could not receive data: 9
[ 20232][E][WiFiUdp.cpp:221] parsePacket(): could not receive data: 9
[ 20238][E][WiFiUdp.cpp:221] parsePacket(): could not receive data: 9
[ 20244][E][WiFiUdp.cpp:221] parsePacket(): could not receive data: 9
[ 20250][E][WiFiUdp.cpp:221] parsePacket(): could not receive data: 9
[ 20256][E][WiFiUdp.cpp:221] parsePacket(): could not receive data: 9
[ 20262][E][WiFiUdp.cpp:221] parsePacket(): could not receive data: 9
[ 20268][E][WiFiUdp.cpp:221] parsePacket(): could not receive data: 9
[ 20274][E][WiFiUdp.cpp:221] parsePacket(): could not receive data: 9
[ 20280][E][WiFiUdp.cpp:221] parsePacket(): could not receive data: 9
[ 20286][E][WiFiUdp.cpp:221] parsePacket(): could not receive data: 9
[ 20292][E][WiFiUdp.cpp:221] parsePacket(): could not receive data: 9
[ 20297][E][WiFiUdp.cpp:221] parsePacket(): could not receive data: 9
[ 20302][E][WiFiUdp.cpp:221] parsePacket(): could not receive data: 9
[ 20308][E][WiFiUdp.cpp:221] parsePacket(): could not receive data: 9
[ 20314][E][WiFiUdp.cpp:221] parsePacket(): could not receive data: 9
[ 20320][E][WiFiUdp.cpp:221] parsePacket(): could not receive data: 9
[ 20326][E][WiFiUdp.cpp:221] parsePacket(): could not receive data: 9
[ 20332][E][WiFiUdp.cpp:221] parsePacket(): could not receive data: 9
[ 20338][E][WiFiUdp.cpp:221] parsePacket(): could not receive data: 9
[ 20344][E][WiFiUdp.cpp:221] parsePacket(): could not receive data: 9
[ 20350][E][WiFiUdp.cpp:221] parsePacket(): could not receive data: 9
[ 20356][E][WiFiUdp.cpp:221] parsePacket(): could not receive data: 9
[ 20362][E][WiFiUdp.cpp:221] parsePacket(): could not receive data: 9
[ 20368][E][WiFiUdp.cpp:221] parsePacket(): could not receive data: 9
[ 20374][E][WiFiUdp.cpp:221] parsePacket(): could not receive data: 9
[ 20381][E][WiFiUdp.cpp:221] parsePacket(): could not receive data: 9
[ 20387][E][WiFiUdp.cpp:221] parsePacket(): could not receive data: 9
[ 20393][E][WiFiUdp.cpp:221] parsePacket(): could not receive data: 9
[ 20399][E][WiFiUdp.cpp:221] parsePacket(): could not receive data: 9
[ 20405][E][WiFiUdp.cpp:221] parsePacket(): could not receive data: 9
[ 20411][E][WiFiUdp.cpp:221] parsePacket(): could not receive data: 9
[ 20419][E][WiFiUdp.cpp:221] parsePacket(): could not receive data: 9
[ 20426][E][WiFiUdp.cpp:221] parsePacket(): could not receive data: 9
[ 20434][E][WiFiUdp.cpp:221] parsePacket(): could not receive data: 9
[ 20441][E][WiFiUdp.cpp:221] parsePacket(): could not receive data: 9
[ 20447][E][WiFiUdp.cpp:221] parsePacket(): could not receive data: 9
[ 20453][E][WiFiUdp.cpp:221] parsePacket(): could not receive data: 9
[ 20459][E][WiFiUdp.cpp:221] parsePacket(): could not receive data: 9
[CON ]...Client disconnected. free heap=132508
[ 20466][E][WiFiUdp.cpp:221] parsePacket(): could not receive data: 9
[CON ]...accept() fd=50 free=132540
[CON ]...Client authenticated on port 2323. free heap=128852
-[ 20472][E][WiFiUdp.cpp:221] parsePacket(): could not receive data: 9
-[ 20478][E][WiFiUdp.cpp:221] parsePacket(): could not receive data: 9
i[ 20484][E][WiFiUdp.cpp:221] parsePacket(): could not receive data: 9
n[ 20490][E][WiFiUdp.cpp:221] parsePacket(): could not receive data: 9
f[ 20496][E][WiFiUdp.cpp:221] parsePacket(): could not receive data: 9
o[ 20502][E][WiFiUdp.cpp:221] parsePacket(): could not receive data: 9
[ 20508][E][WiFiUdp.cpp:221] parsePacket(): could not receive data: 9

--MeshCom 4.35t (build: Sep 26 2026 / 22:37:24)
...UPDATE: 
...Call: <TE5T-1> ...ID 00000000 ...NODE 39 <EBYTE_E22> ...UTC-OFF 1.000000 [CPU]
...BATT 4.10 V ...BATT 85 % ...MAXV 4.200 V
...TIME 20514 ms
...Flash-Version 20260724
...NOMSGALL off ...MESH off ...BUTTON (12) off ...SOFTSER off ... SOFTSERREAD off
...PASSWD <>
...DEBUG man ...DEBUG en
...DEBUG off ...LORADEBUG off ...GPSDEBUG off/0 ...SOFTSERDEBUG off
...WXDEBUG off ...BLEDEBUG off
...DisplayInfo off ...DisplayCont off ...DisplyLog off ...contrast 255 ...ackinfo off
...EXTUDP off ...EXT IP none ...NOPMOTHER off
...BTCODE 000000
...APRSMC: APRSMC
...ATXT: 
...NAME: 
...BLE : short
...DISPLAY on
...CTRY EU8
...FREQ 433.1750 MHz TXPWR 17 dBm RXBOOST off
...MAXHOP text 2 / pos 2

...Webserver  on / Webpwd <> / Gateway off 
...NETConsole on (port 2323)
...KISS/TCP   off / TX off / RxMeta off / Auth off
...WIFI-AP    off
...SSID <none> / PASSWORD <***>
...NETWORK Mode:WiFi
...hasIpAddress: yes
...IP address   : 10.0.2.15
...SUBNET-MASK  : 255.255.255.0
...GW address   : 10.0.2.5
...DNS address  : 
...UDP-HBeat : 20518
[ 20518][E][WiFiUdp.cpp:221] parsePacket(): could not receive data: 9
[CON ]...Client disconnected. free heap=134572
[ 20525][E][WiFiUdp.cpp:221] parsePacket(): could not receive data: 9
[ 20531][E][WiFiUdp.cpp:221] parsePacket(): could not receive data: 9
[ 20537][E][WiFiUdp.cpp:221] parsePacket(): could not receive data: 9
[ 20543][E][WiFiUdp.cpp:221] parsePacket(): could not receive data: 9
[ 20549][E][WiFiUdp.cpp:221] parsePacket(): could not receive data: 9
[ 20555][E][WiFiUdp.cpp:221] parsePacket(): could not receive data: 9
[ 20561][E][WiFiUdp.cpp:221] parsePacket(): could not receive data: 9
[ 20567][E][WiFiUdp.cpp:221] parsePacket(): could not receive data: 9
[ 20573][E][WiFiUdp.cpp:221] parsePacket(): could not receive data: 9
[ 20579][E][WiFiUdp.cpp:221] parsePacket(): could not receive data: 9
[ 20585][E][WiFiUdp.cpp:221] parsePacket(): could not receive data: 9
[ 20591][E][WiFiUdp.cpp:221] parsePacket(): could not receive data: 9
[ 20597][E][WiFiUdp.cpp:221] parsePacket(): could not receive data: 9
[ 20603][E][WiFiUdp.cpp:221] parsePacket(): could not receive data: 9
[ 20609][E][WiFiUdp.cpp:221] parsePacket(): could not receive data: 9
[ 20615][E][WiFiUdp.cpp:221] parsePacket(): could not receive data: 9
[ 20621][E][WiFiUdp.cpp:221] parsePacket(): could not receive data: 9
[ 20627][E][WiFiUdp.cpp:221] parsePacket(): could not receive data: 9
[ 20633][E][WiFiUdp.cpp:221] parsePacket(): could not receive data: 9
[ 20639][E][WiFiUdp.cpp:221] parsePacket(): could not receive data: 9
[ 20645][E][WiFiUdp.cpp:221] parsePacket(): could not receive data: 9
[ 20651][E][WiFiUdp.cpp:221] parsePacket(): could not receive data: 9
[ 20657][E][WiFiUdp.cpp:221] parsePacket(): could not receive data: 9
[ 20663][E][WiFiUdp.cpp:221] parsePacket(): could not receive data: 9
[ 20669][E][WiFiUdp.cpp:221] parsePacket(): could not receive data: 9
[ 20675][E][WiFiUdp.cpp:221] parsePacket(): could not receive data: 9
[ 20681][E][WiFiUdp.cpp:221] parsePacket(): could not receive data: 9
[ 20687][E][WiFiUdp.cpp:221] parsePacket(): could not receive data: 9
[ 20693][E][WiFiUdp.cpp:221] parsePacket(): could not receive data: 9
[ 20699][E][WiFiUdp.cpp:221] parsePacket(): could not receive data: 9
[ 20705][E][WiFiUdp.cpp:221] parsePacket(): could not receive data: 9
[ 20711][E][WiFiUdp.cpp:221] parsePacket(): could not receive data: 9
[ 20717][E][WiFiUdp.cpp:221] parsePacket(): could not receive data: 9
[ 20722][E][WiFiUdp.cpp:221] parsePacket(): could not receive data: 9
[ 20728][E][WiFiUdp.cpp:221] parsePacket(): could not receive data: 9
[ 20735][E][WiFiUdp.cpp:221] parsePacket(): could not receive data: 9
[ 20741][E][WiFiUdp.cpp:221] parsePacket(): could not receive data: 9
[ 20747][E][WiFiUdp.cpp:221] parsePacket(): could not receive data: 9
[ 20753][E][WiFiUdp.cpp:221] parsePacket(): could not receive data: 9
[ 20759][E][WiFiUdp.cpp:221] parsePacket(): could not receive data: 9
[ 20765][E][WiFiUdp.cpp:221] parsePacket(): could not receive data: 9
[ 20771][E][WiFiUdp.cpp:221] parsePacket(): could not receive data: 9
[ 20777][E][WiFiUdp.cpp:221] parsePacket(): could not receive data: 9
[ 20783][E][WiFiUdp.cpp:221] parsePacket(): could not receive data: 9
[ 20789][E][WiFiUdp.cpp:221] parsePacket(): could not receive data: 9
[ 20795][E][WiFiUdp.cpp:221] parsePacket(): could not receive data: 9
[ 20801][E][WiFiUdp.cpp:221] parsePacket(): could not receive data: 9
[ 20807][E][WiFiUdp.cpp:221] parsePacket(): could not receive data: 9
[ 20813][E][WiFiUdp.cpp:221] parsePacket(): could not receive data: 9
[ 20819][E][WiFiUdp.cpp:221] parsePacket(): could not receive data: 9
[ 20825][E][WiFiUdp.cpp:221] parsePacket(): could not receive data: 9
[ 20831][E][WiFiUdp.cpp:221] parsePacket(): could not receive data: 9
[ 20836][E][WiFiUdp.cpp:221] parsePacket(): could not receive data: 9
[ 20841][E][WiFiUdp.cpp:221] parsePacket(): could not receive data: 9
[ 20847][E][WiFiUdp.cpp:221] parsePacket(): could not receive data: 9
[ 20853][E][WiFiUdp.cpp:221] parsePacket(): could not receive data: 9
[ 20859][E][WiFiUdp.cpp:221] parsePacket(): could not receive data: 9
[ 20865][E][WiFiUdp.cpp:221] parsePacket(): could not receive data: 9
[ 20871][E][WiFiUdp.cpp:221] parsePacket(): could not receive data: 9
[ 20876][E][WiFiUdp.cpp:221] parsePacket(): could not receive data: 9
[ 20881][E][WiFiUdp.cpp:221] parsePacket(): could not receive data: 9
[ 20886][E][WiFiUdp.cpp:221] parsePacket(): could not receive data: 9
[ 20891][E][WiFiUdp.cpp:221] parsePacket(): could not receive data: 9
[ 20897][E][WiFiUdp.cpp:221] parsePacket(): could not receive data: 9
[ 20902][E][WiFiUdp.cpp:221] parsePacket(): could not receive data: 9
[ 20907][E][WiFiUdp.cpp:221] parsePacket(): could not receive data: 9
[ 20912][E][WiFiUdp.cpp:221] parsePacket(): could not receive data: 9
[ 20918][E][WiFiUdp.cpp:221] parsePacket(): could not receive data: 9
[ 20924][E][WiFiUdp.cpp:221] parsePacket(): could not receive data: 9
[ 20930][E][WiFiUdp.cpp:221] parsePacket(): could not receive data: 9
[ 20936][E][WiFiUdp.cpp:221] parsePacket(): could not receive data: 9
[ 20942][E][WiFiUdp.cpp:221] parsePacket(): could not receive data: 9
[ 20948][E][WiFiUdp.cpp:221] parsePacket(): could not receive data: 9
[ 20954][E][WiFiUdp.cpp:221] parsePacket(): could not receive data: 9
[ 20960][E][WiFiUdp.cpp:221] parsePacket(): could not receive data: 9
[ 20966][E][WiFiUdp.cpp:221] parsePacket(): could not receive data: 9
[ 20972][E][WiFiUdp.cpp:221] parsePacket(): could not receive data: 9
[ 20978][E][WiFiUdp.cpp:221] parsePacket(): could not receive data: 9
[ 20983][E][WiFiUdp.cpp:221] parsePacket(): could not receive data: 9
[ 20989][E][WiFiUdp.cpp:221] parsePacket(): could not receive data: 9
[ 20995][E][WiFiUdp.cpp:221] parsePacket(): could not receive data: 9
[ 21001][E][WiFiUdp.cpp:221] parsePacket(): could not receive data: 9
[ 21007][E][WiFiUdp.cpp:221] parsePacket(): could not receive data: 9
[ 21013][E][WiFiUdp.cpp:221] parsePacket(): could not receive data: 9
[ 21019][E][WiFiUdp.cpp:221] parsePacket(): could not receive data: 9
[ 21025][E][WiFiUdp.cpp:221] parsePacket(): could not receive data: 9
[ 21031][E][WiFiUdp.cpp:221] parsePacket(): could not receive data: 9
[ 21037][E][WiFiUdp.cpp:221] parsePacket(): could not receive data: 9
[ 21043][E][WiFiUdp.cpp:221] parsePacket(): could not receive data: 9
[ 21049][E][WiFiUdp.cpp:221] parsePacket(): could not receive data: 9
[ 21055][E][WiFiUdp.cpp:221] parsePacket(): could not receive data: 9
[ 21061][E][WiFiUdp.cpp:221] parsePacket(): could not receive data: 9
[ 21067][E][WiFiUdp.cpp:221] parsePacket(): could not receive data: 9
[ 21073][E][WiFiUdp.cpp:221] parsePacket(): could not receive data: 9
[ 21079][E][WiFiUdp.cpp:221] parsePacket(): could not receive data: 9
[ 21085][E][WiFiUdp.cpp:221] parsePacket(): could not receive data: 9
[ 21091][E][WiFiUdp.cpp:221] parsePacket(): could not receive data: 9
[ 21097][E][WiFiUdp.cpp:221] parsePacket(): could not receive data: 9
[ 21103][E][WiFiUdp.cpp:221] parsePacket(): could not receive data: 9
[ 21109][E][WiFiUdp.cpp:221] parsePacket(): could not receive data: 9
[ 21115][E][WiFiUdp.cpp:221] parsePacket(): could not receive data: 9
[ 21121][E][WiFiUdp.cpp:221] parsePacket(): could not receive data: 9
[ 21127][E][WiFiUdp.cpp:221] parsePacket(): could not receive data: 9
[ 21133][E][WiFiUdp.cpp:221] parsePacket(): could not receive data: 9
[ 21138][E][WiFiUdp.cpp:221] parsePacket(): could not receive data: 9
[ 21144][E][WiFiUdp.cpp:221] parsePacket(): could not receive data: 9
[ 21150][E][WiFiUdp.cpp:221] parsePacket(): could not receive data: 9
[ 21156][E][WiFiUdp.cpp:221] parsePacket(): could not receive data: 9
[ 21162][E][WiFiUdp.cpp:221] parsePacket(): could not receive data: 9
[ 21168][E][WiFiUdp.cpp:221] parsePacket(): could not receive data: 9
[ 21174][E][WiFiUdp.cpp:221] parsePacket(): could not receive data: 9
[ 21180][E][WiFiUdp.cpp:221] parsePacket(): could not receive data: 9
[ 21186][E][WiFiUdp.cpp:221] parsePacket(): could not receive data: 9
[ 21192][E][WiFiUdp.cpp:221] parsePacket(): could not receive data: 9
[ 21198][E][WiFiUdp.cpp:221] parsePacket(): could not receive data: 9
[ 21204][E][WiFiUdp.cpp:221] parsePacket(): could not receive data: 9
[ 21210][E][WiFiUdp.cpp:221] parsePacket(): could not receive data: 9
[ 21216][E][WiFiUdp.cpp:221] parsePacket(): could not receive data: 9
[ 21222][E][WiFiUdp.cpp:221] parsePacket(): could not receive data: 9
[ 21228][E][WiFiUdp.cpp:221] parsePacket(): could not receive data: 9
[ 21234][E][WiFiUdp.cpp:221] parsePacket(): could not receive data: 9
[ 21240][E][WiFiUdp.cpp:221] parsePacket(): could not receive data: 9
[ 21246][E][WiFiUdp.cpp:221] parsePacket(): could not receive data: 9
[ 21252][E][WiFiUdp.cpp:221] parsePacket(): could not receive data: 9
[ 21258][E][WiFiUdp.cpp:221] parsePacket(): could not receive data: 9
[ 21264][E][WiFiUdp.cpp:221] parsePacket(): could not receive data: 9
[ 21270][E][WiFiUdp.cpp:221] parsePacket(): could not receive data: 9
[ 21276][E][WiFiUdp.cpp:221] parsePacket(): could not receive data: 9
[ 21282][E][WiFiUdp.cpp:221] parsePacket(): could not receive data: 9
[ 21288][E][WiFiUdp.cpp:221] parsePacket(): could not receive data: 9
[ 21294][E][WiFiUdp.cpp:221] parsePacket(): could not receive data: 9
[ 21300][E][WiFiUdp.cpp:221] parsePacket(): could not receive data: 9
[ 21306][E][WiFiUdp.cpp:221] parsePacket(): could not receive data: 9
[ 21312][E][WiFiUdp.cpp:221] parsePacket(): could not receive data: 9
[ 21318][E][WiFiUdp.cpp:221] parsePacket(): could not receive data: 9
[ 21324][E][WiFiUdp.cpp:221] parsePacket(): could not receive data: 9
[ 21330][E][WiFiUdp.cpp:221] parsePacket(): could not receive data: 9
[ 21336][E][WiFiUdp.cpp:221] parsePacket(): could not receive data: 9
[ 21342][E][WiFiUdp.cpp:221] parsePacket(): could not receive data: 9
[ 21348][E][WiFiUdp.cpp:221] parsePacket(): could not receive data: 9
[ 21354][E][WiFiUdp.cpp:221] parsePacket(): could not receive data: 9
[ 21360][E][WiFiUdp.cpp:221] parsePacket(): could not receive data: 9
[ 21366][E][WiFiUdp.cpp:221] parsePacket(): could not receive data: 9
[ 21372][E][WiFiUdp.cpp:221] parsePacket(): could not receive data: 9
[ 21378][E][WiFiUdp.cpp:221] parsePacket(): could not receive data: 9
[ 21384][E][WiFiUdp.cpp:221] parsePacket(): could not receive data: 9
[ 21390][E][WiFiUdp.cpp:221] parsePacket(): could not receive data: 9
[ 21396][E][WiFiUdp.cpp:221] parsePacket(): could not receive data: 9
[ 21402][E][WiFiUdp.cpp:221] parsePacket(): could not receive data: 9
[ 21408][E][WiFiUdp.cpp:221] parsePacket(): could not receive data: 9
[ 21414][E][WiFiUdp.cpp:221] parsePacket(): could not receive data: 9
[ 21420][E][WiFiUdp.cpp:221] parsePacket(): could not receive data: 9
[ 21426][E][WiFiUdp.cpp:221] parsePacket(): could not receive data: 9
[ 21432][E][WiFiUdp.cpp:221] parsePacket(): could not receive data: 9
[ 21438][E][WiFiUdp.cpp:221] parsePacket(): could not receive data: 9
[ 21444][E][WiFiUdp.cpp:221] parsePacket(): could not receive data: 9
[ 21450][E][WiFiUdp.cpp:221] parsePacket(): could not receive data: 9
[ 21456][E][WiFiUdp.cpp:221] parsePacket(): could not receive data: 9
[ 21462][E][WiFiUdp.cpp:221] parsePacket(): could not receive data: 9
[ 21468][E][WiFiUdp.cpp:221] parsePacket(): could not receive data: 9
[ 21474][E][WiFiUdp.cpp:221] parsePacket(): could not receive data: 9
[ 21480][E][WiFiUdp.cpp:221] parsePacket(): could not receive data: 9
[ 21486][E][WiFiUdp.cpp:221] parsePacket(): could not receive data: 9
[ 21492][E][WiFiUdp.cpp:221] parsePacket(): could not receive data: 9
[ 21498][E][WiFiUdp.cpp:221] parsePacket(): could not receive data: 9
[ 21504][E][WiFiUdp.cpp:221] parsePacket(): could not receive data: 9
[ 21510][E][WiFiUdp.cpp:221] parsePacket(): could not receive data: 9
[ 21516][E][WiFiUdp.cpp:221] parsePacket(): could not receive data: 9
[ 21522][E][WiFiUdp.cpp:221] parsePacket(): could not receive data: 9
[ 21528][E][WiFiUdp.cpp:221] parsePacket(): could not receive data: 9
[ 21533][E][WiFiUdp.cpp:221] parsePacket(): could not receive data: 9
[ 21539][E][WiFiUdp.cpp:221] parsePacket(): could not receive data: 9
[ 21545][E][WiFiUdp.cpp:221] parsePacket(): could not receive data: 9
[ 21551][E][WiFiUdp.cpp:221] parsePacket(): could not receive data: 9
[ 21557][E][WiFiUdp.cpp:221] parsePacket(): could not receive data: 9
[ 21563][E][WiFiUdp.cpp:221] parsePacket(): could not receive data: 9
[ 21569][E][WiFiUdp.cpp:221] parsePacket(): could not receive data: 9
[ 21575][E][WiFiUdp.cpp:221] parsePacket(): could not receive data: 9
[ 21581][E][WiFiUdp.cpp:221] parsePacket(): could not receive data: 9
[ 21587][E][WiFiUdp.cpp:221] parsePacket(): could not receive data: 9
[ 21593][E][WiFiUdp.cpp:221] parsePacket(): could not receive data: 9
[ 21599][E][WiFiUdp.cpp:221] parsePacket(): could not receive data: 9
[ 21605][E][WiFiUdp.cpp:221] parsePacket(): could not receive data: 9
[ 21611][E][WiFiUdp.cpp:221] parsePacket(): could not receive data: 9
[ 21617][E][WiFiUdp.cpp:221] parsePacket(): could not receive data: 9
[ 21623][E][WiFiUdp.cpp:221] parsePacket(): could not receive data: 9
[ 21629][E][WiFiUdp.cpp:221] parsePacket(): could not receive data: 9
[ 21635][E][WiFiUdp.cpp:221] parsePacket(): could not receive data: 9
[ 21641][E][WiFiUdp.cpp:221] parsePacket(): could not receive data: 9
[ 21647][E][WiFiUdp.cpp:221] parsePacket(): could not receive data: 9
[ 21653][E][WiFiUdp.cpp:221] parsePacket(): could not receive data: 9
[ 21659][E][WiFiUdp.cpp:221] parsePacket(): could not receive data: 9
[ 21665][E][WiFiUdp.cpp:221] parsePacket(): could not receive data: 9
[ 21671][E][WiFiUdp.cpp:221] parsePacket(): could not receive data: 9
[ 21677][E][WiFiUdp.cpp:221] parsePacket(): could not receive data: 9
[ 21683][E][WiFiUdp.cpp:221] parsePacket(): could not receive data: 9
[ 21689][E][WiFiUdp.cpp:221] parsePacket(): could not receive data: 9
[ 21695][E][WiFiUdp.cpp:221] parsePacket(): could not receive data: 9
[ 21701][E][WiFiUdp.cpp:221] parsePacket(): could not receive data: 9
[ 21707][E][WiFiUdp.cpp:221] parsePacket(): could not receive data: 9
[ 21713][E][WiFiUdp.cpp:221] parsePacket(): could not receive data: 9
[ 21719][E][WiFiUdp.cpp:221] parsePacket(): could not receive data: 9
[ 21725][E][WiFiUdp.cpp:221] parsePacket(): could not receive data: 9
[ 21731][E][WiFiUdp.cpp:221] parsePacket(): could not receive data: 9
[ 21737][E][WiFiUdp.cpp:221] parsePacket(): could not receive data: 9
[ 21743][E][WiFiUdp.cpp:221] parsePacket(): could not receive data: 9
[ 21749][E][WiFiUdp.cpp:221] parsePacket(): could not receive data: 9
[ 21755][E][WiFiUdp.cpp:221] parsePacket(): could not receive data: 9
[ 21761][E][WiFiUdp.cpp:221] parsePacket(): could not receive data: 9
[ 21767][E][WiFiUdp.cpp:221] parsePacket(): could not receive data: 9
[ 21773][E][WiFiUdp.cpp:221] parsePacket(): could not receive data: 9
[ 21779][E][WiFiUdp.cpp:221] parsePacket(): could not receive data: 9
[ 21785][E][WiFiUdp.cpp:221] parsePacket(): could not receive data: 9
[ 21791][E][WiFiUdp.cpp:221] parsePacket(): could not receive data: 9
[ 21797][E][WiFiUdp.cpp:221] parsePacket(): could not receive data: 9
[ 21803][E][WiFiUdp.cpp:221] parsePacket(): could not receive data: 9
[ 21809][E][WiFiUdp.cpp:221] parsePacket(): could not receive data: 9
[ 21815][E][WiFiUdp.cpp:221] parsePacket(): could not receive data: 9
[ 21821][E][WiFiUdp.cpp:221] parsePacket(): could not receive data: 9
[ 21827][E][WiFiUdp.cpp:221] parsePacket(): could not receive data: 9
[ 21833][E][WiFiUdp.cpp:221] parsePacket(): could not receive data: 9
[ 21839][E][WiFiUdp.cpp:221] parsePacket(): could not receive data: 9
[ 21845][E][WiFiUdp.cpp:221] parsePacket(): could not receive data: 9
[ 21851][E][WiFiUdp.cpp:221] parsePacket(): could not receive data: 9
[ 21857][E][WiFiUdp.cpp:221] parsePacket(): could not receive data: 9
[ 21863][E][WiFiUdp.cpp:221] parsePacket(): could not receive data: 9
[ 21869][E][WiFiUdp.cpp:221] parsePacket(): could not receive data: 9
[ 21875][E][WiFiUdp.cpp:221] parsePacket(): could not receive data: 9
[ 21881][E][WiFiUdp.cpp:221] parsePacket(): could not receive data: 9
[ 21887][E][WiFiUdp.cpp:221] parsePacket(): could not receive data: 9
[ 21892][E][WiFiUdp.cpp:221] parsePacket(): could not receive data: 9
[ 21898][E][WiFiUdp.cpp:221] parsePacket(): could not receive data: 9
[ 21904][E][WiFiUdp.cpp:221] parsePacket(): could not receive data: 9
[ 21910][E][WiFiUdp.cpp:221] parsePacket(): could not receive data: 9
[ 21916][E][WiFiUdp.cpp:221] parsePacket(): could not receive data: 9
[ 21922][E][WiFiUdp.cpp:221] parsePacket(): could not receive data: 9
[ 21928][E][WiFiUdp.cpp:221] parsePacket(): could not receive data: 9
[ 21934][E][WiFiUdp.cpp:221] parsePacket(): could not receive data: 9
[ 21940][E][WiFiUdp.cpp:221] parsePacket(): could not receive data: 9
[ 21946][E][WiFiUdp.cpp:221] parsePacket(): could not receive data: 9
[ 21952][E][WiFiUdp.cpp:221] parsePacket(): could not receive data: 9
[ 21958][E][WiFiUdp.cpp:221] parsePacket(): could not receive data: 9
[ 21964][E][WiFiUdp.cpp:221] parsePacket(): could not receive data: 9
[ 21970][E][WiFiUdp.cpp:221] parsePacket(): could not receive data: 9
[ 21976][E][WiFiUdp.cpp:221] parsePacket(): could not receive data: 9
[ 21982][E][WiFiUdp.cpp:221] parsePacket(): could not receive data: 9
[ 21988][E][WiFiUdp.cpp:221] parsePacket(): could not receive data: 9
[ 21994][E][WiFiUdp.cpp:221] parsePacket(): could not receive data: 9
[ 21999][E][WiFiUdp.cpp:221] parsePacket(): could not receive data: 9
[ 22005][E][WiFiUdp.cpp:221] parsePacket(): could not receive data: 9
[ 22011][E][WiFiUdp.cpp:221] parsePacket(): could not receive data: 9
[ 22017][E][WiFiUdp.cpp:221] parsePacket(): could not receive data: 9
[ 22023][E][WiFiUdp.cpp:221] parsePacket(): could not receive data: 9
[ 22029][E][WiFiUdp.cpp:221] parsePacket(): could not receive data: 9
[ 22035][E][WiFiUdp.cpp:221] parsePacket(): could not receive data: 9
[ 22041][E][WiFiUdp.cpp:221] parsePacket(): could not receive data: 9
[ 22047][E][WiFiUdp.cpp:221] parsePacket(): could not receive data: 9
[ 22053][E][WiFiUdp.cpp:221] parsePacket(): could not receive data: 9
[ 22059][E][WiFiUdp.cpp:221] parsePacket(): could not receive data: 9
[ 22065][E][WiFiUdp.cpp:221] parsePacket(): could not receive data: 9
[ 22071][E][WiFiUdp.cpp:221] parsePacket(): could not receive data: 9
[ 22077][E][WiFiUdp.cpp:221] parsePacket(): could not receive data: 9
[ 22083][E][WiFiUdp.cpp:221] parsePacket(): could not receive data: 9
[ 22089][E][WiFiUdp.cpp:221] parsePacket(): could not receive data: 9
[ 22095][E][WiFiUdp.cpp:221] parsePacket(): could not receive data: 9
[ 22101][E][WiFiUdp.cpp:221] parsePacket(): could not receive data: 9
[ 22107][E][WiFiUdp.cpp:221] parsePacket(): could not receive data: 9
[ 22113][E][WiFiUdp.cpp:221] parsePacket(): could not receive data: 9
[ 22119][E][WiFiUdp.cpp:221] parsePacket(): could not receive data: 9
[ 22125][E][WiFiUdp.cpp:221] parsePacket(): could not receive data: 9
[ 22131][E][WiFiUdp.cpp:221] parsePacket(): could not receive data: 9
[ 22137][E][WiFiUdp.cpp:221] parsePacket(): could not receive data: 9
[ 22143][E][WiFiUdp.cpp:221] parsePacket(): could not receive data: 9
[ 22149][E][WiFiUdp.cpp:221] parsePacket(): could not receive data: 9
[ 22155][E][WiFiUdp.cpp:221] parsePacket(): could not receive data: 9
[ 22161][E][WiFiUdp.cpp:221] parsePacket(): could not receive data: 9
[ 22167][E][WiFiUdp.cpp:221] parsePacket(): could not receive data: 9
[ 22173][E][WiFiUdp.cpp:221] parsePacket(): could not receive data: 9
[ 22179][E][WiFiUdp.cpp:221] parsePacket(): could not receive data: 9
[ 22185][E][WiFiUdp.cpp:221] parsePacket(): could not receive data: 9
[ 22191][E][WiFiUdp.cpp:221] parsePacket(): could not receive data: 9
[ 22197][E][WiFiUdp.cpp:221] parsePacket(): could not receive data: 9
[ 22203][E][WiFiUdp.cpp:221] parsePacket(): could not receive data: 9
[ 22209][E][WiFiUdp.cpp:221] parsePacket(): could not receive data: 9
[ 22215][E][WiFiUdp.cpp:221] parsePacket(): could not receive data: 9
[ 22221][E][WiFiUdp.cpp:221] parsePacket(): could not receive data: 9
[ 22227][E][WiFiUdp.cpp:221] parsePacket(): could not receive data: 9
[ 22233][E][WiFiUdp.cpp:221] parsePacket(): could not receive data: 9
[ 22239][E][WiFiUdp.cpp:221] parsePacket(): could not receive data: 9
[ 22245][E][WiFiUdp.cpp:221] parsePacket(): could not receive data: 9
[ 22251][E][WiFiUdp.cpp:221] parsePacket(): could not receive data: 9
[ 22257][E][WiFiUdp.cpp:221] parsePacket(): could not receive data: 9
[ 22263][E][WiFiUdp.cpp:221] parsePacket(): could not receive data: 9
[ 22269][E][WiFiUdp.cpp:221] parsePacket(): could not receive data: 9
[ 22275][E][WiFiUdp.cpp:221] parsePacket(): could not receive data: 9
[ 22281][E][WiFiUdp.cpp:221] parsePacket(): could not receive data: 9
[ 22287][E][WiFiUdp.cpp:221] parsePacket(): could not receive data: 9
[ 22293][E][WiFiUdp.cpp:221] parsePacket(): could not receive data: 9
[ 22299][E][WiFiUdp.cpp:221] parsePacket(): could not receive data: 9
[ 22305][E][WiFiUdp.cpp:221] parsePacket(): could not receive data: 9
[ 22311][E][WiFiUdp.cpp:221] parsePacket(): could not receive data: 9
[ 22317][E][WiFiUdp.cpp:221] parsePacket(): could not receive data: 9
[ 22323][E][WiFiUdp.cpp:221] parsePacket(): could not receive data: 9
[ 22329][E][WiFiUdp.cpp:221] parsePacket(): could not receive data: 9
[ 22335][E][WiFiUdp.cpp:221] parsePacket(): could not receive data: 9
[ 22341][E][WiFiUdp.cpp:221] parsePacket(): could not receive data: 9
[ 22347][E][WiFiUdp.cpp:221] parsePacket(): could not receive data: 9
[ 22353][E][WiFiUdp.cpp:221] parsePacket(): could not receive data: 9
[ 22359][E][WiFiUdp.cpp:221] parsePacket(): could not receive data: 9
[ 22365][E][WiFiUdp.cpp:221] parsePacket(): could not receive data: 9
[ 22371][E][WiFiUdp.cpp:221] parsePacket(): could not receive data: 9
[ 22377][E][WiFiUdp.cpp:221] parsePacket(): could not receive data: 9
[ 22383][E][WiFiUdp.cpp:221] parsePacket(): could not receive data: 9
[ 22389][E][WiFiUdp.cpp:221] parsePacket(): could not receive data: 9
[ 22395][E][WiFiUdp.cpp:221] parsePacket(): could not receive data: 9
[ 22401][E][WiFiUdp.cpp:221] parsePacket(): could not receive data: 9
[ 22407][E][WiFiUdp.cpp:221] parsePacket(): could not receive data: 9
[ 22413][E][WiFiUdp.cpp:221] parsePacket(): could not receive data: 9
[ 22419][E][WiFiUdp.cpp:221] parsePacket(): could not receive data: 9
[ 22425][E][WiFiUdp.cpp:221] parsePacket(): could not receive data: 9
[ 22431][E][WiFiUdp.cpp:221] parsePacket(): could not receive data: 9
[ 22437][E][WiFiUdp.cpp:221] parsePacket(): could not receive data: 9
[ 22443][E][WiFiUdp.cpp:221] parsePacket(): could not receive data: 9
[ 22449][E][WiFiUdp.cpp:221] parsePacket(): could not receive data: 9
[ 22455][E][WiFiUdp.cpp:221] parsePacket(): could not receive data: 9
[ 22461][E][WiFiUdp.cpp:221] parsePacket(): could not receive data: 9
[ 22467][E][WiFiUdp.cpp:221] parsePacket(): could not receive data: 9
[ 22473][E][WiFiUdp.cpp:221] parsePacket(): could not receive data: 9
[ 22479][E][WiFiUdp.cpp:221] parsePacket(): could not receive data: 9
[ 22485][E][WiFiUdp.cpp:221] parsePacket(): could not receive data: 9
[ 22491][E][WiFiUdp.cpp:221] parsePacket(): could not receive data: 9
[ 22497][E][WiFiUdp.cpp:221] parsePacket(): could not receive data: 9
[ 22502][E][WiFiUdp.cpp:221] parsePacket(): could not receive data: 9
[ 22508][E][WiFiUdp.cpp:221] parsePacket(): could not receive data: 9
[ 22514][E][WiFiUdp.cpp:221] parsePacket(): could not receive data: 9
[ 22520][E][WiFiUdp.cpp:221] parsePacket(): could not receive data: 9
[ 22526][E][WiFiUdp.cpp:221] parsePacket(): could not receive data: 9
[ 22532][E][WiFiUdp.cpp:221] parsePacket(): could not receive data: 9
[ 22538][E][WiFiUdp.cpp:221] parsePacket(): could not receive data: 9
[ 22544][E][WiFiUdp.cpp:221] parsePacket(): could not receive data: 9
[ 22549][E][WiFiUdp.cpp:221] parsePacket(): could not receive data: 9
[ 22555][E][WiFiUdp.cpp:221] parsePacket(): could not receive data: 9
[ 22561][E][WiFiUdp.cpp:221] parsePacket(): could not receive data: 9
[ 22567][E][WiFiUdp.cpp:221] parsePacket(): could not receive data: 9
[ 22573][E][WiFiUdp.cpp:221] parsePacket(): could not receive data: 9
[ 22579][E][WiFiUdp.cpp:221] parsePacket(): could not receive data: 9
[ 22585][E][WiFiUdp.cpp:221] parsePacket(): could not receive data: 9
[ 22591][E][WiFiUdp.cpp:221] parsePacket(): could not receive data: 9
[ 22597][E][WiFiUdp.cpp:221] parsePacket(): could not receive data: 9
[ 22603][E][WiFiUdp.cpp:221] parsePacket(): could not receive data: 9
[ 22609][E][WiFiUdp.cpp:221] parsePacket(): could not receive data: 9
[ 22621][E][WiFiUdp.cpp:221] parsePacket(): could not receive data: 9
[ 22628][E][WiFiUdp.cpp:221] parsePacket(): could not receive data: 9
[ 22635][E][WiFiUdp.cpp:221] parsePacket(): could not receive data: 9
[ 22641][E][WiFiUdp.cpp:221] parsePacket(): could not receive data: 9
[ 22647][E][WiFiUdp.cpp:221] parsePacket(): could not receive data: 9
[ 22653][E][WiFiUdp.cpp:221] parsePacket(): could not receive data: 9
[ 22659][E][WiFiUdp.cpp:221] parsePacket(): could not receive data: 9
[ 22665][E][WiFiUdp.cpp:221] parsePacket(): could not receive data: 9
[ 22671][E][WiFiUdp.cpp:221] parsePacket(): could not receive data: 9
[ 22677][E][WiFiUdp.cpp:221] parsePacket(): could not receive data: 9
[ 22683][E][WiFiUdp.cpp:221] parsePacket(): could not receive data: 9
[ 22689][E][WiFiUdp.cpp:221] parsePacket(): could not receive data: 9
[ 22695][E][WiFiUdp.cpp:221] parsePacket(): could not receive data: 9
[ 22701][E][WiFiUdp.cpp:221] parsePacket(): could not receive data: 9
[ 22707][E][WiFiUdp.cpp:221] parsePacket(): could not receive data: 9
[ 22713][E][WiFiUdp.cpp:221] parsePacket(): could not receive data: 9
[ 22719][E][WiFiUdp.cpp:221] parsePacket(): could not receive data: 9
[ 22725][E][WiFiUdp.cpp:221] parsePacket(): could not receive data: 9
[ 22731][E][WiFiUdp.cpp:221] parsePacket(): could not receive data: 9
[ 22737][E][WiFiUdp.cpp:221] parsePacket(): could not receive data: 9
[ 22743][E][WiFiUdp.cpp:221] parsePacket(): could not receive data: 9
[ 22749][E][WiFiUdp.cpp:221] parsePacket(): could not receive data: 9
[ 22755][E][WiFiUdp.cpp:221] parsePacket(): could not receive data: 9
[ 22761][E][WiFiUdp.cpp:221] parsePacket(): could not receive data: 9
[ 22767][E][WiFiUdp.cpp:221] parsePacket(): could not receive data: 9
[ 22773][E][WiFiUdp.cpp:221] parsePacket(): could not receive data: 9
[ 22779][E][WiFiUdp.cpp:221] parsePacket(): could not receive data: 9
[ 22785][E][WiFiUdp.cpp:221] parsePacket(): could not receive data: 9
[ 22791][E][WiFiUdp.cpp:221] parsePacket(): could not receive data: 9
[ 22797][E][WiFiUdp.cpp:221] parsePacket(): could not receive data: 9
[ 22803][E][WiFiUdp.cpp:221] parsePacket(): could not receive data: 9
[ 22809][E][WiFiUdp.cpp:221] parsePacket(): could not receive data: 9
[ 22815][E][WiFiUdp.cpp:221] parsePacket(): could not receive data: 9
[ 22821][E][WiFiUdp.cpp:221] parsePacket(): could not receive data: 9
[ 22827][E][WiFiUdp.cpp:221] parsePacket(): could not receive data: 9
[ 22833][E][WiFiUdp.cpp:221] parsePacket(): could not receive data: 9
[ 22839][E][WiFiUdp.cpp:221] parsePacket(): could not receive data: 9
[ 22845][E][WiFiUdp.cpp:221] parsePacket(): could not receive data: 9
[ 22851][E][WiFiUdp.cpp:221] parsePacket(): could not receive data: 9
[ 22857][E][WiFiUdp.cpp:221] parsePacket(): could not receive data: 9
[ 22863][E][WiFiUdp.cpp:221] parsePacket(): could not receive data: 9
[ 22869][E][WiFiUdp.cpp:221] parsePacket(): could not receive data: 9
[ 22875][E][WiFiUdp.cpp:221] parsePacket(): could not receive data: 9
[ 22881][E][WiFiUdp.cpp:221] parsePacket(): could not receive data: 9
[ 22887][E][WiFiUdp.cpp:221] parsePacket(): could not receive data: 9
[ 22893][E][WiFiUdp.cpp:221] parsePacket(): could not receive data: 9
[ 22899][E][WiFiUdp.cpp:221] parsePacket(): could not receive data: 9
[ 22905][E][WiFiUdp.cpp:221] parsePacket(): could not receive data: 9
[ 22911][E][WiFiUdp.cpp:221] parsePacket(): could not receive data: 9
[ 22917][E][WiFiUdp.cpp:221] parsePacket(): could not receive data: 9
[ 22923][E][WiFiUdp.cpp:221] parsePacket(): could not receive data: 9
[ 22929][E][WiFiUdp.cpp:221] parsePacket(): could not receive data: 9
[ 22935][E][WiFiUdp.cpp:221] parsePacket(): could not receive data: 9
[ 22941][E][WiFiUdp.cpp:221] parsePacket(): could not receive data: 9
[ 22947][E][WiFiUdp.cpp:221] parsePacket(): could not receive data: 9
[ 22953][E][WiFiUdp.cpp:221] parsePacket(): could not receive data: 9
[ 22959][E][WiFiUdp.cpp:221] parsePacket(): could not receive data: 9
[ 22965][E][WiFiUdp.cpp:221] parsePacket(): could not receive data: 9
[ 22971][E][WiFiUdp.cpp:221] parsePacket(): could not receive data: 9
[ 22977][E][WiFiUdp.cpp:221] parsePacket(): could not receive data: 9
[ 22983][E][WiFiUdp.cpp:221] parsePacket(): could not receive data: 9
[ 22989][E][WiFiUdp.cpp:221] parsePacket(): could not receive data: 9
[ 22995][E][WiFiUdp.cpp:221] parsePacket(): could not receive data: 9
[ 23001][E][WiFiUdp.cpp:221] parsePacket(): could not receive data: 9
[ 23007][E][WiFiUdp.cpp:221] parsePacket(): could not receive data: 9
[ 23013][E][WiFiUdp.cpp:221] parsePacket(): could not receive data: 9
[ 23019][E][WiFiUdp.cpp:221] parsePacket(): could not receive data: 9
[ 23024][E][WiFiUdp.cpp:221] parsePacket(): could not receive data: 9
[ 23030][E][WiFiUdp.cpp:221] parsePacket(): could not receive data: 9
[ 23036][E][WiFiUdp.cpp:221] parsePacket(): could not receive data: 9
[ 23042][E][WiFiUdp.cpp:221] parsePacket(): could not receive data: 9
[ 23048][E][WiFiUdp.cpp:221] parsePacket(): could not receive data: 9
[ 23054][E][WiFiUdp.cpp:221] parsePacket(): could not receive data: 9
[ 23060][E][WiFiUdp.cpp:221] parsePacket(): could not receive data: 9
[ 23066][E][WiFiUdp.cpp:221] parsePacket(): could not receive data: 9
[ 23072][E][WiFiUdp.cpp:221] parsePacket(): could not receive data: 9
[ 23078][E][WiFiUdp.cpp:221] parsePacket(): could not receive data: 9
[ 23084][E][WiFiUdp.cpp:221] parsePacket(): could not receive data: 9
[ 23090][E][WiFiUdp.cpp:221] parsePacket(): could not receive data: 9
[ 23096][E][WiFiUdp.cpp:221] parsePacket(): could not receive data: 9
[ 23102][E][WiFiUdp.cpp:221] parsePacket(): could not receive data: 9
[ 23108][E][WiFiUdp.cpp:221] parsePacket(): could not receive data: 9
[ 23114][E][WiFiUdp.cpp:221] parsePacket(): could not receive data: 9
[ 23120][E][WiFiUdp.cpp:221] parsePacket(): could not receive data: 9
[ 23126][E][WiFiUdp.cpp:221] parsePacket(): could not receive data: 9
[ 23132][E][WiFiUdp.cpp:221] parsePacket(): could not receive data: 9
[ 23138][E][WiFiUdp.cpp:221] parsePacket(): could not receive data: 9
[ 23144][E][WiFiUdp.cpp:221] parsePacket(): could not receive data: 9
[ 23150][E][WiFiUdp.cpp:221] parsePacket(): could not receive data: 9
[ 23156][E][WiFiUdp.cpp:221] parsePacket(): could not receive data: 9
[ 23162][E][WiFiUdp.cpp:221] parsePacket(): could not receive data: 9
[ 23168][E][WiFiUdp.cpp:221] parsePacket(): could not receive data: 9
[ 23174][E][WiFiUdp.cpp:221] parsePacket(): could not receive data: 9
[ 23180][E][WiFiUdp.cpp:221] parsePacket(): could not receive data: 9
[ 23186][E][WiFiUdp.cpp:221] parsePacket(): could not receive data: 9
[ 23192][E][WiFiUdp.cpp:221] parsePacket(): could not receive data: 9
[ 23198][E][WiFiUdp.cpp:221] parsePacket(): could not receive data: 9
[ 23204][E][WiFiUdp.cpp:221] parsePacket(): could not receive data: 9
[ 23210][E][WiFiUdp.cpp:221] parsePacket(): could not receive data: 9
[ 23216][E][WiFiUdp.cpp:221] parsePacket(): could not receive data: 9
[ 23222][E][WiFiUdp.cpp:221] parsePacket(): could not receive data: 9
[ 23228][E][WiFiUdp.cpp:221] parsePacket(): could not receive data: 9
[ 23233][E][WiFiUdp.cpp:221] parsePacket(): could not receive data: 9
[ 23239][E][WiFiUdp.cpp:221] parsePacket(): could not receive data: 9
[ 23245][E][WiFiUdp.cpp:221] parsePacket(): could not receive data: 9
[ 23251][E][WiFiUdp.cpp:221] parsePacket(): could not receive data: 9
[ 23257][E][WiFiUdp.cpp:221] parsePacket(): could not receive data: 9
[ 23263][E][WiFiUdp.cpp:221] parsePacket(): could not receive data: 9
[ 23269][E][WiFiUdp.cpp:221] parsePacket(): could not receive data: 9
[ 23275][E][WiFiUdp.cpp:221] parsePacket(): could not receive data: 9
[ 23281][E][WiFiUdp.cpp:221] parsePacket(): could not receive data: 9
[ 23287][E][WiFiUdp.cpp:221] parsePacket(): could not receive data: 9
[ 23293][E][WiFiUdp.cpp:221] parsePacket(): could not receive data: 9
[ 23299][E][WiFiUdp.cpp:221] parsePacket(): could not receive data: 9
[ 23305][E][WiFiUdp.cpp:221] parsePacket(): could not receive data: 9
[ 23311][E][WiFiUdp.cpp:221] parsePacket(): could not receive data: 9
[ 23317][E][WiFiUdp.cpp:221] parsePacket(): could not receive data: 9
[ 23323][E][WiFiUdp.cpp:221] parsePacket(): could not receive data: 9
[ 23329][E][WiFiUdp.cpp:221] parsePacket(): could not receive data: 9
[ 23335][E][WiFiUdp.cpp:221] parsePacket(): could not receive data: 9
[ 23341][E][WiFiUdp.cpp:221] parsePacket(): could not receive data: 9
[ 23347][E][WiFiUdp.cpp:221] parsePacket(): could not receive data: 9
[ 23353][E][WiFiUdp.cpp:221] parsePacket(): could not receive data: 9
[ 23359][E][WiFiUdp.cpp:221] parsePacket(): could not receive data: 9
[ 23365][E][WiFiUdp.cpp:221] parsePacket(): could not receive data: 9
[ 23371][E][WiFiUdp.cpp:221] parsePacket(): could not receive data: 9
[ 23377][E][WiFiUdp.cpp:221] parsePacket(): could not receive data: 9
[ 23383][E][WiFiUdp.cpp:221] parsePacket(): could not receive data: 9
[ 23389][E][WiFiUdp.cpp:221] parsePacket(): could not receive data: 9
[ 23395][E][WiFiUdp.cpp:221] parsePacket(): could not receive data: 9
[ 23401][E][WiFiUdp.cpp:221] parsePacket(): could not receive data: 9
[ 23407][E][WiFiUdp.cpp:221] parsePacket(): could not receive data: 9
[ 23413][E][WiFiUdp.cpp:221] parsePacket(): could not receive data: 9
[ 23419][E][WiFiUdp.cpp:221] parsePacket(): could not receive data: 9
[ 23425][E][WiFiUdp.cpp:221] parsePacket(): could not receive data: 9
[ 23431][E][WiFiUdp.cpp:221] parsePacket(): could not receive data: 9
[ 23437][E][WiFiUdp.cpp:221] parsePacket(): could not receive data: 9
[ 23443][E][WiFiUdp.cpp:221] parsePacket(): could not receive data: 9
[ 23449][E][WiFiUdp.cpp:221] parsePacket(): could not receive data: 9
[ 23455][E][WiFiUdp.cpp:221] parsePacket(): could not receive data: 9
[ 23461][E][WiFiUdp.cpp:221] parsePacket(): could not receive data: 9
[ 23467][E][WiFiUdp.cpp:221] parsePacket(): could not receive data: 9
[ 23473][E][WiFiUdp.cpp:221] parsePacket(): could not receive data: 9
[ 23479][E][WiFiUdp.cpp:221] parsePacket(): could not receive data: 9
[ 23485][E][WiFiUdp.cpp:221] parsePacket(): could not receive data: 9
[ 23491][E][WiFiUdp.cpp:221] parsePacket(): could not receive data: 9
[ 23497][E][WiFiUdp.cpp:221] parsePacket(): could not receive data: 9
[ 23503][E][WiFiUdp.cpp:221] parsePacket(): could not receive data: 9
[ 23509][E][WiFiUdp.cpp:221] parsePacket(): could not receive data: 9
[ 23515][E][WiFiUdp.cpp:221] parsePacket(): could not receive data: 9
[ 23521][E][WiFiUdp.cpp:221] parsePacket(): could not receive data: 9
[ 23527][E][WiFiUdp.cpp:221] parsePacket(): could not receive data: 9
[ 23533][E][WiFiUdp.cpp:221] parsePacket(): could not receive data: 9
[ 23539][E][WiFiUdp.cpp:221] parsePacket(): could not receive data: 9
[ 23545][E][WiFiUdp.cpp:221] parsePacket(): could not receive data: 9
[ 23551][E][WiFiUdp.cpp:221] parsePacket(): could not receive data: 9
[ 23557][E][WiFiUdp.cpp:221] parsePacket(): could not receive data: 9
[ 23563][E][WiFiUdp.cpp:221] parsePacket(): could not receive data: 9
[ 23569][E][WiFiUdp.cpp:221] parsePacket(): could not receive data: 9
[ 23575][E][WiFiUdp.cpp:221] parsePacket(): could not receive data: 9
[ 23581][E][WiFiUdp.cpp:221] parsePacket(): could not receive data: 9
[ 23587][E][WiFiUdp.cpp:221] parsePacket(): could not receive data: 9
[ 23593][E][WiFiUdp.cpp:221] parsePacket(): could not receive data: 9
[ 23599][E][WiFiUdp.cpp:221] parsePacket(): could not receive data: 9
[ 23605][E][WiFiUdp.cpp:221] parsePacket(): could not receive data: 9
[ 23611][E][WiFiUdp.cpp:221] parsePacket(): could not receive data: 9
[ 23617][E][WiFiUdp.cpp:221] parsePacket(): could not receive data: 9
[ 23623][E][WiFiUdp.cpp:221] parsePacket(): could not receive data: 9
[ 23629][E][WiFiUdp.cpp:221] parsePacket(): could not receive data: 9
[ 23635][E][WiFiUdp.cpp:221] parsePacket(): could not receive data: 9
[ 23641][E][WiFiUdp.cpp:221] parsePacket(): could not receive data: 9
[ 23647][E][WiFiUdp.cpp:221] parsePacket(): could not receive data: 9
[ 23653][E][WiFiUdp.cpp:221] parsePacket(): could not receive data: 9
[ 23660][E][WiFiUdp.cpp:221] parsePacket(): could not receive data: 9
[ 23666][E][WiFiUdp.cpp:221] parsePacket(): could not receive data: 9
[ 23672][E][WiFiUdp.cpp:221] parsePacket(): could not receive data: 9
[ 23679][E][WiFiUdp.cpp:221] parsePacket(): could not receive data: 9
[ 23685][E][WiFiUdp.cpp:221] parsePacket(): could not receive data: 9
[ 23691][E][WiFiUdp.cpp:221] parsePacket(): could not receive data: 9
[ 23697][E][WiFiUdp.cpp:221] parsePacket(): could not receive data: 9
[ 23703][E][WiFiUdp.cpp:221] parsePacket(): could not receive data: 9
[ 23709][E][WiFiUdp.cpp:221] parsePacket(): could not receive data: 9
[ 23715][E][WiFiUdp.cpp:221] parsePacket(): could not receive data: 9
[ 23721][E][WiFiUdp.cpp:221] parsePacket(): could not receive data: 9
[ 23727][E][WiFiUdp.cpp:221] parsePacket(): could not receive data: 9
[ 23733][E][WiFiUdp.cpp:221] parsePacket(): could not receive data: 9
[ 23739][E][WiFiUdp.cpp:221] parsePacket(): could not receive data: 9
[ 23745][E][WiFiUdp.cpp:221] parsePacket(): could not receive data: 9
[ 23751][E][WiFiUdp.cpp:221] parsePacket(): could not receive data: 9
[ 23757][E][WiFiUdp.cpp:221] parsePacket(): could not receive data: 9
[ 23763][E][WiFiUdp.cpp:221] parsePacket(): could not receive data: 9
[ 23769][E][WiFiUdp.cpp:221] parsePacket(): could not receive data: 9
[ 23775][E][WiFiUdp.cpp:221] parsePacket(): could not receive data: 9
[ 23781][E][WiFiUdp.cpp:221] parsePacket(): could not receive data: 9
[ 23787][E][WiFiUdp.cpp:221] parsePacket(): could not receive data: 9
[ 23793][E][WiFiUdp.cpp:221] parsePacket(): could not receive data: 9
[ 23799][E][WiFiUdp.cpp:221] parsePacket(): could not receive data: 9
[ 23805][E][WiFiUdp.cpp:221] parsePacket(): could not receive data: 9
[ 23811][E][WiFiUdp.cpp:221] parsePacket(): could not receive data: 9
[ 23817][E][WiFiUdp.cpp:221] parsePacket(): could not receive data: 9
[ 23823][E][WiFiUdp.cpp:221] parsePacket(): could not receive data: 9
[ 23829][E][WiFiUdp.cpp:221] parsePacket(): could not receive data: 9
[ 23835][E][WiFiUdp.cpp:221] parsePacket(): could not receive data: 9
[ 23841][E][WiFiUdp.cpp:221] parsePacket(): could not receive data: 9
[ 23847][E][WiFiUdp.cpp:221] parsePacket(): could not receive data: 9
[ 23853][E][WiFiUdp.cpp:221] parsePacket(): could not receive data: 9
[ 23859][E][WiFiUdp.cpp:221] parsePacket(): could not receive data: 9
[ 23865][E][WiFiUdp.cpp:221] parsePacket(): could not receive data: 9
[ 23871][E][WiFiUdp.cpp:221] parsePacket(): could not receive data: 9
[ 23877][E][WiFiUdp.cpp:221] parsePacket(): could not receive data: 9
[ 23883][E][WiFiUdp.cpp:221] parsePacket(): could not receive data: 9
[ 23889][E][WiFiUdp.cpp:221] parsePacket(): could not receive data: 9
[ 23895][E][WiFiUdp.cpp:221] parsePacket(): could not receive data: 9
[ 23901][E][WiFiUdp.cpp:221] parsePacket(): could not receive data: 9
[ 23907][E][WiFiUdp.cpp:221] parsePacket(): could not receive data: 9
[ 23913][E][WiFiUdp.cpp:221] parsePacket(): could not receive data: 9
[ 23919][E][WiFiUdp.cpp:221] parsePacket(): could not receive data: 9
[ 23925][E][WiFiUdp.cpp:221] parsePacket(): could not receive data: 9
[ 23931][E][WiFiUdp.cpp:221] parsePacket(): could not receive data: 9
[ 23937][E][WiFiUdp.cpp:221] parsePacket(): could not receive data: 9
[ 23943][E][WiFiUdp.cpp:221] parsePacket(): could not receive data: 9
[ 23948][E][WiFiUdp.cpp:221] parsePacket(): could not receive data: 9
[ 23955][E][WiFiUdp.cpp:221] parsePacket(): could not receive data: 9
[ 23961][E][WiFiUdp.cpp:221] parsePacket(): could not receive data: 9
[ 23967][E][WiFiUdp.cpp:221] parsePacket(): could not receive data: 9
[ 23973][E][WiFiUdp.cpp:221] parsePacket(): could not receive data: 9
[ 23979][E][WiFiUdp.cpp:221] parsePacket(): could not receive data: 9
[ 23985][E][WiFiUdp.cpp:221] parsePacket(): could not receive data: 9
[ 23991][E][WiFiUdp.cpp:221] parsePacket(): could not receive data: 9
[ 23997][E][WiFiUdp.cpp:221] parsePacket(): could not receive data: 9
[ 24003][E][WiFiUdp.cpp:221] parsePacket(): could not receive data: 9
[ 24009][E][WiFiUdp.cpp:221] parsePacket(): could not receive data: 9
[ 24015][E][WiFiUdp.cpp:221] parsePacket(): could not receive data: 9
[ 24021][E][WiFiUdp.cpp:221] parsePacket(): could not receive data: 9
[ 24027][E][WiFiUdp.cpp:221] parsePacket(): could not receive data: 9
[ 24033][E][WiFiUdp.cpp:221] parsePacket(): could not receive data: 9
[ 24040][E][WiFiUdp.cpp:221] parsePacket(): could not receive data: 9
[ 24047][E][WiFiUdp.cpp:221] parsePacket(): could not receive data: 9
[ 24053][E][WiFiUdp.cpp:221] parsePacket(): could not receive data: 9
[ 24059][E][WiFiUdp.cpp:221] parsePacket(): could not receive data: 9
[ 24065][E][WiFiUdp.cpp:221] parsePacket(): could not receive data: 9
[ 24071][E][WiFiUdp.cpp:221] parsePacket(): could not receive data: 9
[ 24077][E][WiFiUdp.cpp:221] parsePacket(): could not receive data: 9
[ 24083][E][WiFiUdp.cpp:221] parsePacket(): could not receive data: 9
[ 24089][E][WiFiUdp.cpp:221] parsePacket(): could not receive data: 9
[ 24094][E][WiFiUdp.cpp:221] parsePacket(): could not receive data: 9
[ 24100][E][WiFiUdp.cpp:221] parsePacket(): could not receive data: 9
[ 24106][E][WiFiUdp.cpp:221] parsePacket(): could not receive data: 9
[ 24111][E][WiFiUdp.cpp:221] parsePacket(): could not receive data: 9
[ 24117][E][WiFiUdp.cpp:221] parsePacket(): could not receive data: 9
[ 24123][E][WiFiUdp.cpp:221] parsePacket(): could not receive data: 9
[ 24129][E][WiFiUdp.cpp:221] parsePacket(): could not receive data: 9
[ 24135][E][WiFiUdp.cpp:221] parsePacket(): could not receive data: 9
[ 24141][E][WiFiUdp.cpp:221] parsePacket(): could not receive data: 9
[ 24147][E][WiFiUdp.cpp:221] parsePacket(): could not receive data: 9
[ 24153][E][WiFiUdp.cpp:221] parsePacket(): could not receive data: 9
[ 24159][E][WiFiUdp.cpp:221] parsePacket(): could not receive data: 9
[ 24165][E][WiFiUdp.cpp:221] parsePacket(): could not receive data: 9
[ 24171][E][WiFiUdp.cpp:221] parsePacket(): could not receive data: 9
[ 24176][E][WiFiUdp.cpp:221] parsePacket(): could not receive data: 9
[ 24182][E][WiFiUdp.cpp:221] parsePacket(): could not receive data: 9
[ 24188][E][WiFiUdp.cpp:221] parsePacket(): could not receive data: 9
[ 24194][E][WiFiUdp.cpp:221] parsePacket(): could not receive data: 9
[ 24200][E][WiFiUdp.cpp:221] parsePacket(): could not receive data: 9
[ 24206][E][WiFiUdp.cpp:221] parsePacket(): could not receive data: 9
[ 24212][E][WiFiUdp.cpp:221] parsePacket(): could not receive data: 9
[ 24218][E][WiFiUdp.cpp:221] parsePacket(): could not receive data: 9
[ 24224][E][WiFiUdp.cpp:221] parsePacket(): could not receive data: 9
[ 24230][E][WiFiUdp.cpp:221] parsePacket(): could not receive data: 9
[ 24236][E][WiFiUdp.cpp:221] parsePacket(): could not receive data: 9
[ 24242][E][WiFiUdp.cpp:221] parsePacket(): could not receive data: 9
[ 24248][E][WiFiUdp.cpp:221] parsePacket(): could not receive data: 9
[ 24254][E][WiFiUdp.cpp:221] parsePacket(): could not receive data: 9
[ 24260][E][WiFiUdp.cpp:221] parsePacket(): could not receive data: 9
[ 24266][E][WiFiUdp.cpp:221] parsePacket(): could not receive data: 9
[ 24272][E][WiFiUdp.cpp:221] parsePacket(): could not receive data: 9
[ 24278][E][WiFiUdp.cpp:221] parsePacket(): could not receive data: 9
[ 24284][E][WiFiUdp.cpp:221] parsePacket(): could not receive data: 9
[ 24290][E][WiFiUdp.cpp:221] parsePacket(): could not receive data: 9
[ 24296][E][WiFiUdp.cpp:221] parsePacket(): could not receive data: 9
[ 24302][E][WiFiUdp.cpp:221] parsePacket(): could not receive data: 9
[ 24308][E][WiFiUdp.cpp:221] parsePacket(): could not receive data: 9
[ 24314][E][WiFiUdp.cpp:221] parsePacket(): could not receive data: 9
[ 24320][E][WiFiUdp.cpp:221] parsePacket(): could not receive data: 9
[ 24326][E][WiFiUdp.cpp:221] parsePacket(): could not receive data: 9
[ 24332][E][WiFiUdp.cpp:221] parsePacket(): could not receive data: 9
[ 24338][E][WiFiUdp.cpp:221] parsePacket(): could not receive data: 9
[ 24344][E][WiFiUdp.cpp:221] parsePacket(): could not receive data: 9
[ 24350][E][WiFiUdp.cpp:221] parsePacket(): could not receive data: 9
[ 24356][E][WiFiUdp.cpp:221] parsePacket(): could not receive data: 9
[ 24362][E][WiFiUdp.cpp:221] parsePacket(): could not receive data: 9
[ 24368][E][WiFiUdp.cpp:221] parsePacket(): could not receive data: 9
[ 24374][E][WiFiUdp.cpp:221] parsePacket(): could not receive data: 9
[ 24380][E][WiFiUdp.cpp:221] parsePacket(): could not receive data: 9
[ 24386][E][WiFiUdp.cpp:221] parsePacket(): could not receive data: 9
[ 24392][E][WiFiUdp.cpp:221] parsePacket(): could not receive data: 9
[ 24398][E][WiFiUdp.cpp:221] parsePacket(): could not receive data: 9
[ 24404][E][WiFiUdp.cpp:221] parsePacket(): could not receive data: 9
[ 24410][E][WiFiUdp.cpp:221] parsePacket(): could not receive data: 9
[ 24416][E][WiFiUdp.cpp:221] parsePacket(): could not receive data: 9
[ 24422][E][WiFiUdp.cpp:221] parsePacket(): could not receive data: 9
[ 24428][E][WiFiUdp.cpp:221] parsePacket(): could not receive data: 9
[ 24434][E][WiFiUdp.cpp:221] parsePacket(): could not receive data: 9
[ 24440][E][WiFiUdp.cpp:221] parsePacket(): could not receive data: 9
[ 24446][E][WiFiUdp.cpp:221] parsePacket(): could not receive data: 9
[ 24452][E][WiFiUdp.cpp:221] parsePacket(): could not receive data: 9
[ 24458][E][WiFiUdp.cpp:221] parsePacket(): could not receive data: 9
[ 24464][E][WiFiUdp.cpp:221] parsePacket(): could not receive data: 9
