ets Jul 29 2019 12:21:46

rst:0x1 (POWERON_RESET),boot:0x12 (SPI_FAST_FLASH_BOOT)
configsip: 0, SPIWP:0xee
clk_drv:0x00,q_drv:0x00,d_drv:0x00,cs0_drv:0x00,hd_drv:0x00,wp_drv:0x00
mode:DIO, clock div:2
load:0x3fff0030,len:1184
load:0x40078000,len:13232
load:0x40080400,len:3028
entry 0x400805e4


============
CLIENT SETUP
============
[BOOT] RESET_REASON=1 POWERON
[INSTR-PREV];valid;0
[HEAP] 00:00:00 168928 163912 110580 (init)
[PSRM] 00:00:00 0
[EFUS]...Two Point: NOT supported
[EFUS]...Vref: NOT supported
[INIT]...initMheard
[INIT]...init_flash
[  2268][E][Preferences.cpp:483] getString(): nvs_get_str len fail: node_call NOT_FOUND
[  2270][E][Preferences.cpp:483] getString(): nvs_get_str len fail: node_short NOT_FOUND
[  2271][E][Preferences.cpp:503] getBytesLength(): nvs_get_blob len fail: node_lat NOT_FOUND
[  2272][E][Preferences.cpp:503] getBytesLength(): nvs_get_blob len fail: node_lon NOT_FOUND
[  2272][E][Preferences.cpp:503] getBytesLength(): nvs_get_blob len fail: node_temp NOT_FOUND
[  2272][E][Preferences.cpp:503] getBytesLength(): nvs_get_blob len fail: node_hum NOT_FOUND
[  2273][E][Preferences.cpp:503] getBytesLength(): nvs_get_blob len fail: node_press NOT_FOUND
[  2273][E][Preferences.cpp:483] getString(): nvs_get_str len fail: node_ssid NOT_FOUND
[  2273][E][Preferences.cpp:483] getString(): nvs_get_str len fail: node_pwd NOT_FOUND
[  2274][E][Preferences.cpp:503] getBytesLength(): nvs_get_blob len fail: node_maxv NOT_FOUND
[  2274][E][Preferences.cpp:483] getString(): nvs_get_str len fail: node_extern NOT_FOUND
[  2274][E][Preferences.cpp:503] getBytesLength(): nvs_get_blob len fail: node_freq NOT_FOUND
[  2275][E][Preferences.cpp:503] getBytesLength(): nvs_get_blob len fail: node_bw NOT_FOUND
[  2275][E][Preferences.cpp:483] getString(): nvs_get_str len fail: node_atxt NOT_FOUND
[  2275][E][Preferences.cpp:503] getBytesLength(): nvs_get_blob len fail: node_temp2 NOT_FOUND
[  2277][E][Preferences.cpp:503] getBytesLength(): nvs_get_blob len fail: node_utcof NOT_FOUND
[  2277][E][Preferences.cpp:503] getBytesLength(): nvs_get_blob len fail: node_gas NOT_FOUND
[  2277][E][Preferences.cpp:503] getBytesLength(): nvs_get_blob len fail: node_co2 NOT_FOUND
[  2278][E][Preferences.cpp:483] getString(): nvs_get_str len fail: node_mcp170 NOT_FOUND
[  2278][E][Preferences.cpp:483] getString(): nvs_get_str len fail: node_mcp171 NOT_FOUND
[  2278][E][Preferences.cpp:483] getString(): nvs_get_str len fail: node_mcp172 NOT_FOUND
[  2279][E][Preferences.cpp:483] getString(): nvs_get_str len fail: node_mcp173 NOT_FOUND
[  2279][E][Preferences.cpp:483] getString(): nvs_get_str len fail: node_mcp174 NOT_FOUND
[  2279][E][Preferences.cpp:483] getString(): nvs_get_str len fail: node_mcp175 NOT_FOUND
[  2280][E][Preferences.cpp:483] getString(): nvs_get_str len fail: node_mcp176 NOT_FOUND
[  2280][E][Preferences.cpp:483] getString(): nvs_get_str len fail: node_mcp177 NOT_FOUND
[  2280][E][Preferences.cpp:483] getString(): nvs_get_str len fail: node_mcp178 NOT_FOUND
[  2281][E][Preferences.cpp:483] getString(): nvs_get_str len fail: node_mcp179 NOT_FOUND
[  2281][E][Preferences.cpp:483] getString(): nvs_get_str len fail: node_mcp1710 NOT_FOUND
[  2281][E][Preferences.cpp:483] getString(): nvs_get_str len fail: node_mcp1711 NOT_FOUND
[  2282][E][Preferences.cpp:483] getString(): nvs_get_str len fail: node_mcp1712 NOT_FOUND
[  2282][E][Preferences.cpp:483] getString(): nvs_get_str len fail: node_mcp1713 NOT_FOUND
[  2282][E][Preferences.cpp:483] getString(): nvs_get_str len fail: node_mcp1714 NOT_FOUND
[  2282][E][Preferences.cpp:483] getString(): nvs_get_str len fail: node_mcp1715 NOT_FOUND
[  2286][E][Preferences.cpp:503] getBytesLength(): nvs_get_blob len fail: node_track NOT_FOUND
[  2292][E][Preferences.cpp:483] getString(): nvs_get_str len fail: node_passwd NOT_FOUND
[  2293][E][Preferences.cpp:483] getString(): nvs_get_str len fail: node_ownip NOT_FOUND
[  2293][E][Preferences.cpp:483] getString(): nvs_get_str len fail: node_owngw NOT_FOUND
[  2293][E][Preferences.cpp:483] getString(): nvs_get_str len fail: node_ownms NOT_FOUND
[  2294][E][Preferences.cpp:483] getString(): nvs_get_str len fail: node_name NOT_FOUND
[  2294][E][Preferences.cpp:483] getString(): nvs_get_str len fail: node_webpwd NOT_FOUND
[  2294][E][Preferences.cpp:483] getString(): nvs_get_str len fail: node_lssid NOT_FOUND
[  2295][E][Preferences.cpp:483] getString(): nvs_get_str len fail: node_lpwd NOT_FOUND
[  2295][E][Preferences.cpp:503] getBytesLength(): nvs_get_blob len fail: node_afakt NOT_FOUND
[  2295][E][Preferences.cpp:483] getString(): nvs_get_str len fail: node_parm NOT_FOUND
[  2296][E][Preferences.cpp:483] getString(): nvs_get_str len fail: node_unit NOT_FOUND
[  2296][E][Preferences.cpp:483] getString(): nvs_get_str len fail: node_format NOT_FOUND
[  2296][E][Preferences.cpp:483] getString(): nvs_get_str len fail: node_eqns NOT_FOUND
[  2297][E][Preferences.cpp:483] getString(): nvs_get_str len fail: node_values NOT_FOUND
[  2297][E][Preferences.cpp:503] getBytesLength(): nvs_get_blob len fail: node_spstart NOT_FOUND
[  2297][E][Preferences.cpp:503] getBytesLength(): nvs_get_blob len fail: node_spend NOT_FOUND
[  2298][E][Preferences.cpp:503] getBytesLength(): nvs_get_blob len fail: node_spstep NOT_FOUND
[  2298][E][Preferences.cpp:503] getBytesLength(): nvs_get_blob len fail: node_bfakt NOT_FOUND
[  2298][E][Preferences.cpp:483] getString(): nvs_get_str len fail: node_ucall NOT_FOUND
[  2298][E][Preferences.cpp:503] getBytesLength(): nvs_get_blob len fail: node_aak NOT_FOUND
[  2299][E][Preferences.cpp:503] getBytesLength(): nvs_get_blob len fail: node_aslo NOT_FOUND
[  2299][E][Preferences.cpp:503] getBytesLength(): nvs_get_blob len fail: node_aoff NOT_FOUND
[  2299][E][Preferences.cpp:503] getBytesLength(): nvs_get_blob len fail: node_atten NOT_FOUND
[  2300][E][Preferences.cpp:483] getString(): nvs_get_str len fail: node_gwsrv NOT_FOUND
[  2300][E][Preferences.cpp:503] getBytesLength(): nvs_get_blob len fail: node_tmpiof NOT_FOUND
[  2300][E][Preferences.cpp:503] getBytesLength(): nvs_get_blob len fail: node_tmpoof NOT_FOUND
[  2300][E][Preferences.cpp:503] getBytesLength(): nvs_get_blob len fail: node_shunt NOT_FOUND
[  2301][E][Preferences.cpp:503] getBytesLength(): nvs_get_blob len fail: node_imax NOT_FOUND
[  2301][E][Preferences.cpp:483] getString(): nvs_get_str len fail: node_owndns NOT_FOUND
[  2301][E][Preferences.cpp:483] getString(): nvs_get_str len fail: node_ownntp NOT_FOUND
[  2302][E][Preferences.cpp:483] getString(): nvs_get_str len fail: node_fwversion NOT_FOUND
[  2302][E][Preferences.cpp:483] getString(): nvs_get_str len fail: node_via NOT_FOUND
[  2302][E][Preferences.cpp:483] getString(): nvs_get_str len fail: node_aprsmc NOT_FOUND
[  2303][E][Preferences.cpp:483] getString(): nvs_get_str len fail: node_pingcall NOT_FOUND
[INIT]...build Sep 26 2026 / 22:38:41
[INIT]...FLASH cleared, Settings-Layout 0 -> 20260724
[INIT]...FLASH #entries 628 bevor clear
[INIT]...FLASH #entries 628 after clear
[TIME]...Loaded time persistence: saved_time=0, mheard_time=0, msg_time=0
[INIT]...WIFIAP starting...
[INIT]...WEBServer starting...
[QEMU]...headless defaults: web+console ON, wifiAP/gateway/extudp OFF
[QEMU]...virtual GPS enabled (bGPSON=true); NMEA expected on UART1
[INIT].._GW_ID: 00000000
[INIT]...Initialize clock: ok
[LoRa]...SX1268 chip Initializing ... success
[EXTRADIO] enabled, bridge 10.0.2.2:7000, auth=password
[LoRa]...All settings successfully changed
[BLE ]...Device started with BLE-Name <MC-0000-XX0XXX-00>
[QEMU]...BLE/NimBLE disabled (no backend in QEMU); BLE init skipped
[BLE ]...Waiting a client connection to notify...
==============
CLIENT STARTED
==============
[QEMU]...starting OpenETH (esp_eth_start)
[WIFI]...no connection possible
[QEMU]...OpenETH driver started
[QEMU]...OpenETH link connected
[QEMU]...dhcpc_start -> 0x5004 (0=started, 0x5004=already-running)
[GPS ]...QEMU virtual GPS on UART1 (synthetic RX=16 TX=17 @ 9600 baud; no hardware)
[QEMU]...OpenETH GOT_IP ip=10.0.2.15 mask=255.255.255.0 gw=10.0.2.5
[GPS ]...QEMU NMEA presence: 0 chars -> no data yet
[QEMU]...OpenETH connect OK
[WIFI];link;down;sta;0;status;255;down_s;0;last_reason;0;got_ip_n;0;ip;1;ms;15993
[CON ]...HMAC console init.
[CON ]...Console started on port 2323
[BOOT];ready;ms;16013;ip;1
[INSTR-LOOP] gap ms 2032 in wifi_connect section_ms 0 sections_ms 0
TimeClient no update possible --> CPU-Mode
[ 16016][E][WiFiUdp.cpp:221] parsePacket(): could not receive data: 9
[ 16026][E][WiFiUdp.cpp:221] parsePacket(): could not receive data: 9
[ 16035][E][WiFiUdp.cpp:221] parsePacket(): could not receive data: 9
[ 16041][E][WiFiUdp.cpp:221] parsePacket(): could not receive data: 9
[ 16047][E][WiFiUdp.cpp:221] parsePacket(): could not receive data: 9
[ 16053][E][WiFiUdp.cpp:221] parsePacket(): could not receive data: 9
[ 16059][E][WiFiUdp.cpp:221] parsePacket(): could not receive data: 9
[ 16065][E][WiFiUdp.cpp:221] parsePacket(): could not receive data: 9
[ 16071][E][WiFiUdp.cpp:221] parsePacket(): could not receive data: 9
[ 16077][E][WiFiUdp.cpp:221] parsePacket(): could not receive data: 9
[ 16083][E][WiFiUdp.cpp:221] parsePacket(): could not receive data: 9
[ 16089][E][WiFiUdp.cpp:221] parsePacket(): could not receive data: 9
[ 16095][E][WiFiUdp.cpp:221] parsePacket(): could not receive data: 9
[ 16101][E][WiFiUdp.cpp:221] parsePacket(): could not receive data: 9
[ 16107][E][WiFiUdp.cpp:221] parsePacket(): could not receive data: 9
[ 16113][E][WiFiUdp.cpp:221] parsePacket(): could not receive data: 9
[ 16119][E][WiFiUdp.cpp:221] parsePacket(): could not receive data: 9
[ 16125][E][WiFiUdp.cpp:221] parsePacket(): could not receive data: 9
[ 16131][E][WiFiUdp.cpp:221] parsePacket(): could not receive data: 9
[ 16137][E][WiFiUdp.cpp:221] parsePacket(): could not receive data: 9
[ 16143][E][WiFiUdp.cpp:221] parsePacket(): could not receive data: 9
[ 16149][E][WiFiUdp.cpp:221] parsePacket(): could not receive data: 9
[ 16155][E][WiFiUdp.cpp:221] parsePacket(): could not receive data: 9
[ 16161][E][WiFiUdp.cpp:221] parsePacket(): could not receive data: 9
[ 16167][E][WiFiUdp.cpp:221] parsePacket(): could not receive data: 9
[ 16173][E][WiFiUdp.cpp:221] parsePacket(): could not receive data: 9
[ 16179][E][WiFiUdp.cpp:221] parsePacket(): could not receive data: 9
[ 16185][E][WiFiUdp.cpp:221] parsePacket(): could not receive data: 9
[ 16191][E][WiFiUdp.cpp:221] parsePacket(): could not receive data: 9
[ 16197][E][WiFiUdp.cpp:221] parsePacket(): could not receive data: 9
[ 16203][E][WiFiUdp.cpp:221] parsePacket(): could not receive data: 9
[ 16209][E][WiFiUdp.cpp:221] parsePacket(): could not receive data: 9
[ 16215][E][WiFiUdp.cpp:221] parsePacket(): could not receive data: 9
[ 16221][E][WiFiUdp.cpp:221] parsePacket(): could not receive data: 9
[ 16227][E][WiFiUdp.cpp:221] parsePacket(): could not receive data: 9
[ 16233][E][WiFiUdp.cpp:221] parsePacket(): could not receive data: 9
[ 16239][E][WiFiUdp.cpp:221] parsePacket(): could not receive data: 9
[ 16245][E][WiFiUdp.cpp:221] parsePacket(): could not receive data: 9
[ 16251][E][WiFiUdp.cpp:221] parsePacket(): could not receive data: 9
[ 16257][E][WiFiUdp.cpp:221] parsePacket(): could not receive data: 9
[ 16263][E][WiFiUdp.cpp:221] parsePacket(): could not receive data: 9
[ 16269][E][WiFiUdp.cpp:221] parsePacket(): could not receive data: 9
[ 16275][E][WiFiUdp.cpp:221] parsePacket(): could not receive data: 9
[ 16281][E][WiFiUdp.cpp:221] parsePacket(): could not receive data: 9
[ 16287][E][WiFiUdp.cpp:221] parsePacket(): could not receive data: 9
[ 16293][E][WiFiUdp.cpp:221] parsePacket(): could not receive data: 9
[ 16299][E][WiFiUdp.cpp:221] parsePacket(): could not receive data: 9
[ 16305][E][WiFiUdp.cpp:221] parsePacket(): could not receive data: 9
[ 16311][E][WiFiUdp.cpp:221] parsePacket(): could not receive data: 9
[ 16316][E][WiFiUdp.cpp:221] parsePacket(): could not receive data: 9
[ 16322][E][WiFiUdp.cpp:221] parsePacket(): could not receive data: 9
[ 16328][E][WiFiUdp.cpp:221] parsePacket(): could not receive data: 9
[ 16334][E][WiFiUdp.cpp:221] parsePacket(): could not receive data: 9
[ 16340][E][WiFiUdp.cpp:221] parsePacket(): could not receive data: 9
[ 16346][E][WiFiUdp.cpp:221] parsePacket(): could not receive data: 9
[ 16352][E][WiFiUdp.cpp:221] parsePacket(): could not receive data: 9
[ 16358][E][WiFiUdp.cpp:221] parsePacket(): could not receive data: 9
[ 16364][E][WiFiUdp.cpp:221] parsePacket(): could not receive data: 9
[ 16370][E][WiFiUdp.cpp:221] parsePacket(): could not receive data: 9
[ 16376][E][WiFiUdp.cpp:221] parsePacket(): could not receive data: 9
[ 16382][E][WiFiUdp.cpp:221] parsePacket(): could not receive data: 9
[ 16388][E][WiFiUdp.cpp:221] parsePacket(): could not receive data: 9
[ 16395][E][WiFiUdp.cpp:221] parsePacket(): could not receive data: 9
[ 16401][E][WiFiUdp.cpp:221] parsePacket(): could not receive data: 9
[ 16407][E][WiFiUdp.cpp:221] parsePacket(): could not receive data: 9
[ 16413][E][WiFiUdp.cpp:221] parsePacket(): could not receive data: 9
[ 16419][E][WiFiUdp.cpp:221] parsePacket(): could not receive data: 9
[ 16425][E][WiFiUdp.cpp:221] parsePacket(): could not receive data: 9
[ 16431][E][WiFiUdp.cpp:221] parsePacket(): could not receive data: 9
[ 16437][E][WiFiUdp.cpp:221] parsePacket(): could not receive data: 9
[ 16443][E][WiFiUdp.cpp:221] parsePacket(): could not receive data: 9
[ 16449][E][WiFiUdp.cpp:221] parsePacket(): could not receive data: 9
[ 16455][E][WiFiUdp.cpp:221] parsePacket(): could not receive data: 9
[ 16461][E][WiFiUdp.cpp:221] parsePacket(): could not receive data: 9
[ 16467][E][WiFiUdp.cpp:221] parsePacket(): could not receive data: 9
[ 16473][E][WiFiUdp.cpp:221] parsePacket(): could not receive data: 9
[ 16479][E][WiFiUdp.cpp:221] parsePacket(): could not receive data: 9
[ 16485][E][WiFiUdp.cpp:221] parsePacket(): could not receive data: 9
[ 16491][E][WiFiUdp.cpp:221] parsePacket(): could not receive data: 9
[ 16497][E][WiFiUdp.cpp:221] parsePacket(): could not receive data: 9
[ 16503][E][WiFiUdp.cpp:221] parsePacket(): could not receive data: 9
[ 16509][E][WiFiUdp.cpp:221] parsePacket(): could not receive data: 9
[ 16515][E][WiFiUdp.cpp:221] parsePacket(): could not receive data: 9
[ 16521][E][WiFiUdp.cpp:221] parsePacket(): could not receive data: 9
[ 16527][E][WiFiUdp.cpp:221] parsePacket(): could not receive data: 9
[ 16533][E][WiFiUdp.cpp:221] parsePacket(): could not receive data: 9
[ 16539][E][WiFiUdp.cpp:221] parsePacket(): could not receive data: 9
[ 16545][E][WiFiUdp.cpp:221] parsePacket(): could not receive data: 9
[ 16551][E][WiFiUdp.cpp:221] parsePacket(): could not receive data: 9
[ 16557][E][WiFiUdp.cpp:221] parsePacket(): could not receive data: 9
[ 16563][E][WiFiUdp.cpp:221] parsePacket(): could not receive data: 9
[ 16569][E][WiFiUdp.cpp:221] parsePacket(): could not receive data: 9
[ 16575][E][WiFiUdp.cpp:221] parsePacket(): could not receive data: 9
[ 16581][E][WiFiUdp.cpp:221] parsePacket(): could not receive data: 9
[ 16587][E][WiFiUdp.cpp:221] parsePacket(): could not receive data: 9
[ 16593][E][WiFiUdp.cpp:221] parsePacket(): could not receive data: 9
[ 16599][E][WiFiUdp.cpp:221] parsePacket(): could not receive data: 9
[ 16605][E][WiFiUdp.cpp:221] parsePacket(): could not receive data: 9
[ 16611][E][WiFiUdp.cpp:221] parsePacket(): could not receive data: 9
[ 16617][E][WiFiUdp.cpp:221] parsePacket(): could not receive data: 9
[ 16623][E][WiFiUdp.cpp:221] parsePacket(): could not receive data: 9
[ 16629][E][WiFiUdp.cpp:221] parsePacket(): could not receive data: 9
[ 16635][E][WiFiUdp.cpp:221] parsePacket(): could not receive data: 9
[ 16641][E][WiFiUdp.cpp:221] parsePacket(): could not receive data: 9
[ 16647][E][WiFiUdp.cpp:221] parsePacket(): could not receive data: 9
[ 16653][E][WiFiUdp.cpp:221] parsePacket(): could not receive data: 9
[ 16659][E][WiFiUdp.cpp:221] parsePacket(): could not receive data: 9
[ 16665][E][WiFiUdp.cpp:221] parsePacket(): could not receive data: 9
[ 16671][E][WiFiUdp.cpp:221] parsePacket(): could not receive data: 9
[ 16677][E][WiFiUdp.cpp:221] parsePacket(): could not receive data: 9
[ 16683][E][WiFiUdp.cpp:221] parsePacket(): could not receive data: 9
[ 16689][E][WiFiUdp.cpp:221] parsePacket(): could not receive data: 9
[ 16695][E][WiFiUdp.cpp:221] parsePacket(): could not receive data: 9
[ 16701][E][WiFiUdp.cpp:221] parsePacket(): could not receive data: 9
[ 16707][E][WiFiUdp.cpp:221] parsePacket(): could not receive data: 9
[ 16713][E][WiFiUdp.cpp:221] parsePacket(): could not receive data: 9
[ 16719][E][WiFiUdp.cpp:221] parsePacket(): could not receive data: 9
[ 16725][E][WiFiUdp.cpp:221] parsePacket(): could not receive data: 9
[ 16731][E][WiFiUdp.cpp:221] parsePacket(): could not receive data: 9
[ 16737][E][WiFiUdp.cpp:221] parsePacket(): could not receive data: 9
[ 16743][E][WiFiUdp.cpp:221] parsePacket(): could not receive data: 9
[ 16749][E][WiFiUdp.cpp:221] parsePacket(): could not receive data: 9
[ 16755][E][WiFiUdp.cpp:221] parsePacket(): could not receive data: 9
[ 16761][E][WiFiUdp.cpp:221] parsePacket(): could not receive data: 9
[ 16767][E][WiFiUdp.cpp:221] parsePacket(): could not receive data: 9
[ 16773][E][WiFiUdp.cpp:221] parsePacket(): could not receive data: 9
[ 16779][E][WiFiUdp.cpp:221] parsePacket(): could not receive data: 9
[ 16785][E][WiFiUdp.cpp:221] parsePacket(): could not receive data: 9
[ 16791][E][WiFiUdp.cpp:221] parsePacket(): could not receive data: 9
[ 16797][E][WiFiUdp.cpp:221] parsePacket(): could not receive data: 9
[ 16803][E][WiFiUdp.cpp:221] parsePacket(): could not receive data: 9
[ 16809][E][WiFiUdp.cpp:221] parsePacket(): could not receive data: 9
[ 16815][E][WiFiUdp.cpp:221] parsePacket(): could not receive data: 9
[ 16821][E][WiFiUdp.cpp:221] parsePacket(): could not receive data: 9
[ 16827][E][WiFiUdp.cpp:221] parsePacket(): could not receive data: 9
[ 16833][E][WiFiUdp.cpp:221] parsePacket(): could not receive data: 9
[ 16839][E][WiFiUdp.cpp:221] parsePacket(): could not receive data: 9
[ 16845][E][WiFiUdp.cpp:221] parsePacket(): could not receive data: 9
[ 16851][E][WiFiUdp.cpp:221] parsePacket(): could not receive data: 9
[ 16857][E][WiFiUdp.cpp:221] parsePacket(): could not receive data: 9
[ 16863][E][WiFiUdp.cpp:221] parsePacket(): could not receive data: 9
[ 16869][E][WiFiUdp.cpp:221] parsePacket(): could not receive data: 9
[ 16875][E][WiFiUdp.cpp:221] parsePacket(): could not receive data: 9
[ 16881][E][WiFiUdp.cpp:221] parsePacket(): could not receive data: 9
[ 16887][E][WiFiUdp.cpp:221] parsePacket(): could not receive data: 9
[ 16893][E][WiFiUdp.cpp:221] parsePacket(): could not receive data: 9
[ 16899][E][WiFiUdp.cpp:221] parsePacket(): could not receive data: 9
[ 16905][E][WiFiUdp.cpp:221] parsePacket(): could not receive data: 9
[ 16911][E][WiFiUdp.cpp:221] parsePacket(): could not receive data: 9
[ 16917][E][WiFiUdp.cpp:221] parsePacket(): could not receive data: 9
[ 16922][E][WiFiUdp.cpp:221] parsePacket(): could not receive data: 9
[ 16927][E][WiFiUdp.cpp:221] parsePacket(): could not receive data: 9
[ 16932][E][WiFiUdp.cpp:221] parsePacket(): could not receive data: 9
[ 16937][E][WiFiUdp.cpp:221] parsePacket(): could not receive data: 9
[ 16942][E][WiFiUdp.cpp:221] parsePacket(): could not receive data: 9
[ 16948][E][WiFiUdp.cpp:221] parsePacket(): could not receive data: 9
[ 16954][E][WiFiUdp.cpp:221] parsePacket(): could not receive data: 9
[ 16960][E][WiFiUdp.cpp:221] parsePacket(): could not receive data: 9
[ 16966][E][WiFiUdp.cpp:221] parsePacket(): could not receive data: 9
[ 16972][E][WiFiUdp.cpp:221] parsePacket(): could not receive data: 9
[ 16978][E][WiFiUdp.cpp:221] parsePacket(): could not receive data: 9
[ 16984][E][WiFiUdp.cpp:221] parsePacket(): could not receive data: 9
[ 16990][E][WiFiUdp.cpp:221] parsePacket(): could not receive data: 9
[ 16996][E][WiFiUdp.cpp:221] parsePacket(): could not receive data: 9
[ 17002][E][WiFiUdp.cpp:221] parsePacket(): could not receive data: 9
[ 17008][E][WiFiUdp.cpp:221] parsePacket(): could not receive data: 9
[ 17014][E][WiFiUdp.cpp:221] parsePacket(): could not receive data: 9
[ 17020][E][WiFiUdp.cpp:221] parsePacket(): could not receive data: 9
[ 17026][E][WiFiUdp.cpp:221] parsePacket(): could not receive data: 9
[ 17033][E][WiFiUdp.cpp:221] parsePacket(): could not receive data: 9
[ 17041][E][WiFiUdp.cpp:221] parsePacket(): could not receive data: 9
[ 17047][E][WiFiUdp.cpp:221] parsePacket(): could not receive data: 9
[ 17053][E][WiFiUdp.cpp:221] parsePacket(): could not receive data: 9
[ 17059][E][WiFiUdp.cpp:221] parsePacket(): could not receive data: 9
[ 17065][E][WiFiUdp.cpp:221] parsePacket(): could not receive data: 9
[ 17071][E][WiFiUdp.cpp:221] parsePacket(): could not receive data: 9
[ 17077][E][WiFiUdp.cpp:221] parsePacket(): could not receive data: 9
[ 17083][E][WiFiUdp.cpp:221] parsePacket(): could not receive data: 9
[ 17089][E][WiFiUdp.cpp:221] parsePacket(): could not receive data: 9
[ 17095][E][WiFiUdp.cpp:221] parsePacket(): could not receive data: 9
[ 17101][E][WiFiUdp.cpp:221] parsePacket(): could not receive data: 9
[ 17107][E][WiFiUdp.cpp:221] parsePacket(): could not receive data: 9
[ 17113][E][WiFiUdp.cpp:221] parsePacket(): could not receive data: 9
[ 17119][E][WiFiUdp.cpp:221] parsePacket(): could not receive data: 9
[ 17125][E][WiFiUdp.cpp:221] parsePacket(): could not receive data: 9
[ 17131][E][WiFiUdp.cpp:221] parsePacket(): could not receive data: 9
[ 17137][E][WiFiUdp.cpp:221] parsePacket(): could not receive data: 9
[ 17143][E][WiFiUdp.cpp:221] parsePacket(): could not receive data: 9
[ 17149][E][WiFiUdp.cpp:221] parsePacket(): could not receive data: 9
[ 17155][E][WiFiUdp.cpp:221] parsePacket(): could not receive data: 9
[ 17161][E][WiFiUdp.cpp:221] parsePacket(): could not receive data: 9
[ 17167][E][WiFiUdp.cpp:221] parsePacket(): could not receive data: 9
[ 17173][E][WiFiUdp.cpp:221] parsePacket(): could not receive data: 9
[ 17179][E][WiFiUdp.cpp:221] parsePacket(): could not receive data: 9
[ 17185][E][WiFiUdp.cpp:221] parsePacket(): could not receive data: 9
[ 17191][E][WiFiUdp.cpp:221] parsePacket(): could not receive data: 9
[ 17197][E][WiFiUdp.cpp:221] parsePacket(): could not receive data: 9
[ 17203][E][WiFiUdp.cpp:221] parsePacket(): could not receive data: 9
[ 17209][E][WiFiUdp.cpp:221] parsePacket(): could not receive data: 9
[ 17215][E][WiFiUdp.cpp:221] parsePacket(): could not receive data: 9
[ 17221][E][WiFiUdp.cpp:221] parsePacket(): could not receive data: 9
[ 17227][E][WiFiUdp.cpp:221] parsePacket(): could not receive data: 9
[ 17233][E][WiFiUdp.cpp:221] parsePacket(): could not receive data: 9
[ 17239][E][WiFiUdp.cpp:221] parsePacket(): could not receive data: 9
[ 17245][E][WiFiUdp.cpp:221] parsePacket(): could not receive data: 9
[ 17251][E][WiFiUdp.cpp:221] parsePacket(): could not receive data: 9
[ 17257][E][WiFiUdp.cpp:221] parsePacket(): could not receive data: 9
[ 17263][E][WiFiUdp.cpp:221] parsePacket(): could not receive data: 9
[ 17269][E][WiFiUdp.cpp:221] parsePacket(): could not receive data: 9
[ 17275][E][WiFiUdp.cpp:221] parsePacket(): could not receive data: 9
[ 17281][E][WiFiUdp.cpp:221] parsePacket(): could not receive data: 9
[ 17287][E][WiFiUdp.cpp:221] parsePacket(): could not receive data: 9
[ 17293][E][WiFiUdp.cpp:221] parsePacket(): could not receive data: 9
[ 17299][E][WiFiUdp.cpp:221] parsePacket(): could not receive data: 9
[ 17305][E][WiFiUdp.cpp:221] parsePacket(): could not receive data: 9
[ 17311][E][WiFiUdp.cpp:221] parsePacket(): could not receive data: 9
[ 17317][E][WiFiUdp.cpp:221] parsePacket(): could not receive data: 9
[ 17323][E][WiFiUdp.cpp:221] parsePacket(): could not receive data: 9
[ 17329][E][WiFiUdp.cpp:221] parsePacket(): could not receive data: 9
[ 17335][E][WiFiUdp.cpp:221] parsePacket(): could not receive data: 9
[ 17341][E][WiFiUdp.cpp:221] parsePacket(): could not receive data: 9
[CON ]...accept() fd=50 free=132912
[CON ]...Client authenticated on port 2323. free heap=127688
-[ 17349][E][WiFiUdp.cpp:221] parsePacket(): could not receive data: 9
-[ 17355][E][WiFiUdp.cpp:221] parsePacket(): could not receive data: 9
i[ 17361][E][WiFiUdp.cpp:221] parsePacket(): could not receive data: 9
n[ 17367][E][WiFiUdp.cpp:221] parsePacket(): could not receive data: 9
f[ 17373][E][WiFiUdp.cpp:221] parsePacket(): could not receive data: 9
o[ 17379][E][WiFiUdp.cpp:221] parsePacket(): could not receive data: 9
[ 17385][E][WiFiUdp.cpp:221] parsePacket(): could not receive data: 9

--MeshCom 4.35t (build: Sep 26 2026 / 22:38:41)
...UPDATE: 
...Call: <XX0XXX-00> ...ID 00000000 ...NODE 39 <EBYTE_E22> ...UTC-OFF 1.000000 [CPU]
...BATT 4.10 V ...BATT 85 % ...MAXV 4.200 V
...TIME 17395 ms
...Flash-Version 20260724
...NOMSGALL off ...MESH off ...BUTTON (12) off ...SOFTSER off ... SOFTSERREAD off
...PASSWD <>
...DEBUG man ...DEBUG en
...DEBUG off ...LORADEBUG off ...GPSDEBUG off/0 ...SOFTSERDEBUG off
...WXDEBUG off ...BLEDEBUG off
...DisplayInfo off ...DisplayCont off ...DisplyLog off ...contrast 255 ...ackinfo off
...EXTUDP off ...EXT IP none ...NOPMOTHER off
...BTCODE 000000
...APRSMC: APRSMC
...ATXT: 
...NAME: 
...BLE : short
...DISPLAY on
...CTRY EU8
...FREQ 433.1750 MHz TXPWR 17 dBm RXBOOST off
...MAXHOP text 4 / pos 2

...Webserver  on / Webpwd <> / Gateway off 
...NETConsole on (port 2323)
...KISS/TCP   off / TX off / RxMeta off / Auth off
...WIFI-AP    off
...SSID <none> / PASSWORD <***>
...NETWORK Mode:WiFi
...hasIpAddress: yes
...IP address   : 10.0.2.15
...SUBNET-MASK  : 255.255.255.0
...GW address   : 10.0.2.5
...DNS address  : 
...UDP-HBeat : 17409
[ 17410][E][WiFiUdp.cpp:221] parsePacket(): could not receive data: 9
[ 17416][E][WiFiUdp.cpp:221] parsePacket(): could not receive data: 9
[ 17422][E][WiFiUdp.cpp:221] parsePacket(): could not receive data: 9
[ 17428][E][WiFiUdp.cpp:221] parsePacket(): could not receive data: 9
[ 17434][E][WiFiUdp.cpp:221] parsePacket(): could not receive data: 9
[ 17440][E][WiFiUdp.cpp:221] parsePacket(): could not receive data: 9
[ 17446][E][WiFiUdp.cpp:221] parsePacket(): could not receive data: 9
[ 17452][E][WiFiUdp.cpp:221] parsePacket(): could not receive data: 9
[ 17458][E][WiFiUdp.cpp:221] parsePacket(): could not receive data: 9
[ 17464][E][WiFiUdp.cpp:221] parsePacket(): could not receive data: 9
[ 17470][E][WiFiUdp.cpp:221] parsePacket(): could not receive data: 9
[ 17476][E][WiFiUdp.cpp:221] parsePacket(): could not receive data: 9
[ 17482][E][WiFiUdp.cpp:221] parsePacket(): could not receive data: 9
[ 17488][E][WiFiUdp.cpp:221] parsePacket(): could not receive data: 9
[ 17494][E][WiFiUdp.cpp:221] parsePacket(): could not receive data: 9
[ 17500][E][WiFiUdp.cpp:221] parsePacket(): could not receive data: 9
[ 17506][E][WiFiUdp.cpp:221] parsePacket(): could not receive data: 9
[ 17512][E][WiFiUdp.cpp:221] parsePacket(): could not receive data: 9
[ 17518][E][WiFiUdp.cpp:221] parsePacket(): could not receive data: 9
[ 17524][E][WiFiUdp.cpp:221] parsePacket(): could not receive data: 9
[ 17530][E][WiFiUdp.cpp:221] parsePacket(): could not receive data: 9
[ 17536][E][WiFiUdp.cpp:221] parsePacket(): could not receive data: 9
[ 17542][E][WiFiUdp.cpp:221] parsePacket(): could not receive data: 9
[ 17548][E][WiFiUdp.cpp:221] parsePacket(): could not receive data: 9
[ 17554][E][WiFiUdp.cpp:221] parsePacket(): could not receive data: 9
[ 17560][E][WiFiUdp.cpp:221] parsePacket(): could not receive data: 9
[ 17566][E][WiFiUdp.cpp:221] parsePacket(): could not receive data: 9
[ 17572][E][WiFiUdp.cpp:221] parsePacket(): could not receive data: 9
[ 17578][E][WiFiUdp.cpp:221] parsePacket(): could not receive data: 9
[ 17584][E][WiFiUdp.cpp:221] parsePacket(): could not receive data: 9
[ 17592][E][WiFiUdp.cpp:221] parsePacket(): could not receive data: 9
[ 17597][E][WiFiUdp.cpp:221] parsePacket(): could not receive data: 9
[ 17603][E][WiFiUdp.cpp:221] parsePacket(): could not receive data: 9
[ 17609][E][WiFiUdp.cpp:221] parsePacket(): could not receive data: 9
[ 17615][E][WiFiUdp.cpp:221] parsePacket(): could not receive data: 9
[ 17621][E][WiFiUdp.cpp:221] parsePacket(): could not receive data: 9
[ 17627][E][WiFiUdp.cpp:221] parsePacket(): could not receive data: 9
[ 17633][E][WiFiUdp.cpp:221] parsePacket(): could not receive data: 9
[ 17639][E][WiFiUdp.cpp:221] parsePacket(): could not receive data: 9
[ 17645][E][WiFiUdp.cpp:221] parsePacket(): could not receive data: 9
[ 17651][E][WiFiUdp.cpp:221] parsePacket(): could not receive data: 9
[ 17657][E][WiFiUdp.cpp:221] parsePacket(): could not receive data: 9
[ 17663][E][WiFiUdp.cpp:221] parsePacket(): could not receive data: 9
[ 17669][E][WiFiUdp.cpp:221] parsePacket(): could not receive data: 9
[ 17674][E][WiFiUdp.cpp:221] parsePacket(): could not receive data: 9
[ 17680][E][WiFiUdp.cpp:221] parsePacket(): could not receive data: 9
[ 17686][E][WiFiUdp.cpp:221] parsePacket(): could not receive data: 9
[ 17692][E][WiFiUdp.cpp:221] parsePacket(): could not receive data: 9
[ 17698][E][WiFiUdp.cpp:221] parsePacket(): could not receive data: 9
[ 17704][E][WiFiUdp.cpp:221] parsePacket(): could not receive data: 9
[ 17710][E][WiFiUdp.cpp:221] parsePacket(): could not receive data: 9
[ 17716][E][WiFiUdp.cpp:221] parsePacket(): could not receive data: 9
[ 17722][E][WiFiUdp.cpp:221] parsePacket(): could not receive data: 9
[ 17728][E][WiFiUdp.cpp:221] parsePacket(): could not receive data: 9
[ 17734][E][WiFiUdp.cpp:221] parsePacket(): could not receive data: 9
[ 17740][E][WiFiUdp.cpp:221] parsePacket(): could not receive data: 9
[ 17746][E][WiFiUdp.cpp:221] parsePacket(): could not receive data: 9
[ 17752][E][WiFiUdp.cpp:221] parsePacket(): could not receive data: 9
[ 17758][E][WiFiUdp.cpp:221] parsePacket(): could not receive data: 9
[ 17764][E][WiFiUdp.cpp:221] parsePacket(): could not receive data: 9
[ 17770][E][WiFiUdp.cpp:221] parsePacket(): could not receive data: 9
[ 17776][E][WiFiUdp.cpp:221] parsePacket(): could not receive data: 9
[ 17782][E][WiFiUdp.cpp:221] parsePacket(): could not receive data: 9
[ 17788][E][WiFiUdp.cpp:221] parsePacket(): could not receive data: 9
[ 17794][E][WiFiUdp.cpp:221] parsePacket(): could not receive data: 9
[ 17800][E][WiFiUdp.cpp:221] parsePacket(): could not receive data: 9
[ 17806][E][WiFiUdp.cpp:221] parsePacket(): could not receive data: 9
[ 17812][E][WiFiUdp.cpp:221] parsePacket(): could not receive data: 9
[ 17818][E][WiFiUdp.cpp:221] parsePacket(): could not receive data: 9
[ 17824][E][WiFiUdp.cpp:221] parsePacket(): could not receive data: 9
[ 17830][E][WiFiUdp.cpp:221] parsePacket(): could not receive data: 9
[ 17836][E][WiFiUdp.cpp:221] parsePacket(): could not receive data: 9
[ 17842][E][WiFiUdp.cpp:221] parsePacket(): could not receive data: 9
[ 17848][E][WiFiUdp.cpp:221] parsePacket(): could not receive data: 9
[ 17854][E][WiFiUdp.cpp:221] parsePacket(): could not receive data: 9
[ 17860][E][WiFiUdp.cpp:221] parsePacket(): could not receive data: 9
[ 17866][E][WiFiUdp.cpp:221] parsePacket(): could not receive data: 9
[ 17872][E][WiFiUdp.cpp:221] parsePacket(): could not receive data: 9
[ 17878][E][WiFiUdp.cpp:221] parsePacket(): could not receive data: 9
[ 17884][E][WiFiUdp.cpp:221] parsePacket(): could not receive data: 9
[ 17890][E][WiFiUdp.cpp:221] parsePacket(): could not receive data: 9
[ 17896][E][WiFiUdp.cpp:221] parsePacket(): could not receive data: 9
[ 17902][E][WiFiUdp.cpp:221] parsePacket(): could not receive data: 9
[ 17908][E][WiFiUdp.cpp:221] parsePacket(): could not receive data: 9
[ 17914][E][WiFiUdp.cpp:221] parsePacket(): could not receive data: 9
[ 17920][E][WiFiUdp.cpp:221] parsePacket(): could not receive data: 9
[ 17926][E][WiFiUdp.cpp:221] parsePacket(): could not receive data: 9
[ 17932][E][WiFiUdp.cpp:221] parsePacket(): could not receive data: 9
[ 17938][E][WiFiUdp.cpp:221] parsePacket(): could not receive data: 9
[ 17944][E][WiFiUdp.cpp:221] parsePacket(): could not receive data: 9
[ 17950][E][WiFiUdp.cpp:221] parsePacket(): could not receive data: 9
[ 17956][E][WiFiUdp.cpp:221] parsePacket(): could not receive data: 9
[ 17962][E][WiFiUdp.cpp:221] parsePacket(): could not receive data: 9
[ 17968][E][WiFiUdp.cpp:221] parsePacket(): could not receive data: 9
[ 17974][E][WiFiUdp.cpp:221] parsePacket(): could not receive data: 9
[ 17980][E][WiFiUdp.cpp:221] parsePacket(): could not receive data: 9
[ 17986][E][WiFiUdp.cpp:221] parsePacket(): could not receive data: 9
[ 17992][E][WiFiUdp.cpp:221] parsePacket(): could not receive data: 9
[ 17998][E][WiFiUdp.cpp:221] parsePacket(): could not receive data: 9
[ 18004][E][WiFiUdp.cpp:221] parsePacket(): could not receive data: 9
[ 18010][E][WiFiUdp.cpp:221] parsePacket(): could not receive data: 9
[ 18016][E][WiFiUdp.cpp:221] parsePacket(): could not receive data: 9
[ 18022][E][WiFiUdp.cpp:221] parsePacket(): could not receive data: 9
[ 18028][E][WiFiUdp.cpp:221] parsePacket(): could not receive data: 9
[ 18034][E][WiFiUdp.cpp:221] parsePacket(): could not receive data: 9
[ 18040][E][WiFiUdp.cpp:221] parsePacket(): could not receive data: 9
[ 18046][E][WiFiUdp.cpp:221] parsePacket(): could not receive data: 9
[ 18052][E][WiFiUdp.cpp:221] parsePacket(): could not receive data: 9
[ 18058][E][WiFiUdp.cpp:221] parsePacket(): could not receive data: 9
[ 18064][E][WiFiUdp.cpp:221] parsePacket(): could not receive data: 9
[ 18070][E][WiFiUdp.cpp:221] parsePacket(): could not receive data: 9
[ 18076][E][WiFiUdp.cpp:221] parsePacket(): could not receive data: 9
[ 18082][E][WiFiUdp.cpp:221] parsePacket(): could not receive data: 9
[ 18088][E][WiFiUdp.cpp:221] parsePacket(): could not receive data: 9
[ 18094][E][WiFiUdp.cpp:221] parsePacket(): could not receive data: 9
[ 18100][E][WiFiUdp.cpp:221] parsePacket(): could not receive data: 9
[ 18106][E][WiFiUdp.cpp:221] parsePacket(): could not receive data: 9
[ 18112][E][WiFiUdp.cpp:221] parsePacket(): could not receive data: 9
[ 18118][E][WiFiUdp.cpp:221] parsePacket(): could not receive data: 9
[ 18124][E][WiFiUdp.cpp:221] parsePacket(): could not receive data: 9
[ 18130][E][WiFiUdp.cpp:221] parsePacket(): could not receive data: 9
[ 18136][E][WiFiUdp.cpp:221] parsePacket(): could not receive data: 9
[ 18142][E][WiFiUdp.cpp:221] parsePacket(): could not receive data: 9
[ 18148][E][WiFiUdp.cpp:221] parsePacket(): could not receive data: 9
[ 18154][E][WiFiUdp.cpp:221] parsePacket(): could not receive data: 9
[ 18160][E][WiFiUdp.cpp:221] parsePacket(): could not receive data: 9
[ 18166][E][WiFiUdp.cpp:221] parsePacket(): could not receive data: 9
[ 18172][E][WiFiUdp.cpp:221] parsePacket(): could not receive data: 9
[ 18178][E][WiFiUdp.cpp:221] parsePacket(): could not receive data: 9
[ 18184][E][WiFiUdp.cpp:221] parsePacket(): could not receive data: 9
[ 18190][E][WiFiUdp.cpp:221] parsePacket(): could not receive data: 9
[ 18196][E][WiFiUdp.cpp:221] parsePacket(): could not receive data: 9
[ 18202][E][WiFiUdp.cpp:221] parsePacket(): could not receive data: 9
[ 18208][E][WiFiUdp.cpp:221] parsePacket(): could not receive data: 9
[ 18214][E][WiFiUdp.cpp:221] parsePacket(): could not receive data: 9
[ 18220][E][WiFiUdp.cpp:221] parsePacket(): could not receive data: 9
[ 18226][E][WiFiUdp.cpp:221] parsePacket(): could not receive data: 9
[ 18232][E][WiFiUdp.cpp:221] parsePacket(): could not receive data: 9
[ 18238][E][WiFiUdp.cpp:221] parsePacket(): could not receive data: 9
[ 18244][E][WiFiUdp.cpp:221] parsePacket(): could not receive data: 9
[ 18250][E][WiFiUdp.cpp:221] parsePacket(): could not receive data: 9
[ 18256][E][WiFiUdp.cpp:221] parsePacket(): could not receive data: 9
[ 18262][E][WiFiUdp.cpp:221] parsePacket(): could not receive data: 9
[ 18268][E][WiFiUdp.cpp:221] parsePacket(): could not receive data: 9
[ 18274][E][WiFiUdp.cpp:221] parsePacket(): could not receive data: 9
[ 18280][E][WiFiUdp.cpp:221] parsePacket(): could not receive data: 9
[ 18286][E][WiFiUdp.cpp:221] parsePacket(): could not receive data: 9
[ 18292][E][WiFiUdp.cpp:221] parsePacket(): could not receive data: 9
[ 18298][E][WiFiUdp.cpp:221] parsePacket(): could not receive data: 9
[ 18304][E][WiFiUdp.cpp:221] parsePacket(): could not receive data: 9
[ 18310][E][WiFiUdp.cpp:221] parsePacket(): could not receive data: 9
[ 18316][E][WiFiUdp.cpp:221] parsePacket(): could not receive data: 9
[ 18322][E][WiFiUdp.cpp:221] parsePacket(): could not receive data: 9
[ 18328][E][WiFiUdp.cpp:221] parsePacket(): could not receive data: 9
[ 18334][E][WiFiUdp.cpp:221] parsePacket(): could not receive data: 9
[ 18340][E][WiFiUdp.cpp:221] parsePacket(): could not receive data: 9
[ 18346][E][WiFiUdp.cpp:221] parsePacket(): could not receive data: 9
[ 18352][E][WiFiUdp.cpp:221] parsePacket(): could not receive data: 9
[ 18357][E][WiFiUdp.cpp:221] parsePacket(): could not receive data: 9
[ 18362][E][WiFiUdp.cpp:221] parsePacket(): could not receive data: 9
[ 18369][E][WiFiUdp.cpp:221] parsePacket(): could not receive data: 9
[ 18375][E][WiFiUdp.cpp:221] parsePacket(): could not receive data: 9
[ 18381][E][WiFiUdp.cpp:221] parsePacket(): could not receive data: 9
[ 18387][E][WiFiUdp.cpp:221] parsePacket(): could not receive data: 9
[ 18393][E][WiFiUdp.cpp:221] parsePacket(): could not receive data: 9
[ 18398][E][WiFiUdp.cpp:221] parsePacket(): could not receive data: 9
[ 18404][E][WiFiUdp.cpp:221] parsePacket(): could not receive data: 9
[ 18410][E][WiFiUdp.cpp:221] parsePacket(): could not receive data: 9
[ 18416][E][WiFiUdp.cpp:221] parsePacket(): could not receive data: 9
[ 18422][E][WiFiUdp.cpp:221] parsePacket(): could not receive data: 9
[ 18428][E][WiFiUdp.cpp:221] parsePacket(): could not receive data: 9
[ 18434][E][WiFiUdp.cpp:221] parsePacket(): could not receive data: 9
[ 18440][E][WiFiUdp.cpp:221] parsePacket(): could not receive data: 9
[ 18446][E][WiFiUdp.cpp:221] parsePacket(): could not receive data: 9
[ 18452][E][WiFiUdp.cpp:221] parsePacket(): could not receive data: 9
[ 18458][E][WiFiUdp.cpp:221] parsePacket(): could not receive data: 9
[ 18464][E][WiFiUdp.cpp:221] parsePacket(): could not receive data: 9
[ 18470][E][WiFiUdp.cpp:221] parsePacket(): could not receive data: 9
[ 18476][E][WiFiUdp.cpp:221] parsePacket(): could not receive data: 9
[ 18482][E][WiFiUdp.cpp:221] parsePacket(): could not receive data: 9
[ 18488][E][WiFiUdp.cpp:221] parsePacket(): could not receive data: 9
[ 18494][E][WiFiUdp.cpp:221] parsePacket(): could not receive data: 9
[ 18500][E][WiFiUdp.cpp:221] parsePacket(): could not receive data: 9
[ 18506][E][WiFiUdp.cpp:221] parsePacket(): could not receive data: 9
[ 18512][E][WiFiUdp.cpp:221] parsePacket(): could not receive data: 9
[ 18518][E][WiFiUdp.cpp:221] parsePacket(): could not receive data: 9
[ 18524][E][WiFiUdp.cpp:221] parsePacket(): could not receive data: 9
[ 18530][E][WiFiUdp.cpp:221] parsePacket(): could not receive data: 9
[ 18536][E][WiFiUdp.cpp:221] parsePacket(): could not receive data: 9
[ 18542][E][WiFiUdp.cpp:221] parsePacket(): could not receive data: 9
[ 18548][E][WiFiUdp.cpp:221] parsePacket(): could not receive data: 9
[ 18554][E][WiFiUdp.cpp:221] parsePacket(): could not receive data: 9
[ 18560][E][WiFiUdp.cpp:221] parsePacket(): could not receive data: 9
[ 18566][E][WiFiUdp.cpp:221] parsePacket(): could not receive data: 9
[ 18572][E][WiFiUdp.cpp:221] parsePacket(): could not receive data: 9
[ 18578][E][WiFiUdp.cpp:221] parsePacket(): could not receive data: 9
[ 18584][E][WiFiUdp.cpp:221] parsePacket(): could not receive data: 9
[ 18590][E][WiFiUdp.cpp:221] parsePacket(): could not receive data: 9
[ 18596][E][WiFiUdp.cpp:221] parsePacket(): could not receive data: 9
[ 18602][E][WiFiUdp.cpp:221] parsePacket(): could not receive data: 9
[ 18608][E][WiFiUdp.cpp:221] parsePacket(): could not receive data: 9
[ 18614][E][WiFiUdp.cpp:221] parsePacket(): could not receive data: 9
[ 18620][E][WiFiUdp.cpp:221] parsePacket(): could not receive data: 9
[ 18626][E][WiFiUdp.cpp:221] parsePacket(): could not receive data: 9
[ 18632][E][WiFiUdp.cpp:221] parsePacket(): could not receive data: 9
[ 18638][E][WiFiUdp.cpp:221] parsePacket(): could not receive data: 9
[ 18644][E][WiFiUdp.cpp:221] parsePacket(): could not receive data: 9
[ 18650][E][WiFiUdp.cpp:221] parsePacket(): could not receive data: 9
[ 18656][E][WiFiUdp.cpp:221] parsePacket(): could not receive data: 9
[ 18662][E][WiFiUdp.cpp:221] parsePacket(): could not receive data: 9
[ 18668][E][WiFiUdp.cpp:221] parsePacket(): could not receive data: 9
[ 18674][E][WiFiUdp.cpp:221] parsePacket(): could not receive data: 9
[ 18680][E][WiFiUdp.cpp:221] parsePacket(): could not receive data: 9
[ 18686][E][WiFiUdp.cpp:221] parsePacket(): could not receive data: 9
[ 18692][E][WiFiUdp.cpp:221] parsePacket(): could not receive data: 9
[ 18698][E][WiFiUdp.cpp:221] parsePacket(): could not receive data: 9
[ 18703][E][WiFiUdp.cpp:221] parsePacket(): could not receive data: 9
[ 18708][E][WiFiUdp.cpp:221] parsePacket(): could not receive data: 9
[ 18714][E][WiFiUdp.cpp:221] parsePacket(): could not receive data: 9
[ 18720][E][WiFiUdp.cpp:221] parsePacket(): could not receive data: 9
[ 18726][E][WiFiUdp.cpp:221] parsePacket(): could not receive data: 9
[ 18732][E][WiFiUdp.cpp:221] parsePacket(): could not receive data: 9
[ 18738][E][WiFiUdp.cpp:221] parsePacket(): could not receive data: 9
[ 18743][E][WiFiUdp.cpp:221] parsePacket(): could not receive data: 9
[ 18749][E][WiFiUdp.cpp:221] parsePacket(): could not receive data: 9
[ 18755][E][WiFiUdp.cpp:221] parsePacket(): could not receive data: 9
[ 18761][E][WiFiUdp.cpp:221] parsePacket(): could not receive data: 9
[ 18767][E][WiFiUdp.cpp:221] parsePacket(): could not receive data: 9
[ 18773][E][WiFiUdp.cpp:221] parsePacket(): could not receive data: 9
[ 18779][E][WiFiUdp.cpp:221] parsePacket(): could not receive data: 9
[ 18785][E][WiFiUdp.cpp:221] parsePacket(): could not receive data: 9
[ 18791][E][WiFiUdp.cpp:221] parsePacket(): could not receive data: 9
[ 18797][E][WiFiUdp.cpp:221] parsePacket(): could not receive data: 9
[ 18803][E][WiFiUdp.cpp:221] parsePacket(): could not receive data: 9
[ 18809][E][WiFiUdp.cpp:221] parsePacket(): could not receive data: 9
[ 18815][E][WiFiUdp.cpp:221] parsePacket(): could not receive data: 9
[ 18821][E][WiFiUdp.cpp:221] parsePacket(): could not receive data: 9
[ 18827][E][WiFiUdp.cpp:221] parsePacket(): could not receive data: 9
[ 18833][E][WiFiUdp.cpp:221] parsePacket(): could not receive data: 9
[ 18839][E][WiFiUdp.cpp:221] parsePacket(): could not receive data: 9
[ 18845][E][WiFiUdp.cpp:221] parsePacket(): could not receive data: 9
[ 18850][E][WiFiUdp.cpp:221] parsePacket(): could not receive data: 9
[ 18856][E][WiFiUdp.cpp:221] parsePacket(): could not receive data: 9
[ 18862][E][WiFiUdp.cpp:221] parsePacket(): could not receive data: 9
[ 18868][E][WiFiUdp.cpp:221] parsePacket(): could not receive data: 9
[ 18874][E][WiFiUdp.cpp:221] parsePacket(): could not receive data: 9
[ 18880][E][WiFiUdp.cpp:221] parsePacket(): could not receive data: 9
[ 18886][E][WiFiUdp.cpp:221] parsePacket(): could not receive data: 9
[ 18892][E][WiFiUdp.cpp:221] parsePacket(): could not receive data: 9
[ 18898][E][WiFiUdp.cpp:221] parsePacket(): could not receive data: 9
[ 18904][E][WiFiUdp.cpp:221] parsePacket(): could not receive data: 9
[ 18910][E][WiFiUdp.cpp:221] parsePacket(): could not receive data: 9
[ 18916][E][WiFiUdp.cpp:221] parsePacket(): could not receive data: 9
[ 18922][E][WiFiUdp.cpp:221] parsePacket(): could not receive data: 9
[ 18928][E][WiFiUdp.cpp:221] parsePacket(): could not receive data: 9
[ 18934][E][WiFiUdp.cpp:221] parsePacket(): could not receive data: 9
[ 18940][E][WiFiUdp.cpp:221] parsePacket(): could not receive data: 9
[ 18946][E][WiFiUdp.cpp:221] parsePacket(): could not receive data: 9
[ 18952][E][WiFiUdp.cpp:221] parsePacket(): could not receive data: 9
[ 18958][E][WiFiUdp.cpp:221] parsePacket(): could not receive data: 9
[ 18964][E][WiFiUdp.cpp:221] parsePacket(): could not receive data: 9
[ 18970][E][WiFiUdp.cpp:221] parsePacket(): could not receive data: 9
[ 18975][E][WiFiUdp.cpp:221] parsePacket(): could not receive data: 9
[ 18981][E][WiFiUdp.cpp:221] parsePacket(): could not receive data: 9
[ 18987][E][WiFiUdp.cpp:221] parsePacket(): could not receive data: 9
[ 18993][E][WiFiUdp.cpp:221] parsePacket(): could not receive data: 9
[ 18999][E][WiFiUdp.cpp:221] parsePacket(): could not receive data: 9
[ 19005][E][WiFiUdp.cpp:221] parsePacket(): could not receive data: 9
[ 19011][E][WiFiUdp.cpp:221] parsePacket(): could not receive data: 9
[ 19017][E][WiFiUdp.cpp:221] parsePacket(): could not receive data: 9
[ 19023][E][WiFiUdp.cpp:221] parsePacket(): could not receive data: 9
[ 19029][E][WiFiUdp.cpp:221] parsePacket(): could not receive data: 9
[ 19035][E][WiFiUdp.cpp:221] parsePacket(): could not receive data: 9
[ 19041][E][WiFiUdp.cpp:221] parsePacket(): could not receive data: 9
[ 19049][E][WiFiUdp.cpp:221] parsePacket(): could not receive data: 9
[ 19057][E][WiFiUdp.cpp:221] parsePacket(): could not receive data: 9
[ 19064][E][WiFiUdp.cpp:221] parsePacket(): could not receive data: 9
[ 19070][E][WiFiUdp.cpp:221] parsePacket(): could not receive data: 9
[ 19076][E][WiFiUdp.cpp:221] parsePacket(): could not receive data: 9
[ 19082][E][WiFiUdp.cpp:221] parsePacket(): could not receive data: 9
[ 19088][E][WiFiUdp.cpp:221] parsePacket(): could not receive data: 9
[ 19094][E][WiFiUdp.cpp:221] parsePacket(): could not receive data: 9
[ 19100][E][WiFiUdp.cpp:221] parsePacket(): could not receive data: 9
[ 19106][E][WiFiUdp.cpp:221] parsePacket(): could not receive data: 9
[ 19112][E][WiFiUdp.cpp:221] parsePacket(): could not receive data: 9
[ 19118][E][WiFiUdp.cpp:221] parsePacket(): could not receive data: 9
[ 19124][E][WiFiUdp.cpp:221] parsePacket(): could not receive data: 9
[ 19130][E][WiFiUdp.cpp:221] parsePacket(): could not receive data: 9
[ 19136][E][WiFiUdp.cpp:221] parsePacket(): could not receive data: 9
[ 19142][E][WiFiUdp.cpp:221] parsePacket(): could not receive data: 9
[ 19148][E][WiFiUdp.cpp:221] parsePacket(): could not receive data: 9
[ 19153][E][WiFiUdp.cpp:221] parsePacket(): could not receive data: 9
[ 19159][E][WiFiUdp.cpp:221] parsePacket(): could not receive data: 9
[ 19165][E][WiFiUdp.cpp:221] parsePacket(): could not receive data: 9
[ 19171][E][WiFiUdp.cpp:221] parsePacket(): could not receive data: 9
[ 19177][E][WiFiUdp.cpp:221] parsePacket(): could not receive data: 9
[ 19183][E][WiFiUdp.cpp:221] parsePacket(): could not receive data: 9
[ 19189][E][WiFiUdp.cpp:221] parsePacket(): could not receive data: 9
[ 19195][E][WiFiUdp.cpp:221] parsePacket(): could not receive data: 9
[ 19201][E][WiFiUdp.cpp:221] parsePacket(): could not receive data: 9
[ 19207][E][WiFiUdp.cpp:221] parsePacket(): could not receive data: 9
[ 19213][E][WiFiUdp.cpp:221] parsePacket(): could not receive data: 9
[ 19219][E][WiFiUdp.cpp:221] parsePacket(): could not receive data: 9
[ 19225][E][WiFiUdp.cpp:221] parsePacket(): could not receive data: 9
[ 19231][E][WiFiUdp.cpp:221] parsePacket(): could not receive data: 9
[ 19237][E][WiFiUdp.cpp:221] parsePacket(): could not receive data: 9
[ 19243][E][WiFiUdp.cpp:221] parsePacket(): could not receive data: 9
[ 19249][E][WiFiUdp.cpp:221] parsePacket(): could not receive data: 9
[ 19255][E][WiFiUdp.cpp:221] parsePacket(): could not receive data: 9
[ 19261][E][WiFiUdp.cpp:221] parsePacket(): could not receive data: 9
[ 19267][E][WiFiUdp.cpp:221] parsePacket(): could not receive data: 9
[ 19273][E][WiFiUdp.cpp:221] parsePacket(): could not receive data: 9
[ 19279][E][WiFiUdp.cpp:221] parsePacket(): could not receive data: 9
[ 19285][E][WiFiUdp.cpp:221] parsePacket(): could not receive data: 9
[ 19291][E][WiFiUdp.cpp:221] parsePacket(): could not receive data: 9
[ 19297][E][WiFiUdp.cpp:221] parsePacket(): could not receive data: 9
[ 19303][E][WiFiUdp.cpp:221] parsePacket(): could not receive data: 9
[ 19309][E][WiFiUdp.cpp:221] parsePacket(): could not receive data: 9
[ 19315][E][WiFiUdp.cpp:221] parsePacket(): could not receive data: 9
[ 19321][E][WiFiUdp.cpp:221] parsePacket(): could not receive data: 9
[ 19327][E][WiFiUdp.cpp:221] parsePacket(): could not receive data: 9
[ 19333][E][WiFiUdp.cpp:221] parsePacket(): could not receive data: 9
[ 19339][E][WiFiUdp.cpp:221] parsePacket(): could not receive data: 9
[ 19345][E][WiFiUdp.cpp:221] parsePacket(): could not receive data: 9
[ 19351][E][WiFiUdp.cpp:221] parsePacket(): could not receive data: 9
[ 19357][E][WiFiUdp.cpp:221] parsePacket(): could not receive data: 9
[ 19363][E][WiFiUdp.cpp:221] parsePacket(): could not receive data: 9
[ 19369][E][WiFiUdp.cpp:221] parsePacket(): could not receive data: 9
[ 19375][E][WiFiUdp.cpp:221] parsePacket(): could not receive data: 9
[ 19381][E][WiFiUdp.cpp:221] parsePacket(): could not receive data: 9
[ 19387][E][WiFiUdp.cpp:221] parsePacket(): could not receive data: 9
[ 19393][E][WiFiUdp.cpp:221] parsePacket(): could not receive data: 9
[ 19399][E][WiFiUdp.cpp:221] parsePacket(): could not receive data: 9
[ 19405][E][WiFiUdp.cpp:221] parsePacket(): could not receive data: 9
[ 19411][E][WiFiUdp.cpp:221] parsePacket(): could not receive data: 9
[ 19417][E][WiFiUdp.cpp:221] parsePacket(): could not receive data: 9
[ 19423][E][WiFiUdp.cpp:221] parsePacket(): could not receive data: 9
[ 19429][E][WiFiUdp.cpp:221] parsePacket(): could not receive data: 9
[ 19435][E][WiFiUdp.cpp:221] parsePacket(): could not receive data: 9
[ 19441][E][WiFiUdp.cpp:221] parsePacket(): could not receive data: 9
[ 19447][E][WiFiUdp.cpp:221] parsePacket(): could not receive data: 9
[ 19453][E][WiFiUdp.cpp:221] parsePacket(): could not receive data: 9
[ 19459][E][WiFiUdp.cpp:221] parsePacket(): could not receive data: 9
[ 19465][E][WiFiUdp.cpp:221] parsePacket(): could not receive data: 9
[ 19471][E][WiFiUdp.cpp:221] parsePacket(): could not receive data: 9
[ 19477][E][WiFiUdp.cpp:221] parsePacket(): could not receive data: 9
[ 19482][E][WiFiUdp.cpp:221] parsePacket(): could not receive data: 9
[ 19487][E][WiFiUdp.cpp:221] parsePacket(): could not receive data: 9
[ 19493][E][WiFiUdp.cpp:221] parsePacket(): could not receive data: 9
[ 19499][E][WiFiUdp.cpp:221] parsePacket(): could not receive data: 9
[ 19505][E][WiFiUdp.cpp:221] parsePacket(): could not receive data: 9
[ 19511][E][WiFiUdp.cpp:221] parsePacket(): could not receive data: 9
[ 19517][E][WiFiUdp.cpp:221] parsePacket(): could not receive data: 9
[ 19523][E][WiFiUdp.cpp:221] parsePacket(): could not receive data: 9
[ 19529][E][WiFiUdp.cpp:221] parsePacket(): could not receive data: 9
[ 19535][E][WiFiUdp.cpp:221] parsePacket(): could not receive data: 9
[ 19541][E][WiFiUdp.cpp:221] parsePacket(): could not receive data: 9
[ 19547][E][WiFiUdp.cpp:221] parsePacket(): could not receive data: 9
[ 19553][E][WiFiUdp.cpp:221] parsePacket(): could not receive data: 9
[ 19559][E][WiFiUdp.cpp:221] parsePacket(): could not receive data: 9
[ 19565][E][WiFiUdp.cpp:221] parsePacket(): could not receive data: 9
[ 19571][E][WiFiUdp.cpp:221] parsePacket(): could not receive data: 9
[ 19577][E][WiFiUdp.cpp:221] parsePacket(): could not receive data: 9
[ 19583][E][WiFiUdp.cpp:221] parsePacket(): could not receive data: 9
[ 19589][E][WiFiUdp.cpp:221] parsePacket(): could not receive data: 9
[ 19595][E][WiFiUdp.cpp:221] parsePacket(): could not receive data: 9
[ 19601][E][WiFiUdp.cpp:221] parsePacket(): could not receive data: 9
[ 19607][E][WiFiUdp.cpp:221] parsePacket(): could not receive data: 9
[ 19613][E][WiFiUdp.cpp:221] parsePacket(): could not receive data: 9
[ 19619][E][WiFiUdp.cpp:221] parsePacket(): could not receive data: 9
[ 19625][E][WiFiUdp.cpp:221] parsePacket(): could not receive data: 9
[ 19631][E][WiFiUdp.cpp:221] parsePacket(): could not receive data: 9
[ 19637][E][WiFiUdp.cpp:221] parsePacket(): could not receive data: 9
[ 19643][E][WiFiUdp.cpp:221] parsePacket(): could not receive data: 9
[ 19649][E][WiFiUdp.cpp:221] parsePacket(): could not receive data: 9
[ 19655][E][WiFiUdp.cpp:221] parsePacket(): could not receive data: 9
[ 19661][E][WiFiUdp.cpp:221] parsePacket(): could not receive data: 9
[ 19667][E][WiFiUdp.cpp:221] parsePacket(): could not receive data: 9
[ 19673][E][WiFiUdp.cpp:221] parsePacket(): could not receive data: 9
[ 19679][E][WiFiUdp.cpp:221] parsePacket(): could not receive data: 9
[ 19685][E][WiFiUdp.cpp:221] parsePacket(): could not receive data: 9
[ 19691][E][WiFiUdp.cpp:221] parsePacket(): could not receive data: 9
[ 19697][E][WiFiUdp.cpp:221] parsePacket(): could not receive data: 9
[ 19703][E][WiFiUdp.cpp:221] parsePacket(): could not receive data: 9
[ 19709][E][WiFiUdp.cpp:221] parsePacket(): could not receive data: 9
[ 19715][E][WiFiUdp.cpp:221] parsePacket(): could not receive data: 9
[ 19721][E][WiFiUdp.cpp:221] parsePacket(): could not receive data: 9
[ 19727][E][WiFiUdp.cpp:221] parsePacket(): could not receive data: 9
[ 19733][E][WiFiUdp.cpp:221] parsePacket(): could not receive data: 9
[ 19739][E][WiFiUdp.cpp:221] parsePacket(): could not receive data: 9
[ 19745][E][WiFiUdp.cpp:221] parsePacket(): could not receive data: 9
[ 19751][E][WiFiUdp.cpp:221] parsePacket(): could not receive data: 9
[ 19757][E][WiFiUdp.cpp:221] parsePacket(): could not receive data: 9
[ 19763][E][WiFiUdp.cpp:221] parsePacket(): could not receive data: 9
[ 19769][E][WiFiUdp.cpp:221] parsePacket(): could not receive data: 9
[ 19775][E][WiFiUdp.cpp:221] parsePacket(): could not receive data: 9
[ 19781][E][WiFiUdp.cpp:221] parsePacket(): could not receive data: 9
[ 19788][E][WiFiUdp.cpp:221] parsePacket(): could not receive data: 9
[ 19794][E][WiFiUdp.cpp:221] parsePacket(): could not receive data: 9
[ 19800][E][WiFiUdp.cpp:221] parsePacket(): could not receive data: 9
[ 19806][E][WiFiUdp.cpp:221] parsePacket(): could not receive data: 9
[ 19812][E][WiFiUdp.cpp:221] parsePacket(): could not receive data: 9
[ 19818][E][WiFiUdp.cpp:221] parsePacket(): could not receive data: 9
[ 19824][E][WiFiUdp.cpp:221] parsePacket(): could not receive data: 9
[ 19830][E][WiFiUdp.cpp:221] parsePacket(): could not receive data: 9
[ 19836][E][WiFiUdp.cpp:221] parsePacket(): could not receive data: 9
[ 19842][E][WiFiUdp.cpp:221] parsePacket(): could not receive data: 9
[ 19848][E][WiFiUdp.cpp:221] parsePacket(): could not receive data: 9
[ 19854][E][WiFiUdp.cpp:221] parsePacket(): could not receive data: 9
[ 19860][E][WiFiUdp.cpp:221] parsePacket(): could not receive data: 9
[ 19866][E][WiFiUdp.cpp:221] parsePacket(): could not receive data: 9
[ 19872][E][WiFiUdp.cpp:221] parsePacket(): could not receive data: 9
[ 19878][E][WiFiUdp.cpp:221] parsePacket(): could not receive data: 9
[ 19884][E][WiFiUdp.cpp:221] parsePacket(): could not receive data: 9
[ 19890][E][WiFiUdp.cpp:221] parsePacket(): could not receive data: 9
[ 19896][E][WiFiUdp.cpp:221] parsePacket(): could not receive data: 9
[ 19902][E][WiFiUdp.cpp:221] parsePacket(): could not receive data: 9
[ 19908][E][WiFiUdp.cpp:221] parsePacket(): could not receive data: 9
[ 19914][E][WiFiUdp.cpp:221] parsePacket(): could not receive data: 9
[ 19920][E][WiFiUdp.cpp:221] parsePacket(): could not receive data: 9
[ 19926][E][WiFiUdp.cpp:221] parsePacket(): could not receive data: 9
[ 19932][E][WiFiUdp.cpp:221] parsePacket(): could not receive data: 9
[ 19938][E][WiFiUdp.cpp:221] parsePacket(): could not receive data: 9
[ 19944][E][WiFiUdp.cpp:221] parsePacket(): could not receive data: 9
[ 19949][E][WiFiUdp.cpp:221] parsePacket(): could not receive data: 9
[ 19954][E][WiFiUdp.cpp:221] parsePacket(): could not receive data: 9
[ 19961][E][WiFiUdp.cpp:221] parsePacket(): could not receive data: 9
[ 19967][E][WiFiUdp.cpp:221] parsePacket(): could not receive data: 9
[ 19973][E][WiFiUdp.cpp:221] parsePacket(): could not receive data: 9
[ 19979][E][WiFiUdp.cpp:221] parsePacket(): could not receive data: 9
[ 19985][E][WiFiUdp.cpp:221] parsePacket(): could not receive data: 9
[ 19991][E][WiFiUdp.cpp:221] parsePacket(): could not receive data: 9
[ 19997][E][WiFiUdp.cpp:221] parsePacket(): could not receive data: 9
[ 20003][E][WiFiUdp.cpp:221] parsePacket(): could not receive data: 9
[ 20009][E][WiFiUdp.cpp:221] parsePacket(): could not receive data: 9
[ 20015][E][WiFiUdp.cpp:221] parsePacket(): could not receive data: 9
[ 20021][E][WiFiUdp.cpp:221] parsePacket(): could not receive data: 9
[ 20027][E][WiFiUdp.cpp:221] parsePacket(): could not receive data: 9
[ 20033][E][WiFiUdp.cpp:221] parsePacket(): could not receive data: 9
[ 20039][E][WiFiUdp.cpp:221] parsePacket(): could not receive data: 9
[ 20045][E][WiFiUdp.cpp:221] parsePacket(): could not receive data: 9
[ 20051][E][WiFiUdp.cpp:221] parsePacket(): could not receive data: 9
[ 20056][E][WiFiUdp.cpp:221] parsePacket(): could not receive data: 9
[ 20062][E][WiFiUdp.cpp:221] parsePacket(): could not receive data: 9
[ 20068][E][WiFiUdp.cpp:221] parsePacket(): could not receive data: 9
[ 20074][E][WiFiUdp.cpp:221] parsePacket(): could not receive data: 9
[ 20080][E][WiFiUdp.cpp:221] parsePacket(): could not receive data: 9
[ 20086][E][WiFiUdp.cpp:221] parsePacket(): could not receive data: 9
[ 20092][E][WiFiUdp.cpp:221] parsePacket(): could not receive data: 9
[ 20098][E][WiFiUdp.cpp:221] parsePacket(): could not receive data: 9
[ 20104][E][WiFiUdp.cpp:221] parsePacket(): could not receive data: 9
[ 20110][E][WiFiUdp.cpp:221] parsePacket(): could not receive data: 9
[ 20116][E][WiFiUdp.cpp:221] parsePacket(): could not receive data: 9
[ 20122][E][WiFiUdp.cpp:221] parsePacket(): could not receive data: 9
[ 20128][E][WiFiUdp.cpp:221] parsePacket(): could not receive data: 9
[ 20134][E][WiFiUdp.cpp:221] parsePacket(): could not receive data: 9
[ 20139][E][WiFiUdp.cpp:221] parsePacket(): could not receive data: 9
[ 20145][E][WiFiUdp.cpp:221] parsePacket(): could not receive data: 9
[ 20151][E][WiFiUdp.cpp:221] parsePacket(): could not receive data: 9
[ 20157][E][WiFiUdp.cpp:221] parsePacket(): could not receive data: 9
[ 20163][E][WiFiUdp.cpp:221] parsePacket(): could not receive data: 9
[ 20169][E][WiFiUdp.cpp:221] parsePacket(): could not receive data: 9
[ 20175][E][WiFiUdp.cpp:221] parsePacket(): could not receive data: 9
[ 20181][E][WiFiUdp.cpp:221] parsePacket(): could not receive data: 9
[ 20187][E][WiFiUdp.cpp:221] parsePacket(): could not receive data: 9
[ 20193][E][WiFiUdp.cpp:221] parsePacket(): could not receive data: 9
[ 20199][E][WiFiUdp.cpp:221] parsePacket(): could not receive data: 9
[ 20205][E][WiFiUdp.cpp:221] parsePacket(): could not receive data: 9
[ 20211][E][WiFiUdp.cpp:221] parsePacket(): could not receive data: 9
[ 20217][E][WiFiUdp.cpp:221] parsePacket(): could not receive data: 9
[ 20223][E][WiFiUdp.cpp:221] parsePacket(): could not receive data: 9
[ 20229][E][WiFiUdp.cpp:221] parsePacket(): could not receive data: 9
[ 20235][E][WiFiUdp.cpp:221] parsePacket(): could not receive data: 9
[ 20241][E][WiFiUdp.cpp:221] parsePacket(): could not receive data: 9
[ 20247][E][WiFiUdp.cpp:221] parsePacket(): could not receive data: 9
[ 20253][E][WiFiUdp.cpp:221] parsePacket(): could not receive data: 9
[ 20259][E][WiFiUdp.cpp:221] parsePacket(): could not receive data: 9
[ 20265][E][WiFiUdp.cpp:221] parsePacket(): could not receive data: 9
[ 20271][E][WiFiUdp.cpp:221] parsePacket(): could not receive data: 9
[ 20277][E][WiFiUdp.cpp:221] parsePacket(): could not receive data: 9
[ 20283][E][WiFiUdp.cpp:221] parsePacket(): could not receive data: 9
[ 20289][E][WiFiUdp.cpp:221] parsePacket(): could not receive data: 9
[ 20295][E][WiFiUdp.cpp:221] parsePacket(): could not receive data: 9
[ 20301][E][WiFiUdp.cpp:221] parsePacket(): could not receive data: 9
[ 20307][E][WiFiUdp.cpp:221] parsePacket(): could not receive data: 9
[ 20313][E][WiFiUdp.cpp:221] parsePacket(): could not receive data: 9
[ 20319][E][WiFiUdp.cpp:221] parsePacket(): could not receive data: 9
[ 20325][E][WiFiUdp.cpp:221] parsePacket(): could not receive data: 9
[ 20331][E][WiFiUdp.cpp:221] parsePacket(): could not receive data: 9
[ 20337][E][WiFiUdp.cpp:221] parsePacket(): could not receive data: 9
[ 20343][E][WiFiUdp.cpp:221] parsePacket(): could not receive data: 9
[ 20349][E][WiFiUdp.cpp:221] parsePacket(): could not receive data: 9
[ 20355][E][WiFiUdp.cpp:221] parsePacket(): could not receive data: 9
[ 20361][E][WiFiUdp.cpp:221] parsePacket(): could not receive data: 9
[ 20367][E][WiFiUdp.cpp:221] parsePacket(): could not receive data: 9
[ 20373][E][WiFiUdp.cpp:221] parsePacket(): could not receive data: 9
[ 20379][E][WiFiUdp.cpp:221] parsePacket(): could not receive data: 9
[ 20385][E][WiFiUdp.cpp:221] parsePacket(): could not receive data: 9
[ 20391][E][WiFiUdp.cpp:221] parsePacket(): could not receive data: 9
[ 20397][E][WiFiUdp.cpp:221] parsePacket(): could not receive data: 9
[ 20403][E][WiFiUdp.cpp:221] parsePacket(): could not receive data: 9
[ 20409][E][WiFiUdp.cpp:221] parsePacket(): could not receive data: 9
[CON ]...Client disconnected. free heap=132544
[ 20417][E][WiFiUdp.cpp:221] parsePacket(): could not receive data: 9
[CON ]...accept() fd=50 free=132544
[CON ]...Client authenticated on port 2323. free heap=128844
-[ 20424][E][WiFiUdp.cpp:221] parsePacket(): could not receive data: 9
-[ 20431][E][WiFiUdp.cpp:221] parsePacket(): could not receive data: 9
i[ 20437][E][WiFiUdp.cpp:221] parsePacket(): could not receive data: 9
n[ 20443][E][WiFiUdp.cpp:221] parsePacket(): could not receive data: 9
f[ 20449][E][WiFiUdp.cpp:221] parsePacket(): could not receive data: 9
o[ 20455][E][WiFiUdp.cpp:221] parsePacket(): could not receive data: 9
[ 20461][E][WiFiUdp.cpp:221] parsePacket(): could not receive data: 9

--MeshCom 4.35t (build: Sep 26 2026 / 22:38:41)
...UPDATE: 
...Call: <XX0XXX-00> ...ID 00000000 ...NODE 39 <EBYTE_E22> ...UTC-OFF 1.000000 [CPU]
...BATT 4.10 V ...BATT 85 % ...MAXV 4.200 V
...TIME 20467 ms
...Flash-Version 20260724
...NOMSGALL off ...MESH off ...BUTTON (12) off ...SOFTSER off ... SOFTSERREAD off
...PASSWD <>
...DEBUG man ...DEBUG en
...DEBUG off ...LORADEBUG off ...GPSDEBUG off/0 ...SOFTSERDEBUG off
...WXDEBUG off ...BLEDEBUG off
...DisplayInfo off ...DisplayCont off ...DisplyLog off ...contrast 255 ...ackinfo off
...EXTUDP off ...EXT IP none ...NOPMOTHER off
...BTCODE 000000
...APRSMC: APRSMC
...ATXT: 
...NAME: 
...BLE : short
...DISPLAY on
...CTRY EU8
...FREQ 433.1750 MHz TXPWR 17 dBm RXBOOST off
...MAXHOP text 4 / pos 2

...Webserver  on / Webpwd <> / Gateway off 
...NETConsole on (port 2323)
...KISS/TCP   off / TX off / RxMeta off / Auth off
...WIFI-AP    off
...SSID <none> / PASSWORD <***>
...NETWORK Mode:WiFi
...hasIpAddress: yes
...IP address   : 10.0.2.15
...SUBNET-MASK  : 255.255.255.0
...GW address   : 10.0.2.5
...DNS address  : 
...UDP-HBeat : 20472
[ 20472][E][WiFiUdp.cpp:221] parsePacket(): could not receive data: 9
[CON ]...Client disconnected. free heap=134580
[ 20478][E][WiFiUdp.cpp:221] parsePacket(): could not receive data: 9
[ 20484][E][WiFiUdp.cpp:221] parsePacket(): could not receive data: 9
[ 20490][E][WiFiUdp.cpp:221] parsePacket(): could not receive data: 9
[ 20496][E][WiFiUdp.cpp:221] parsePacket(): could not receive data: 9
[ 20502][E][WiFiUdp.cpp:221] parsePacket(): could not receive data: 9
[ 20508][E][WiFiUdp.cpp:221] parsePacket(): could not receive data: 9
[ 20514][E][WiFiUdp.cpp:221] parsePacket(): could not receive data: 9
[ 20520][E][WiFiUdp.cpp:221] parsePacket(): could not receive data: 9
[ 20526][E][WiFiUdp.cpp:221] parsePacket(): could not receive data: 9
[ 20532][E][WiFiUdp.cpp:221] parsePacket(): could not receive data: 9
[ 20538][E][WiFiUdp.cpp:221] parsePacket(): could not receive data: 9
[ 20544][E][WiFiUdp.cpp:221] parsePacket(): could not receive data: 9
[ 20550][E][WiFiUdp.cpp:221] parsePacket(): could not receive data: 9
[ 20556][E][WiFiUdp.cpp:221] parsePacket(): could not receive data: 9
[ 20562][E][WiFiUdp.cpp:221] parsePacket(): could not receive data: 9
[ 20568][E][WiFiUdp.cpp:221] parsePacket(): could not receive data: 9
[ 20574][E][WiFiUdp.cpp:221] parsePacket(): could not receive data: 9
[ 20580][E][WiFiUdp.cpp:221] parsePacket(): could not receive data: 9
[ 20586][E][WiFiUdp.cpp:221] parsePacket(): could not receive data: 9
[ 20592][E][WiFiUdp.cpp:221] parsePacket(): could not receive data: 9
[ 20598][E][WiFiUdp.cpp:221] parsePacket(): could not receive data: 9
[ 20604][E][WiFiUdp.cpp:221] parsePacket(): could not receive data: 9
[ 20610][E][WiFiUdp.cpp:221] parsePacket(): could not receive data: 9
[ 20616][E][WiFiUdp.cpp:221] parsePacket(): could not receive data: 9
[ 20622][E][WiFiUdp.cpp:221] parsePacket(): could not receive data: 9
[ 20628][E][WiFiUdp.cpp:221] parsePacket(): could not receive data: 9
[ 20634][E][WiFiUdp.cpp:221] parsePacket(): could not receive data: 9
[ 20640][E][WiFiUdp.cpp:221] parsePacket(): could not receive data: 9
[ 20646][E][WiFiUdp.cpp:221] parsePacket(): could not receive data: 9
[ 20652][E][WiFiUdp.cpp:221] parsePacket(): could not receive data: 9
[ 20658][E][WiFiUdp.cpp:221] parsePacket(): could not receive data: 9
[ 20664][E][WiFiUdp.cpp:221] parsePacket(): could not receive data: 9
[ 20670][E][WiFiUdp.cpp:221] parsePacket(): could not receive data: 9
[ 20676][E][WiFiUdp.cpp:221] parsePacket(): could not receive data: 9
[ 20682][E][WiFiUdp.cpp:221] parsePacket(): could not receive data: 9
[ 20688][E][WiFiUdp.cpp:221] parsePacket(): could not receive data: 9
[ 20694][E][WiFiUdp.cpp:221] parsePacket(): could not receive data: 9
[ 20700][E][WiFiUdp.cpp:221] parsePacket(): could not receive data: 9
[ 20706][E][WiFiUdp.cpp:221] parsePacket(): could not receive data: 9
[ 20712][E][WiFiUdp.cpp:221] parsePacket(): could not receive data: 9
[ 20718][E][WiFiUdp.cpp:221] parsePacket(): could not receive data: 9
[ 20724][E][WiFiUdp.cpp:221] parsePacket(): could not receive data: 9
[ 20730][E][WiFiUdp.cpp:221] parsePacket(): could not receive data: 9
[ 20736][E][WiFiUdp.cpp:221] parsePacket(): could not receive data: 9
[ 20742][E][WiFiUdp.cpp:221] parsePacket(): could not receive data: 9
[ 20748][E][WiFiUdp.cpp:221] parsePacket(): could not receive data: 9
[ 20754][E][WiFiUdp.cpp:221] parsePacket(): could not receive data: 9
[ 20760][E][WiFiUdp.cpp:221] parsePacket(): could not receive data: 9
[ 20766][E][WiFiUdp.cpp:221] parsePacket(): could not receive data: 9
[ 20772][E][WiFiUdp.cpp:221] parsePacket(): could not receive data: 9
[ 20778][E][WiFiUdp.cpp:221] parsePacket(): could not receive data: 9
[ 20784][E][WiFiUdp.cpp:221] parsePacket(): could not receive data: 9
[ 20790][E][WiFiUdp.cpp:221] parsePacket(): could not receive data: 9
[ 20795][E][WiFiUdp.cpp:221] parsePacket(): could not receive data: 9
[ 20801][E][WiFiUdp.cpp:221] parsePacket(): could not receive data: 9
[ 20807][E][WiFiUdp.cpp:221] parsePacket(): could not receive data: 9
[ 20813][E][WiFiUdp.cpp:221] parsePacket(): could not receive data: 9
[ 20819][E][WiFiUdp.cpp:221] parsePacket(): could not receive data: 9
[ 20825][E][WiFiUdp.cpp:221] parsePacket(): could not receive data: 9
[ 20831][E][WiFiUdp.cpp:221] parsePacket(): could not receive data: 9
[ 20837][E][WiFiUdp.cpp:221] parsePacket(): could not receive data: 9
[ 20843][E][WiFiUdp.cpp:221] parsePacket(): could not receive data: 9
[ 20849][E][WiFiUdp.cpp:221] parsePacket(): could not receive data: 9
[ 20854][E][WiFiUdp.cpp:221] parsePacket(): could not receive data: 9
[ 20860][E][WiFiUdp.cpp:221] parsePacket(): could not receive data: 9
[ 20866][E][WiFiUdp.cpp:221] parsePacket(): could not receive data: 9
[ 20872][E][WiFiUdp.cpp:221] parsePacket(): could not receive data: 9
[ 20878][E][WiFiUdp.cpp:221] parsePacket(): could not receive data: 9
[ 20884][E][WiFiUdp.cpp:221] parsePacket(): could not receive data: 9
[ 20890][E][WiFiUdp.cpp:221] parsePacket(): could not receive data: 9
[ 20896][E][WiFiUdp.cpp:221] parsePacket(): could not receive data: 9
[ 20902][E][WiFiUdp.cpp:221] parsePacket(): could not receive data: 9
[ 20908][E][WiFiUdp.cpp:221] parsePacket(): could not receive data: 9
[ 20914][E][WiFiUdp.cpp:221] parsePacket(): could not receive data: 9
[ 20920][E][WiFiUdp.cpp:221] parsePacket(): could not receive data: 9
[ 20926][E][WiFiUdp.cpp:221] parsePacket(): could not receive data: 9
[ 20932][E][WiFiUdp.cpp:221] parsePacket(): could not receive data: 9
[ 20938][E][WiFiUdp.cpp:221] parsePacket(): could not receive data: 9
[ 20944][E][WiFiUdp.cpp:221] parsePacket(): could not receive data: 9
[ 20950][E][WiFiUdp.cpp:221] parsePacket(): could not receive data: 9
[ 20956][E][WiFiUdp.cpp:221] parsePacket(): could not receive data: 9
[ 20962][E][WiFiUdp.cpp:221] parsePacket(): could not receive data: 9
[ 20968][E][WiFiUdp.cpp:221] parsePacket(): could not receive data: 9
[ 20974][E][WiFiUdp.cpp:221] parsePacket(): could not receive data: 9
[ 20980][E][WiFiUdp.cpp:221] parsePacket(): could not receive data: 9
[ 20986][E][WiFiUdp.cpp:221] parsePacket(): could not receive data: 9
[ 20992][E][WiFiUdp.cpp:221] parsePacket(): could not receive data: 9
[ 20998][E][WiFiUdp.cpp:221] parsePacket(): could not receive data: 9
[ 21004][E][WiFiUdp.cpp:221] parsePacket(): could not receive data: 9
[ 21010][E][WiFiUdp.cpp:221] parsePacket(): could not receive data: 9
[ 21016][E][WiFiUdp.cpp:221] parsePacket(): could not receive data: 9
[ 21022][E][WiFiUdp.cpp:221] parsePacket(): could not receive data: 9
[ 21028][E][WiFiUdp.cpp:221] parsePacket(): could not receive data: 9
[ 21034][E][WiFiUdp.cpp:221] parsePacket(): could not receive data: 9
[ 21040][E][WiFiUdp.cpp:221] parsePacket(): could not receive data: 9
[ 21046][E][WiFiUdp.cpp:221] parsePacket(): could not receive data: 9
[ 21052][E][WiFiUdp.cpp:221] parsePacket(): could not receive data: 9
[ 21058][E][WiFiUdp.cpp:221] parsePacket(): could not receive data: 9
[ 21064][E][WiFiUdp.cpp:221] parsePacket(): could not receive data: 9
[ 21070][E][WiFiUdp.cpp:221] parsePacket(): could not receive data: 9
[ 21076][E][WiFiUdp.cpp:221] parsePacket(): could not receive data: 9
[ 21082][E][WiFiUdp.cpp:221] parsePacket(): could not receive data: 9
[ 21088][E][WiFiUdp.cpp:221] parsePacket(): could not receive data: 9
[ 21094][E][WiFiUdp.cpp:221] parsePacket(): could not receive data: 9
[ 21100][E][WiFiUdp.cpp:221] parsePacket(): could not receive data: 9
[ 21106][E][WiFiUdp.cpp:221] parsePacket(): could not receive data: 9
[ 21112][E][WiFiUdp.cpp:221] parsePacket(): could not receive data: 9
[ 21118][E][WiFiUdp.cpp:221] parsePacket(): could not receive data: 9
[ 21124][E][WiFiUdp.cpp:221] parsePacket(): could not receive data: 9
[ 21130][E][WiFiUdp.cpp:221] parsePacket(): could not receive data: 9
[ 21136][E][WiFiUdp.cpp:221] parsePacket(): could not receive data: 9
[ 21142][E][WiFiUdp.cpp:221] parsePacket(): could not receive data: 9
[ 21148][E][WiFiUdp.cpp:221] parsePacket(): could not receive data: 9
[ 21154][E][WiFiUdp.cpp:221] parsePacket(): could not receive data: 9
[ 21160][E][WiFiUdp.cpp:221] parsePacket(): could not receive data: 9
[ 21166][E][WiFiUdp.cpp:221] parsePacket(): could not receive data: 9
[ 21172][E][WiFiUdp.cpp:221] parsePacket(): could not receive data: 9
[ 21178][E][WiFiUdp.cpp:221] parsePacket(): could not receive data: 9
[ 21184][E][WiFiUdp.cpp:221] parsePacket(): could not receive data: 9
[ 21190][E][WiFiUdp.cpp:221] parsePacket(): could not receive data: 9
[ 21196][E][WiFiUdp.cpp:221] parsePacket(): could not receive data: 9
[ 21202][E][WiFiUdp.cpp:221] parsePacket(): could not receive data: 9
[ 21208][E][WiFiUdp.cpp:221] parsePacket(): could not receive data: 9
[ 21214][E][WiFiUdp.cpp:221] parsePacket(): could not receive data: 9
[ 21220][E][WiFiUdp.cpp:221] parsePacket(): could not receive data: 9
[ 21226][E][WiFiUdp.cpp:221] parsePacket(): could not receive data: 9
[ 21232][E][WiFiUdp.cpp:221] parsePacket(): could not receive data: 9
[ 21238][E][WiFiUdp.cpp:221] parsePacket(): could not receive data: 9
[ 21244][E][WiFiUdp.cpp:221] parsePacket(): could not receive data: 9
[ 21250][E][WiFiUdp.cpp:221] parsePacket(): could not receive data: 9
[ 21256][E][WiFiUdp.cpp:221] parsePacket(): could not receive data: 9
[ 21262][E][WiFiUdp.cpp:221] parsePacket(): could not receive data: 9
[ 21268][E][WiFiUdp.cpp:221] parsePacket(): could not receive data: 9
[ 21274][E][WiFiUdp.cpp:221] parsePacket(): could not receive data: 9
[ 21280][E][WiFiUdp.cpp:221] parsePacket(): could not receive data: 9
[ 21286][E][WiFiUdp.cpp:221] parsePacket(): could not receive data: 9
[ 21292][E][WiFiUdp.cpp:221] parsePacket(): could not receive data: 9
[ 21298][E][WiFiUdp.cpp:221] parsePacket(): could not receive data: 9
[ 21304][E][WiFiUdp.cpp:221] parsePacket(): could not receive data: 9
[ 21310][E][WiFiUdp.cpp:221] parsePacket(): could not receive data: 9
[ 21316][E][WiFiUdp.cpp:221] parsePacket(): could not receive data: 9
[ 21322][E][WiFiUdp.cpp:221] parsePacket(): could not receive data: 9
[ 21328][E][WiFiUdp.cpp:221] parsePacket(): could not receive data: 9
[ 21334][E][WiFiUdp.cpp:221] parsePacket(): could not receive data: 9
[ 21340][E][WiFiUdp.cpp:221] parsePacket(): could not receive data: 9
[ 21346][E][WiFiUdp.cpp:221] parsePacket(): could not receive data: 9
[ 21352][E][WiFiUdp.cpp:221] parsePacket(): could not receive data: 9
[ 21358][E][WiFiUdp.cpp:221] parsePacket(): could not receive data: 9
[ 21364][E][WiFiUdp.cpp:221] parsePacket(): could not receive data: 9
[ 21370][E][WiFiUdp.cpp:221] parsePacket(): could not receive data: 9
[ 21376][E][WiFiUdp.cpp:221] parsePacket(): could not receive data: 9
[ 21382][E][WiFiUdp.cpp:221] parsePacket(): could not receive data: 9
[ 21388][E][WiFiUdp.cpp:221] parsePacket(): could not receive data: 9
[ 21394][E][WiFiUdp.cpp:221] parsePacket(): could not receive data: 9
[ 21400][E][WiFiUdp.cpp:221] parsePacket(): could not receive data: 9
[ 21406][E][WiFiUdp.cpp:221] parsePacket(): could not receive data: 9
[ 21412][E][WiFiUdp.cpp:221] parsePacket(): could not receive data: 9
[ 21418][E][WiFiUdp.cpp:221] parsePacket(): could not receive data: 9
[ 21424][E][WiFiUdp.cpp:221] parsePacket(): could not receive data: 9
[ 21430][E][WiFiUdp.cpp:221] parsePacket(): could not receive data: 9
[ 21436][E][WiFiUdp.cpp:221] parsePacket(): could not receive data: 9
[ 21442][E][WiFiUdp.cpp:221] parsePacket(): could not receive data: 9
[ 21448][E][WiFiUdp.cpp:221] parsePacket(): could not receive data: 9
[ 21454][E][WiFiUdp.cpp:221] parsePacket(): could not receive data: 9
[ 21460][E][WiFiUdp.cpp:221] parsePacket(): could not receive data: 9
[ 21466][E][WiFiUdp.cpp:221] parsePacket(): could not receive data: 9
[ 21472][E][WiFiUdp.cpp:221] parsePacket(): could not receive data: 9
[ 21478][E][WiFiUdp.cpp:221] parsePacket(): could not receive data: 9
[ 21484][E][WiFiUdp.cpp:221] parsePacket(): could not receive data: 9
[ 21489][E][WiFiUdp.cpp:221] parsePacket(): could not receive data: 9
[ 21495][E][WiFiUdp.cpp:221] parsePacket(): could not receive data: 9
[ 21501][E][WiFiUdp.cpp:221] parsePacket(): could not receive data: 9
[ 21507][E][WiFiUdp.cpp:221] parsePacket(): could not receive data: 9
[ 21513][E][WiFiUdp.cpp:221] parsePacket(): could not receive data: 9
[ 21519][E][WiFiUdp.cpp:221] parsePacket(): could not receive data: 9
[ 21525][E][WiFiUdp.cpp:221] parsePacket(): could not receive data: 9
[ 21531][E][WiFiUdp.cpp:221] parsePacket(): could not receive data: 9
[ 21537][E][WiFiUdp.cpp:221] parsePacket(): could not receive data: 9
[ 21543][E][WiFiUdp.cpp:221] parsePacket(): could not receive data: 9
[ 21549][E][WiFiUdp.cpp:221] parsePacket(): could not receive data: 9
[ 21555][E][WiFiUdp.cpp:221] parsePacket(): could not receive data: 9
[ 21561][E][WiFiUdp.cpp:221] parsePacket(): could not receive data: 9
[ 21567][E][WiFiUdp.cpp:221] parsePacket(): could not receive data: 9
[ 21573][E][WiFiUdp.cpp:221] parsePacket(): could not receive data: 9
[ 21579][E][WiFiUdp.cpp:221] parsePacket(): could not receive data: 9
[ 21585][E][WiFiUdp.cpp:221] parsePacket(): could not receive data: 9
[ 21591][E][WiFiUdp.cpp:221] parsePacket(): could not receive data: 9
[ 21597][E][WiFiUdp.cpp:221] parsePacket(): could not receive data: 9
[ 21603][E][WiFiUdp.cpp:221] parsePacket(): could not receive data: 9
[ 21609][E][WiFiUdp.cpp:221] parsePacket(): could not receive data: 9
[ 21615][E][WiFiUdp.cpp:221] parsePacket(): could not receive data: 9
[ 21621][E][WiFiUdp.cpp:221] parsePacket(): could not receive data: 9
[ 21627][E][WiFiUdp.cpp:221] parsePacket(): could not receive data: 9
[ 21633][E][WiFiUdp.cpp:221] parsePacket(): could not receive data: 9
[ 21639][E][WiFiUdp.cpp:221] parsePacket(): could not receive data: 9
[ 21645][E][WiFiUdp.cpp:221] parsePacket(): could not receive data: 9
[ 21651][E][WiFiUdp.cpp:221] parsePacket(): could not receive data: 9
[ 21657][E][WiFiUdp.cpp:221] parsePacket(): could not receive data: 9
[ 21663][E][WiFiUdp.cpp:221] parsePacket(): could not receive data: 9
[ 21669][E][WiFiUdp.cpp:221] parsePacket(): could not receive data: 9
[ 21675][E][WiFiUdp.cpp:221] parsePacket(): could not receive data: 9
[ 21681][E][WiFiUdp.cpp:221] parsePacket(): could not receive data: 9
[ 21687][E][WiFiUdp.cpp:221] parsePacket(): could not receive data: 9
[ 21693][E][WiFiUdp.cpp:221] parsePacket(): could not receive data: 9
[ 21699][E][WiFiUdp.cpp:221] parsePacket(): could not receive data: 9
[ 21705][E][WiFiUdp.cpp:221] parsePacket(): could not receive data: 9
[ 21711][E][WiFiUdp.cpp:221] parsePacket(): could not receive data: 9
[ 21717][E][WiFiUdp.cpp:221] parsePacket(): could not receive data: 9
[ 21723][E][WiFiUdp.cpp:221] parsePacket(): could not receive data: 9
[ 21729][E][WiFiUdp.cpp:221] parsePacket(): could not receive data: 9
[ 21735][E][WiFiUdp.cpp:221] parsePacket(): could not receive data: 9
[ 21741][E][WiFiUdp.cpp:221] parsePacket(): could not receive data: 9
[ 21747][E][WiFiUdp.cpp:221] parsePacket(): could not receive data: 9
[ 21753][E][WiFiUdp.cpp:221] parsePacket(): could not receive data: 9
[ 21759][E][WiFiUdp.cpp:221] parsePacket(): could not receive data: 9
[ 21765][E][WiFiUdp.cpp:221] parsePacket(): could not receive data: 9
[ 21771][E][WiFiUdp.cpp:221] parsePacket(): could not receive data: 9
[ 21777][E][WiFiUdp.cpp:221] parsePacket(): could not receive data: 9
[ 21783][E][WiFiUdp.cpp:221] parsePacket(): could not receive data: 9
[ 21789][E][WiFiUdp.cpp:221] parsePacket(): could not receive data: 9
[ 21795][E][WiFiUdp.cpp:221] parsePacket(): could not receive data: 9
[ 21801][E][WiFiUdp.cpp:221] parsePacket(): could not receive data: 9
[ 21807][E][WiFiUdp.cpp:221] parsePacket(): could not receive data: 9
[ 21813][E][WiFiUdp.cpp:221] parsePacket(): could not receive data: 9
[ 21819][E][WiFiUdp.cpp:221] parsePacket(): could not receive data: 9
[ 21825][E][WiFiUdp.cpp:221] parsePacket(): could not receive data: 9
[ 21831][E][WiFiUdp.cpp:221] parsePacket(): could not receive data: 9
[ 21837][E][WiFiUdp.cpp:221] parsePacket(): could not receive data: 9
[ 21843][E][WiFiUdp.cpp:221] parsePacket(): could not receive data: 9
[ 21849][E][WiFiUdp.cpp:221] parsePacket(): could not receive data: 9
[ 21855][E][WiFiUdp.cpp:221] parsePacket(): could not receive data: 9
[ 21861][E][WiFiUdp.cpp:221] parsePacket(): could not receive data: 9
[ 21867][E][WiFiUdp.cpp:221] parsePacket(): could not receive data: 9
[ 21873][E][WiFiUdp.cpp:221] parsePacket(): could not receive data: 9
[ 21879][E][WiFiUdp.cpp:221] parsePacket(): could not receive data: 9
[ 21885][E][WiFiUdp.cpp:221] parsePacket(): could not receive data: 9
[ 21891][E][WiFiUdp.cpp:221] parsePacket(): could not receive data: 9
[ 21897][E][WiFiUdp.cpp:221] parsePacket(): could not receive data: 9
[ 21903][E][WiFiUdp.cpp:221] parsePacket(): could not receive data: 9
[ 21909][E][WiFiUdp.cpp:221] parsePacket(): could not receive data: 9
[ 21915][E][WiFiUdp.cpp:221] parsePacket(): could not receive data: 9
[ 21921][E][WiFiUdp.cpp:221] parsePacket(): could not receive data: 9
[ 21927][E][WiFiUdp.cpp:221] parsePacket(): could not receive data: 9
[ 21933][E][WiFiUdp.cpp:221] parsePacket(): could not receive data: 9
[ 21939][E][WiFiUdp.cpp:221] parsePacket(): could not receive data: 9
[ 21945][E][WiFiUdp.cpp:221] parsePacket(): could not receive data: 9
[ 21951][E][WiFiUdp.cpp:221] parsePacket(): could not receive data: 9
[ 21957][E][WiFiUdp.cpp:221] parsePacket(): could not receive data: 9
[ 21963][E][WiFiUdp.cpp:221] parsePacket(): could not receive data: 9
[ 21969][E][WiFiUdp.cpp:221] parsePacket(): could not receive data: 9
[ 21975][E][WiFiUdp.cpp:221] parsePacket(): could not receive data: 9
[ 21981][E][WiFiUdp.cpp:221] parsePacket(): could not receive data: 9
[ 21987][E][WiFiUdp.cpp:221] parsePacket(): could not receive data: 9
[ 21993][E][WiFiUdp.cpp:221] parsePacket(): could not receive data: 9
[ 21999][E][WiFiUdp.cpp:221] parsePacket(): could not receive data: 9
[ 22005][E][WiFiUdp.cpp:221] parsePacket(): could not receive data: 9
[ 22011][E][WiFiUdp.cpp:221] parsePacket(): could not receive data: 9
[ 22017][E][WiFiUdp.cpp:221] parsePacket(): could not receive data: 9
[ 22023][E][WiFiUdp.cpp:221] parsePacket(): could not receive data: 9
[ 22029][E][WiFiUdp.cpp:221] parsePacket(): could not receive data: 9
[ 22035][E][WiFiUdp.cpp:221] parsePacket(): could not receive data: 9
[ 22041][E][WiFiUdp.cpp:221] parsePacket(): could not receive data: 9
[ 22047][E][WiFiUdp.cpp:221] parsePacket(): could not receive data: 9
[ 22053][E][WiFiUdp.cpp:221] parsePacket(): could not receive data: 9
[ 22059][E][WiFiUdp.cpp:221] parsePacket(): could not receive data: 9
[ 22065][E][WiFiUdp.cpp:221] parsePacket(): could not receive data: 9
[ 22071][E][WiFiUdp.cpp:221] parsePacket(): could not receive data: 9
[ 22077][E][WiFiUdp.cpp:221] parsePacket(): could not receive data: 9
[ 22083][E][WiFiUdp.cpp:221] parsePacket(): could not receive data: 9
[ 22089][E][WiFiUdp.cpp:221] parsePacket(): could not receive data: 9
[ 22095][E][WiFiUdp.cpp:221] parsePacket(): could not receive data: 9
[ 22101][E][WiFiUdp.cpp:221] parsePacket(): could not receive data: 9
[ 22107][E][WiFiUdp.cpp:221] parsePacket(): could not receive data: 9
[ 22113][E][WiFiUdp.cpp:221] parsePacket(): could not receive data: 9
[ 22119][E][WiFiUdp.cpp:221] parsePacket(): could not receive data: 9
[ 22125][E][WiFiUdp.cpp:221] parsePacket(): could not receive data: 9
[ 22131][E][WiFiUdp.cpp:221] parsePacket(): could not receive data: 9
[ 22137][E][WiFiUdp.cpp:221] parsePacket(): could not receive data: 9
[ 22143][E][WiFiUdp.cpp:221] parsePacket(): could not receive data: 9
[ 22149][E][WiFiUdp.cpp:221] parsePacket(): could not receive data: 9
[ 22155][E][WiFiUdp.cpp:221] parsePacket(): could not receive data: 9
[ 22161][E][WiFiUdp.cpp:221] parsePacket(): could not receive data: 9
[ 22167][E][WiFiUdp.cpp:221] parsePacket(): could not receive data: 9
[ 22173][E][WiFiUdp.cpp:221] parsePacket(): could not receive data: 9
[ 22179][E][WiFiUdp.cpp:221] parsePacket(): could not receive data: 9
[ 22185][E][WiFiUdp.cpp:221] parsePacket(): could not receive data: 9
[ 22190][E][WiFiUdp.cpp:221] parsePacket(): could not receive data: 9
[ 22195][E][WiFiUdp.cpp:221] parsePacket(): could not receive data: 9
[ 22201][E][WiFiUdp.cpp:221] parsePacket(): could not receive data: 9
[ 22207][E][WiFiUdp.cpp:221] parsePacket(): could not receive data: 9
[ 22212][E][WiFiUdp.cpp:221] parsePacket(): could not receive data: 9
[ 22218][E][WiFiUdp.cpp:221] parsePacket(): could not receive data: 9
[ 22224][E][WiFiUdp.cpp:221] parsePacket(): could not receive data: 9
[ 22230][E][WiFiUdp.cpp:221] parsePacket(): could not receive data: 9
[ 22236][E][WiFiUdp.cpp:221] parsePacket(): could not receive data: 9
[ 22242][E][WiFiUdp.cpp:221] parsePacket(): could not receive data: 9
[ 22248][E][WiFiUdp.cpp:221] parsePacket(): could not receive data: 9
[ 22253][E][WiFiUdp.cpp:221] parsePacket(): could not receive data: 9
[ 22259][E][WiFiUdp.cpp:221] parsePacket(): could not receive data: 9
[ 22265][E][WiFiUdp.cpp:221] parsePacket(): could not receive data: 9
[ 22271][E][WiFiUdp.cpp:221] parsePacket(): could not receive data: 9
[ 22276][E][WiFiUdp.cpp:221] parsePacket(): could not receive data: 9
[ 22282][E][WiFiUdp.cpp:221] parsePacket(): could not receive data: 9
[ 22288][E][WiFiUdp.cpp:221] parsePacket(): could not receive data: 9
[ 22294][E][WiFiUdp.cpp:221] parsePacket(): could not receive data: 9
[ 22300][E][WiFiUdp.cpp:221] parsePacket(): could not receive data: 9
[ 22306][E][WiFiUdp.cpp:221] parsePacket(): could not receive data: 9
[ 22312][E][WiFiUdp.cpp:221] parsePacket(): could not receive data: 9
[ 22318][E][WiFiUdp.cpp:221] parsePacket(): could not receive data: 9
[ 22324][E][WiFiUdp.cpp:221] parsePacket(): could not receive data: 9
[ 22330][E][WiFiUdp.cpp:221] parsePacket(): could not receive data: 9
[ 22336][E][WiFiUdp.cpp:221] parsePacket(): could not receive data: 9
[ 22342][E][WiFiUdp.cpp:221] parsePacket(): could not receive data: 9
[ 22348][E][WiFiUdp.cpp:221] parsePacket(): could not receive data: 9
[ 22354][E][WiFiUdp.cpp:221] parsePacket(): could not receive data: 9
[ 22360][E][WiFiUdp.cpp:221] parsePacket(): could not receive data: 9
[ 22366][E][WiFiUdp.cpp:221] parsePacket(): could not receive data: 9
[ 22372][E][WiFiUdp.cpp:221] parsePacket(): could not receive data: 9
[ 22377][E][WiFiUdp.cpp:221] parsePacket(): could not receive data: 9
[ 22383][E][WiFiUdp.cpp:221] parsePacket(): could not receive data: 9
[ 22389][E][WiFiUdp.cpp:221] parsePacket(): could not receive data: 9
[ 22395][E][WiFiUdp.cpp:221] parsePacket(): could not receive data: 9
[ 22401][E][WiFiUdp.cpp:221] parsePacket(): could not receive data: 9
[ 22407][E][WiFiUdp.cpp:221] parsePacket(): could not receive data: 9
[ 22413][E][WiFiUdp.cpp:221] parsePacket(): could not receive data: 9
[ 22419][E][WiFiUdp.cpp:221] parsePacket(): could not receive data: 9
[ 22425][E][WiFiUdp.cpp:221] parsePacket(): could not receive data: 9
[ 22431][E][WiFiUdp.cpp:221] parsePacket(): could not receive data: 9
[ 22437][E][WiFiUdp.cpp:221] parsePacket(): could not receive data: 9
[ 22443][E][WiFiUdp.cpp:221] parsePacket(): could not receive data: 9
[ 22449][E][WiFiUdp.cpp:221] parsePacket(): could not receive data: 9
[ 22455][E][WiFiUdp.cpp:221] parsePacket(): could not receive data: 9
[ 22461][E][WiFiUdp.cpp:221] parsePacket(): could not receive data: 9
[ 22467][E][WiFiUdp.cpp:221] parsePacket(): could not receive data: 9
[ 22473][E][WiFiUdp.cpp:221] parsePacket(): could not receive data: 9
[ 22479][E][WiFiUdp.cpp:221] parsePacket(): could not receive data: 9
[ 22485][E][WiFiUdp.cpp:221] parsePacket(): could not receive data: 9
[ 22491][E][WiFiUdp.cpp:221] parsePacket(): could not receive data: 9
[ 22497][E][WiFiUdp.cpp:221] parsePacket(): could not receive data: 9
[ 22503][E][WiFiUdp.cpp:221] parsePacket(): could not receive data: 9
[ 22509][E][WiFiUdp.cpp:221] parsePacket(): could not receive data: 9
[ 22515][E][WiFiUdp.cpp:221] parsePacket(): could not receive data: 9
[ 22521][E][WiFiUdp.cpp:221] parsePacket(): could not receive data: 9
[ 22527][E][WiFiUdp.cpp:221] parsePacket(): could not receive data: 9
[ 22533][E][WiFiUdp.cpp:221] parsePacket(): could not receive data: 9
[ 22539][E][WiFiUdp.cpp:221] parsePacket(): could not receive data: 9
[ 22545][E][WiFiUdp.cpp:221] parsePacket(): could not receive data: 9
[ 22551][E][WiFiUdp.cpp:221] parsePacket(): could not receive data: 9
[ 22557][E][WiFiUdp.cpp:221] parsePacket(): could not receive data: 9
[ 22563][E][WiFiUdp.cpp:221] parsePacket(): could not receive data: 9
[ 22569][E][WiFiUdp.cpp:221] parsePacket(): could not receive data: 9
[ 22575][E][WiFiUdp.cpp:221] parsePacket(): could not receive data: 9
[ 22581][E][WiFiUdp.cpp:221] parsePacket(): could not receive data: 9
[ 22587][E][WiFiUdp.cpp:221] parsePacket(): could not receive data: 9
[ 22593][E][WiFiUdp.cpp:221] parsePacket(): could not receive data: 9
[ 22599][E][WiFiUdp.cpp:221] parsePacket(): could not receive data: 9
[ 22605][E][WiFiUdp.cpp:221] parsePacket(): could not receive data: 9
[ 22611][E][WiFiUdp.cpp:221] parsePacket(): could not receive data: 9
[ 22617][E][WiFiUdp.cpp:221] parsePacket(): could not receive data: 9
[ 22623][E][WiFiUdp.cpp:221] parsePacket(): could not receive data: 9
[ 22629][E][WiFiUdp.cpp:221] parsePacket(): could not receive data: 9
[ 22635][E][WiFiUdp.cpp:221] parsePacket(): could not receive data: 9
[ 22641][E][WiFiUdp.cpp:221] parsePacket(): could not receive data: 9
[ 22647][E][WiFiUdp.cpp:221] parsePacket(): could not receive data: 9
[ 22653][E][WiFiUdp.cpp:221] parsePacket(): could not receive data: 9
[ 22659][E][WiFiUdp.cpp:221] parsePacket(): could not receive data: 9
[ 22665][E][WiFiUdp.cpp:221] parsePacket(): could not receive data: 9
[ 22671][E][WiFiUdp.cpp:221] parsePacket(): could not receive data: 9
[ 22677][E][WiFiUdp.cpp:221] parsePacket(): could not receive data: 9
[ 22683][E][WiFiUdp.cpp:221] parsePacket(): could not receive data: 9
[ 22689][E][WiFiUdp.cpp:221] parsePacket(): could not receive data: 9
[ 22695][E][WiFiUdp.cpp:221] parsePacket(): could not receive data: 9
[ 22701][E][WiFiUdp.cpp:221] parsePacket(): could not receive data: 9
[ 22707][E][WiFiUdp.cpp:221] parsePacket(): could not receive data: 9
[ 22713][E][WiFiUdp.cpp:221] parsePacket(): could not receive data: 9
[ 22719][E][WiFiUdp.cpp:221] parsePacket(): could not receive data: 9
[ 22725][E][WiFiUdp.cpp:221] parsePacket(): could not receive data: 9
[ 22731][E][WiFiUdp.cpp:221] parsePacket(): could not receive data: 9
[ 22737][E][WiFiUdp.cpp:221] parsePacket(): could not receive data: 9
[ 22743][E][WiFiUdp.cpp:221] parsePacket(): could not receive data: 9
[ 22749][E][WiFiUdp.cpp:221] parsePacket(): could not receive data: 9
[ 22755][E][WiFiUdp.cpp:221] parsePacket(): could not receive data: 9
[ 22761][E][WiFiUdp.cpp:221] parsePacket(): could not receive data: 9
[ 22767][E][WiFiUdp.cpp:221] parsePacket(): could not receive data: 9
[ 22772][E][WiFiUdp.cpp:221] parsePacket(): could not receive data: 9
[ 22778][E][WiFiUdp.cpp:221] parsePacket(): could not receive data: 9
[ 22784][E][WiFiUdp.cpp:221] parsePacket(): could not receive data: 9
[ 22790][E][WiFiUdp.cpp:221] parsePacket(): could not receive data: 9
[ 22796][E][WiFiUdp.cpp:221] parsePacket(): could not receive data: 9
[ 22802][E][WiFiUdp.cpp:221] parsePacket(): could not receive data: 9
[ 22808][E][WiFiUdp.cpp:221] parsePacket(): could not receive data: 9
[ 22814][E][WiFiUdp.cpp:221] parsePacket(): could not receive data: 9
[ 22820][E][WiFiUdp.cpp:221] parsePacket(): could not receive data: 9
[ 22826][E][WiFiUdp.cpp:221] parsePacket(): could not receive data: 9
[ 22832][E][WiFiUdp.cpp:221] parsePacket(): could not receive data: 9
[ 22838][E][WiFiUdp.cpp:221] parsePacket(): could not receive data: 9
[ 22844][E][WiFiUdp.cpp:221] parsePacket(): could not receive data: 9
[ 22850][E][WiFiUdp.cpp:221] parsePacket(): could not receive data: 9
[ 22856][E][WiFiUdp.cpp:221] parsePacket(): could not receive data: 9
[ 22862][E][WiFiUdp.cpp:221] parsePacket(): could not receive data: 9
[ 22868][E][WiFiUdp.cpp:221] parsePacket(): could not receive data: 9
[ 22874][E][WiFiUdp.cpp:221] parsePacket(): could not receive data: 9
[ 22880][E][WiFiUdp.cpp:221] parsePacket(): could not receive data: 9
[ 22886][E][WiFiUdp.cpp:221] parsePacket(): could not receive data: 9
[ 22892][E][WiFiUdp.cpp:221] parsePacket(): could not receive data: 9
[ 22898][E][WiFiUdp.cpp:221] parsePacket(): could not receive data: 9
[ 22904][E][WiFiUdp.cpp:221] parsePacket(): could not receive data: 9
[ 22910][E][WiFiUdp.cpp:221] parsePacket(): could not receive data: 9
[ 22916][E][WiFiUdp.cpp:221] parsePacket(): could not receive data: 9
[ 22922][E][WiFiUdp.cpp:221] parsePacket(): could not receive data: 9
[ 22928][E][WiFiUdp.cpp:221] parsePacket(): could not receive data: 9
[ 22934][E][WiFiUdp.cpp:221] parsePacket(): could not receive data: 9
[ 22940][E][WiFiUdp.cpp:221] parsePacket(): could not receive data: 9
[ 22946][E][WiFiUdp.cpp:221] parsePacket(): could not receive data: 9
[ 22952][E][WiFiUdp.cpp:221] parsePacket(): could not receive data: 9
[ 22958][E][WiFiUdp.cpp:221] parsePacket(): could not receive data: 9
[ 22964][E][WiFiUdp.cpp:221] parsePacket(): could not receive data: 9
[ 22970][E][WiFiUdp.cpp:221] parsePacket(): could not receive data: 9
[ 22976][E][WiFiUdp.cpp:221] parsePacket(): could not receive data: 9
[ 22982][E][WiFiUdp.cpp:221] parsePacket(): could not receive data: 9
[ 22988][E][WiFiUdp.cpp:221] parsePacket(): could not receive data: 9
[ 22994][E][WiFiUdp.cpp:221] parsePacket(): could not receive data: 9
[ 23000][E][WiFiUdp.cpp:221] parsePacket(): could not receive data: 9
[ 23006][E][WiFiUdp.cpp:221] parsePacket(): could not receive data: 9
[ 23012][E][WiFiUdp.cpp:221] parsePacket(): could not receive data: 9
[ 23018][E][WiFiUdp.cpp:221] parsePacket(): could not receive data: 9
[ 23024][E][WiFiUdp.cpp:221] parsePacket(): could not receive data: 9
[ 23030][E][WiFiUdp.cpp:221] parsePacket(): could not receive data: 9
[ 23036][E][WiFiUdp.cpp:221] parsePacket(): could not receive data: 9
[ 23042][E][WiFiUdp.cpp:221] parsePacket(): could not receive data: 9
[ 23048][E][WiFiUdp.cpp:221] parsePacket(): could not receive data: 9
[ 23054][E][WiFiUdp.cpp:221] parsePacket(): could not receive data: 9
[ 23060][E][WiFiUdp.cpp:221] parsePacket(): could not receive data: 9
[ 23066][E][WiFiUdp.cpp:221] parsePacket(): could not receive data: 9
[ 23074][E][WiFiUdp.cpp:221] parsePacket(): could not receive data: 9
[ 23080][E][WiFiUdp.cpp:221] parsePacket(): could not receive data: 9
[ 23086][E][WiFiUdp.cpp:221] parsePacket(): could not receive data: 9
[ 23092][E][WiFiUdp.cpp:221] parsePacket(): could not receive data: 9
[ 23098][E][WiFiUdp.cpp:221] parsePacket(): could not receive data: 9
[ 23104][E][WiFiUdp.cpp:221] parsePacket(): could not receive data: 9
[ 23110][E][WiFiUdp.cpp:221] parsePacket(): could not receive data: 9
[ 23116][E][WiFiUdp.cpp:221] parsePacket(): could not receive data: 9
[ 23122][E][WiFiUdp.cpp:221] parsePacket(): could not receive data: 9
[ 23128][E][WiFiUdp.cpp:221] parsePacket(): could not receive data: 9
[ 23134][E][WiFiUdp.cpp:221] parsePacket(): could not receive data: 9
[ 23140][E][WiFiUdp.cpp:221] parsePacket(): could not receive data: 9
[ 23146][E][WiFiUdp.cpp:221] parsePacket(): could not receive data: 9
[ 23152][E][WiFiUdp.cpp:221] parsePacket(): could not receive data: 9
[ 23158][E][WiFiUdp.cpp:221] parsePacket(): could not receive data: 9
[ 23164][E][WiFiUdp.cpp:221] parsePacket(): could not receive data: 9
[ 23170][E][WiFiUdp.cpp:221] parsePacket(): could not receive data: 9
[ 23176][E][WiFiUdp.cpp:221] parsePacket(): could not receive data: 9
[ 23182][E][WiFiUdp.cpp:221] parsePacket(): could not receive data: 9
[ 23188][E][WiFiUdp.cpp:221] parsePacket(): could not receive data: 9
[ 23194][E][WiFiUdp.cpp:221] parsePacket(): could not receive data: 9
[ 23200][E][WiFiUdp.cpp:221] parsePacket(): could not receive data: 9
[ 23206][E][WiFiUdp.cpp:221] parsePacket(): could not receive data: 9
[ 23212][E][WiFiUdp.cpp:221] parsePacket(): could not receive data: 9
[ 23218][E][WiFiUdp.cpp:221] parsePacket(): could not receive data: 9
[ 23224][E][WiFiUdp.cpp:221] parsePacket(): could not receive data: 9
[ 23230][E][WiFiUdp.cpp:221] parsePacket(): could not receive data: 9
[ 23236][E][WiFiUdp.cpp:221] parsePacket(): could not receive data: 9
[ 23242][E][WiFiUdp.cpp:221] parsePacket(): could not receive data: 9
[ 23248][E][WiFiUdp.cpp:221] parsePacket(): could not receive data: 9
[ 23254][E][WiFiUdp.cpp:221] parsePacket(): could not receive data: 9
[ 23260][E][WiFiUdp.cpp:221] parsePacket(): could not receive data: 9
[ 23266][E][WiFiUdp.cpp:221] parsePacket(): could not receive data: 9
[ 23272][E][WiFiUdp.cpp:221] parsePacket(): could not receive data: 9
[ 23278][E][WiFiUdp.cpp:221] parsePacket(): could not receive data: 9
[ 23284][E][WiFiUdp.cpp:221] parsePacket(): could not receive data: 9
[ 23290][E][WiFiUdp.cpp:221] parsePacket(): could not receive data: 9
[ 23296][E][WiFiUdp.cpp:221] parsePacket(): could not receive data: 9
[ 23302][E][WiFiUdp.cpp:221] parsePacket(): could not receive data: 9
[ 23308][E][WiFiUdp.cpp:221] parsePacket(): could not receive data: 9
[ 23314][E][WiFiUdp.cpp:221] parsePacket(): could not receive data: 9
[ 23320][E][WiFiUdp.cpp:221] parsePacket(): could not receive data: 9
[ 23326][E][WiFiUdp.cpp:221] parsePacket(): could not receive data: 9
[ 23332][E][WiFiUdp.cpp:221] parsePacket(): could not receive data: 9
[ 23338][E][WiFiUdp.cpp:221] parsePacket(): could not receive data: 9
[ 23344][E][WiFiUdp.cpp:221] parsePacket(): could not receive data: 9
[ 23350][E][WiFiUdp.cpp:221] parsePacket(): could not receive data: 9
[ 23356][E][WiFiUdp.cpp:221] parsePacket(): could not receive data: 9
[ 23362][E][WiFiUdp.cpp:221] parsePacket(): could not receive data: 9
[ 23368][E][WiFiUdp.cpp:221] parsePacket(): could not receive data: 9
[ 23374][E][WiFiUdp.cpp:221] parsePacket(): could not receive data: 9
[ 23380][E][WiFiUdp.cpp:221] parsePacket(): could not receive data: 9
[ 23386][E][WiFiUdp.cpp:221] parsePacket(): could not receive data: 9
[ 23392][E][WiFiUdp.cpp:221] parsePacket(): could not receive data: 9
[ 23398][E][WiFiUdp.cpp:221] parsePacket(): could not receive data: 9
[ 23404][E][WiFiUdp.cpp:221] parsePacket(): could not receive data: 9
[ 23410][E][WiFiUdp.cpp:221] parsePacket(): could not receive data: 9
[ 23416][E][WiFiUdp.cpp:221] parsePacket(): could not receive data: 9
[ 23422][E][WiFiUdp.cpp:221] parsePacket(): could not receive data: 9
[ 23428][E][WiFiUdp.cpp:221] parsePacket(): could not receive data: 9
[ 23434][E][WiFiUdp.cpp:221] parsePacket(): could not receive data: 9
[ 23440][E][WiFiUdp.cpp:221] parsePacket(): could not receive data: 9
[ 23446][E][WiFiUdp.cpp:221] parsePacket(): could not receive data: 9
[ 23452][E][WiFiUdp.cpp:221] parsePacket(): could not receive data: 9
[ 23458][E][WiFiUdp.cpp:221] parsePacket(): could not receive data: 9
[ 23464][E][WiFiUdp.cpp:221] parsePacket(): could not receive data: 9
[ 23470][E][WiFiUdp.cpp:221] parsePacket(): could not receive data: 9
[ 23476][E][WiFiUdp.cpp:221] parsePacket(): could not receive data: 9
[ 23482][E][WiFiUdp.cpp:221] parsePacket(): could not receive data: 9
[ 23488][E][WiFiUdp.cpp:221] parsePacket(): could not receive data: 9
[ 23494][E][WiFiUdp.cpp:221] parsePacket(): could not receive data: 9
[ 23500][E][WiFiUdp.cpp:221] parsePacket(): could not receive data: 9
[ 23506][E][WiFiUdp.cpp:221] parsePacket(): could not receive data: 9
[ 23512][E][WiFiUdp.cpp:221] parsePacket(): could not receive data: 9
[ 23518][E][WiFiUdp.cpp:221] parsePacket(): could not receive data: 9
[ 23524][E][WiFiUdp.cpp:221] parsePacket(): could not receive data: 9
[ 23530][E][WiFiUdp.cpp:221] parsePacket(): could not receive data: 9
[ 23536][E][WiFiUdp.cpp:221] parsePacket(): could not receive data: 9
[ 23542][E][WiFiUdp.cpp:221] parsePacket(): could not receive data: 9
[ 23548][E][WiFiUdp.cpp:221] parsePacket(): could not receive data: 9
[ 23554][E][WiFiUdp.cpp:221] parsePacket(): could not receive data: 9
[ 23560][E][WiFiUdp.cpp:221] parsePacket(): could not receive data: 9
[ 23566][E][WiFiUdp.cpp:221] parsePacket(): could not receive data: 9
[ 23572][E][WiFiUdp.cpp:221] parsePacket(): could not receive data: 9
[ 23578][E][WiFiUdp.cpp:221] parsePacket(): could not receive data: 9
[ 23584][E][WiFiUdp.cpp:221] parsePacket(): could not receive data: 9
[ 23590][E][WiFiUdp.cpp:221] parsePacket(): could not receive data: 9
[ 23596][E][WiFiUdp.cpp:221] parsePacket(): could not receive data: 9
[ 23602][E][WiFiUdp.cpp:221] parsePacket(): could not receive data: 9
[ 23608][E][WiFiUdp.cpp:221] parsePacket(): could not receive data: 9
[ 23614][E][WiFiUdp.cpp:221] parsePacket(): could not receive data: 9
[ 23620][E][WiFiUdp.cpp:221] parsePacket(): could not receive data: 9
[ 23626][E][WiFiUdp.cpp:221] parsePacket(): could not receive data: 9
[ 23632][E][WiFiUdp.cpp:221] parsePacket(): could not receive data: 9
[ 23638][E][WiFiUdp.cpp:221] parsePacket(): could not receive data: 9
[ 23644][E][WiFiUdp.cpp:221] parsePacket(): could not receive data: 9
[ 23650][E][WiFiUdp.cpp:221] parsePacket(): could not receive data: 9
[ 23656][E][WiFiUdp.cpp:221] parsePacket(): could not receive data: 9
[ 23662][E][WiFiUdp.cpp:221] parsePacket(): could not receive data: 9
[ 23668][E][WiFiUdp.cpp:221] parsePacket(): could not receive data: 9
[ 23674][E][WiFiUdp.cpp:221] parsePacket(): could not receive data: 9
[ 23680][E][WiFiUdp.cpp:221] parsePacket(): could not receive data: 9
[ 23686][E][WiFiUdp.cpp:221] parsePacket(): could not receive data: 9
[ 23692][E][WiFiUdp.cpp:221] parsePacket(): could not receive data: 9
[ 23698][E][WiFiUdp.cpp:221] parsePacket(): could not receive data: 9
[ 23704][E][WiFiUdp.cpp:221] parsePacket(): could not receive data: 9
[ 23710][E][WiFiUdp.cpp:221] parsePacket(): could not receive data: 9
[ 23716][E][WiFiUdp.cpp:221] parsePacket(): could not receive data: 9
[ 23722][E][WiFiUdp.cpp:221] parsePacket(): could not receive data: 9
[ 23728][E][WiFiUdp.cpp:221] parsePacket(): could not receive data: 9
[ 23734][E][WiFiUdp.cpp:221] parsePacket(): could not receive data: 9
[ 23740][E][WiFiUdp.cpp:221] parsePacket(): could not receive data: 9
[ 23746][E][WiFiUdp.cpp:221] parsePacket(): could not receive data: 9
[ 23752][E][WiFiUdp.cpp:221] parsePacket(): could not receive data: 9
[ 23758][E][WiFiUdp.cpp:221] parsePacket(): could not receive data: 9
[ 23764][E][WiFiUdp.cpp:221] parsePacket(): could not receive data: 9
[ 23770][E][WiFiUdp.cpp:221] parsePacket(): could not receive data: 9
[ 23776][E][WiFiUdp.cpp:221] parsePacket(): could not receive data: 9
[ 23782][E][WiFiUdp.cpp:221] parsePacket(): could not receive data: 9
[ 23788][E][WiFiUdp.cpp:221] parsePacket(): could not receive data: 9
[ 23794][E][WiFiUdp.cpp:221] parsePacket(): could not receive data: 9
[ 23800][E][WiFiUdp.cpp:221] parsePacket(): could not receive data: 9
[ 23806][E][WiFiUdp.cpp:221] parsePacket(): could not receive data: 9
[ 23812][E][WiFiUdp.cpp:221] parsePacket(): could not receive data: 9
[ 23818][E][WiFiUdp.cpp:221] parsePacket(): could not receive data: 9
[ 23824][E][WiFiUdp.cpp:221] parsePacket(): could not receive data: 9
[ 23830][E][WiFiUdp.cpp:221] parsePacket(): could not receive data: 9
[ 23836][E][WiFiUdp.cpp:221] parsePacket(): could not receive data: 9
[ 23842][E][WiFiUdp.cpp:221] parsePacket(): could not receive data: 9
[ 23848][E][WiFiUdp.cpp:221] parsePacket(): could not receive data: 9
[ 23854][E][WiFiUdp.cpp:221] parsePacket(): could not receive data: 9
[ 23860][E][WiFiUdp.cpp:221] parsePacket(): could not receive data: 9
[ 23866][E][WiFiUdp.cpp:221] parsePacket(): could not receive data: 9
[ 23872][E][WiFiUdp.cpp:221] parsePacket(): could not receive data: 9
[ 23878][E][WiFiUdp.cpp:221] parsePacket(): could not receive data: 9
[ 23884][E][WiFiUdp.cpp:221] parsePacket(): could not receive data: 9
[ 23890][E][WiFiUdp.cpp:221] parsePacket(): could not receive data: 9
[ 23896][E][WiFiUdp.cpp:221] parsePacket(): could not receive data: 9
[ 23902][E][WiFiUdp.cpp:221] parsePacket(): could not receive data: 9
[ 23908][E][WiFiUdp.cpp:221] parsePacket(): could not receive data: 9
[ 23914][E][WiFiUdp.cpp:221] parsePacket(): could not receive data: 9
[ 23920][E][WiFiUdp.cpp:221] parsePacket(): could not receive data: 9
[ 23926][E][WiFiUdp.cpp:221] parsePacket(): could not receive data: 9
[ 23932][E][WiFiUdp.cpp:221] parsePacket(): could not receive data: 9
[ 23938][E][WiFiUdp.cpp:221] parsePacket(): could not receive data: 9
[ 23944][E][WiFiUdp.cpp:221] parsePacket(): could not receive data: 9
[ 23950][E][WiFiUdp.cpp:221] parsePacket(): could not receive data: 9
[ 23956][E][WiFiUdp.cpp:221] parsePacket(): could not receive data: 9
[ 23962][E][WiFiUdp.cpp:221] parsePacket(): could not receive data: 9
[ 23968][E][WiFiUdp.cpp:221] parsePacket(): could not receive data: 9
[ 23974][E][WiFiUdp.cpp:221] parsePacket(): could not receive data: 9
[ 23980][E][WiFiUdp.cpp:221] parsePacket(): could not receive data: 9
[ 23986][E][WiFiUdp.cpp:221] parsePacket(): could not receive data: 9
[ 23992][E][WiFiUdp.cpp:221] parsePacket(): could not receive data: 9
[ 23998][E][WiFiUdp.cpp:221] parsePacket(): could not receive data: 9
[ 24004][E][WiFiUdp.cpp:221] parsePacket(): could not receive data: 9
[ 24010][E][WiFiUdp.cpp:221] parsePacket(): could not receive data: 9
[ 24016][E][WiFiUdp.cpp:221] parsePacket(): could not receive data: 9
[ 24022][E][WiFiUdp.cpp:221] parsePacket(): could not receive data: 9
[ 24028][E][WiFiUdp.cpp:221] parsePacket(): could not receive data: 9
[ 24034][E][WiFiUdp.cpp:221] parsePacket(): could not receive data: 9
[ 24040][E][WiFiUdp.cpp:221] parsePacket(): could not receive data: 9
[ 24046][E][WiFiUdp.cpp:221] parsePacket(): could not receive data: 9
[ 24052][E][WiFiUdp.cpp:221] parsePacket(): could not receive data: 9
[ 24058][E][WiFiUdp.cpp:221] parsePacket(): could not receive data: 9
[ 24064][E][WiFiUdp.cpp:221] parsePacket(): could not receive data: 9
[ 24070][E][WiFiUdp.cpp:221] parsePacket(): could not receive data: 9
[ 24076][E][WiFiUdp.cpp:221] parsePacket(): could not receive data: 9
[ 24082][E][WiFiUdp.cpp:221] parsePacket(): could not receive data: 9
[ 24088][E][WiFiUdp.cpp:221] parsePacket(): could not receive data: 9
[ 24094][E][WiFiUdp.cpp:221] parsePacket(): could not receive data: 9
[ 24100][E][WiFiUdp.cpp:221] parsePacket(): could not receive data: 9
[ 24106][E][WiFiUdp.cpp:221] parsePacket(): could not receive data: 9
[ 24112][E][WiFiUdp.cpp:221] parsePacket(): could not receive data: 9
[ 24118][E][WiFiUdp.cpp:221] parsePacket(): could not receive data: 9
[ 24124][E][WiFiUdp.cpp:221] parsePacket(): could not receive data: 9
[ 24130][E][WiFiUdp.cpp:221] parsePacket(): could not receive data: 9
[ 24136][E][WiFiUdp.cpp:221] parsePacket(): could not receive data: 9
[ 24142][E][WiFiUdp.cpp:221] parsePacket(): could not receive data: 9
[ 24148][E][WiFiUdp.cpp:221] parsePacket(): could not receive data: 9
[ 24154][E][WiFiUdp.cpp:221] parsePacket(): could not receive data: 9
[ 24159][E][WiFiUdp.cpp:221] parsePacket(): could not receive data: 9
[ 24166][E][WiFiUdp.cpp:221] parsePacket(): could not receive data: 9
[ 24172][E][WiFiUdp.cpp:221] parsePacket(): could not receive data: 9
[ 24177][E][WiFiUdp.cpp:221] parsePacket(): could not receive data: 9
[ 24183][E][WiFiUdp.cpp:221] parsePacket(): could not receive data: 9
[ 24189][E][WiFiUdp.cpp:221] parsePacket(): could not receive data: 9
[ 24195][E][WiFiUdp.cpp:221] parsePacket(): could not receive data: 9
[ 24201][E][WiFiUdp.cpp:221] parsePacket(): could not receive data: 9
[ 24207][E][WiFiUdp.cpp:221] parsePacket(): could not receive data: 9
[ 24213][E][WiFiUdp.cpp:221] parsePacket(): could not receive data: 9
[ 24219][E][WiFiUdp.cpp:221] parsePacket(): could not receive data: 9
[ 24225][E][WiFiUdp.cpp:221] parsePacket(): could not receive data: 9
[ 24231][E][WiFiUdp.cpp:221] parsePacket(): could not receive data: 9
[ 24237][E][WiFiUdp.cpp:221] parsePacket(): could not receive data: 9
[ 24243][E][WiFiUdp.cpp:221] parsePacket(): could not receive data: 9
[ 24249][E][WiFiUdp.cpp:221] parsePacket(): could not receive data: 9
[ 24255][E][WiFiUdp.cpp:221] parsePacket(): could not receive data: 9
[ 24261][E][WiFiUdp.cpp:221] parsePacket(): could not receive data: 9
[ 24267][E][WiFiUdp.cpp:221] parsePacket(): could not receive data: 9
[ 24273][E][WiFiUdp.cpp:221] parsePacket(): could not receive data: 9
[ 24279][E][WiFiUdp.cpp:221] parsePacket(): could not receive data: 9
[ 24285][E][WiFiUdp.cpp:221] parsePacket(): could not receive data: 9
[ 24291][E][WiFiUdp.cpp:221] parsePacket(): could not receive data: 9
[ 24297][E][WiFiUdp.cpp:221] parsePacket(): could not receive data: 9
[ 24303][E][WiFiUdp.cpp:221] parsePacket(): could not receive data: 9
[ 24309][E][WiFiUdp.cpp:221] parsePacket(): could not receive data: 9
[ 24315][E][WiFiUdp.cpp:221] parsePacket(): could not receive data: 9
[ 24321][E][WiFiUdp.cpp:221] parsePacket(): could not receive data: 9
[ 24327][E][WiFiUdp.cpp:221] parsePacket(): could not receive data: 9
[ 24333][E][WiFiUdp.cpp:221] parsePacket(): could not receive data: 9
[ 24339][E][WiFiUdp.cpp:221] parsePacket(): could not receive data: 9
[ 24345][E][WiFiUdp.cpp:221] parsePacket(): could not receive data: 9
[ 24351][E][WiFiUdp.cpp:221] parsePacket(): could not receive data: 9
[ 24357][E][WiFiUdp.cpp:221] parsePacket(): could not receive data: 9
[ 24363][E][WiFiUdp.cpp:221] parsePacket(): could not receive data: 9
[ 24369][E][WiFiUdp.cpp:221] parsePacket(): could not receive data: 9
[ 24375][E][WiFiUdp.cpp:221] parsePacket(): could not receive data: 9
[ 24381][E][WiFiUdp.cpp:221] parsePacket(): could not receive data: 9
[ 24387][E][WiFiUdp.cpp:221] parsePacket(): could not receive data: 9
[ 24393][E][WiFiUdp.cpp:221] parsePacket(): could not receive data: 9
[ 24399][E][WiFiUdp.cpp:221] parsePacket(): could not receive data: 9
[ 24405][E][WiFiUdp.cpp:221] parsePacket(): could not receive data: 9
[ 24411][E][WiFiUdp.cpp:221] parsePacket(): could not receive data: 9
[ 24417][E][WiFiUdp.cpp:221] parsePacket(): could not receive data: 9
[ 24423][E][WiFiUdp.cpp:221] parsePacket(): could not receive data: 9
[ 24429][E][WiFiUdp.cpp:221] parsePacket(): could not receive data: 9
[ 24435][E][WiFiUdp.cpp:221] parsePacket(): could not receive data: 9
[ 24441][E][WiFiUdp.cpp:221] parsePacket(): could not receive data: 9
[ 24447][E][WiFiUdp.cpp:221] parsePacket(): could not receive data: 9
[ 24453][E][WiFiUdp.cpp:221] parsePacket(): could not receive data: 9
[ 24459][E][WiFiUdp.cpp:221] parsePacket(): could not receive data: 9
[ 24465][E][WiFiUdp.cpp:221] parsePacket(): could not receive data: 9
[ 24471][E][WiFiUdp.cpp:221] parsePacket(): could not receive data: 9
[ 24477][E][WiFiUdp.cpp:221] parsePacket(): could not receive data: 9
[ 24483][E][WiFiUdp.cpp:221] parsePacket(): could not receive data: 9
[ 24489][E][WiFiUdp.cpp:221] parsePacket(): could not receive data: 9
[ 24495][E][WiFiUdp.cpp:221] parsePacket(): could not receive data: 9
[ 24501][E][WiFiUdp.cpp:221] parsePacket(): could not receive data: 9
[ 24507][E][WiFiUdp.cpp:221] parsePacket(): could not receive data: 9
[ 24513][E][WiFiUdp.cpp:221] parsePacket(): could not receive data: 9
[ 24519][E][WiFiUdp.cpp:221] parsePacket(): could not receive data: 9
[ 24525][E][WiFiUdp.cpp:221] parsePacket(): could not receive data: 9
[ 24531][E][WiFiUdp.cpp:221] parsePacket(): could not receive data: 9
[ 24537][E][WiFiUdp.cpp:221] parsePacket(): could not receive data: 9
[ 24543][E][WiFiUdp.cpp:221] parsePacket(): could not receive data: 9
[ 24549][E][WiFiUdp.cpp:221] parsePacket(): could not receive data: 9
[ 24555][E][WiFiUdp.cpp:221] parsePacket(): could not receive data: 9
[ 24561][E][WiFiUdp.cpp:221] parsePacket(): could not receive data: 9
[ 24567][E][WiFiUdp.cpp:221] parsePacket(): could not receive data: 9
[ 24573][E][WiFiUdp.cpp:221] parsePacket(): could not receive data: 9
[ 24579][E][WiFiUdp.cpp:221] parsePacket(): could not receive data: 9
[ 24585][E][WiFiUdp.cpp:221] parsePacket(): could not receive data: 9
[ 24591][E][WiFiUdp.cpp:221] parsePacket(): could not receive data: 9
[ 24597][E][WiFiUdp.cpp:221] parsePacket(): could not receive data: 9
[ 24603][E][WiFiUdp.cpp:221] parsePacket(): could not receive data: 9
[ 24609][E][WiFiUdp.cpp:221] parsePacket(): could not receive data: 9
[ 24615][E][WiFiUdp.cpp:221] parsePacket(): could not receive data: 9
[ 24621][E][WiFiUdp.cpp:221] parsePacket(): could not receive data: 9
[ 24627][E][WiFiUdp.cpp:221] parsePacket(): could not receive data: 9
[ 24633][E][WiFiUdp.cpp:221] parsePacket(): could not receive data: 9
[ 24639][E][WiFiUdp.cpp:221] parsePacket(): could not receive data: 9
[ 24645][E][WiFiUdp.cpp:221] parsePacket(): could not receive data: 9
[ 24651][E][WiFiUdp.cpp:221] parsePacket(): could not receive data: 9
[ 24657][E][WiFiUdp.cpp:221] parsePacket(): could not receive data: 9
[ 24663][E][WiFiUdp.cpp:221] parsePacket(): could not receive data: 9
[ 24669][E][WiFiUdp.cpp:221] parsePacket(): could not receive data: 9
[ 24675][E][WiFiUdp.cpp:221] parsePacket(): could not receive data: 9
[ 24681][E][WiFiUdp.cpp:221] parsePacket(): could not receive data: 9
[ 24687][E][WiFiUdp.cpp:221] parsePacket(): could not receive data: 9
[ 24693][E][WiFiUdp.cpp:221] parsePacket(): could not receive data: 9
[ 24699][E][WiFiUdp.cpp:221] parsePacket(): could not receive data: 9
[ 24705][E][WiFiUdp.cpp:221] parsePacket(): could not receive data: 9
[ 24710][E][WiFiUdp.cpp:221] parsePacket(): could not receive data: 9
[ 24716][E][WiFiUdp.cpp:221] parsePacket(): could not receive data: 9
[ 24722][E][WiFiUdp.cpp:221] parsePacket(): could not receive data: 9
[ 24728][E][WiFiUdp.cpp:221] parsePacket(): could not receive data: 9
[ 24734][E][WiFiUdp.cpp:221] parsePacket(): could not receive data: 9
[ 24740][E][WiFiUdp.cpp:221] parsePacket(): could not receive data: 9
[ 24746][E][WiFiUdp.cpp:221] parsePacket(): could not receive data: 9
[ 24752][E][WiFiUdp.cpp:221] parsePacket(): could not receive data: 9
[ 24758][E][WiFiUdp.cpp:221] parsePacket(): could not receive data: 9
[ 24764][E][WiFiUdp.cpp:221] parsePacket(): could not receive data: 9
[ 24770][E][WiFiUdp.cpp:221] parsePacket(): could not receive data: 9
[ 24776][E][WiFiUdp.cpp:221] parsePacket(): could not receive data: 9
[ 24782][E][WiFiUdp.cpp:221] parsePacket(): could not receive data: 9
[ 24788][E][WiFiUdp.cpp:221] parsePacket(): could not receive data: 9
[ 24794][E][WiFiUdp.cpp:221] parsePacket(): could not receive data: 9
[ 24800][E][WiFiUdp.cpp:221] parsePacket(): could not receive data: 9
[ 24806][E][WiFiUdp.cpp:221] parsePacket(): could not receive data: 9
[ 24812][E][WiFiUdp.cpp:221] parsePacket(): could not receive data: 9
[ 24818][E][WiFiUdp.cpp:221] parsePacket(): could not receive data: 9
[ 24824][E][WiFiUdp.cpp:221] parsePacket(): could not receive data: 9
[ 24830][E][WiFiUdp.cpp:221] parsePacket(): could not receive data: 9
[ 24836][E][WiFiUdp.cpp:221] parsePacket(): could not receive data: 9
[ 24842][E][WiFiUdp.cpp:221] parsePacket(): could not receive data: 9
[ 24848][E][WiFiUdp.cpp:221] parsePacket(): could not receive data: 9
[ 24854][E][WiFiUdp.cpp:221] parsePacket(): could not receive data: 9
[ 24860][E][WiFiUdp.cpp:221] parsePacket(): could not receive data: 9
[ 24866][E][WiFiUdp.cpp:221] parsePacket(): could not receive data: 9
[ 24872][E][WiFiUdp.cpp:221] parsePacket(): could not receive data: 9
[ 24878][E][WiFiUdp.cpp:221] parsePacket(): could not receive data: 9
[ 24884][E][WiFiUdp.cpp:221] parsePacket(): could not receive data: 9
[ 24890][E][WiFiUdp.cpp:221] parsePacket(): could not receive data: 9
[ 24896][E][WiFiUdp.cpp:221] parsePacket(): could not receive data: 9
[ 24902][E][WiFiUdp.cpp:221] parsePacket(): could not receive data: 9
[ 24908][E][WiFiUdp.cpp:221] parsePacket(): could not receive data: 9
[ 24914][E][WiFiUdp.cpp:221] parsePacket(): could not receive data: 9
[ 24920][E][WiFiUdp.cpp:221] parsePacket(): could not receive data: 9
[ 24926][E][WiFiUdp.cpp:221] parsePacket(): could not receive data: 9
[ 24931][E][WiFiUdp.cpp:221] parsePacket(): could not receive data: 9
[ 24936][E][WiFiUdp.cpp:221] parsePacket(): could not receive data: 9
[ 24941][E][WiFiUdp.cpp:221] parsePacket(): could not receive data: 9
[ 24947][E][WiFiUdp.cpp:221] parsePacket(): could not receive data: 9
[ 24953][E][WiFiUdp.cpp:221] parsePacket(): could not receive data: 9
[ 24959][E][WiFiUdp.cpp:221] parsePacket(): could not receive data: 9
[ 24965][E][WiFiUdp.cpp:221] parsePacket(): could not receive data: 9
[ 24971][E][WiFiUdp.cpp:221] parsePacket(): could not receive data: 9
[ 24977][E][WiFiUdp.cpp:221] parsePacket(): could not receive data: 9
[ 24983][E][WiFiUdp.cpp:221] parsePacket(): could not receive data: 9
[ 24988][E][WiFiUdp.cpp:221] parsePacket(): could not receive data: 9
[ 24994][E][WiFiUdp.cpp:221] parsePacket(): could not receive data: 9
[ 25000][E][WiFiUdp.cpp:221] parsePacket(): could not receive data: 9
[ 25006][E][WiFiUdp.cpp:221] parsePacket(): could not receive data: 9
[ 25012][E][WiFiUdp.cpp:221] parsePacket(): could not receive data: 9
[ 25018][E][WiFiUdp.cpp:221] parsePacket(): could not receive data: 9
[ 25024][E][WiFiUdp.cpp:221] parsePacket(): could not receive data: 9
[ 25030][E][WiFiUdp.cpp:221] parsePacket(): could not receive data: 9
[ 25036][E][WiFiUdp.cpp:221] parsePacket(): could not receive data: 9
[ 25042][E][WiFiUdp.cpp:221] parsePacket(): could not receive data: 9
[ 25048][E][WiFiUdp.cpp:221] parsePacket(): could not receive data: 9
[ 25053][E][WiFiUdp.cpp:221] parsePacket(): could not receive data: 9
[ 25059][E][WiFiUdp.cpp:221] parsePacket(): could not receive data: 9
[ 25065][E][WiFiUdp.cpp:221] parsePacket(): could not receive data: 9
[ 25071][E][WiFiUdp.cpp:221] parsePacket(): could not receive data: 9
[ 25077][E][WiFiUdp.cpp:221] parsePacket(): could not receive data: 9
[ 25083][E][WiFiUdp.cpp:221] parsePacket(): could not receive data: 9
[ 25089][E][WiFiUdp.cpp:221] parsePacket(): could not receive data: 9
[ 25095][E][WiFiUdp.cpp:221] parsePacket(): could not receive data: 9
[ 25101][E][WiFiUdp.cpp:221] parsePacket(): could not receive data: 9
[ 25107][E][WiFiUdp.cpp:221] parsePacket(): could not receive data: 9
[ 25113][E][WiFiUdp.cpp:221] parsePacket(): could not receive data: 9
[ 25119][E][WiFiUdp.cpp:221] parsePacket(): could not receive data: 9
[ 25125][E][WiFiUdp.cpp:221] parsePacket(): could not receive data: 9
[ 25131][E][WiFiUdp.cpp:221] parsePacket(): could not receive data: 9
[ 25137][E][WiFiUdp.cpp:221] parsePacket(): could not receive data: 9
[ 25143][E][WiFiUdp.cpp:221] parsePacket(): could not receive data: 9
[ 25149][E][WiFiUdp.cpp:221] parsePacket(): could not receive data: 9
[ 25155][E][WiFiUdp.cpp:221] parsePacket(): could not receive data: 9
[ 25161][E][WiFiUdp.cpp:221] parsePacket(): could not receive data: 9
[ 25167][E][WiFiUdp.cpp:221] parsePacket(): could not receive data: 9
[ 25173][E][WiFiUdp.cpp:221] parsePacket(): could not receive data: 9
[ 25179][E][WiFiUdp.cpp:221] parsePacket(): could not receive data: 9
[ 25185][E][WiFiUdp.cpp:221] parsePacket(): could not receive data: 9
[ 25191][E][WiFiUdp.cpp:221] parsePacket(): could not receive data: 9
[ 25197][E][WiFiUdp.cpp:221] parsePacket(): could not receive data: 9
[ 25203][E][WiFiUdp.cpp:221] parsePacket(): could not receive data: 9
[ 25209][E][WiFiUdp.cpp:221] parsePacket(): could not receive data: 9
[ 25215][E][WiFiUdp.cpp:221] parsePacket(): could not receive data: 9
[ 25221][E][WiFiUdp.cpp:221] parsePacket(): could not receive data: 9
[ 25227][E][WiFiUdp.cpp:221] parsePacket(): could not receive data: 9
[ 25233][E][WiFiUdp.cpp:221] parsePacket(): could not receive data: 9
[ 25239][E][WiFiUdp.cpp:221] parsePacket(): could not receive data: 9
[ 25245][E][WiFiUdp.cpp:221] parsePacket(): could not receive data: 9
[ 25251][E][WiFiUdp.cpp:221] parsePacket(): could not receive data: 9
[ 25257][E][WiFiUdp.cpp:221] parsePacket(): could not receive data: 9
[ 25263][E][WiFiUdp.cpp:221] parsePacket(): could not receive data: 9
[ 25269][E][WiFiUdp.cpp:221] parsePacket(): could not receive data: 9
[ 25274][E][WiFiUdp.cpp:221] parsePacket(): could not receive data: 9
[ 25280][E][WiFiUdp.cpp:221] parsePacket(): could not receive data: 9
[ 25286][E][WiFiUdp.cpp:221] parsePacket(): could not receive data: 9
[ 25292][E][WiFiUdp.cpp:221] parsePacket(): could not receive data: 9
[ 25298][E][WiFiUdp.cpp:221] parsePacket(): could not receive data: 9
[ 25304][E][WiFiUdp.cpp:221] parsePacket(): could not receive data: 9
[ 25310][E][WiFiUdp.cpp:221] parsePacket(): could not receive data: 9
[ 25316][E][WiFiUdp.cpp:221] parsePacket(): could not receive data: 9
[ 25322][E][WiFiUdp.cpp:221] parsePacket(): could not receive data: 9
[ 25328][E][WiFiUdp.cpp:221] parsePacket(): could not receive data: 9
[ 25334][E][WiFiUdp.cpp:221] parsePacket(): could not receive data: 9
[ 25340][E][WiFiUdp.cpp:221] parsePacket(): could not receive data: 9
[ 25346][E][WiFiUdp.cpp:221] parsePacket(): could not receive data: 9
[ 25352][E][WiFiUdp.cpp:221] parsePacket(): could not receive data: 9
[ 25358][E][WiFiUdp.cpp:221] parsePacket(): could not receive data: 9
[ 25364][E][WiFiUdp.cpp:221] parsePacket(): could not receive data: 9
[ 25370][E][WiFiUdp.cpp:221] parsePacket(): could not receive data: 9
[ 25376][E][WiFiUdp.cpp:221] parsePacket(): could not receive data: 9
[ 25382][E][WiFiUdp.cpp:221] parsePacket(): could not receive data: 9
[ 25388][E][WiFiUdp.cpp:221] parsePacket(): could not receive data: 9
[ 25394][E][WiFiUdp.cpp:221] parsePacket(): could not receive data: 9
[ 25400][E][WiFiUdp.cpp:221] parsePacket(): could not receive data: 9
[ 25406][E][WiFiUdp.cpp:221] parsePacket(): could not receive data: 9
[ 25412][E][WiFiUdp.cpp:221] parsePacket(): could not receive data: 9
[ 25418][E][WiFiUdp.cpp:221] parsePacket(): could not receive data: 9
[ 25424][E][WiFiUdp.cpp:221] parsePacket(): could not receive data: 9
[ 25430][E][WiFiUdp.cpp:221] parsePacket(): could not receive data: 9
[ 25436][E][WiFiUdp.cpp:221] parsePacket(): could not receive data: 9
[ 25442][E][WiFiUdp.cpp:221] parsePacket(): could not receive data: 9
[ 25448][E][WiFiUdp.cpp:221] parsePacket(): could not receive data: 9
[ 25454][E][WiFiUdp.cpp:221] parsePacket(): could not receive data: 9
[ 25460][E][WiFiUdp.cpp:221] parsePacket(): could not receive data: 9
[ 25466][E][WiFiUdp.cpp:221] parsePacket(): could not receive data: 9
[ 25472][E][WiFiUdp.cpp:221] parsePacket(): could not receive data: 9
[ 25478][E][WiFiUdp.cpp:221] parsePacket(): could not receive data: 9
[ 25484][E][WiFiUdp.cpp:221] parsePacket(): could not receive data: 9
[ 25490][E][WiFiUdp.cpp:221] parsePacket(): could not receive data: 9
[ 25496][E][WiFiUdp.cpp:221] parsePacket(): could not receive data: 9
[ 25502][E][WiFiUdp.cpp:221] parsePacket(): could not receive data: 9
[ 25508][E][WiFiUdp.cpp:221] parsePacket(): could not receive data: 9
[ 25514][E][WiFiUdp.cpp:221] parsePacket(): could not receive data: 9
[ 25520][E][WiFiUdp.cpp:221] parsePacket(): could not receive data: 9
[ 25526][E][WiFiUdp.cpp:221] parsePacket(): could not receive data: 9
[ 25532][E][WiFiUdp.cpp:221] parsePacket(): could not receive data: 9
[ 25538][E][WiFiUdp.cpp:221] parsePacket(): could not receive data: 9
[ 25544][E][WiFiUdp.cpp:221] parsePacket(): could not receive data: 9
[ 25550][E][WiFiUdp.cpp:221] parsePacket(): could not receive data: 9
[ 25556][E][WiFiUdp.cpp:221] parsePacket(): could not receive data: 9
[ 25562][E][WiFiUdp.cpp:221] parsePacket(): could not receive data: 9
[ 25568][E][WiFiUdp.cpp:221] parsePacket(): could not receive data: 9
[ 25574][E][WiFiUdp.cpp:221] parsePacket(): could not receive data: 9
[ 25580][E][WiFiUdp.cpp:221] parsePacket(): could not receive data: 9
[ 25586][E][WiFiUdp.cpp:221] parsePacket(): could not receive data: 9
[ 25592][E][WiFiUdp.cpp:221] parsePacket(): could not receive data: 9
[ 25598][E][WiFiUdp.cpp:221] parsePacket(): could not receive data: 9
[ 25604][E][WiFiUdp.cpp:221] parsePacket(): could not receive data: 9
[ 25610][E][WiFiUdp.cpp:221] parsePacket(): could not receive data: 9
[ 25616][E][WiFiUdp.cpp:221] parsePacket(): could not receive data: 9
[ 25622][E][WiFiUdp.cpp:221] parsePacket(): could not receive data: 9
[ 25628][E][WiFiUdp.cpp:221] parsePacket(): could not receive data: 9
[ 25634][E][WiFiUdp.cpp:221] parsePacket(): could not receive data: 9
[ 25640][E][WiFiUdp.cpp:221] parsePacket(): could not receive data: 9
[ 25646][E][WiFiUdp.cpp:221] parsePacket(): could not receive data: 9
[ 25652][E][WiFiUdp.cpp:221] parsePacket(): could not receive data: 9
[ 25658][E][WiFiUdp.cpp:221] parsePacket(): could not receive data: 9
[ 25664][E][WiFiUdp.cpp:221] parsePacket(): could not receive data: 9
[ 25670][E][WiFiUdp.cpp:221] parsePacket(): could not receive data: 9
[ 25676][E][WiFiUdp.cpp:221] parsePacket(): could not receive data: 9
[ 25682][E][WiFiUdp.cpp:221] parsePacket(): could not receive data: 9
[ 25688][E][WiFiUdp.cpp:221] parsePacket(): could not receive data: 9
[ 25694][E][WiFiUdp.cpp:221] parsePacket(): could not receive data: 9
[ 25700][E][WiFiUdp.cpp:221] parsePacket(): could not receive data: 9
[ 25706][E][WiFiUdp.cpp:221] parsePacket(): could not receive data: 9
[ 25712][E][WiFiUdp.cpp:221] parsePacket(): could not receive data: 9
[ 25718][E][WiFiUdp.cpp:221] parsePacket(): could not receive data: 9
[ 25724][E][WiFiUdp.cpp:221] parsePacket(): could not receive data: 9
[ 25730][E][WiFiUdp.cpp:221] parsePacket(): could not receive data: 9
[ 25736][E][WiFiUdp.cpp:221] parsePacket(): could not receive data: 9
[ 25742][E][WiFiUdp.cpp:221] parsePacket(): could not receive data: 9
[ 25748][E][WiFiUdp.cpp:221] parsePacket(): could not receive data: 9
[ 25754][E][WiFiUdp.cpp:221] parsePacket(): could not receive data: 9
[ 25760][E][WiFiUdp.cpp:221] parsePacket(): could not receive data: 9
[ 25766][E][WiFiUdp.cpp:221] parsePacket(): could not receive data: 9
[ 25772][E][WiFiUdp.cpp:221] parsePacket(): could not receive data: 9
[ 25778][E][WiFiUdp.cpp:221] parsePacket(): could not receive data: 9
[ 25787][E][WiFiUdp.cpp:221] parsePacket(): could not receive data: 9
[ 25792][E][WiFiUdp.cpp:221] parsePacket(): could not receive data: 9
[ 25798][E][WiFiUdp.cpp:221] parsePacket(): could not receive data: 9
[ 25804][E][WiFiUdp.cpp:221] parsePacket(): could not receive data: 9
[ 25810][E][WiFiUdp.cpp:221] parsePacket(): could not receive data: 9
[ 25816][E][WiFiUdp.cpp:221] parsePacket(): could not receive data: 9
[ 25822][E][WiFiUdp.cpp:221] parsePacket(): could not receive data: 9
[ 25828][E][WiFiUdp.cpp:221] parsePacket(): could not receive data: 9
[ 25834][E][WiFiUdp.cpp:221] parsePacket(): could not receive data: 9
[ 25840][E][WiFiUdp.cpp:221] parsePacket(): could not receive data: 9
[ 25846][E][WiFiUdp.cpp:221] parsePacket(): could not receive data: 9
[ 25852][E][WiFiUdp.cpp:221] parsePacket(): could not receive data: 9
[ 25858][E][WiFiUdp.cpp:221] parsePacket(): could not receive data: 9
[ 25864][E][WiFiUdp.cpp:221] parsePacket(): could not receive data: 9
[ 25870][E][WiFiUdp.cpp:221] parsePacket(): could not receive data: 9
[ 25876][E][WiFiUdp.cpp:221] parsePacket(): could not receive data: 9
[ 25882][E][WiFiUdp.cpp:221] parsePacket(): could not receive data: 9
[ 25888][E][WiFiUdp.cpp:221] parsePacket(): could not receive data: 9
[ 25894][E][WiFiUdp.cpp:221] parsePacket(): could not receive data: 9
[ 25900][E][WiFiUdp.cpp:221] parsePacket(): could not receive data: 9
[ 25906][E][WiFiUdp.cpp:221] parsePacket(): could not receive data: 9
[ 25912][E][WiFiUdp.cpp:221] parsePacket(): could not receive data: 9
[ 25918][E][WiFiUdp.cpp:221] parsePacket(): could not receive data: 9
[ 25924][E][WiFiUdp.cpp:221] parsePacket(): could not receive data: 9
[ 25930][E][WiFiUdp.cpp:221] parsePacket(): could not receive data: 9
[ 25936][E][WiFiUdp.cpp:221] parsePacket(): could not receive data: 9
[ 25942][E][WiFiUdp.cpp:221] parsePacket(): could not receive data: 9
[ 25948][E][WiFiUdp.cpp:221] parsePacket(): could not receive data: 9
[ 25954][E][WiFiUdp.cpp:221] parsePacket(): could not receive data: 9
[ 25960][E][WiFiUdp.cpp:221] parsePacket(): could not receive data: 9
[ 25966][E][WiFiUdp.cpp:221] parsePacket(): could not receive data: 9
[ 25972][E][WiFiUdp.cpp:221] parsePacket(): could not receive data: 9
[ 25978][E][WiFiUdp.cpp:221] parsePacket(): could not receive data: 9
[ 25984][E][WiFiUdp.cpp:221] parsePacket(): could not receive data: 9
[ 25990][E][WiFiUdp.cpp:221] parsePacket(): could not receive data: 9
[ 25996][E][WiFiUdp.cpp:221] parsePacket(): could not receive data: 9
[ 26002][E][WiFiUdp.cpp:221] parsePacket(): could not receive data: 9
[ 26008][E][WiFiUdp.cpp:221] parsePacket(): could not receive data: 9
[ 26014][E][WiFiUdp.cpp:221] parsePacket(): could not receive data: 9
[ 26020][E][WiFiUdp.cpp:221] parsePacket(): could not receive data: 9
[ 26026][E][WiFiUdp.cpp:221] parsePacket(): could not receive data: 9
[ 26032][E][WiFiUdp.cpp:221] parsePacket(): could not receive data: 9
[ 26038][E][WiFiUdp.cpp:221] parsePacket(): could not receive data: 9
[ 26044][E][WiFiUdp.cpp:221] parsePacket(): could not receive data: 9
[ 26050][E][WiFiUdp.cpp:221] parsePacket(): could not receive data: 9
[ 26056][E][WiFiUdp.cpp:221] parsePacket(): could not receive data: 9
[ 26062][E][WiFiUdp.cpp:221] parsePacket(): could not receive data: 9
[ 26068][E][WiFiUdp.cpp:221] parsePacket(): could not receive data: 9
[ 26074][E][WiFiUdp.cpp:221] parsePacket(): could not receive data: 9
[ 26080][E][WiFiUdp.cpp:221] parsePacket(): could not receive data: 9
[ 26086][E][WiFiUdp.cpp:221] parsePacket(): could not receive data: 9
[ 26092][E][WiFiUdp.cpp:221] parsePacket(): could not receive data: 9
[ 26098][E][WiFiUdp.cpp:221] parsePacket(): could not receive data: 9
[ 26104][E][WiFiUdp.cpp:221] parsePacket(): could not receive data: 9
[ 26110][E][WiFiUdp.cpp:221] parsePacket(): could not receive data: 9
[ 26116][E][WiFiUdp.cpp:221] parsePacket(): could not receive data: 9
[ 26122][E][WiFiUdp.cpp:221] parsePacket(): could not receive data: 9
[ 26128][E][WiFiUdp.cpp:221] parsePacket(): could not receive data: 9
[ 26134][E][WiFiUdp.cpp:221] parsePacket(): could not receive data: 9
[ 26140][E][WiFiUdp.cpp:221] parsePacket(): could not receive data: 9
[ 26146][E][WiFiUdp.cpp:221] parsePacket(): could not receive data: 9
[ 26152][E][WiFiUdp.cpp:221] parsePacket(): could not receive data: 9
[ 26158][E][WiFiUdp.cpp:221] parsePacket(): could not receive data: 9
[ 26164][E][WiFiUdp.cpp:221] parsePacket(): could not receive data: 9
[ 26170][E][WiFiUdp.cpp:221] parsePacket(): could not receive data: 9
[ 26176][E][WiFiUdp.cpp:221] parsePacket(): could not receive data: 9
[ 26182][E][WiFiUdp.cpp:221] parsePacket(): could not receive data: 9
[ 26188][E][WiFiUdp.cpp:221] parsePacket(): could not receive data: 9
[ 26194][E][WiFiUdp.cpp:221] parsePacket(): could not receive data: 9
[ 26200][E][WiFiUdp.cpp:221] parsePacket(): could not receive data: 9
[ 26206][E][WiFiUdp.cpp:221] parsePacket(): could not receive data: 9
[ 26212][E][WiFiUdp.cpp:221] parsePacket(): could not receive data: 9
[ 26218][E][WiFiUdp.cpp:221] parsePacket(): could not receive data: 9
[ 26224][E][WiFiUdp.cpp:221] parsePacket(): could not receive data: 9
[ 26230][E][WiFiUdp.cpp:221] parsePacket(): could not receive data: 9
[ 26236][E][WiFiUdp.cpp:221] parsePacket(): could not receive data: 9
[ 26242][E][WiFiUdp.cpp:221] parsePacket(): could not receive data: 9
[ 26248][E][WiFiUdp.cpp:221] parsePacket(): could not receive data: 9
[ 26254][E][WiFiUdp.cpp:221] parsePacket(): could not receive data: 9
[ 26260][E][WiFiUdp.cpp:221] parsePacket(): could not receive data: 9
[ 26266][E][WiFiUdp.cpp:221] parsePacket(): could not receive data: 9
[ 26272][E][WiFiUdp.cpp:221] parsePacket(): could not receive data: 9
[ 26278][E][WiFiUdp.cpp:221] parsePacket(): could not receive data: 9
[ 26284][E][WiFiUdp.cpp:221] parsePacket(): could not receive data: 9
[ 26290][E][WiFiUdp.cpp:221] parsePacket(): could not receive data: 9
[ 26296][E][WiFiUdp.cpp:221] parsePacket(): could not receive data: 9
[ 26301][E][WiFiUdp.cpp:221] parsePacket(): could not receive data: 9
[ 26306][E][WiFiUdp.cpp:221] parsePacket(): could not receive data: 9
[ 26312][E][WiFiUdp.cpp:221] parsePacket(): could not receive data: 9
[ 26318][E][WiFiUdp.cpp:221] parsePacket(): could not receive data: 9
[ 26324][E][WiFiUdp.cpp:221] parsePacket(): could not receive data: 9
[ 26330][E][WiFiUdp.cpp:221] parsePacket(): could not receive data: 9
[ 26336][E][WiFiUdp.cpp:221] parsePacket(): could not receive data: 9
[ 26342][E][WiFiUdp.cpp:221] parsePacket(): could not receive data: 9
[ 26348][E][WiFiUdp.cpp:221] parsePacket(): could not receive data: 9
[ 26354][E][WiFiUdp.cpp:221] parsePacket(): could not receive data: 9
[ 26360][E][WiFiUdp.cpp:221] parsePacket(): could not receive data: 9
[ 26366][E][WiFiUdp.cpp:221] parsePacket(): could not receive data: 9
[ 26372][E][WiFiUdp.cpp:221] parsePacket(): could not receive data: 9
[ 26378][E][WiFiUdp.cpp:221] parsePacket(): could not receive data: 9
[ 26384][E][WiFiUdp.cpp:221] parsePacket(): could not receive data: 9
[ 26390][E][WiFiUdp.cpp:221] parsePacket(): could not receive data: 9
[ 26396][E][WiFiUdp.cpp:221] parsePacket(): could not receive data: 9
[CON ]...accept() fd=50 free=132540
[CON ]...Client authenticated on port 2323. free heap=128920
-[ 26402][E][WiFiUdp.cpp:221] parsePacket(): could not receive data: 9
-[ 26409][E][WiFiUdp.cpp:221] parsePacket(): could not receive data: 9
s[ 26415][E][WiFiUdp.cpp:221] parsePacket(): could not receive data: 9
e[ 26421][E][WiFiUdp.cpp:221] parsePacket(): could not receive data: 9
t[ 26427][E][WiFiUdp.cpp:221] parsePacket(): could not receive data: 9
c[ 26433][E][WiFiUdp.cpp:221] parsePacket(): could not receive data: 9
a[ 26439][E][WiFiUdp.cpp:221] parsePacket(): could not receive data: 9
l[ 26446][E][WiFiUdp.cpp:221] parsePacket(): could not receive data: 9
l[ 26452][E][WiFiUdp.cpp:221] parsePacket(): could not receive data: 9
 [ 26458][E][WiFiUdp.cpp:221] parsePacket(): could not receive data: 9
T[ 26464][E][WiFiUdp.cpp:221] parsePacket(): could not receive data: 9
E[ 26470][E][WiFiUdp.cpp:221] parsePacket(): could not receive data: 9
5[ 26476][E][WiFiUdp.cpp:221] parsePacket(): could not receive data: 9
T[ 26482][E][WiFiUdp.cpp:221] parsePacket(): could not receive data: 9
-[ 26488][E][WiFiUdp.cpp:221] parsePacket(): could not receive data: 9
1[ 26494][E][WiFiUdp.cpp:221] parsePacket(): could not receive data: 9
[ 26500][E][WiFiUdp.cpp:221] parsePacket(): could not receive data: 9

Call:TE5T-1 Short:E5T40 set
[ 29183][E][WiFiUdp.cpp:221] parsePacket(): could not receive data: 9
[CON ]...Client disconnected. free heap=134552
[INSTR-LOOP] gap ms 2690 in udp section_ms 1 sections_ms 1
[ 29213][E][WiFiUdp.cpp:221] parsePacket(): could not receive data: 9
[ 29220][E][WiFiUdp.cpp:221] parsePacket(): could not receive data: 9
[ 29226][E][WiFiUdp.cpp:221] parsePacket(): could not receive data: 9
[ 29232][E][WiFiUdp.cpp:221] parsePacket(): could not receive data: 9
[ 29238][E][WiFiUdp.cpp:221] parsePacket(): could not receive data: 9
[ 29244][E][WiFiUdp.cpp:221] parsePacket(): could not receive data: 9
[ 29250][E][WiFiUdp.cpp:221] parsePacket(): could not receive data: 9
[ 29256][E][WiFiUdp.cpp:221] parsePacket(): could not receive data: 9
[ 29262][E][WiFiUdp.cpp:221] parsePacket(): could not receive data: 9
[ 29268][E][WiFiUdp.cpp:221] parsePacket(): could not receive data: 9
[ 29274][E][WiFiUdp.cpp:221] parsePacket(): could not receive data: 9
[ 29280][E][WiFiUdp.cpp:221] parsePacket(): could not receive data: 9
[ 29286][E][WiFiUdp.cpp:221] parsePacket(): could not receive data: 9
[ 29292][E][WiFiUdp.cpp:221] parsePacket(): could not receive data: 9
[ 29298][E][WiFiUdp.cpp:221] parsePacket(): could not receive data: 9
[ 29304][E][WiFiUdp.cpp:221] parsePacket(): could not receive data: 9
[ 29310][E][WiFiUdp.cpp:221] parsePacket(): could not receive data: 9
[ 29316][E][WiFiUdp.cpp:221] parsePacket(): could not receive data: 9
[ 29322][E][WiFiUdp.cpp:221] parsePacket(): could not receive data: 9
[ 29328][E][WiFiUdp.cpp:221] parsePacket(): could not receive data: 9
[ 29334][E][WiFiUdp.cpp:221] parsePacket(): could not receive data: 9
[ 29340][E][WiFiUdp.cpp:221] parsePacket(): could not receive data: 9
[ 29346][E][WiFiUdp.cpp:221] parsePacket(): could not receive data: 9
[ 29352][E][WiFiUdp.cpp:221] parsePacket(): could not receive data: 9
[ 29358][E][WiFiUdp.cpp:221] parsePacket(): could not receive data: 9
[ 29364][E][WiFiUdp.cpp:221] parsePacket(): could not receive data: 9
[ 29370][E][WiFiUdp.cpp:221] parsePacket(): could not receive data: 9
[ 29376][E][WiFiUdp.cpp:221] parsePacket(): could not receive data: 9
[ 29382][E][WiFiUdp.cpp:221] parsePacket(): could not receive data: 9
[ 29388][E][WiFiUdp.cpp:221] parsePacket(): could not receive data: 9
[ 29394][E][WiFiUdp.cpp:221] parsePacket(): could not receive data: 9
[ 29400][E][WiFiUdp.cpp:221] parsePacket(): could not receive data: 9
[ 29405][E][WiFiUdp.cpp:221] parsePacket(): could not receive data: 9
[ 29411][E][WiFiUdp.cpp:221] parsePacket(): could not receive data: 9
[ 29417][E][WiFiUdp.cpp:221] parsePacket(): could not receive data: 9
[ 29423][E][WiFiUdp.cpp:221] parsePacket(): could not receive data: 9
[ 29429][E][WiFiUdp.cpp:221] parsePacket(): could not receive data: 9
[ 29435][E][WiFiUdp.cpp:221] parsePacket(): could not receive data: 9
[ 29441][E][WiFiUdp.cpp:221] parsePacket(): could not receive data: 9
[ 29447][E][WiFiUdp.cpp:221] parsePacket(): could not receive data: 9
[ 29453][E][WiFiUdp.cpp:221] parsePacket(): could not receive data: 9
[ 29459][E][WiFiUdp.cpp:221] parsePacket(): could not receive data: 9
[ 29465][E][WiFiUdp.cpp:221] parsePacket(): could not receive data: 9
[ 29471][E][WiFiUdp.cpp:221] parsePacket(): could not receive data: 9
[ 29477][E][WiFiUdp.cpp:221] parsePacket(): could not receive data: 9
[ 29483][E][WiFiUdp.cpp:221] parsePacket(): could not receive data: 9
[ 29489][E][WiFiUdp.cpp:221] parsePacket(): could not receive data: 9
[ 29495][E][WiFiUdp.cpp:221] parsePacket(): could not receive data: 9
[ 29500][E][WiFiUdp.cpp:221] parsePacket(): could not receive data: 9
[ 29506][E][WiFiUdp.cpp:221] parsePacket(): could not receive data: 9
[ 29512][E][WiFiUdp.cpp:221] parsePacket(): could not receive data: 9
[ 29518][E][WiFiUdp.cpp:221] parsePacket(): could not receive data: 9
[ 29524][E][WiFiUdp.cpp:221] parsePacket(): could not receive data: 9
[ 29530][E][WiFiUdp.cpp:221] parsePacket(): could not receive data: 9
[ 29536][E][WiFiUdp.cpp:221] parsePacket(): could not receive data: 9
[ 29542][E][WiFiUdp.cpp:221] parsePacket(): could not receive data: 9
[ 29548][E][WiFiUdp.cpp:221] parsePacket(): could not receive data: 9
[ 29554][E][WiFiUdp.cpp:221] parsePacket(): could not receive data: 9
[ 29560][E][WiFiUdp.cpp:221] parsePacket(): could not receive data: 9
[ 29566][E][WiFiUdp.cpp:221] parsePacket(): could not receive data: 9
[ 29572][E][WiFiUdp.cpp:221] parsePacket(): could not receive data: 9
[ 29578][E][WiFiUdp.cpp:221] parsePacket(): could not receive data: 9
[ 29584][E][WiFiUdp.cpp:221] parsePacket(): could not receive data: 9
[ 29590][E][WiFiUdp.cpp:221] parsePacket(): could not receive data: 9
[ 29596][E][WiFiUdp.cpp:221] parsePacket(): could not receive data: 9
[ 29602][E][WiFiUdp.cpp:221] parsePacket(): could not receive data: 9
[ 29608][E][WiFiUdp.cpp:221] parsePacket(): could not receive data: 9
[ 29614][E][WiFiUdp.cpp:221] parsePacket(): could not receive data: 9
[ 29620][E][WiFiUdp.cpp:221] parsePacket(): could not receive data: 9
[ 29626][E][WiFiUdp.cpp:221] parsePacket(): could not receive data: 9
[ 29632][E][WiFiUdp.cpp:221] parsePacket(): could not receive data: 9
[ 29638][E][WiFiUdp.cpp:221] parsePacket(): could not receive data: 9
[ 29644][E][WiFiUdp.cpp:221] parsePacket(): could not receive data: 9
[ 29650][E][WiFiUdp.cpp:221] parsePacket(): could not receive data: 9
[ 29656][E][WiFiUdp.cpp:221] parsePacket(): could not receive data: 9
[ 29662][E][WiFiUdp.cpp:221] parsePacket(): could not receive data: 9
[ 29668][E][WiFiUdp.cpp:221] parsePacket(): could not receive data: 9
[ 29674][E][WiFiUdp.cpp:221] parsePacket(): could not receive data: 9
[ 29680][E][WiFiUdp.cpp:221] parsePacket(): could not receive data: 9
[ 29686][E][WiFiUdp.cpp:221] parsePacket(): could not receive data: 9
[ 29692][E][WiFiUdp.cpp:221] parsePacket(): could not receive data: 9
[ 29698][E][WiFiUdp.cpp:221] parsePacket(): could not receive data: 9
[ 29703][E][WiFiUdp.cpp:221] parsePacket(): could not receive data: 9
[ 29709][E][WiFiUdp.cpp:221] parsePacket(): could not receive data: 9
[ 29715][E][WiFiUdp.cpp:221] parsePacket(): could not receive data: 9
[ 29721][E][WiFiUdp.cpp:221] parsePacket(): could not receive data: 9
[ 29727][E][WiFiUdp.cpp:221] parsePacket(): could not receive data: 9
[ 29733][E][WiFiUdp.cpp:221] parsePacket(): could not receive data: 9
[ 29739][E][WiFiUdp.cpp:221] parsePacket(): could not receive data: 9
[ 29745][E][WiFiUdp.cpp:221] parsePacket(): could not receive data: 9
[ 29751][E][WiFiUdp.cpp:221] parsePacket(): could not receive data: 9
[ 29757][E][WiFiUdp.cpp:221] parsePacket(): could not receive data: 9
[ 29763][E][WiFiUdp.cpp:221] parsePacket(): could not receive data: 9
[ 29769][E][WiFiUdp.cpp:221] parsePacket(): could not receive data: 9
[ 29775][E][WiFiUdp.cpp:221] parsePacket(): could not receive data: 9
[ 29781][E][WiFiUdp.cpp:221] parsePacket(): could not receive data: 9
[ 29787][E][WiFiUdp.cpp:221] parsePacket(): could not receive data: 9
[ 29793][E][WiFiUdp.cpp:221] parsePacket(): could not receive data: 9
[ 29799][E][WiFiUdp.cpp:221] parsePacket(): could not receive data: 9
[ 29805][E][WiFiUdp.cpp:221] parsePacket(): could not receive data: 9
[ 29811][E][WiFiUdp.cpp:221] parsePacket(): could not receive data: 9
[ 29817][E][WiFiUdp.cpp:221] parsePacket(): could not receive data: 9
[ 29823][E][WiFiUdp.cpp:221] parsePacket(): could not receive data: 9
[ 29829][E][WiFiUdp.cpp:221] parsePacket(): could not receive data: 9
[ 29835][E][WiFiUdp.cpp:221] parsePacket(): could not receive data: 9
[ 29841][E][WiFiUdp.cpp:221] parsePacket(): could not receive data: 9
[ 29849][E][WiFiUdp.cpp:221] parsePacket(): could not receive data: 9
[ 29855][E][WiFiUdp.cpp:221] parsePacket(): could not receive data: 9
[ 29861][E][WiFiUdp.cpp:221] parsePacket(): could not receive data: 9
[ 29867][E][WiFiUdp.cpp:221] parsePacket(): could not receive data: 9
[ 29873][E][WiFiUdp.cpp:221] parsePacket(): could not receive data: 9
[ 29879][E][WiFiUdp.cpp:221] parsePacket(): could not receive data: 9
[ 29885][E][WiFiUdp.cpp:221] parsePacket(): could not receive data: 9
[ 29891][E][WiFiUdp.cpp:221] parsePacket(): could not receive data: 9
[ 29897][E][WiFiUdp.cpp:221] parsePacket(): could not receive data: 9
[ 29903][E][WiFiUdp.cpp:221] parsePacket(): could not receive data: 9
[ 29909][E][WiFiUdp.cpp:221] parsePacket(): could not receive data: 9
[ 29915][E][WiFiUdp.cpp:221] parsePacket(): could not receive data: 9
[ 29921][E][WiFiUdp.cpp:221] parsePacket(): could not receive data: 9
[ 29927][E][WiFiUdp.cpp:221] parsePacket(): could not receive data: 9
[ 29933][E][WiFiUdp.cpp:221] parsePacket(): could not receive data: 9
[ 29939][E][WiFiUdp.cpp:221] parsePacket(): could not receive data: 9
[ 29945][E][WiFiUdp.cpp:221] parsePacket(): could not receive data: 9
[ 29951][E][WiFiUdp.cpp:221] parsePacket(): could not receive data: 9
[ 29957][E][WiFiUdp.cpp:221] parsePacket(): could not receive data: 9
[ 29963][E][WiFiUdp.cpp:221] parsePacket(): could not receive data: 9
[ 29969][E][WiFiUdp.cpp:221] parsePacket(): could not receive data: 9
[ 29975][E][WiFiUdp.cpp:221] parsePacket(): could not receive data: 9
[ 29981][E][WiFiUdp.cpp:221] parsePacket(): could not receive data: 9
[ 29987][E][WiFiUdp.cpp:221] parsePacket(): could not receive data: 9
[ 29993][E][WiFiUdp.cpp:221] parsePacket(): could not receive data: 9
[ 29999][E][WiFiUdp.cpp:221] parsePacket(): could not receive data: 9
[ 30092][E][WiFiUdp.cpp:221] parsePacket(): could not receive data: 9
[ 30101][E][WiFiUdp.cpp:221] parsePacket(): could not receive data: 9
[ 30107][E][WiFiUdp.cpp:221] parsePacket(): could not receive data: 9
[ 30113][E][WiFiUdp.cpp:221] parsePacket(): could not receive data: 9
[ 30119][E][WiFiUdp.cpp:221] parsePacket(): could not receive data: 9
[ 30125][E][WiFiUdp.cpp:221] parsePacket(): could not receive data: 9
[ 30131][E][WiFiUdp.cpp:221] parsePacket(): could not receive data: 9
[ 30137][E][WiFiUdp.cpp:221] parsePacket(): could not receive data: 9
[ 30143][E][WiFiUdp.cpp:221] parsePacket(): could not receive data: 9
[ 30149][E][WiFiUdp.cpp:221] parsePacket(): could not receive data: 9
[ 30155][E][WiFiUdp.cpp:221] parsePacket(): could not receive data: 9
[ 30162][E][WiFiUdp.cpp:221] parsePacket(): could not receive data: 9
[ 30168][E][WiFiUdp.cpp:221] parsePacket(): could not receive data: 9
[ 30176][E][WiFiUdp.cpp:221] parsePacket(): could not receive data: 9
[ 30182][E][WiFiUdp.cpp:221] parsePacket(): could not receive data: 9
[ 30188][E][WiFiUdp.cpp:221] parsePacket(): could not receive data: 9
[ 30194][E][WiFiUdp.cpp:221] parsePacket(): could not receive data: 9
[ 30200][E][WiFiUdp.cpp:221] parsePacket(): could not receive data: 9
[ 30206][E][WiFiUdp.cpp:221] parsePacket(): could not receive data: 9
[ 30212][E][WiFiUdp.cpp:221] parsePacket(): could not receive data: 9
[ 30218][E][WiFiUdp.cpp:221] parsePacket(): could not receive data: 9
[ 30224][E][WiFiUdp.cpp:221] parsePacket(): could not receive data: 9
[ 30230][E][WiFiUdp.cpp:221] parsePacket(): could not receive data: 9
[ 30236][E][WiFiUdp.cpp:221] parsePacket(): could not receive data: 9
[ 30242][E][WiFiUdp.cpp:221] parsePacket(): could not receive data: 9
[ 30247][E][WiFiUdp.cpp:221] parsePacket(): could not receive data: 9
[ 30253][E][WiFiUdp.cpp:221] parsePacket(): could not receive data: 9
[ 30259][E][WiFiUdp.cpp:221] parsePacket(): could not receive data: 9
[ 30265][E][WiFiUdp.cpp:221] parsePacket(): could not receive data: 9
[ 30270][E][WiFiUdp.cpp:221] parsePacket(): could not receive data: 9
[ 30276][E][WiFiUdp.cpp:221] parsePacket(): could not receive data: 9
[ 30282][E][WiFiUdp.cpp:221] parsePacket(): could not receive data: 9
[ 30288][E][WiFiUdp.cpp:221] parsePacket(): could not receive data: 9
[ 30294][E][WiFiUdp.cpp:221] parsePacket(): could not receive data: 9
[ 30300][E][WiFiUdp.cpp:221] parsePacket(): could not receive data: 9
[ 30306][E][WiFiUdp.cpp:221] parsePacket(): could not receive data: 9
[ 30312][E][WiFiUdp.cpp:221] parsePacket(): could not receive data: 9
[ 30318][E][WiFiUdp.cpp:221] parsePacket(): could not receive data: 9
[ 30324][E][WiFiUdp.cpp:221] parsePacket(): could not receive data: 9
[ 30330][E][WiFiUdp.cpp:221] parsePacket(): could not receive data: 9
[ 30336][E][WiFiUdp.cpp:221] parsePacket(): could not receive data: 9
[ 30342][E][WiFiUdp.cpp:221] parsePacket(): could not receive data: 9
[ 30348][E][WiFiUdp.cpp:221] parsePacket(): could not receive data: 9
[ 30354][E][WiFiUdp.cpp:221] parsePacket(): could not receive data: 9
[ 30360][E][WiFiUdp.cpp:221] parsePacket(): could not receive data: 9
[ 30366][E][WiFiUdp.cpp:221] parsePacket(): could not receive data: 9
[ 30372][E][WiFiUdp.cpp:221] parsePacket(): could not receive data: 9
[ 30378][E][WiFiUdp.cpp:221] parsePacket(): could not receive data: 9
[ 30384][E][WiFiUdp.cpp:221] parsePacket(): could not receive data: 9
[ 30390][E][WiFiUdp.cpp:221] parsePacket(): could not receive data: 9
[ 30396][E][WiFiUdp.cpp:221] parsePacket(): could not receive data: 9
[ 30402][E][WiFiUdp.cpp:221] parsePacket(): could not receive data: 9
[ 30408][E][WiFiUdp.cpp:221] parsePacket(): could not receive data: 9
[ 30414][E][WiFiUdp.cpp:221] parsePacket(): could not receive data: 9
[ 30420][E][WiFiUdp.cpp:221] parsePacket(): could not receive data: 9
[ 30426][E][WiFiUdp.cpp:221] parsePacket(): could not receive data: 9
[ 30432][E][WiFiUdp.cpp:221] parsePacket(): could not receive data: 9
[ 30438][E][WiFiUdp.cpp:221] parsePacket(): could not receive data: 9
[ 30444][E][WiFiUdp.cpp:221] parsePacket(): could not receive data: 9
[ 30450][E][WiFiUdp.cpp:221] parsePacket(): could not receive data: 9
[ 30456][E][WiFiUdp.cpp:221] parsePacket(): could not receive data: 9
[ 30462][E][WiFiUdp.cpp:221] parsePacket(): could not receive data: 9
[ 30468][E][WiFiUdp.cpp:221] parsePacket(): could not receive data: 9
[ 30474][E][WiFiUdp.cpp:221] parsePacket(): could not receive data: 9
[ 30480][E][WiFiUdp.cpp:221] parsePacket(): could not receive data: 9
[ 30486][E][WiFiUdp.cpp:221] parsePacket(): could not receive data: 9
[ 30492][E][WiFiUdp.cpp:221] parsePacket(): could not receive data: 9
[ 30498][E][WiFiUdp.cpp:221] parsePacket(): could not receive data: 9
[ 30504][E][WiFiUdp.cpp:221] parsePacket(): could not receive data: 9
[ 30510][E][WiFiUdp.cpp:221] parsePacket(): could not receive data: 9
[ 30516][E][WiFiUdp.cpp:221] parsePacket(): could not receive data: 9
[ 30522][E][WiFiUdp.cpp:221] parsePacket(): could not receive data: 9
[ 30528][E][WiFiUdp.cpp:221] parsePacket(): could not receive data: 9
[ 30533][E][WiFiUdp.cpp:221] parsePacket(): could not receive data: 9
[ 30539][E][WiFiUdp.cpp:221] parsePacket(): could not receive data: 9
[ 30545][E][WiFiUdp.cpp:221] parsePacket(): could not receive data: 9
[ 30551][E][WiFiUdp.cpp:221] parsePacket(): could not receive data: 9
[ 30557][E][WiFiUdp.cpp:221] parsePacket(): could not receive data: 9
[ 30563][E][WiFiUdp.cpp:221] parsePacket(): could not receive data: 9
[ 30569][E][WiFiUdp.cpp:221] parsePacket(): could not receive data: 9
[ 30575][E][WiFiUdp.cpp:221] parsePacket(): could not receive data: 9
[ 30581][E][WiFiUdp.cpp:221] parsePacket(): could not receive data: 9
[ 30587][E][WiFiUdp.cpp:221] parsePacket(): could not receive data: 9
[ 30593][E][WiFiUdp.cpp:221] parsePacket(): could not receive data: 9
[ 30599][E][WiFiUdp.cpp:221] parsePacket(): could not receive data: 9
[ 30605][E][WiFiUdp.cpp:221] parsePacket(): could not receive data: 9
[ 30611][E][WiFiUdp.cpp:221] parsePacket(): could not receive data: 9
[ 30617][E][WiFiUdp.cpp:221] parsePacket(): could not receive data: 9
[ 30623][E][WiFiUdp.cpp:221] parsePacket(): could not receive data: 9
[ 30629][E][WiFiUdp.cpp:221] parsePacket(): could not receive data: 9
[ 30635][E][WiFiUdp.cpp:221] parsePacket(): could not receive data: 9
[ 30641][E][WiFiUdp.cpp:221] parsePacket(): could not receive data: 9
[ 30647][E][WiFiUdp.cpp:221] parsePacket(): could not receive data: 9
[ 30653][E][WiFiUdp.cpp:221] parsePacket(): could not receive data: 9
[ 30658][E][WiFiUdp.cpp:221] parsePacket(): could not receive data: 9
[ 30664][E][WiFiUdp.cpp:221] parsePacket(): could not receive data: 9
[ 30670][E][WiFiUdp.cpp:221] parsePacket(): could not receive data: 9
[ 30676][E][WiFiUdp.cpp:221] parsePacket(): could not receive data: 9
[ 30682][E][WiFiUdp.cpp:221] parsePacket(): could not receive data: 9
[ 30688][E][WiFiUdp.cpp:221] parsePacket(): could not receive data: 9
[ 30694][E][WiFiUdp.cpp:221] parsePacket(): could not receive data: 9
[ 30700][E][WiFiUdp.cpp:221] parsePacket(): could not receive data: 9
[ 30706][E][WiFiUdp.cpp:221] parsePacket(): could not receive data: 9
[ 30712][E][WiFiUdp.cpp:221] parsePacket(): could not receive data: 9
[ 30717][E][WiFiUdp.cpp:221] parsePacket(): could not receive data: 9
[ 30722][E][WiFiUdp.cpp:221] parsePacket(): could not receive data: 9
[ 30727][E][WiFiUdp.cpp:221] parsePacket(): could not receive data: 9
[ 30733][E][WiFiUdp.cpp:221] parsePacket(): could not receive data: 9
[ 30739][E][WiFiUdp.cpp:221] parsePacket(): could not receive data: 9
[ 30745][E][WiFiUdp.cpp:221] parsePacket(): could not receive data: 9
[ 30751][E][WiFiUdp.cpp:221] parsePacket(): could not receive data: 9
[ 30757][E][WiFiUdp.cpp:221] parsePacket(): could not receive data: 9
[ 30763][E][WiFiUdp.cpp:221] parsePacket(): could not receive data: 9
[ 30768][E][WiFiUdp.cpp:221] parsePacket(): could not receive data: 9
[ 30774][E][WiFiUdp.cpp:221] parsePacket(): could not receive data: 9
[ 30780][E][WiFiUdp.cpp:221] parsePacket(): could not receive data: 9
[ 30788][E][WiFiUdp.cpp:221] parsePacket(): could not receive data: 9
[ 30794][E][WiFiUdp.cpp:221] parsePacket(): could not receive data: 9
[ 30800][E][WiFiUdp.cpp:221] parsePacket(): could not receive data: 9
[ 30806][E][WiFiUdp.cpp:221] parsePacket(): could not receive data: 9
[ 30812][E][WiFiUdp.cpp:221] parsePacket(): could not receive data: 9
[ 30818][E][WiFiUdp.cpp:221] parsePacket(): could not receive data: 9
[ 30824][E][WiFiUdp.cpp:221] parsePacket(): could not receive data: 9
[ 30830][E][WiFiUdp.cpp:221] parsePacket(): could not receive data: 9
[ 30836][E][WiFiUdp.cpp:221] parsePacket(): could not receive data: 9
[ 30842][E][WiFiUdp.cpp:221] parsePacket(): could not receive data: 9
[ 30848][E][WiFiUdp.cpp:221] parsePacket(): could not receive data: 9
[ 30854][E][WiFiUdp.cpp:221] parsePacket(): could not receive data: 9
[ 30860][E][WiFiUdp.cpp:221] parsePacket(): could not receive data: 9
[ 30866][E][WiFiUdp.cpp:221] parsePacket(): could not receive data: 9
[ 30872][E][WiFiUdp.cpp:221] parsePacket(): could not receive data: 9
[ 30878][E][WiFiUdp.cpp:221] parsePacket(): could not receive data: 9
[ 30884][E][WiFiUdp.cpp:221] parsePacket(): could not receive data: 9
[ 30890][E][WiFiUdp.cpp:221] parsePacket(): could not receive data: 9
[ 30896][E][WiFiUdp.cpp:221] parsePacket(): could not receive data: 9
[ 30902][E][WiFiUdp.cpp:221] parsePacket(): could not receive data: 9
[ 30908][E][WiFiUdp.cpp:221] parsePacket(): could not receive data: 9
[ 30914][E][WiFiUdp.cpp:221] parsePacket(): could not receive data: 9
[ 30920][E][WiFiUdp.cpp:221] parsePacket(): could not receive data: 9
[ 30926][E][WiFiUdp.cpp:221] parsePacket(): could not receive data: 9
[ 30932][E][WiFiUdp.cpp:221] parsePacket(): could not receive data: 9
[ 30938][E][WiFiUdp.cpp:221] parsePacket(): could not receive data: 9
[ 30944][E][WiFiUdp.cpp:221] parsePacket(): could not receive data: 9
[ 30950][E][WiFiUdp.cpp:221] parsePacket(): could not receive data: 9
[ 30956][E][WiFiUdp.cpp:221] parsePacket(): could not receive data: 9
[ 30962][E][WiFiUdp.cpp:221] parsePacket(): could not receive data: 9
[ 30968][E][WiFiUdp.cpp:221] parsePacket(): could not receive data: 9
[ 30974][E][WiFiUdp.cpp:221] parsePacket(): could not receive data: 9
[ 30980][E][WiFiUdp.cpp:221] parsePacket(): could not receive data: 9
[ 30986][E][WiFiUdp.cpp:221] parsePacket(): could not receive data: 9
[ 30992][E][WiFiUdp.cpp:221] parsePacket(): could not receive data: 9
[ 30998][E][WiFiUdp.cpp:221] parsePacket(): could not receive data: 9
[ 31004][E][WiFiUdp.cpp:221] parsePacket(): could not receive data: 9
[ 31010][E][WiFiUdp.cpp:221] parsePacket(): could not receive data: 9
[ 31016][E][WiFiUdp.cpp:221] parsePacket(): could not receive data: 9
[ 31022][E][WiFiUdp.cpp:221] parsePacket(): could not receive data: 9
[ 31028][E][WiFiUdp.cpp:221] parsePacket(): could not receive data: 9
[ 31034][E][WiFiUdp.cpp:221] parsePacket(): could not receive data: 9
[ 31040][E][WiFiUdp.cpp:221] parsePacket(): could not receive data: 9
[ 31046][E][WiFiUdp.cpp:221] parsePacket(): could not receive data: 9
[ 31052][E][WiFiUdp.cpp:221] parsePacket(): could not receive data: 9
[ 31058][E][WiFiUdp.cpp:221] parsePacket(): could not receive data: 9
[ 31064][E][WiFiUdp.cpp:221] parsePacket(): could not receive data: 9
[ 31070][E][WiFiUdp.cpp:221] parsePacket(): could not receive data: 9
[ 31076][E][WiFiUdp.cpp:221] parsePacket(): could not receive data: 9
[ 31091][E][WiFiUdp.cpp:221] parsePacket(): could not receive data: 9
[ 31101][E][WiFiUdp.cpp:221] parsePacket(): could not receive data: 9
[ 31109][E][WiFiUdp.cpp:221] parsePacket(): could not receive data: 9
[ 31115][E][WiFiUdp.cpp:221] parsePacket(): could not receive data: 9
[ 31121][E][WiFiUdp.cpp:221] parsePacket(): could not receive data: 9
[ 31127][E][WiFiUdp.cpp:221] parsePacket(): could not receive data: 9
[ 31133][E][WiFiUdp.cpp:221] parsePacket(): could not receive data: 9
[ 31139][E][WiFiUdp.cpp:221] parsePacket(): could not receive data: 9
[ 31145][E][WiFiUdp.cpp:221] parsePacket(): could not receive data: 9
[ 31153][E][WiFiUdp.cpp:221] parsePacket(): could not receive data: 9
[ 31159][E][WiFiUdp.cpp:221] parsePacket(): could not receive data: 9
[ 31165][E][WiFiUdp.cpp:221] parsePacket(): could not receive data: 9
[ 31171][E][WiFiUdp.cpp:221] parsePacket(): could not receive data: 9
[ 31177][E][WiFiUdp.cpp:221] parsePacket(): could not receive data: 9
[ 31183][E][WiFiUdp.cpp:221] parsePacket(): could not receive data: 9
[ 31189][E][WiFiUdp.cpp:221] parsePacket(): could not receive data: 9
[ 31195][E][WiFiUdp.cpp:221] parsePacket(): could not receive data: 9
[ 31201][E][WiFiUdp.cpp:221] parsePacket(): could not receive data: 9
[ 31207][E][WiFiUdp.cpp:221] parsePacket(): could not receive data: 9
[ 31213][E][WiFiUdp.cpp:221] parsePacket(): could not receive data: 9
[ 31219][E][WiFiUdp.cpp:221] parsePacket(): could not receive data: 9
[ 31225][E][WiFiUdp.cpp:221] parsePacket(): could not receive data: 9
[ 31231][E][WiFiUdp.cpp:221] parsePacket(): could not receive data: 9
[ 31237][E][WiFiUdp.cpp:221] parsePacket(): could not receive data: 9
[ 31243][E][WiFiUdp.cpp:221] parsePacket(): could not receive data: 9
[ 31249][E][WiFiUdp.cpp:221] parsePacket(): could not receive data: 9
[ 31255][E][WiFiUdp.cpp:221] parsePacket(): could not receive data: 9
[ 31261][E][WiFiUdp.cpp:221] parsePacket(): could not receive data: 9
[ 31267][E][WiFiUdp.cpp:221] parsePacket(): could not receive data: 9
[ 31273][E][WiFiUdp.cpp:221] parsePacket(): could not receive data: 9
[ 31279][E][WiFiUdp.cpp:221] parsePacket(): could not receive data: 9
[ 31285][E][WiFiUdp.cpp:221] parsePacket(): could not receive data: 9
[ 31291][E][WiFiUdp.cpp:221] parsePacket(): could not receive data: 9
[ 31297][E][WiFiUdp.cpp:221] parsePacket(): could not receive data: 9
[ 31303][E][WiFiUdp.cpp:221] parsePacket(): could not receive data: 9
[ 31309][E][WiFiUdp.cpp:221] parsePacket(): could not receive data: 9
[ 31315][E][WiFiUdp.cpp:221] parsePacket(): could not receive data: 9
[ 31321][E][WiFiUdp.cpp:221] parsePacket(): could not receive data: 9
[ 31327][E][WiFiUdp.cpp:221] parsePacket(): could not receive data: 9
[ 31333][E][WiFiUdp.cpp:221] parsePacket(): could not receive data: 9
[ 31339][E][WiFiUdp.cpp:221] parsePacket(): could not receive data: 9
[ 31345][E][WiFiUdp.cpp:221] parsePacket(): could not receive data: 9
[ 31351][E][WiFiUdp.cpp:221] parsePacket(): could not receive data: 9
[ 31357][E][WiFiUdp.cpp:221] parsePacket(): could not receive data: 9
[ 31363][E][WiFiUdp.cpp:221] parsePacket(): could not receive data: 9
[ 31370][E][WiFiUdp.cpp:221] parsePacket(): could not receive data: 9
[ 31376][E][WiFiUdp.cpp:221] parsePacket(): could not receive data: 9
[ 31382][E][WiFiUdp.cpp:221] parsePacket(): could not receive data: 9
[ 31388][E][WiFiUdp.cpp:221] parsePacket(): could not receive data: 9
[ 31394][E][WiFiUdp.cpp:221] parsePacket(): could not receive data: 9
[ 31400][E][WiFiUdp.cpp:221] parsePacket(): could not receive data: 9
[ 31406][E][WiFiUdp.cpp:221] parsePacket(): could not receive data: 9
[ 31412][E][WiFiUdp.cpp:221] parsePacket(): could not receive data: 9
[ 31417][E][WiFiUdp.cpp:221] parsePacket(): could not receive data: 9
[ 31423][E][WiFiUdp.cpp:221] parsePacket(): could not receive data: 9
[ 31429][E][WiFiUdp.cpp:221] parsePacket(): could not receive data: 9
[ 31435][E][WiFiUdp.cpp:221] parsePacket(): could not receive data: 9
[ 31441][E][WiFiUdp.cpp:221] parsePacket(): could not receive data: 9
[ 31447][E][WiFiUdp.cpp:221] parsePacket(): could not receive data: 9
[ 31453][E][WiFiUdp.cpp:221] parsePacket(): could not receive data: 9
[ 31459][E][WiFiUdp.cpp:221] parsePacket(): could not receive data: 9
[ 31465][E][WiFiUdp.cpp:221] parsePacket(): could not receive data: 9
[ 31471][E][WiFiUdp.cpp:221] parsePacket(): could not receive data: 9
[ 31477][E][WiFiUdp.cpp:221] parsePacket(): could not receive data: 9
[ 31483][E][WiFiUdp.cpp:221] parsePacket(): could not receive data: 9
[ 31489][E][WiFiUdp.cpp:221] parsePacket(): could not receive data: 9
[ 31495][E][WiFiUdp.cpp:221] parsePacket(): could not receive data: 9
[ 31501][E][WiFiUdp.cpp:221] parsePacket(): could not receive data: 9
[ 31507][E][WiFiUdp.cpp:221] parsePacket(): could not receive data: 9
[ 31513][E][WiFiUdp.cpp:221] parsePacket(): could not receive data: 9
[ 31519][E][WiFiUdp.cpp:221] parsePacket(): could not receive data: 9
[ 31525][E][WiFiUdp.cpp:221] parsePacket(): could not receive data: 9
[ 31531][E][WiFiUdp.cpp:221] parsePacket(): could not receive data: 9
[ 31537][E][WiFiUdp.cpp:221] parsePacket(): could not receive data: 9
[ 31543][E][WiFiUdp.cpp:221] parsePacket(): could not receive data: 9
[ 31549][E][WiFiUdp.cpp:221] parsePacket(): could not receive data: 9
[ 31555][E][WiFiUdp.cpp:221] parsePacket(): could not receive data: 9
[ 31561][E][WiFiUdp.cpp:221] parsePacket(): could not receive data: 9
[ 31567][E][WiFiUdp.cpp:221] parsePacket(): could not receive data: 9
[ 31573][E][WiFiUdp.cpp:221] parsePacket(): could not receive data: 9
[ 31579][E][WiFiUdp.cpp:221] parsePacket(): could not receive data: 9
[ 31585][E][WiFiUdp.cpp:221] parsePacket(): could not receive data: 9
[ 31591][E][WiFiUdp.cpp:221] parsePacket(): could not receive data: 9
[ 31597][E][WiFiUdp.cpp:221] parsePacket(): could not receive data: 9
[ 31603][E][WiFiUdp.cpp:221] parsePacket(): could not receive data: 9
[ 31609][E][WiFiUdp.cpp:221] parsePacket(): could not receive data: 9
[ 31615][E][WiFiUdp.cpp:221] parsePacket(): could not receive data: 9
[ 31621][E][WiFiUdp.cpp:221] parsePacket(): could not receive data: 9
[ 31627][E][WiFiUdp.cpp:221] parsePacket(): could not receive data: 9
[ 31633][E][WiFiUdp.cpp:221] parsePacket(): could not receive data: 9
[ 31639][E][WiFiUdp.cpp:221] parsePacket(): could not receive data: 9
[ 31645][E][WiFiUdp.cpp:221] parsePacket(): could not receive data: 9
[ 31651][E][WiFiUdp.cpp:221] parsePacket(): could not receive data: 9
[ 31657][E][WiFiUdp.cpp:221] parsePacket(): could not receive data: 9
[ 31663][E][WiFiUdp.cpp:221] parsePacket(): could not receive data: 9
[ 31669][E][WiFiUdp.cpp:221] parsePacket(): could not receive data: 9
[ 31675][E][WiFiUdp.cpp:221] parsePacket(): could not receive data: 9
[ 31681][E][WiFiUdp.cpp:221] parsePacket(): could not receive data: 9
[ 31687][E][WiFiUdp.cpp:221] parsePacket(): could not receive data: 9
[ 31693][E][WiFiUdp.cpp:221] parsePacket(): could not receive data: 9
[ 31699][E][WiFiUdp.cpp:221] parsePacket(): could not receive data: 9
[ 31705][E][WiFiUdp.cpp:221] parsePacket(): could not receive data: 9
[ 31711][E][WiFiUdp.cpp:221] parsePacket(): could not receive data: 9
[ 31717][E][WiFiUdp.cpp:221] parsePacket(): could not receive data: 9
[ 31723][E][WiFiUdp.cpp:221] parsePacket(): could not receive data: 9
[ 31729][E][WiFiUdp.cpp:221] parsePacket(): could not receive data: 9
[ 31735][E][WiFiUdp.cpp:221] parsePacket(): could not receive data: 9
[ 31741][E][WiFiUdp.cpp:221] parsePacket(): could not receive data: 9
[ 31747][E][WiFiUdp.cpp:221] parsePacket(): could not receive data: 9
[ 31753][E][WiFiUdp.cpp:221] parsePacket(): could not receive data: 9
[ 31759][E][WiFiUdp.cpp:221] parsePacket(): could not receive data: 9
[ 31765][E][WiFiUdp.cpp:221] parsePacket(): could not receive data: 9
[ 31770][E][WiFiUdp.cpp:221] parsePacket(): could not receive data: 9
[ 31775][E][WiFiUdp.cpp:221] parsePacket(): could not receive data: 9
[ 31781][E][WiFiUdp.cpp:221] parsePacket(): could not receive data: 9
[ 31787][E][WiFiUdp.cpp:221] parsePacket(): could not receive data: 9
[ 31793][E][WiFiUdp.cpp:221] parsePacket(): could not receive data: 9
[ 31799][E][WiFiUdp.cpp:221] parsePacket(): could not receive data: 9
[ 31805][E][WiFiUdp.cpp:221] parsePacket(): could not receive data: 9
[ 31811][E][WiFiUdp.cpp:221] parsePacket(): could not receive data: 9
[ 31817][E][WiFiUdp.cpp:221] parsePacket(): could not receive data: 9
[ 31823][E][WiFiUdp.cpp:221] parsePacket(): could not receive data: 9
[ 31829][E][WiFiUdp.cpp:221] parsePacket(): could not receive data: 9
[ 31835][E][WiFiUdp.cpp:221] parsePacket(): could not receive data: 9
[ 31841][E][WiFiUdp.cpp:221] parsePacket(): could not receive data: 9
[ 31847][E][WiFiUdp.cpp:221] parsePacket(): could not receive data: 9
[ 31853][E][WiFiUdp.cpp:221] parsePacket(): could not receive data: 9
[ 31859][E][WiFiUdp.cpp:221] parsePacket(): could not receive data: 9
[ 31865][E][WiFiUdp.cpp:221] parsePacket(): could not receive data: 9
[ 31871][E][WiFiUdp.cpp:221] parsePacket(): could not receive data: 9
[ 31877][E][WiFiUdp.cpp:221] parsePacket(): could not receive data: 9
[ 31883][E][WiFiUdp.cpp:221] parsePacket(): could not receive data: 9
[ 31888][E][WiFiUdp.cpp:221] parsePacket(): could not receive data: 9
[ 31893][E][WiFiUdp.cpp:221] parsePacket(): could not receive data: 9
[ 31899][E][WiFiUdp.cpp:221] parsePacket(): could not receive data: 9
[ 31905][E][WiFiUdp.cpp:221] parsePacket(): could not receive data: 9
[ 31911][E][WiFiUdp.cpp:221] parsePacket(): could not receive data: 9
[ 31917][E][WiFiUdp.cpp:221] parsePacket(): could not receive data: 9
[ 31923][E][WiFiUdp.cpp:221] parsePacket(): could not receive data: 9
[ 31929][E][WiFiUdp.cpp:221] parsePacket(): could not receive data: 9
[ 31935][E][WiFiUdp.cpp:221] parsePacket(): could not receive data: 9
[ 31941][E][WiFiUdp.cpp:221] parsePacket(): could not receive data: 9
[ 31947][E][WiFiUdp.cpp:221] parsePacket(): could not receive data: 9
[ 31953][E][WiFiUdp.cpp:221] parsePacket(): could not receive data: 9
[ 31959][E][WiFiUdp.cpp:221] parsePacket(): could not receive data: 9
[ 31965][E][WiFiUdp.cpp:221] parsePacket(): could not receive data: 9
[ 31971][E][WiFiUdp.cpp:221] parsePacket(): could not receive data: 9
[ 31977][E][WiFiUdp.cpp:221] parsePacket(): could not receive data: 9
[ 31983][E][WiFiUdp.cpp:221] parsePacket(): could not receive data: 9
[ 31989][E][WiFiUdp.cpp:221] parsePacket(): could not receive data: 9
[ 31995][E][WiFiUdp.cpp:221] parsePacket(): could not receive data: 9
[ 32001][E][WiFiUdp.cpp:221] parsePacket(): could not receive data: 9
[ 32007][E][WiFiUdp.cpp:221] parsePacket(): could not receive data: 9
[ 32012][E][WiFiUdp.cpp:221] parsePacket(): could not receive data: 9
[ 32018][E][WiFiUdp.cpp:221] parsePacket(): could not receive data: 9
[ 32024][E][WiFiUdp.cpp:221] parsePacket(): could not receive data: 9
[ 32029][E][WiFiUdp.cpp:221] parsePacket(): could not receive data: 9
[ 32034][E][WiFiUdp.cpp:221] parsePacket(): could not receive data: 9
[ 32040][E][WiFiUdp.cpp:221] parsePacket(): could not receive data: 9
[ 32046][E][WiFiUdp.cpp:221] parsePacket(): could not receive data: 9
[ 32052][E][WiFiUdp.cpp:221] parsePacket(): could not receive data: 9
[ 32058][E][WiFiUdp.cpp:221] parsePacket(): could not receive data: 9
[ 32064][E][WiFiUdp.cpp:221] parsePacket(): could not receive data: 9
[ 32070][E][WiFiUdp.cpp:221] parsePacket(): could not receive data: 9
[ 32076][E][WiFiUdp.cpp:221] parsePacket(): could not receive data: 9
[ 32082][E][WiFiUdp.cpp:221] parsePacket(): could not receive data: 9
[ 32088][E][WiFiUdp.cpp:221] parsePacket(): could not receive data: 9
[ 32094][E][WiFiUdp.cpp:221] parsePacket(): could not receive data: 9
[ 32100][E][WiFiUdp.cpp:221] parsePacket(): could not receive data: 9
[ 32106][E][WiFiUdp.cpp:221] parsePacket(): could not receive data: 9
[ 32112][E][WiFiUdp.cpp:221] parsePacket(): could not receive data: 9
[ 32118][E][WiFiUdp.cpp:221] parsePacket(): could not receive data: 9
[ 32124][E][WiFiUdp.cpp:221] parsePacket(): could not receive data: 9
[ 32130][E][WiFiUdp.cpp:221] parsePacket(): could not receive data: 9
[ 32136][E][WiFiUdp.cpp:221] parsePacket(): could not receive data: 9
[ 32142][E][WiFiUdp.cpp:221] parsePacket(): could not receive data: 9
[ 32148][E][WiFiUdp.cpp:221] parsePacket(): could not receive data: 9
[ 32154][E][WiFiUdp.cpp:221] parsePacket(): could not receive data: 9
[ 32160][E][WiFiUdp.cpp:221] parsePacket(): could not receive data: 9
[ 32166][E][WiFiUdp.cpp:221] parsePacket(): could not receive data: 9
[ 32172][E][WiFiUdp.cpp:221] parsePacket(): could not receive data: 9
[ 32178][E][WiFiUdp.cpp:221] parsePacket(): could not receive data: 9
[ 32184][E][WiFiUdp.cpp:221] parsePacket(): could not receive data: 9
[ 32190][E][WiFiUdp.cpp:221] parsePacket(): could not receive data: 9
[ 32196][E][WiFiUdp.cpp:221] parsePacket(): could not receive data: 9
[ 32202][E][WiFiUdp.cpp:221] parsePacket(): could not receive data: 9
[ 32208][E][WiFiUdp.cpp:221] parsePacket(): could not receive data: 9
[ 32214][E][WiFiUdp.cpp:221] parsePacket(): could not receive data: 9
[ 32220][E][WiFiUdp.cpp:221] parsePacket(): could not receive data: 9
[ 32226][E][WiFiUdp.cpp:221] parsePacket(): could not receive data: 9
[ 32232][E][WiFiUdp.cpp:221] parsePacket(): could not receive data: 9
[ 32238][E][WiFiUdp.cpp:221] parsePacket(): could not receive data: 9
[ 32244][E][WiFiUdp.cpp:221] parsePacket(): could not receive data: 9
[ 32250][E][WiFiUdp.cpp:221] parsePacket(): could not receive data: 9
[ 32256][E][WiFiUdp.cpp:221] parsePacket(): could not receive data: 9
[ 32262][E][WiFiUdp.cpp:221] parsePacket(): could not receive data: 9
[ 32268][E][WiFiUdp.cpp:221] parsePacket(): could not receive data: 9
[ 32274][E][WiFiUdp.cpp:221] parsePacket(): could not receive data: 9
[ 32280][E][WiFiUdp.cpp:221] parsePacket(): could not receive data: 9
[ 32286][E][WiFiUdp.cpp:221] parsePacket(): could not receive data: 9
[ 32292][E][WiFiUdp.cpp:221] parsePacket(): could not receive data: 9
[ 32297][E][WiFiUdp.cpp:221] parsePacket(): could not receive data: 9
[ 32303][E][WiFiUdp.cpp:221] parsePacket(): could not receive data: 9
[ 32309][E][WiFiUdp.cpp:221] parsePacket(): could not receive data: 9
[ 32315][E][WiFiUdp.cpp:221] parsePacket(): could not receive data: 9
[ 32321][E][WiFiUdp.cpp:221] parsePacket(): could not receive data: 9
[ 32327][E][WiFiUdp.cpp:221] parsePacket(): could not receive data: 9
[ 32333][E][WiFiUdp.cpp:221] parsePacket(): could not receive data: 9
[ 32339][E][WiFiUdp.cpp:221] parsePacket(): could not receive data: 9
[ 32345][E][WiFiUdp.cpp:221] parsePacket(): could not receive data: 9
[ 32351][E][WiFiUdp.cpp:221] parsePacket(): could not receive data: 9
[ 32357][E][WiFiUdp.cpp:221] parsePacket(): could not receive data: 9
[ 32363][E][WiFiUdp.cpp:221] parsePacket(): could not receive data: 9
[ 32369][E][WiFiUdp.cpp:221] parsePacket(): could not receive data: 9
[ 32375][E][WiFiUdp.cpp:221] parsePacket(): could not receive data: 9
[ 32381][E][WiFiUdp.cpp:221] parsePacket(): could not receive data: 9
[ 32387][E][WiFiUdp.cpp:221] parsePacket(): could not receive data: 9
[ 32393][E][WiFiUdp.cpp:221] parsePacket(): could not receive data: 9
[ 32399][E][WiFiUdp.cpp:221] parsePacket(): could not receive data: 9
[ 32405][E][WiFiUdp.cpp:221] parsePacket(): could not receive data: 9
[ 32411][E][WiFiUdp.cpp:221] parsePacket(): could not receive data: 9
[ 32417][E][WiFiUdp.cpp:221] parsePacket(): could not receive data: 9
[ 32423][E][WiFiUdp.cpp:221] parsePacket(): could not receive data: 9
[ 32429][E][WiFiUdp.cpp:221] parsePacket(): could not receive data: 9
[ 32435][E][WiFiUdp.cpp:221] parsePacket(): could not receive data: 9
[ 32441][E][WiFiUdp.cpp:221] parsePacket(): could not receive data: 9
[ 32447][E][WiFiUdp.cpp:221] parsePacket(): could not receive data: 9
[ 32453][E][WiFiUdp.cpp:221] parsePacket(): could not receive data: 9
[ 32459][E][WiFiUdp.cpp:221] parsePacket(): could not receive data: 9
[ 32465][E][WiFiUdp.cpp:221] parsePacket(): could not receive data: 9
[ 32471][E][WiFiUdp.cpp:221] parsePacket(): could not receive data: 9
[ 32477][E][WiFiUdp.cpp:221] parsePacket(): could not receive data: 9
[ 32483][E][WiFiUdp.cpp:221] parsePacket(): could not receive data: 9
[ 32489][E][WiFiUdp.cpp:221] parsePacket(): could not receive data: 9
[ 32495][E][WiFiUdp.cpp:221] parsePacket(): could not receive data: 9
[ 32501][E][WiFiUdp.cpp:221] parsePacket(): could not receive data: 9
[ 32507][E][WiFiUdp.cpp:221] parsePacket(): could not receive data: 9
[ 32513][E][WiFiUdp.cpp:221] parsePacket(): could not receive data: 9
[ 32519][E][WiFiUdp.cpp:221] parsePacket(): could not receive data: 9
[ 32525][E][WiFiUdp.cpp:221] parsePacket(): could not receive data: 9
[ 32531][E][WiFiUdp.cpp:221] parsePacket(): could not receive data: 9
[ 32537][E][WiFiUdp.cpp:221] parsePacket(): could not receive data: 9
[ 32543][E][WiFiUdp.cpp:221] parsePacket(): could not receive data: 9
[ 32549][E][WiFiUdp.cpp:221] parsePacket(): could not receive data: 9
[ 32555][E][WiFiUdp.cpp:221] parsePacket(): could not receive data: 9
[ 32561][E][WiFiUdp.cpp:221] parsePacket(): could not receive data: 9
[ 32567][E][WiFiUdp.cpp:221] parsePacket(): could not receive data: 9
[ 32573][E][WiFiUdp.cpp:221] parsePacket(): could not receive data: 9
[ 32579][E][WiFiUdp.cpp:221] parsePacket(): could not receive data: 9
[ 32585][E][WiFiUdp.cpp:221] parsePacket(): could not receive data: 9
[ 32591][E][WiFiUdp.cpp:221] parsePacket(): could not receive data: 9
[ 32597][E][WiFiUdp.cpp:221] parsePacket(): could not receive data: 9
[ 32603][E][WiFiUdp.cpp:221] parsePacket(): could not receive data: 9
[ 32609][E][WiFiUdp.cpp:221] parsePacket(): could not receive data: 9
[ 32615][E][WiFiUdp.cpp:221] parsePacket(): could not receive data: 9
[ 32621][E][WiFiUdp.cpp:221] parsePacket(): could not receive data: 9
[ 32627][E][WiFiUdp.cpp:221] parsePacket(): could not receive data: 9
[ 32633][E][WiFiUdp.cpp:221] parsePacket(): could not receive data: 9
[ 32639][E][WiFiUdp.cpp:221] parsePacket(): could not receive data: 9
[ 32645][E][WiFiUdp.cpp:221] parsePacket(): could not receive data: 9
[ 32651][E][WiFiUdp.cpp:221] parsePacket(): could not receive data: 9
[ 32657][E][WiFiUdp.cpp:221] parsePacket(): could not receive data: 9
[ 32663][E][WiFiUdp.cpp:221] parsePacket(): could not receive data: 9
[ 32669][E][WiFiUdp.cpp:221] parsePacket(): could not receive data: 9
[ 32675][E][WiFiUdp.cpp:221] parsePacket(): could not receive data: 9
[ 32681][E][WiFiUdp.cpp:221] parsePacket(): could not receive data: 9
[ 32687][E][WiFiUdp.cpp:221] parsePacket(): could not receive data: 9
[ 32693][E][WiFiUdp.cpp:221] parsePacket(): could not receive data: 9
[ 32699][E][WiFiUdp.cpp:221] parsePacket(): could not receive data: 9
[ 32705][E][WiFiUdp.cpp:221] parsePacket(): could not receive data: 9
[ 32711][E][WiFiUdp.cpp:221] parsePacket(): could not receive data: 9
[ 32717][E][WiFiUdp.cpp:221] parsePacket(): could not receive data: 9
[ 32723][E][WiFiUdp.cpp:221] parsePacket(): could not receive data: 9
[ 32729][E][WiFiUdp.cpp:221] parsePacket(): could not receive data: 9
[ 32735][E][WiFiUdp.cpp:221] parsePacket(): could not receive data: 9
[ 32741][E][WiFiUdp.cpp:221] parsePacket(): could not receive data: 9
[ 32747][E][WiFiUdp.cpp:221] parsePacket(): could not receive data: 9
[ 32753][E][WiFiUdp.cpp:221] parsePacket(): could not receive data: 9
[ 32759][E][WiFiUdp.cpp:221] parsePacket(): could not receive data: 9
[ 32765][E][WiFiUdp.cpp:221] parsePacket(): could not receive data: 9
[ 32771][E][WiFiUdp.cpp:221] parsePacket(): could not receive data: 9
[ 32777][E][WiFiUdp.cpp:221] parsePacket(): could not receive data: 9
[ 32783][E][WiFiUdp.cpp:221] parsePacket(): could not receive data: 9
[ 32789][E][WiFiUdp.cpp:221] parsePacket(): could not receive data: 9
[ 32795][E][WiFiUdp.cpp:221] parsePacket(): could not receive data: 9
[ 32801][E][WiFiUdp.cpp:221] parsePacket(): could not receive data: 9
[ 32807][E][WiFiUdp.cpp:221] parsePacket(): could not receive data: 9
[ 32813][E][WiFiUdp.cpp:221] parsePacket(): could not receive data: 9
[ 32819][E][WiFiUdp.cpp:221] parsePacket(): could not receive data: 9
[ 32825][E][WiFiUdp.cpp:221] parsePacket(): could not receive data: 9
[ 32831][E][WiFiUdp.cpp:221] parsePacket(): could not receive data: 9
[ 32837][E][WiFiUdp.cpp:221] parsePacket(): could not receive data: 9
[ 32843][E][WiFiUdp.cpp:221] parsePacket(): could not receive data: 9
[ 32849][E][WiFiUdp.cpp:221] parsePacket(): could not receive data: 9
[ 32855][E][WiFiUdp.cpp:221] parsePacket(): could not receive data: 9
[ 32861][E][WiFiUdp.cpp:221] parsePacket(): could not receive data: 9
[ 32867][E][WiFiUdp.cpp:221] parsePacket(): could not receive data: 9
[ 32873][E][WiFiUdp.cpp:221] parsePacket(): could not receive data: 9
[ 32879][E][WiFiUdp.cpp:221] parsePacket(): could not receive data: 9
[ 32885][E][WiFiUdp.cpp:221] parsePacket(): could not receive data: 9
[ 32891][E][WiFiUdp.cpp:221] parsePacket(): could not receive data: 9
[ 32897][E][WiFiUdp.cpp:221] parsePacket(): could not receive data: 9
[ 32903][E][WiFiUdp.cpp:221] parsePacket(): could not receive data: 9
[ 32909][E][WiFiUdp.cpp:221] parsePacket(): could not receive data: 9
[ 32915][E][WiFiUdp.cpp:221] parsePacket(): could not receive data: 9
[ 32921][E][WiFiUdp.cpp:221] parsePacket(): could not receive data: 9
[ 32927][E][WiFiUdp.cpp:221] parsePacket(): could not receive data: 9
[ 32933][E][WiFiUdp.cpp:221] parsePacket(): could not receive data: 9
[ 32939][E][WiFiUdp.cpp:221] parsePacket(): could not receive data: 9
[ 32945][E][WiFiUdp.cpp:221] parsePacket(): could not receive data: 9
[ 32951][E][WiFiUdp.cpp:221] parsePacket(): could not receive data: 9
[ 32957][E][WiFiUdp.cpp:221] parsePacket(): could not receive data: 9
[ 32963][E][WiFiUdp.cpp:221] parsePacket(): could not receive data: 9
[ 32969][E][WiFiUdp.cpp:221] parsePacket(): could not receive data: 9
[ 32975][E][WiFiUdp.cpp:221] parsePacket(): could not receive data: 9
[ 32981][E][WiFiUdp.cpp:221] parsePacket(): could not receive data: 9
[ 32987][E][WiFiUdp.cpp:221] parsePacket(): could not receive data: 9
[ 32993][E][WiFiUdp.cpp:221] parsePacket(): could not receive data: 9
[ 32998][E][WiFiUdp.cpp:221] parsePacket(): could not receive data: 9
[ 33004][E][WiFiUdp.cpp:221] parsePacket(): could not receive data: 9
[ 33010][E][WiFiUdp.cpp:221] parsePacket(): could not receive data: 9
[ 33016][E][WiFiUdp.cpp:221] parsePacket(): could not receive data: 9
[ 33022][E][WiFiUdp.cpp:221] parsePacket(): could not receive data: 9
[ 33028][E][WiFiUdp.cpp:221] parsePacket(): could not receive data: 9
[ 33034][E][WiFiUdp.cpp:221] parsePacket(): could not receive data: 9
[ 33040][E][WiFiUdp.cpp:221] parsePacket(): could not receive data: 9
[ 33046][E][WiFiUdp.cpp:221] parsePacket(): could not receive data: 9
[ 33052][E][WiFiUdp.cpp:221] parsePacket(): could not receive data: 9
[ 33058][E][WiFiUdp.cpp:221] parsePacket(): could not receive data: 9
[ 33064][E][WiFiUdp.cpp:221] parsePacket(): could not receive data: 9
[ 33070][E][WiFiUdp.cpp:221] parsePacket(): could not receive data: 9
[ 33076][E][WiFiUdp.cpp:221] parsePacket(): could not receive data: 9
[ 33082][E][WiFiUdp.cpp:221] parsePacket(): could not receive data: 9
[ 33088][E][WiFiUdp.cpp:221] parsePacket(): could not receive data: 9
[ 33094][E][WiFiUdp.cpp:221] parsePacket(): could not receive data: 9
[ 33100][E][WiFiUdp.cpp:221] parsePacket(): could not receive data: 9
[ 33106][E][WiFiUdp.cpp:221] parsePacket(): could not receive data: 9
[ 33112][E][WiFiUdp.cpp:221] parsePacket(): could not receive data: 9
[ 33118][E][WiFiUdp.cpp:221] parsePacket(): could not receive data: 9
[ 33124][E][WiFiUdp.cpp:221] parsePacket(): could not receive data: 9
[ 33129][E][WiFiUdp.cpp:221] parsePacket(): could not receive data: 9
[ 33135][E][WiFiUdp.cpp:221] parsePacket(): could not receive data: 9
[ 33141][E][WiFiUdp.cpp:221] parsePacket(): could not receive data: 9
[ 33147][E][WiFiUdp.cpp:221] parsePacket(): could not receive data: 9
[ 33153][E][WiFiUdp.cpp:221] parsePacket(): could not receive data: 9
[ 33159][E][WiFiUdp.cpp:221] parsePacket(): could not receive data: 9
[ 33165][E][WiFiUdp.cpp:221] parsePacket(): could not receive data: 9
[ 33171][E][WiFiUdp.cpp:221] parsePacket(): could not receive data: 9
[ 33177][E][WiFiUdp.cpp:221] parsePacket(): could not receive data: 9
[ 33183][E][WiFiUdp.cpp:221] parsePacket(): could not receive data: 9
[ 33189][E][WiFiUdp.cpp:221] parsePacket(): could not receive data: 9
[ 33195][E][WiFiUdp.cpp:221] parsePacket(): could not receive data: 9
[ 33201][E][WiFiUdp.cpp:221] parsePacket(): could not receive data: 9
[ 33207][E][WiFiUdp.cpp:221] parsePacket(): could not receive data: 9
[ 33213][E][WiFiUdp.cpp:221] parsePacket(): could not receive data: 9
[ 33220][E][WiFiUdp.cpp:221] parsePacket(): could not receive data: 9
[ 33226][E][WiFiUdp.cpp:221] parsePacket(): could not receive data: 9
[ 33232][E][WiFiUdp.cpp:221] parsePacket(): could not receive data: 9
[ 33238][E][WiFiUdp.cpp:221] parsePacket(): could not receive data: 9
[ 33244][E][WiFiUdp.cpp:221] parsePacket(): could not receive data: 9
[ 33250][E][WiFiUdp.cpp:221] parsePacket(): could not receive data: 9
[ 33256][E][WiFiUdp.cpp:221] parsePacket(): could not receive data: 9
[ 33262][E][WiFiUdp.cpp:221] parsePacket(): could not receive data: 9
[ 33268][E][WiFiUdp.cpp:221] parsePacket(): could not receive data: 9
[ 33274][E][WiFiUdp.cpp:221] parsePacket(): could not receive data: 9
[ 33280][E][WiFiUdp.cpp:221] parsePacket(): could not receive data: 9
[ 33286][E][WiFiUdp.cpp:221] parsePacket(): could not receive data: 9
[ 33292][E][WiFiUdp.cpp:221] parsePacket(): could not receive data: 9
[ 33297][E][WiFiUdp.cpp:221] parsePacket(): could not receive data: 9
[ 33302][E][WiFiUdp.cpp:221] parsePacket(): could not receive data: 9
[ 33308][E][WiFiUdp.cpp:221] parsePacket(): could not receive data: 9
[ 33314][E][WiFiUdp.cpp:221] parsePacket(): could not receive data: 9
[ 33320][E][WiFiUdp.cpp:221] parsePacket(): could not receive data: 9
[ 33326][E][WiFiUdp.cpp:221] parsePacket(): could not receive data: 9
[ 33332][E][WiFiUdp.cpp:221] parsePacket(): could not receive data: 9
[ 33338][E][WiFiUdp.cpp:221] parsePacket(): could not receive data: 9
[ 33344][E][WiFiUdp.cpp:221] parsePacket(): could not receive data: 9
[ 33350][E][WiFiUdp.cpp:221] parsePacket(): could not receive data: 9
[ 33356][E][WiFiUdp.cpp:221] parsePacket(): could not receive data: 9
[ 33362][E][WiFiUdp.cpp:221] parsePacket(): could not receive data: 9
[ 33368][E][WiFiUdp.cpp:221] parsePacket(): could not receive data: 9
[ 33374][E][WiFiUdp.cpp:221] parsePacket(): could not receive data: 9
[ 33380][E][WiFiUdp.cpp:221] parsePacket(): could not receive data: 9
[ 33386][E][WiFiUdp.cpp:221] parsePacket(): could not receive data: 9
[ 33392][E][WiFiUdp.cpp:221] parsePacket(): could not receive data: 9
[ 33398][E][WiFiUdp.cpp:221] parsePacket(): could not receive data: 9
[ 33404][E][WiFiUdp.cpp:221] parsePacket(): could not receive data: 9
[ 33410][E][WiFiUdp.cpp:221] parsePacket(): could not receive data: 9
[ 33416][E][WiFiUdp.cpp:221] parsePacket(): could not receive data: 9
[ 33422][E][WiFiUdp.cpp:221] parsePacket(): could not receive data: 9
[ 33428][E][WiFiUdp.cpp:221] parsePacket(): could not receive data: 9
[ 33434][E][WiFiUdp.cpp:221] parsePacket(): could not receive data: 9
[ 33440][E][WiFiUdp.cpp:221] parsePacket(): could not receive data: 9
[ 33446][E][WiFiUdp.cpp:221] parsePacket(): could not receive data: 9
[ 33452][E][WiFiUdp.cpp:221] parsePacket(): could not receive data: 9
[ 33458][E][WiFiUdp.cpp:221] parsePacket(): could not receive data: 9
[ 33464][E][WiFiUdp.cpp:221] parsePacket(): could not receive data: 9
[ 33470][E][WiFiUdp.cpp:221] parsePacket(): could not receive data: 9
[ 33476][E][WiFiUdp.cpp:221] parsePacket(): could not receive data: 9
[ 33482][E][WiFiUdp.cpp:221] parsePacket(): could not receive data: 9
[ 33488][E][WiFiUdp.cpp:221] parsePacket(): could not receive data: 9
[ 33494][E][WiFiUdp.cpp:221] parsePacket(): could not receive data: 9
[ 33500][E][WiFiUdp.cpp:221] parsePacket(): could not receive data: 9
[ 33506][E][WiFiUdp.cpp:221] parsePacket(): could not receive data: 9
[ 33512][E][WiFiUdp.cpp:221] parsePacket(): could not receive data: 9
[ 33518][E][WiFiUdp.cpp:221] parsePacket(): could not receive data: 9
[ 33524][E][WiFiUdp.cpp:221] parsePacket(): could not receive data: 9
[ 33530][E][WiFiUdp.cpp:221] parsePacket(): could not receive data: 9
[ 33536][E][WiFiUdp.cpp:221] parsePacket(): could not receive data: 9
[ 33542][E][WiFiUdp.cpp:221] parsePacket(): could not receive data: 9
[ 33548][E][WiFiUdp.cpp:221] parsePacket(): could not receive data: 9
[ 33554][E][WiFiUdp.cpp:221] parsePacket(): could not receive data: 9
[ 33560][E][WiFiUdp.cpp:221] parsePacket(): could not receive data: 9
[ 33566][E][WiFiUdp.cpp:221] parsePacket(): could not receive data: 9
[ 33572][E][WiFiUdp.cpp:221] parsePacket(): could not receive data: 9
[ 33578][E][WiFiUdp.cpp:221] parsePacket(): could not receive data: 9
[ 33584][E][WiFiUdp.cpp:221] parsePacket(): could not receive data: 9
[ 33590][E][WiFiUdp.cpp:221] parsePacket(): could not receive data: 9
[ 33596][E][WiFiUdp.cpp:221] parsePacket(): could not receive data: 9
[ 33602][E][WiFiUdp.cpp:221] parsePacket(): could not receive data: 9
[ 33608][E][WiFiUdp.cpp:221] parsePacket(): could not receive data: 9
[ 33614][E][WiFiUdp.cpp:221] parsePacket(): could not receive data: 9
[ 33620][E][WiFiUdp.cpp:221] parsePacket(): could not receive data: 9
[ 33625][E][WiFiUdp.cpp:221] parsePacket(): could not receive data: 9
[ 33631][E][WiFiUdp.cpp:221] parsePacket(): could not receive data: 9
[ 33637][E][WiFiUdp.cpp:221] parsePacket(): could not receive data: 9
[ 33643][E][WiFiUdp.cpp:221] parsePacket(): could not receive data: 9
[ 33649][E][WiFiUdp.cpp:221] parsePacket(): could not receive data: 9
[ 33655][E][WiFiUdp.cpp:221] parsePacket(): could not receive data: 9
[ 33661][E][WiFiUdp.cpp:221] parsePacket(): could not receive data: 9
[ 33667][E][WiFiUdp.cpp:221] parsePacket(): could not receive data: 9
[ 33673][E][WiFiUdp.cpp:221] parsePacket(): could not receive data: 9
[ 33679][E][WiFiUdp.cpp:221] parsePacket(): could not receive data: 9
[ 33685][E][WiFiUdp.cpp:221] parsePacket(): could not receive data: 9
[ 33691][E][WiFiUdp.cpp:221] parsePacket(): could not receive data: 9
[ 33697][E][WiFiUdp.cpp:221] parsePacket(): could not receive data: 9
[ 33703][E][WiFiUdp.cpp:221] parsePacket(): could not receive data: 9
[ 33709][E][WiFiUdp.cpp:221] parsePacket(): could not receive data: 9
[ 33715][E][WiFiUdp.cpp:221] parsePacket(): could not receive data: 9
[ 33721][E][WiFiUdp.cpp:221] parsePacket(): could not receive data: 9
[ 33727][E][WiFiUdp.cpp:221] parsePacket(): could not receive data: 9
[ 33733][E][WiFiUdp.cpp:221] parsePacket(): could not receive data: 9
[ 33739][E][WiFiUdp.cpp:221] parsePacket(): could not receive data: 9
[ 33745][E][WiFiUdp.cpp:221] parsePacket(): could not receive data: 9
[ 33751][E][WiFiUdp.cpp:221] parsePacket(): could not receive data: 9
[ 33757][E][WiFiUdp.cpp:221] parsePacket(): could not receive data: 9
[ 33763][E][WiFiUdp.cpp:221] parsePacket(): could not receive data: 9
[ 33768][E][WiFiUdp.cpp:221] parsePacket(): could not receive data: 9
[ 33774][E][WiFiUdp.cpp:221] parsePacket(): could not receive data: 9
[ 33780][E][WiFiUdp.cpp:221] parsePacket(): could not receive data: 9
[ 33786][E][WiFiUdp.cpp:221] parsePacket(): could not receive data: 9
[ 33792][E][WiFiUdp.cpp:221] parsePacket(): could not receive data: 9
[ 33797][E][WiFiUdp.cpp:221] parsePacket(): could not receive data: 9
[ 33803][E][WiFiUdp.cpp:221] parsePacket(): could not receive data: 9
[ 33809][E][WiFiUdp.cpp:221] parsePacket(): could not receive data: 9
[ 33815][E][WiFiUdp.cpp:221] parsePacket(): could not receive data: 9
[ 33821][E][WiFiUdp.cpp:221] parsePacket(): could not receive data: 9
[ 33827][E][WiFiUdp.cpp:221] parsePacket(): could not receive data: 9
[ 33833][E][WiFiUdp.cpp:221] parsePacket(): could not receive data: 9
[ 33839][E][WiFiUdp.cpp:221] parsePacket(): could not receive data: 9
[ 33845][E][WiFiUdp.cpp:221] parsePacket(): could not receive data: 9
[ 33851][E][WiFiUdp.cpp:221] parsePacket(): could not receive data: 9
[ 33857][E][WiFiUdp.cpp:221] parsePacket(): could not receive data: 9
[ 33863][E][WiFiUdp.cpp:221] parsePacket(): could not receive data: 9
[ 33869][E][WiFiUdp.cpp:221] parsePacket(): could not receive data: 9
[ 33875][E][WiFiUdp.cpp:221] parsePacket(): could not receive data: 9
[ 33881][E][WiFiUdp.cpp:221] parsePacket(): could not receive data: 9
[ 33887][E][WiFiUdp.cpp:221] parsePacket(): could not receive data: 9
[ 33893][E][WiFiUdp.cpp:221] parsePacket(): could not receive data: 9
[ 33899][E][WiFiUdp.cpp:221] parsePacket(): could not receive data: 9
[ 33905][E][WiFiUdp.cpp:221] parsePacket(): could not receive data: 9
[ 33911][E][WiFiUdp.cpp:221] parsePacket(): could not receive data: 9
[ 33917][E][WiFiUdp.cpp:221] parsePacket(): could not receive data: 9
[ 33923][E][WiFiUdp.cpp:221] parsePacket(): could not receive data: 9
[ 33929][E][WiFiUdp.cpp:221] parsePacket(): could not receive data: 9
[ 33935][E][WiFiUdp.cpp:221] parsePacket(): could not receive data: 9
[ 33941][E][WiFiUdp.cpp:221] parsePacket(): could not receive data: 9
[ 33947][E][WiFiUdp.cpp:221] parsePacket(): could not receive data: 9
[ 33953][E][WiFiUdp.cpp:221] parsePacket(): could not receive data: 9
[ 33959][E][WiFiUdp.cpp:221] parsePacket(): could not receive data: 9
[ 33965][E][WiFiUdp.cpp:221] parsePacket(): could not receive data: 9
[ 33971][E][WiFiUdp.cpp:221] parsePacket(): could not receive data: 9
[ 33977][E][WiFiUdp.cpp:221] parsePacket(): could not receive data: 9
[ 33983][E][WiFiUdp.cpp:221] parsePacket(): could not receive data: 9
[ 33989][E][WiFiUdp.cpp:221] parsePacket(): could not receive data: 9
[ 33995][E][WiFiUdp.cpp:221] parsePacket(): could not receive data: 9
[ 34001][E][WiFiUdp.cpp:221] parsePacket(): could not receive data: 9
[ 34007][E][WiFiUdp.cpp:221] parsePacket(): could not receive data: 9
[ 34013][E][WiFiUdp.cpp:221] parsePacket(): could not receive data: 9
[ 34019][E][WiFiUdp.cpp:221] parsePacket(): could not receive data: 9
[ 34025][E][WiFiUdp.cpp:221] parsePacket(): could not receive data: 9
[ 34031][E][WiFiUdp.cpp:221] parsePacket(): could not receive data: 9
[ 34037][E][WiFiUdp.cpp:221] parsePacket(): could not receive data: 9
[ 34043][E][WiFiUdp.cpp:221] parsePacket(): could not receive data: 9
[ 34048][E][WiFiUdp.cpp:221] parsePacket(): could not receive data: 9
[ 34054][E][WiFiUdp.cpp:221] parsePacket(): could not receive data: 9
[ 34059][E][WiFiUdp.cpp:221] parsePacket(): could not receive data: 9
[ 34065][E][WiFiUdp.cpp:221] parsePacket(): could not receive data: 9
[ 34071][E][WiFiUdp.cpp:221] parsePacket(): could not receive data: 9
[ 34077][E][WiFiUdp.cpp:221] parsePacket(): could not receive data: 9
[ 34083][E][WiFiUdp.cpp:221] parsePacket(): could not receive data: 9
[ 34089][E][WiFiUdp.cpp:221] parsePacket(): could not receive data: 9
[ 34095][E][WiFiUdp.cpp:221] parsePacket(): could not receive data: 9
[ 34100][E][WiFiUdp.cpp:221] parsePacket(): could not receive data: 9
[ 34106][E][WiFiUdp.cpp:221] parsePacket(): could not receive data: 9
[ 34112][E][WiFiUdp.cpp:221] parsePacket(): could not receive data: 9
[ 34118][E][WiFiUdp.cpp:221] parsePacket(): could not receive data: 9
[ 34124][E][WiFiUdp.cpp:221] parsePacket(): could not receive data: 9
[ 34130][E][WiFiUdp.cpp:221] parsePacket(): could not receive data: 9
[ 34135][E][WiFiUdp.cpp:221] parsePacket(): could not receive data: 9
[ 34140][E][WiFiUdp.cpp:221] parsePacket(): could not receive data: 9
[ 34146][E][WiFiUdp.cpp:221] parsePacket(): could not receive data: 9
[ 34152][E][WiFiUdp.cpp:221] parsePacket(): could not receive data: 9
[ 34158][E][WiFiUdp.cpp:221] parsePacket(): could not receive data: 9
[ 34164][E][WiFiUdp.cpp:221] parsePacket(): could not receive data: 9
[ 34170][E][WiFiUdp.cpp:221] parsePacket(): could not receive data: 9
[ 34176][E][WiFiUdp.cpp:221] parsePacket(): could not receive data: 9
[ 34182][E][WiFiUdp.cpp:221] parsePacket(): could not receive data: 9
[ 34188][E][WiFiUdp.cpp:221] parsePacket(): could not receive data: 9
[ 34194][E][WiFiUdp.cpp:221] parsePacket(): could not receive data: 9
[ 34200][E][WiFiUdp.cpp:221] parsePacket(): could not receive data: 9
[ 34206][E][WiFiUdp.cpp:221] parsePacket(): could not receive data: 9
[ 34212][E][WiFiUdp.cpp:221] parsePacket(): could not receive data: 9
[ 34218][E][WiFiUdp.cpp:221] parsePacket(): could not receive data: 9
[ 34224][E][WiFiUdp.cpp:221] parsePacket(): could not receive data: 9
[ 34230][E][WiFiUdp.cpp:221] parsePacket(): could not receive data: 9
[ 34236][E][WiFiUdp.cpp:221] parsePacket(): could not receive data: 9
[ 34242][E][WiFiUdp.cpp:221] parsePacket(): could not receive data: 9
[ 34248][E][WiFiUdp.cpp:221] parsePacket(): could not receive data: 9
[ 34254][E][WiFiUdp.cpp:221] parsePacket(): could not receive data: 9
[ 34260][E][WiFiUdp.cpp:221] parsePacket(): could not receive data: 9
[ 34266][E][WiFiUdp.cpp:221] parsePacket(): could not receive data: 9
[ 34272][E][WiFiUdp.cpp:221] parsePacket(): could not receive data: 9
[ 34278][E][WiFiUdp.cpp:221] parsePacket(): could not receive data: 9
[ 34284][E][WiFiUdp.cpp:221] parsePacket(): could not receive data: 9
[ 34290][E][WiFiUdp.cpp:221] parsePacket(): could not receive data: 9
[ 34296][E][WiFiUdp.cpp:221] parsePacket(): could not receive data: 9
[ 34302][E][WiFiUdp.cpp:221] parsePacket(): could not receive data: 9
[ 34308][E][WiFiUdp.cpp:221] parsePacket(): could not receive data: 9
[ 34314][E][WiFiUdp.cpp:221] parsePacket(): could not receive data: 9
[ 34320][E][WiFiUdp.cpp:221] parsePacket(): could not receive data: 9
[ 34326][E][WiFiUdp.cpp:221] parsePacket(): could not receive data: 9
[ 34332][E][WiFiUdp.cpp:221] parsePacket(): could not receive data: 9
[ 34338][E][WiFiUdp.cpp:221] parsePacket(): could not receive data: 9
[ 34344][E][WiFiUdp.cpp:221] parsePacket(): could not receive data: 9
[ 34350][E][WiFiUdp.cpp:221] parsePacket(): could not receive data: 9
[ 34356][E][WiFiUdp.cpp:221] parsePacket(): could not receive data: 9
[ 34362][E][WiFiUdp.cpp:221] parsePacket(): could not receive data: 9
[ 34368][E][WiFiUdp.cpp:221] parsePacket(): could not receive data: 9
[ 34374][E][WiFiUdp.cpp:221] parsePacket(): could not receive data: 9
[ 34380][E][WiFiUdp.cpp:221] parsePacket(): could not receive data: 9
[ 34386][E][WiFiUdp.cpp:221] parsePacket(): could not receive data: 9
[ 34392][E][WiFiUdp.cpp:221] parsePacket(): could not receive data: 9
[ 34398][E][WiFiUdp.cpp:221] parsePacket(): could not receive data: 9
[ 34404][E][WiFiUdp.cpp:221] parsePacket(): could not receive data: 9
[ 34410][E][WiFiUdp.cpp:221] parsePacket(): could not receive data: 9
[ 34416][E][WiFiUdp.cpp:221] parsePacket(): could not receive data: 9
[ 34422][E][WiFiUdp.cpp:221] parsePacket(): could not receive data: 9
[ 34428][E][WiFiUdp.cpp:221] parsePacket(): could not receive data: 9
[ 34434][E][WiFiUdp.cpp:221] parsePacket(): could not receive data: 9
[ 34440][E][WiFiUdp.cpp:221] parsePacket(): could not receive data: 9
[ 34446][E][WiFiUdp.cpp:221] parsePacket(): could not receive data: 9
[ 34452][E][WiFiUdp.cpp:221] parsePacket(): could not receive data: 9
[ 34458][E][WiFiUdp.cpp:221] parsePacket(): could not receive data: 9
[ 34464][E][WiFiUdp.cpp:221] parsePacket(): could not receive data: 9
[ 34470][E][WiFiUdp.cpp:221] parsePacket(): could not receive data: 9
[ 34476][E][WiFiUdp.cpp:221] parsePacket(): could not receive data: 9
[ 34482][E][WiFiUdp.cpp:221] parsePacket(): could not receive data: 9
[ 34488][E][WiFiUdp.cpp:221] parsePacket(): could not receive data: 9
[ 34494][E][WiFiUdp.cpp:221] parsePacket(): could not receive data: 9
[ 34500][E][WiFiUdp.cpp:221] parsePacket(): could not receive data: 9
[ 34506][E][WiFiUdp.cpp:221] parsePacket(): could not receive data: 9
[ 34512][E][WiFiUdp.cpp:221] parsePacket(): could not receive data: 9
[ 34518][E][WiFiUdp.cpp:221] parsePacket(): could not receive data: 9
[ 34524][E][WiFiUdp.cpp:221] parsePacket(): could not receive data: 9
[ 34530][E][WiFiUdp.cpp:221] parsePacket(): could not receive data: 9
[ 34536][E][WiFiUdp.cpp:221] parsePacket(): could not receive data: 9
[ 34542][E][WiFiUdp.cpp:221] parsePacket(): could not receive data: 9
[ 34548][E][WiFiUdp.cpp:221] parsePacket(): could not receive data: 9
[ 34554][E][WiFiUdp.cpp:221] parsePacket(): could not receive data: 9
[ 34560][E][WiFiUdp.cpp:221] parsePacket(): could not receive data: 9
[ 34566][E][WiFiUdp.cpp:221] parsePacket(): could not receive data: 9
[ 34572][E][WiFiUdp.cpp:221] parsePacket(): could not receive data: 9
[ 34578][E][WiFiUdp.cpp:221] parsePacket(): could not receive data: 9
[ 34584][E][WiFiUdp.cpp:221] parsePacket(): could not receive data: 9
[ 34590][E][WiFiUdp.cpp:221] parsePacket(): could not receive data: 9
[ 34596][E][WiFiUdp.cpp:221] parsePacket(): could not receive data: 9
[ 34602][E][WiFiUdp.cpp:221] parsePacket(): could not receive data: 9
[ 34608][E][WiFiUdp.cpp:221] parsePacket(): could not receive data: 9
[ 34614][E][WiFiUdp.cpp:221] parsePacket(): could not receive data: 9
[ 34620][E][WiFiUdp.cpp:221] parsePacket(): could not receive data: 9
[ 34626][E][WiFiUdp.cpp:221] parsePacket(): could not receive data: 9
[ 34632][E][WiFiUdp.cpp:221] parsePacket(): could not receive data: 9
[ 34638][E][WiFiUdp.cpp:221] parsePacket(): could not receive data: 9
[ 34644][E][WiFiUdp.cpp:221] parsePacket(): could not receive data: 9
[ 34650][E][WiFiUdp.cpp:221] parsePacket(): could not receive data: 9
[ 34656][E][WiFiUdp.cpp:221] parsePacket(): could not receive data: 9
[ 34662][E][WiFiUdp.cpp:221] parsePacket(): could not receive data: 9
[ 34668][E][WiFiUdp.cpp:221] parsePacket(): could not receive data: 9
[ 34674][E][WiFiUdp.cpp:221] parsePacket(): could not receive data: 9
[ 34680][E][WiFiUdp.cpp:221] parsePacket(): could not receive data: 9
[ 34686][E][WiFiUdp.cpp:221] parsePacket(): could not receive data: 9
[ 34692][E][WiFiUdp.cpp:221] parsePacket(): could not receive data: 9
[ 34698][E][WiFiUdp.cpp:221] parsePacket(): could not receive data: 9
[ 34704][E][WiFiUdp.cpp:221] parsePacket(): could not receive data: 9
[ 34710][E][WiFiUdp.cpp:221] parsePacket(): could not receive data: 9
[ 34716][E][WiFiUdp.cpp:221] parsePacket(): could not receive data: 9
[ 34722][E][WiFiUdp.cpp:221] parsePacket(): could not receive data: 9
[ 34728][E][WiFiUdp.cpp:221] parsePacket(): could not receive data: 9
[ 34734][E][WiFiUdp.cpp:221] parsePacket(): could not receive data: 9
[ 34740][E][WiFiUdp.cpp:221] parsePacket(): could not receive data: 9
[ 34746][E][WiFiUdp.cpp:221] parsePacket(): could not receive data: 9
[ 34752][E][WiFiUdp.cpp:221] parsePacket(): could not receive data: 9
[ 34758][E][WiFiUdp.cpp:221] parsePacket(): could not receive data: 9
[ 34764][E][WiFiUdp.cpp:221] parsePacket(): could not receive data: 9
[ 34770][E][WiFiUdp.cpp:221] parsePacket(): could not receive data: 9
[ 34776][E][WiFiUdp.cpp:221] parsePacket(): could not receive data: 9
[ 34782][E][WiFiUdp.cpp:221] parsePacket(): could not receive data: 9
[ 34788][E][WiFiUdp.cpp:221] parsePacket(): could not receive data: 9
[ 34794][E][WiFiUdp.cpp:221] parsePacket(): could not receive data: 9
[ 34800][E][WiFiUdp.cpp:221] parsePacket(): could not receive data: 9
[ 34806][E][WiFiUdp.cpp:221] parsePacket(): could not receive data: 9
[ 34812][E][WiFiUdp.cpp:221] parsePacket(): could not receive data: 9
[ 34818][E][WiFiUdp.cpp:221] parsePacket(): could not receive data: 9
[ 34824][E][WiFiUdp.cpp:221] parsePacket(): could not receive data: 9
[ 34830][E][WiFiUdp.cpp:221] parsePacket(): could not receive data: 9
[ 34836][E][WiFiUdp.cpp:221] parsePacket(): could not receive data: 9
[ 34842][E][WiFiUdp.cpp:221] parsePacket(): could not receive data: 9
[ 34848][E][WiFiUdp.cpp:221] parsePacket(): could not receive data: 9
[ 34854][E][WiFiUdp.cpp:221] parsePacket(): could not receive data: 9
[ 34860][E][WiFiUdp.cpp:221] parsePacket(): could not receive data: 9
[ 34866][E][WiFiUdp.cpp:221] parsePacket(): could not receive data: 9
[ 34872][E][WiFiUdp.cpp:221] parsePacket(): could not receive data: 9
[ 34878][E][WiFiUdp.cpp:221] parsePacket(): could not receive data: 9
[ 34884][E][WiFiUdp.cpp:221] parsePacket(): could not receive data: 9
[ 34890][E][WiFiUdp.cpp:221] parsePacket(): could not receive data: 9
[ 34896][E][WiFiUdp.cpp:221] parsePacket(): could not receive data: 9
[ 34902][E][WiFiUdp.cpp:221] parsePacket(): could not receive data: 9
[ 34908][E][WiFiUdp.cpp:221] parsePacket(): could not receive data: 9
[ 34914][E][WiFiUdp.cpp:221] parsePacket(): could not receive data: 9
[ 34920][E][WiFiUdp.cpp:221] parsePacket(): could not receive data: 9
[ 34926][E][WiFiUdp.cpp:221] parsePacket(): could not receive data: 9
[ 34932][E][WiFiUdp.cpp:221] parsePacket(): could not receive data: 9
[ 34938][E][WiFiUdp.cpp:221] parsePacket(): could not receive data: 9
[ 34944][E][WiFiUdp.cpp:221] parsePacket(): could not receive data: 9
[ 34950][E][WiFiUdp.cpp:221] parsePacket(): could not receive data: 9
[ 34956][E][WiFiUdp.cpp:221] parsePacket(): could not receive data: 9
[ 34962][E][WiFiUdp.cpp:221] parsePacket(): could not receive data: 9
[ 34968][E][WiFiUdp.cpp:221] parsePacket(): could not receive data: 9
[ 34974][E][WiFiUdp.cpp:221] parsePacket(): could not receive data: 9
[ 34980][E][WiFiUdp.cpp:221] parsePacket(): could not receive data: 9
[ 34986][E][WiFiUdp.cpp:221] parsePacket(): could not receive data: 9
[ 34992][E][WiFiUdp.cpp:221] parsePacket(): could not receive data: 9
[ 34998][E][WiFiUdp.cpp:221] parsePacket(): could not receive data: 9
[ 35004][E][WiFiUdp.cpp:221] parsePacket(): could not receive data: 9
[ 35010][E][WiFiUdp.cpp:221] parsePacket(): could not receive data: 9
[ 35016][E][WiFiUdp.cpp:221] parsePacket(): could not receive data: 9
[ 35022][E][WiFiUdp.cpp:221] parsePacket(): could not receive data: 9
[ 35028][E][WiFiUdp.cpp:221] parsePacket(): could not receive data: 9
[ 35034][E][WiFiUdp.cpp:221] parsePacket(): could not receive data: 9
[ 35040][E][WiFiUdp.cpp:221] parsePacket(): could not receive data: 9
[ 35046][E][WiFiUdp.cpp:221] parsePacket(): could not receive data: 9
[ 35051][E][WiFiUdp.cpp:221] parsePacket(): could not receive data: 9
[ 35057][E][WiFiUdp.cpp:221] parsePacket(): could not receive data: 9
[ 35063][E][WiFiUdp.cpp:221] parsePacket(): could not receive data: 9
[ 35069][E][WiFiUdp.cpp:221] parsePacket(): could not receive data: 9
[ 35075][E][WiFiUdp.cpp:221] parsePacket(): could not receive data: 9
[ 35080][E][WiFiUdp.cpp:221] parsePacket(): could not receive data: 9
[ 35086][E][WiFiUdp.cpp:221] parsePacket(): could not receive data: 9
[ 35092][E][WiFiUdp.cpp:221] parsePacket(): could not receive data: 9
[ 35098][E][WiFiUdp.cpp:221] parsePacket(): could not receive data: 9
[ 35104][E][WiFiUdp.cpp:221] parsePacket(): could not receive data: 9
[ 35110][E][WiFiUdp.cpp:221] parsePacket(): could not receive data: 9
[ 35116][E][WiFiUdp.cpp:221] parsePacket(): could not receive data: 9
[ 35122][E][WiFiUdp.cpp:221] parsePacket(): could not receive data: 9
[ 35128][E][WiFiUdp.cpp:221] parsePacket(): could not receive data: 9
[ 35134][E][WiFiUdp.cpp:221] parsePacket(): could not receive data: 9
[ 35140][E][WiFiUdp.cpp:221] parsePacket(): could not receive data: 9
[ 35146][E][WiFiUdp.cpp:221] parsePacket(): could not receive data: 9
[ 35152][E][WiFiUdp.cpp:221] parsePacket(): could not receive data: 9
[ 35158][E][WiFiUdp.cpp:221] parsePacket(): could not receive data: 9
[ 35164][E][WiFiUdp.cpp:221] parsePacket(): could not receive data: 9
[ 35170][E][WiFiUdp.cpp:221] parsePacket(): could not receive data: 9
[ 35176][E][WiFiUdp.cpp:221] parsePacket(): could not receive data: 9
[ 35182][E][WiFiUdp.cpp:221] parsePacket(): could not receive data: 9
[ 35188][E][WiFiUdp.cpp:221] parsePacket(): could not receive data: 9
[ 35194][E][WiFiUdp.cpp:221] parsePacket(): could not receive data: 9
[ 35200][E][WiFiUdp.cpp:221] parsePacket(): could not receive data: 9
[ 35206][E][WiFiUdp.cpp:221] parsePacket(): could not receive data: 9
[ 35212][E][WiFiUdp.cpp:221] parsePacket(): could not receive data: 9
[ 35218][E][WiFiUdp.cpp:221] parsePacket(): could not receive data: 9
[ 35224][E][WiFiUdp.cpp:221] parsePacket(): could not receive data: 9
[ 35230][E][WiFiUdp.cpp:221] parsePacket(): could not receive data: 9
[ 35236][E][WiFiUdp.cpp:221] parsePacket(): could not receive data: 9
[ 35242][E][WiFiUdp.cpp:221] parsePacket(): could not receive data: 9
[ 35248][E][WiFiUdp.cpp:221] parsePacket(): could not receive data: 9
[ 35254][E][WiFiUdp.cpp:221] parsePacket(): could not receive data: 9
[ 35260][E][WiFiUdp.cpp:221] parsePacket(): could not receive data: 9
[ 35266][E][WiFiUdp.cpp:221] parsePacket(): could not receive data: 9
[ 35272][E][WiFiUdp.cpp:221] parsePacket(): could not receive data: 9
[ 35278][E][WiFiUdp.cpp:221] parsePacket(): could not receive data: 9
[ 35284][E][WiFiUdp.cpp:221] parsePacket(): could not receive data: 9
[ 35290][E][WiFiUdp.cpp:221] parsePacket(): could not receive data: 9
[ 35296][E][WiFiUdp.cpp:221] parsePacket(): could not receive data: 9
[ 35302][E][WiFiUdp.cpp:221] parsePacket(): could not receive data: 9
[ 35308][E][WiFiUdp.cpp:221] parsePacket(): could not receive data: 9
[ 35314][E][WiFiUdp.cpp:221] parsePacket(): could not receive data: 9
[ 35320][E][WiFiUdp.cpp:221] parsePacket(): could not receive data: 9
[ 35326][E][WiFiUdp.cpp:221] parsePacket(): could not receive data: 9
[ 35332][E][WiFiUdp.cpp:221] parsePacket(): could not receive data: 9
[ 35338][E][WiFiUdp.cpp:221] parsePacket(): could not receive data: 9
[ 35344][E][WiFiUdp.cpp:221] parsePacket(): could not receive data: 9
[ 35350][E][WiFiUdp.cpp:221] parsePacket(): could not receive data: 9
[ 35356][E][WiFiUdp.cpp:221] parsePacket(): could not receive data: 9
[ 35362][E][WiFiUdp.cpp:221] parsePacket(): could not receive data: 9
[ 35368][E][WiFiUdp.cpp:221] parsePacket(): could not receive data: 9
[ 35374][E][WiFiUdp.cpp:221] parsePacket(): could not receive data: 9
[ 35380][E][WiFiUdp.cpp:221] parsePacket(): could not receive data: 9
[ 35386][E][WiFiUdp.cpp:221] parsePacket(): could not receive data: 9
[ 35392][E][WiFiUdp.cpp:221] parsePacket(): could not receive data: 9
[ 35398][E][WiFiUdp.cpp:221] parsePacket(): could not receive data: 9
[ 35404][E][WiFiUdp.cpp:221] parsePacket(): could not receive data: 9
[ 35410][E][WiFiUdp.cpp:221] parsePacket(): could not receive data: 9
[ 35416][E][WiFiUdp.cpp:221] parsePacket(): could not receive data: 9
[ 35422][E][WiFiUdp.cpp:221] parsePacket(): could not receive data: 9
[ 35428][E][WiFiUdp.cpp:221] parsePacket(): could not receive data: 9
[ 35434][E][WiFiUdp.cpp:221] parsePacket(): could not receive data: 9
[ 35440][E][WiFiUdp.cpp:221] parsePacket(): could not receive data: 9
[ 35446][E][WiFiUdp.cpp:221] parsePacket(): could not receive data: 9
[ 35451][E][WiFiUdp.cpp:221] parsePacket(): could not receive data: 9
[ 35457][E][WiFiUdp.cpp:221] parsePacket(): could not receive data: 9
[ 35463][E][WiFiUdp.cpp:221] parsePacket(): could not receive data: 9
[ 35469][E][WiFiUdp.cpp:221] parsePacket(): could not receive data: 9
[ 35475][E][WiFiUdp.cpp:221] parsePacket(): could not receive data: 9
[ 35481][E][WiFiUdp.cpp:221] parsePacket(): could not receive data: 9
[ 35487][E][WiFiUdp.cpp:221] parsePacket(): could not receive data: 9
[ 35493][E][WiFiUdp.cpp:221] parsePacket(): could not receive data: 9
[ 35499][E][WiFiUdp.cpp:221] parsePacket(): could not receive data: 9
[ 35505][E][WiFiUdp.cpp:221] parsePacket(): could not receive data: 9
[ 35511][E][WiFiUdp.cpp:221] parsePacket(): could not receive data: 9
[ 35517][E][WiFiUdp.cpp:221] parsePacket(): could not receive data: 9
[ 35523][E][WiFiUdp.cpp:221] parsePacket(): could not receive data: 9
[ 35529][E][WiFiUdp.cpp:221] parsePacket(): could not receive data: 9
[ 35535][E][WiFiUdp.cpp:221] parsePacket(): could not receive data: 9
[ 35541][E][WiFiUdp.cpp:221] parsePacket(): could not receive data: 9
[ 35547][E][WiFiUdp.cpp:221] parsePacket(): could not receive data: 9
[ 35553][E][WiFiUdp.cpp:221] parsePacket(): could not receive data: 9
[ 35558][E][WiFiUdp.cpp:221] parsePacket(): could not receive data: 9
[ 35564][E][WiFiUdp.cpp:221] parsePacket(): could not receive data: 9
[ 35570][E][WiFiUdp.cpp:221] parsePacket(): could not receive data: 9
[ 35576][E][WiFiUdp.cpp:221] parsePacket(): could not receive data: 9
[ 35582][E][WiFiUdp.cpp:221] parsePacket(): could not receive data: 9
[ 35588][E][WiFiUdp.cpp:221] parsePacket(): could not receive data: 9
[ 35594][E][WiFiUdp.cpp:221] parsePacket(): could not receive data: 9
[ 35600][E][WiFiUdp.cpp:221] parsePacket(): could not receive data: 9
[ 35606][E][WiFiUdp.cpp:221] parsePacket(): could not receive data: 9
[ 35612][E][WiFiUdp.cpp:221] parsePacket(): could not receive data: 9
[ 35618][E][WiFiUdp.cpp:221] parsePacket(): could not receive data: 9
[ 35624][E][WiFiUdp.cpp:221] parsePacket(): could not receive data: 9
[ 35630][E][WiFiUdp.cpp:221] parsePacket(): could not receive data: 9
[ 35636][E][WiFiUdp.cpp:221] parsePacket(): could not receive data: 9
[ 35642][E][WiFiUdp.cpp:221] parsePacket(): could not receive data: 9
[ 35648][E][WiFiUdp.cpp:221] parsePacket(): could not receive data: 9
[ 35654][E][WiFiUdp.cpp:221] parsePacket(): could not receive data: 9
[ 35660][E][WiFiUdp.cpp:221] parsePacket(): could not receive data: 9
[ 35666][E][WiFiUdp.cpp:221] parsePacket(): could not receive data: 9
[ 35672][E][WiFiUdp.cpp:221] parsePacket(): could not receive data: 9
[ 35678][E][WiFiUdp.cpp:221] parsePacket(): could not receive data: 9
[ 35684][E][WiFiUdp.cpp:221] parsePacket(): could not receive data: 9
[ 35690][E][WiFiUdp.cpp:221] parsePacket(): could not receive data: 9
[ 35696][E][WiFiUdp.cpp:221] parsePacket(): could not receive data: 9
[ 35702][E][WiFiUdp.cpp:221] parsePacket(): could not receive data: 9
[ 35708][E][WiFiUdp.cpp:221] parsePacket(): could not receive data: 9
[ 35714][E][WiFiUdp.cpp:221] parsePacket(): could not receive data: 9
[ 35720][E][WiFiUdp.cpp:221] parsePacket(): could not receive data: 9
[ 35726][E][WiFiUdp.cpp:221] parsePacket(): could not receive data: 9
[ 35732][E][WiFiUdp.cpp:221] parsePacket(): could not receive data: 9
[ 35738][E][WiFiUdp.cpp:221] parsePacket(): could not receive data: 9
[ 35744][E][WiFiUdp.cpp:221] parsePacket(): could not receive data: 9
[ 35750][E][WiFiUdp.cpp:221] parsePacket(): could not receive data: 9
[ 35755][E][WiFiUdp.cpp:221] parsePacket(): could not receive data: 9
[ 35760][E][WiFiUdp.cpp:221] parsePacket(): could not receive data: 9
[ 35766][E][WiFiUdp.cpp:221] parsePacket(): could not receive data: 9
[ 35772][E][WiFiUdp.cpp:221] parsePacket(): could not receive data: 9
[ 35778][E][WiFiUdp.cpp:221] parsePacket(): could not receive data: 9
[ 35784][E][WiFiUdp.cpp:221] parsePacket(): could not receive data: 9
[ 35790][E][WiFiUdp.cpp:221] parsePacket(): could not receive data: 9
[ 35796][E][WiFiUdp.cpp:221] parsePacket(): could not receive data: 9
[ 35802][E][WiFiUdp.cpp:221] parsePacket(): could not receive data: 9
[ 35808][E][WiFiUdp.cpp:221] parsePacket(): could not receive data: 9
[ 35814][E][WiFiUdp.cpp:221] parsePacket(): could not receive data: 9
[ 35820][E][WiFiUdp.cpp:221] parsePacket(): could not receive data: 9
[ 35826][E][WiFiUdp.cpp:221] parsePacket(): could not receive data: 9
[ 35831][E][WiFiUdp.cpp:221] parsePacket(): could not receive data: 9
[ 35837][E][WiFiUdp.cpp:221] parsePacket(): could not receive data: 9
[ 35843][E][WiFiUdp.cpp:221] parsePacket(): could not receive data: 9
[ 35848][E][WiFiUdp.cpp:221] parsePacket(): could not receive data: 9
[ 35853][E][WiFiUdp.cpp:221] parsePacket(): could not receive data: 9
[ 35858][E][WiFiUdp.cpp:221] parsePacket(): could not receive data: 9
[ 35864][E][WiFiUdp.cpp:221] parsePacket(): could not receive data: 9
[ 35870][E][WiFiUdp.cpp:221] parsePacket(): could not receive data: 9
[ 35876][E][WiFiUdp.cpp:221] parsePacket(): could not receive data: 9
[ 35882][E][WiFiUdp.cpp:221] parsePacket(): could not receive data: 9
[ 35888][E][WiFiUdp.cpp:221] parsePacket(): could not receive data: 9
[ 35894][E][WiFiUdp.cpp:221] parsePacket(): could not receive data: 9
[ 35900][E][WiFiUdp.cpp:221] parsePacket(): could not receive data: 9
[ 35906][E][WiFiUdp.cpp:221] parsePacket(): could not receive data: 9
[ 35912][E][WiFiUdp.cpp:221] parsePacket(): could not receive data: 9
[ 35918][E][WiFiUdp.cpp:221] parsePacket(): could not receive data: 9
[ 35924][E][WiFiUdp.cpp:221] parsePacket(): could not receive data: 9
[ 35930][E][WiFiUdp.cpp:221] parsePacket(): could not receive data: 9
[ 35936][E][WiFiUdp.cpp:221] parsePacket(): could not receive data: 9
[ 35942][E][WiFiUdp.cpp:221] parsePacket(): could not receive data: 9
[ 35948][E][WiFiUdp.cpp:221] parsePacket(): could not receive data: 9
[ 35954][E][WiFiUdp.cpp:221] parsePacket(): could not receive data: 9
[ 35960][E][WiFiUdp.cpp:221] parsePacket(): could not receive data: 9
[ 35966][E][WiFiUdp.cpp:221] parsePacket(): could not receive data: 9
[ 35972][E][WiFiUdp.cpp:221] parsePacket(): could not receive data: 9
[ 35978][E][WiFiUdp.cpp:221] parsePacket(): could not receive data: 9
[ 35984][E][WiFiUdp.cpp:221] parsePacket(): could not receive data: 9
[ 35990][E][WiFiUdp.cpp:221] parsePacket(): could not receive data: 9
[ 35996][E][WiFiUdp.cpp:221] parsePacket(): could not receive data: 9
[ 36002][E][WiFiUdp.cpp:221] parsePacket(): could not receive data: 9
[ 36008][E][WiFiUdp.cpp:221] parsePacket(): could not receive data: 9
[ 36014][E][WiFiUdp.cpp:221] parsePacket(): could not receive data: 9
[ 36020][E][WiFiUdp.cpp:221] parsePacket(): could not receive data: 9
[ 36026][E][WiFiUdp.cpp:221] parsePacket(): could not receive data: 9
[ 36032][E][WiFiUdp.cpp:221] parsePacket(): could not receive data: 9
[ 36038][E][WiFiUdp.cpp:221] parsePacket(): could not receive data: 9
[ 36044][E][WiFiUdp.cpp:221] parsePacket(): could not receive data: 9
[ 36049][E][WiFiUdp.cpp:221] parsePacket(): could not receive data: 9
[ 36055][E][WiFiUdp.cpp:221] parsePacket(): could not receive data: 9
[ 36061][E][WiFiUdp.cpp:221] parsePacket(): could not receive data: 9
[ 36067][E][WiFiUdp.cpp:221] parsePacket(): could not receive data: 9
[ 36073][E][WiFiUdp.cpp:221] parsePacket(): could not receive data: 9
[ 36079][E][WiFiUdp.cpp:221] parsePacket(): could not receive data: 9
[ 36085][E][WiFiUdp.cpp:221] parsePacket(): could not receive data: 9
[ 36091][E][WiFiUdp.cpp:221] parsePacket(): could not receive data: 9
[ 36097][E][WiFiUdp.cpp:221] parsePacket(): could not receive data: 9
[ 36103][E][WiFiUdp.cpp:221] parsePacket(): could not receive data: 9
[ 36109][E][WiFiUdp.cpp:221] parsePacket(): could not receive data: 9
[ 36115][E][WiFiUdp.cpp:221] parsePacket(): could not receive data: 9
[ 36121][E][WiFiUdp.cpp:221] parsePacket(): could not receive data: 9
[ 36127][E][WiFiUdp.cpp:221] parsePacket(): could not receive data: 9
[ 36133][E][WiFiUdp.cpp:221] parsePacket(): could not receive data: 9
[ 36139][E][WiFiUdp.cpp:221] parsePacket(): could not receive data: 9
[ 36145][E][WiFiUdp.cpp:221] parsePacket(): could not receive data: 9
[ 36151][E][WiFiUdp.cpp:221] parsePacket(): could not receive data: 9
[ 36157][E][WiFiUdp.cpp:221] parsePacket(): could not receive data: 9
[ 36163][E][WiFiUdp.cpp:221] parsePacket(): could not receive data: 9
[ 36169][E][WiFiUdp.cpp:221] parsePacket(): could not receive data: 9
[ 36175][E][WiFiUdp.cpp:221] parsePacket(): could not receive data: 9
[ 36181][E][WiFiUdp.cpp:221] parsePacket(): could not receive data: 9
[ 36187][E][WiFiUdp.cpp:221] parsePacket(): could not receive data: 9
[ 36193][E][WiFiUdp.cpp:221] parsePacket(): could not receive data: 9
[ 36199][E][WiFiUdp.cpp:221] parsePacket(): could not receive data: 9
[ 36205][E][WiFiUdp.cpp:221] parsePacket(): could not receive data: 9
[ 36211][E][WiFiUdp.cpp:221] parsePacket(): could not receive data: 9
[ 36217][E][WiFiUdp.cpp:221] parsePacket(): could not receive data: 9
[ 36223][E][WiFiUdp.cpp:221] parsePacket(): could not receive data: 9
[ 36229][E][WiFiUdp.cpp:221] parsePacket(): could not receive data: 9
[ 36235][E][WiFiUdp.cpp:221] parsePacket(): could not receive data: 9
[ 36242][E][WiFiUdp.cpp:221] parsePacket(): could not receive data: 9
[ 36249][E][WiFiUdp.cpp:221] parsePacket(): could not receive data: 9
[ 36256][E][WiFiUdp.cpp:221] parsePacket(): could not receive data: 9
[ 36264][E][WiFiUdp.cpp:221] parsePacket(): could not receive data: 9
[ 36272][E][WiFiUdp.cpp:221] parsePacket(): could not receive data: 9
[ 36281][E][WiFiUdp.cpp:221] parsePacket(): could not receive data: 9
[ 36288][E][WiFiUdp.cpp:221] parsePacket(): could not receive data: 9
[ 36294][E][WiFiUdp.cpp:221] parsePacket(): could not receive data: 9
[ 36301][E][WiFiUdp.cpp:221] parsePacket(): could not receive data: 9
[ 36309][E][WiFiUdp.cpp:221] parsePacket(): could not receive data: 9
[ 36316][E][WiFiUdp.cpp:221] parsePacket(): could not receive data: 9
[ 36324][E][WiFiUdp.cpp:221] parsePacket(): could not receive data: 9
[ 36332][E][WiFiUdp.cpp:221] parsePacket(): could not receive data: 9
[ 36339][E][WiFiUdp.cpp:221] parsePacket(): could not receive data: 9
[ 36346][E][WiFiUdp.cpp:221] parsePacket(): could not receive data: 9
[ 36354][E][WiFiUdp.cpp:221] parsePacket(): could not receive data: 9
[ 36363][E][WiFiUdp.cpp:221] parsePacket(): could not receive data: 9
[ 36372][E][WiFiUdp.cpp:221] parsePacket(): could not receive data: 9
[ 36379][E][WiFiUdp.cpp:221] parsePacket(): could not receive data: 9
[ 36386][E][WiFiUdp.cpp:221] parsePacket(): could not receive data: 9
[ 36393][E][WiFiUdp.cpp:221] parsePacket(): could not receive data: 9
[ 36400][E][WiFiUdp.cpp:221] parsePacket(): could not receive data: 9
[ 36407][E][WiFiUdp.cpp:221] parsePacket(): could not receive data: 9
[ 36414][E][WiFiUdp.cpp:221] parsePacket(): could not receive data: 9
[ 36421][E][WiFiUdp.cpp:221] parsePacket(): could not receive data: 9
[ 36428][E][WiFiUdp.cpp:221] parsePacket(): could not receive data: 9
[ 36435][E][WiFiUdp.cpp:221] parsePacket(): could not receive data: 9
[ 36442][E][WiFiUdp.cpp:221] parsePacket(): could not receive data: 9
[ 36449][E][WiFiUdp.cpp:221] parsePacket(): could not receive data: 9
[ 36456][E][WiFiUdp.cpp:221] parsePacket(): could not receive data: 9
[ 36463][E][WiFiUdp.cpp:221] parsePacket(): could not receive data: 9
[ 36470][E][WiFiUdp.cpp:221] parsePacket(): could not receive data: 9
[ 36477][E][WiFiUdp.cpp:221] parsePacket(): could not receive data: 9
[ 36484][E][WiFiUdp.cpp:221] parsePacket(): could not receive data: 9
[ 36491][E][WiFiUdp.cpp:221] parsePacket(): could not receive data: 9
[ 36498][E][WiFiUdp.cpp:221] parsePacket(): could not receive data: 9
[ 36505][E][WiFiUdp.cpp:221] parsePacket(): could not receive data: 9
[ 36511][E][WiFiUdp.cpp:221] parsePacket(): could not receive data: 9
[ 36517][E][WiFiUdp.cpp:221] parsePacket(): could not receive data: 9
[ 36523][E][WiFiUdp.cpp:221] parsePacket(): could not receive data: 9
[ 36529][E][WiFiUdp.cpp:221] parsePacket(): could not receive data: 9
[ 36535][E][WiFiUdp.cpp:221] parsePacket(): could not receive data: 9
[ 36541][E][WiFiUdp.cpp:221] parsePacket(): could not receive data: 9
[ 36546][E][WiFiUdp.cpp:221] parsePacket(): could not receive data: 9
[ 36553][E][WiFiUdp.cpp:221] parsePacket(): could not receive data: 9
[ 36559][E][WiFiUdp.cpp:221] parsePacket(): could not receive data: 9
[ 36565][E][WiFiUdp.cpp:221] parsePacket(): could not receive data: 9
[ 36571][E][WiFiUdp.cpp:221] parsePacket(): could not receive data: 9
[ 36577][E][WiFiUdp.cpp:221] parsePacket(): could not receive data: 9
[ 36583][E][WiFiUdp.cpp:221] parsePacket(): could not receive data: 9
[ 36589][E][WiFiUdp.cpp:221] parsePacket(): could not receive data: 9
[ 36595][E][WiFiUdp.cpp:221] parsePacket(): could not receive data: 9
[ 36601][E][WiFiUdp.cpp:221] parsePacket(): could not receive data: 9
[ 36607][E][WiFiUdp.cpp:221] parsePacket(): could not receive data: 9
[ 36613][E][WiFiUdp.cpp:221] parsePacket(): could not receive data: 9
[ 36620][E][WiFiUdp.cpp:221] parsePacket(): could not receive data: 9
[ 36627][E][WiFiUdp.cpp:221] parsePacket(): could not receive data: 9
[ 36634][E][WiFiUdp.cpp:221] parsePacket(): could not receive data: 9
[ 36641][E][WiFiUdp.cpp:221] parsePacket(): could not receive data: 9
[ 36648][E][WiFiUdp.cpp:221] parsePacket(): could not receive data: 9
[ 36655][E][WiFiUdp.cpp:221] parsePacket(): could not receive data: 9
[ 36662][E][WiFiUdp.cpp:221] parsePacket(): could not receive data: 9
[ 36669][E][WiFiUdp.cpp:221] parsePacket(): could not receive data: 9
[ 36677][E][WiFiUdp.cpp:221] parsePacket(): could not receive data: 9
[ 36684][E][WiFiUdp.cpp:221] parsePacket(): could not receive data: 9
[ 36691][E][WiFiUdp.cpp:221] parsePacket(): could not receive data: 9
[ 36698][E][WiFiUdp.cpp:221] parsePacket(): could not receive data: 9
[ 36705][E][WiFiUdp.cpp:221] parsePacket(): could not receive data: 9
[ 36712][E][WiFiUdp.cpp:221] parsePacket(): could not receive data: 9
[ 36719][E][WiFiUdp.cpp:221] parsePacket(): could not receive data: 9
[ 36726][E][WiFiUdp.cpp:221] parsePacket(): could not receive data: 9
[ 36733][E][WiFiUdp.cpp:221] parsePacket(): could not receive data: 9
[ 36740][E][WiFiUdp.cpp:221] parsePacket(): could not receive data: 9
[ 36747][E][WiFiUdp.cpp:221] parsePacket(): could not receive data: 9
[ 36754][E][WiFiUdp.cpp:221] parsePacket(): could not receive data: 9
[ 36761][E][WiFiUdp.cpp:221] parsePacket(): could not receive data: 9
[ 36767][E][WiFiUdp.cpp:221] parsePacket(): could not receive data: 9
[ 36773][E][WiFiUdp.cpp:221] parsePacket(): could not receive data: 9
[ 36780][E][WiFiUdp.cpp:221] parsePacket(): could not receive data: 9
[ 36787][E][WiFiUdp.cpp:221] parsePacket(): could not receive data: 9
[ 36794][E][WiFiUdp.cpp:221] parsePacket(): could not receive data: 9
[ 36801][E][WiFiUdp.cpp:221] parsePacket(): could not receive data: 9
[ 36808][E][WiFiUdp.cpp:221] parsePacket(): could not receive data: 9
[ 36815][E][WiFiUdp.cpp:221] parsePacket(): could not receive data: 9
[ 36823][E][WiFiUdp.cpp:221] parsePacket(): could not receive data: 9
[ 36831][E][WiFiUdp.cpp:221] parsePacket(): could not receive data: 9
[ 36839][E][WiFiUdp.cpp:221] parsePacket(): could not receive data: 9
[ 36846][E][WiFiUdp.cpp:221] parsePacket(): could not receive data: 9
[ 36853][E][WiFiUdp.cpp:221] parsePacket(): could not receive data: 9
[ 36860][E][WiFiUdp.cpp:221] parsePacket(): could not receive data: 9
[ 36867][E][WiFiUdp.cpp:221] parsePacket(): could not receive data: 9
[ 36874][E][WiFiUdp.cpp:221] parsePacket(): could not receive data: 9
[ 36881][E][WiFiUdp.cpp:221] parsePacket(): could not receive data: 9
[ 36888][E][WiFiUdp.cpp:221] parsePacket(): could not receive data: 9
[ 36895][E][WiFiUdp.cpp:221] parsePacket(): could not receive data: 9
[ 36902][E][WiFiUdp.cpp:221] parsePacket(): could not receive data: 9
[ 36909][E][WiFiUdp.cpp:221] parsePacket(): could not receive data: 9
[ 36916][E][WiFiUdp.cpp:221] parsePacket(): could not receive data: 9
[ 36923][E][WiFiUdp.cpp:221] parsePacket(): could not receive data: 9
[ 36930][E][WiFiUdp.cpp:221] parsePacket(): could not receive data: 9
[ 36937][E][WiFiUdp.cpp:221] parsePacket(): could not receive data: 9
[ 36944][E][WiFiUdp.cpp:221] parsePacket(): could not receive data: 9
[ 36951][E][WiFiUdp.cpp:221] parsePacket(): could not receive data: 9
[ 36958][E][WiFiUdp.cpp:221] parsePacket(): could not receive data: 9
[ 36965][E][WiFiUdp.cpp:221] parsePacket(): could not receive data: 9
[ 36972][E][WiFiUdp.cpp:221] parsePacket(): could not receive data: 9
[ 36979][E][WiFiUdp.cpp:221] parsePacket(): could not receive data: 9
[ 36986][E][WiFiUdp.cpp:221] parsePacket(): could not receive data: 9
[ 36993][E][WiFiUdp.cpp:221] parsePacket(): could not receive data: 9
[ 37000][E][WiFiUdp.cpp:221] parsePacket(): could not receive data: 9
[ 37007][E][WiFiUdp.cpp:221] parsePacket(): could not receive data: 9
[ 37014][E][WiFiUdp.cpp:221] parsePacket(): could not receive data: 9
[ 37021][E][WiFiUdp.cpp:221] parsePacket(): could not receive data: 9
[ 37028][E][WiFiUdp.cpp:221] parsePacket(): could not receive data: 9
[ 37035][E][WiFiUdp.cpp:221] parsePacket(): could not receive data: 9
[ 37042][E][WiFiUdp.cpp:221] parsePacket(): could not receive data: 9
[ 37048][E][WiFiUdp.cpp:221] parsePacket(): could not receive data: 9
[ 37054][E][WiFiUdp.cpp:221] parsePacket(): could not receive data: 9
[ 37061][E][WiFiUdp.cpp:221] parsePacket(): could not receive data: 9
[ 37068][E][WiFiUdp.cpp:221] parsePacket(): could not receive data: 9
[ 37075][E][WiFiUdp.cpp:221] parsePacket(): could not receive data: 9
[ 37083][E][WiFiUdp.cpp:221] parsePacket(): could not receive data: 9
[ 37091][E][WiFiUdp.cpp:221] parsePacket(): could not receive data: 9
[ 37098][E][WiFiUdp.cpp:221] parsePacket(): could not receive data: 9
[ 37104][E][WiFiUdp.cpp:221] parsePacket(): could not receive data: 9
[ 37110][E][WiFiUdp.cpp:221] parsePacket(): could not receive data: 9
[ 37116][E][WiFiUdp.cpp:221] parsePacket(): could not receive data: 9
[ 37122][E][WiFiUdp.cpp:221] parsePacket(): could not receive data: 9
[ 37128][E][WiFiUdp.cpp:221] parsePacket(): could not receive data: 9
[ 37134][E][WiFiUdp.cpp:221] parsePacket(): could not receive data: 9
[ 37140][E][WiFiUdp.cpp:221] parsePacket(): could not receive data: 9
[ 37146][E][WiFiUdp.cpp:221] parsePacket(): could not receive data: 9
[ 37152][E][WiFiUdp.cpp:221] parsePacket(): could not receive data: 9
[ 37158][E][WiFiUdp.cpp:221] parsePacket(): could not receive data: 9
[ 37164][E][WiFiUdp.cpp:221] parsePacket(): could not receive data: 9
[ 37170][E][WiFiUdp.cpp:221] parsePacket(): could not receive data: 9
[ 37176][E][WiFiUdp.cpp:221] parsePacket(): could not receive data: 9
[ 37182][E][WiFiUdp.cpp:221] parsePacket(): could not receive data: 9
[ 37188][E][WiFiUdp.cpp:221] parsePacket(): could not receive data: 9
[ 37194][E][WiFiUdp.cpp:221] parsePacket(): could not receive data: 9
[ 37201][E][WiFiUdp.cpp:221] parsePacket(): could not receive data: 9
[ 37208][E][WiFiUdp.cpp:221] parsePacket(): could not receive data: 9
[ 37215][E][WiFiUdp.cpp:221] parsePacket(): could not receive data: 9
[ 37222][E][WiFiUdp.cpp:221] parsePacket(): could not receive data: 9
[ 37229][E][WiFiUdp.cpp:221] parsePacket(): could not receive data: 9
[ 37237][E][WiFiUdp.cpp:221] parsePacket(): could not receive data: 9
[ 37244][E][WiFiUdp.cpp:221] parsePacket(): could not receive data: 9
[ 37251][E][WiFiUdp.cpp:221] parsePacket(): could not receive data: 9
[ 37258][E][WiFiUdp.cpp:221] parsePacket(): could not receive data: 9
[ 37265][E][WiFiUdp.cpp:221] parsePacket(): could not receive data: 9
[ 37272][E][WiFiUdp.cpp:221] parsePacket(): could not receive data: 9
[ 37279][E][WiFiUdp.cpp:221] parsePacket(): could not receive data: 9
[ 37286][E][WiFiUdp.cpp:221] parsePacket(): could not receive data: 9
[ 37293][E][WiFiUdp.cpp:221] parsePacket(): could not receive data: 9
[ 37300][E][WiFiUdp.cpp:221] parsePacket(): could not receive data: 9
[ 37308][E][WiFiUdp.cpp:221] parsePacket(): could not receive data: 9
[ 37315][E][WiFiUdp.cpp:221] parsePacket(): could not receive data: 9
[ 37322][E][WiFiUdp.cpp:221] parsePacket(): could not receive data: 9
[ 37329][E][WiFiUdp.cpp:221] parsePacket(): could not receive data: 9
[ 37338][E][WiFiUdp.cpp:221] parsePacket(): could not receive data: 9
[ 37346][E][WiFiUdp.cpp:221] parsePacket(): could not receive data: 9
[ 37354][E][WiFiUdp.cpp:221] parsePacket(): could not receive data: 9
[ 37361][E][WiFiUdp.cpp:221] parsePacket(): could not receive data: 9
[ 37369][E][WiFiUdp.cpp:221] parsePacket(): could not receive data: 9
[ 37376][E][WiFiUdp.cpp:221] parsePacket(): could not receive data: 9
[ 37383][E][WiFiUdp.cpp:221] parsePacket(): could not receive data: 9
[ 37390][E][WiFiUdp.cpp:221] parsePacket(): could not receive data: 9
[ 37396][E][WiFiUdp.cpp:221] parsePacket(): could not receive data: 9
[ 37403][E][WiFiUdp.cpp:221] parsePacket(): could not receive data: 9
[ 37409][E][WiFiUdp.cpp:221] parsePacket(): could not receive data: 9
[ 37415][E][WiFiUdp.cpp:221] parsePacket(): could not receive data: 9
[ 37423][E][WiFiUdp.cpp:221] parsePacket(): could not receive data: 9
[ 37429][E][WiFiUdp.cpp:221] parsePacket(): could not receive data: 9
[ 37436][E][WiFiUdp.cpp:221] parsePacket(): could not receive data: 9
[ 37442][E][WiFiUdp.cpp:221] parsePacket(): could not receive data: 9
[ 37448][E][WiFiUdp.cpp:221] parsePacket(): could not receive data: 9
[ 37455][E][WiFiUdp.cpp:221] parsePacket(): could not receive data: 9
[ 37462][E][WiFiUdp.cpp:221] parsePacket(): could not receive data: 9
[ 37469][E][WiFiUdp.cpp:221] parsePacket(): could not receive data: 9
[ 37476][E][WiFiUdp.cpp:221] parsePacket(): could not receive data: 9
[ 37483][E][WiFiUdp.cpp:221] parsePacket(): could not receive data: 9
[ 37490][E][WiFiUdp.cpp:221] parsePacket(): could not receive data: 9
[ 37497][E][WiFiUdp.cpp:221] parsePacket(): could not receive data: 9
[ 37504][E][WiFiUdp.cpp:221] parsePacket(): could not receive data: 9
[ 37511][E][WiFiUdp.cpp:221] parsePacket(): could not receive data: 9
[ 37518][E][WiFiUdp.cpp:221] parsePacket(): could not receive data: 9
[ 37525][E][WiFiUdp.cpp:221] parsePacket(): could not receive data: 9
[ 37531][E][WiFiUdp.cpp:221] parsePacket(): could not receive data: 9
[ 37538][E][WiFiUdp.cpp:221] parsePacket(): could not receive data: 9
[ 37545][E][WiFiUdp.cpp:221] parsePacket(): could not receive data: 9
[ 37552][E][WiFiUdp.cpp:221] parsePacket(): could not receive data: 9
[ 37558][E][WiFiUdp.cpp:221] parsePacket(): could not receive data: 9
[ 37563][E][WiFiUdp.cpp:221] parsePacket(): could not receive data: 9
[ 37571][E][WiFiUdp.cpp:221] parsePacket(): could not receive data: 9
[ 37578][E][WiFiUdp.cpp:221] parsePacket(): could not receive data: 9
[ 37586][E][WiFiUdp.cpp:221] parsePacket(): could not receive data: 9
[ 37592][E][WiFiUdp.cpp:221] parsePacket(): could not receive data: 9
[ 37598][E][WiFiUdp.cpp:221] parsePacket(): could not receive data: 9
[ 37604][E][WiFiUdp.cpp:221] parsePacket(): could not receive data: 9
[ 37610][E][WiFiUdp.cpp:221] parsePacket(): could not receive data: 9
[ 37616][E][WiFiUdp.cpp:221] parsePacket(): could not receive data: 9
[ 37622][E][WiFiUdp.cpp:221] parsePacket(): could not receive data: 9
[ 37628][E][WiFiUdp.cpp:221] parsePacket(): could not receive data: 9
[ 37634][E][WiFiUdp.cpp:221] parsePacket(): could not receive data: 9
[ 37640][E][WiFiUdp.cpp:221] parsePacket(): could not receive data: 9
[ 37646][E][WiFiUdp.cpp:221] parsePacket(): could not receive data: 9
[ 37652][E][WiFiUdp.cpp:221] parsePacket(): could not receive data: 9
[ 37658][E][WiFiUdp.cpp:221] parsePacket(): could not receive data: 9
[ 37664][E][WiFiUdp.cpp:221] parsePacket(): could not receive data: 9
[ 37670][E][WiFiUdp.cpp:221] parsePacket(): could not receive data: 9
[ 37676][E][WiFiUdp.cpp:221] parsePacket(): could not receive data: 9
[ 37683][E][WiFiUdp.cpp:221] parsePacket(): could not receive data: 9
[ 37691][E][WiFiUdp.cpp:221] parsePacket(): could not receive data: 9
[ 37698][E][WiFiUdp.cpp:221] parsePacket(): could not receive data: 9
[ 37704][E][WiFiUdp.cpp:221] parsePacket(): could not receive data: 9
[ 37711][E][WiFiUdp.cpp:221] parsePacket(): could not receive data: 9
[ 37717][E][WiFiUdp.cpp:221] parsePacket(): could not receive data: 9
[ 37723][E][WiFiUdp.cpp:221] parsePacket(): could not receive data: 9
[ 37729][E][WiFiUdp.cpp:221] parsePacket(): could not receive data: 9
[ 37735][E][WiFiUdp.cpp:221] parsePacket(): could not receive data: 9
[ 37741][E][WiFiUdp.cpp:221] parsePacket(): could not receive data: 9
[ 37747][E][WiFiUdp.cpp:221] parsePacket(): could not receive data: 9
[ 37753][E][WiFiUdp.cpp:221] parsePacket(): could not receive data: 9
[ 37759][E][WiFiUdp.cpp:221] parsePacket(): could not receive data: 9
[ 37765][E][WiFiUdp.cpp:221] parsePacket(): could not receive data: 9
[ 37771][E][WiFiUdp.cpp:221] parsePacket(): could not receive data: 9
[ 37777][E][WiFiUdp.cpp:221] parsePacket(): could not receive data: 9
[ 37783][E][WiFiUdp.cpp:221] parsePacket(): could not receive data: 9
[ 37789][E][WiFiUdp.cpp:221] parsePacket(): could not receive data: 9
[ 37795][E][WiFiUdp.cpp:221] parsePacket(): could not receive data: 9
[ 37801][E][WiFiUdp.cpp:221] parsePacket(): could not receive data: 9
[ 37807][E][WiFiUdp.cpp:221] parsePacket(): could not receive data: 9
[ 37813][E][WiFiUdp.cpp:221] parsePacket(): could not receive data: 9
[ 37819][E][WiFiUdp.cpp:221] parsePacket(): could not receive data: 9
[ 37825][E][WiFiUdp.cpp:221] parsePacket(): could not receive data: 9
[ 37831][E][WiFiUdp.cpp:221] parsePacket(): could not receive data: 9
[ 37837][E][WiFiUdp.cpp:221] parsePacket(): could not receive data: 9
[ 37843][E][WiFiUdp.cpp:221] parsePacket(): could not receive data: 9
[ 37849][E][WiFiUdp.cpp:221] parsePacket(): could not receive data: 9
[ 37854][E][WiFiUdp.cpp:221] parsePacket(): could not receive data: 9
[ 37860][E][WiFiUdp.cpp:221] parsePacket(): could not receive data: 9
[ 37866][E][WiFiUdp.cpp:221] parsePacket(): could not receive data: 9
[ 37872][E][WiFiUdp.cpp:221] parsePacket(): could not receive data: 9
[ 37878][E][WiFiUdp.cpp:221] parsePacket(): could not receive data: 9
[ 37884][E][WiFiUdp.cpp:221] parsePacket(): could not receive data: 9
[ 37890][E][WiFiUdp.cpp:221] parsePacket(): could not receive data: 9
[ 37896][E][WiFiUdp.cpp:221] parsePacket(): could not receive data: 9
[ 37902][E][WiFiUdp.cpp:221] parsePacket(): could not receive data: 9
[ 37908][E][WiFiUdp.cpp:221] parsePacket(): could not receive data: 9
[ 37914][E][WiFiUdp.cpp:221] parsePacket(): could not receive data: 9
[ 37920][E][WiFiUdp.cpp:221] parsePacket(): could not receive data: 9
[ 37926][E][WiFiUdp.cpp:221] parsePacket(): could not receive data: 9
[ 37932][E][WiFiUdp.cpp:221] parsePacket(): could not receive data: 9
[ 37938][E][WiFiUdp.cpp:221] parsePacket(): could not receive data: 9
[ 37944][E][WiFiUdp.cpp:221] parsePacket(): could not receive data: 9
[ 37950][E][WiFiUdp.cpp:221] parsePacket(): could not receive data: 9
[ 37956][E][WiFiUdp.cpp:221] parsePacket(): could not receive data: 9
[ 37962][E][WiFiUdp.cpp:221] parsePacket(): could not receive data: 9
[ 37968][E][WiFiUdp.cpp:221] parsePacket(): could not receive data: 9
[ 37974][E][WiFiUdp.cpp:221] parsePacket(): could not receive data: 9
[ 37980][E][WiFiUdp.cpp:221] parsePacket(): could not receive data: 9
[ 37986][E][WiFiUdp.cpp:221] parsePacket(): could not receive data: 9
[ 37992][E][WiFiUdp.cpp:221] parsePacket(): could not receive data: 9
[ 37998][E][WiFiUdp.cpp:221] parsePacket(): could not receive data: 9
[ 38004][E][WiFiUdp.cpp:221] parsePacket(): could not receive data: 9
[ 38010][E][WiFiUdp.cpp:221] parsePacket(): could not receive data: 9
[ 38016][E][WiFiUdp.cpp:221] parsePacket(): could not receive data: 9
[ 38022][E][WiFiUdp.cpp:221] parsePacket(): could not receive data: 9
[ 38028][E][WiFiUdp.cpp:221] parsePacket(): could not receive data: 9
[ 38034][E][WiFiUdp.cpp:221] parsePacket(): could not receive data: 9
[ 38040][E][WiFiUdp.cpp:221] parsePacket(): could not receive data: 9
[ 38046][E][WiFiUdp.cpp:221] parsePacket(): could not receive data: 9
[ 38052][E][WiFiUdp.cpp:221] parsePacket(): could not receive data: 9
[ 38058][E][WiFiUdp.cpp:221] parsePacket(): could not receive data: 9
[ 38064][E][WiFiUdp.cpp:221] parsePacket(): could not receive data: 9
[ 38070][E][WiFiUdp.cpp:221] parsePacket(): could not receive data: 9
[ 38076][E][WiFiUdp.cpp:221] parsePacket(): could not receive data: 9
[ 38082][E][WiFiUdp.cpp:221] parsePacket(): could not receive data: 9
[ 38088][E][WiFiUdp.cpp:221] parsePacket(): could not receive data: 9
[ 38094][E][WiFiUdp.cpp:221] parsePacket(): could not receive data: 9
[ 38100][E][WiFiUdp.cpp:221] parsePacket(): could not receive data: 9
[ 38106][E][WiFiUdp.cpp:221] parsePacket(): could not receive data: 9
[ 38112][E][WiFiUdp.cpp:221] parsePacket(): could not receive data: 9
[ 38118][E][WiFiUdp.cpp:221] parsePacket(): could not receive data: 9
[ 38124][E][WiFiUdp.cpp:221] parsePacket(): could not receive data: 9
[ 38130][E][WiFiUdp.cpp:221] parsePacket(): could not receive data: 9
[ 38136][E][WiFiUdp.cpp:221] parsePacket(): could not receive data: 9
[ 38142][E][WiFiUdp.cpp:221] parsePacket(): could not receive data: 9
[ 38148][E][WiFiUdp.cpp:221] parsePacket(): could not receive data: 9
[ 38154][E][WiFiUdp.cpp:221] parsePacket(): could not receive data: 9
[ 38160][E][WiFiUdp.cpp:221] parsePacket(): could not receive data: 9
[ 38166][E][WiFiUdp.cpp:221] parsePacket(): could not receive data: 9
[ 38172][E][WiFiUdp.cpp:221] parsePacket(): could not receive data: 9
[ 38178][E][WiFiUdp.cpp:221] parsePacket(): could not receive data: 9
[ 38184][E][WiFiUdp.cpp:221] parsePacket(): could not receive data: 9
[ 38190][E][WiFiUdp.cpp:221] parsePacket(): could not receive data: 9
[ 38196][E][WiFiUdp.cpp:221] parsePacket(): could not receive data: 9
[ 38202][E][WiFiUdp.cpp:221] parsePacket(): could not receive data: 9
[ 38208][E][WiFiUdp.cpp:221] parsePacket(): could not receive data: 9
[ 38214][E][WiFiUdp.cpp:221] parsePacket(): could not receive data: 9
[ 38220][E][WiFiUdp.cpp:221] parsePacket(): could not receive data: 9
[ 38226][E][WiFiUdp.cpp:221] parsePacket(): could not receive data: 9
[ 38232][E][WiFiUdp.cpp:221] parsePacket(): could not receive data: 9
[ 38238][E][WiFiUdp.cpp:221] parsePacket(): could not receive data: 9
[ 38244][E][WiFiUdp.cpp:221] parsePacket(): could not receive data: 9
[ 38250][E][WiFiUdp.cpp:221] parsePacket(): could not receive data: 9
[ 38256][E][WiFiUdp.cpp:221] parsePacket(): could not receive data: 9
[ 38262][E][WiFiUdp.cpp:221] parsePacket(): could not receive data: 9
[ 38268][E][WiFiUdp.cpp:221] parsePacket(): could not receive data: 9
[ 38274][E][WiFiUdp.cpp:221] parsePacket(): could not receive data: 9
[ 38280][E][WiFiUdp.cpp:221] parsePacket(): could not receive data: 9
[ 38286][E][WiFiUdp.cpp:221] parsePacket(): could not receive data: 9
[ 38292][E][WiFiUdp.cpp:221] parsePacket(): could not receive data: 9
[ 38298][E][WiFiUdp.cpp:221] parsePacket(): could not receive data: 9
[ 38304][E][WiFiUdp.cpp:221] parsePacket(): could not receive data: 9
[ 38310][E][WiFiUdp.cpp:221] parsePacket(): could not receive data: 9
[ 38315][E][WiFiUdp.cpp:221] parsePacket(): could not receive data: 9
[ 38321][E][WiFiUdp.cpp:221] parsePacket(): could not receive data: 9
[ 38327][E][WiFiUdp.cpp:221] parsePacket(): could not receive data: 9
[ 38333][E][WiFiUdp.cpp:221] parsePacket(): could not receive data: 9
[ 38339][E][WiFiUdp.cpp:221] parsePacket(): could not receive data: 9
[ 38345][E][WiFiUdp.cpp:221] parsePacket(): could not receive data: 9
[ 38351][E][WiFiUdp.cpp:221] parsePacket(): could not receive data: 9
[ 38356][E][WiFiUdp.cpp:221] parsePacket(): could not receive data: 9
[ 38362][E][WiFiUdp.cpp:221] parsePacket(): could not receive data: 9
[ 38368][E][WiFiUdp.cpp:221] parsePacket(): could not receive data: 9
[ 38374][E][WiFiUdp.cpp:221] parsePacket(): could not receive data: 9
[ 38380][E][WiFiUdp.cpp:221] parsePacket(): could not receive data: 9
[ 38386][E][WiFiUdp.cpp:221] parsePacket(): could not receive data: 9
[ 38393][E][WiFiUdp.cpp:221] parsePacket(): could not receive data: 9
[ 38400][E][WiFiUdp.cpp:221] parsePacket(): could not receive data: 9
[ 38407][E][WiFiUdp.cpp:221] parsePacket(): could not receive data: 9
[ 38414][E][WiFiUdp.cpp:221] parsePacket(): could not receive data: 9
[ 38421][E][WiFiUdp.cpp:221] parsePacket(): could not receive data: 9
[ 38428][E][WiFiUdp.cpp:221] parsePacket(): could not receive data: 9
[ 38435][E][WiFiUdp.cpp:221] parsePacket(): could not receive data: 9
[ 38443][E][WiFiUdp.cpp:221] parsePacket(): could not receive data: 9
[ 38449][E][WiFiUdp.cpp:221] parsePacket(): could not receive data: 9
[ 38455][E][WiFiUdp.cpp:221] parsePacket(): could not receive data: 9
[ 38461][E][WiFiUdp.cpp:221] parsePacket(): could not receive data: 9
[ 38467][E][WiFiUdp.cpp:221] parsePacket(): could not receive data: 9
[ 38473][E][WiFiUdp.cpp:221] parsePacket(): could not receive data: 9
[ 38479][E][WiFiUdp.cpp:221] parsePacket(): could not receive data: 9
[ 38485][E][WiFiUdp.cpp:221] parsePacket(): could not receive data: 9
[ 38491][E][WiFiUdp.cpp:221] parsePacket(): could not receive data: 9
[ 38497][E][WiFiUdp.cpp:221] parsePacket(): could not receive data: 9
[ 38503][E][WiFiUdp.cpp:221] parsePacket(): could not receive data: 9
[ 38509][E][WiFiUdp.cpp:221] parsePacket(): could not receive data: 9
[ 38515][E][WiFiUdp.cpp:221] parsePacket(): could not receive data: 9
[ 38521][E][WiFiUdp.cpp:221] parsePacket(): could not receive data: 9
[ 38527][E][WiFiUdp.cpp:221] parsePacket(): could not receive data: 9
[ 38533][E][WiFiUdp.cpp:221] parsePacket(): could not receive data: 9
[ 38539][E][WiFiUdp.cpp:221] parsePacket(): could not receive data: 9
[ 38545][E][WiFiUdp.cpp:221] parsePacket(): could not receive data: 9
[ 38551][E][WiFiUdp.cpp:221] parsePacket(): could not receive data: 9
[ 38557][E][WiFiUdp.cpp:221] parsePacket(): could not receive data: 9
[ 38563][E][WiFiUdp.cpp:221] parsePacket(): could not receive data: 9
[ 38569][E][WiFiUdp.cpp:221] parsePacket(): could not receive data: 9
[ 38575][E][WiFiUdp.cpp:221] parsePacket(): could not receive data: 9
[ 38581][E][WiFiUdp.cpp:221] parsePacket(): could not receive data: 9
[ 38587][E][WiFiUdp.cpp:221] parsePacket(): could not receive data: 9
[ 38593][E][WiFiUdp.cpp:221] parsePacket(): could not receive data: 9
[ 38599][E][WiFiUdp.cpp:221] parsePacket(): could not receive data: 9
[ 38605][E][WiFiUdp.cpp:221] parsePacket(): could not receive data: 9
[ 38611][E][WiFiUdp.cpp:221] parsePacket(): could not receive data: 9
[ 38617][E][WiFiUdp.cpp:221] parsePacket(): could not receive data: 9
[ 38623][E][WiFiUdp.cpp:221] parsePacket(): could not receive data: 9
[ 38629][E][WiFiUdp.cpp:221] parsePacket(): could not receive data: 9
[ 38635][E][WiFiUdp.cpp:221] parsePacket(): could not receive data: 9
[ 38641][E][WiFiUdp.cpp:221] parsePacket(): could not receive data: 9
[ 38647][E][WiFiUdp.cpp:221] parsePacket(): could not receive data: 9
[ 38653][E][WiFiUdp.cpp:221] parsePacket(): could not receive data: 9
[ 38659][E][WiFiUdp.cpp:221] parsePacket(): could not receive data: 9
[ 38665][E][WiFiUdp.cpp:221] parsePacket(): could not receive data: 9
[ 38671][E][WiFiUdp.cpp:221] parsePacket(): could not receive data: 9
[ 38677][E][WiFiUdp.cpp:221] parsePacket(): could not receive data: 9
[ 38683][E][WiFiUdp.cpp:221] parsePacket(): could not receive data: 9
[ 38689][E][WiFiUdp.cpp:221] parsePacket(): could not receive data: 9
[ 38695][E][WiFiUdp.cpp:221] parsePacket(): could not receive data: 9
[ 38701][E][WiFiUdp.cpp:221] parsePacket(): could not receive data: 9
[ 38706][E][WiFiUdp.cpp:221] parsePacket(): could not receive data: 9
[ 38712][E][WiFiUdp.cpp:221] parsePacket(): could not receive data: 9
[ 38718][E][WiFiUdp.cpp:221] parsePacket(): could not receive data: 9
[ 38724][E][WiFiUdp.cpp:221] parsePacket(): could not receive data: 9
[ 38730][E][WiFiUdp.cpp:221] parsePacket(): could not receive data: 9
[ 38736][E][WiFiUdp.cpp:221] parsePacket(): could not receive data: 9
[ 38741][E][WiFiUdp.cpp:221] parsePacket(): could not receive data: 9
[ 38746][E][WiFiUdp.cpp:221] parsePacket(): could not receive data: 9
[ 38752][E][WiFiUdp.cpp:221] parsePacket(): could not receive data: 9
[ 38758][E][WiFiUdp.cpp:221] parsePacket(): could not receive data: 9
[ 38764][E][WiFiUdp.cpp:221] parsePacket(): could not receive data: 9
[ 38770][E][WiFiUdp.cpp:221] parsePacket(): could not receive data: 9
[ 38776][E][WiFiUdp.cpp:221] parsePacket(): could not receive data: 9
[ 38782][E][WiFiUdp.cpp:221] parsePacket(): could not receive data: 9
[ 38788][E][WiFiUdp.cpp:221] parsePacket(): could not receive data: 9
[ 38794][E][WiFiUdp.cpp:221] parsePacket(): could not receive data: 9
[ 38800][E][WiFiUdp.cpp:221] parsePacket(): could not receive data: 9
[ 38806][E][WiFiUdp.cpp:221] parsePacket(): could not receive data: 9
[ 38812][E][WiFiUdp.cpp:221] parsePacket(): could not receive data: 9
[ 38818][E][WiFiUdp.cpp:221] parsePacket(): could not receive data: 9
[ 38824][E][WiFiUdp.cpp:221] parsePacket(): could not receive data: 9
[ 38830][E][WiFiUdp.cpp:221] parsePacket(): could not receive data: 9
[ 38836][E][WiFiUdp.cpp:221] parsePacket(): could not receive data: 9
[ 38842][E][WiFiUdp.cpp:221] parsePacket(): could not receive data: 9
[ 38848][E][WiFiUdp.cpp:221] parsePacket(): could not receive data: 9
[ 38854][E][WiFiUdp.cpp:221] parsePacket(): could not receive data: 9
[ 38860][E][WiFiUdp.cpp:221] parsePacket(): could not receive data: 9
[ 38866][E][WiFiUdp.cpp:221] parsePacket(): could not receive data: 9
[ 38872][E][WiFiUdp.cpp:221] parsePacket(): could not receive data: 9
[ 38878][E][WiFiUdp.cpp:221] parsePacket(): could not receive data: 9
[ 38884][E][WiFiUdp.cpp:221] parsePacket(): could not receive data: 9
[ 38890][E][WiFiUdp.cpp:221] parsePacket(): could not receive data: 9
[ 38896][E][WiFiUdp.cpp:221] parsePacket(): could not receive data: 9
[ 38902][E][WiFiUdp.cpp:221] parsePacket(): could not receive data: 9
[ 38908][E][WiFiUdp.cpp:221] parsePacket(): could not receive data: 9
[ 38914][E][WiFiUdp.cpp:221] parsePacket(): could not receive data: 9
[ 38920][E][WiFiUdp.cpp:221] parsePacket(): could not receive data: 9
[ 38926][E][WiFiUdp.cpp:221] parsePacket(): could not receive data: 9
[ 38932][E][WiFiUdp.cpp:221] parsePacket(): could not receive data: 9
[ 38938][E][WiFiUdp.cpp:221] parsePacket(): could not receive data: 9
[ 38944][E][WiFiUdp.cpp:221] parsePacket(): could not receive data: 9
[ 38950][E][WiFiUdp.cpp:221] parsePacket(): could not receive data: 9
[ 38956][E][WiFiUdp.cpp:221] parsePacket(): could not receive data: 9
[ 38962][E][WiFiUdp.cpp:221] parsePacket(): could not receive data: 9
[ 38968][E][WiFiUdp.cpp:221] parsePacket(): could not receive data: 9
[ 38974][E][WiFiUdp.cpp:221] parsePacket(): could not receive data: 9
[ 38980][E][WiFiUdp.cpp:221] parsePacket(): could not receive data: 9
[ 38986][E][WiFiUdp.cpp:221] parsePacket(): could not receive data: 9
[ 38992][E][WiFiUdp.cpp:221] parsePacket(): could not receive data: 9
[ 38998][E][WiFiUdp.cpp:221] parsePacket(): could not receive data: 9
[ 39004][E][WiFiUdp.cpp:221] parsePacket(): could not receive data: 9
[ 39010][E][WiFiUdp.cpp:221] parsePacket(): could not receive data: 9
[ 39016][E][WiFiUdp.cpp:221] parsePacket(): could not receive data: 9
[ 39022][E][WiFiUdp.cpp:221] parsePacket(): could not receive data: 9
[ 39028][E][WiFiUdp.cpp:221] parsePacket(): could not receive data: 9
[ 39034][E][WiFiUdp.cpp:221] parsePacket(): could not receive data: 9
[ 39040][E][WiFiUdp.cpp:221] parsePacket(): could not receive data: 9
[ 39046][E][WiFiUdp.cpp:221] parsePacket(): could not receive data: 9
[ 39052][E][WiFiUdp.cpp:221] parsePacket(): could not receive data: 9
[ 39058][E][WiFiUdp.cpp:221] parsePacket(): could not receive data: 9
[ 39064][E][WiFiUdp.cpp:221] parsePacket(): could not receive data: 9
[ 39070][E][WiFiUdp.cpp:221] parsePacket(): could not receive data: 9
[ 39075][E][WiFiUdp.cpp:221] parsePacket(): could not receive data: 9
[ 39081][E][WiFiUdp.cpp:221] parsePacket(): could not receive data: 9
[ 39087][E][WiFiUdp.cpp:221] parsePacket(): could not receive data: 9
[ 39093][E][WiFiUdp.cpp:221] parsePacket(): could not receive data: 9
[ 39099][E][WiFiUdp.cpp:221] parsePacket(): could not receive data: 9
[ 39105][E][WiFiUdp.cpp:221] parsePacket(): could not receive data: 9
[ 39111][E][WiFiUdp.cpp:221] parsePacket(): could not receive data: 9
[ 39117][E][WiFiUdp.cpp:221] parsePacket(): could not receive data: 9
[ 39123][E][WiFiUdp.cpp:221] parsePacket(): could not receive data: 9
[ 39129][E][WiFiUdp.cpp:221] parsePacket(): could not receive data: 9
[ 39135][E][WiFiUdp.cpp:221] parsePacket(): could not receive data: 9
[ 39141][E][WiFiUdp.cpp:221] parsePacket(): could not receive data: 9
[ 39147][E][WiFiUdp.cpp:221] parsePacket(): could not receive data: 9
[ 39153][E][WiFiUdp.cpp:221] parsePacket(): could not receive data: 9
[ 39159][E][WiFiUdp.cpp:221] parsePacket(): could not receive data: 9
[ 39165][E][WiFiUdp.cpp:221] parsePacket(): could not receive data: 9
[ 39171][E][WiFiUdp.cpp:221] parsePacket(): could not receive data: 9
[ 39177][E][WiFiUdp.cpp:221] parsePacket(): could not receive data: 9
[ 39183][E][WiFiUdp.cpp:221] parsePacket(): could not receive data: 9
[ 39189][E][WiFiUdp.cpp:221] parsePacket(): could not receive data: 9
[ 39195][E][WiFiUdp.cpp:221] parsePacket(): could not receive data: 9
[ 39201][E][WiFiUdp.cpp:221] parsePacket(): could not receive data: 9
[ 39207][E][WiFiUdp.cpp:221] parsePacket(): could not receive data: 9
[ 39213][E][WiFiUdp.cpp:221] parsePacket(): could not receive data: 9
[ 39219][E][WiFiUdp.cpp:221] parsePacket(): could not receive data: 9
[ 39225][E][WiFiUdp.cpp:221] parsePacket(): could not receive data: 9
[ 39231][E][WiFiUdp.cpp:221] parsePacket(): could not receive data: 9
[ 39237][E][WiFiUdp.cpp:221] parsePacket(): could not receive data: 9
[ 39243][E][WiFiUdp.cpp:221] parsePacket(): could not receive data: 9
[ 39249][E][WiFiUdp.cpp:221] parsePacket(): could not receive data: 9
[ 39255][E][WiFiUdp.cpp:221] parsePacket(): could not receive data: 9
[ 39261][E][WiFiUdp.cpp:221] parsePacket(): could not receive data: 9
[ 39267][E][WiFiUdp.cpp:221] parsePacket(): could not receive data: 9
[ 39273][E][WiFiUdp.cpp:221] parsePacket(): could not receive data: 9
[ 39279][E][WiFiUdp.cpp:221] parsePacket(): could not receive data: 9
[ 39285][E][WiFiUdp.cpp:221] parsePacket(): could not receive data: 9
[ 39291][E][WiFiUdp.cpp:221] parsePacket(): could not receive data: 9
[ 39297][E][WiFiUdp.cpp:221] parsePacket(): could not receive data: 9
[ 39303][E][WiFiUdp.cpp:221] parsePacket(): could not receive data: 9
[ 39309][E][WiFiUdp.cpp:221] parsePacket(): could not receive data: 9
[ 39315][E][WiFiUdp.cpp:221] parsePacket(): could not receive data: 9
[ 39321][E][WiFiUdp.cpp:221] parsePacket(): could not receive data: 9
[ 39327][E][WiFiUdp.cpp:221] parsePacket(): could not receive data: 9
[ 39333][E][WiFiUdp.cpp:221] parsePacket(): could not receive data: 9
[ 39339][E][WiFiUdp.cpp:221] parsePacket(): could not receive data: 9
[ 39345][E][WiFiUdp.cpp:221] parsePacket(): could not receive data: 9
[ 39351][E][WiFiUdp.cpp:221] parsePacket(): could not receive data: 9
[ 39357][E][WiFiUdp.cpp:221] parsePacket(): could not receive data: 9
[ 39363][E][WiFiUdp.cpp:221] parsePacket(): could not receive data: 9
[ 39369][E][WiFiUdp.cpp:221] parsePacket(): could not receive data: 9
[ 39375][E][WiFiUdp.cpp:221] parsePacket(): could not receive data: 9
[ 39381][E][WiFiUdp.cpp:221] parsePacket(): could not receive data: 9
[ 39387][E][WiFiUdp.cpp:221] parsePacket(): could not receive data: 9
[ 39393][E][WiFiUdp.cpp:221] parsePacket(): could not receive data: 9
[ 39399][E][WiFiUdp.cpp:221] parsePacket(): could not receive data: 9
[ 39405][E][WiFiUdp.cpp:221] parsePacket(): could not receive data: 9
[ 39411][E][WiFiUdp.cpp:221] parsePacket(): could not receive data: 9
[ 39417][E][WiFiUdp.cpp:221] parsePacket(): could not receive data: 9
[ 39423][E][WiFiUdp.cpp:221] parsePacket(): could not receive data: 9
[ 39429][E][WiFiUdp.cpp:221] parsePacket(): could not receive data: 9
[ 39435][E][WiFiUdp.cpp:221] parsePacket(): could not receive data: 9
[ 39441][E][WiFiUdp.cpp:221] parsePacket(): could not receive data: 9
[ 39447][E][WiFiUdp.cpp:221] parsePacket(): could not receive data: 9
[ 39453][E][WiFiUdp.cpp:221] parsePacket(): could not receive data: 9
[ 39459][E][WiFiUdp.cpp:221] parsePacket(): could not receive data: 9
[ 39466][E][WiFiUdp.cpp:221] parsePacket(): could not receive data: 9
[ 39472][E][WiFiUdp.cpp:221] parsePacket(): could not receive data: 9
[ 39478][E][WiFiUdp.cpp:221] parsePacket(): could not receive data: 9
[ 39484][E][WiFiUdp.cpp:221] parsePacket(): could not receive data: 9
[ 39490][E][WiFiUdp.cpp:221] parsePacket(): could not receive data: 9
[ 39496][E][WiFiUdp.cpp:221] parsePacket(): could not receive data: 9
[ 39502][E][WiFiUdp.cpp:221] parsePacket(): could not receive data: 9
[ 39508][E][WiFiUdp.cpp:221] parsePacket(): could not receive data: 9
[ 39514][E][WiFiUdp.cpp:221] parsePacket(): could not receive data: 9
[ 39520][E][WiFiUdp.cpp:221] parsePacket(): could not receive data: 9
[ 39526][E][WiFiUdp.cpp:221] parsePacket(): could not receive data: 9
[ 39532][E][WiFiUdp.cpp:221] parsePacket(): could not receive data: 9
[ 39538][E][WiFiUdp.cpp:221] parsePacket(): could not receive data: 9
[ 39544][E][WiFiUdp.cpp:221] parsePacket(): could not receive data: 9
[ 39550][E][WiFiUdp.cpp:221] parsePacket(): could not receive data: 9
[ 39556][E][WiFiUdp.cpp:221] parsePacket(): could not receive data: 9
[ 39562][E][WiFiUdp.cpp:221] parsePacket(): could not receive data: 9
[ 39568][E][WiFiUdp.cpp:221] parsePacket(): could not receive data: 9
[ 39574][E][WiFiUdp.cpp:221] parsePacket(): could not receive data: 9
[ 39580][E][WiFiUdp.cpp:221] parsePacket(): could not receive data: 9
[ 39586][E][WiFiUdp.cpp:221] parsePacket(): could not receive data: 9
[ 39592][E][WiFiUdp.cpp:221] parsePacket(): could not receive data: 9
[ 39597][E][WiFiUdp.cpp:221] parsePacket(): could not receive data: 9
[ 39603][E][WiFiUdp.cpp:221] parsePacket(): could not receive data: 9
[ 39609][E][WiFiUdp.cpp:221] parsePacket(): could not receive data: 9
[ 39615][E][WiFiUdp.cpp:221] parsePacket(): could not receive data: 9
[ 39621][E][WiFiUdp.cpp:221] parsePacket(): could not receive data: 9
[ 39627][E][WiFiUdp.cpp:221] parsePacket(): could not receive data: 9
[ 39633][E][WiFiUdp.cpp:221] parsePacket(): could not receive data: 9
[ 39639][E][WiFiUdp.cpp:221] parsePacket(): could not receive data: 9
[ 39645][E][WiFiUdp.cpp:221] parsePacket(): could not receive data: 9
[ 39651][E][WiFiUdp.cpp:221] parsePacket(): could not receive data: 9
[ 39657][E][WiFiUdp.cpp:221] parsePacket(): could not receive data: 9
[ 39663][E][WiFiUdp.cpp:221] parsePacket(): could not receive data: 9
[ 39669][E][WiFiUdp.cpp:221] parsePacket(): could not receive data: 9
[ 39675][E][WiFiUdp.cpp:221] parsePacket(): could not receive data: 9
[ 39681][E][WiFiUdp.cpp:221] parsePacket(): could not receive data: 9
[ 39687][E][WiFiUdp.cpp:221] parsePacket(): could not receive data: 9
[ 39693][E][WiFiUdp.cpp:221] parsePacket(): could not receive data: 9
[ 39699][E][WiFiUdp.cpp:221] parsePacket(): could not receive data: 9
[ 39705][E][WiFiUdp.cpp:221] parsePacket(): could not receive data: 9
[ 39711][E][WiFiUdp.cpp:221] parsePacket(): could not receive data: 9
[ 39717][E][WiFiUdp.cpp:221] parsePacket(): could not receive data: 9
[ 39723][E][WiFiUdp.cpp:221] parsePacket(): could not receive data: 9
[ 39729][E][WiFiUdp.cpp:221] parsePacket(): could not receive data: 9
[ 39735][E][WiFiUdp.cpp:221] parsePacket(): could not receive data: 9
[ 39741][E][WiFiUdp.cpp:221] parsePacket(): could not receive data: 9
[ 39747][E][WiFiUdp.cpp:221] parsePacket(): could not receive data: 9
[ 39753][E][WiFiUdp.cpp:221] parsePacket(): could not receive data: 9
[ 39759][E][WiFiUdp.cpp:221] parsePacket(): could not receive data: 9
[ 39765][E][WiFiUdp.cpp:221] parsePacket(): could not receive data: 9
[ 39771][E][WiFiUdp.cpp:221] parsePacket(): could not receive data: 9
[ 39777][E][WiFiUdp.cpp:221] parsePacket(): could not receive data: 9
[ 39783][E][WiFiUdp.cpp:221] parsePacket(): could not receive data: 9
[ 39789][E][WiFiUdp.cpp:221] parsePacket(): could not receive data: 9
[ 39795][E][WiFiUdp.cpp:221] parsePacket(): could not receive data: 9
[ 39801][E][WiFiUdp.cpp:221] parsePacket(): could not receive data: 9
[ 39807][E][WiFiUdp.cpp:221] parsePacket(): could not receive data: 9
[ 39813][E][WiFiUdp.cpp:221] parsePacket(): could not receive data: 9
[ 39818][E][WiFiUdp.cpp:221] parsePacket(): could not receive data: 9
[ 39823][E][WiFiUdp.cpp:221] parsePacket(): could not receive data: 9
[ 39829][E][WiFiUdp.cpp:221] parsePacket(): could not receive data: 9
[ 39835][E][WiFiUdp.cpp:221] parsePacket(): could not receive data: 9
[ 39841][E][WiFiUdp.cpp:221] parsePacket(): could not receive data: 9
[ 39847][E][WiFiUdp.cpp:221] parsePacket(): could not receive data: 9
[ 39853][E][WiFiUdp.cpp:221] parsePacket(): could not receive data: 9
[ 39859][E][WiFiUdp.cpp:221] parsePacket(): could not receive data: 9
[ 39865][E][WiFiUdp.cpp:221] parsePacket(): could not receive data: 9
[ 39871][E][WiFiUdp.cpp:221] parsePacket(): could not receive data: 9
[ 39877][E][WiFiUdp.cpp:221] parsePacket(): could not receive data: 9
[ 39883][E][WiFiUdp.cpp:221] parsePacket(): could not receive data: 9
[ 39889][E][WiFiUdp.cpp:221] parsePacket(): could not receive data: 9
[ 39895][E][WiFiUdp.cpp:221] parsePacket(): could not receive data: 9
[ 39901][E][WiFiUdp.cpp:221] parsePacket(): could not receive data: 9
[ 39907][E][WiFiUdp.cpp:221] parsePacket(): could not receive data: 9
[ 39913][E][WiFiUdp.cpp:221] parsePacket(): could not receive data: 9
[ 39919][E][WiFiUdp.cpp:221] parsePacket(): could not receive data: 9
[ 39925][E][WiFiUdp.cpp:221] parsePacket(): could not receive data: 9
[ 39931][E][WiFiUdp.cpp:221] parsePacket(): could not receive data: 9
[ 39936][E][WiFiUdp.cpp:221] parsePacket(): could not receive data: 9
[ 39941][E][WiFiUdp.cpp:221] parsePacket(): could not receive data: 9
[ 39946][E][WiFiUdp.cpp:221] parsePacket(): could not receive data: 9
[ 39952][E][WiFiUdp.cpp:221] parsePacket(): could not receive data: 9
[ 39958][E][WiFiUdp.cpp:221] parsePacket(): could not receive data: 9
[ 39964][E][WiFiUdp.cpp:221] parsePacket(): could not receive data: 9
[ 39970][E][WiFiUdp.cpp:221] parsePacket(): could not receive data: 9
[ 39976][E][WiFiUdp.cpp:221] parsePacket(): could not receive data: 9
[ 39982][E][WiFiUdp.cpp:221] parsePacket(): could not receive data: 9
[ 39988][E][WiFiUdp.cpp:221] parsePacket(): could not receive data: 9
[ 39994][E][WiFiUdp.cpp:221] parsePacket(): could not receive data: 9
[ 40000][E][WiFiUdp.cpp:221] parsePacket(): could not receive data: 9
[ 40006][E][WiFiUdp.cpp:221] parsePacket(): could not receive data: 9
[ 40012][E][WiFiUdp.cpp:221] parsePacket(): could not receive data: 9
[ 40018][E][WiFiUdp.cpp:221] parsePacket(): could not receive data: 9
[ 40024][E][WiFiUdp.cpp:221] parsePacket(): could not receive data: 9
[ 40030][E][WiFiUdp.cpp:221] parsePacket(): could not receive data: 9
[ 40036][E][WiFiUdp.cpp:221] parsePacket(): could not receive data: 9
[ 40042][E][WiFiUdp.cpp:221] parsePacket(): could not receive data: 9
[ 40048][E][WiFiUdp.cpp:221] parsePacket(): could not receive data: 9
[ 40054][E][WiFiUdp.cpp:221] parsePacket(): could not receive data: 9
[ 40060][E][WiFiUdp.cpp:221] parsePacket(): could not receive data: 9
[ 40066][E][WiFiUdp.cpp:221] parsePacket(): could not receive data: 9
[ 40072][E][WiFiUdp.cpp:221] parsePacket(): could not receive data: 9
[ 40078][E][WiFiUdp.cpp:221] parsePacket(): could not receive data: 9
[ 40084][E][WiFiUdp.cpp:221] parsePacket(): could not receive data: 9
[ 40090][E][WiFiUdp.cpp:221] parsePacket(): could not receive data: 9
[ 40096][E][WiFiUdp.cpp:221] parsePacket(): could not receive data: 9
[ 40102][E][WiFiUdp.cpp:221] parsePacket(): could not receive data: 9
[ 40108][E][WiFiUdp.cpp:221] parsePacket(): could not receive data: 9
[ 40114][E][WiFiUdp.cpp:221] parsePacket(): could not receive data: 9
[ 40120][E][WiFiUdp.cpp:221] parsePacket(): could not receive data: 9
[ 40126][E][WiFiUdp.cpp:221] parsePacket(): could not receive data: 9
[ 40132][E][WiFiUdp.cpp:221] parsePacket(): could not receive data: 9
[ 40138][E][WiFiUdp.cpp:221] parsePacket(): could not receive data: 9
[ 40144][E][WiFiUdp.cpp:221] parsePacket(): could not receive data: 9
[ 40151][E][WiFiUdp.cpp:221] parsePacket(): could not receive data: 9
[ 40157][E][WiFiUdp.cpp:221] parsePacket(): could not receive data: 9
[ 40164][E][WiFiUdp.cpp:221] parsePacket(): could not receive data: 9
[ 40171][E][WiFiUdp.cpp:221] parsePacket(): could not receive data: 9
[ 40178][E][WiFiUdp.cpp:221] parsePacket(): could not receive data: 9
[ 40184][E][WiFiUdp.cpp:221] parsePacket(): could not receive data: 9
[ 40190][E][WiFiUdp.cpp:221] parsePacket(): could not receive data: 9
[ 40196][E][WiFiUdp.cpp:221] parsePacket(): could not receive data: 9
[ 40202][E][WiFiUdp.cpp:221] parsePacket(): could not receive data: 9
[ 40208][E][WiFiUdp.cpp:221] parsePacket(): could not receive data: 9
[ 40214][E][WiFiUdp.cpp:221] parsePacket(): could not receive data: 9
[ 40220][E][WiFiUdp.cpp:221] parsePacket(): could not receive data: 9
[ 40226][E][WiFiUdp.cpp:221] parsePacket(): could not receive data: 9
[ 40232][E][WiFiUdp.cpp:221] parsePacket(): could not receive data: 9
[ 40238][E][WiFiUdp.cpp:221] parsePacket(): could not receive data: 9
[ 40244][E][WiFiUdp.cpp:221] parsePacket(): could not receive data: 9
[ 40250][E][WiFiUdp.cpp:221] parsePacket(): could not receive data: 9
[ 40256][E][WiFiUdp.cpp:221] parsePacket(): could not receive data: 9
[ 40262][E][WiFiUdp.cpp:221] parsePacket(): could not receive data: 9
[ 40268][E][WiFiUdp.cpp:221] parsePacket(): could not receive data: 9
[ 40274][E][WiFiUdp.cpp:221] parsePacket(): could not receive data: 9
[ 40280][E][WiFiUdp.cpp:221] parsePacket(): could not receive data: 9
[ 40286][E][WiFiUdp.cpp:221] parsePacket(): could not receive data: 9
[ 40292][E][WiFiUdp.cpp:221] parsePacket(): could not receive data: 9
[ 40298][E][WiFiUdp.cpp:221] parsePacket(): could not receive data: 9
[ 40304][E][WiFiUdp.cpp:221] parsePacket(): could not receive data: 9
[ 40310][E][WiFiUdp.cpp:221] parsePacket(): could not receive data: 9
[ 40316][E][WiFiUdp.cpp:221] parsePacket(): could not receive data: 9
[ 40322][E][WiFiUdp.cpp:221] parsePacket(): could not receive data: 9
[ 40328][E][WiFiUdp.cpp:221] parsePacket(): could not receive data: 9
[ 40334][E][WiFiUdp.cpp:221] parsePacket(): could not receive data: 9
[ 40340][E][WiFiUdp.cpp:221] parsePacket(): could not receive data: 9
[ 40346][E][WiFiUdp.cpp:221] parsePacket(): could not receive data: 9
[ 40352][E][WiFiUdp.cpp:221] parsePacket(): could not receive data: 9
[ 40358][E][WiFiUdp.cpp:221] parsePacket(): could not receive data: 9
[ 40364][E][WiFiUdp.cpp:221] parsePacket(): could not receive data: 9
[ 40370][E][WiFiUdp.cpp:221] parsePacket(): could not receive data: 9
[ 40376][E][WiFiUdp.cpp:221] parsePacket(): could not receive data: 9
[ 40382][E][WiFiUdp.cpp:221] parsePacket(): could not receive data: 9
[ 40389][E][WiFiUdp.cpp:221] parsePacket(): could not receive data: 9
[ 40396][E][WiFiUdp.cpp:221] parsePacket(): could not receive data: 9
[ 40404][E][WiFiUdp.cpp:221] parsePacket(): could not receive data: 9
[ 40410][E][WiFiUdp.cpp:221] parsePacket(): could not receive data: 9
[ 40416][E][WiFiUdp.cpp:221] parsePacket(): could not receive data: 9
[ 40423][E][WiFiUdp.cpp:221] parsePacket(): could not receive data: 9
[ 40429][E][WiFiUdp.cpp:221] parsePacket(): could not receive data: 9
[ 40436][E][WiFiUdp.cpp:221] parsePacket(): could not receive data: 9
[ 40442][E][WiFiUdp.cpp:221] parsePacket(): could not receive data: 9
[ 40448][E][WiFiUdp.cpp:221] parsePacket(): could not receive data: 9
[ 40454][E][WiFiUdp.cpp:221] parsePacket(): could not receive data: 9
[ 40460][E][WiFiUdp.cpp:221] parsePacket(): could not receive data: 9
[ 40466][E][WiFiUdp.cpp:221] parsePacket(): could not receive data: 9
[ 40472][E][WiFiUdp.cpp:221] parsePacket(): could not receive data: 9
[ 40478][E][WiFiUdp.cpp:221] parsePacket(): could not receive data: 9
[ 40484][E][WiFiUdp.cpp:221] parsePacket(): could not receive data: 9
[ 40490][E][WiFiUdp.cpp:221] parsePacket(): could not receive data: 9
[ 40496][E][WiFiUdp.cpp:221] parsePacket(): could not receive data: 9
[ 40502][E][WiFiUdp.cpp:221] parsePacket(): could not receive data: 9
[ 40508][E][WiFiUdp.cpp:221] parsePacket(): could not receive data: 9
[ 40514][E][WiFiUdp.cpp:221] parsePacket(): could not receive data: 9
[ 40520][E][WiFiUdp.cpp:221] parsePacket(): could not receive data: 9
[ 40526][E][WiFiUdp.cpp:221] parsePacket(): could not receive data: 9
[ 40532][E][WiFiUdp.cpp:221] parsePacket(): could not receive data: 9
[ 40538][E][WiFiUdp.cpp:221] parsePacket(): could not receive data: 9
[ 40544][E][WiFiUdp.cpp:221] parsePacket(): could not receive data: 9
[ 40550][E][WiFiUdp.cpp:221] parsePacket(): could not receive data: 9
[ 40556][E][WiFiUdp.cpp:221] parsePacket(): could not receive data: 9
[ 40562][E][WiFiUdp.cpp:221] parsePacket(): could not receive data: 9
[ 40568][E][WiFiUdp.cpp:221] parsePacket(): could not receive data: 9
[ 40574][E][WiFiUdp.cpp:221] parsePacket(): could not receive data: 9
[ 40580][E][WiFiUdp.cpp:221] parsePacket(): could not receive data: 9
[ 40586][E][WiFiUdp.cpp:221] parsePacket(): could not receive data: 9
[ 40592][E][WiFiUdp.cpp:221] parsePacket(): could not receive data: 9
[ 40598][E][WiFiUdp.cpp:221] parsePacket(): could not receive data: 9
[ 40604][E][WiFiUdp.cpp:221] parsePacket(): could not receive data: 9
[ 40610][E][WiFiUdp.cpp:221] parsePacket(): could not receive data: 9
[ 40616][E][WiFiUdp.cpp:221] parsePacket(): could not receive data: 9
[ 40622][E][WiFiUdp.cpp:221] parsePacket(): could not receive data: 9
[ 40628][E][WiFiUdp.cpp:221] parsePacket(): could not receive data: 9
[ 40634][E][WiFiUdp.cpp:221] parsePacket(): could not receive data: 9
[ 40640][E][WiFiUdp.cpp:221] parsePacket(): could not receive data: 9
[ 40646][E][WiFiUdp.cpp:221] parsePacket(): could not receive data: 9
[ 40652][E][WiFiUdp.cpp:221] parsePacket(): could not receive data: 9
[ 40658][E][WiFiUdp.cpp:221] parsePacket(): could not receive data: 9
[ 40664][E][WiFiUdp.cpp:221] parsePacket(): could not receive data: 9
[ 40670][E][WiFiUdp.cpp:221] parsePacket(): could not receive data: 9
[ 40676][E][WiFiUdp.cpp:221] parsePacket(): could not receive data: 9
[ 40682][E][WiFiUdp.cpp:221] parsePacket(): could not receive data: 9
[ 40688][E][WiFiUdp.cpp:221] parsePacket(): could not receive data: 9
[ 40694][E][WiFiUdp.cpp:221] parsePacket(): could not receive data: 9
[ 40700][E][WiFiUdp.cpp:221] parsePacket(): could not receive data: 9
[ 40706][E][WiFiUdp.cpp:221] parsePacket(): could not receive data: 9
[ 40712][E][WiFiUdp.cpp:221] parsePacket(): could not receive data: 9
[ 40718][E][WiFiUdp.cpp:221] parsePacket(): could not receive data: 9
[ 40724][E][WiFiUdp.cpp:221] parsePacket(): could not receive data: 9
[ 40730][E][WiFiUdp.cpp:221] parsePacket(): could not receive data: 9
[ 40736][E][WiFiUdp.cpp:221] parsePacket(): could not receive data: 9
[ 40742][E][WiFiUdp.cpp:221] parsePacket(): could not receive data: 9
[ 40748][E][WiFiUdp.cpp:221] parsePacket(): could not receive data: 9
[ 40754][E][WiFiUdp.cpp:221] parsePacket(): could not receive data: 9
[ 40760][E][WiFiUdp.cpp:221] parsePacket(): could not receive data: 9
[ 40767][E][WiFiUdp.cpp:221] parsePacket(): could not receive data: 9
[ 40774][E][WiFiUdp.cpp:221] parsePacket(): could not receive data: 9
[ 40780][E][WiFiUdp.cpp:221] parsePacket(): could not receive data: 9
[ 40786][E][WiFiUdp.cpp:221] parsePacket(): could not receive data: 9
[ 40792][E][WiFiUdp.cpp:221] parsePacket(): could not receive data: 9
[ 40798][E][WiFiUdp.cpp:221] parsePacket(): could not receive data: 9
[ 40804][E][WiFiUdp.cpp:221] parsePacket(): could not receive data: 9
[ 40810][E][WiFiUdp.cpp:221] parsePacket(): could not receive data: 9
[ 40816][E][WiFiUdp.cpp:221] parsePacket(): could not receive data: 9
[ 40821][E][WiFiUdp.cpp:221] parsePacket(): could not receive data: 9
[ 40826][E][WiFiUdp.cpp:221] parsePacket(): could not receive data: 9
[ 40832][E][WiFiUdp.cpp:221] parsePacket(): could not receive data: 9
[ 40838][E][WiFiUdp.cpp:221] parsePacket(): could not receive data: 9
[ 40844][E][WiFiUdp.cpp:221] parsePacket(): could not receive data: 9
[ 40850][E][WiFiUdp.cpp:221] parsePacket(): could not receive data: 9
[ 40856][E][WiFiUdp.cpp:221] parsePacket(): could not receive data: 9
[ 40862][E][WiFiUdp.cpp:221] parsePacket(): could not receive data: 9
[ 40868][E][WiFiUdp.cpp:221] parsePacket(): could not receive data: 9
[ 40874][E][WiFiUdp.cpp:221] parsePacket(): could not receive data: 9
[ 40881][E][WiFiUdp.cpp:221] parsePacket(): could not receive data: 9
[ 40888][E][WiFiUdp.cpp:221] parsePacket(): could not receive data: 9
[ 40894][E][WiFiUdp.cpp:221] parsePacket(): could not receive data: 9
[ 40900][E][WiFiUdp.cpp:221] parsePacket(): could not receive data: 9
[ 40906][E][WiFiUdp.cpp:221] parsePacket(): could not receive data: 9
[ 40912][E][WiFiUdp.cpp:221] parsePacket(): could not receive data: 9
[ 40918][E][WiFiUdp.cpp:221] parsePacket(): could not receive data: 9
[ 40924][E][WiFiUdp.cpp:221] parsePacket(): could not receive data: 9
[ 40930][E][WiFiUdp.cpp:221] parsePacket(): could not receive data: 9
[ 40936][E][WiFiUdp.cpp:221] parsePacket(): could not receive data: 9
[ 40942][E][WiFiUdp.cpp:221] parsePacket(): could not receive data: 9
[ 40948][E][WiFiUdp.cpp:221] parsePacket(): could not receive data: 9
[ 40954][E][WiFiUdp.cpp:221] parsePacket(): could not receive data: 9
[ 40960][E][WiFiUdp.cpp:221] parsePacket(): could not receive data: 9
[ 40966][E][WiFiUdp.cpp:221] parsePacket(): could not receive data: 9
[ 40972][E][WiFiUdp.cpp:221] parsePacket(): could not receive data: 9
[ 40978][E][WiFiUdp.cpp:221] parsePacket(): could not receive data: 9
[ 40984][E][WiFiUdp.cpp:221] parsePacket(): could not receive data: 9
[ 40990][E][WiFiUdp.cpp:221] parsePacket(): could not receive data: 9
[ 40996][E][WiFiUdp.cpp:221] parsePacket(): could not receive data: 9
[ 41002][E][WiFiUdp.cpp:221] parsePacket(): could not receive data: 9
[ 41008][E][WiFiUdp.cpp:221] parsePacket(): could not receive data: 9
[ 41014][E][WiFiUdp.cpp:221] parsePacket(): could not receive data: 9
[ 41020][E][WiFiUdp.cpp:221] parsePacket(): could not receive data: 9
[ 41026][E][WiFiUdp.cpp:221] parsePacket(): could not receive data: 9
[ 41032][E][WiFiUdp.cpp:221] parsePacket(): could not receive data: 9
[ 41038][E][WiFiUdp.cpp:221] parsePacket(): could not receive data: 9
[ 41044][E][WiFiUdp.cpp:221] parsePacket(): could not receive data: 9
[ 41050][E][WiFiUdp.cpp:221] parsePacket(): could not receive data: 9
[ 41056][E][WiFiUdp.cpp:221] parsePacket(): could not receive data: 9
[ 41062][E][WiFiUdp.cpp:221] parsePacket(): could not receive data: 9
[ 41069][E][WiFiUdp.cpp:221] parsePacket(): could not receive data: 9
[ 41075][E][WiFiUdp.cpp:221] parsePacket(): could not receive data: 9
[ 41082][E][WiFiUdp.cpp:221] parsePacket(): could not receive data: 9
[ 41089][E][WiFiUdp.cpp:221] parsePacket(): could not receive data: 9
[ 41096][E][WiFiUdp.cpp:221] parsePacket(): could not receive data: 9
[ 41103][E][WiFiUdp.cpp:221] parsePacket(): could not receive data: 9
[ 41110][E][WiFiUdp.cpp:221] parsePacket(): could not receive data: 9
[ 41117][E][WiFiUdp.cpp:221] parsePacket(): could not receive data: 9
[ 41125][E][WiFiUdp.cpp:221] parsePacket(): could not receive data: 9
[ 41132][E][WiFiUdp.cpp:221] parsePacket(): could not receive data: 9
[ 41139][E][WiFiUdp.cpp:221] parsePacket(): could not receive data: 9
[ 41146][E][WiFiUdp.cpp:221] parsePacket(): could not receive data: 9
[ 41153][E][WiFiUdp.cpp:221] parsePacket(): could not receive data: 9
[ 41160][E][WiFiUdp.cpp:221] parsePacket(): could not receive data: 9
[ 41167][E][WiFiUdp.cpp:221] parsePacket(): could not receive data: 9
[ 41174][E][WiFiUdp.cpp:221] parsePacket(): could not receive data: 9
[ 41181][E][WiFiUdp.cpp:221] parsePacket(): could not receive data: 9
[ 41188][E][WiFiUdp.cpp:221] parsePacket(): could not receive data: 9
[ 41195][E][WiFiUdp.cpp:221] parsePacket(): could not receive data: 9
[ 41202][E][WiFiUdp.cpp:221] parsePacket(): could not receive data: 9
[ 41211][E][WiFiUdp.cpp:221] parsePacket(): could not receive data: 9
[ 41219][E][WiFiUdp.cpp:221] parsePacket(): could not receive data: 9
[ 41225][E][WiFiUdp.cpp:221] parsePacket(): could not receive data: 9
[ 41231][E][WiFiUdp.cpp:221] parsePacket(): could not receive data: 9
[ 41237][E][WiFiUdp.cpp:221] parsePacket(): could not receive data: 9
[ 41243][E][WiFiUdp.cpp:221] parsePacket(): could not receive data: 9
[ 41249][E][WiFiUdp.cpp:221] parsePacket(): could not receive data: 9
[ 41255][E][WiFiUdp.cpp:221] parsePacket(): could not receive data: 9
[ 41261][E][WiFiUdp.cpp:221] parsePacket(): could not receive data: 9
[ 41267][E][WiFiUdp.cpp:221] parsePacket(): could not receive data: 9
[ 41273][E][WiFiUdp.cpp:221] parsePacket(): could not receive data: 9
[ 41279][E][WiFiUdp.cpp:221] parsePacket(): could not receive data: 9
[ 41285][E][WiFiUdp.cpp:221] parsePacket(): could not receive data: 9
[ 41291][E][WiFiUdp.cpp:221] parsePacket(): could not receive data: 9
[ 41297][E][WiFiUdp.cpp:221] parsePacket(): could not receive data: 9
[ 41303][E][WiFiUdp.cpp:221] parsePacket(): could not receive data: 9
[ 41309][E][WiFiUdp.cpp:221] parsePacket(): could not receive data: 9
[ 41315][E][WiFiUdp.cpp:221] parsePacket(): could not receive data: 9
[ 41321][E][WiFiUdp.cpp:221] parsePacket(): could not receive data: 9
[ 41327][E][WiFiUdp.cpp:221] parsePacket(): could not receive data: 9
[ 41333][E][WiFiUdp.cpp:221] parsePacket(): could not receive data: 9
[ 41339][E][WiFiUdp.cpp:221] parsePacket(): could not receive data: 9
[ 41345][E][WiFiUdp.cpp:221] parsePacket(): could not receive data: 9
[ 41351][E][WiFiUdp.cpp:221] parsePacket(): could not receive data: 9
[ 41357][E][WiFiUdp.cpp:221] parsePacket(): could not receive data: 9
[ 41363][E][WiFiUdp.cpp:221] parsePacket(): could not receive data: 9
[ 41369][E][WiFiUdp.cpp:221] parsePacket(): could not receive data: 9
[ 41375][E][WiFiUdp.cpp:221] parsePacket(): could not receive data: 9
[ 41381][E][WiFiUdp.cpp:221] parsePacket(): could not receive data: 9
[ 41387][E][WiFiUdp.cpp:221] parsePacket(): could not receive data: 9
[ 41393][E][WiFiUdp.cpp:221] parsePacket(): could not receive data: 9
[ 41399][E][WiFiUdp.cpp:221] parsePacket(): could not receive data: 9
[ 41405][E][WiFiUdp.cpp:221] parsePacket(): could not receive data: 9
[ 41411][E][WiFiUdp.cpp:221] parsePacket(): could not receive data: 9
[ 41417][E][WiFiUdp.cpp:221] parsePacket(): could not receive data: 9
[ 41423][E][WiFiUdp.cpp:221] parsePacket(): could not receive data: 9
[ 41429][E][WiFiUdp.cpp:221] parsePacket(): could not receive data: 9
[ 41435][E][WiFiUdp.cpp:221] parsePacket(): could not receive data: 9
[ 41441][E][WiFiUdp.cpp:221] parsePacket(): could not receive data: 9
[ 41447][E][WiFiUdp.cpp:221] parsePacket(): could not receive data: 9
[ 41453][E][WiFiUdp.cpp:221] parsePacket(): could not receive data: 9
[ 41459][E][WiFiUdp.cpp:221] parsePacket(): could not receive data: 9
[ 41465][E][WiFiUdp.cpp:221] parsePacket(): could not receive data: 9
[ 41471][E][WiFiUdp.cpp:221] parsePacket(): could not receive data: 9
[ 41477][E][WiFiUdp.cpp:221] parsePacket(): could not receive data: 9
[ 41483][E][WiFiUdp.cpp:221] parsePacket(): could not receive data: 9
[ 41489][E][WiFiUdp.cpp:221] parsePacket(): could not receive data: 9
[ 41495][E][WiFiUdp.cpp:221] parsePacket(): could not receive data: 9
[ 41501][E][WiFiUdp.cpp:221] parsePacket(): could not receive data: 9
[ 41507][E][WiFiUdp.cpp:221] parsePacket(): could not receive data: 9
[ 41513][E][WiFiUdp.cpp:221] parsePacket(): could not receive data: 9
[ 41519][E][WiFiUdp.cpp:221] parsePacket(): could not receive data: 9
[ 41525][E][WiFiUdp.cpp:221] parsePacket(): could not receive data: 9
[ 41531][E][WiFiUdp.cpp:221] parsePacket(): could not receive data: 9
[ 41537][E][WiFiUdp.cpp:221] parsePacket(): could not receive data: 9
[ 41543][E][WiFiUdp.cpp:221] parsePacket(): could not receive data: 9
[ 41549][E][WiFiUdp.cpp:221] parsePacket(): could not receive data: 9
[ 41555][E][WiFiUdp.cpp:221] parsePacket(): could not receive data: 9
[ 41561][E][WiFiUdp.cpp:221] parsePacket(): could not receive data: 9
[ 41567][E][WiFiUdp.cpp:221] parsePacket(): could not receive data: 9
[ 41573][E][WiFiUdp.cpp:221] parsePacket(): could not receive data: 9
[ 41579][E][WiFiUdp.cpp:221] parsePacket(): could not receive data: 9
[ 41585][E][WiFiUdp.cpp:221] parsePacket(): could not receive data: 9
[ 41591][E][WiFiUdp.cpp:221] parsePacket(): could not receive data: 9
[ 41597][E][WiFiUdp.cpp:221] parsePacket(): could not receive data: 9
[ 41603][E][WiFiUdp.cpp:221] parsePacket(): could not receive data: 9
[ 41609][E][WiFiUdp.cpp:221] parsePacket(): could not receive data: 9
[ 41615][E][WiFiUdp.cpp:221] parsePacket(): could not receive data: 9
[ 41621][E][WiFiUdp.cpp:221] parsePacket(): could not receive data: 9
[ 41627][E][WiFiUdp.cpp:221] parsePacket(): could not receive data: 9
[ 41633][E][WiFiUdp.cpp:221] parsePacket(): could not receive data: 9
[ 41639][E][WiFiUdp.cpp:221] parsePacket(): could not receive data: 9
[ 41645][E][WiFiUdp.cpp:221] parsePacket(): could not receive data: 9
[ 41651][E][WiFiUdp.cpp:221] parsePacket(): could not receive data: 9
[ 41658][E][WiFiUdp.cpp:221] parsePacket(): could not receive data: 9
[ 41664][E][WiFiUdp.cpp:221] parsePacket(): could not receive data: 9
[ 41670][E][WiFiUdp.cpp:221] parsePacket(): could not receive data: 9
[ 41676][E][WiFiUdp.cpp:221] parsePacket(): could not receive data: 9
[ 41682][E][WiFiUdp.cpp:221] parsePacket(): could not receive data: 9
[ 41688][E][WiFiUdp.cpp:221] parsePacket(): could not receive data: 9
[ 41694][E][WiFiUdp.cpp:221] parsePacket(): could not receive data: 9
[ 41700][E][WiFiUdp.cpp:221] parsePacket(): could not receive data: 9
[ 41706][E][WiFiUdp.cpp:221] parsePacket(): could not receive data: 9
[ 41712][E][WiFiUdp.cpp:221] parsePacket(): could not receive data: 9
[ 41718][E][WiFiUdp.cpp:221] parsePacket(): could not receive data: 9
[ 41724][E][WiFiUdp.cpp:221] parsePacket(): could not receive data: 9
[ 41730][E][WiFiUdp.cpp:221] parsePacket(): could not receive data: 9
[ 41736][E][WiFiUdp.cpp:221] parsePacket(): could not receive data: 9
[ 41742][E][WiFiUdp.cpp:221] parsePacket(): could not receive data: 9
[ 41747][E][WiFiUdp.cpp:221] parsePacket(): could not receive data: 9
[ 41753][E][WiFiUdp.cpp:221] parsePacket(): could not receive data: 9
[ 41759][E][WiFiUdp.cpp:221] parsePacket(): could not receive data: 9
[ 41765][E][WiFiUdp.cpp:221] parsePacket(): could not receive data: 9
[ 41771][E][WiFiUdp.cpp:221] parsePacket(): could not receive data: 9
[ 41777][E][WiFiUdp.cpp:221] parsePacket(): could not receive data: 9
[ 41783][E][WiFiUdp.cpp:221] parsePacket(): could not receive data: 9
[ 41789][E][WiFiUdp.cpp:221] parsePacket(): could not receive data: 9
[ 41795][E][WiFiUdp.cpp:221] parsePacket(): could not receive data: 9
[ 41801][E][WiFiUdp.cpp:221] parsePacket(): could not receive data: 9
[ 41807][E][WiFiUdp.cpp:221] parsePacket(): could not receive data: 9
[ 41813][E][WiFiUdp.cpp:221] parsePacket(): could not receive data: 9
[ 41819][E][WiFiUdp.cpp:221] parsePacket(): could not receive data: 9
[ 41825][E][WiFiUdp.cpp:221] parsePacket(): could not receive data: 9
[ 41831][E][WiFiUdp.cpp:221] parsePacket(): could not receive data: 9
[ 41837][E][WiFiUdp.cpp:221] parsePacket(): could not receive data: 9
[ 41843][E][WiFiUdp.cpp:221] parsePacket(): could not receive data: 9
[ 41849][E][WiFiUdp.cpp:221] parsePacket(): could not receive data: 9
[ 41855][E][WiFiUdp.cpp:221] parsePacket(): could not receive data: 9
[ 41861][E][WiFiUdp.cpp:221] parsePacket(): could not receive data: 9
[ 41867][E][WiFiUdp.cpp:221] parsePacket(): could not receive data: 9
[ 41873][E][WiFiUdp.cpp:221] parsePacket(): could not receive data: 9
[ 41879][E][WiFiUdp.cpp:221] parsePacket(): could not receive data: 9
[ 41885][E][WiFiUdp.cpp:221] parsePacket(): could not receive data: 9
[ 41891][E][WiFiUdp.cpp:221] parsePacket(): could not receive data: 9
[ 41897][E][WiFiUdp.cpp:221] parsePacket(): could not receive data: 9
[ 41903][E][WiFiUdp.cpp:221] parsePacket(): could not receive data: 9
[ 41909][E][WiFiUdp.cpp:221] parsePacket(): could not receive data: 9
[ 41915][E][WiFiUdp.cpp:221] parsePacket(): could not receive data: 9
[ 41921][E][WiFiUdp.cpp:221] parsePacket(): could not receive data: 9
[ 41927][E][WiFiUdp.cpp:221] parsePacket(): could not receive data: 9
[ 41933][E][WiFiUdp.cpp:221] parsePacket(): could not receive data: 9
[ 41939][E][WiFiUdp.cpp:221] parsePacket(): could not receive data: 9
[ 41944][E][WiFiUdp.cpp:221] parsePacket(): could not receive data: 9
[ 41950][E][WiFiUdp.cpp:221] parsePacket(): could not receive data: 9
[ 41955][E][WiFiUdp.cpp:221] parsePacket(): could not receive data: 9
[ 41961][E][WiFiUdp.cpp:221] parsePacket(): could not receive data: 9
[ 41967][E][WiFiUdp.cpp:221] parsePacket(): could not receive data: 9
[ 41973][E][WiFiUdp.cpp:221] parsePacket(): could not receive data: 9
[ 41979][E][WiFiUdp.cpp:221] parsePacket(): could not receive data: 9
[ 41985][E][WiFiUdp.cpp:221] parsePacket(): could not receive data: 9
[ 41991][E][WiFiUdp.cpp:221] parsePacket(): could not receive data: 9
[ 41997][E][WiFiUdp.cpp:221] parsePacket(): could not receive data: 9
[ 42003][E][WiFiUdp.cpp:221] parsePacket(): could not receive data: 9
[ 42009][E][WiFiUdp.cpp:221] parsePacket(): could not receive data: 9
[ 42015][E][WiFiUdp.cpp:221] parsePacket(): could not receive data: 9
[ 42021][E][WiFiUdp.cpp:221] parsePacket(): could not receive data: 9
[ 42027][E][WiFiUdp.cpp:221] parsePacket(): could not receive data: 9
[ 42033][E][WiFiUdp.cpp:221] parsePacket(): could not receive data: 9
[ 42039][E][WiFiUdp.cpp:221] parsePacket(): could not receive data: 9
[ 42045][E][WiFiUdp.cpp:221] parsePacket(): could not receive data: 9
[ 42051][E][WiFiUdp.cpp:221] parsePacket(): could not receive data: 9
[ 42057][E][WiFiUdp.cpp:221] parsePacket(): could not receive data: 9
[ 42063][E][WiFiUdp.cpp:221] parsePacket(): could not receive data: 9
[ 42069][E][WiFiUdp.cpp:221] parsePacket(): could not receive data: 9
[ 42075][E][WiFiUdp.cpp:221] parsePacket(): could not receive data: 9
[ 42081][E][WiFiUdp.cpp:221] parsePacket(): could not receive data: 9
[ 42087][E][WiFiUdp.cpp:221] parsePacket(): could not receive data: 9
[ 42093][E][WiFiUdp.cpp:221] parsePacket(): could not receive data: 9
[ 42099][E][WiFiUdp.cpp:221] parsePacket(): could not receive data: 9
[ 42105][E][WiFiUdp.cpp:221] parsePacket(): could not receive data: 9
[ 42111][E][WiFiUdp.cpp:221] parsePacket(): could not receive data: 9
[ 42117][E][WiFiUdp.cpp:221] parsePacket(): could not receive data: 9
[ 42123][E][WiFiUdp.cpp:221] parsePacket(): could not receive data: 9
[ 42129][E][WiFiUdp.cpp:221] parsePacket(): could not receive data: 9
[ 42135][E][WiFiUdp.cpp:221] parsePacket(): could not receive data: 9
[ 42141][E][WiFiUdp.cpp:221] parsePacket(): could not receive data: 9
[ 42147][E][WiFiUdp.cpp:221] parsePacket(): could not receive data: 9
[ 42153][E][WiFiUdp.cpp:221] parsePacket(): could not receive data: 9
[ 42159][E][WiFiUdp.cpp:221] parsePacket(): could not receive data: 9
[ 42165][E][WiFiUdp.cpp:221] parsePacket(): could not receive data: 9
[ 42171][E][WiFiUdp.cpp:221] parsePacket(): could not receive data: 9
[ 42177][E][WiFiUdp.cpp:221] parsePacket(): could not receive data: 9
[ 42183][E][WiFiUdp.cpp:221] parsePacket(): could not receive data: 9
[ 42189][E][WiFiUdp.cpp:221] parsePacket(): could not receive data: 9
[ 42195][E][WiFiUdp.cpp:221] parsePacket(): could not receive data: 9
[ 42201][E][WiFiUdp.cpp:221] parsePacket(): could not receive data: 9
[ 42207][E][WiFiUdp.cpp:221] parsePacket(): could not receive data: 9
[ 42213][E][WiFiUdp.cpp:221] parsePacket(): could not receive data: 9
[ 42219][E][WiFiUdp.cpp:221] parsePacket(): could not receive data: 9
[ 42225][E][WiFiUdp.cpp:221] parsePacket(): could not receive data: 9
[ 42231][E][WiFiUdp.cpp:221] parsePacket(): could not receive data: 9
[ 42237][E][WiFiUdp.cpp:221] parsePacket(): could not receive data: 9
[ 42243][E][WiFiUdp.cpp:221] parsePacket(): could not receive data: 9
[ 42249][E][WiFiUdp.cpp:221] parsePacket(): could not receive data: 9
[ 42255][E][WiFiUdp.cpp:221] parsePacket(): could not receive data: 9
[ 42261][E][WiFiUdp.cpp:221] parsePacket(): could not receive data: 9
[ 42267][E][WiFiUdp.cpp:221] parsePacket(): could not receive data: 9
[ 42273][E][WiFiUdp.cpp:221] parsePacket(): could not receive data: 9
[ 42278][E][WiFiUdp.cpp:221] parsePacket(): could not receive data: 9
[ 42285][E][WiFiUdp.cpp:221] parsePacket(): could not receive data: 9
[ 42291][E][WiFiUdp.cpp:221] parsePacket(): could not receive data: 9
[ 42297][E][WiFiUdp.cpp:221] parsePacket(): could not receive data: 9
[ 42303][E][WiFiUdp.cpp:221] parsePacket(): could not receive data: 9
[ 42309][E][WiFiUdp.cpp:221] parsePacket(): could not receive data: 9
[ 42315][E][WiFiUdp.cpp:221] parsePacket(): could not receive data: 9
[ 42321][E][WiFiUdp.cpp:221] parsePacket(): could not receive data: 9
[ 42327][E][WiFiUdp.cpp:221] parsePacket(): could not receive data: 9
[ 42333][E][WiFiUdp.cpp:221] parsePacket(): could not receive data: 9
[ 42339][E][WiFiUdp.cpp:221] parsePacket(): could not receive data: 9
[ 42345][E][WiFiUdp.cpp:221] parsePacket(): could not receive data: 9
[ 42351][E][WiFiUdp.cpp:221] parsePacket(): could not receive data: 9
[ 42357][E][WiFiUdp.cpp:221] parsePacket(): could not receive data: 9
[ 42363][E][WiFiUdp.cpp:221] parsePacket(): could not receive data: 9
[ 42369][E][WiFiUdp.cpp:221] parsePacket(): could not receive data: 9
[ 42375][E][WiFiUdp.cpp:221] parsePacket(): could not receive data: 9
[ 42381][E][WiFiUdp.cpp:221] parsePacket(): could not receive data: 9
[ 42387][E][WiFiUdp.cpp:221] parsePacket(): could not receive data: 9
[ 42393][E][WiFiUdp.cpp:221] parsePacket(): could not receive data: 9
[ 42399][E][WiFiUdp.cpp:221] parsePacket(): could not receive data: 9
[ 42405][E][WiFiUdp.cpp:221] parsePacket(): could not receive data: 9
[ 42411][E][WiFiUdp.cpp:221] parsePacket(): could not receive data: 9
[ 42417][E][WiFiUdp.cpp:221] parsePacket(): could not receive data: 9
[ 42423][E][WiFiUdp.cpp:221] parsePacket(): could not receive data: 9
[ 42429][E][WiFiUdp.cpp:221] parsePacket(): could not receive data: 9
[ 42435][E][WiFiUdp.cpp:221] parsePacket(): could not receive data: 9
[ 42441][E][WiFiUdp.cpp:221] parsePacket(): could not receive data: 9
[ 42447][E][WiFiUdp.cpp:221] parsePacket(): could not receive data: 9
[ 42453][E][WiFiUdp.cpp:221] parsePacket(): could not receive data: 9
[ 42459][E][WiFiUdp.cpp:221] parsePacket(): could not receive data: 9
[ 42465][E][WiFiUdp.cpp:221] parsePacket(): could not receive data: 9
[ 42471][E][WiFiUdp.cpp:221] parsePacket(): could not receive data: 9
[ 42477][E][WiFiUdp.cpp:221] parsePacket(): could not receive data: 9
[ 42483][E][WiFiUdp.cpp:221] parsePacket(): could not receive data: 9
[ 42489][E][WiFiUdp.cpp:221] parsePacket(): could not receive data: 9
[ 42495][E][WiFiUdp.cpp:221] parsePacket(): could not receive data: 9
[ 42501][E][WiFiUdp.cpp:221] parsePacket(): could not receive data: 9
[ 42507][E][WiFiUdp.cpp:221] parsePacket(): could not receive data: 9
[ 42513][E][WiFiUdp.cpp:221] parsePacket(): could not receive data: 9
[ 42519][E][WiFiUdp.cpp:221] parsePacket(): could not receive data: 9
[ 42525][E][WiFiUdp.cpp:221] parsePacket(): could not receive data: 9
[ 42531][E][WiFiUdp.cpp:221] parsePacket(): could not receive data: 9
[ 42537][E][WiFiUdp.cpp:221] parsePacket(): could not receive data: 9
[ 42543][E][WiFiUdp.cpp:221] parsePacket(): could not receive data: 9
[ 42549][E][WiFiUdp.cpp:221] parsePacket(): could not receive data: 9
[ 42555][E][WiFiUdp.cpp:221] parsePacket(): could not receive data: 9
[ 42561][E][WiFiUdp.cpp:221] parsePacket(): could not receive data: 9
[ 42567][E][WiFiUdp.cpp:221] parsePacket(): could not receive data: 9
[ 42573][E][WiFiUdp.cpp:221] parsePacket(): could not receive data: 9
[ 42579][E][WiFiUdp.cpp:221] parsePacket(): could not receive data: 9
[ 42585][E][WiFiUdp.cpp:221] parsePacket(): could not receive data: 9
[ 42591][E][WiFiUdp.cpp:221] parsePacket(): could not receive data: 9
[ 42597][E][WiFiUdp.cpp:221] parsePacket(): could not receive data: 9
[ 42603][E][WiFiUdp.cpp:221] parsePacket(): could not receive data: 9
[ 42609][E][WiFiUdp.cpp:221] parsePacket(): could not receive data: 9
[ 42615][E][WiFiUdp.cpp:221] parsePacket(): could not receive data: 9
[ 42621][E][WiFiUdp.cpp:221] parsePacket(): could not receive data: 9
[ 42627][E][WiFiUdp.cpp:221] parsePacket(): could not receive data: 9
[ 42633][E][WiFiUdp.cpp:221] parsePacket(): could not receive data: 9
[ 42639][E][WiFiUdp.cpp:221] parsePacket(): could not receive data: 9
[ 42644][E][WiFiUdp.cpp:221] parsePacket(): could not receive data: 9
[ 42650][E][WiFiUdp.cpp:221] parsePacket(): could not receive data: 9
[ 42656][E][WiFiUdp.cpp:221] parsePacket(): could not receive data: 9
[ 42662][E][WiFiUdp.cpp:221] parsePacket(): could not receive data: 9
[ 42668][E][WiFiUdp.cpp:221] parsePacket(): could not receive data: 9
[ 42674][E][WiFiUdp.cpp:221] parsePacket(): could not receive data: 9
[ 42680][E][WiFiUdp.cpp:221] parsePacket(): could not receive data: 9
[ 42686][E][WiFiUdp.cpp:221] parsePacket(): could not receive data: 9
[ 42693][E][WiFiUdp.cpp:221] parsePacket(): could not receive data: 9
[ 42700][E][WiFiUdp.cpp:221] parsePacket(): could not receive data: 9
[ 42707][E][WiFiUdp.cpp:221] parsePacket(): could not receive data: 9
[ 42713][E][WiFiUdp.cpp:221] parsePacket(): could not receive data: 9
[ 42720][E][WiFiUdp.cpp:221] parsePacket(): could not receive data: 9
[ 42726][E][WiFiUdp.cpp:221] parsePacket(): could not receive data: 9
[ 42733][E][WiFiUdp.cpp:221] parsePacket(): could not receive data: 9
[ 42740][E][WiFiUdp.cpp:221] parsePacket(): could not receive data: 9
[ 42747][E][WiFiUdp.cpp:221] parsePacket(): could not receive data: 9
[ 42754][E][WiFiUdp.cpp:221] parsePacket(): could not receive data: 9
[ 42761][E][WiFiUdp.cpp:221] parsePacket(): could not receive data: 9
[ 42768][E][WiFiUdp.cpp:221] parsePacket(): could not receive data: 9
[ 42775][E][WiFiUdp.cpp:221] parsePacket(): could not receive data: 9
[ 42781][E][WiFiUdp.cpp:221] parsePacket(): could not receive data: 9
[ 42787][E][WiFiUdp.cpp:221] parsePacket(): could not receive data: 9
[ 42793][E][WiFiUdp.cpp:221] parsePacket(): could not receive data: 9
[ 42799][E][WiFiUdp.cpp:221] parsePacket(): could not receive data: 9
[ 42805][E][WiFiUdp.cpp:221] parsePacket(): could not receive data: 9
[ 42811][E][WiFiUdp.cpp:221] parsePacket(): could not receive data: 9
[ 42817][E][WiFiUdp.cpp:221] parsePacket(): could not receive data: 9
[ 42823][E][WiFiUdp.cpp:221] parsePacket(): could not receive data: 9
[ 42829][E][WiFiUdp.cpp:221] parsePacket(): could not receive data: 9
[ 42835][E][WiFiUdp.cpp:221] parsePacket(): could not receive data: 9
[ 42841][E][WiFiUdp.cpp:221] parsePacket(): could not receive data: 9
[ 42847][E][WiFiUdp.cpp:221] parsePacket(): could not receive data: 9
[ 42853][E][WiFiUdp.cpp:221] parsePacket(): could not receive data: 9
[ 42859][E][WiFiUdp.cpp:221] parsePacket(): could not receive data: 9
[ 42865][E][WiFiUdp.cpp:221] parsePacket(): could not receive data: 9
[ 42871][E][WiFiUdp.cpp:221] parsePacket(): could not receive data: 9
[ 42877][E][WiFiUdp.cpp:221] parsePacket(): could not receive data: 9
[ 42883][E][WiFiUdp.cpp:221] parsePacket(): could not receive data: 9
[ 42889][E][WiFiUdp.cpp:221] parsePacket(): could not receive data: 9
[ 42895][E][WiFiUdp.cpp:221] parsePacket(): could not receive data: 9
[ 42901][E][WiFiUdp.cpp:221] parsePacket(): could not receive data: 9
[ 42907][E][WiFiUdp.cpp:221] parsePacket(): could not receive data: 9
[ 42913][E][WiFiUdp.cpp:221] parsePacket(): could not receive data: 9
[ 42919][E][WiFiUdp.cpp:221] parsePacket(): could not receive data: 9
[ 42925][E][WiFiUdp.cpp:221] parsePacket(): could not receive data: 9
[ 42931][E][WiFiUdp.cpp:221] parsePacket(): could not receive data: 9
[ 42937][E][WiFiUdp.cpp:221] parsePacket(): could not receive data: 9
[ 42943][E][WiFiUdp.cpp:221] parsePacket(): could not receive data: 9
[ 42949][E][WiFiUdp.cpp:221] parsePacket(): could not receive data: 9
[ 42955][E][WiFiUdp.cpp:221] parsePacket(): could not receive data: 9
[ 42961][E][WiFiUdp.cpp:221] parsePacket(): could not receive data: 9
[ 42967][E][WiFiUdp.cpp:221] parsePacket(): could not receive data: 9
[ 42973][E][WiFiUdp.cpp:221] parsePacket(): could not receive data: 9
[ 42979][E][WiFiUdp.cpp:221] parsePacket(): could not receive data: 9
[ 42985][E][WiFiUdp.cpp:221] parsePacket(): could not receive data: 9
[ 42991][E][WiFiUdp.cpp:221] parsePacket(): could not receive data: 9
[ 42997][E][WiFiUdp.cpp:221] parsePacket(): could not receive data: 9
[ 43003][E][WiFiUdp.cpp:221] parsePacket(): could not receive data: 9
[ 43009][E][WiFiUdp.cpp:221] parsePacket(): could not receive data: 9
[ 43015][E][WiFiUdp.cpp:221] parsePacket(): could not receive data: 9
[ 43021][E][WiFiUdp.cpp:221] parsePacket(): could not receive data: 9
[ 43027][E][WiFiUdp.cpp:221] parsePacket(): could not receive data: 9
[ 43033][E][WiFiUdp.cpp:221] parsePacket(): could not receive data: 9
[ 43039][E][WiFiUdp.cpp:221] parsePacket(): could not receive data: 9
[ 43045][E][WiFiUdp.cpp:221] parsePacket(): could not receive data: 9
[ 43051][E][WiFiUdp.cpp:221] parsePacket(): could not receive data: 9
[ 43057][E][WiFiUdp.cpp:221] parsePacket(): could not receive data: 9
[ 43063][E][WiFiUdp.cpp:221] parsePacket(): could not receive data: 9
[ 43069][E][WiFiUdp.cpp:221] parsePacket(): could not receive data: 9
[ 43075][E][WiFiUdp.cpp:221] parsePacket(): could not receive data: 9
[ 43082][E][WiFiUdp.cpp:221] parsePacket(): could not receive data: 9
[ 43089][E][WiFiUdp.cpp:221] parsePacket(): could not receive data: 9
[ 43096][E][WiFiUdp.cpp:221] parsePacket(): could not receive data: 9
[ 43103][E][WiFiUdp.cpp:221] parsePacket(): could not receive data: 9
[ 43109][E][WiFiUdp.cpp:221] parsePacket(): could not receive data: 9
[ 43115][E][WiFiUdp.cpp:221] parsePacket(): could not receive data: 9
[ 43122][E][WiFiUdp.cpp:221] parsePacket(): could not receive data: 9
[ 43128][E][WiFiUdp.cpp:221] parsePacket(): could not receive data: 9
[ 43134][E][WiFiUdp.cpp:221] parsePacket(): could not receive data: 9
[ 43140][E][WiFiUdp.cpp:221] parsePacket(): could not receive data: 9
[ 43146][E][WiFiUdp.cpp:221] parsePacket(): could not receive data: 9
[ 43152][E][WiFiUdp.cpp:221] parsePacket(): could not receive data: 9
[ 43158][E][WiFiUdp.cpp:221] parsePacket(): could not receive data: 9
[ 43164][E][WiFiUdp.cpp:221] parsePacket(): could not receive data: 9
[ 43170][E][WiFiUdp.cpp:221] parsePacket(): could not receive data: 9
[ 43176][E][WiFiUdp.cpp:221] parsePacket(): could not receive data: 9
[ 43183][E][WiFiUdp.cpp:221] parsePacket(): could not receive data: 9
[ 43190][E][WiFiUdp.cpp:221] parsePacket(): could not receive data: 9
[ 43197][E][WiFiUdp.cpp:221] parsePacket(): could not receive data: 9
[ 43204][E][WiFiUdp.cpp:221] parsePacket(): could not receive data: 9
[ 43211][E][WiFiUdp.cpp:221] parsePacket(): could not receive data: 9
[ 43218][E][WiFiUdp.cpp:221] parsePacket(): could not receive data: 9
[ 43225][E][WiFiUdp.cpp:221] parsePacket(): could not receive data: 9
[ 43232][E][WiFiUdp.cpp:221] parsePacket(): could not receive data: 9
[ 43239][E][WiFiUdp.cpp:221] parsePacket(): could not receive data: 9
[ 43246][E][WiFiUdp.cpp:221] parsePacket(): could not receive data: 9
[ 43253][E][WiFiUdp.cpp:221] parsePacket(): could not receive data: 9
[ 43260][E][WiFiUdp.cpp:221] parsePacket(): could not receive data: 9
[ 43267][E][WiFiUdp.cpp:221] parsePacket(): could not receive data: 9
[ 43273][E][WiFiUdp.cpp:221] parsePacket(): could not receive data: 9
[ 43280][E][WiFiUdp.cpp:221] parsePacket(): could not receive data: 9
[ 43287][E][WiFiUdp.cpp:221] parsePacket(): could not receive data: 9
[ 43294][E][WiFiUdp.cpp:221] parsePacket(): could not receive data: 9
[ 43301][E][WiFiUdp.cpp:221] parsePacket(): could not receive data: 9
[ 43308][E][WiFiUdp.cpp:221] parsePacket(): could not receive data: 9
[ 43315][E][WiFiUdp.cpp:221] parsePacket(): could not receive data: 9
[ 43322][E][WiFiUdp.cpp:221] parsePacket(): could not receive data: 9
[ 43329][E][WiFiUdp.cpp:221] parsePacket(): could not receive data: 9
[ 43336][E][WiFiUdp.cpp:221] parsePacket(): could not receive data: 9
[ 43343][E][WiFiUdp.cpp:221] parsePacket(): could not receive data: 9
[ 43350][E][WiFiUdp.cpp:221] parsePacket(): could not receive data: 9
[ 43357][E][WiFiUdp.cpp:221] parsePacket(): could not receive data: 9
[ 43364][E][WiFiUdp.cpp:221] parsePacket(): could not receive data: 9
[ 43371][E][WiFiUdp.cpp:221] parsePacket(): could not receive data: 9
[ 43378][E][WiFiUdp.cpp:221] parsePacket(): could not receive data: 9
[ 43386][E][WiFiUdp.cpp:221] parsePacket(): could not receive data: 9
[ 43393][E][WiFiUdp.cpp:221] parsePacket(): could not receive data: 9
[ 43400][E][WiFiUdp.cpp:221] parsePacket(): could not receive data: 9
[ 43407][E][WiFiUdp.cpp:221] parsePacket(): could not receive data: 9
[ 43414][E][WiFiUdp.cpp:221] parsePacket(): could not receive data: 9
[ 43421][E][WiFiUdp.cpp:221] parsePacket(): could not receive data: 9
[ 43428][E][WiFiUdp.cpp:221] parsePacket(): could not receive data: 9
[ 43435][E][WiFiUdp.cpp:221] parsePacket(): could not receive data: 9
[ 43442][E][WiFiUdp.cpp:221] parsePacket(): could not receive data: 9
[ 43449][E][WiFiUdp.cpp:221] parsePacket(): could not receive data: 9
[ 43456][E][WiFiUdp.cpp:221] parsePacket(): could not receive data: 9
[ 43463][E][WiFiUdp.cpp:221] parsePacket(): could not receive data: 9
[ 43470][E][WiFiUdp.cpp:221] parsePacket(): could not receive data: 9
[ 43477][E][WiFiUdp.cpp:221] parsePacket(): could not receive data: 9
[ 43485][E][WiFiUdp.cpp:221] parsePacket(): could not receive data: 9
[ 43493][E][WiFiUdp.cpp:221] parsePacket(): could not receive data: 9
[ 43500][E][WiFiUdp.cpp:221] parsePacket(): could not receive data: 9
[ 43507][E][WiFiUdp.cpp:221] parsePacket(): could not receive data: 9
[ 43514][E][WiFiUdp.cpp:221] parsePacket(): could not receive data: 9
[ 43521][E][WiFiUdp.cpp:221] parsePacket(): could not receive data: 9
[ 43527][E][WiFiUdp.cpp:221] parsePacket(): could not receive data: 9
[ 43534][E][WiFiUdp.cpp:221] parsePacket(): could not receive data: 9
[ 43541][E][WiFiUdp.cpp:221] parsePacket(): could not receive data: 9
[ 43548][E][WiFiUdp.cpp:221] parsePacket(): could not receive data: 9
[ 43555][E][WiFiUdp.cpp:221] parsePacket(): could not receive data: 9
[ 43560][E][WiFiUdp.cpp:221] parsePacket(): could not receive data: 9
[ 43567][E][WiFiUdp.cpp:221] parsePacket(): could not receive data: 9
[ 43573][E][WiFiUdp.cpp:221] parsePacket(): could not receive data: 9
[ 43579][E][WiFiUdp.cpp:221] parsePacket(): could not receive data: 9
[ 43585][E][WiFiUdp.cpp:221] parsePacket(): could not receive data: 9
[ 43591][E][WiFiUdp.cpp:221] parsePacket(): could not receive data: 9
[ 43597][E][WiFiUdp.cpp:221] parsePacket(): could not receive data: 9
[ 43603][E][WiFiUdp.cpp:221] parsePacket(): could not receive data: 9
[ 43609][E][WiFiUdp.cpp:221] parsePacket(): could not receive data: 9
[ 43615][E][WiFiUdp.cpp:221] parsePacket(): could not receive data: 9
[ 43622][E][WiFiUdp.cpp:221] parsePacket(): could not receive data: 9
[ 43628][E][WiFiUdp.cpp:221] parsePacket(): could not receive data: 9
[ 43634][E][WiFiUdp.cpp:221] parsePacket(): could not receive data: 9
[ 43640][E][WiFiUdp.cpp:221] parsePacket(): could not receive data: 9
[ 43646][E][WiFiUdp.cpp:221] parsePacket(): could not receive data: 9
[ 43652][E][WiFiUdp.cpp:221] parsePacket(): could not receive data: 9
[ 43658][E][WiFiUdp.cpp:221] parsePacket(): could not receive data: 9
[ 43664][E][WiFiUdp.cpp:221] parsePacket(): could not receive data: 9
[ 43670][E][WiFiUdp.cpp:221] parsePacket(): could not receive data: 9
[ 43676][E][WiFiUdp.cpp:221] parsePacket(): could not receive data: 9
[ 43682][E][WiFiUdp.cpp:221] parsePacket(): could not receive data: 9
[ 43688][E][WiFiUdp.cpp:221] parsePacket(): could not receive data: 9
[ 43694][E][WiFiUdp.cpp:221] parsePacket(): could not receive data: 9
[ 43700][E][WiFiUdp.cpp:221] parsePacket(): could not receive data: 9
[ 43706][E][WiFiUdp.cpp:221] parsePacket(): could not receive data: 9
[ 43712][E][WiFiUdp.cpp:221] parsePacket(): could not receive data: 9
[ 43718][E][WiFiUdp.cpp:221] parsePacket(): could not receive data: 9
[ 43724][E][WiFiUdp.cpp:221] parsePacket(): could not receive data: 9
[ 43730][E][WiFiUdp.cpp:221] parsePacket(): could not receive data: 9
[ 43736][E][WiFiUdp.cpp:221] parsePacket(): could not receive data: 9
[ 43742][E][WiFiUdp.cpp:221] parsePacket(): could not receive data: 9
[ 43748][E][WiFiUdp.cpp:221] parsePacket(): could not receive data: 9
[ 43755][E][WiFiUdp.cpp:221] parsePacket(): could not receive data: 9
[ 43761][E][WiFiUdp.cpp:221] parsePacket(): could not receive data: 9
[ 43767][E][WiFiUdp.cpp:221] parsePacket(): could not receive data: 9
[ 43775][E][WiFiUdp.cpp:221] parsePacket(): could not receive data: 9
[ 43783][E][WiFiUdp.cpp:221] parsePacket(): could not receive data: 9
[ 43789][E][WiFiUdp.cpp:221] parsePacket(): could not receive data: 9
[ 43795][E][WiFiUdp.cpp:221] parsePacket(): could not receive data: 9
[ 43801][E][WiFiUdp.cpp:221] parsePacket(): could not receive data: 9
[ 43807][E][WiFiUdp.cpp:221] parsePacket(): could not receive data: 9
[ 43814][E][WiFiUdp.cpp:221] parsePacket(): could not receive data: 9
[ 43821][E][WiFiUdp.cpp:221] parsePacket(): could not receive data: 9
[ 43828][E][WiFiUdp.cpp:221] parsePacket(): could not receive data: 9
[ 43836][E][WiFiUdp.cpp:221] parsePacket(): could not receive data: 9
[ 43843][E][WiFiUdp.cpp:221] parsePacket(): could not receive data: 9
[ 43850][E][WiFiUdp.cpp:221] parsePacket(): could not receive data: 9
[ 43857][E][WiFiUdp.cpp:221] parsePacket(): could not receive data: 9
[ 43863][E][WiFiUdp.cpp:221] parsePacket(): could not receive data: 9
[ 43869][E][WiFiUdp.cpp:221] parsePacket(): could not receive data: 9
[ 43875][E][WiFiUdp.cpp:221] parsePacket(): could not receive data: 9
[ 43881][E][WiFiUdp.cpp:221] parsePacket(): could not receive data: 9
[ 43887][E][WiFiUdp.cpp:221] parsePacket(): could not receive data: 9
[ 43893][E][WiFiUdp.cpp:221] parsePacket(): could not receive data: 9
[ 43899][E][WiFiUdp.cpp:221] parsePacket(): could not receive data: 9
[ 43905][E][WiFiUdp.cpp:221] parsePacket(): could not receive data: 9
[ 43911][E][WiFiUdp.cpp:221] parsePacket(): could not receive data: 9
[ 43917][E][WiFiUdp.cpp:221] parsePacket(): could not receive data: 9
[ 43923][E][WiFiUdp.cpp:221] parsePacket(): could not receive data: 9
[ 43929][E][WiFiUdp.cpp:221] parsePacket(): could not receive data: 9
[ 43935][E][WiFiUdp.cpp:221] parsePacket(): could not receive data: 9
[ 43941][E][WiFiUdp.cpp:221] parsePacket(): could not receive data: 9
[ 43947][E][WiFiUdp.cpp:221] parsePacket(): could not receive data: 9
[ 43953][E][WiFiUdp.cpp:221] parsePacket(): could not receive data: 9
[ 43959][E][WiFiUdp.cpp:221] parsePacket(): could not receive data: 9
[ 43965][E][WiFiUdp.cpp:221] parsePacket(): could not receive data: 9
[ 43972][E][WiFiUdp.cpp:221] parsePacket(): could not receive data: 9
[ 43979][E][WiFiUdp.cpp:221] parsePacket(): could not receive data: 9
[ 43986][E][WiFiUdp.cpp:221] parsePacket(): could not receive data: 9
[ 43993][E][WiFiUdp.cpp:221] parsePacket(): could not receive data: 9
[ 44000][E][WiFiUdp.cpp:221] parsePacket(): could not receive data: 9
[ 44006][E][WiFiUdp.cpp:221] parsePacket(): could not receive data: 9
[ 44012][E][WiFiUdp.cpp:221] parsePacket(): could not receive data: 9
[ 44019][E][WiFiUdp.cpp:221] parsePacket(): could not receive data: 9
[ 44025][E][WiFiUdp.cpp:221] parsePacket(): could not receive data: 9
[ 44030][E][WiFiUdp.cpp:221] parsePacket(): could not receive data: 9
[ 44037][E][WiFiUdp.cpp:221] parsePacket(): could not receive data: 9
[ 44043][E][WiFiUdp.cpp:221] parsePacket(): could not receive data: 9
[ 44048][E][WiFiUdp.cpp:221] parsePacket(): could not receive data: 9
[ 44054][E][WiFiUdp.cpp:221] parsePacket(): could not receive data: 9
[ 44060][E][WiFiUdp.cpp:221] parsePacket(): could not receive data: 9
[ 44066][E][WiFiUdp.cpp:221] parsePacket(): could not receive data: 9
[ 44072][E][WiFiUdp.cpp:221] parsePacket(): could not receive data: 9
[ 44078][E][WiFiUdp.cpp:221] parsePacket(): could not receive data: 9
[ 44084][E][WiFiUdp.cpp:221] parsePacket(): could not receive data: 9
[ 44089][E][WiFiUdp.cpp:221] parsePacket(): could not receive data: 9
[ 44094][E][WiFiUdp.cpp:221] parsePacket(): could not receive data: 9
[ 44101][E][WiFiUdp.cpp:221] parsePacket(): could not receive data: 9
[ 44108][E][WiFiUdp.cpp:221] parsePacket(): could not receive data: 9
[ 44115][E][WiFiUdp.cpp:221] parsePacket(): could not receive data: 9
[ 44122][E][WiFiUdp.cpp:221] parsePacket(): could not receive data: 9
[ 44129][E][WiFiUdp.cpp:221] parsePacket(): could not receive data: 9
[ 44136][E][WiFiUdp.cpp:221] parsePacket(): could not receive data: 9
[ 44143][E][WiFiUdp.cpp:221] parsePacket(): could not receive data: 9
[ 44150][E][WiFiUdp.cpp:221] parsePacket(): could not receive data: 9
[ 44157][E][WiFiUdp.cpp:221] parsePacket(): could not receive data: 9
[ 44164][E][WiFiUdp.cpp:221] parsePacket(): could not receive data: 9
[ 44171][E][WiFiUdp.cpp:221] parsePacket(): could not receive data: 9
[ 44178][E][WiFiUdp.cpp:221] parsePacket(): could not receive data: 9
[QEMU]...auto-reboot suppressed (guest reset wedges QEMU); settings saved
[ 44188][E][WiFiUdp.cpp:221] parsePacket(): could not receive data: 9
[ 44196][E][WiFiUdp.cpp:221] parsePacket(): could not receive data: 9
[ 44205][E][WiFiUdp.cpp:221] parsePacket(): could not receive data: 9
[ 44213][E][WiFiUdp.cpp:221] parsePacket(): could not receive data: 9
[ 44220][E][WiFiUdp.cpp:221] parsePacket(): could not receive data: 9
[ 44227][E][WiFiUdp.cpp:221] parsePacket(): could not receive data: 9
[ 44234][E][WiFiUdp.cpp:221] parsePacket(): could not receive data: 9
[ 44241][E][WiFiUdp.cpp:221] parsePacket(): could not receive data: 9
[ 44249][E][WiFiUdp.cpp:221] parsePacket(): could not receive data: 9
[ 44255][E][WiFiUdp.cpp:221] parsePacket(): could not receive data: 9
[ 44261][E][WiFiUdp.cpp:221] parsePacket(): could not receive data: 9
[ 44267][E][WiFiUdp.cpp:221] parsePacket(): could not receive data: 9
[ 44273][E][WiFiUdp.cpp:221] parsePacket(): could not receive data: 9
[ 44279][E][WiFiUdp.cpp:221] parsePacket(): could not receive data: 9
[ 44285][E][WiFiUdp.cpp:221] parsePacket(): could not receive data: 9
[ 44291][E][WiFiUdp.cpp:221] parsePacket(): could not receive data: 9
[ 44297][E][WiFiUdp.cpp:221] parsePacket(): could not receive data: 9
[ 44303][E][WiFiUdp.cpp:221] parsePacket(): could not receive data: 9
[ 44309][E][WiFiUdp.cpp:221] parsePacket(): could not receive data: 9
[ 44315][E][WiFiUdp.cpp:221] parsePacket(): could not receive data: 9
[ 44321][E][WiFiUdp.cpp:221] parsePacket(): could not receive data: 9
[ 44327][E][WiFiUdp.cpp:221] parsePacket(): could not receive data: 9
[ 44333][E][WiFiUdp.cpp:221] parsePacket(): could not receive data: 9
[ 44339][E][WiFiUdp.cpp:221] parsePacket(): could not receive data: 9
[ 44345][E][WiFiUdp.cpp:221] parsePacket(): could not receive data: 9
[ 44351][E][WiFiUdp.cpp:221] parsePacket(): could not receive data: 9
[ 44357][E][WiFiUdp.cpp:221] parsePacket(): could not receive data: 9
[ 44363][E][WiFiUdp.cpp:221] parsePacket(): could not receive data: 9
[ 44369][E][WiFiUdp.cpp:221] parsePacket(): could not receive data: 9
[ 44375][E][WiFiUdp.cpp:221] parsePacket(): could not receive data: 9
[ 44381][E][WiFiUdp.cpp:221] parsePacket(): could not receive data: 9
[ 44387][E][WiFiUdp.cpp:221] parsePacket(): could not receive data: 9
[ 44393][E][WiFiUdp.cpp:221] parsePacket(): could not receive data: 9
[ 44399][E][WiFiUdp.cpp:221] parsePacket(): could not receive data: 9
[ 44405][E][WiFiUdp.cpp:221] parsePacket(): could not receive data: 9
[ 44411][E][WiFiUdp.cpp:221] parsePacket(): could not receive data: 9
[ 44417][E][WiFiUdp.cpp:221] parsePacket(): could not receive data: 9
[ 44423][E][WiFiUdp.cpp:221] parsePacket(): could not receive data: 9
[ 44429][E][WiFiUdp.cpp:221] parsePacket(): could not receive data: 9
[ 44435][E][WiFiUdp.cpp:221] parsePacket(): could not receive data: 9
[ 44441][E][WiFiUdp.cpp:221] parsePacket(): could not receive data: 9
[ 44447][E][WiFiUdp.cpp:221] parsePacket(): could not receive data: 9
[ 44453][E][WiFiUdp.cpp:221] parsePacket(): could not receive data: 9
[ 44459][E][WiFiUdp.cpp:221] parsePacket(): could not receive data: 9
[ 44465][E][WiFiUdp.cpp:221] parsePacket(): could not receive data: 9
[ 44471][E][WiFiUdp.cpp:221] parsePacket(): could not receive data: 9
[ 44477][E][WiFiUdp.cpp:221] parsePacket(): could not receive data: 9
[ 44483][E][WiFiUdp.cpp:221] parsePacket(): could not receive data: 9
[ 44489][E][WiFiUdp.cpp:221] parsePacket(): could not receive data: 9
[ 44495][E][WiFiUdp.cpp:221] parsePacket(): could not receive data: 9
[ 44501][E][WiFiUdp.cpp:221] parsePacket(): could not receive data: 9
[ 44507][E][WiFiUdp.cpp:221] parsePacket(): could not receive data: 9
[ 44513][E][WiFiUdp.cpp:221] parsePacket(): could not receive data: 9
[ 44519][E][WiFiUdp.cpp:221] parsePacket(): could not receive data: 9
[ 44525][E][WiFiUdp.cpp:221] parsePacket(): could not receive data: 9
[ 44531][E][WiFiUdp.cpp:221] parsePacket(): could not receive data: 9
[ 44537][E][WiFiUdp.cpp:221] parsePacket(): could not receive data: 9
[ 44543][E][WiFiUdp.cpp:221] parsePacket(): could not receive data: 9
[ 44549][E][WiFiUdp.cpp:221] parsePacket(): could not receive data: 9
[ 44555][E][WiFiUdp.cpp:221] parsePacket(): could not receive data: 9
[ 44561][E][WiFiUdp.cpp:221] parsePacket(): could not receive data: 9
[ 44567][E][WiFiUdp.cpp:221] parsePacket(): could not receive data: 9
[ 44573][E][WiFiUdp.cpp:221] parsePacket(): could not receive data: 9
[ 44580][E][WiFiUdp.cpp:221] parsePacket(): could not receive data: 9
[ 44586][E][WiFiUdp.cpp:221] parsePacket(): could not receive data: 9
[ 44592][E][WiFiUdp.cpp:221] parsePacket(): could not receive data: 9
[ 44598][E][WiFiUdp.cpp:221] parsePacket(): could not receive data: 9
[ 44604][E][WiFiUdp.cpp:221] parsePacket(): could not receive data: 9
[ 44610][E][WiFiUdp.cpp:221] parsePacket(): could not receive data: 9
[ 44616][E][WiFiUdp.cpp:221] parsePacket(): could not receive data: 9
[ 44622][E][WiFiUdp.cpp:221] parsePacket(): could not receive data: 9
[ 44628][E][WiFiUdp.cpp:221] parsePacket(): could not receive data: 9
[ 44634][E][WiFiUdp.cpp:221] parsePacket(): could not receive data: 9
[ 44640][E][WiFiUdp.cpp:221] parsePacket(): could not receive data: 9
[ 44646][E][WiFiUdp.cpp:221] parsePacket(): could not receive data: 9
[ 44652][E][WiFiUdp.cpp:221] parsePacket(): could not receive data: 9
[ 44658][E][WiFiUdp.cpp:221] parsePacket(): could not receive data: 9
[ 44664][E][WiFiUdp.cpp:221] parsePacket(): could not receive data: 9
[ 44669][E][WiFiUdp.cpp:221] parsePacket(): could not receive data: 9
[ 44675][E][WiFiUdp.cpp:221] parsePacket(): could not receive data: 9
[ 44681][E][WiFiUdp.cpp:221] parsePacket(): could not receive data: 9
[ 44687][E][WiFiUdp.cpp:221] parsePacket(): could not receive data: 9
[ 44693][E][WiFiUdp.cpp:221] parsePacket(): could not receive data: 9
[ 44699][E][WiFiUdp.cpp:221] parsePacket(): could not receive data: 9
[ 44705][E][WiFiUdp.cpp:221] parsePacket(): could not receive data: 9
[ 44711][E][WiFiUdp.cpp:221] parsePacket(): could not receive data: 9
[ 44716][E][WiFiUdp.cpp:221] parsePacket(): could not receive data: 9
[ 44722][E][WiFiUdp.cpp:221] parsePacket(): could not receive data: 9
[ 44728][E][WiFiUdp.cpp:221] parsePacket(): could not receive data: 9
[ 44734][E][WiFiUdp.cpp:221] parsePacket(): could not receive data: 9
[ 44740][E][WiFiUdp.cpp:221] parsePacket(): could not receive data: 9
[ 44746][E][WiFiUdp.cpp:221] parsePacket(): could not receive data: 9
[ 44752][E][WiFiUdp.cpp:221] parsePacket(): could not receive data: 9
[ 44758][E][WiFiUdp.cpp:221] parsePacket(): could not receive data: 9
[ 44764][E][WiFiUdp.cpp:221] parsePacket(): could not receive data: 9
[ 44770][E][WiFiUdp.cpp:221] parsePacket(): could not receive data: 9
[ 44776][E][WiFiUdp.cpp:221] parsePacket(): could not receive data: 9
[ 44782][E][WiFiUdp.cpp:221] parsePacket(): could not receive data: 9
[ 44788][E][WiFiUdp.cpp:221] parsePacket(): could not receive data: 9
[ 44794][E][WiFiUdp.cpp:221] parsePacket(): could not receive data: 9
[ 44800][E][WiFiUdp.cpp:221] parsePacket(): could not receive data: 9
[ 44807][E][WiFiUdp.cpp:221] parsePacket(): could not receive data: 9
[ 44813][E][WiFiUdp.cpp:221] parsePacket(): could not receive data: 9
[ 44819][E][WiFiUdp.cpp:221] parsePacket(): could not receive data: 9
[ 44825][E][WiFiUdp.cpp:221] parsePacket(): could not receive data: 9
[ 44832][E][WiFiUdp.cpp:221] parsePacket(): could not receive data: 9
[ 44839][E][WiFiUdp.cpp:221] parsePacket(): could not receive data: 9
[ 44846][E][WiFiUdp.cpp:221] parsePacket(): could not receive data: 9
[ 44853][E][WiFiUdp.cpp:221] parsePacket(): could not receive data: 9
[ 44862][E][WiFiUdp.cpp:221] parsePacket(): could not receive data: 9
[ 44869][E][WiFiUdp.cpp:221] parsePacket(): could not receive data: 9
[ 44876][E][WiFiUdp.cpp:221] parsePacket(): could not receive data: 9
[ 44883][E][WiFiUdp.cpp:221] parsePacket(): could not receive data: 9
[ 44890][E][WiFiUdp.cpp:221] parsePacket(): could not receive data: 9
[ 44896][E][WiFiUdp.cpp:221] parsePacket(): could not receive data: 9
[ 44903][E][WiFiUdp.cpp:221] parsePacket(): could not receive data: 9
[ 44909][E][WiFiUdp.cpp:221] parsePacket(): could not receive data: 9
[ 44916][E][WiFiUdp.cpp:221] parsePacket(): could not receive data: 9
[ 44922][E][WiFiUdp.cpp:221] parsePacket(): could not receive data: 9
[ 44928][E][WiFiUdp.cpp:221] parsePacket(): could not receive data: 9
[ 44934][E][WiFiUdp.cpp:221] parsePacket(): could not receive data: 9
[ 44940][E][WiFiUdp.cpp:221] parsePacket(): could not receive data: 9
[ 44946][E][WiFiUdp.cpp:221] parsePacket(): could not receive data: 9
[ 44952][E][WiFiUdp.cpp:221] parsePacket(): could not receive data: 9
[ 44958][E][WiFiUdp.cpp:221] parsePacket(): could not receive data: 9
[ 44964][E][WiFiUdp.cpp:221] parsePacket(): could not receive data: 9
[ 44970][E][WiFiUdp.cpp:221] parsePacket(): could not receive data: 9
[ 44976][E][WiFiUdp.cpp:221] parsePacket(): could not receive data: 9
[ 44982][E][WiFiUdp.cpp:221] parsePacket(): could not receive data: 9
[ 44988][E][WiFiUdp.cpp:221] parsePacket(): could not receive data: 9
[ 44994][E][WiFiUdp.cpp:221] parsePacket(): could not receive data: 9
[ 45000][E][WiFiUdp.cpp:221] parsePacket(): could not receive data: 9
[ 45006][E][WiFiUdp.cpp:221] parsePacket(): could not receive data: 9
[ 45012][E][WiFiUdp.cpp:221] parsePacket(): could not receive data: 9
[ 45019][E][WiFiUdp.cpp:221] parsePacket(): could not receive data: 9
[ 45026][E][WiFiUdp.cpp:221] parsePacket(): could not receive data: 9
[ 45033][E][WiFiUdp.cpp:221] parsePacket(): could not receive data: 9
[ 45040][E][WiFiUdp.cpp:221] parsePacket(): could not receive data: 9
[ 45046][E][WiFiUdp.cpp:221] parsePacket(): could not receive data: 9
[ 45052][E][WiFiUdp.cpp:221] parsePacket(): could not receive data: 9
[ 45058][E][WiFiUdp.cpp:221] parsePacket(): could not receive data: 9
[ 45064][E][WiFiUdp.cpp:221] parsePacket(): could not receive data: 9
[ 45071][E][WiFiUdp.cpp:221] parsePacket(): could not receive data: 9
[ 45078][E][WiFiUdp.cpp:221] parsePacket(): could not receive data: 9
[ 45084][E][WiFiUdp.cpp:221] parsePacket(): could not receive data: 9
[ 45090][E][WiFiUdp.cpp:221] parsePacket(): could not receive data: 9
[ 45096][E][WiFiUdp.cpp:221] parsePacket(): could not receive data: 9
[ 45102][E][WiFiUdp.cpp:221] parsePacket(): could not receive data: 9
[ 45108][E][WiFiUdp.cpp:221] parsePacket(): could not receive data: 9
[ 45114][E][WiFiUdp.cpp:221] parsePacket(): could not receive data: 9
[ 45120][E][WiFiUdp.cpp:221] parsePacket(): could not receive data: 9
[ 45126][E][WiFiUdp.cpp:221] parsePacket(): could not receive data: 9
[ 45132][E][WiFiUdp.cpp:221] parsePacket(): could not receive data: 9
[ 45138][E][WiFiUdp.cpp:221] parsePacket(): could not receive data: 9
[ 45144][E][WiFiUdp.cpp:221] parsePacket(): could not receive data: 9
[ 45150][E][WiFiUdp.cpp:221] parsePacket(): could not receive data: 9
[ 45156][E][WiFiUdp.cpp:221] parsePacket(): could not receive data: 9
[ 45162][E][WiFiUdp.cpp:221] parsePacket(): could not receive data: 9
[ 45168][E][WiFiUdp.cpp:221] parsePacket(): could not receive data: 9
[ 45174][E][WiFiUdp.cpp:221] parsePacket(): could not receive data: 9
[ 45180][E][WiFiUdp.cpp:221] parsePacket(): could not receive data: 9
[ 45186][E][WiFiUdp.cpp:221] parsePacket(): could not receive data: 9
[ 45192][E][WiFiUdp.cpp:221] parsePacket(): could not receive data: 9
[ 45198][E][WiFiUdp.cpp:221] parsePacket(): could not receive data: 9
[ 45204][E][WiFiUdp.cpp:221] parsePacket(): could not receive data: 9
[ 45210][E][WiFiUdp.cpp:221] parsePacket(): could not receive data: 9
[ 45216][E][WiFiUdp.cpp:221] parsePacket(): could not receive data: 9
[ 45222][E][WiFiUdp.cpp:221] parsePacket(): could not receive data: 9
[ 45228][E][WiFiUdp.cpp:221] parsePacket(): could not receive data: 9
[ 45234][E][WiFiUdp.cpp:221] parsePacket(): could not receive data: 9
[ 45240][E][WiFiUdp.cpp:221] parsePacket(): could not receive data: 9
[ 45246][E][WiFiUdp.cpp:221] parsePacket(): could not receive data: 9
[ 45252][E][WiFiUdp.cpp:221] parsePacket(): could not receive data: 9
[ 45258][E][WiFiUdp.cpp:221] parsePacket(): could not receive data: 9
[ 45264][E][WiFiUdp.cpp:221] parsePacket(): could not receive data: 9
[ 45270][E][WiFiUdp.cpp:221] parsePacket(): could not receive data: 9
[ 45276][E][WiFiUdp.cpp:221] parsePacket(): could not receive data: 9
[ 45282][E][WiFiUdp.cpp:221] parsePacket(): could not receive data: 9
[ 45288][E][WiFiUdp.cpp:221] parsePacket(): could not receive data: 9
[ 45294][E][WiFiUdp.cpp:221] parsePacket(): could not receive data: 9
[ 45300][E][WiFiUdp.cpp:221] parsePacket(): could not receive data: 9
[ 45306][E][WiFiUdp.cpp:221] parsePacket(): could not receive data: 9
[ 45312][E][WiFiUdp.cpp:221] parsePacket(): could not receive data: 9
[ 45318][E][WiFiUdp.cpp:221] parsePacket(): could not receive data: 9
[ 45324][E][WiFiUdp.cpp:221] parsePacket(): could not receive data: 9
[ 45330][E][WiFiUdp.cpp:221] parsePacket(): could not receive data: 9
[ 45336][E][WiFiUdp.cpp:221] parsePacket(): could not receive data: 9
[ 45342][E][WiFiUdp.cpp:221] parsePacket(): could not receive data: 9
[ 45348][E][WiFiUdp.cpp:221] parsePacket(): could not receive data: 9
[ 45354][E][WiFiUdp.cpp:221] parsePacket(): could not receive data: 9
[ 45360][E][WiFiUdp.cpp:221] parsePacket(): could not receive data: 9
[ 45366][E][WiFiUdp.cpp:221] parsePacket(): could not receive data: 9
[ 45372][E][WiFiUdp.cpp:221] parsePacket(): could not receive data: 9
[ 45378][E][WiFiUdp.cpp:221] parsePacket(): could not receive data: 9
[ 45384][E][WiFiUdp.cpp:221] parsePacket(): could not receive data: 9
[ 45390][E][WiFiUdp.cpp:221] parsePacket(): could not receive data: 9
[ 45396][E][WiFiUdp.cpp:221] parsePacket(): could not receive data: 9
[ 45402][E][WiFiUdp.cpp:221] parsePacket(): could not receive data: 9
[ 45408][E][WiFiUdp.cpp:221] parsePacket(): could not receive data: 9
[ 45413][E][WiFiUdp.cpp:221] parsePacket(): could not receive data: 9
[ 45419][E][WiFiUdp.cpp:221] parsePacket(): could not receive data: 9
[ 45425][E][WiFiUdp.cpp:221] parsePacket(): could not receive data: 9
[ 45431][E][WiFiUdp.cpp:221] parsePacket(): could not receive data: 9
[ 45437][E][WiFiUdp.cpp:221] parsePacket(): could not receive data: 9
[ 45443][E][WiFiUdp.cpp:221] parsePacket(): could not receive data: 9
[ 45450][E][WiFiUdp.cpp:221] parsePacket(): could not receive data: 9
[ 45456][E][WiFiUdp.cpp:221] parsePacket(): could not receive data: 9
[ 45462][E][WiFiUdp.cpp:221] parsePacket(): could not receive data: 9
[ 45468][E][WiFiUdp.cpp:221] parsePacket(): could not receive data: 9
[ 45474][E][WiFiUdp.cpp:221] parsePacket(): could not receive data: 9
[ 45480][E][WiFiUdp.cpp:221] parsePacket(): could not receive data: 9
[ 45486][E][WiFiUdp.cpp:221] parsePacket(): could not receive data: 9
[ 45492][E][WiFiUdp.cpp:221] parsePacket(): could not receive data: 9
[ 45498][E][WiFiUdp.cpp:221] parsePacket(): could not receive data: 9
[ 45504][E][WiFiUdp.cpp:221] parsePacket(): could not receive data: 9
[ 45511][E][WiFiUdp.cpp:221] parsePacket(): could not receive data: 9
[ 45518][E][WiFiUdp.cpp:221] parsePacket(): could not receive data: 9
[ 45525][E][WiFiUdp.cpp:221] parsePacket(): could not receive data: 9
[ 45532][E][WiFiUdp.cpp:221] parsePacket(): could not receive data: 9
[ 45539][E][WiFiUdp.cpp:221] parsePacket(): could not receive data: 9
[ 45546][E][WiFiUdp.cpp:221] parsePacket(): could not receive data: 9
[ 45553][E][WiFiUdp.cpp:221] parsePacket(): could not receive data: 9
[ 45560][E][WiFiUdp.cpp:221] parsePacket(): could not receive data: 9
[ 45567][E][WiFiUdp.cpp:221] parsePacket(): could not receive data: 9
[ 45574][E][WiFiUdp.cpp:221] parsePacket(): could not receive data: 9
[ 45581][E][WiFiUdp.cpp:221] parsePacket(): could not receive data: 9
[ 45588][E][WiFiUdp.cpp:221] parsePacket(): could not receive data: 9
[ 45595][E][WiFiUdp.cpp:221] parsePacket(): could not receive data: 9
[ 45602][E][WiFiUdp.cpp:221] parsePacket(): could not receive data: 9
[ 45608][E][WiFiUdp.cpp:221] parsePacket(): could not receive data: 9
[ 45614][E][WiFiUdp.cpp:221] parsePacket(): could not receive data: 9
[ 45621][E][WiFiUdp.cpp:221] parsePacket(): could not receive data: 9
[ 45628][E][WiFiUdp.cpp:221] parsePacket(): could not receive data: 9
[ 45635][E][WiFiUdp.cpp:221] parsePacket(): could not receive data: 9
[ 45642][E][WiFiUdp.cpp:221] parsePacket(): could not receive data: 9
[ 45649][E][WiFiUdp.cpp:221] parsePacket(): could not receive data: 9
[ 45656][E][WiFiUdp.cpp:221] parsePacket(): could not receive data: 9
[ 45663][E][WiFiUdp.cpp:221] parsePacket(): could not receive data: 9
[ 45670][E][WiFiUdp.cpp:221] parsePacket(): could not receive data: 9
[ 45677][E][WiFiUdp.cpp:221] parsePacket(): could not receive data: 9
[ 45684][E][WiFiUdp.cpp:221] parsePacket(): could not receive data: 9
[ 45691][E][WiFiUdp.cpp:221] parsePacket(): could not receive data: 9
[ 45698][E][WiFiUdp.cpp:221] parsePacket(): could not receive data: 9
[ 45705][E][WiFiUdp.cpp:221] parsePacket(): could not receive data: 9
[ 45714][E][WiFiUdp.cpp:221] parsePacket(): could not receive data: 9
[ 45722][E][WiFiUdp.cpp:221] parsePacket(): could not receive data: 9
[ 45729][E][WiFiUdp.cpp:221] parsePacket(): could not receive data: 9
[ 45736][E][WiFiUdp.cpp:221] parsePacket(): could not receive data: 9
[ 45743][E][WiFiUdp.cpp:221] parsePacket(): could not receive data: 9
[ 45750][E][WiFiUdp.cpp:221] parsePacket(): could not receive data: 9
[ 45757][E][WiFiUdp.cpp:221] parsePacket(): could not receive data: 9
[ 45763][E][WiFiUdp.cpp:221] parsePacket(): could not receive data: 9
[ 45773][E][WiFiUdp.cpp:221] parsePacket(): could not receive data: 9
[ 45780][E][WiFiUdp.cpp:221] parsePacket(): could not receive data: 9
[ 45790][E][WiFiUdp.cpp:221] parsePacket(): could not receive data: 9
[ 45799][E][WiFiUdp.cpp:221] parsePacket(): could not receive data: 9
[ 45806][E][WiFiUdp.cpp:221] parsePacket(): could not receive data: 9
[ 45814][E][WiFiUdp.cpp:221] parsePacket(): could not receive data: 9
[ 45822][E][WiFiUdp.cpp:221] parsePacket(): could not receive data: 9
[ 45829][E][WiFiUdp.cpp:221] parsePacket(): could not receive data: 9
[ 45836][E][WiFiUdp.cpp:221] parsePacket(): could not receive data: 9
[ 45843][E][WiFiUdp.cpp:221] parsePacket(): could not receive data: 9
[ 45850][E][WiFiUdp.cpp:221] parsePacket(): could not receive data: 9
[ 45857][E][WiFiUdp.cpp:221] parsePacket(): could not receive data: 9
[ 45864][E][WiFiUdp.cpp:221] parsePacket(): could not receive data: 9
[ 45871][E][WiFiUdp.cpp:221] parsePacket(): could not receive data: 9
[ 45878][E][WiFiUdp.cpp:221] parsePacket(): could not receive data: 9
[ 45885][E][WiFiUdp.cpp:221] parsePacket(): could not receive data: 9
[ 45892][E][WiFiUdp.cpp:221] parsePacket(): could not receive data: 9
[ 45899][E][WiFiUdp.cpp:221] parsePacket(): could not receive data: 9
[ 45906][E][WiFiUdp.cpp:221] parsePacket(): could not receive data: 9
[ 45913][E][WiFiUdp.cpp:221] parsePacket(): could not receive data: 9
[ 45919][E][WiFiUdp.cpp:221] parsePacket(): could not receive data: 9
[ 45925][E][WiFiUdp.cpp:221] parsePacket(): could not receive data: 9
[ 45931][E][WiFiUdp.cpp:221] parsePacket(): could not receive data: 9
[ 45937][E][WiFiUdp.cpp:221] parsePacket(): could not receive data: 9
[ 45943][E][WiFiUdp.cpp:221] parsePacket(): could not receive data: 9
[ 45948][E][WiFiUdp.cpp:221] parsePacket(): could not receive data: 9
[ 45953][E][WiFiUdp.cpp:221] parsePacket(): could not receive data: 9
[ 45959][E][WiFiUdp.cpp:221] parsePacket(): could not receive data: 9
[ 45965][E][WiFiUdp.cpp:221] parsePacket(): could not receive data: 9
[ 45971][E][WiFiUdp.cpp:221] parsePacket(): could not receive data: 9
[ 45977][E][WiFiUdp.cpp:221] parsePacket(): could not receive data: 9
[ 45983][E][WiFiUdp.cpp:221] parsePacket(): could not receive data: 9
[ 45989][E][WiFiUdp.cpp:221] parsePacket(): could not receive data: 9
[ 45995][E][WiFiUdp.cpp:221] parsePacket(): could not receive data: 9
[ 46002][E][WiFiUdp.cpp:221] parsePacket(): could not receive data: 9
[ 46009][E][WiFiUdp.cpp:221] parsePacket(): could not receive data: 9
[ 46018][E][WiFiUdp.cpp:221] parsePacket(): could not receive data: 9
[ 46026][E][WiFiUdp.cpp:221] parsePacket(): could not receive data: 9
[ 46034][E][WiFiUdp.cpp:221] parsePacket(): could not receive data: 9
[ 46041][E][WiFiUdp.cpp:221] parsePacket(): could not receive data: 9
[ 46048][E][WiFiUdp.cpp:221] parsePacket(): could not receive data: 9
[ 46055][E][WiFiUdp.cpp:221] parsePacket(): could not receive data: 9
[ 46062][E][WiFiUdp.cpp:221] parsePacket(): could not receive data: 9
[ 46069][E][WiFiUdp.cpp:221] parsePacket(): could not receive data: 9
[ 46076][E][WiFiUdp.cpp:221] parsePacket(): could not receive data: 9
[ 46083][E][WiFiUdp.cpp:221] parsePacket(): could not receive data: 9
[ 46090][E][WiFiUdp.cpp:221] parsePacket(): could not receive data: 9
[ 46097][E][WiFiUdp.cpp:221] parsePacket(): could not receive data: 9
[ 46104][E][WiFiUdp.cpp:221] parsePacket(): could not receive data: 9
[ 46111][E][WiFiUdp.cpp:221] parsePacket(): could not receive data: 9
[ 46118][E][WiFiUdp.cpp:221] parsePacket(): could not receive data: 9
[ 46125][E][WiFiUdp.cpp:221] parsePacket(): could not receive data: 9
[ 46132][E][WiFiUdp.cpp:221] parsePacket(): could not receive data: 9
[ 46139][E][WiFiUdp.cpp:221] parsePacket(): could not receive data: 9
[ 46146][E][WiFiUdp.cpp:221] parsePacket(): could not receive data: 9
[ 46153][E][WiFiUdp.cpp:221] parsePacket(): could not receive data: 9
[ 46160][E][WiFiUdp.cpp:221] parsePacket(): could not receive data: 9
[ 46167][E][WiFiUdp.cpp:221] parsePacket(): could not receive data: 9
[ 46174][E][WiFiUdp.cpp:221] parsePacket(): could not receive data: 9
[ 46181][E][WiFiUdp.cpp:221] parsePacket(): could not receive data: 9
[ 46188][E][WiFiUdp.cpp:221] parsePacket(): could not receive data: 9
[ 46195][E][WiFiUdp.cpp:221] parsePacket(): could not receive data: 9
[ 46203][E][WiFiUdp.cpp:221] parsePacket(): could not receive data: 9
[ 46210][E][WiFiUdp.cpp:221] parsePacket(): could not receive data: 9
[ 46217][E][WiFiUdp.cpp:221] parsePacket(): could not receive data: 9
[ 46224][E][WiFiUdp.cpp:221] parsePacket(): could not receive data: 9
[ 46231][E][WiFiUdp.cpp:221] parsePacket(): could not receive data: 9
[ 46238][E][WiFiUdp.cpp:221] parsePacket(): could not receive data: 9
[ 46245][E][WiFiUdp.cpp:221] parsePacket(): could not receive data: 9
[ 46252][E][WiFiUdp.cpp:221] parsePacket(): could not receive data: 9
[ 46259][E][WiFiUdp.cpp:221] parsePacket(): could not receive data: 9
[ 46266][E][WiFiUdp.cpp:221] parsePacket(): could not receive data: 9
[ 46273][E][WiFiUdp.cpp:221] parsePacket(): could not receive data: 9
[ 46280][E][WiFiUdp.cpp:221] parsePacket(): could not receive data: 9
[ 46287][E][WiFiUdp.cpp:221] parsePacket(): could not receive data: 9
[ 46294][E][WiFiUdp.cpp:221] parsePacket(): could not receive data: 9
[ 46301][E][WiFiUdp.cpp:221] parsePacket(): could not receive data: 9
[ 46308][E][WiFiUdp.cpp:221] parsePacket(): could not receive data: 9
[ 46315][E][WiFiUdp.cpp:221] parsePacket(): could not receive data: 9
[ 46322][E][WiFiUdp.cpp:221] parsePacket(): could not receive data: 9
[ 46329][E][WiFiUdp.cpp:221] parsePacket(): could not receive data: 9
[ 46336][E][WiFiUdp.cpp:221] parsePacket(): could not receive data: 9
[ 46343][E][WiFiUdp.cpp:221] parsePacket(): could not receive data: 9
[ 46349][E][WiFiUdp.cpp:221] parsePacket(): could not receive data: 9
[ 46355][E][WiFiUdp.cpp:221] parsePacket(): could not receive data: 9
[ 46361][E][WiFiUdp.cpp:221] parsePacket(): could not receive data: 9
[ 46367][E][WiFiUdp.cpp:221] parsePacket(): could not receive data: 9
[ 46374][E][WiFiUdp.cpp:221] parsePacket(): could not receive data: 9
[ 46381][E][WiFiUdp.cpp:221] parsePacket(): could not receive data: 9
[ 46390][E][WiFiUdp.cpp:221] parsePacket(): could not receive data: 9
[ 46398][E][WiFiUdp.cpp:221] parsePacket(): could not receive data: 9
[ 46405][E][WiFiUdp.cpp:221] parsePacket(): could not receive data: 9
[ 46412][E][WiFiUdp.cpp:221] parsePacket(): could not receive data: 9
[ 46419][E][WiFiUdp.cpp:221] parsePacket(): could not receive data: 9
[ 46426][E][WiFiUdp.cpp:221] parsePacket(): could not receive data: 9
[ 46434][E][WiFiUdp.cpp:221] parsePacket(): could not receive data: 9
[ 46443][E][WiFiUdp.cpp:221] parsePacket(): could not receive data: 9
[ 46452][E][WiFiUdp.cpp:221] parsePacket(): could not receive data: 9
[ 46459][E][WiFiUdp.cpp:221] parsePacket(): could not receive data: 9
[ 46466][E][WiFiUdp.cpp:221] parsePacket(): could not receive data: 9
[ 46474][E][WiFiUdp.cpp:221] parsePacket(): could not receive data: 9
[ 46483][E][WiFiUdp.cpp:221] parsePacket(): could not receive data: 9
[ 46491][E][WiFiUdp.cpp:221] parsePacket(): could not receive data: 9
[ 46498][E][WiFiUdp.cpp:221] parsePacket(): could not receive data: 9
[ 46505][E][WiFiUdp.cpp:221] parsePacket(): could not receive data: 9
[ 46512][E][WiFiUdp.cpp:221] parsePacket(): could not receive data: 9
[ 46519][E][WiFiUdp.cpp:221] parsePacket(): could not receive data: 9
[ 46526][E][WiFiUdp.cpp:221] parsePacket(): could not receive data: 9
[ 46533][E][WiFiUdp.cpp:221] parsePacket(): could not receive data: 9
[ 46540][E][WiFiUdp.cpp:221] parsePacket(): could not receive data: 9
[ 46549][E][WiFiUdp.cpp:221] parsePacket(): could not receive data: 9
[ 46556][E][WiFiUdp.cpp:221] parsePacket(): could not receive data: 9
[ 46562][E][WiFiUdp.cpp:221] parsePacket(): could not receive data: 9
[ 46567][E][WiFiUdp.cpp:221] parsePacket(): could not receive data: 9
[ 46572][E][WiFiUdp.cpp:221] parsePacket(): could not receive data: 9
[ 46578][E][WiFiUdp.cpp:221] parsePacket(): could not receive data: 9
[ 46584][E][WiFiUdp.cpp:221] parsePacket(): could not receive data: 9
[ 46590][E][WiFiUdp.cpp:221] parsePacket(): could not receive data: 9
[ 46597][E][WiFiUdp.cpp:221] parsePacket(): could not receive data: 9
[ 46605][E][WiFiUdp.cpp:221] parsePacket(): could not receive data: 9
[ 46613][E][WiFiUdp.cpp:221] parsePacket(): could not receive data: 9
[ 46620][E][WiFiUdp.cpp:221] parsePacket(): could not receive data: 9
[ 46626][E][WiFiUdp.cpp:221] parsePacket(): could not receive data: 9
[ 46632][E][WiFiUdp.cpp:221] parsePacket(): could not receive data: 9
[ 46639][E][WiFiUdp.cpp:221] parsePacket(): could not receive data: 9
[ 46646][E][WiFiUdp.cpp:221] parsePacket(): could not receive data: 9
[ 46653][E][WiFiUdp.cpp:221] parsePacket(): could not receive data: 9
[ 46660][E][WiFiUdp.cpp:221] parsePacket(): could not receive data: 9
[ 46667][E][WiFiUdp.cpp:221] parsePacket(): could not receive data: 9
[ 46674][E][WiFiUdp.cpp:221] parsePacket(): could not receive data: 9
[ 46681][E][WiFiUdp.cpp:221] parsePacket(): could not receive data: 9
[ 46690][E][WiFiUdp.cpp:221] parsePacket(): could not receive data: 9
[ 46698][E][WiFiUdp.cpp:221] parsePacket(): could not receive data: 9
[ 46705][E][WiFiUdp.cpp:221] parsePacket(): could not receive data: 9
[ 46712][E][WiFiUdp.cpp:221] parsePacket(): could not receive data: 9
[ 46718][E][WiFiUdp.cpp:221] parsePacket(): could not receive data: 9
[ 46725][E][WiFiUdp.cpp:221] parsePacket(): could not receive data: 9
[ 46732][E][WiFiUdp.cpp:221] parsePacket(): could not receive data: 9
[ 46739][E][WiFiUdp.cpp:221] parsePacket(): could not receive data: 9
[ 46746][E][WiFiUdp.cpp:221] parsePacket(): could not receive data: 9
[ 46753][E][WiFiUdp.cpp:221] parsePacket(): could not receive data: 9
[ 46760][E][WiFiUdp.cpp:221] parsePacket(): could not receive data: 9
[ 46767][E][WiFiUdp.cpp:221] parsePacket(): could not receive data: 9
[ 46774][E][WiFiUdp.cpp:221] parsePacket(): could not receive data: 9
[ 46781][E][WiFiUdp.cpp:221] parsePacket(): could not receive data: 9
[ 46788][E][WiFiUdp.cpp:221] parsePacket(): could not receive data: 9
[ 46795][E][WiFiUdp.cpp:221] parsePacket(): could not receive data: 9
[ 46802][E][WiFiUdp.cpp:221] parsePacket(): could not receive data: 9
[ 46809][E][WiFiUdp.cpp:221] parsePacket(): could not receive data: 9
[ 46816][E][WiFiUdp.cpp:221] parsePacket(): could not receive data: 9
[ 46822][E][WiFiUdp.cpp:221] parsePacket(): could not receive data: 9
[ 46828][E][WiFiUdp.cpp:221] parsePacket(): could not receive data: 9
[ 46835][E][WiFiUdp.cpp:221] parsePacket(): could not receive data: 9
[ 46842][E][WiFiUdp.cpp:221] parsePacket(): could not receive data: 9
[ 46849][E][WiFiUdp.cpp:221] parsePacket(): could not receive data: 9
[ 46856][E][WiFiUdp.cpp:221] parsePacket(): could not receive data: 9
[ 46863][E][WiFiUdp.cpp:221] parsePacket(): could not receive data: 9
[ 46871][E][WiFiUdp.cpp:221] parsePacket(): could not receive data: 9
[ 46878][E][WiFiUdp.cpp:221] parsePacket(): could not receive data: 9
[ 46885][E][WiFiUdp.cpp:221] parsePacket(): could not receive data: 9
[ 46892][E][WiFiUdp.cpp:221] parsePacket(): could not receive data: 9
[ 46899][E][WiFiUdp.cpp:221] parsePacket(): could not receive data: 9
[ 46906][E][WiFiUdp.cpp:221] parsePacket(): could not receive data: 9
[ 46913][E][WiFiUdp.cpp:221] parsePacket(): could not receive data: 9
[ 46920][E][WiFiUdp.cpp:221] parsePacket(): could not receive data: 9
[ 46927][E][WiFiUdp.cpp:221] parsePacket(): could not receive data: 9
[ 46934][E][WiFiUdp.cpp:221] parsePacket(): could not receive data: 9
[ 46941][E][WiFiUdp.cpp:221] parsePacket(): could not receive data: 9
[ 46948][E][WiFiUdp.cpp:221] parsePacket(): could not receive data: 9
[ 46955][E][WiFiUdp.cpp:221] parsePacket(): could not receive data: 9
[ 46962][E][WiFiUdp.cpp:221] parsePacket(): could not receive data: 9
[ 46969][E][WiFiUdp.cpp:221] parsePacket(): could not receive data: 9
[ 46976][E][WiFiUdp.cpp:221] parsePacket(): could not receive data: 9
[ 46983][E][WiFiUdp.cpp:221] parsePacket(): could not receive data: 9
[ 46990][E][WiFiUdp.cpp:221] parsePacket(): could not receive data: 9
[ 46997][E][WiFiUdp.cpp:221] parsePacket(): could not receive data: 9
[ 47004][E][WiFiUdp.cpp:221] parsePacket(): could not receive data: 9
[ 47011][E][WiFiUdp.cpp:221] parsePacket(): could not receive data: 9
[ 47018][E][WiFiUdp.cpp:221] parsePacket(): could not receive data: 9
[ 47025][E][WiFiUdp.cpp:221] parsePacket(): could not receive data: 9
[ 47032][E][WiFiUdp.cpp:221] parsePacket(): could not receive data: 9
[ 47039][E][WiFiUdp.cpp:221] parsePacket(): could not receive data: 9
[ 47046][E][WiFiUdp.cpp:221] parsePacket(): could not receive data: 9
[ 47053][E][WiFiUdp.cpp:221] parsePacket(): could not receive data: 9
[ 47060][E][WiFiUdp.cpp:221] parsePacket(): could not receive data: 9
[ 47067][E][WiFiUdp.cpp:221] parsePacket(): could not receive data: 9
[ 47074][E][WiFiUdp.cpp:221] parsePacket(): could not receive data: 9
[ 47081][E][WiFiUdp.cpp:221] parsePacket(): could not receive data: 9
[ 47088][E][WiFiUdp.cpp:221] parsePacket(): could not receive data: 9
[ 47095][E][WiFiUdp.cpp:221] parsePacket(): could not receive data: 9
[ 47101][E][WiFiUdp.cpp:221] parsePacket(): could not receive data: 9
[ 47118][E][WiFiUdp.cpp:221] parsePacket(): could not receive data: 9
[ 47126][E][WiFiUdp.cpp:221] parsePacket(): could not receive data: 9
[ 47132][E][WiFiUdp.cpp:221] parsePacket(): could not receive data: 9
[ 47138][E][WiFiUdp.cpp:221] parsePacket(): could not receive data: 9
[ 47144][E][WiFiUdp.cpp:221] parsePacket(): could not receive data: 9
[ 47150][E][WiFiUdp.cpp:221] parsePacket(): could not receive data: 9
[ 47156][E][WiFiUdp.cpp:221] parsePacket(): could not receive data: 9
[ 47162][E][WiFiUdp.cpp:221] parsePacket(): could not receive data: 9
[ 47168][E][WiFiUdp.cpp:221] parsePacket(): could not receive data: 9
[ 47174][E][WiFiUdp.cpp:221] parsePacket(): could not receive data: 9
[ 47180][E][WiFiUdp.cpp:221] parsePacket(): could not receive data: 9
[ 47186][E][WiFiUdp.cpp:221] parsePacket(): could not receive data: 9
[ 47192][E][WiFiUdp.cpp:221] parsePacket(): could not receive data: 9
[ 47197][E][WiFiUdp.cpp:221] parsePacket(): could not receive data: 9
[ 47203][E][WiFiUdp.cpp:221] parsePacket(): could not receive data: 9
[ 47209][E][WiFiUdp.cpp:221] parsePacket(): could not receive data: 9
[ 47215][E][WiFiUdp.cpp:221] parsePacket(): could not receive data: 9
[ 47221][E][WiFiUdp.cpp:221] parsePacket(): could not receive data: 9
[ 47227][E][WiFiUdp.cpp:221] parsePacket(): could not receive data: 9
[ 47234][E][WiFiUdp.cpp:221] parsePacket(): could not receive data: 9
[ 47241][E][WiFiUdp.cpp:221] parsePacket(): could not receive data: 9
[ 47248][E][WiFiUdp.cpp:221] parsePacket(): could not receive data: 9
[ 47255][E][WiFiUdp.cpp:221] parsePacket(): could not receive data: 9
[ 47261][E][WiFiUdp.cpp:221] parsePacket(): could not receive data: 9
[ 47268][E][WiFiUdp.cpp:221] parsePacket(): could not receive data: 9
[ 47275][E][WiFiUdp.cpp:221] parsePacket(): could not receive data: 9
[ 47283][E][WiFiUdp.cpp:221] parsePacket(): could not receive data: 9
[ 47290][E][WiFiUdp.cpp:221] parsePacket(): could not receive data: 9
[ 47298][E][WiFiUdp.cpp:221] parsePacket(): could not receive data: 9
[ 47307][E][WiFiUdp.cpp:221] parsePacket(): could not receive data: 9
[ 47316][E][WiFiUdp.cpp:221] parsePacket(): could not receive data: 9
[ 47324][E][WiFiUdp.cpp:221] parsePacket(): could not receive data: 9
[ 47333][E][WiFiUdp.cpp:221] parsePacket(): could not receive data: 9
[ 47342][E][WiFiUdp.cpp:221] parsePacket(): could not receive data: 9
[ 47351][E][WiFiUdp.cpp:221] parsePacket(): could not receive data: 9
[ 47359][E][WiFiUdp.cpp:221] parsePacket(): could not receive data: 9
[ 47366][E][WiFiUdp.cpp:221] parsePacket(): could not receive data: 9
[ 47374][E][WiFiUdp.cpp:221] parsePacket(): could not receive data: 9
[ 47382][E][WiFiUdp.cpp:221] parsePacket(): could not receive data: 9
[ 47389][E][WiFiUdp.cpp:221] parsePacket(): could not receive data: 9
[ 47396][E][WiFiUdp.cpp:221] parsePacket(): could not receive data: 9
[ 47403][E][WiFiUdp.cpp:221] parsePacket(): could not receive data: 9
[ 47410][E][WiFiUdp.cpp:221] parsePacket(): could not receive data: 9
[ 47417][E][WiFiUdp.cpp:221] parsePacket(): could not receive data: 9
[ 47424][E][WiFiUdp.cpp:221] parsePacket(): could not receive data: 9
[ 47431][E][WiFiUdp.cpp:221] parsePacket(): could not receive data: 9
[ 47438][E][WiFiUdp.cpp:221] parsePacket(): could not receive data: 9
[ 47445][E][WiFiUdp.cpp:221] parsePacket(): could not receive data: 9
[ 47452][E][WiFiUdp.cpp:221] parsePacket(): could not receive data: 9
[ 47461][E][WiFiUdp.cpp:221] parsePacket(): could not receive data: 9
[ 47468][E][WiFiUdp.cpp:221] parsePacket(): could not receive data: 9
[ 47475][E][WiFiUdp.cpp:221] parsePacket(): could not receive data: 9
[ 47481][E][WiFiUdp.cpp:221] parsePacket(): could not receive data: 9
[ 47488][E][WiFiUdp.cpp:221] parsePacket(): could not receive data: 9
[ 47494][E][WiFiUdp.cpp:221] parsePacket(): could not receive data: 9
[ 47500][E][WiFiUdp.cpp:221] parsePacket(): could not receive data: 9
[ 47506][E][WiFiUdp.cpp:221] parsePacket(): could not receive data: 9
[ 47512][E][WiFiUdp.cpp:221] parsePacket(): could not receive data: 9
[ 47518][E][WiFiUdp.cpp:221] parsePacket(): could not receive data: 9
[ 47524][E][WiFiUdp.cpp:221] parsePacket(): could not receive data: 9
[ 47530][E][WiFiUdp.cpp:221] parsePacket(): could not receive data: 9
[ 47536][E][WiFiUdp.cpp:221] parsePacket(): could not receive data: 9
[ 47542][E][WiFiUdp.cpp:221] parsePacket(): could not receive data: 9
[ 47548][E][WiFiUdp.cpp:221] parsePacket(): could not receive data: 9
[ 47554][E][WiFiUdp.cpp:221] parsePacket(): could not receive data: 9
[ 47560][E][WiFiUdp.cpp:221] parsePacket(): could not receive data: 9
[ 47566][E][WiFiUdp.cpp:221] parsePacket(): could not receive data: 9
[ 47572][E][WiFiUdp.cpp:221] parsePacket(): could not receive data: 9
[ 47578][E][WiFiUdp.cpp:221] parsePacket(): could not receive data: 9
[ 47586][E][WiFiUdp.cpp:221] parsePacket(): could not receive data: 9
[ 47593][E][WiFiUdp.cpp:221] parsePacket(): could not receive data: 9
[ 47600][E][WiFiUdp.cpp:221] parsePacket(): could not receive data: 9
[ 47607][E][WiFiUdp.cpp:221] parsePacket(): could not receive data: 9
[ 47614][E][WiFiUdp.cpp:221] parsePacket(): could not receive data: 9
[ 47621][E][WiFiUdp.cpp:221] parsePacket(): could not receive data: 9
[ 47628][E][WiFiUdp.cpp:221] parsePacket(): could not receive data: 9
[ 47634][E][WiFiUdp.cpp:221] parsePacket(): could not receive data: 9
[ 47642][E][WiFiUdp.cpp:221] parsePacket(): could not receive data: 9
[ 47648][E][WiFiUdp.cpp:221] parsePacket(): could not receive data: 9
[ 47656][E][WiFiUdp.cpp:221] parsePacket(): could not receive data: 9
[ 47664][E][WiFiUdp.cpp:221] parsePacket(): could not receive data: 9
[ 47671][E][WiFiUdp.cpp:221] parsePacket(): could not receive data: 9
[ 47678][E][WiFiUdp.cpp:221] parsePacket(): could not receive data: 9
[ 47685][E][WiFiUdp.cpp:221] parsePacket(): could not receive data: 9
[ 47692][E][WiFiUdp.cpp:221] parsePacket(): could not receive data: 9
[ 47699][E][WiFiUdp.cpp:221] parsePacket(): could not receive data: 9
[ 47706][E][WiFiUdp.cpp:221] parsePacket(): could not receive data: 9
[ 47712][E][WiFiUdp.cpp:221] parsePacket(): could not receive data: 9
[ 47718][E][WiFiUdp.cpp:221] parsePacket(): could not receive data: 9
[ 47724][E][WiFiUdp.cpp:221] parsePacket(): could not receive data: 9
[ 47730][E][WiFiUdp.cpp:221] parsePacket(): could not receive data: 9
[ 47736][E][WiFiUdp.cpp:221] parsePacket(): could not receive data: 9
[ 47742][E][WiFiUdp.cpp:221] parsePacket(): could not receive data: 9
[ 47748][E][WiFiUdp.cpp:221] parsePacket(): could not receive data: 9
[ 47754][E][WiFiUdp.cpp:221] parsePacket(): could not receive data: 9
[ 47760][E][WiFiUdp.cpp:221] parsePacket(): could not receive data: 9
[ 47766][E][WiFiUdp.cpp:221] parsePacket(): could not receive data: 9
[ 47772][E][WiFiUdp.cpp:221] parsePacket(): could not receive data: 9
[ 47778][E][WiFiUdp.cpp:221] parsePacket(): could not receive data: 9
[ 47783][E][WiFiUdp.cpp:221] parsePacket(): could not receive data: 9
[ 47789][E][WiFiUdp.cpp:221] parsePacket(): could not receive data: 9
[ 47795][E][WiFiUdp.cpp:221] parsePacket(): could not receive data: 9
[ 47801][E][WiFiUdp.cpp:221] parsePacket(): could not receive data: 9
[ 47807][E][WiFiUdp.cpp:221] parsePacket(): could not receive data: 9
[ 47813][E][WiFiUdp.cpp:221] parsePacket(): could not receive data: 9
[ 47819][E][WiFiUdp.cpp:221] parsePacket(): could not receive data: 9
[ 47825][E][WiFiUdp.cpp:221] parsePacket(): could not receive data: 9
[ 47831][E][WiFiUdp.cpp:221] parsePacket(): could not receive data: 9
[ 47837][E][WiFiUdp.cpp:221] parsePacket(): could not receive data: 9
[ 47843][E][WiFiUdp.cpp:221] parsePacket(): could not receive data: 9
[ 47849][E][WiFiUdp.cpp:221] parsePacket(): could not receive data: 9
[ 47855][E][WiFiUdp.cpp:221] parsePacket(): could not receive data: 9
[ 47861][E][WiFiUdp.cpp:221] parsePacket(): could not receive data: 9
[ 47867][E][WiFiUdp.cpp:221] parsePacket(): could not receive data: 9
[ 47873][E][WiFiUdp.cpp:221] parsePacket(): could not receive data: 9
[ 47879][E][WiFiUdp.cpp:221] parsePacket(): could not receive data: 9
[ 47885][E][WiFiUdp.cpp:221] parsePacket(): could not receive data: 9
[ 47891][E][WiFiUdp.cpp:221] parsePacket(): could not receive data: 9
[ 47897][E][WiFiUdp.cpp:221] parsePacket(): could not receive data: 9
[ 47903][E][WiFiUdp.cpp:221] parsePacket(): could not receive data: 9
[ 47909][E][WiFiUdp.cpp:221] parsePacket(): could not receive data: 9
[ 47915][E][WiFiUdp.cpp:221] parsePacket(): could not receive data: 9
[ 47921][E][WiFiUdp.cpp:221] parsePacket(): could not receive data: 9
[ 47927][E][WiFiUdp.cpp:221] parsePacket(): could not receive data: 9
[ 47933][E][WiFiUdp.cpp:221] parsePacket(): could not receive data: 9
[ 47939][E][WiFiUdp.cpp:221] parsePacket(): could not receive data: 9
[ 47945][E][WiFiUdp.cpp:221] parsePacket(): could not receive data: 9
[ 47951][E][WiFiUdp.cpp:221] parsePacket(): could not receive data: 9
[ 47957][E][WiFiUdp.cpp:221] parsePacket(): could not receive data: 9
[ 47963][E][WiFiUdp.cpp:221] parsePacket(): could not receive data: 9
[ 47969][E][WiFiUdp.cpp:221] parsePacket(): could not receive data: 9
[ 47975][E][WiFiUdp.cpp:221] parsePacket(): could not receive data: 9
[ 47981][E][WiFiUdp.cpp:221] parsePacket(): could not receive data: 9
[ 47987][E][WiFiUdp.cpp:221] parsePacket(): could not receive data: 9
[ 47993][E][WiFiUdp.cpp:221] parsePacket(): could not receive data: 9
[ 47999][E][WiFiUdp.cpp:221] parsePacket(): could not receive data: 9
[ 48005][E][WiFiUdp.cpp:221] parsePacket(): could not receive data: 9
[ 48011][E][WiFiUdp.cpp:221] parsePacket(): could not receive data: 9
[ 48017][E][WiFiUdp.cpp:221] parsePacket(): could not receive data: 9
[ 48022][E][WiFiUdp.cpp:221] parsePacket(): could not receive data: 9
[ 48028][E][WiFiUdp.cpp:221] parsePacket(): could not receive data: 9
[ 48034][E][WiFiUdp.cpp:221] parsePacket(): could not receive data: 9
[ 48040][E][WiFiUdp.cpp:221] parsePacket(): could not receive data: 9
[ 48046][E][WiFiUdp.cpp:221] parsePacket(): could not receive data: 9
[ 48052][E][WiFiUdp.cpp:221] parsePacket(): could not receive data: 9
[ 48058][E][WiFiUdp.cpp:221] parsePacket(): could not receive data: 9
[ 48064][E][WiFiUdp.cpp:221] parsePacket(): could not receive data: 9
[ 48070][E][WiFiUdp.cpp:221] parsePacket(): could not receive data: 9
[ 48076][E][WiFiUdp.cpp:221] parsePacket(): could not receive data: 9
[ 48085][E][WiFiUdp.cpp:221] parsePacket(): could not receive data: 9
[ 48094][E][WiFiUdp.cpp:221] parsePacket(): could not receive data: 9
[ 48102][E][WiFiUdp.cpp:221] parsePacket(): could not receive data: 9
[ 48109][E][WiFiUdp.cpp:221] parsePacket(): could not receive data: 9
[ 48116][E][WiFiUdp.cpp:221] parsePacket(): could not receive data: 9
[ 48124][E][WiFiUdp.cpp:221] parsePacket(): could not receive data: 9
[ 48130][E][WiFiUdp.cpp:221] parsePacket(): could not receive data: 9
[ 48137][E][WiFiUdp.cpp:221] parsePacket(): could not receive data: 9
[ 48146][E][WiFiUdp.cpp:221] parsePacket(): could not receive data: 9
[ 48153][E][WiFiUdp.cpp:221] parsePacket(): could not receive data: 9
[ 48160][E][WiFiUdp.cpp:221] parsePacket(): could not receive data: 9
[ 48167][E][WiFiUdp.cpp:221] parsePacket(): could not receive data: 9
[ 48174][E][WiFiUdp.cpp:221] parsePacket(): could not receive data: 9
[ 48181][E][WiFiUdp.cpp:221] parsePacket(): could not receive data: 9
[ 48189][E][WiFiUdp.cpp:221] parsePacket(): could not receive data: 9
[ 48197][E][WiFiUdp.cpp:221] parsePacket(): could not receive data: 9
[ 48204][E][WiFiUdp.cpp:221] parsePacket(): could not receive data: 9
[ 48211][E][WiFiUdp.cpp:221] parsePacket(): could not receive data: 9
[ 48218][E][WiFiUdp.cpp:221] parsePacket(): could not receive data: 9
[ 48225][E][WiFiUdp.cpp:221] parsePacket(): could not receive data: 9
[ 48232][E][WiFiUdp.cpp:221] parsePacket(): could not receive data: 9
[ 48239][E][WiFiUdp.cpp:221] parsePacket(): could not receive data: 9
[ 48246][E][WiFiUdp.cpp:221] parsePacket(): could not receive data: 9
[ 48253][E][WiFiUdp.cpp:221] parsePacket(): could not receive data: 9
[ 48260][E][WiFiUdp.cpp:221] parsePacket(): could not receive data: 9
[ 48267][E][WiFiUdp.cpp:221] parsePacket(): could not receive data: 9
[ 48275][E][WiFiUdp.cpp:221] parsePacket(): could not receive data: 9
[ 48281][E][WiFiUdp.cpp:221] parsePacket(): could not receive data: 9
[ 48287][E][WiFiUdp.cpp:221] parsePacket(): could not receive data: 9
[ 48293][E][WiFiUdp.cpp:221] parsePacket(): could not receive data: 9
[ 48299][E][WiFiUdp.cpp:221] parsePacket(): could not receive data: 9
[ 48305][E][WiFiUdp.cpp:221] parsePacket(): could not receive data: 9
[ 48311][E][WiFiUdp.cpp:221] parsePacket(): could not receive data: 9
[ 48317][E][WiFiUdp.cpp:221] parsePacket(): could not receive data: 9
[ 48323][E][WiFiUdp.cpp:221] parsePacket(): could not receive data: 9
[ 48329][E][WiFiUdp.cpp:221] parsePacket(): could not receive data: 9
[ 48335][E][WiFiUdp.cpp:221] parsePacket(): could not receive data: 9
[ 48341][E][WiFiUdp.cpp:221] parsePacket(): could not receive data: 9
[ 48347][E][WiFiUdp.cpp:221] parsePacket(): could not receive data: 9
[ 48353][E][WiFiUdp.cpp:221] parsePacket(): could not receive data: 9
[ 48359][E][WiFiUdp.cpp:221] parsePacket(): could not receive data: 9
[ 48365][E][WiFiUdp.cpp:221] parsePacket(): could not receive data: 9
[ 48371][E][WiFiUdp.cpp:221] parsePacket(): could not receive data: 9
[ 48377][E][WiFiUdp.cpp:221] parsePacket(): could not receive data: 9
[ 48384][E][WiFiUdp.cpp:221] parsePacket(): could not receive data: 9
[ 48391][E][WiFiUdp.cpp:221] parsePacket(): could not receive data: 9
[ 48399][E][WiFiUdp.cpp:221] parsePacket(): could not receive data: 9
[ 48406][E][WiFiUdp.cpp:221] parsePacket(): could not receive data: 9
[ 48413][E][WiFiUdp.cpp:221] parsePacket(): could not receive data: 9
[ 48420][E][WiFiUdp.cpp:221] parsePacket(): could not receive data: 9
[ 48426][E][WiFiUdp.cpp:221] parsePacket(): could not receive data: 9
[ 48432][E][WiFiUdp.cpp:221] parsePacket(): could not receive data: 9
[ 48438][E][WiFiUdp.cpp:221] parsePacket(): could not receive data: 9
[ 48444][E][WiFiUdp.cpp:221] parsePacket(): could not receive data: 9
[ 48450][E][WiFiUdp.cpp:221] parsePacket(): could not receive data: 9
[ 48456][E][WiFiUdp.cpp:221] parsePacket(): could not receive data: 9
[ 48462][E][WiFiUdp.cpp:221] parsePacket(): could not receive data: 9
[ 48468][E][WiFiUdp.cpp:221] parsePacket(): could not receive data: 9
[ 48474][E][WiFiUdp.cpp:221] parsePacket(): could not receive data: 9
[ 48480][E][WiFiUdp.cpp:221] parsePacket(): could not receive data: 9
[ 48486][E][WiFiUdp.cpp:221] parsePacket(): could not receive data: 9
[ 48492][E][WiFiUdp.cpp:221] parsePacket(): could not receive data: 9
[ 48498][E][WiFiUdp.cpp:221] parsePacket(): could not receive data: 9
[ 48504][E][WiFiUdp.cpp:221] parsePacket(): could not receive data: 9
[ 48510][E][WiFiUdp.cpp:221] parsePacket(): could not receive data: 9
[ 48516][E][WiFiUdp.cpp:221] parsePacket(): could not receive data: 9
[ 48522][E][WiFiUdp.cpp:221] parsePacket(): could not receive data: 9
[ 48528][E][WiFiUdp.cpp:221] parsePacket(): could not receive data: 9
[ 48534][E][WiFiUdp.cpp:221] parsePacket(): could not receive data: 9
[ 48540][E][WiFiUdp.cpp:221] parsePacket(): could not receive data: 9
[ 48546][E][WiFiUdp.cpp:221] parsePacket(): could not receive data: 9
[ 48552][E][WiFiUdp.cpp:221] parsePacket(): could not receive data: 9
[ 48558][E][WiFiUdp.cpp:221] parsePacket(): could not receive data: 9
[ 48564][E][WiFiUdp.cpp:221] parsePacket(): could not receive data: 9
[ 48570][E][WiFiUdp.cpp:221] parsePacket(): could not receive data: 9
[ 48576][E][WiFiUdp.cpp:221] parsePacket(): could not receive data: 9
[ 48582][E][WiFiUdp.cpp:221] parsePacket(): could not receive data: 9
[ 48588][E][WiFiUdp.cpp:221] parsePacket(): could not receive data: 9
[ 48594][E][WiFiUdp.cpp:221] parsePacket(): could not receive data: 9
[ 48600][E][WiFiUdp.cpp:221] parsePacket(): could not receive data: 9
[ 48606][E][WiFiUdp.cpp:221] parsePacket(): could not receive data: 9
[ 48612][E][WiFiUdp.cpp:221] parsePacket(): could not receive data: 9
[ 48618][E][WiFiUdp.cpp:221] parsePacket(): could not receive data: 9
[ 48624][E][WiFiUdp.cpp:221] parsePacket(): could not receive data: 9
[ 48630][E][WiFiUdp.cpp:221] parsePacket(): could not receive data: 9
[ 48636][E][WiFiUdp.cpp:221] parsePacket(): could not receive data: 9
[ 48642][E][WiFiUdp.cpp:221] parsePacket(): could not receive data: 9
[ 48648][E][WiFiUdp.cpp:221] parsePacket(): could not receive data: 9
[ 48654][E][WiFiUdp.cpp:221] parsePacket(): could not receive data: 9
[ 48660][E][WiFiUdp.cpp:221] parsePacket(): could not receive data: 9
[ 48666][E][WiFiUdp.cpp:221] parsePacket(): could not receive data: 9
[ 48672][E][WiFiUdp.cpp:221] parsePacket(): could not receive data: 9
[ 48678][E][WiFiUdp.cpp:221] parsePacket(): could not receive data: 9
[ 48684][E][WiFiUdp.cpp:221] parsePacket(): could not receive data: 9
[ 48690][E][WiFiUdp.cpp:221] parsePacket(): could not receive data: 9
[ 48696][E][WiFiUdp.cpp:221] parsePacket(): could not receive data: 9
[ 48702][E][WiFiUdp.cpp:221] parsePacket(): could not receive data: 9
[ 48708][E][WiFiUdp.cpp:221] parsePacket(): could not receive data: 9
[ 48714][E][WiFiUdp.cpp:221] parsePacket(): could not receive data: 9
[ 48720][E][WiFiUdp.cpp:221] parsePacket(): could not receive data: 9
[ 48725][E][WiFiUdp.cpp:221] parsePacket(): could not receive data: 9
[ 48731][E][WiFiUdp.cpp:221] parsePacket(): could not receive data: 9
[ 48737][E][WiFiUdp.cpp:221] parsePacket(): could not receive data: 9
[ 48743][E][WiFiUdp.cpp:221] parsePacket(): could not receive data: 9
[ 48749][E][WiFiUdp.cpp:221] parsePacket(): could not receive data: 9
[ 48755][E][WiFiUdp.cpp:221] parsePacket(): could not receive data: 9
[ 48761][E][WiFiUdp.cpp:221] parsePacket(): could not receive data: 9
[ 48767][E][WiFiUdp.cpp:221] parsePacket(): could not receive data: 9
[ 48773][E][WiFiUdp.cpp:221] parsePacket(): could not receive data: 9
[ 48779][E][WiFiUdp.cpp:221] parsePacket(): could not receive data: 9
[ 48785][E][WiFiUdp.cpp:221] parsePacket(): could not receive data: 9
[ 48791][E][WiFiUdp.cpp:221] parsePacket(): could not receive data: 9
[ 48797][E][WiFiUdp.cpp:221] parsePacket(): could not receive data: 9
[ 48803][E][WiFiUdp.cpp:221] parsePacket(): could not receive data: 9
[ 48809][E][WiFiUdp.cpp:221] parsePacket(): could not receive data: 9
[ 48815][E][WiFiUdp.cpp:221] parsePacket(): could not receive data: 9
[ 48821][E][WiFiUdp.cpp:221] parsePacket(): could not receive data: 9
[ 48827][E][WiFiUdp.cpp:221] parsePacket(): could not receive data: 9
[ 48833][E][WiFiUdp.cpp:221] parsePacket(): could not receive data: 9
[ 48839][E][WiFiUdp.cpp:221] parsePacket(): could not receive data: 9
[ 48845][E][WiFiUdp.cpp:221] parsePacket(): could not receive data: 9
[ 48851][E][WiFiUdp.cpp:221] parsePacket(): could not receive data: 9
[ 48857][E][WiFiUdp.cpp:221] parsePacket(): could not receive data: 9
[ 48863][E][WiFiUdp.cpp:221] parsePacket(): could not receive data: 9
[ 48869][E][WiFiUdp.cpp:221] parsePacket(): could not receive data: 9
[ 48875][E][WiFiUdp.cpp:221] parsePacket(): could not receive data: 9
[ 48881][E][WiFiUdp.cpp:221] parsePacket(): could not receive data: 9
[ 48887][E][WiFiUdp.cpp:221] parsePacket(): could not receive data: 9
[ 48893][E][WiFiUdp.cpp:221] parsePacket(): could not receive data: 9
[ 48898][E][WiFiUdp.cpp:221] parsePacket(): could not receive data: 9
[ 48904][E][WiFiUdp.cpp:221] parsePacket(): could not receive data: 9
[ 48910][E][WiFiUdp.cpp:221] parsePacket(): could not receive data: 9
[ 48916][E][WiFiUdp.cpp:221] parsePacket(): could not receive data: 9
[ 48921][E][WiFiUdp.cpp:221] parsePacket(): could not receive data: 9
[ 48926][E][WiFiUdp.cpp:221] parsePacket(): could not receive data: 9
[ 48932][E][WiFiUdp.cpp:221] parsePacket(): could not receive data: 9
[ 48938][E][WiFiUdp.cpp:221] parsePacket(): could not receive data: 9
[ 48944][E][WiFiUdp.cpp:221] parsePacket(): could not receive data: 9
[ 48949][E][WiFiUdp.cpp:221] parsePacket(): could not receive data: 9
[ 48955][E][WiFiUdp.cpp:221] parsePacket(): could not receive data: 9
[ 48961][E][WiFiUdp.cpp:221] parsePacket(): could not receive data: 9
[ 48967][E][WiFiUdp.cpp:221] parsePacket(): could not receive data: 9
[ 48973][E][WiFiUdp.cpp:221] parsePacket(): could not receive data: 9
[ 48979][E][WiFiUdp.cpp:221] parsePacket(): could not receive data: 9
[ 48985][E][WiFiUdp.cpp:221] parsePacket(): could not receive data: 9
[ 48990][E][WiFiUdp.cpp:221] parsePacket(): could not receive data: 9
[ 48995][E][WiFiUdp.cpp:221] parsePacket(): could not receive data: 9
[ 49002][E][WiFiUdp.cpp:221] parsePacket(): could not receive data: 9
[ 49008][E][WiFiUdp.cpp:221] parsePacket(): could not receive data: 9
[ 49014][E][WiFiUdp.cpp:221] parsePacket(): could not receive data: 9
[ 49020][E][WiFiUdp.cpp:221] parsePacket(): could not receive data: 9
[ 49026][E][WiFiUdp.cpp:221] parsePacket(): could not receive data: 9
[ 49032][E][WiFiUdp.cpp:221] parsePacket(): could not receive data: 9
[ 49038][E][WiFiUdp.cpp:221] parsePacket(): could not receive data: 9
[ 49044][E][WiFiUdp.cpp:221] parsePacket(): could not receive data: 9
[ 49050][E][WiFiUdp.cpp:221] parsePacket(): could not receive data: 9
[ 49056][E][WiFiUdp.cpp:221] parsePacket(): could not receive data: 9
[ 49062][E][WiFiUdp.cpp:221] parsePacket(): could not receive data: 9
[ 49068][E][WiFiUdp.cpp:221] parsePacket(): could not receive data: 9
[ 49074][E][WiFiUdp.cpp:221] parsePacket(): could not receive data: 9
[ 49080][E][WiFiUdp.cpp:221] parsePacket(): could not receive data: 9
[ 49086][E][WiFiUdp.cpp:221] parsePacket(): could not receive data: 9
[ 49092][E][WiFiUdp.cpp:221] parsePacket(): could not receive data: 9
[ 49098][E][WiFiUdp.cpp:221] parsePacket(): could not receive data: 9
[ 49104][E][WiFiUdp.cpp:221] parsePacket(): could not receive data: 9
[ 49109][E][WiFiUdp.cpp:221] parsePacket(): could not receive data: 9
[ 49115][E][WiFiUdp.cpp:221] parsePacket(): could not receive data: 9
[ 49121][E][WiFiUdp.cpp:221] parsePacket(): could not receive data: 9
[ 49127][E][WiFiUdp.cpp:221] parsePacket(): could not receive data: 9
[ 49133][E][WiFiUdp.cpp:221] parsePacket(): could not receive data: 9
[ 49139][E][WiFiUdp.cpp:221] parsePacket(): could not receive data: 9
[ 49145][E][WiFiUdp.cpp:221] parsePacket(): could not receive data: 9
[ 49151][E][WiFiUdp.cpp:221] parsePacket(): could not receive data: 9
[ 49157][E][WiFiUdp.cpp:221] parsePacket(): could not receive data: 9
[ 49163][E][WiFiUdp.cpp:221] parsePacket(): could not receive data: 9
[ 49169][E][WiFiUdp.cpp:221] parsePacket(): could not receive data: 9
[ 49174][E][WiFiUdp.cpp:221] parsePacket(): could not receive data: 9
[ 49180][E][WiFiUdp.cpp:221] parsePacket(): could not receive data: 9
[ 49186][E][WiFiUdp.cpp:221] parsePacket(): could not receive data: 9
[ 49192][E][WiFiUdp.cpp:221] parsePacket(): could not receive data: 9
[ 49197][E][WiFiUdp.cpp:221] parsePacket(): could not receive data: 9
[ 49202][E][WiFiUdp.cpp:221] parsePacket(): could not receive data: 9
[ 49208][E][WiFiUdp.cpp:221] parsePacket(): could not receive data: 9
[ 49214][E][WiFiUdp.cpp:221] parsePacket(): could not receive data: 9
[ 49220][E][WiFiUdp.cpp:221] parsePacket(): could not receive data: 9
[ 49226][E][WiFiUdp.cpp:221] parsePacket(): could not receive data: 9
[ 49232][E][WiFiUdp.cpp:221] parsePacket(): could not receive data: 9
[ 49238][E][WiFiUdp.cpp:221] parsePacket(): could not receive data: 9
[ 49244][E][WiFiUdp.cpp:221] parsePacket(): could not receive data: 9
[ 49250][E][WiFiUdp.cpp:221] parsePacket(): could not receive data: 9
[ 49257][E][WiFiUdp.cpp:221] parsePacket(): could not receive data: 9
[ 49263][E][WiFiUdp.cpp:221] parsePacket(): could not receive data: 9
[ 49269][E][WiFiUdp.cpp:221] parsePacket(): could not receive data: 9
[ 49275][E][WiFiUdp.cpp:221] parsePacket(): could not receive data: 9
[ 49281][E][WiFiUdp.cpp:221] parsePacket(): could not receive data: 9
[ 49287][E][WiFiUdp.cpp:221] parsePacket(): could not receive data: 9
[ 49293][E][WiFiUdp.cpp:221] parsePacket(): could not receive data: 9
[ 49299][E][WiFiUdp.cpp:221] parsePacket(): could not receive data: 9
[ 49305][E][WiFiUdp.cpp:221] parsePacket(): could not receive data: 9
[ 49311][E][WiFiUdp.cpp:221] parsePacket(): could not receive data: 9
[ 49317][E][WiFiUdp.cpp:221] parsePacket(): could not receive data: 9
[ 49323][E][WiFiUdp.cpp:221] parsePacket(): could not receive data: 9
[ 49329][E][WiFiUdp.cpp:221] parsePacket(): could not receive data: 9
[ 49335][E][WiFiUdp.cpp:221] parsePacket(): could not receive data: 9
[ 49341][E][WiFiUdp.cpp:221] parsePacket(): could not receive data: 9
[ 49347][E][WiFiUdp.cpp:221] parsePacket(): could not receive data: 9
[ 49353][E][WiFiUdp.cpp:221] parsePacket(): could not receive data: 9
[ 49359][E][WiFiUdp.cpp:221] parsePacket(): could not receive data: 9
[ 49365][E][WiFiUdp.cpp:221] parsePacket(): could not receive data: 9
[ 49371][E][WiFiUdp.cpp:221] parsePacket(): could not receive data: 9
[ 49377][E][WiFiUdp.cpp:221] parsePacket(): could not receive data: 9
[ 49383][E][WiFiUdp.cpp:221] parsePacket(): could not receive data: 9
[ 49389][E][WiFiUdp.cpp:221] parsePacket(): could not receive data: 9
[ 49395][E][WiFiUdp.cpp:221] parsePacket(): could not receive data: 9
[ 49401][E][WiFiUdp.cpp:221] parsePacket(): could not receive data: 9
[ 49407][E][WiFiUdp.cpp:221] parsePacket(): could not receive data: 9
[ 49413][E][WiFiUdp.cpp:221] parsePacket(): could not receive data: 9
[ 49419][E][WiFiUdp.cpp:221] parsePacket(): could not receive data: 9
[ 49425][E][WiFiUdp.cpp:221] parsePacket(): could not receive data: 9
[ 49431][E][WiFiUdp.cpp:221] parsePacket(): could not receive data: 9
[ 49437][E][WiFiUdp.cpp:221] parsePacket(): could not receive data: 9
[ 49443][E][WiFiUdp.cpp:221] parsePacket(): could not receive data: 9
[ 49449][E][WiFiUdp.cpp:221] parsePacket(): could not receive data: 9
[ 49455][E][WiFiUdp.cpp:221] parsePacket(): could not receive data: 9
[ 49461][E][WiFiUdp.cpp:221] parsePacket(): could not receive data: 9
[ 49467][E][WiFiUdp.cpp:221] parsePacket(): could not receive data: 9
[ 49473][E][WiFiUdp.cpp:221] parsePacket(): could not receive data: 9
[ 49479][E][WiFiUdp.cpp:221] parsePacket(): could not receive data: 9
[ 49485][E][WiFiUdp.cpp:221] parsePacket(): could not receive data: 9
[ 49491][E][WiFiUdp.cpp:221] parsePacket(): could not receive data: 9
[ 49497][E][WiFiUdp.cpp:221] parsePacket(): could not receive data: 9
[ 49503][E][WiFiUdp.cpp:221] parsePacket(): could not receive data: 9
[ 49509][E][WiFiUdp.cpp:221] parsePacket(): could not receive data: 9
[ 49515][E][WiFiUdp.cpp:221] parsePacket(): could not receive data: 9
[ 49521][E][WiFiUdp.cpp:221] parsePacket(): could not receive data: 9
[ 49527][E][WiFiUdp.cpp:221] parsePacket(): could not receive data: 9
[ 49533][E][WiFiUdp.cpp:221] parsePacket(): could not receive data: 9
[ 49539][E][WiFiUdp.cpp:221] parsePacket(): could not receive data: 9
[ 49545][E][WiFiUdp.cpp:221] parsePacket(): could not receive data: 9
[ 49551][E][WiFiUdp.cpp:221] parsePacket(): could not receive data: 9
[ 49557][E][WiFiUdp.cpp:221] parsePacket(): could not receive data: 9
[ 49563][E][WiFiUdp.cpp:221] parsePacket(): could not receive data: 9
[ 49569][E][WiFiUdp.cpp:221] parsePacket(): could not receive data: 9
[ 49575][E][WiFiUdp.cpp:221] parsePacket(): could not receive data: 9
[ 49581][E][WiFiUdp.cpp:221] parsePacket(): could not receive data: 9
[ 49587][E][WiFiUdp.cpp:221] parsePacket(): could not receive data: 9
[ 49593][E][WiFiUdp.cpp:221] parsePacket(): could not receive data: 9
[ 49599][E][WiFiUdp.cpp:221] parsePacket(): could not receive data: 9
[ 49605][E][WiFiUdp.cpp:221] parsePacket(): could not receive data: 9
[ 49611][E][WiFiUdp.cpp:221] parsePacket(): could not receive data: 9
[ 49617][E][WiFiUdp.cpp:221] parsePacket(): could not receive data: 9
[ 49623][E][WiFiUdp.cpp:221] parsePacket(): could not receive data: 9
[ 49629][E][WiFiUdp.cpp:221] parsePacket(): could not receive data: 9
[ 49634][E][WiFiUdp.cpp:221] parsePacket(): could not receive data: 9
[ 49640][E][WiFiUdp.cpp:221] parsePacket(): could not receive data: 9
[ 49646][E][WiFiUdp.cpp:221] parsePacket(): could not receive data: 9
[ 49652][E][WiFiUdp.cpp:221] parsePacket(): could not receive data: 9
[ 49658][E][WiFiUdp.cpp:221] parsePacket(): could not receive data: 9
[ 49664][E][WiFiUdp.cpp:221] parsePacket(): could not receive data: 9
[ 49670][E][WiFiUdp.cpp:221] parsePacket(): could not receive data: 9
[ 49676][E][WiFiUdp.cpp:221] parsePacket(): could not receive data: 9
[ 49682][E][WiFiUdp.cpp:221] parsePacket(): could not receive data: 9
[ 49688][E][WiFiUdp.cpp:221] parsePacket(): could not receive data: 9
[ 49694][E][WiFiUdp.cpp:221] parsePacket(): could not receive data: 9
[ 49700][E][WiFiUdp.cpp:221] parsePacket(): could not receive data: 9
[ 49706][E][WiFiUdp.cpp:221] parsePacket(): could not receive data: 9
[ 49712][E][WiFiUdp.cpp:221] parsePacket(): could not receive data: 9
[ 49718][E][WiFiUdp.cpp:221] parsePacket(): could not receive data: 9
[ 49724][E][WiFiUdp.cpp:221] parsePacket(): could not receive data: 9
[ 49730][E][WiFiUdp.cpp:221] parsePacket(): could not receive data: 9
[ 49736][E][WiFiUdp.cpp:221] parsePacket(): could not receive data: 9
[ 49742][E][WiFiUdp.cpp:221] parsePacket(): could not receive data: 9
[ 49748][E][WiFiUdp.cpp:221] parsePacket(): could not receive data: 9
[ 49755][E][WiFiUdp.cpp:221] parsePacket(): could not receive data: 9
[ 49763][E][WiFiUdp.cpp:221] parsePacket(): could not receive data: 9
[ 49770][E][WiFiUdp.cpp:221] parsePacket(): could not receive data: 9
[ 49777][E][WiFiUdp.cpp:221] parsePacket(): could not receive data: 9
[ 49783][E][WiFiUdp.cpp:221] parsePacket(): could not receive data: 9
[ 49789][E][WiFiUdp.cpp:221] parsePacket(): could not receive data: 9
[ 49795][E][WiFiUdp.cpp:221] parsePacket(): could not receive data: 9
[ 49801][E][WiFiUdp.cpp:221] parsePacket(): could not receive data: 9
[ 49807][E][WiFiUdp.cpp:221] parsePacket(): could not receive data: 9
[ 49813][E][WiFiUdp.cpp:221] parsePacket(): could not receive data: 9
[ 49819][E][WiFiUdp.cpp:221] parsePacket(): could not receive data: 9
[ 49825][E][WiFiUdp.cpp:221] parsePacket(): could not receive data: 9
[ 49831][E][WiFiUdp.cpp:221] parsePacket(): could not receive data: 9
[ 49837][E][WiFiUdp.cpp:221] parsePacket(): could not receive data: 9
[ 49843][E][WiFiUdp.cpp:221] parsePacket(): could not receive data: 9
[ 49849][E][WiFiUdp.cpp:221] parsePacket(): could not receive data: 9
[ 49855][E][WiFiUdp.cpp:221] parsePacket(): could not receive data: 9
[ 49861][E][WiFiUdp.cpp:221] parsePacket(): could not receive data: 9
[ 49868][E][WiFiUdp.cpp:221] parsePacket(): could not receive data: 9
[ 49875][E][WiFiUdp.cpp:221] parsePacket(): could not receive data: 9
[ 49882][E][WiFiUdp.cpp:221] parsePacket(): could not receive data: 9
[ 49889][E][WiFiUdp.cpp:221] parsePacket(): could not receive data: 9
[ 49896][E][WiFiUdp.cpp:221] parsePacket(): could not receive data: 9
[ 49903][E][WiFiUdp.cpp:221] parsePacket(): could not receive data: 9
[ 49910][E][WiFiUdp.cpp:221] parsePacket(): could not receive data: 9
[ 49917][E][WiFiUdp.cpp:221] parsePacket(): could not receive data: 9
[ 49924][E][WiFiUdp.cpp:221] parsePacket(): could not receive data: 9
[ 49931][E][WiFiUdp.cpp:221] parsePacket(): could not receive data: 9
[ 49938][E][WiFiUdp.cpp:221] parsePacket(): could not receive data: 9
[ 49945][E][WiFiUdp.cpp:221] parsePacket(): could not receive data: 9
[ 49952][E][WiFiUdp.cpp:221] parsePacket(): could not receive data: 9
[ 49959][E][WiFiUdp.cpp:221] parsePacket(): could not receive data: 9
[ 49966][E][WiFiUdp.cpp:221] parsePacket(): could not receive data: 9
[ 49973][E][WiFiUdp.cpp:221] parsePacket(): could not receive data: 9
[ 49980][E][WiFiUdp.cpp:221] parsePacket(): could not receive data: 9
[ 49987][E][WiFiUdp.cpp:221] parsePacket(): could not receive data: 9
[ 49993][E][WiFiUdp.cpp:221] parsePacket(): could not receive data: 9
[ 50000][E][WiFiUdp.cpp:221] parsePacket(): could not receive data: 9
[ 50007][E][WiFiUdp.cpp:221] parsePacket(): could not receive data: 9
[ 50014][E][WiFiUdp.cpp:221] parsePacket(): could not receive data: 9
[ 50021][E][WiFiUdp.cpp:221] parsePacket(): could not receive data: 9
[ 50028][E][WiFiUdp.cpp:221] parsePacket(): could not receive data: 9
[ 50035][E][WiFiUdp.cpp:221] parsePacket(): could not receive data: 9
[ 50043][E][WiFiUdp.cpp:221] parsePacket(): could not receive data: 9
[ 50050][E][WiFiUdp.cpp:221] parsePacket(): could not receive data: 9
[ 50056][E][WiFiUdp.cpp:221] parsePacket(): could not receive data: 9
[ 50062][E][WiFiUdp.cpp:221] parsePacket(): could not receive data: 9
[ 50068][E][WiFiUdp.cpp:221] parsePacket(): could not receive data: 9
[ 50074][E][WiFiUdp.cpp:221] parsePacket(): could not receive data: 9
[ 50080][E][WiFiUdp.cpp:221] parsePacket(): could not receive data: 9
[ 50086][E][WiFiUdp.cpp:221] parsePacket(): could not receive data: 9
[ 50092][E][WiFiUdp.cpp:221] parsePacket(): could not receive data: 9
[ 50098][E][WiFiUdp.cpp:221] parsePacket(): could not receive data: 9
[ 50104][E][WiFiUdp.cpp:221] parsePacket(): could not receive data: 9
[ 50110][E][WiFiUdp.cpp:221] parsePacket(): could not receive data: 9
[ 50116][E][WiFiUdp.cpp:221] parsePacket(): could not receive data: 9
[ 50122][E][WiFiUdp.cpp:221] parsePacket(): could not receive data: 9
[ 50128][E][WiFiUdp.cpp:221] parsePacket(): could not receive data: 9
[ 50134][E][WiFiUdp.cpp:221] parsePacket(): could not receive data: 9
[ 50141][E][WiFiUdp.cpp:221] parsePacket(): could not receive data: 9
[ 50149][E][WiFiUdp.cpp:221] parsePacket(): could not receive data: 9
[ 50158][E][WiFiUdp.cpp:221] parsePacket(): could not receive data: 9
[ 50165][E][WiFiUdp.cpp:221] parsePacket(): could not receive data: 9
[ 50172][E][WiFiUdp.cpp:221] parsePacket(): could not receive data: 9
[ 50179][E][WiFiUdp.cpp:221] parsePacket(): could not receive data: 9
[ 50186][E][WiFiUdp.cpp:221] parsePacket(): could not receive data: 9
[ 50193][E][WiFiUdp.cpp:221] parsePacket(): could not receive data: 9
[ 50200][E][WiFiUdp.cpp:221] parsePacket(): could not receive data: 9
[ 50207][E][WiFiUdp.cpp:221] parsePacket(): could not receive data: 9
[ 50214][E][WiFiUdp.cpp:221] parsePacket(): could not receive data: 9
[ 50221][E][WiFiUdp.cpp:221] parsePacket(): could not receive data: 9
[ 50228][E][WiFiUdp.cpp:221] parsePacket(): could not receive data: 9
[ 50235][E][WiFiUdp.cpp:221] parsePacket(): could not receive data: 9
[ 50242][E][WiFiUdp.cpp:221] parsePacket(): could not receive data: 9
[ 50249][E][WiFiUdp.cpp:221] parsePacket(): could not receive data: 9
[ 50258][E][WiFiUdp.cpp:221] parsePacket(): could not receive data: 9
[ 50267][E][WiFiUdp.cpp:221] parsePacket(): could not receive data: 9
[ 50274][E][WiFiUdp.cpp:221] parsePacket(): could not receive data: 9
[ 50281][E][WiFiUdp.cpp:221] parsePacket(): could not receive data: 9
[ 50288][E][WiFiUdp.cpp:221] parsePacket(): could not receive data: 9
[ 50295][E][WiFiUdp.cpp:221] parsePacket(): could not receive data: 9
[ 50302][E][WiFiUdp.cpp:221] parsePacket(): could not receive data: 9
[ 50309][E][WiFiUdp.cpp:221] parsePacket(): could not receive data: 9
[ 50316][E][WiFiUdp.cpp:221] parsePacket(): could not receive data: 9
[ 50323][E][WiFiUdp.cpp:221] parsePacket(): could not receive data: 9
[ 50330][E][WiFiUdp.cpp:221] parsePacket(): could not receive data: 9
[ 50337][E][WiFiUdp.cpp:221] parsePacket(): could not receive data: 9
[ 50344][E][WiFiUdp.cpp:221] parsePacket(): could not receive data: 9
[ 50350][E][WiFiUdp.cpp:221] parsePacket(): could not receive data: 9
[ 50356][E][WiFiUdp.cpp:221] parsePacket(): could not receive data: 9
[ 50362][E][WiFiUdp.cpp:221] parsePacket(): could not receive data: 9
[ 50369][E][WiFiUdp.cpp:221] parsePacket(): could not receive data: 9
[ 50375][E][WiFiUdp.cpp:221] parsePacket(): could not receive data: 9
[ 50381][E][WiFiUdp.cpp:221] parsePacket(): could not receive data: 9
[ 50387][E][WiFiUdp.cpp:221] parsePacket(): could not receive data: 9
[ 50393][E][WiFiUdp.cpp:221] parsePacket(): could not receive data: 9
[ 50400][E][WiFiUdp.cpp:221] parsePacket(): could not receive data: 9
[ 50407][E][WiFiUdp.cpp:221] parsePacket(): could not receive data: 9
[ 50414][E][WiFiUdp.cpp:221] parsePacket(): could not receive data: 9
[ 50421][E][WiFiUdp.cpp:221] parsePacket(): could not receive data: 9
[ 50428][E][WiFiUdp.cpp:221] parsePacket(): could not receive data: 9
[ 50435][E][WiFiUdp.cpp:221] parsePacket(): could not receive data: 9
[ 50442][E][WiFiUdp.cpp:221] parsePacket(): could not receive data: 9
[ 50449][E][WiFiUdp.cpp:221] parsePacket(): could not receive data: 9
[ 50456][E][WiFiUdp.cpp:221] parsePacket(): could not receive data: 9
[ 50464][E][WiFiUdp.cpp:221] parsePacket(): could not receive data: 9
[ 50473][E][WiFiUdp.cpp:221] parsePacket(): could not receive data: 9
[ 50481][E][WiFiUdp.cpp:221] parsePacket(): could not receive data: 9
[ 50488][E][WiFiUdp.cpp:221] parsePacket(): could not receive data: 9
[ 50495][E][WiFiUdp.cpp:221] parsePacket(): could not receive data: 9
[ 50502][E][WiFiUdp.cpp:221] parsePacket(): could not receive data: 9
[ 50511][E][WiFiUdp.cpp:221] parsePacket(): could not receive data: 9
[ 50520][E][WiFiUdp.cpp:221] parsePacket(): could not receive data: 9
[ 50528][E][WiFiUdp.cpp:221] parsePacket(): could not receive data: 9
[ 50536][E][WiFiUdp.cpp:221] parsePacket(): could not receive data: 9
[ 50543][E][WiFiUdp.cpp:221] parsePacket(): could not receive data: 9
[ 50550][E][WiFiUdp.cpp:221] parsePacket(): could not receive data: 9
[ 50557][E][WiFiUdp.cpp:221] parsePacket(): could not receive data: 9
[ 50564][E][WiFiUdp.cpp:221] parsePacket(): could not receive data: 9
[ 50571][E][WiFiUdp.cpp:221] parsePacket(): could not receive data: 9
[ 50578][E][WiFiUdp.cpp:221] parsePacket(): could not receive data: 9
[ 50585][E][WiFiUdp.cpp:221] parsePacket(): could not receive data: 9
[ 50592][E][WiFiUdp.cpp:221] parsePacket(): could not receive data: 9
[ 50599][E][WiFiUdp.cpp:221] parsePacket(): could not receive data: 9
[ 50606][E][WiFiUdp.cpp:221] parsePacket(): could not receive data: 9
[ 50613][E][WiFiUdp.cpp:221] parsePacket(): could not receive data: 9
[ 50620][E][WiFiUdp.cpp:221] parsePacket(): could not receive data: 9
[ 50627][E][WiFiUdp.cpp:221] parsePacket(): could not receive data: 9
[ 50634][E][WiFiUdp.cpp:221] parsePacket(): could not receive data: 9
[ 50641][E][WiFiUdp.cpp:221] parsePacket(): could not receive data: 9
[ 50648][E][WiFiUdp.cpp:221] parsePacket(): could not receive data: 9
[ 50655][E][WiFiUdp.cpp:221] parsePacket(): could not receive data: 9
[ 50662][E][WiFiUdp.cpp:221] parsePacket(): could not receive data: 9
[ 50668][E][WiFiUdp.cpp:221] parsePacket(): could not receive data: 9
[ 50674][E][WiFiUdp.cpp:221] parsePacket(): could not receive data: 9
[ 50680][E][WiFiUdp.cpp:221] parsePacket(): could not receive data: 9
[ 50686][E][WiFiUdp.cpp:221] parsePacket(): could not receive data: 9
[ 50692][E][WiFiUdp.cpp:221] parsePacket(): could not receive data: 9
[ 50699][E][WiFiUdp.cpp:221] parsePacket(): could not receive data: 9
[ 50706][E][WiFiUdp.cpp:221] parsePacket(): could not receive data: 9
[ 50713][E][WiFiUdp.cpp:221] parsePacket(): could not receive data: 9
[ 50720][E][WiFiUdp.cpp:221] parsePacket(): could not receive data: 9
[ 50727][E][WiFiUdp.cpp:221] parsePacket(): could not receive data: 9
[ 50733][E][WiFiUdp.cpp:221] parsePacket(): could not receive data: 9
[ 50741][E][WiFiUdp.cpp:221] parsePacket(): could not receive data: 9
[ 50748][E][WiFiUdp.cpp:221] parsePacket(): could not receive data: 9
[ 50755][E][WiFiUdp.cpp:221] parsePacket(): could not receive data: 9
[ 50762][E][WiFiUdp.cpp:221] parsePacket(): could not receive data: 9
[ 50769][E][WiFiUdp.cpp:221] parsePacket(): could not receive data: 9
[ 50776][E][WiFiUdp.cpp:221] parsePacket(): could not receive data: 9
[ 50783][E][WiFiUdp.cpp:221] parsePacket(): could not receive data: 9
[ 50790][E][WiFiUdp.cpp:221] parsePacket(): could not receive data: 9
[ 50797][E][WiFiUdp.cpp:221] parsePacket(): could not receive data: 9
[ 50804][E][WiFiUdp.cpp:221] parsePacket(): could not receive data: 9
[ 50811][E][WiFiUdp.cpp:221] parsePacket(): could not receive data: 9
[ 50818][E][WiFiUdp.cpp:221] parsePacket(): could not receive data: 9
[ 50824][E][WiFiUdp.cpp:221] parsePacket(): could not receive data: 9
[ 50830][E][WiFiUdp.cpp:221] parsePacket(): could not receive data: 9
[ 50836][E][WiFiUdp.cpp:221] parsePacket(): could not receive data: 9
[ 50842][E][WiFiUdp.cpp:221] parsePacket(): could not receive data: 9
[ 50848][E][WiFiUdp.cpp:221] parsePacket(): could not receive data: 9
[ 50854][E][WiFiUdp.cpp:221] parsePacket(): could not receive data: 9
[ 50860][E][WiFiUdp.cpp:221] parsePacket(): could not receive data: 9
[ 50866][E][WiFiUdp.cpp:221] parsePacket(): could not receive data: 9
[ 50872][E][WiFiUdp.cpp:221] parsePacket(): could not receive data: 9
[ 50878][E][WiFiUdp.cpp:221] parsePacket(): could not receive data: 9
[ 50884][E][WiFiUdp.cpp:221] parsePacket(): could not receive data: 9
[ 50890][E][WiFiUdp.cpp:221] parsePacket(): could not receive data: 9
[ 50896][E][WiFiUdp.cpp:221] parsePacket(): could not receive data: 9
[ 50902][E][WiFiUdp.cpp:221] parsePacket(): could not receive data: 9
[ 50908][E][WiFiUdp.cpp:221] parsePacket(): could not receive data: 9
[ 50914][E][WiFiUdp.cpp:221] parsePacket(): could not receive data: 9
[ 50920][E][WiFiUdp.cpp:221] parsePacket(): could not receive data: 9
[ 50926][E][WiFiUdp.cpp:221] parsePacket(): could not receive data: 9
[ 50932][E][WiFiUdp.cpp:221] parsePacket(): could not receive data: 9
[ 50938][E][WiFiUdp.cpp:221] parsePacket(): could not receive data: 9
[ 50944][E][WiFiUdp.cpp:221] parsePacket(): could not receive data: 9
[ 50950][E][WiFiUdp.cpp:221] parsePacket(): could not receive data: 9
[ 50956][E][WiFiUdp.cpp:221] parsePacket(): could not receive data: 9
[ 50962][E][WiFiUdp.cpp:221] parsePacket(): could not receive data: 9
[ 50968][E][WiFiUdp.cpp:221] parsePacket(): could not receive data: 9
[ 50974][E][WiFiUdp.cpp:221] parsePacket(): could not receive data: 9
[ 50980][E][WiFiUdp.cpp:221] parsePacket(): could not receive data: 9
[ 50986][E][WiFiUdp.cpp:221] parsePacket(): could not receive data: 9
[ 50992][E][WiFiUdp.cpp:221] parsePacket(): could not receive data: 9
[ 50998][E][WiFiUdp.cpp:221] parsePacket(): could not receive data: 9
[ 51004][E][WiFiUdp.cpp:221] parsePacket(): could not receive data: 9
[ 51010][E][WiFiUdp.cpp:221] parsePacket(): could not receive data: 9
[ 51016][E][WiFiUdp.cpp:221] parsePacket(): could not receive data: 9
[ 51022][E][WiFiUdp.cpp:221] parsePacket(): could not receive data: 9
[ 51028][E][WiFiUdp.cpp:221] parsePacket(): could not receive data: 9
[ 51034][E][WiFiUdp.cpp:221] parsePacket(): could not receive data: 9
[ 51040][E][WiFiUdp.cpp:221] parsePacket(): could not receive data: 9
[ 51046][E][WiFiUdp.cpp:221] parsePacket(): could not receive data: 9
[ 51052][E][WiFiUdp.cpp:221] parsePacket(): could not receive data: 9
[ 51058][E][WiFiUdp.cpp:221] parsePacket(): could not receive data: 9
[ 51064][E][WiFiUdp.cpp:221] parsePacket(): could not receive data: 9
[ 51070][E][WiFiUdp.cpp:221] parsePacket(): could not receive data: 9
[ 51076][E][WiFiUdp.cpp:221] parsePacket(): could not receive data: 9
[ 51082][E][WiFiUdp.cpp:221] parsePacket(): could not receive data: 9
[ 51088][E][WiFiUdp.cpp:221] parsePacket(): could not receive data: 9
[ 51094][E][WiFiUdp.cpp:221] parsePacket(): could not receive data: 9
[ 51100][E][WiFiUdp.cpp:221] parsePacket(): could not receive data: 9
[ 51106][E][WiFiUdp.cpp:221] parsePacket(): could not receive data: 9
[ 51112][E][WiFiUdp.cpp:221] parsePacket(): could not receive data: 9
[ 51118][E][WiFiUdp.cpp:221] parsePacket(): could not receive data: 9
[ 51124][E][WiFiUdp.cpp:221] parsePacket(): could not receive data: 9
[ 51130][E][WiFiUdp.cpp:221] parsePacket(): could not receive data: 9
[ 51136][E][WiFiUdp.cpp:221] parsePacket(): could not receive data: 9
[ 51142][E][WiFiUdp.cpp:221] parsePacket(): could not receive data: 9
[ 51148][E][WiFiUdp.cpp:221] parsePacket(): could not receive data: 9
[ 51154][E][WiFiUdp.cpp:221] parsePacket(): could not receive data: 9
[ 51160][E][WiFiUdp.cpp:221] parsePacket(): could not receive data: 9
[ 51166][E][WiFiUdp.cpp:221] parsePacket(): could not receive data: 9
[ 51172][E][WiFiUdp.cpp:221] parsePacket(): could not receive data: 9
[ 51178][E][WiFiUdp.cpp:221] parsePacket(): could not receive data: 9
[ 51184][E][WiFiUdp.cpp:221] parsePacket(): could not receive data: 9
[ 51190][E][WiFiUdp.cpp:221] parsePacket(): could not receive data: 9
[ 51196][E][WiFiUdp.cpp:221] parsePacket(): could not receive data: 9
[ 51202][E][WiFiUdp.cpp:221] parsePacket(): could not receive data: 9
[ 51209][E][WiFiUdp.cpp:221] parsePacket(): could not receive data: 9
[ 51216][E][WiFiUdp.cpp:221] parsePacket(): could not receive data: 9
[ 51223][E][WiFiUdp.cpp:221] parsePacket(): could not receive data: 9
[ 51230][E][WiFiUdp.cpp:221] parsePacket(): could not receive data: 9
[ 51237][E][WiFiUdp.cpp:221] parsePacket(): could not receive data: 9
[ 51244][E][WiFiUdp.cpp:221] parsePacket(): could not receive data: 9
[ 51251][E][WiFiUdp.cpp:221] parsePacket(): could not receive data: 9
[ 51258][E][WiFiUdp.cpp:221] parsePacket(): could not receive data: 9
[ 51265][E][WiFiUdp.cpp:221] parsePacket(): could not receive data: 9
[ 51272][E][WiFiUdp.cpp:221] parsePacket(): could not receive data: 9
[ 51279][E][WiFiUdp.cpp:221] parsePacket(): could not receive data: 9
[ 51286][E][WiFiUdp.cpp:221] parsePacket(): could not receive data: 9
[ 51293][E][WiFiUdp.cpp:221] parsePacket(): could not receive data: 9
[ 51300][E][WiFiUdp.cpp:221] parsePacket(): could not receive data: 9
[ 51307][E][WiFiUdp.cpp:221] parsePacket(): could not receive data: 9
[ 51314][E][WiFiUdp.cpp:221] parsePacket(): could not receive data: 9
[ 51321][E][WiFiUdp.cpp:221] parsePacket(): could not receive data: 9
[ 51328][E][WiFiUdp.cpp:221] parsePacket(): could not receive data: 9
[ 51335][E][WiFiUdp.cpp:221] parsePacket(): could not receive data: 9
[ 51342][E][WiFiUdp.cpp:221] parsePacket(): could not receive data: 9
[ 51349][E][WiFiUdp.cpp:221] parsePacket(): could not receive data: 9
[ 51356][E][WiFiUdp.cpp:221] parsePacket(): could not receive data: 9
[ 51362][E][WiFiUdp.cpp:221] parsePacket(): could not receive data: 9
[ 51369][E][WiFiUdp.cpp:221] parsePacket(): could not receive data: 9
[ 51376][E][WiFiUdp.cpp:221] parsePacket(): could not receive data: 9
[ 51383][E][WiFiUdp.cpp:221] parsePacket(): could not receive data: 9
[ 51390][E][WiFiUdp.cpp:221] parsePacket(): could not receive data: 9
[ 51397][E][WiFiUdp.cpp:221] parsePacket(): could not receive data: 9
[ 51404][E][WiFiUdp.cpp:221] parsePacket(): could not receive data: 9
[ 51411][E][WiFiUdp.cpp:221] parsePacket(): could not receive data: 9
[ 51418][E][WiFiUdp.cpp:221] parsePacket(): could not receive data: 9
[ 51425][E][WiFiUdp.cpp:221] parsePacket(): could not receive data: 9
[ 51432][E][WiFiUdp.cpp:221] parsePacket(): could not receive data: 9
[ 51439][E][WiFiUdp.cpp:221] parsePacket(): could not receive data: 9
[ 51446][E][WiFiUdp.cpp:221] parsePacket(): could not receive data: 9
[ 51453][E][WiFiUdp.cpp:221] parsePacket(): could not receive data: 9
[ 51460][E][WiFiUdp.cpp:221] parsePacket(): could not receive data: 9
[ 51467][E][WiFiUdp.cpp:221] parsePacket(): could not receive data: 9
[ 51474][E][WiFiUdp.cpp:221] parsePacket(): could not receive data: 9
[ 51481][E][WiFiUdp.cpp:221] parsePacket(): could not receive data: 9
[ 51488][E][WiFiUdp.cpp:221] parsePacket(): could not receive data: 9
[ 51496][E][WiFiUdp.cpp:221] parsePacket(): could not receive data: 9
[ 51502][E][WiFiUdp.cpp:221] parsePacket(): could not receive data: 9
[ 51509][E][WiFiUdp.cpp:221] parsePacket(): could not receive data: 9
[ 51516][E][WiFiUdp.cpp:221] parsePacket(): could not receive data: 9
[ 51523][E][WiFiUdp.cpp:221] parsePacket(): could not receive data: 9
[ 51530][E][WiFiUdp.cpp:221] parsePacket(): could not receive data: 9
[ 51537][E][WiFiUdp.cpp:221] parsePacket(): could not receive data: 9
[ 51544][E][WiFiUdp.cpp:221] parsePacket(): could not receive data: 9
[ 51551][E][WiFiUdp.cpp:221] parsePacket(): could not receive data: 9
[ 51558][E][WiFiUdp.cpp:221] parsePacket(): could not receive data: 9
[ 51565][E][WiFiUdp.cpp:221] parsePacket(): could not receive data: 9
[ 51573][E][WiFiUdp.cpp:221] parsePacket(): could not receive data: 9
[ 51580][E][WiFiUdp.cpp:221] parsePacket(): could not receive data: 9
[ 51587][E][WiFiUdp.cpp:221] parsePacket(): could not receive data: 9
[ 51594][E][WiFiUdp.cpp:221] parsePacket(): could not receive data: 9
[ 51601][E][WiFiUdp.cpp:221] parsePacket(): could not receive data: 9
[ 51608][E][WiFiUdp.cpp:221] parsePacket(): could not receive data: 9
[ 51615][E][WiFiUdp.cpp:221] parsePacket(): could not receive data: 9
[ 51622][E][WiFiUdp.cpp:221] parsePacket(): could not receive data: 9
[ 51630][E][WiFiUdp.cpp:221] parsePacket(): could not receive data: 9
[ 51639][E][WiFiUdp.cpp:221] parsePacket(): could not receive data: 9
[ 51646][E][WiFiUdp.cpp:221] parsePacket(): could not receive data: 9
[ 51653][E][WiFiUdp.cpp:221] parsePacket(): could not receive data: 9
[ 51660][E][WiFiUdp.cpp:221] parsePacket(): could not receive data: 9
[ 51667][E][WiFiUdp.cpp:221] parsePacket(): could not receive data: 9
[ 51674][E][WiFiUdp.cpp:221] parsePacket(): could not receive data: 9
[ 51681][E][WiFiUdp.cpp:221] parsePacket(): could not receive data: 9
[ 51687][E][WiFiUdp.cpp:221] parsePacket(): could not receive data: 9
[ 51693][E][WiFiUdp.cpp:221] parsePacket(): could not receive data: 9
[ 51700][E][WiFiUdp.cpp:221] parsePacket(): could not receive data: 9
[ 51707][E][WiFiUdp.cpp:221] parsePacket(): could not receive data: 9
[ 51714][E][WiFiUdp.cpp:221] parsePacket(): could not receive data: 9
[ 51720][E][WiFiUdp.cpp:221] parsePacket(): could not receive data: 9
[ 51727][E][WiFiUdp.cpp:221] parsePacket(): could not receive data: 9
[ 51734][E][WiFiUdp.cpp:221] parsePacket(): could not receive data: 9
[ 51741][E][WiFiUdp.cpp:221] parsePacket(): could not receive data: 9
[ 51748][E][WiFiUdp.cpp:221] parsePacket(): could not receive data: 9
[ 51755][E][WiFiUdp.cpp:221] parsePacket(): could not receive data: 9
[ 51762][E][WiFiUdp.cpp:221] parsePacket(): could not receive data: 9
[ 51769][E][WiFiUdp.cpp:221] parsePacket(): could not receive data: 9
[ 51777][E][WiFiUdp.cpp:221] parsePacket(): could not receive data: 9
[ 51783][E][WiFiUdp.cpp:221] parsePacket(): could not receive data: 9
[ 51789][E][WiFiUdp.cpp:221] parsePacket(): could not receive data: 9
[ 51795][E][WiFiUdp.cpp:221] parsePacket(): could not receive data: 9
[ 51802][E][WiFiUdp.cpp:221] parsePacket(): could not receive data: 9
[ 51808][E][WiFiUdp.cpp:221] parsePacket(): could not receive data: 9
[ 51814][E][WiFiUdp.cpp:221] parsePacket(): could not receive data: 9
[ 51821][E][WiFiUdp.cpp:221] parsePacket(): could not receive data: 9
[ 51830][E][WiFiUdp.cpp:221] parsePacket(): could not receive data: 9
[ 51839][E][WiFiUdp.cpp:221] parsePacket(): could not receive data: 9
[ 51848][E][WiFiUdp.cpp:221] parsePacket(): could not receive data: 9
[ 51855][E][WiFiUdp.cpp:221] parsePacket(): could not receive data: 9
[ 51864][E][WiFiUdp.cpp:221] parsePacket(): could not receive data: 9
[ 51874][E][WiFiUdp.cpp:221] parsePacket(): could not receive data: 9
[ 51882][E][WiFiUdp.cpp:221] parsePacket(): could not receive data: 9
[ 51890][E][WiFiUdp.cpp:221] parsePacket(): could not receive data: 9
[ 51896][E][WiFiUdp.cpp:221] parsePacket(): could not receive data: 9
[ 51903][E][WiFiUdp.cpp:221] parsePacket(): could not receive data: 9
[ 51911][E][WiFiUdp.cpp:221] parsePacket(): could not receive data: 9
[ 51919][E][WiFiUdp.cpp:221] parsePacket(): could not receive data: 9
[ 51926][E][WiFiUdp.cpp:221] parsePacket(): could not receive data: 9
[ 51933][E][WiFiUdp.cpp:221] parsePacket(): could not receive data: 9
[ 51940][E][WiFiUdp.cpp:221] parsePacket(): could not receive data: 9
[ 51947][E][WiFiUdp.cpp:221] parsePacket(): could not receive data: 9
[ 51954][E][WiFiUdp.cpp:221] parsePacket(): could not receive data: 9
[ 51961][E][WiFiUdp.cpp:221] parsePacket(): could not receive data: 9
[ 51968][E][WiFiUdp.cpp:221] parsePacket(): could not receive data: 9
[ 51976][E][WiFiUdp.cpp:221] parsePacket(): could not receive data: 9
[ 51985][E][WiFiUdp.cpp:221] parsePacket(): could not receive data: 9
[ 51994][E][WiFiUdp.cpp:221] parsePacket(): could not receive data: 9
[ 52002][E][WiFiUdp.cpp:221] parsePacket(): could not receive data: 9
[ 52009][E][WiFiUdp.cpp:221] parsePacket(): could not receive data: 9
[ 52017][E][WiFiUdp.cpp:221] parsePacket(): could not receive data: 9
[ 52024][E][WiFiUdp.cpp:221] parsePacket(): could not receive data: 9
[ 52031][E][WiFiUdp.cpp:221] parsePacket(): could not receive data: 9
[ 52038][E][WiFiUdp.cpp:221] parsePacket(): could not receive data: 9
[ 52045][E][WiFiUdp.cpp:221] parsePacket(): could not receive data: 9
[ 52052][E][WiFiUdp.cpp:221] parsePacket(): could not receive data: 9
[ 52059][E][WiFiUdp.cpp:221] parsePacket(): could not receive data: 9
[ 52066][E][WiFiUdp.cpp:221] parsePacket(): could not receive data: 9
[ 52073][E][WiFiUdp.cpp:221] parsePacket(): could not receive data: 9
[ 52080][E][WiFiUdp.cpp:221] parsePacket(): could not receive data: 9
[ 52088][E][WiFiUdp.cpp:221] parsePacket(): could not receive data: 9
[ 52095][E][WiFiUdp.cpp:221] parsePacket(): could not receive data: 9
[ 52102][E][WiFiUdp.cpp:221] parsePacket(): could not receive data: 9
[ 52109][E][WiFiUdp.cpp:221] parsePacket(): could not receive data: 9
[ 52116][E][WiFiUdp.cpp:221] parsePacket(): could not receive data: 9
[ 52123][E][WiFiUdp.cpp:221] parsePacket(): could not receive data: 9
[ 52130][E][WiFiUdp.cpp:221] parsePacket(): could not receive data: 9
[ 52138][E][WiFiUdp.cpp:221] parsePacket(): could not receive data: 9
[ 52145][E][WiFiUdp.cpp:221] parsePacket(): could not receive data: 9
[ 52152][E][WiFiUdp.cpp:221] parsePacket(): could not receive data: 9
[ 52159][E][WiFiUdp.cpp:221] parsePacket(): could not receive data: 9
[ 52166][E][WiFiUdp.cpp:221] parsePacket(): could not receive data: 9
[ 52173][E][WiFiUdp.cpp:221] parsePacket(): could not receive data: 9
[ 52180][E][WiFiUdp.cpp:221] parsePacket(): could not receive data: 9
[ 52187][E][WiFiUdp.cpp:221] parsePacket(): could not receive data: 9
[ 52194][E][WiFiUdp.cpp:221] parsePacket(): could not receive data: 9
[ 52200][E][WiFiUdp.cpp:221] parsePacket(): could not receive data: 9
[ 52207][E][WiFiUdp.cpp:221] parsePacket(): could not receive data: 9
[ 52214][E][WiFiUdp.cpp:221] parsePacket(): could not receive data: 9
[ 52222][E][WiFiUdp.cpp:221] parsePacket(): could not receive data: 9
[ 52231][E][WiFiUdp.cpp:221] parsePacket(): could not receive data: 9
[ 52240][E][WiFiUdp.cpp:221] parsePacket(): could not receive data: 9
[ 52247][E][WiFiUdp.cpp:221] parsePacket(): could not receive data: 9
[ 52254][E][WiFiUdp.cpp:221] parsePacket(): could not receive data: 9
[ 52261][E][WiFiUdp.cpp:221] parsePacket(): could not receive data: 9
[ 52268][E][WiFiUdp.cpp:221] parsePacket(): could not receive data: 9
[ 52275][E][WiFiUdp.cpp:221] parsePacket(): could not receive data: 9
[ 52282][E][WiFiUdp.cpp:221] parsePacket(): could not receive data: 9
[ 52289][E][WiFiUdp.cpp:221] parsePacket(): could not receive data: 9
[ 52295][E][WiFiUdp.cpp:221] parsePacket(): could not receive data: 9
[ 52301][E][WiFiUdp.cpp:221] parsePacket(): could not receive data: 9
[ 52307][E][WiFiUdp.cpp:221] parsePacket(): could not receive data: 9
[ 52313][E][WiFiUdp.cpp:221] parsePacket(): could not receive data: 9
[ 52319][E][WiFiUdp.cpp:221] parsePacket(): could not receive data: 9
[ 52325][E][WiFiUdp.cpp:221] parsePacket(): could not receive data: 9
[ 52331][E][WiFiUdp.cpp:221] parsePacket(): could not receive data: 9
[ 52337][E][WiFiUdp.cpp:221] parsePacket(): could not receive data: 9
[ 52343][E][WiFiUdp.cpp:221] parsePacket(): could not receive data: 9
[ 52349][E][WiFiUdp.cpp:221] parsePacket(): could not receive data: 9
[ 52355][E][WiFiUdp.cpp:221] parsePacket(): could not receive data: 9
[ 52361][E][WiFiUdp.cpp:221] parsePacket(): could not receive data: 9
[ 52367][E][WiFiUdp.cpp:221] parsePacket(): could not receive data: 9
[ 52373][E][WiFiUdp.cpp:221] parsePacket(): could not receive data: 9
[ 52379][E][WiFiUdp.cpp:221] parsePacket(): could not receive data: 9
[ 52385][E][WiFiUdp.cpp:221] parsePacket(): could not receive data: 9
[ 52391][E][WiFiUdp.cpp:221] parsePacket(): could not receive data: 9
[ 52397][E][WiFiUdp.cpp:221] parsePacket(): could not receive data: 9
[ 52403][E][WiFiUdp.cpp:221] parsePacket(): could not receive data: 9
[ 52409][E][WiFiUdp.cpp:221] parsePacket(): could not receive data: 9
[ 52415][E][WiFiUdp.cpp:221] parsePacket(): could not receive data: 9
[ 52421][E][WiFiUdp.cpp:221] parsePacket(): could not receive data: 9
[ 52427][E][WiFiUdp.cpp:221] parsePacket(): could not receive data: 9
[ 52433][E][WiFiUdp.cpp:221] parsePacket(): could not receive data: 9
[ 52439][E][WiFiUdp.cpp:221] parsePacket(): could not receive data: 9
[ 52445][E][WiFiUdp.cpp:221] parsePacket(): could not receive data: 9
[ 52451][E][WiFiUdp.cpp:221] parsePacket(): could not receive data: 9
[ 52457][E][WiFiUdp.cpp:221] parsePacket(): could not receive data: 9
[ 52463][E][WiFiUdp.cpp:221] parsePacket(): could not receive data: 9
[ 52469][E][WiFiUdp.cpp:221] parsePacket(): could not receive data: 9
[ 52475][E][WiFiUdp.cpp:221] parsePacket(): could not receive data: 9
[ 52481][E][WiFiUdp.cpp:221] parsePacket(): could not receive data: 9
[ 52487][E][WiFiUdp.cpp:221] parsePacket(): could not receive data: 9
[ 52493][E][WiFiUdp.cpp:221] parsePacket(): could not receive data: 9
[ 52499][E][WiFiUdp.cpp:221] parsePacket(): could not receive data: 9
[ 52505][E][WiFiUdp.cpp:221] parsePacket(): could not receive data: 9
[ 52511][E][WiFiUdp.cpp:221] parsePacket(): could not receive data: 9
[ 52517][E][WiFiUdp.cpp:221] parsePacket(): could not receive data: 9
[ 52523][E][WiFiUdp.cpp:221] parsePacket(): could not receive data: 9
[ 52529][E][WiFiUdp.cpp:221] parsePacket(): could not receive data: 9
[ 52535][E][WiFiUdp.cpp:221] parsePacket(): could not receive data: 9
[ 52541][E][WiFiUdp.cpp:221] parsePacket(): could not receive data: 9
[ 52547][E][WiFiUdp.cpp:221] parsePacket(): could not receive data: 9
[ 52553][E][WiFiUdp.cpp:221] parsePacket(): could not receive data: 9
[ 52559][E][WiFiUdp.cpp:221] parsePacket(): could not receive data: 9
[ 52565][E][WiFiUdp.cpp:221] parsePacket(): could not receive data: 9
[ 52571][E][WiFiUdp.cpp:221] parsePacket(): could not receive data: 9
[ 52577][E][WiFiUdp.cpp:221] parsePacket(): could not receive data: 9
[ 52583][E][WiFiUdp.cpp:221] parsePacket(): could not receive data: 9
[ 52589][E][WiFiUdp.cpp:221] parsePacket(): could not receive data: 9
[ 52595][E][WiFiUdp.cpp:221] parsePacket(): could not receive data: 9
[ 52601][E][WiFiUdp.cpp:221] parsePacket(): could not receive data: 9
[ 52607][E][WiFiUdp.cpp:221] parsePacket(): could not receive data: 9
[ 52613][E][WiFiUdp.cpp:221] parsePacket(): could not receive data: 9
[ 52619][E][WiFiUdp.cpp:221] parsePacket(): could not receive data: 9
[ 52625][E][WiFiUdp.cpp:221] parsePacket(): could not receive data: 9
[ 52631][E][WiFiUdp.cpp:221] parsePacket(): could not receive data: 9
[ 52637][E][WiFiUdp.cpp:221] parsePacket(): could not receive data: 9
[ 52643][E][WiFiUdp.cpp:221] parsePacket(): could not receive data: 9
[ 52649][E][WiFiUdp.cpp:221] parsePacket(): could not receive data: 9
[ 52655][E][WiFiUdp.cpp:221] parsePacket(): could not receive data: 9
[ 52661][E][WiFiUdp.cpp:221] parsePacket(): could not receive data: 9
[ 52667][E][WiFiUdp.cpp:221] parsePacket(): could not receive data: 9
[ 52673][E][WiFiUdp.cpp:221] parsePacket(): could not receive data: 9
[ 52679][E][WiFiUdp.cpp:221] parsePacket(): could not receive data: 9
[ 52685][E][WiFiUdp.cpp:221] parsePacket(): could not receive data: 9
[ 52691][E][WiFiUdp.cpp:221] parsePacket(): could not receive data: 9
[ 52697][E][WiFiUdp.cpp:221] parsePacket(): could not receive data: 9
[ 52703][E][WiFiUdp.cpp:221] parsePacket(): could not receive data: 9
[ 52709][E][WiFiUdp.cpp:221] parsePacket(): could not receive data: 9
[ 52715][E][WiFiUdp.cpp:221] parsePacket(): could not receive data: 9
[ 52721][E][WiFiUdp.cpp:221] parsePacket(): could not receive data: 9
[ 52727][E][WiFiUdp.cpp:221] parsePacket(): could not receive data: 9
[ 52733][E][WiFiUdp.cpp:221] parsePacket(): could not receive data: 9
[ 52739][E][WiFiUdp.cpp:221] parsePacket(): could not receive data: 9
[ 52745][E][WiFiUdp.cpp:221] parsePacket(): could not receive data: 9
[ 52751][E][WiFiUdp.cpp:221] parsePacket(): could not receive data: 9
[ 52757][E][WiFiUdp.cpp:221] parsePacket(): could not receive data: 9
[ 52763][E][WiFiUdp.cpp:221] parsePacket(): could not receive data: 9
[ 52769][E][WiFiUdp.cpp:221] parsePacket(): could not receive data: 9
[ 52775][E][WiFiUdp.cpp:221] parsePacket(): could not receive data: 9
[ 52781][E][WiFiUdp.cpp:221] parsePacket(): could not receive data: 9
[ 52787][E][WiFiUdp.cpp:221] parsePacket(): could not receive data: 9
[ 52793][E][WiFiUdp.cpp:221] parsePacket(): could not receive data: 9
[ 52799][E][WiFiUdp.cpp:221] parsePacket(): could not receive data: 9
[ 52805][E][WiFiUdp.cpp:221] parsePacket(): could not receive data: 9
[ 52811][E][WiFiUdp.cpp:221] parsePacket(): could not receive data: 9
[ 52817][E][WiFiUdp.cpp:221] parsePacket(): could not receive data: 9
[ 52823][E][WiFiUdp.cpp:221] parsePacket(): could not receive data: 9
[ 52829][E][WiFiUdp.cpp:221] parsePacket(): could not receive data: 9
[ 52835][E][WiFiUdp.cpp:221] parsePacket(): could not receive data: 9
[ 52841][E][WiFiUdp.cpp:221] parsePacket(): could not receive data: 9
[ 52847][E][WiFiUdp.cpp:221] parsePacket(): could not receive data: 9
[ 52853][E][WiFiUdp.cpp:221] parsePacket(): could not receive data: 9
[ 52859][E][WiFiUdp.cpp:221] parsePacket(): could not receive data: 9
[ 52865][E][WiFiUdp.cpp:221] parsePacket(): could not receive data: 9
[ 52871][E][WiFiUdp.cpp:221] parsePacket(): could not receive data: 9
[ 52877][E][WiFiUdp.cpp:221] parsePacket(): could not receive data: 9
[ 52883][E][WiFiUdp.cpp:221] parsePacket(): could not receive data: 9
[ 52889][E][WiFiUdp.cpp:221] parsePacket(): could not receive data: 9
[ 52895][E][WiFiUdp.cpp:221] parsePacket(): could not receive data: 9
[ 52902][E][WiFiUdp.cpp:221] parsePacket(): could not receive data: 9
[ 52910][E][WiFiUdp.cpp:221] parsePacket(): could not receive data: 9
[ 52918][E][WiFiUdp.cpp:221] parsePacket(): could not receive data: 9
[ 52927][E][WiFiUdp.cpp:221] parsePacket(): could not receive data: 9
[ 52935][E][WiFiUdp.cpp:221] parsePacket(): could not receive data: 9
[ 52943][E][WiFiUdp.cpp:221] parsePacket(): could not receive data: 9
[ 52951][E][WiFiUdp.cpp:221] parsePacket(): could not receive data: 9
[ 52958][E][WiFiUdp.cpp:221] parsePacket(): could not receive data: 9
[ 52965][E][WiFiUdp.cpp:221] parsePacket(): could not receive data: 9
[ 52974][E][WiFiUdp.cpp:221] parsePacket(): could not receive data: 9
[ 52982][E][WiFiUdp.cpp:221] parsePacket(): could not receive data: 9
[ 52989][E][WiFiUdp.cpp:221] parsePacket(): could not receive data: 9
[ 52996][E][WiFiUdp.cpp:221] parsePacket(): could not receive data: 9
[ 53003][E][WiFiUdp.cpp:221] parsePacket(): could not receive data: 9
[ 53010][E][WiFiUdp.cpp:221] parsePacket(): could not receive data: 9
[ 53017][E][WiFiUdp.cpp:221] parsePacket(): could not receive data: 9
[ 53024][E][WiFiUdp.cpp:221] parsePacket(): could not receive data: 9
[ 53031][E][WiFiUdp.cpp:221] parsePacket(): could not receive data: 9
[ 53038][E][WiFiUdp.cpp:221] parsePacket(): could not receive data: 9
[ 53045][E][WiFiUdp.cpp:221] parsePacket(): could not receive data: 9
[ 53052][E][WiFiUdp.cpp:221] parsePacket(): could not receive data: 9
[ 53059][E][WiFiUdp.cpp:221] parsePacket(): could not receive data: 9
[ 53066][E][WiFiUdp.cpp:221] parsePacket(): could not receive data: 9
[ 53073][E][WiFiUdp.cpp:221] parsePacket(): could not receive data: 9
[ 53080][E][WiFiUdp.cpp:221] parsePacket(): could not receive data: 9
[ 53087][E][WiFiUdp.cpp:221] parsePacket(): could not receive data: 9
[ 53094][E][WiFiUdp.cpp:221] parsePacket(): could not receive data: 9
[ 53101][E][WiFiUdp.cpp:221] parsePacket(): could not receive data: 9
[ 53108][E][WiFiUdp.cpp:221] parsePacket(): could not receive data: 9
[ 53115][E][WiFiUdp.cpp:221] parsePacket(): could not receive data: 9
[ 53122][E][WiFiUdp.cpp:221] parsePacket(): could not receive data: 9
[ 53129][E][WiFiUdp.cpp:221] parsePacket(): could not receive data: 9
[ 53136][E][WiFiUdp.cpp:221] parsePacket(): could not receive data: 9
[ 53145][E][WiFiUdp.cpp:221] parsePacket(): could not receive data: 9
[ 53152][E][WiFiUdp.cpp:221] parsePacket(): could not receive data: 9
[ 53158][E][WiFiUdp.cpp:221] parsePacket(): could not receive data: 9
[ 53164][E][WiFiUdp.cpp:221] parsePacket(): could not receive data: 9
[ 53170][E][WiFiUdp.cpp:221] parsePacket(): could not receive data: 9
[ 53176][E][WiFiUdp.cpp:221] parsePacket(): could not receive data: 9
[ 53182][E][WiFiUdp.cpp:221] parsePacket(): could not receive data: 9
[ 53188][E][WiFiUdp.cpp:221] parsePacket(): could not receive data: 9
[ 53194][E][WiFiUdp.cpp:221] parsePacket(): could not receive data: 9
[ 53200][E][WiFiUdp.cpp:221] parsePacket(): could not receive data: 9
[ 53206][E][WiFiUdp.cpp:221] parsePacket(): could not receive data: 9
[ 53212][E][WiFiUdp.cpp:221] parsePacket(): could not receive data: 9
[ 53218][E][WiFiUdp.cpp:221] parsePacket(): could not receive data: 9
[ 53224][E][WiFiUdp.cpp:221] parsePacket(): could not receive data: 9
[ 53230][E][WiFiUdp.cpp:221] parsePacket(): could not receive data: 9
[ 53236][E][WiFiUdp.cpp:221] parsePacket(): could not receive data: 9
[ 53242][E][WiFiUdp.cpp:221] parsePacket(): could not receive data: 9
[ 53248][E][WiFiUdp.cpp:221] parsePacket(): could not receive data: 9
[ 53255][E][WiFiUdp.cpp:221] parsePacket(): could not receive data: 9
[ 53262][E][WiFiUdp.cpp:221] parsePacket(): could not receive data: 9
[ 53269][E][WiFiUdp.cpp:221] parsePacket(): could not receive data: 9
[ 53276][E][WiFiUdp.cpp:221] parsePacket(): could not receive data: 9
[ 53283][E][WiFiUdp.cpp:221] parsePacket(): could not receive data: 9
[ 53290][E][WiFiUdp.cpp:221] parsePacket(): could not receive data: 9
[ 53297][E][WiFiUdp.cpp:221] parsePacket(): could not receive data: 9
[ 53305][E][WiFiUdp.cpp:221] parsePacket(): could not receive data: 9
[ 53312][E][WiFiUdp.cpp:221] parsePacket(): could not receive data: 9
[ 53319][E][WiFiUdp.cpp:221] parsePacket(): could not receive data: 9
[ 53326][E][WiFiUdp.cpp:221] parsePacket(): could not receive data: 9
[ 53333][E][WiFiUdp.cpp:221] parsePacket(): could not receive data: 9
[ 53340][E][WiFiUdp.cpp:221] parsePacket(): could not receive data: 9
[ 53347][E][WiFiUdp.cpp:221] parsePacket(): could not receive data: 9
[ 53353][E][WiFiUdp.cpp:221] parsePacket(): could not receive data: 9
[ 53359][E][WiFiUdp.cpp:221] parsePacket(): could not receive data: 9
[ 53365][E][WiFiUdp.cpp:221] parsePacket(): could not receive data: 9
[ 53372][E][WiFiUdp.cpp:221] parsePacket(): could not receive data: 9
[ 53379][E][WiFiUdp.cpp:221] parsePacket(): could not receive data: 9
[ 53386][E][WiFiUdp.cpp:221] parsePacket(): could not receive data: 9
[ 53393][E][WiFiUdp.cpp:221] parsePacket(): could not receive data: 9
[ 53400][E][WiFiUdp.cpp:221] parsePacket(): could not receive data: 9
[ 53407][E][WiFiUdp.cpp:221] parsePacket(): could not receive data: 9
[ 53414][E][WiFiUdp.cpp:221] parsePacket(): could not receive data: 9
[ 53421][E][WiFiUdp.cpp:221] parsePacket(): could not receive data: 9
[ 53428][E][WiFiUdp.cpp:221] parsePacket(): could not receive data: 9
[ 53435][E][WiFiUdp.cpp:221] parsePacket(): could not receive data: 9
[ 53442][E][WiFiUdp.cpp:221] parsePacket(): could not receive data: 9
[ 53449][E][WiFiUdp.cpp:221] parsePacket(): could not receive data: 9
[ 53456][E][WiFiUdp.cpp:221] parsePacket(): could not receive data: 9
[ 53463][E][WiFiUdp.cpp:221] parsePacket(): could not receive data: 9
[ 53470][E][WiFiUdp.cpp:221] parsePacket(): could not receive data: 9
[ 53477][E][WiFiUdp.cpp:221] parsePacket(): could not receive data: 9
[ 53484][E][WiFiUdp.cpp:221] parsePacket(): could not receive data: 9
[ 53491][E][WiFiUdp.cpp:221] parsePacket(): could not receive data: 9
[ 53498][E][WiFiUdp.cpp:221] parsePacket(): could not receive data: 9
[ 53505][E][WiFiUdp.cpp:221] parsePacket(): could not receive data: 9
[ 53512][E][WiFiUdp.cpp:221] parsePacket(): could not receive data: 9
[ 53519][E][WiFiUdp.cpp:221] parsePacket(): could not receive data: 9
[ 53526][E][WiFiUdp.cpp:221] parsePacket(): could not receive data: 9
[ 53533][E][WiFiUdp.cpp:221] parsePacket(): could not receive data: 9
[ 53540][E][WiFiUdp.cpp:221] parsePacket(): could not receive data: 9
[ 53547][E][WiFiUdp.cpp:221] parsePacket(): could not receive data: 9
[ 53554][E][WiFiUdp.cpp:221] parsePacket(): could not receive data: 9
[ 53561][E][WiFiUdp.cpp:221] parsePacket(): could not receive data: 9
[ 53568][E][WiFiUdp.cpp:221] parsePacket(): could not receive data: 9
[ 53575][E][WiFiUdp.cpp:221] parsePacket(): could not receive data: 9
[ 53582][E][WiFiUdp.cpp:221] parsePacket(): could not receive data: 9
[ 53588][E][WiFiUdp.cpp:221] parsePacket(): could not receive data: 9
[ 53594][E][WiFiUdp.cpp:221] parsePacket(): could not receive data: 9
[ 53600][E][WiFiUdp.cpp:221] parsePacket(): could not receive data: 9
[ 53606][E][WiFiUdp.cpp:221] parsePacket(): could not receive data: 9
[ 53612][E][WiFiUdp.cpp:221] parsePacket(): could not receive data: 9
[ 53618][E][WiFiUdp.cpp:221] parsePacket(): could not receive data: 9
[ 53624][E][WiFiUdp.cpp:221] parsePacket(): could not receive data: 9
[ 53630][E][WiFiUdp.cpp:221] parsePacket(): could not receive data: 9
[ 53636][E][WiFiUdp.cpp:221] parsePacket(): could not receive data: 9
[ 53642][E][WiFiUdp.cpp:221] parsePacket(): could not receive data: 9
[ 53648][E][WiFiUdp.cpp:221] parsePacket(): could not receive data: 9
[ 53654][E][WiFiUdp.cpp:221] parsePacket(): could not receive data: 9
[ 53660][E][WiFiUdp.cpp:221] parsePacket(): could not receive data: 9
[ 53666][E][WiFiUdp.cpp:221] parsePacket(): could not receive data: 9
[ 53672][E][WiFiUdp.cpp:221] parsePacket(): could not receive data: 9
[ 53678][E][WiFiUdp.cpp:221] parsePacket(): could not receive data: 9
[ 53684][E][WiFiUdp.cpp:221] parsePacket(): could not receive data: 9
[ 53690][E][WiFiUdp.cpp:221] parsePacket(): could not receive data: 9
[ 53696][E][WiFiUdp.cpp:221] parsePacket(): could not receive data: 9
[ 53702][E][WiFiUdp.cpp:221] parsePacket(): could not receive data: 9
[ 53708][E][WiFiUdp.cpp:221] parsePacket(): could not receive data: 9
[ 53714][E][WiFiUdp.cpp:221] parsePacket(): could not receive data: 9
[ 53720][E][WiFiUdp.cpp:221] parsePacket(): could not receive data: 9
[ 53726][E][WiFiUdp.cpp:221] parsePacket(): could not receive data: 9
[ 53732][E][WiFiUdp.cpp:221] parsePacket(): could not receive data: 9
[ 53738][E][WiFiUdp.cpp:221] parsePacket(): could not receive data: 9
[ 53744][E][WiFiUdp.cpp:221] parsePacket(): could not receive data: 9
[ 53749][E][WiFiUdp.cpp:221] parsePacket(): could not receive data: 9
[ 53754][E][WiFiUdp.cpp:221] parsePacket(): could not receive data: 9
[ 53759][E][WiFiUdp.cpp:221] parsePacket(): could not receive data: 9
[ 53765][E][WiFiUdp.cpp:221] parsePacket(): could not receive data: 9
[ 53771][E][WiFiUdp.cpp:221] parsePacket(): could not receive data: 9
[ 53777][E][WiFiUdp.cpp:221] parsePacket(): could not receive data: 9
[ 53783][E][WiFiUdp.cpp:221] parsePacket(): could not receive data: 9
[ 53789][E][WiFiUdp.cpp:221] parsePacket(): could not receive data: 9
[ 53795][E][WiFiUdp.cpp:221] parsePacket(): could not receive data: 9
[ 53801][E][WiFiUdp.cpp:221] parsePacket(): could not receive data: 9
[ 53807][E][WiFiUdp.cpp:221] parsePacket(): could not receive data: 9
[ 53813][E][WiFiUdp.cpp:221] parsePacket(): could not receive data: 9
[ 53819][E][WiFiUdp.cpp:221] parsePacket(): could not receive data: 9
[ 53825][E][WiFiUdp.cpp:221] parsePacket(): could not receive data: 9
[ 53831][E][WiFiUdp.cpp:221] parsePacket(): could not receive data: 9
[ 53837][E][WiFiUdp.cpp:221] parsePacket(): could not receive data: 9
[ 53843][E][WiFiUdp.cpp:221] parsePacket(): could not receive data: 9
[ 53849][E][WiFiUdp.cpp:221] parsePacket(): could not receive data: 9
[ 53854][E][WiFiUdp.cpp:221] parsePacket(): could not receive data: 9
[ 53860][E][WiFiUdp.cpp:221] parsePacket(): could not receive data: 9
[ 53866][E][WiFiUdp.cpp:221] parsePacket(): could not receive data: 9
[ 53872][E][WiFiUdp.cpp:221] parsePacket(): could not receive data: 9
[ 53878][E][WiFiUdp.cpp:221] parsePacket(): could not receive data: 9
[ 53885][E][WiFiUdp.cpp:221] parsePacket(): could not receive data: 9
[ 53892][E][WiFiUdp.cpp:221] parsePacket(): could not receive data: 9
[ 53898][E][WiFiUdp.cpp:221] parsePacket(): could not receive data: 9
[ 53904][E][WiFiUdp.cpp:221] parsePacket(): could not receive data: 9
[ 53910][E][WiFiUdp.cpp:221] parsePacket(): could not receive data: 9
[ 53916][E][WiFiUdp.cpp:221] parsePacket(): could not receive data: 9
[ 53922][E][WiFiUdp.cpp:221] parsePacket(): could not receive data: 9
[ 53928][E][WiFiUdp.cpp:221] parsePacket(): could not receive data: 9
[ 53934][E][WiFiUdp.cpp:221] parsePacket(): could not receive data: 9
[ 53940][E][WiFiUdp.cpp:221] parsePacket(): could not receive data: 9
[ 53946][E][WiFiUdp.cpp:221] parsePacket(): could not receive data: 9
[ 53951][E][WiFiUdp.cpp:221] parsePacket(): could not receive data: 9
[ 53957][E][WiFiUdp.cpp:221] parsePacket(): could not receive data: 9
[ 53962][E][WiFiUdp.cpp:221] parsePacket(): could not receive data: 9
[ 53968][E][WiFiUdp.cpp:221] parsePacket(): could not receive data: 9
[ 53974][E][WiFiUdp.cpp:221] parsePacket(): could not receive data: 9
[ 53980][E][WiFiUdp.cpp:221] parsePacket(): could not receive data: 9
[ 53986][E][WiFiUdp.cpp:221] parsePacket(): could not receive data: 9
[ 53992][E][WiFiUdp.cpp:221] parsePacket(): could not receive data: 9
[ 53999][E][WiFiUdp.cpp:221] parsePacket(): could not receive data: 9
[ 54006][E][WiFiUdp.cpp:221] parsePacket(): could not receive data: 9
[ 54013][E][WiFiUdp.cpp:221] parsePacket(): could not receive data: 9
[ 54020][E][WiFiUdp.cpp:221] parsePacket(): could not receive data: 9
[ 54027][E][WiFiUdp.cpp:221] parsePacket(): could not receive data: 9
[ 54034][E][WiFiUdp.cpp:221] parsePacket(): could not receive data: 9
[ 54041][E][WiFiUdp.cpp:221] parsePacket(): could not receive data: 9
[ 54048][E][WiFiUdp.cpp:221] parsePacket(): could not receive data: 9
[ 54056][E][WiFiUdp.cpp:221] parsePacket(): could not receive data: 9
[ 54063][E][WiFiUdp.cpp:221] parsePacket(): could not receive data: 9
[ 54070][E][WiFiUdp.cpp:221] parsePacket(): could not receive data: 9
[ 54077][E][WiFiUdp.cpp:221] parsePacket(): could not receive data: 9
[ 54084][E][WiFiUdp.cpp:221] parsePacket(): could not receive data: 9
[ 54091][E][WiFiUdp.cpp:221] parsePacket(): could not receive data: 9
[ 54098][E][WiFiUdp.cpp:221] parsePacket(): could not receive data: 9
[ 54105][E][WiFiUdp.cpp:221] parsePacket(): could not receive data: 9
[ 54112][E][WiFiUdp.cpp:221] parsePacket(): could not receive data: 9
[ 54119][E][WiFiUdp.cpp:221] parsePacket(): could not receive data: 9
[ 54126][E][WiFiUdp.cpp:221] parsePacket(): could not receive data: 9
[ 54133][E][WiFiUdp.cpp:221] parsePacket(): could not receive data: 9
[ 54140][E][WiFiUdp.cpp:221] parsePacket(): could not receive data: 9
[ 54147][E][WiFiUdp.cpp:221] parsePacket(): could not receive data: 9
[ 54156][E][WiFiUdp.cpp:221] parsePacket(): could not receive data: 9
[ 54164][E][WiFiUdp.cpp:221] parsePacket(): could not receive data: 9
[ 54172][E][WiFiUdp.cpp:221] parsePacket(): could not receive data: 9
[ 54180][E][WiFiUdp.cpp:221] parsePacket(): could not receive data: 9
[ 54187][E][WiFiUdp.cpp:221] parsePacket(): could not receive data: 9
[ 54194][E][WiFiUdp.cpp:221] parsePacket(): could not receive data: 9
[ 54201][E][WiFiUdp.cpp:221] parsePacket(): could not receive data: 9
[ 54208][E][WiFiUdp.cpp:221] parsePacket(): could not receive data: 9
[ 54215][E][WiFiUdp.cpp:221] parsePacket(): could not receive data: 9
[ 54222][E][WiFiUdp.cpp:221] parsePacket(): could not receive data: 9
[ 54229][E][WiFiUdp.cpp:221] parsePacket(): could not receive data: 9
[ 54236][E][WiFiUdp.cpp:221] parsePacket(): could not receive data: 9
[ 54243][E][WiFiUdp.cpp:221] parsePacket(): could not receive data: 9
[ 54250][E][WiFiUdp.cpp:221] parsePacket(): could not receive data: 9
[ 54257][E][WiFiUdp.cpp:221] parsePacket(): could not receive data: 9
[ 54264][E][WiFiUdp.cpp:221] parsePacket(): could not receive data: 9
[ 54271][E][WiFiUdp.cpp:221] parsePacket(): could not receive data: 9
[ 54278][E][WiFiUdp.cpp:221] parsePacket(): could not receive data: 9
[ 54285][E][WiFiUdp.cpp:221] parsePacket(): could not receive data: 9
[ 54292][E][WiFiUdp.cpp:221] parsePacket(): could not receive data: 9
[ 54299][E][WiFiUdp.cpp:221] parsePacket(): could not receive data: 9
[ 54306][E][WiFiUdp.cpp:221] parsePacket(): could not receive data: 9
[ 54313][E][WiFiUdp.cpp:221] parsePacket(): could not receive data: 9
[ 54320][E][WiFiUdp.cpp:221] parsePacket(): could not receive data: 9
[ 54327][E][WiFiUdp.cpp:221] parsePacket(): could not receive data: 9
[ 54334][E][WiFiUdp.cpp:221] parsePacket(): could not receive data: 9
[ 54340][E][WiFiUdp.cpp:221] parsePacket(): could not receive data: 9
[ 54348][E][WiFiUdp.cpp:221] parsePacket(): could not receive data: 9
[ 54355][E][WiFiUdp.cpp:221] parsePacket(): could not receive data: 9
[ 54361][E][WiFiUdp.cpp:221] parsePacket(): could not receive data: 9
[ 54368][E][WiFiUdp.cpp:221] parsePacket(): could not receive data: 9
[ 54374][E][WiFiUdp.cpp:221] parsePacket(): could not receive data: 9
[ 54379][E][WiFiUdp.cpp:221] parsePacket(): could not receive data: 9
[ 54385][E][WiFiUdp.cpp:221] parsePacket(): could not receive data: 9
[ 54391][E][WiFiUdp.cpp:221] parsePacket(): could not receive data: 9
[ 54397][E][WiFiUdp.cpp:221] parsePacket(): could not receive data: 9
[ 54403][E][WiFiUdp.cpp:221] parsePacket(): could not receive data: 9
[ 54409][E][WiFiUdp.cpp:221] parsePacket(): could not receive data: 9
[ 54415][E][WiFiUdp.cpp:221] parsePacket(): could not receive data: 9
[ 54421][E][WiFiUdp.cpp:221] parsePacket(): could not receive data: 9
[ 54427][E][WiFiUdp.cpp:221] parsePacket(): could not receive data: 9
[ 54433][E][WiFiUdp.cpp:221] parsePacket(): could not receive data: 9
[ 54439][E][WiFiUdp.cpp:221] parsePacket(): could not receive data: 9
[ 54445][E][WiFiUdp.cpp:221] parsePacket(): could not receive data: 9
[ 54451][E][WiFiUdp.cpp:221] parsePacket(): could not receive data: 9
[ 54457][E][WiFiUdp.cpp:221] parsePacket(): could not receive data: 9
[ 54463][E][WiFiUdp.cpp:221] parsePacket(): could not receive data: 9
[ 54469][E][WiFiUdp.cpp:221] parsePacket(): could not receive data: 9
[ 54475][E][WiFiUdp.cpp:221] parsePacket(): could not receive data: 9
[ 54481][E][WiFiUdp.cpp:221] parsePacket(): could not receive data: 9
[ 54487][E][WiFiUdp.cpp:221] parsePacket(): could not receive data: 9
[ 54493][E][WiFiUdp.cpp:221] parsePacket(): could not receive data: 9
[ 54499][E][WiFiUdp.cpp:221] parsePacket(): could not receive data: 9
[ 54505][E][WiFiUdp.cpp:221] parsePacket(): could not receive data: 9
[ 54511][E][WiFiUdp.cpp:221] parsePacket(): could not receive data: 9
[ 54517][E][WiFiUdp.cpp:221] parsePacket(): could not receive data: 9
[ 54523][E][WiFiUdp.cpp:221] parsePacket(): could not receive data: 9
[ 54529][E][WiFiUdp.cpp:221] parsePacket(): could not receive data: 9
[ 54535][E][WiFiUdp.cpp:221] parsePacket(): could not receive data: 9
[ 54541][E][WiFiUdp.cpp:221] parsePacket(): could not receive data: 9
[ 54547][E][WiFiUdp.cpp:221] parsePacket(): could not receive data: 9
[ 54553][E][WiFiUdp.cpp:221] parsePacket(): could not receive data: 9
[ 54559][E][WiFiUdp.cpp:221] parsePacket(): could not receive data: 9
[ 54565][E][WiFiUdp.cpp:221] parsePacket(): could not receive data: 9
[ 54571][E][WiFiUdp.cpp:221] parsePacket(): could not receive data: 9
[ 54577][E][WiFiUdp.cpp:221] parsePacket(): could not receive data: 9
[ 54583][E][WiFiUdp.cpp:221] parsePacket(): could not receive data: 9
[ 54589][E][WiFiUdp.cpp:221] parsePacket(): could not receive data: 9
[ 54595][E][WiFiUdp.cpp:221] parsePacket(): could not receive data: 9
[ 54601][E][WiFiUdp.cpp:221] parsePacket(): could not receive data: 9
[ 54607][E][WiFiUdp.cpp:221] parsePacket(): could not receive data: 9
[ 54613][E][WiFiUdp.cpp:221] parsePacket(): could not receive data: 9
[ 54619][E][WiFiUdp.cpp:221] parsePacket(): could not receive data: 9
[ 54625][E][WiFiUdp.cpp:221] parsePacket(): could not receive data: 9
[ 54631][E][WiFiUdp.cpp:221] parsePacket(): could not receive data: 9
[ 54637][E][WiFiUdp.cpp:221] parsePacket(): could not receive data: 9
[ 54643][E][WiFiUdp.cpp:221] parsePacket(): could not receive data: 9
[ 54649][E][WiFiUdp.cpp:221] parsePacket(): could not receive data: 9
[ 54655][E][WiFiUdp.cpp:221] parsePacket(): could not receive data: 9
[ 54661][E][WiFiUdp.cpp:221] parsePacket(): could not receive data: 9
[ 54667][E][WiFiUdp.cpp:221] parsePacket(): could not receive data: 9
[ 54673][E][WiFiUdp.cpp:221] parsePacket(): could not receive data: 9
[ 54679][E][WiFiUdp.cpp:221] parsePacket(): could not receive data: 9
[ 54685][E][WiFiUdp.cpp:221] parsePacket(): could not receive data: 9
[ 54691][E][WiFiUdp.cpp:221] parsePacket(): could not receive data: 9
[ 54697][E][WiFiUdp.cpp:221] parsePacket(): could not receive data: 9
[ 54703][E][WiFiUdp.cpp:221] parsePacket(): could not receive data: 9
[ 54709][E][WiFiUdp.cpp:221] parsePacket(): could not receive data: 9
[ 54715][E][WiFiUdp.cpp:221] parsePacket(): could not receive data: 9
[ 54721][E][WiFiUdp.cpp:221] parsePacket(): could not receive data: 9
[ 54727][E][WiFiUdp.cpp:221] parsePacket(): could not receive data: 9
[ 54733][E][WiFiUdp.cpp:221] parsePacket(): could not receive data: 9
[ 54739][E][WiFiUdp.cpp:221] parsePacket(): could not receive data: 9
[ 54745][E][WiFiUdp.cpp:221] parsePacket(): could not receive data: 9
[ 54751][E][WiFiUdp.cpp:221] parsePacket(): could not receive data: 9
[ 54757][E][WiFiUdp.cpp:221] parsePacket(): could not receive data: 9
[ 54763][E][WiFiUdp.cpp:221] parsePacket(): could not receive data: 9
[ 54769][E][WiFiUdp.cpp:221] parsePacket(): could not receive data: 9
[ 54775][E][WiFiUdp.cpp:221] parsePacket(): could not receive data: 9
[ 54781][E][WiFiUdp.cpp:221] parsePacket(): could not receive data: 9
[ 54787][E][WiFiUdp.cpp:221] parsePacket(): could not receive data: 9
[ 54793][E][WiFiUdp.cpp:221] parsePacket(): could not receive data: 9
[ 54799][E][WiFiUdp.cpp:221] parsePacket(): could not receive data: 9
[ 54805][E][WiFiUdp.cpp:221] parsePacket(): could not receive data: 9
[ 54811][E][WiFiUdp.cpp:221] parsePacket(): could not receive data: 9
[ 54816][E][WiFiUdp.cpp:221] parsePacket(): could not receive data: 9
[ 54822][E][WiFiUdp.cpp:221] parsePacket(): could not receive data: 9
[ 54828][E][WiFiUdp.cpp:221] parsePacket(): could not receive data: 9
[ 54834][E][WiFiUdp.cpp:221] parsePacket(): could not receive data: 9
[ 54840][E][WiFiUdp.cpp:221] parsePacket(): could not receive data: 9
[ 54846][E][WiFiUdp.cpp:221] parsePacket(): could not receive data: 9
[ 54852][E][WiFiUdp.cpp:221] parsePacket(): could not receive data: 9
[ 54858][E][WiFiUdp.cpp:221] parsePacket(): could not receive data: 9
[ 54864][E][WiFiUdp.cpp:221] parsePacket(): could not receive data: 9
[ 54870][E][WiFiUdp.cpp:221] parsePacket(): could not receive data: 9
[ 54876][E][WiFiUdp.cpp:221] parsePacket(): could not receive data: 9
[ 54882][E][WiFiUdp.cpp:221] parsePacket(): could not receive data: 9
[ 54888][E][WiFiUdp.cpp:221] parsePacket(): could not receive data: 9
[ 54894][E][WiFiUdp.cpp:221] parsePacket(): could not receive data: 9
[ 54900][E][WiFiUdp.cpp:221] parsePacket(): could not receive data: 9
[ 54906][E][WiFiUdp.cpp:221] parsePacket(): could not receive data: 9
[ 54912][E][WiFiUdp.cpp:221] parsePacket(): could not receive data: 9
[ 54918][E][WiFiUdp.cpp:221] parsePacket(): could not receive data: 9
[ 54924][E][WiFiUdp.cpp:221] parsePacket(): could not receive data: 9
[ 54930][E][WiFiUdp.cpp:221] parsePacket(): could not receive data: 9
[ 54936][E][WiFiUdp.cpp:221] parsePacket(): could not receive data: 9
[ 54942][E][WiFiUdp.cpp:221] parsePacket(): could not receive data: 9
[ 54948][E][WiFiUdp.cpp:221] parsePacket(): could not receive data: 9
[ 54954][E][WiFiUdp.cpp:221] parsePacket(): could not receive data: 9
[ 54959][E][WiFiUdp.cpp:221] parsePacket(): could not receive data: 9
[ 54965][E][WiFiUdp.cpp:221] parsePacket(): could not receive data: 9
[ 54971][E][WiFiUdp.cpp:221] parsePacket(): could not receive data: 9
[ 54977][E][WiFiUdp.cpp:221] parsePacket(): could not receive data: 9
[ 54983][E][WiFiUdp.cpp:221] parsePacket(): could not receive data: 9
[ 54989][E][WiFiUdp.cpp:221] parsePacket(): could not receive data: 9
[ 54994][E][WiFiUdp.cpp:221] parsePacket(): could not receive data: 9
[ 55000][E][WiFiUdp.cpp:221] parsePacket(): could not receive data: 9
[ 55006][E][WiFiUdp.cpp:221] parsePacket(): could not receive data: 9
[ 55012][E][WiFiUdp.cpp:221] parsePacket(): could not receive data: 9
[ 55017][E][WiFiUdp.cpp:221] parsePacket(): could not receive data: 9
[ 55023][E][WiFiUdp.cpp:221] parsePacket(): could not receive data: 9
[ 55029][E][WiFiUdp.cpp:221] parsePacket(): could not receive data: 9
[ 55035][E][WiFiUdp.cpp:221] parsePacket(): could not receive data: 9
[ 55041][E][WiFiUdp.cpp:221] parsePacket(): could not receive data: 9
[ 55047][E][WiFiUdp.cpp:221] parsePacket(): could not receive data: 9
[ 55053][E][WiFiUdp.cpp:221] parsePacket(): could not receive data: 9
[ 55059][E][WiFiUdp.cpp:221] parsePacket(): could not receive data: 9
[ 55065][E][WiFiUdp.cpp:221] parsePacket(): could not receive data: 9
[ 55070][E][WiFiUdp.cpp:221] parsePacket(): could not receive data: 9
[ 55076][E][WiFiUdp.cpp:221] parsePacket(): could not receive data: 9
[ 55082][E][WiFiUdp.cpp:221] parsePacket(): could not receive data: 9
[ 55088][E][WiFiUdp.cpp:221] parsePacket(): could not receive data: 9
[ 55094][E][WiFiUdp.cpp:221] parsePacket(): could not receive data: 9
[ 55100][E][WiFiUdp.cpp:221] parsePacket(): could not receive data: 9
[ 55106][E][WiFiUdp.cpp:221] parsePacket(): could not receive data: 9
[ 55112][E][WiFiUdp.cpp:221] parsePacket(): could not receive data: 9
[ 55118][E][WiFiUdp.cpp:221] parsePacket(): could not receive data: 9
[ 55124][E][WiFiUdp.cpp:221] parsePacket(): could not receive data: 9
[ 55130][E][WiFiUdp.cpp:221] parsePacket(): could not receive data: 9
[ 55136][E][WiFiUdp.cpp:221] parsePacket(): could not receive data: 9
[ 55142][E][WiFiUdp.cpp:221] parsePacket(): could not receive data: 9
[ 55148][E][WiFiUdp.cpp:221] parsePacket(): could not receive data: 9
[ 55154][E][WiFiUdp.cpp:221] parsePacket(): could not receive data: 9
[ 55160][E][WiFiUdp.cpp:221] parsePacket(): could not receive data: 9
[ 55166][E][WiFiUdp.cpp:221] parsePacket(): could not receive data: 9
[ 55172][E][WiFiUdp.cpp:221] parsePacket(): could not receive data: 9
[ 55178][E][WiFiUdp.cpp:221] parsePacket(): could not receive data: 9
[ 55184][E][WiFiUdp.cpp:221] parsePacket(): could not receive data: 9
[ 55190][E][WiFiUdp.cpp:221] parsePacket(): could not receive data: 9
[ 55196][E][WiFiUdp.cpp:221] parsePacket(): could not receive data: 9
[ 55202][E][WiFiUdp.cpp:221] parsePacket(): could not receive data: 9
[ 55208][E][WiFiUdp.cpp:221] parsePacket(): could not receive data: 9
[ 55214][E][WiFiUdp.cpp:221] parsePacket(): could not receive data: 9
[ 55220][E][WiFiUdp.cpp:221] parsePacket(): could not receive data: 9
[ 55226][E][WiFiUdp.cpp:221] parsePacket(): could not receive data: 9
[ 55232][E][WiFiUdp.cpp:221] parsePacket(): could not receive data: 9
[ 55238][E][WiFiUdp.cpp:221] parsePacket(): could not receive data: 9
[ 55244][E][WiFiUdp.cpp:221] parsePacket(): could not receive data: 9
[ 55250][E][WiFiUdp.cpp:221] parsePacket(): could not receive data: 9
[ 55256][E][WiFiUdp.cpp:221] parsePacket(): could not receive data: 9
[ 55262][E][WiFiUdp.cpp:221] parsePacket(): could not receive data: 9
[ 55268][E][WiFiUdp.cpp:221] parsePacket(): could not receive data: 9
[ 55274][E][WiFiUdp.cpp:221] parsePacket(): could not receive data: 9
[ 55280][E][WiFiUdp.cpp:221] parsePacket(): could not receive data: 9
[ 55286][E][WiFiUdp.cpp:221] parsePacket(): could not receive data: 9
[ 55292][E][WiFiUdp.cpp:221] parsePacket(): could not receive data: 9
[ 55298][E][WiFiUdp.cpp:221] parsePacket(): could not receive data: 9
[ 55304][E][WiFiUdp.cpp:221] parsePacket(): could not receive data: 9
[ 55310][E][WiFiUdp.cpp:221] parsePacket(): could not receive data: 9
[ 55317][E][WiFiUdp.cpp:221] parsePacket(): could not receive data: 9
[ 55323][E][WiFiUdp.cpp:221] parsePacket(): could not receive data: 9
[ 55329][E][WiFiUdp.cpp:221] parsePacket(): could not receive data: 9
[ 55336][E][WiFiUdp.cpp:221] parsePacket(): could not receive data: 9
[ 55343][E][WiFiUdp.cpp:221] parsePacket(): could not receive data: 9
[ 55350][E][WiFiUdp.cpp:221] parsePacket(): could not receive data: 9
[ 55357][E][WiFiUdp.cpp:221] parsePacket(): could not receive data: 9
[ 55364][E][WiFiUdp.cpp:221] parsePacket(): could not receive data: 9
[ 55371][E][WiFiUdp.cpp:221] parsePacket(): could not receive data: 9
[ 55378][E][WiFiUdp.cpp:221] parsePacket(): could not receive data: 9
[ 55385][E][WiFiUdp.cpp:221] parsePacket(): could not receive data: 9
[ 55392][E][WiFiUdp.cpp:221] parsePacket(): could not receive data: 9
[ 55399][E][WiFiUdp.cpp:221] parsePacket(): could not receive data: 9
[ 55406][E][WiFiUdp.cpp:221] parsePacket(): could not receive data: 9
[ 55413][E][WiFiUdp.cpp:221] parsePacket(): could not receive data: 9
[ 55420][E][WiFiUdp.cpp:221] parsePacket(): could not receive data: 9
[ 55427][E][WiFiUdp.cpp:221] parsePacket(): could not receive data: 9
[ 55434][E][WiFiUdp.cpp:221] parsePacket(): could not receive data: 9
[ 55441][E][WiFiUdp.cpp:221] parsePacket(): could not receive data: 9
[ 55448][E][WiFiUdp.cpp:221] parsePacket(): could not receive data: 9
[ 55455][E][WiFiUdp.cpp:221] parsePacket(): could not receive data: 9
[ 55462][E][WiFiUdp.cpp:221] parsePacket(): could not receive data: 9
[ 55469][E][WiFiUdp.cpp:221] parsePacket(): could not receive data: 9
[ 55476][E][WiFiUdp.cpp:221] parsePacket(): could not receive data: 9
[ 55483][E][WiFiUdp.cpp:221] parsePacket(): could not receive data: 9
[ 55490][E][WiFiUdp.cpp:221] parsePacket(): could not receive data: 9
[ 55497][E][WiFiUdp.cpp:221] parsePacket(): could not receive data: 9
[ 55504][E][WiFiUdp.cpp:221] parsePacket(): could not receive data: 9
[ 55511][E][WiFiUdp.cpp:221] parsePacket(): could not receive data: 9
[ 55518][E][WiFiUdp.cpp:221] parsePacket(): could not receive data: 9
[ 55525][E][WiFiUdp.cpp:221] parsePacket(): could not receive data: 9
[ 55532][E][WiFiUdp.cpp:221] parsePacket(): could not receive data: 9
[ 55539][E][WiFiUdp.cpp:221] parsePacket(): could not receive data: 9
[ 55546][E][WiFiUdp.cpp:221] parsePacket(): could not receive data: 9
[ 55553][E][WiFiUdp.cpp:221] parsePacket(): could not receive data: 9
[ 55560][E][WiFiUdp.cpp:221] parsePacket(): could not receive data: 9
[ 55567][E][WiFiUdp.cpp:221] parsePacket(): could not receive data: 9
[ 55574][E][WiFiUdp.cpp:221] parsePacket(): could not receive data: 9
[ 55581][E][WiFiUdp.cpp:221] parsePacket(): could not receive data: 9
[ 55588][E][WiFiUdp.cpp:221] parsePacket(): could not receive data: 9
[ 55595][E][WiFiUdp.cpp:221] parsePacket(): could not receive data: 9
[ 55602][E][WiFiUdp.cpp:221] parsePacket(): could not receive data: 9
[ 55609][E][WiFiUdp.cpp:221] parsePacket(): could not receive data: 9
[ 55616][E][WiFiUdp.cpp:221] parsePacket(): could not receive data: 9
[ 55623][E][WiFiUdp.cpp:221] parsePacket(): could not receive data: 9
[ 55630][E][WiFiUdp.cpp:221] parsePacket(): could not receive data: 9
[ 55636][E][WiFiUdp.cpp:221] parsePacket(): could not receive data: 9
[ 55642][E][WiFiUdp.cpp:221] parsePacket(): could not receive data: 9
[ 55648][E][WiFiUdp.cpp:221] parsePacket(): could not receive data: 9
[ 55654][E][WiFiUdp.cpp:221] parsePacket(): could not receive data: 9
[ 55660][E][WiFiUdp.cpp:221] parsePacket(): could not receive data: 9
[ 55666][E][WiFiUdp.cpp:221] parsePacket(): could not receive data: 9
[ 55672][E][WiFiUdp.cpp:221] parsePacket(): could not receive data: 9
[ 55678][E][WiFiUdp.cpp:221] parsePacket(): could not receive data: 9
[ 55684][E][WiFiUdp.cpp:221] parsePacket(): could not receive data: 9
[ 55690][E][WiFiUdp.cpp:221] parsePacket(): could not receive data: 9
[ 55696][E][WiFiUdp.cpp:221] parsePacket(): could not receive data: 9
[ 55702][E][WiFiUdp.cpp:221] parsePacket(): could not receive data: 9
[ 55708][E][WiFiUdp.cpp:221] parsePacket(): could not receive data: 9
[ 55714][E][WiFiUdp.cpp:221] parsePacket(): could not receive data: 9
[ 55720][E][WiFiUdp.cpp:221] parsePacket(): could not receive data: 9
[ 55725][E][WiFiUdp.cpp:221] parsePacket(): could not receive data: 9
[ 55731][E][WiFiUdp.cpp:221] parsePacket(): could not receive data: 9
[ 55737][E][WiFiUdp.cpp:221] parsePacket(): could not receive data: 9
[ 55743][E][WiFiUdp.cpp:221] parsePacket(): could not receive data: 9
[ 55749][E][WiFiUdp.cpp:221] parsePacket(): could not receive data: 9
[ 55755][E][WiFiUdp.cpp:221] parsePacket(): could not receive data: 9
[ 55761][E][WiFiUdp.cpp:221] parsePacket(): could not receive data: 9
[ 55767][E][WiFiUdp.cpp:221] parsePacket(): could not receive data: 9
[ 55773][E][WiFiUdp.cpp:221] parsePacket(): could not receive data: 9
[ 55779][E][WiFiUdp.cpp:221] parsePacket(): could not receive data: 9
[ 55785][E][WiFiUdp.cpp:221] parsePacket(): could not receive data: 9
[ 55791][E][WiFiUdp.cpp:221] parsePacket(): could not receive data: 9
[ 55797][E][WiFiUdp.cpp:221] parsePacket(): could not receive data: 9
[ 55803][E][WiFiUdp.cpp:221] parsePacket(): could not receive data: 9
[ 55809][E][WiFiUdp.cpp:221] parsePacket(): could not receive data: 9
[ 55815][E][WiFiUdp.cpp:221] parsePacket(): could not receive data: 9
[ 55821][E][WiFiUdp.cpp:221] parsePacket(): could not receive data: 9
[ 55827][E][WiFiUdp.cpp:221] parsePacket(): could not receive data: 9
[ 55833][E][WiFiUdp.cpp:221] parsePacket(): could not receive data: 9
[ 55839][E][WiFiUdp.cpp:221] parsePacket(): could not receive data: 9
[ 55845][E][WiFiUdp.cpp:221] parsePacket(): could not receive data: 9
[ 55851][E][WiFiUdp.cpp:221] parsePacket(): could not receive data: 9
[ 55857][E][WiFiUdp.cpp:221] parsePacket(): could not receive data: 9
[ 55863][E][WiFiUdp.cpp:221] parsePacket(): could not receive data: 9
[ 55868][E][WiFiUdp.cpp:221] parsePacket(): could not receive data: 9
[ 55874][E][WiFiUdp.cpp:221] parsePacket(): could not receive data: 9
[ 55880][E][WiFiUdp.cpp:221] parsePacket(): could not receive data: 9
[ 55886][E][WiFiUdp.cpp:221] parsePacket(): could not receive data: 9
[ 55892][E][WiFiUdp.cpp:221] parsePacket(): could not receive data: 9
[ 55898][E][WiFiUdp.cpp:221] parsePacket(): could not receive data: 9
[ 55904][E][WiFiUdp.cpp:221] parsePacket(): could not receive data: 9
[ 55910][E][WiFiUdp.cpp:221] parsePacket(): could not receive data: 9
[ 55916][E][WiFiUdp.cpp:221] parsePacket(): could not receive data: 9
[ 55922][E][WiFiUdp.cpp:221] parsePacket(): could not receive data: 9
[ 55928][E][WiFiUdp.cpp:221] parsePacket(): could not receive data: 9
[ 55934][E][WiFiUdp.cpp:221] parsePacket(): could not receive data: 9
[ 55940][E][WiFiUdp.cpp:221] parsePacket(): could not receive data: 9
[ 55946][E][WiFiUdp.cpp:221] parsePacket(): could not receive data: 9
[ 55952][E][WiFiUdp.cpp:221] parsePacket(): could not receive data: 9
[ 55958][E][WiFiUdp.cpp:221] parsePacket(): could not receive data: 9
[ 55964][E][WiFiUdp.cpp:221] parsePacket(): could not receive data: 9
[ 55970][E][WiFiUdp.cpp:221] parsePacket(): could not receive data: 9
[ 55976][E][WiFiUdp.cpp:221] parsePacket(): could not receive data: 9
[ 55982][E][WiFiUdp.cpp:221] parsePacket(): could not receive data: 9
[ 55988][E][WiFiUdp.cpp:221] parsePacket(): could not receive data: 9
[ 55994][E][WiFiUdp.cpp:221] parsePacket(): could not receive data: 9
[ 56000][E][WiFiUdp.cpp:221] parsePacket(): could not receive data: 9
[ 56006][E][WiFiUdp.cpp:221] parsePacket(): could not receive data: 9
[ 56012][E][WiFiUdp.cpp:221] parsePacket(): could not receive data: 9
[ 56018][E][WiFiUdp.cpp:221] parsePacket(): could not receive data: 9
[ 56024][E][WiFiUdp.cpp:221] parsePacket(): could not receive data: 9
[ 56030][E][WiFiUdp.cpp:221] parsePacket(): could not receive data: 9
[ 56036][E][WiFiUdp.cpp:221] parsePacket(): could not receive data: 9
[ 56042][E][WiFiUdp.cpp:221] parsePacket(): could not receive data: 9
[ 56048][E][WiFiUdp.cpp:221] parsePacket(): could not receive data: 9
[ 56054][E][WiFiUdp.cpp:221] parsePacket(): could not receive data: 9
[ 56060][E][WiFiUdp.cpp:221] parsePacket(): could not receive data: 9
[ 56066][E][WiFiUdp.cpp:221] parsePacket(): could not receive data: 9
[ 56072][E][WiFiUdp.cpp:221] parsePacket(): could not receive data: 9
[ 56078][E][WiFiUdp.cpp:221] parsePacket(): could not receive data: 9
[ 56084][E][WiFiUdp.cpp:221] parsePacket(): could not receive data: 9
[ 56090][E][WiFiUdp.cpp:221] parsePacket(): could not receive data: 9
[ 56096][E][WiFiUdp.cpp:221] parsePacket(): could not receive data: 9
[ 56102][E][WiFiUdp.cpp:221] parsePacket(): could not receive data: 9
[ 56108][E][WiFiUdp.cpp:221] parsePacket(): could not receive data: 9
[ 56114][E][WiFiUdp.cpp:221] parsePacket(): could not receive data: 9
[ 56120][E][WiFiUdp.cpp:221] parsePacket(): could not receive data: 9
[ 56127][E][WiFiUdp.cpp:221] parsePacket(): could not receive data: 9
[ 56133][E][WiFiUdp.cpp:221] parsePacket(): could not receive data: 9
[ 56139][E][WiFiUdp.cpp:221] parsePacket(): could not receive data: 9
[ 56145][E][WiFiUdp.cpp:221] parsePacket(): could not receive data: 9
[ 56151][E][WiFiUdp.cpp:221] parsePacket(): could not receive data: 9
[ 56157][E][WiFiUdp.cpp:221] parsePacket(): could not receive data: 9
[ 56163][E][WiFiUdp.cpp:221] parsePacket(): could not receive data: 9
[ 56169][E][WiFiUdp.cpp:221] parsePacket(): could not receive data: 9
[ 56174][E][WiFiUdp.cpp:221] parsePacket(): could not receive data: 9
[ 56180][E][WiFiUdp.cpp:221] parsePacket(): could not receive data: 9
[ 56185][E][WiFiUdp.cpp:221] parsePacket(): could not receive data: 9
[ 56190][E][WiFiUdp.cpp:221] parsePacket(): could not receive data: 9
[ 56196][E][WiFiUdp.cpp:221] parsePacket(): could not receive data: 9
[ 56202][E][WiFiUdp.cpp:221] parsePacket(): could not receive data: 9
[ 56208][E][WiFiUdp.cpp:221] parsePacket(): could not receive data: 9
[ 56214][E][WiFiUdp.cpp:221] parsePacket(): could not receive data: 9
[ 56220][E][WiFiUdp.cpp:221] parsePacket(): could not receive data: 9
[ 56227][E][WiFiUdp.cpp:221] parsePacket(): could not receive data: 9
[ 56234][E][WiFiUdp.cpp:221] parsePacket(): could not receive data: 9
[ 56241][E][WiFiUdp.cpp:221] parsePacket(): could not receive data: 9
[ 56248][E][WiFiUdp.cpp:221] parsePacket(): could not receive data: 9
[ 56255][E][WiFiUdp.cpp:221] parsePacket(): could not receive data: 9
[ 56261][E][WiFiUdp.cpp:221] parsePacket(): could not receive data: 9
[ 56267][E][WiFiUdp.cpp:221] parsePacket(): could not receive data: 9
[ 56273][E][WiFiUdp.cpp:221] parsePacket(): could not receive data: 9
[ 56279][E][WiFiUdp.cpp:221] parsePacket(): could not receive data: 9
[ 56285][E][WiFiUdp.cpp:221] parsePacket(): could not receive data: 9
[ 56291][E][WiFiUdp.cpp:221] parsePacket(): could not receive data: 9
[ 56297][E][WiFiUdp.cpp:221] parsePacket(): could not receive data: 9
[ 56303][E][WiFiUdp.cpp:221] parsePacket(): could not receive data: 9
[ 56309][E][WiFiUdp.cpp:221] parsePacket(): could not receive data: 9
[ 56315][E][WiFiUdp.cpp:221] parsePacket(): could not receive data: 9
[ 56321][E][WiFiUdp.cpp:221] parsePacket(): could not receive data: 9
[ 56327][E][WiFiUdp.cpp:221] parsePacket(): could not receive data: 9
[ 56332][E][WiFiUdp.cpp:221] parsePacket(): could not receive data: 9
[ 56338][E][WiFiUdp.cpp:221] parsePacket(): could not receive data: 9
[ 56344][E][WiFiUdp.cpp:221] parsePacket(): could not receive data: 9
[ 56350][E][WiFiUdp.cpp:221] parsePacket(): could not receive data: 9
[ 56356][E][WiFiUdp.cpp:221] parsePacket(): could not receive data: 9
[ 56362][E][WiFiUdp.cpp:221] parsePacket(): could not receive data: 9
[ 56368][E][WiFiUdp.cpp:221] parsePacket(): could not receive data: 9
[ 56374][E][WiFiUdp.cpp:221] parsePacket(): could not receive data: 9
[ 56380][E][WiFiUdp.cpp:221] parsePacket(): could not receive data: 9
[ 56386][E][WiFiUdp.cpp:221] parsePacket(): could not receive data: 9
[ 56392][E][WiFiUdp.cpp:221] parsePacket(): could not receive data: 9
[ 56398][E][WiFiUdp.cpp:221] parsePacket(): could not receive data: 9
[ 56404][E][WiFiUdp.cpp:221] parsePacket(): could not receive data: 9
[ 56410][E][WiFiUdp.cpp:221] parsePacket(): could not receive data: 9
[ 56415][E][WiFiUdp.cpp:221] parsePacket(): could not receive data: 9
[ 56421][E][WiFiUdp.cpp:221] parsePacket(): could not receive data: 9
[ 56427][E][WiFiUdp.cpp:221] parsePacket(): could not receive data: 9
[ 56432][E][WiFiUdp.cpp:221] parsePacket(): could not receive data: 9
[ 56438][E][WiFiUdp.cpp:221] parsePacket(): could not receive data: 9
[ 56444][E][WiFiUdp.cpp:221] parsePacket(): could not receive data: 9
[ 56450][E][WiFiUdp.cpp:221] parsePacket(): could not receive data: 9
[ 56456][E][WiFiUdp.cpp:221] parsePacket(): could not receive data: 9
[ 56462][E][WiFiUdp.cpp:221] parsePacket(): could not receive data: 9
[ 56468][E][WiFiUdp.cpp:221] parsePacket(): could not receive data: 9
[ 56474][E][WiFiUdp.cpp:221] parsePacket(): could not receive data: 9
[ 56480][E][WiFiUdp.cpp:221] parsePacket(): could not receive data: 9
[ 56485][E][WiFiUdp.cpp:221] parsePacket(): could not receive data: 9
[ 56490][E][WiFiUdp.cpp:221] parsePacket(): could not receive data: 9
[ 56496][E][WiFiUdp.cpp:221] parsePacket(): could not receive data: 9
[ 56502][E][WiFiUdp.cpp:221] parsePacket(): could not receive data: 9
[ 56508][E][WiFiUdp.cpp:221] parsePacket(): could not receive data: 9
[ 56514][E][WiFiUdp.cpp:221] parsePacket(): could not receive data: 9
[ 56520][E][WiFiUdp.cpp:221] parsePacket(): could not receive data: 9
[ 56526][E][WiFiUdp.cpp:221] parsePacket(): could not receive data: 9
[ 56532][E][WiFiUdp.cpp:221] parsePacket(): could not receive data: 9
[ 56538][E][WiFiUdp.cpp:221] parsePacket(): could not receive data: 9
[ 56544][E][WiFiUdp.cpp:221] parsePacket(): could not receive data: 9
[ 56550][E][WiFiUdp.cpp:221] parsePacket(): could not receive data: 9
[ 56556][E][WiFiUdp.cpp:221] parsePacket(): could not receive data: 9
[ 56562][E][WiFiUdp.cpp:221] parsePacket(): could not receive data: 9
[ 56568][E][WiFiUdp.cpp:221] parsePacket(): could not receive data: 9
[ 56574][E][WiFiUdp.cpp:221] parsePacket(): could not receive data: 9
[ 56580][E][WiFiUdp.cpp:221] parsePacket(): could not receive data: 9
[ 56586][E][WiFiUdp.cpp:221] parsePacket(): could not receive data: 9
[ 56592][E][WiFiUdp.cpp:221] parsePacket(): could not receive data: 9
[ 56598][E][WiFiUdp.cpp:221] parsePacket(): could not receive data: 9
[ 56604][E][WiFiUdp.cpp:221] parsePacket(): could not receive data: 9
[ 56610][E][WiFiUdp.cpp:221] parsePacket(): could not receive data: 9
[ 56616][E][WiFiUdp.cpp:221] parsePacket(): could not receive data: 9
[ 56622][E][WiFiUdp.cpp:221] parsePacket(): could not receive data: 9
[ 56628][E][WiFiUdp.cpp:221] parsePacket(): could not receive data: 9
[ 56635][E][WiFiUdp.cpp:221] parsePacket(): could not receive data: 9
[ 56642][E][WiFiUdp.cpp:221] parsePacket(): could not receive data: 9
[ 56649][E][WiFiUdp.cpp:221] parsePacket(): could not receive data: 9
[ 56656][E][WiFiUdp.cpp:221] parsePacket(): could not receive data: 9
[ 56663][E][WiFiUdp.cpp:221] parsePacket(): could not receive data: 9
[ 56670][E][WiFiUdp.cpp:221] parsePacket(): could not receive data: 9
[ 56677][E][WiFiUdp.cpp:221] parsePacket(): could not receive data: 9
[ 56684][E][WiFiUdp.cpp:221] parsePacket(): could not receive data: 9
[ 56691][E][WiFiUdp.cpp:221] parsePacket(): could not receive data: 9
[ 56698][E][WiFiUdp.cpp:221] parsePacket(): could not receive data: 9
[ 56705][E][WiFiUdp.cpp:221] parsePacket(): could not receive data: 9
[ 56712][E][WiFiUdp.cpp:221] parsePacket(): could not receive data: 9
[ 56718][E][WiFiUdp.cpp:221] parsePacket(): could not receive data: 9
[ 56724][E][WiFiUdp.cpp:221] parsePacket(): could not receive data: 9
[ 56730][E][WiFiUdp.cpp:221] parsePacket(): could not receive data: 9
[ 56736][E][WiFiUdp.cpp:221] parsePacket(): could not receive data: 9
[ 56742][E][WiFiUdp.cpp:221] parsePacket(): could not receive data: 9
[ 56748][E][WiFiUdp.cpp:221] parsePacket(): could not receive data: 9
[ 56754][E][WiFiUdp.cpp:221] parsePacket(): could not receive data: 9
[ 56760][E][WiFiUdp.cpp:221] parsePacket(): could not receive data: 9
[ 56766][E][WiFiUdp.cpp:221] parsePacket(): could not receive data: 9
[ 56772][E][WiFiUdp.cpp:221] parsePacket(): could not receive data: 9
[ 56778][E][WiFiUdp.cpp:221] parsePacket(): could not receive data: 9
[ 56783][E][WiFiUdp.cpp:221] parsePacket(): could not receive data: 9
[ 56789][E][WiFiUdp.cpp:221] parsePacket(): could not receive data: 9
[ 56795][E][WiFiUdp.cpp:221] parsePacket(): could not receive data: 9
[ 56801][E][WiFiUdp.cpp:221] parsePacket(): could not receive data: 9
[ 56806][E][WiFiUdp.cpp:221] parsePacket(): could not receive data: 9
[ 56812][E][WiFiUdp.cpp:221] parsePacket(): could not receive data: 9
[ 56818][E][WiFiUdp.cpp:221] parsePacket(): could not receive data: 9
[ 56824][E][WiFiUdp.cpp:221] parsePacket(): could not receive data: 9
[ 56830][E][WiFiUdp.cpp:221] parsePacket(): could not receive data: 9
[ 56836][E][WiFiUdp.cpp:221] parsePacket(): could not receive data: 9
[ 56842][E][WiFiUdp.cpp:221] parsePacket(): could not receive data: 9
[ 56848][E][WiFiUdp.cpp:221] parsePacket(): could not receive data: 9
[ 56854][E][WiFiUdp.cpp:221] parsePacket(): could not receive data: 9
[ 56860][E][WiFiUdp.cpp:221] parsePacket(): could not receive data: 9
[ 56866][E][WiFiUdp.cpp:221] parsePacket(): could not receive data: 9
[ 56872][E][WiFiUdp.cpp:221] parsePacket(): could not receive data: 9
[ 56878][E][WiFiUdp.cpp:221] parsePacket(): could not receive data: 9
[ 56884][E][WiFiUdp.cpp:221] parsePacket(): could not receive data: 9
[ 56890][E][WiFiUdp.cpp:221] parsePacket(): could not receive data: 9
[ 56896][E][WiFiUdp.cpp:221] parsePacket(): could not receive data: 9
[ 56902][E][WiFiUdp.cpp:221] parsePacket(): could not receive data: 9
[ 56908][E][WiFiUdp.cpp:221] parsePacket(): could not receive data: 9
[ 56914][E][WiFiUdp.cpp:221] parsePacket(): could not receive data: 9
[ 56920][E][WiFiUdp.cpp:221] parsePacket(): could not receive data: 9
[ 56925][E][WiFiUdp.cpp:221] parsePacket(): could not receive data: 9
[ 56931][E][WiFiUdp.cpp:221] parsePacket(): could not receive data: 9
[ 56937][E][WiFiUdp.cpp:221] parsePacket(): could not receive data: 9
[ 56943][E][WiFiUdp.cpp:221] parsePacket(): could not receive data: 9
[ 56949][E][WiFiUdp.cpp:221] parsePacket(): could not receive data: 9
[ 56955][E][WiFiUdp.cpp:221] parsePacket(): could not receive data: 9
[ 56961][E][WiFiUdp.cpp:221] parsePacket(): could not receive data: 9
[ 56967][E][WiFiUdp.cpp:221] parsePacket(): could not receive data: 9
[ 56973][E][WiFiUdp.cpp:221] parsePacket(): could not receive data: 9
[ 56979][E][WiFiUdp.cpp:221] parsePacket(): could not receive data: 9
[ 56985][E][WiFiUdp.cpp:221] parsePacket(): could not receive data: 9
[ 56991][E][WiFiUdp.cpp:221] parsePacket(): could not receive data: 9
[ 56997][E][WiFiUdp.cpp:221] parsePacket(): could not receive data: 9
[ 57003][E][WiFiUdp.cpp:221] parsePacket(): could not receive data: 9
[ 57009][E][WiFiUdp.cpp:221] parsePacket(): could not receive data: 9
[ 57015][E][WiFiUdp.cpp:221] parsePacket(): could not receive data: 9
[ 57021][E][WiFiUdp.cpp:221] parsePacket(): could not receive data: 9
[ 57027][E][WiFiUdp.cpp:221] parsePacket(): could not receive data: 9
[ 57033][E][WiFiUdp.cpp:221] parsePacket(): could not receive data: 9
[ 57039][E][WiFiUdp.cpp:221] parsePacket(): could not receive data: 9
[ 57045][E][WiFiUdp.cpp:221] parsePacket(): could not receive data: 9
[ 57051][E][WiFiUdp.cpp:221] parsePacket(): could not receive data: 9
[ 57057][E][WiFiUdp.cpp:221] parsePacket(): could not receive data: 9
[ 57063][E][WiFiUdp.cpp:221] parsePacket(): could not receive data: 9
[ 57069][E][WiFiUdp.cpp:221] parsePacket(): could not receive data: 9
[ 57075][E][WiFiUdp.cpp:221] parsePacket(): could not receive data: 9
[ 57081][E][WiFiUdp.cpp:221] parsePacket(): could not receive data: 9
[ 57087][E][WiFiUdp.cpp:221] parsePacket(): could not receive data: 9
[ 57093][E][WiFiUdp.cpp:221] parsePacket(): could not receive data: 9
[ 57099][E][WiFiUdp.cpp:221] parsePacket(): could not receive data: 9
[ 57105][E][WiFiUdp.cpp:221] parsePacket(): could not receive data: 9
[ 57111][E][WiFiUdp.cpp:221] parsePacket(): could not receive data: 9
[ 57117][E][WiFiUdp.cpp:221] parsePacket(): could not receive data: 9
[ 57123][E][WiFiUdp.cpp:221] parsePacket(): could not receive data: 9
[ 57129][E][WiFiUdp.cpp:221] parsePacket(): could not receive data: 9
[ 57135][E][WiFiUdp.cpp:221] parsePacket(): could not receive data: 9
[ 57141][E][WiFiUdp.cpp:221] parsePacket(): could not receive data: 9
[ 57147][E][WiFiUdp.cpp:221] parsePacket(): could not receive data: 9
[ 57153][E][WiFiUdp.cpp:221] parsePacket(): could not receive data: 9
[ 57159][E][WiFiUdp.cpp:221] parsePacket(): could not receive data: 9
[ 57165][E][WiFiUdp.cpp:221] parsePacket(): could not receive data: 9
[ 57171][E][WiFiUdp.cpp:221] parsePacket(): could not receive data: 9
[ 57177][E][WiFiUdp.cpp:221] parsePacket(): could not receive data: 9
[ 57183][E][WiFiUdp.cpp:221] parsePacket(): could not receive data: 9
[ 57189][E][WiFiUdp.cpp:221] parsePacket(): could not receive data: 9
[ 57195][E][WiFiUdp.cpp:221] parsePacket(): could not receive data: 9
[ 57201][E][WiFiUdp.cpp:221] parsePacket(): could not receive data: 9
[ 57207][E][WiFiUdp.cpp:221] parsePacket(): could not receive data: 9
[ 57213][E][WiFiUdp.cpp:221] parsePacket(): could not receive data: 9
[ 57219][E][WiFiUdp.cpp:221] parsePacket(): could not receive data: 9
[ 57225][E][WiFiUdp.cpp:221] parsePacket(): could not receive data: 9
[ 57231][E][WiFiUdp.cpp:221] parsePacket(): could not receive data: 9
[ 57237][E][WiFiUdp.cpp:221] parsePacket(): could not receive data: 9
[ 57243][E][WiFiUdp.cpp:221] parsePacket(): could not receive data: 9
[ 57248][E][WiFiUdp.cpp:221] parsePacket(): could not receive data: 9
[ 57254][E][WiFiUdp.cpp:221] parsePacket(): could not receive data: 9
[ 57260][E][WiFiUdp.cpp:221] parsePacket(): could not receive data: 9
[ 57266][E][WiFiUdp.cpp:221] parsePacket(): could not receive data: 9
[ 57272][E][WiFiUdp.cpp:221] parsePacket(): could not receive data: 9
[ 57278][E][WiFiUdp.cpp:221] parsePacket(): could not receive data: 9
[ 57284][E][WiFiUdp.cpp:221] parsePacket(): could not receive data: 9
[ 57290][E][WiFiUdp.cpp:221] parsePacket(): could not receive data: 9
[ 57296][E][WiFiUdp.cpp:221] parsePacket(): could not receive data: 9
[ 57302][E][WiFiUdp.cpp:221] parsePacket(): could not receive data: 9
[ 57308][E][WiFiUdp.cpp:221] parsePacket(): could not receive data: 9
[ 57314][E][WiFiUdp.cpp:221] parsePacket(): could not receive data: 9
[ 57320][E][WiFiUdp.cpp:221] parsePacket(): could not receive data: 9
[ 57326][E][WiFiUdp.cpp:221] parsePacket(): could not receive data: 9
[ 57332][E][WiFiUdp.cpp:221] parsePacket(): could not receive data: 9
[ 57338][E][WiFiUdp.cpp:221] parsePacket(): could not receive data: 9
[ 57344][E][WiFiUdp.cpp:221] parsePacket(): could not receive data: 9
[ 57350][E][WiFiUdp.cpp:221] parsePacket(): could not receive data: 9
[ 57356][E][WiFiUdp.cpp:221] parsePacket(): could not receive data: 9
[ 57362][E][WiFiUdp.cpp:221] parsePacket(): could not receive data: 9
[ 57368][E][WiFiUdp.cpp:221] parsePacket(): could not receive data: 9
[ 57374][E][WiFiUdp.cpp:221] parsePacket(): could not receive data: 9
[ 57380][E][WiFiUdp.cpp:221] parsePacket(): could not receive data: 9
[ 57386][E][WiFiUdp.cpp:221] parsePacket(): could not receive data: 9
[ 57392][E][WiFiUdp.cpp:221] parsePacket(): could not receive data: 9
[ 57398][E][WiFiUdp.cpp:221] parsePacket(): could not receive data: 9
[ 57404][E][WiFiUdp.cpp:221] parsePacket(): could not receive data: 9
[ 57410][E][WiFiUdp.cpp:221] parsePacket(): could not receive data: 9
[ 57416][E][WiFiUdp.cpp:221] parsePacket(): could not receive data: 9
[ 57422][E][WiFiUdp.cpp:221] parsePacket(): could not receive data: 9
[ 57428][E][WiFiUdp.cpp:221] parsePacket(): could not receive data: 9
[ 57434][E][WiFiUdp.cpp:221] parsePacket(): could not receive data: 9
[ 57440][E][WiFiUdp.cpp:221] parsePacket(): could not receive data: 9
[ 57446][E][WiFiUdp.cpp:221] parsePacket(): could not receive data: 9
[ 57452][E][WiFiUdp.cpp:221] parsePacket(): could not receive data: 9
[ 57458][E][WiFiUdp.cpp:221] parsePacket(): could not receive data: 9
[ 57464][E][WiFiUdp.cpp:221] parsePacket(): could not receive data: 9
[ 57470][E][WiFiUdp.cpp:221] parsePacket(): could not receive data: 9
[ 57476][E][WiFiUdp.cpp:221] parsePacket(): could not receive data: 9
[ 57482][E][WiFiUdp.cpp:221] parsePacket(): could not receive data: 9
[ 57488][E][WiFiUdp.cpp:221] parsePacket(): could not receive data: 9
[ 57494][E][WiFiUdp.cpp:221] parsePacket(): could not receive data: 9
[ 57500][E][WiFiUdp.cpp:221] parsePacket(): could not receive data: 9
[ 57506][E][WiFiUdp.cpp:221] parsePacket(): could not receive data: 9
[ 57512][E][WiFiUdp.cpp:221] parsePacket(): could not receive data: 9
[ 57518][E][WiFiUdp.cpp:221] parsePacket(): could not receive data: 9
[ 57524][E][WiFiUdp.cpp:221] parsePacket(): could not receive data: 9
[ 57530][E][WiFiUdp.cpp:221] parsePacket(): could not receive data: 9
[ 57536][E][WiFiUdp.cpp:221] parsePacket(): could not receive data: 9
[ 57542][E][WiFiUdp.cpp:221] parsePacket(): could not receive data: 9
[ 57548][E][WiFiUdp.cpp:221] parsePacket(): could not receive data: 9
[ 57554][E][WiFiUdp.cpp:221] parsePacket(): could not receive data: 9
[ 57560][E][WiFiUdp.cpp:221] parsePacket(): could not receive data: 9
[ 57565][E][WiFiUdp.cpp:221] parsePacket(): could not receive data: 9
[ 57570][E][WiFiUdp.cpp:221] parsePacket(): could not receive data: 9
[ 57576][E][WiFiUdp.cpp:221] parsePacket(): could not receive data: 9
[ 57582][E][WiFiUdp.cpp:221] parsePacket(): could not receive data: 9
[ 57588][E][WiFiUdp.cpp:221] parsePacket(): could not receive data: 9
[ 57594][E][WiFiUdp.cpp:221] parsePacket(): could not receive data: 9
[ 57600][E][WiFiUdp.cpp:221] parsePacket(): could not receive data: 9
[ 57606][E][WiFiUdp.cpp:221] parsePacket(): could not receive data: 9
[ 57612][E][WiFiUdp.cpp:221] parsePacket(): could not receive data: 9
[ 57618][E][WiFiUdp.cpp:221] parsePacket(): could not receive data: 9
[ 57624][E][WiFiUdp.cpp:221] parsePacket(): could not receive data: 9
[ 57630][E][WiFiUdp.cpp:221] parsePacket(): could not receive data: 9
[ 57637][E][WiFiUdp.cpp:221] parsePacket(): could not receive data: 9
[ 57643][E][WiFiUdp.cpp:221] parsePacket(): could not receive data: 9
[ 57649][E][WiFiUdp.cpp:221] parsePacket(): could not receive data: 9
[ 57655][E][WiFiUdp.cpp:221] parsePacket(): could not receive data: 9
[ 57661][E][WiFiUdp.cpp:221] parsePacket(): could not receive data: 9
[ 57667][E][WiFiUdp.cpp:221] parsePacket(): could not receive data: 9
[ 57673][E][WiFiUdp.cpp:221] parsePacket(): could not receive data: 9
[ 57679][E][WiFiUdp.cpp:221] parsePacket(): could not receive data: 9
[ 57685][E][WiFiUdp.cpp:221] parsePacket(): could not receive data: 9
[ 57691][E][WiFiUdp.cpp:221] parsePacket(): could not receive data: 9
[ 57697][E][WiFiUdp.cpp:221] parsePacket(): could not receive data: 9
[ 57703][E][WiFiUdp.cpp:221] parsePacket(): could not receive data: 9
[ 57709][E][WiFiUdp.cpp:221] parsePacket(): could not receive data: 9
[ 57715][E][WiFiUdp.cpp:221] parsePacket(): could not receive data: 9
[ 57721][E][WiFiUdp.cpp:221] parsePacket(): could not receive data: 9
[ 57727][E][WiFiUdp.cpp:221] parsePacket(): could not receive data: 9
[ 57733][E][WiFiUdp.cpp:221] parsePacket(): could not receive data: 9
[ 57739][E][WiFiUdp.cpp:221] parsePacket(): could not receive data: 9
[ 57745][E][WiFiUdp.cpp:221] parsePacket(): could not receive data: 9
[ 57751][E][WiFiUdp.cpp:221] parsePacket(): could not receive data: 9
[ 57757][E][WiFiUdp.cpp:221] parsePacket(): could not receive data: 9
[ 57763][E][WiFiUdp.cpp:221] parsePacket(): could not receive data: 9
[ 57769][E][WiFiUdp.cpp:221] parsePacket(): could not receive data: 9
[ 57775][E][WiFiUdp.cpp:221] parsePacket(): could not receive data: 9
[ 57781][E][WiFiUdp.cpp:221] parsePacket(): could not receive data: 9
[ 57787][E][WiFiUdp.cpp:221] parsePacket(): could not receive data: 9
[ 57793][E][WiFiUdp.cpp:221] parsePacket(): could not receive data: 9
[ 57799][E][WiFiUdp.cpp:221] parsePacket(): could not receive data: 9
[ 57805][E][WiFiUdp.cpp:221] parsePacket(): could not receive data: 9
[ 57811][E][WiFiUdp.cpp:221] parsePacket(): could not receive data: 9
[ 57817][E][WiFiUdp.cpp:221] parsePacket(): could not receive data: 9
[ 57823][E][WiFiUdp.cpp:221] parsePacket(): could not receive data: 9
[ 57829][E][WiFiUdp.cpp:221] parsePacket(): could not receive data: 9
[ 57835][E][WiFiUdp.cpp:221] parsePacket(): could not receive data: 9
[ 57841][E][WiFiUdp.cpp:221] parsePacket(): could not receive data: 9
[ 57847][E][WiFiUdp.cpp:221] parsePacket(): could not receive data: 9
[ 57853][E][WiFiUdp.cpp:221] parsePacket(): could not receive data: 9
[ 57859][E][WiFiUdp.cpp:221] parsePacket(): could not receive data: 9
[ 57865][E][WiFiUdp.cpp:221] parsePacket(): could not receive data: 9
[ 57871][E][WiFiUdp.cpp:221] parsePacket(): could not receive data: 9
[ 57877][E][WiFiUdp.cpp:221] parsePacket(): could not receive data: 9
[ 57883][E][WiFiUdp.cpp:221] parsePacket(): could not receive data: 9
[ 57889][E][WiFiUdp.cpp:221] parsePacket(): could not receive data: 9
[ 57895][E][WiFiUdp.cpp:221] parsePacket(): could not receive data: 9
[ 57901][E][WiFiUdp.cpp:221] parsePacket(): could not receive data: 9
[ 57907][E][WiFiUdp.cpp:221] parsePacket(): could not receive data: 9
[ 57913][E][WiFiUdp.cpp:221] parsePacket(): could not receive data: 9
[ 57919][E][WiFiUdp.cpp:221] parsePacket(): could not receive data: 9
[ 57925][E][WiFiUdp.cpp:221] parsePacket(): could not receive data: 9
[ 57930][E][WiFiUdp.cpp:221] parsePacket(): could not receive data: 9
[ 57936][E][WiFiUdp.cpp:221] parsePacket(): could not receive data: 9
[ 57942][E][WiFiUdp.cpp:221] parsePacket(): could not receive data: 9
[ 57948][E][WiFiUdp.cpp:221] parsePacket(): could not receive data: 9
[ 57954][E][WiFiUdp.cpp:221] parsePacket(): could not receive data: 9
[ 57960][E][WiFiUdp.cpp:221] parsePacket(): could not receive data: 9
[ 57966][E][WiFiUdp.cpp:221] parsePacket(): could not receive data: 9
[ 57972][E][WiFiUdp.cpp:221] parsePacket(): could not receive data: 9
[ 57978][E][WiFiUdp.cpp:221] parsePacket(): could not receive data: 9
[ 57984][E][WiFiUdp.cpp:221] parsePacket(): could not receive data: 9
[ 57990][E][WiFiUdp.cpp:221] parsePacket(): could not receive data: 9
[ 57996][E][WiFiUdp.cpp:221] parsePacket(): could not receive data: 9
[ 58002][E][WiFiUdp.cpp:221] parsePacket(): could not receive data: 9
[ 58008][E][WiFiUdp.cpp:221] parsePacket(): could not receive data: 9
[ 58014][E][WiFiUdp.cpp:221] parsePacket(): could not receive data: 9
[ 58020][E][WiFiUdp.cpp:221] parsePacket(): could not receive data: 9
[ 58026][E][WiFiUdp.cpp:221] parsePacket(): could not receive data: 9
[ 58032][E][WiFiUdp.cpp:221] parsePacket(): could not receive data: 9
[ 58038][E][WiFiUdp.cpp:221] parsePacket(): could not receive data: 9
[ 58044][E][WiFiUdp.cpp:221] parsePacket(): could not receive data: 9
[ 58050][E][WiFiUdp.cpp:221] parsePacket(): could not receive data: 9
[ 58056][E][WiFiUdp.cpp:221] parsePacket(): could not receive data: 9
[ 58062][E][WiFiUdp.cpp:221] parsePacket(): could not receive data: 9
[ 58068][E][WiFiUdp.cpp:221] parsePacket(): could not receive data: 9
[ 58074][E][WiFiUdp.cpp:221] parsePacket(): could not receive data: 9
[ 58080][E][WiFiUdp.cpp:221] parsePacket(): could not receive data: 9
[ 58086][E][WiFiUdp.cpp:221] parsePacket(): could not receive data: 9
[ 58092][E][WiFiUdp.cpp:221] parsePacket(): could not receive data: 9
[ 58098][E][WiFiUdp.cpp:221] parsePacket(): could not receive data: 9
[ 58104][E][WiFiUdp.cpp:221] parsePacket(): could not receive data: 9
[ 58110][E][WiFiUdp.cpp:221] parsePacket(): could not receive data: 9
[ 58116][E][WiFiUdp.cpp:221] parsePacket(): could not receive data: 9
[ 58122][E][WiFiUdp.cpp:221] parsePacket(): could not receive data: 9
[ 58128][E][WiFiUdp.cpp:221] parsePacket(): could not receive data: 9
[ 58134][E][WiFiUdp.cpp:221] parsePacket(): could not receive data: 9
[ 58140][E][WiFiUdp.cpp:221] parsePacket(): could not receive data: 9
[ 58146][E][WiFiUdp.cpp:221] parsePacket(): could not receive data: 9
[ 58152][E][WiFiUdp.cpp:221] parsePacket(): could not receive data: 9
[ 58158][E][WiFiUdp.cpp:221] parsePacket(): could not receive data: 9
[ 58164][E][WiFiUdp.cpp:221] parsePacket(): could not receive data: 9
[ 58170][E][WiFiUdp.cpp:221] parsePacket(): could not receive data: 9
[ 58176][E][WiFiUdp.cpp:221] parsePacket(): could not receive data: 9
[ 58181][E][WiFiUdp.cpp:221] parsePacket(): could not receive data: 9
[ 58186][E][WiFiUdp.cpp:221] parsePacket(): could not receive data: 9
[ 58192][E][WiFiUdp.cpp:221] parsePacket(): could not receive data: 9
[ 58198][E][WiFiUdp.cpp:221] parsePacket(): could not receive data: 9
[ 58204][E][WiFiUdp.cpp:221] parsePacket(): could not receive data: 9
[ 58210][E][WiFiUdp.cpp:221] parsePacket(): could not receive data: 9
[ 58216][E][WiFiUdp.cpp:221] parsePacket(): could not receive data: 9
[ 58222][E][WiFiUdp.cpp:221] parsePacket(): could not receive data: 9
[ 58228][E][WiFiUdp.cpp:221] parsePacket(): could not receive data: 9
[ 58234][E][WiFiUdp.cpp:221] parsePacket(): could not receive data: 9
[ 58240][E][WiFiUdp.cpp:221] parsePacket(): could not receive data: 9
[ 58246][E][WiFiUdp.cpp:221] parsePacket(): could not receive data: 9
[ 58252][E][WiFiUdp.cpp:221] parsePacket(): could not receive data: 9
[ 58258][E][WiFiUdp.cpp:221] parsePacket(): could not receive data: 9
[ 58264][E][WiFiUdp.cpp:221] parsePacket(): could not receive data: 9
[ 58270][E][WiFiUdp.cpp:221] parsePacket(): could not receive data: 9
[ 58276][E][WiFiUdp.cpp:221] parsePacket(): could not receive data: 9
[ 58282][E][WiFiUdp.cpp:221] parsePacket(): could not receive data: 9
[ 58288][E][WiFiUdp.cpp:221] parsePacket(): could not receive data: 9
[ 58294][E][WiFiUdp.cpp:221] parsePacket(): could not receive data: 9
[ 58300][E][WiFiUdp.cpp:221] parsePacket(): could not receive data: 9
[ 58306][E][WiFiUdp.cpp:221] parsePacket(): could not receive data: 9
[ 58312][E][WiFiUdp.cpp:221] parsePacket(): could not receive data: 9
[ 58318][E][WiFiUdp.cpp:221] parsePacket(): could not receive data: 9
[ 58324][E][WiFiUdp.cpp:221] parsePacket(): could not receive data: 9
[ 58330][E][WiFiUdp.cpp:221] parsePacket(): could not receive data: 9
[ 58336][E][WiFiUdp.cpp:221] parsePacket(): could not receive data: 9
[ 58342][E][WiFiUdp.cpp:221] parsePacket(): could not receive data: 9
[ 58348][E][WiFiUdp.cpp:221] parsePacket(): could not receive data: 9
[ 58354][E][WiFiUdp.cpp:221] parsePacket(): could not receive data: 9
[ 58360][E][WiFiUdp.cpp:221] parsePacket(): could not receive data: 9
[ 58366][E][WiFiUdp.cpp:221] parsePacket(): could not receive data: 9
[ 58372][E][WiFiUdp.cpp:221] parsePacket(): could not receive data: 9
[ 58378][E][WiFiUdp.cpp:221] parsePacket(): could not receive data: 9
[ 58384][E][WiFiUdp.cpp:221] parsePacket(): could not receive data: 9
[ 58390][E][WiFiUdp.cpp:221] parsePacket(): could not receive data: 9
[ 58396][E][WiFiUdp.cpp:221] parsePacket(): could not receive data: 9
[ 58402][E][WiFiUdp.cpp:221] parsePacket(): could not receive data: 9
[ 58408][E][WiFiUdp.cpp:221] parsePacket(): could not receive data: 9
[ 58414][E][WiFiUdp.cpp:221] parsePacket(): could not receive data: 9
[ 58419][E][WiFiUdp.cpp:221] parsePacket(): could not receive data: 9
[ 58425][E][WiFiUdp.cpp:221] parsePacket(): could not receive data: 9
[ 58431][E][WiFiUdp.cpp:221] parsePacket(): could not receive data: 9
[ 58437][E][WiFiUdp.cpp:221] parsePacket(): could not receive data: 9
[ 58443][E][WiFiUdp.cpp:221] parsePacket(): could not receive data: 9
[ 58449][E][WiFiUdp.cpp:221] parsePacket(): could not receive data: 9
[ 58455][E][WiFiUdp.cpp:221] parsePacket(): could not receive data: 9
[ 58461][E][WiFiUdp.cpp:221] parsePacket(): could not receive data: 9
[ 58467][E][WiFiUdp.cpp:221] parsePacket(): could not receive data: 9
[ 58473][E][WiFiUdp.cpp:221] parsePacket(): could not receive data: 9
[ 58479][E][WiFiUdp.cpp:221] parsePacket(): could not receive data: 9
[ 58485][E][WiFiUdp.cpp:221] parsePacket(): could not receive data: 9
[ 58491][E][WiFiUdp.cpp:221] parsePacket(): could not receive data: 9
[ 58497][E][WiFiUdp.cpp:221] parsePacket(): could not receive data: 9
[ 58503][E][WiFiUdp.cpp:221] parsePacket(): could not receive data: 9
[ 58509][E][WiFiUdp.cpp:221] parsePacket(): could not receive data: 9
[ 58515][E][WiFiUdp.cpp:221] parsePacket(): could not receive data: 9
[ 58521][E][WiFiUdp.cpp:221] parsePacket(): could not receive data: 9
[ 58527][E][WiFiUdp.cpp:221] parsePacket(): could not receive data: 9
[ 58533][E][WiFiUdp.cpp:221] parsePacket(): could not receive data: 9
[ 58539][E][WiFiUdp.cpp:221] parsePacket(): could not receive data: 9
[ 58545][E][WiFiUdp.cpp:221] parsePacket(): could not receive data: 9
[ 58551][E][WiFiUdp.cpp:221] parsePacket(): could not receive data: 9
[ 58557][E][WiFiUdp.cpp:221] parsePacket(): could not receive data: 9
[ 58563][E][WiFiUdp.cpp:221] parsePacket(): could not receive data: 9
[ 58569][E][WiFiUdp.cpp:221] parsePacket(): could not receive data: 9
[ 58575][E][WiFiUdp.cpp:221] parsePacket(): could not receive data: 9
[ 58581][E][WiFiUdp.cpp:221] parsePacket(): could not receive data: 9
[ 58587][E][WiFiUdp.cpp:221] parsePacket(): could not receive data: 9
[ 58593][E][WiFiUdp.cpp:221] parsePacket(): could not receive data: 9
[ 58599][E][WiFiUdp.cpp:221] parsePacket(): could not receive data: 9
[ 58605][E][WiFiUdp.cpp:221] parsePacket(): could not receive data: 9
[ 58611][E][WiFiUdp.cpp:221] parsePacket(): could not receive data: 9
[ 58617][E][WiFiUdp.cpp:221] parsePacket(): could not receive data: 9
[ 58623][E][WiFiUdp.cpp:221] parsePacket(): could not receive data: 9
[ 58629][E][WiFiUdp.cpp:221] parsePacket(): could not receive data: 9
[ 58635][E][WiFiUdp.cpp:221] parsePacket(): could not receive data: 9
[ 58641][E][WiFiUdp.cpp:221] parsePacket(): could not receive data: 9
[ 58647][E][WiFiUdp.cpp:221] parsePacket(): could not receive data: 9
[ 58653][E][WiFiUdp.cpp:221] parsePacket(): could not receive data: 9
[ 58659][E][WiFiUdp.cpp:221] parsePacket(): could not receive data: 9
[ 58665][E][WiFiUdp.cpp:221] parsePacket(): could not receive data: 9
[ 58671][E][WiFiUdp.cpp:221] parsePacket(): could not receive data: 9
[ 58677][E][WiFiUdp.cpp:221] parsePacket(): could not receive data: 9
[ 58683][E][WiFiUdp.cpp:221] parsePacket(): could not receive data: 9
[ 58689][E][WiFiUdp.cpp:221] parsePacket(): could not receive data: 9
[ 58695][E][WiFiUdp.cpp:221] parsePacket(): could not receive data: 9
[ 58701][E][WiFiUdp.cpp:221] parsePacket(): could not receive data: 9
[ 58707][E][WiFiUdp.cpp:221] parsePacket(): could not receive data: 9
[ 58713][E][WiFiUdp.cpp:221] parsePacket(): could not receive data: 9
[ 58718][E][WiFiUdp.cpp:221] parsePacket(): could not receive data: 9
[ 58724][E][WiFiUdp.cpp:221] parsePacket(): could not receive data: 9
[ 58730][E][WiFiUdp.cpp:221] parsePacket(): could not receive data: 9
[ 58736][E][WiFiUdp.cpp:221] parsePacket(): could not receive data: 9
[ 58742][E][WiFiUdp.cpp:221] parsePacket(): could not receive data: 9
[ 58748][E][WiFiUdp.cpp:221] parsePacket(): could not receive data: 9
[ 58754][E][WiFiUdp.cpp:221] parsePacket(): could not receive data: 9
[ 58760][E][WiFiUdp.cpp:221] parsePacket(): could not receive data: 9
[ 58766][E][WiFiUdp.cpp:221] parsePacket(): could not receive data: 9
[ 58772][E][WiFiUdp.cpp:221] parsePacket(): could not receive data: 9
[ 58778][E][WiFiUdp.cpp:221] parsePacket(): could not receive data: 9
[ 58784][E][WiFiUdp.cpp:221] parsePacket(): could not receive data: 9
[ 58790][E][WiFiUdp.cpp:221] parsePacket(): could not receive data: 9
[ 58796][E][WiFiUdp.cpp:221] parsePacket(): could not receive data: 9
[ 58802][E][WiFiUdp.cpp:221] parsePacket(): could not receive data: 9
[ 58808][E][WiFiUdp.cpp:221] parsePacket(): could not receive data: 9
[ 58813][E][WiFiUdp.cpp:221] parsePacket(): could not receive data: 9
[ 58818][E][WiFiUdp.cpp:221] parsePacket(): could not receive data: 9
[ 58824][E][WiFiUdp.cpp:221] parsePacket(): could not receive data: 9
[ 58830][E][WiFiUdp.cpp:221] parsePacket(): could not receive data: 9
[ 58836][E][WiFiUdp.cpp:221] parsePacket(): could not receive data: 9
[ 58842][E][WiFiUdp.cpp:221] parsePacket(): could not receive data: 9
[ 58848][E][WiFiUdp.cpp:221] parsePacket(): could not receive data: 9
[ 58854][E][WiFiUdp.cpp:221] parsePacket(): could not receive data: 9
[ 58860][E][WiFiUdp.cpp:221] parsePacket(): could not receive data: 9
[ 58866][E][WiFiUdp.cpp:221] parsePacket(): could not receive data: 9
[ 58872][E][WiFiUdp.cpp:221] parsePacket(): could not receive data: 9
[ 58878][E][WiFiUdp.cpp:221] parsePacket(): could not receive data: 9
[ 58885][E][WiFiUdp.cpp:221] parsePacket(): could not receive data: 9
[ 58890][E][WiFiUdp.cpp:221] parsePacket(): could not receive data: 9
[ 58896][E][WiFiUdp.cpp:221] parsePacket(): could not receive data: 9
[ 58902][E][WiFiUdp.cpp:221] parsePacket(): could not receive data: 9
[ 58908][E][WiFiUdp.cpp:221] parsePacket(): could not receive data: 9
[ 58914][E][WiFiUdp.cpp:221] parsePacket(): could not receive data: 9
[ 58920][E][WiFiUdp.cpp:221] parsePacket(): could not receive data: 9
[ 58926][E][WiFiUdp.cpp:221] parsePacket(): could not receive data: 9
[ 58932][E][WiFiUdp.cpp:221] parsePacket(): could not receive data: 9
[ 58938][E][WiFiUdp.cpp:221] parsePacket(): could not receive data: 9
[ 58944][E][WiFiUdp.cpp:221] parsePacket(): could not receive data: 9
[ 58950][E][WiFiUdp.cpp:221] parsePacket(): could not receive data: 9
[ 58956][E][WiFiUdp.cpp:221] parsePacket(): could not receive data: 9
[ 58962][E][WiFiUdp.cpp:221] parsePacket(): could not receive data: 9
[ 58968][E][WiFiUdp.cpp:221] parsePacket(): could not receive data: 9
[ 58974][E][WiFiUdp.cpp:221] parsePacket(): could not receive data: 9
[ 58980][E][WiFiUdp.cpp:221] parsePacket(): could not receive data: 9
[ 58986][E][WiFiUdp.cpp:221] parsePacket(): could not receive data: 9
[ 58992][E][WiFiUdp.cpp:221] parsePacket(): could not receive data: 9
[ 58998][E][WiFiUdp.cpp:221] parsePacket(): could not receive data: 9
[ 59004][E][WiFiUdp.cpp:221] parsePacket(): could not receive data: 9
[ 59010][E][WiFiUdp.cpp:221] parsePacket(): could not receive data: 9
[ 59016][E][WiFiUdp.cpp:221] parsePacket(): could not receive data: 9
[ 59022][E][WiFiUdp.cpp:221] parsePacket(): could not receive data: 9
[ 59028][E][WiFiUdp.cpp:221] parsePacket(): could not receive data: 9
[ 59034][E][WiFiUdp.cpp:221] parsePacket(): could not receive data: 9
[ 59040][E][WiFiUdp.cpp:221] parsePacket(): could not receive data: 9
[ 59046][E][WiFiUdp.cpp:221] parsePacket(): could not receive data: 9
[ 59052][E][WiFiUdp.cpp:221] parsePacket(): could not receive data: 9
[ 59058][E][WiFiUdp.cpp:221] parsePacket(): could not receive data: 9
[ 59064][E][WiFiUdp.cpp:221] parsePacket(): could not receive data: 9
[ 59070][E][WiFiUdp.cpp:221] parsePacket(): could not receive data: 9
[ 59076][E][WiFiUdp.cpp:221] parsePacket(): could not receive data: 9
[ 59082][E][WiFiUdp.cpp:221] parsePacket(): could not receive data: 9
[ 59088][E][WiFiUdp.cpp:221] parsePacket(): could not receive data: 9
[ 59094][E][WiFiUdp.cpp:221] parsePacket(): could not receive data: 9
[ 59100][E][WiFiUdp.cpp:221] parsePacket(): could not receive data: 9
[ 59106][E][WiFiUdp.cpp:221] parsePacket(): could not receive data: 9
[ 59112][E][WiFiUdp.cpp:221] parsePacket(): could not receive data: 9
[ 59118][E][WiFiUdp.cpp:221] parsePacket(): could not receive data: 9
[ 59124][E][WiFiUdp.cpp:221] parsePacket(): could not receive data: 9
[ 59130][E][WiFiUdp.cpp:221] parsePacket(): could not receive data: 9
[ 59136][E][WiFiUdp.cpp:221] parsePacket(): could not receive data: 9
[ 59142][E][WiFiUdp.cpp:221] parsePacket(): could not receive data: 9
[ 59148][E][WiFiUdp.cpp:221] parsePacket(): could not receive data: 9
[ 59154][E][WiFiUdp.cpp:221] parsePacket(): could not receive data: 9
[ 59160][E][WiFiUdp.cpp:221] parsePacket(): could not receive data: 9
[ 59166][E][WiFiUdp.cpp:221] parsePacket(): could not receive data: 9
[ 59172][E][WiFiUdp.cpp:221] parsePacket(): could not receive data: 9
[ 59178][E][WiFiUdp.cpp:221] parsePacket(): could not receive data: 9
[ 59184][E][WiFiUdp.cpp:221] parsePacket(): could not receive data: 9
[ 59190][E][WiFiUdp.cpp:221] parsePacket(): could not receive data: 9
[ 59196][E][WiFiUdp.cpp:221] parsePacket(): could not receive data: 9
[ 59202][E][WiFiUdp.cpp:221] parsePacket(): could not receive data: 9
[ 59208][E][WiFiUdp.cpp:221] parsePacket(): could not receive data: 9
[ 59213][E][WiFiUdp.cpp:221] parsePacket(): could not receive data: 9
[ 59219][E][WiFiUdp.cpp:221] parsePacket(): could not receive data: 9
[ 59225][E][WiFiUdp.cpp:221] parsePacket(): could not receive data: 9
[ 59231][E][WiFiUdp.cpp:221] parsePacket(): could not receive data: 9
[ 59237][E][WiFiUdp.cpp:221] parsePacket(): could not receive data: 9
[ 59243][E][WiFiUdp.cpp:221] parsePacket(): could not receive data: 9
[ 59249][E][WiFiUdp.cpp:221] parsePacket(): could not receive data: 9
[ 59255][E][WiFiUdp.cpp:221] parsePacket(): could not receive data: 9
[ 59261][E][WiFiUdp.cpp:221] parsePacket(): could not receive data: 9
[ 59267][E][WiFiUdp.cpp:221] parsePacket(): could not receive data: 9
[ 59273][E][WiFiUdp.cpp:221] parsePacket(): could not receive data: 9
[ 59279][E][WiFiUdp.cpp:221] parsePacket(): could not receive data: 9
[ 59285][E][WiFiUdp.cpp:221] parsePacket(): could not receive data: 9
[ 59291][E][WiFiUdp.cpp:221] parsePacket(): could not receive data: 9
[ 59297][E][WiFiUdp.cpp:221] parsePacket(): could not receive data: 9
[ 59302][E][WiFiUdp.cpp:221] parsePacket(): could not receive data: 9
[ 59308][E][WiFiUdp.cpp:221] parsePacket(): could not receive data: 9
[ 59314][E][WiFiUdp.cpp:221] parsePacket(): could not receive data: 9
[ 59320][E][WiFiUdp.cpp:221] parsePacket(): could not receive data: 9
[ 59326][E][WiFiUdp.cpp:221] parsePacket(): could not receive data: 9
[ 59332][E][WiFiUdp.cpp:221] parsePacket(): could not receive data: 9
[ 59338][E][WiFiUdp.cpp:221] parsePacket(): could not receive data: 9
[ 59344][E][WiFiUdp.cpp:221] parsePacket(): could not receive data: 9
[ 59350][E][WiFiUdp.cpp:221] parsePacket(): could not receive data: 9
[ 59355][E][WiFiUdp.cpp:221] parsePacket(): could not receive data: 9
[ 59361][E][WiFiUdp.cpp:221] parsePacket(): could not receive data: 9
[ 59367][E][WiFiUdp.cpp:221] parsePacket(): could not receive data: 9
[ 59373][E][WiFiUdp.cpp:221] parsePacket(): could not receive data: 9
[ 59379][E][WiFiUdp.cpp:221] parsePacket(): could not receive data: 9
[ 59385][E][WiFiUdp.cpp:221] parsePacket(): could not receive data: 9
[ 59391][E][WiFiUdp.cpp:221] parsePacket(): could not receive data: 9
[ 59397][E][WiFiUdp.cpp:221] parsePacket(): could not receive data: 9
[ 59403][E][WiFiUdp.cpp:221] parsePacket(): could not receive data: 9
[ 59409][E][WiFiUdp.cpp:221] parsePacket(): could not receive data: 9
[ 59415][E][WiFiUdp.cpp:221] parsePacket(): could not receive data: 9
[ 59421][E][WiFiUdp.cpp:221] parsePacket(): could not receive data: 9
[ 59426][E][WiFiUdp.cpp:221] parsePacket(): could not receive data: 9
[ 59432][E][WiFiUdp.cpp:221] parsePacket(): could not receive data: 9
[ 59438][E][WiFiUdp.cpp:221] parsePacket(): could not receive data: 9
[ 59444][E][WiFiUdp.cpp:221] parsePacket(): could not receive data: 9
[ 59450][E][WiFiUdp.cpp:221] parsePacket(): could not receive data: 9
[ 59456][E][WiFiUdp.cpp:221] parsePacket(): could not receive data: 9
[ 59462][E][WiFiUdp.cpp:221] parsePacket(): could not receive data: 9
[ 59468][E][WiFiUdp.cpp:221] parsePacket(): could not receive data: 9
[ 59474][E][WiFiUdp.cpp:221] parsePacket(): could not receive data: 9
[ 59480][E][WiFiUdp.cpp:221] parsePacket(): could not receive data: 9
[ 59486][E][WiFiUdp.cpp:221] parsePacket(): could not receive data: 9
[ 59492][E][WiFiUdp.cpp:221] parsePacket(): could not receive data: 9
[ 59498][E][WiFiUdp.cpp:221] parsePacket(): could not receive data: 9
[ 59504][E][WiFiUdp.cpp:221] parsePacket(): could not receive data: 9
[ 59510][E][WiFiUdp.cpp:221] parsePacket(): could not receive data: 9
[ 59516][E][WiFiUdp.cpp:221] parsePacket(): could not receive data: 9
[ 59522][E][WiFiUdp.cpp:221] parsePacket(): could not receive data: 9
[ 59528][E][WiFiUdp.cpp:221] parsePacket(): could not receive data: 9
[ 59535][E][WiFiUdp.cpp:221] parsePacket(): could not receive data: 9
[ 59541][E][WiFiUdp.cpp:221] parsePacket(): could not receive data: 9
[ 59547][E][WiFiUdp.cpp:221] parsePacket(): could not receive data: 9
[ 59553][E][WiFiUdp.cpp:221] parsePacket(): could not receive data: 9
[ 59559][E][WiFiUdp.cpp:221] parsePacket(): could not receive data: 9
[ 59565][E][WiFiUdp.cpp:221] parsePacket(): could not receive data: 9
[ 59571][E][WiFiUdp.cpp:221] parsePacket(): could not receive data: 9
[ 59577][E][WiFiUdp.cpp:221] parsePacket(): could not receive data: 9
[ 59583][E][WiFiUdp.cpp:221] parsePacket(): could not receive data: 9
[ 59589][E][WiFiUdp.cpp:221] parsePacket(): could not receive data: 9
[ 59595][E][WiFiUdp.cpp:221] parsePacket(): could not receive data: 9
[ 59601][E][WiFiUdp.cpp:221] parsePacket(): could not receive data: 9
[ 59607][E][WiFiUdp.cpp:221] parsePacket(): could not receive data: 9
[ 59613][E][WiFiUdp.cpp:221] parsePacket(): could not receive data: 9
[ 59619][E][WiFiUdp.cpp:221] parsePacket(): could not receive data: 9
[ 59625][E][WiFiUdp.cpp:221] parsePacket(): could not receive data: 9
[ 59631][E][WiFiUdp.cpp:221] parsePacket(): could not receive data: 9
[ 59637][E][WiFiUdp.cpp:221] parsePacket(): could not receive data: 9
[ 59642][E][WiFiUdp.cpp:221] parsePacket(): could not receive data: 9
[ 59648][E][WiFiUdp.cpp:221] parsePacket(): could not receive data: 9
[ 59653][E][WiFiUdp.cpp:221] parsePacket(): could not receive data: 9
[ 59659][E][WiFiUdp.cpp:221] parsePacket(): could not receive data: 9
[ 59665][E][WiFiUdp.cpp:221] parsePacket(): could not receive data: 9
[ 59671][E][WiFiUdp.cpp:221] parsePacket(): could not receive data: 9
[ 59677][E][WiFiUdp.cpp:221] parsePacket(): could not receive data: 9
[ 59683][E][WiFiUdp.cpp:221] parsePacket(): could not receive data: 9
[ 59689][E][WiFiUdp.cpp:221] parsePacket(): could not receive data: 9
[ 59695][E][WiFiUdp.cpp:221] parsePacket(): could not receive data: 9
[ 59701][E][WiFiUdp.cpp:221] parsePacket(): could not receive data: 9
[ 59707][E][WiFiUdp.cpp:221] parsePacket(): could not receive data: 9
[ 59713][E][WiFiUdp.cpp:221] parsePacket(): could not receive data: 9
[ 59719][E][WiFiUdp.cpp:221] parsePacket(): could not receive data: 9
[ 59725][E][WiFiUdp.cpp:221] parsePacket(): could not receive data: 9
[ 59731][E][WiFiUdp.cpp:221] parsePacket(): could not receive data: 9
[ 59737][E][WiFiUdp.cpp:221] parsePacket(): could not receive data: 9
[ 59743][E][WiFiUdp.cpp:221] parsePacket(): could not receive data: 9
[ 59749][E][WiFiUdp.cpp:221] parsePacket(): could not receive data: 9
[ 59755][E][WiFiUdp.cpp:221] parsePacket(): could not receive data: 9
[ 59761][E][WiFiUdp.cpp:221] parsePacket(): could not receive data: 9
[ 59767][E][WiFiUdp.cpp:221] parsePacket(): could not receive data: 9
[ 59773][E][WiFiUdp.cpp:221] parsePacket(): could not receive data: 9
[ 59779][E][WiFiUdp.cpp:221] parsePacket(): could not receive data: 9
[ 59785][E][WiFiUdp.cpp:221] parsePacket(): could not receive data: 9
[ 59791][E][WiFiUdp.cpp:221] parsePacket(): could not receive data: 9
[ 59797][E][WiFiUdp.cpp:221] parsePacket(): could not receive data: 9
[ 59803][E][WiFiUdp.cpp:221] parsePacket(): could not receive data: 9
[ 59809][E][WiFiUdp.cpp:221] parsePacket(): could not receive data: 9
[ 59815][E][WiFiUdp.cpp:221] parsePacket(): could not receive data: 9
[ 59821][E][WiFiUdp.cpp:221] parsePacket(): could not receive data: 9
[ 59827][E][WiFiUdp.cpp:221] parsePacket(): could not receive data: 9
[ 59833][E][WiFiUdp.cpp:221] parsePacket(): could not receive data: 9
[ 59839][E][WiFiUdp.cpp:221] parsePacket(): could not receive data: 9
[ 59845][E][WiFiUdp.cpp:221] parsePacket(): could not receive data: 9
[ 59851][E][WiFiUdp.cpp:221] parsePacket(): could not receive data: 9
[ 59857][E][WiFiUdp.cpp:221] parsePacket(): could not receive data: 9
[ 59863][E][WiFiUdp.cpp:221] parsePacket(): could not receive data: 9
[ 59869][E][WiFiUdp.cpp:221] parsePacket(): could not receive data: 9
[ 59875][E][WiFiUdp.cpp:221] parsePacket(): could not receive data: 9
[ 59881][E][WiFiUdp.cpp:221] parsePacket(): could not receive data: 9
[ 59887][E][WiFiUdp.cpp:221] parsePacket(): could not receive data: 9
[ 59893][E][WiFiUdp.cpp:221] parsePacket(): could not receive data: 9
[ 59899][E][WiFiUdp.cpp:221] parsePacket(): could not receive data: 9
[ 59905][E][WiFiUdp.cpp:221] parsePacket(): could not receive data: 9
[ 59911][E][WiFiUdp.cpp:221] parsePacket(): could not receive data: 9
[ 59917][E][WiFiUdp.cpp:221] parsePacket(): could not receive data: 9
[ 59923][E][WiFiUdp.cpp:221] parsePacket(): could not receive data: 9
[ 59929][E][WiFiUdp.cpp:221] parsePacket(): could not receive data: 9
[ 59935][E][WiFiUdp.cpp:221] parsePacket(): could not receive data: 9
[ 59941][E][WiFiUdp.cpp:221] parsePacket(): could not receive data: 9
[ 59947][E][WiFiUdp.cpp:221] parsePacket(): could not receive data: 9
[ 59953][E][WiFiUdp.cpp:221] parsePacket(): could not receive data: 9
[ 59959][E][WiFiUdp.cpp:221] parsePacket(): could not receive data: 9
[ 59965][E][WiFiUdp.cpp:221] parsePacket(): could not receive data: 9
[ 59971][E][WiFiUdp.cpp:221] parsePacket(): could not receive data: 9
[ 59977][E][WiFiUdp.cpp:221] parsePacket(): could not receive data: 9
[ 59983][E][WiFiUdp.cpp:221] parsePacket(): could not receive data: 9
[ 59989][E][WiFiUdp.cpp:221] parsePacket(): could not receive data: 9
[ 59995][E][WiFiUdp.cpp:221] parsePacket(): could not receive data: 9
[ 60001][E][WiFiUdp.cpp:221] parsePacket(): could not receive data: 9
[ 60007][E][WiFiUdp.cpp:221] parsePacket(): could not receive data: 9
[ 60013][E][WiFiUdp.cpp:221] parsePacket(): could not receive data: 9
[ 60019][E][WiFiUdp.cpp:221] parsePacket(): could not receive data: 9
[ 60025][E][WiFiUdp.cpp:221] parsePacket(): could not receive data: 9
[ 60031][E][WiFiUdp.cpp:221] parsePacket(): could not receive data: 9
[ 60037][E][WiFiUdp.cpp:221] parsePacket(): could not receive data: 9
[ 60043][E][WiFiUdp.cpp:221] parsePacket(): could not receive data: 9
[ 60049][E][WiFiUdp.cpp:221] parsePacket(): could not receive data: 9
[ 60055][E][WiFiUdp.cpp:221] parsePacket(): could not receive data: 9
[ 60061][E][WiFiUdp.cpp:221] parsePacket(): could not receive data: 9
[ 60067][E][WiFiUdp.cpp:221] parsePacket(): could not receive data: 9
[ 60073][E][WiFiUdp.cpp:221] parsePacket(): could not receive data: 9
[ 60079][E][WiFiUdp.cpp:221] parsePacket(): could not receive data: 9
[ 60085][E][WiFiUdp.cpp:221] parsePacket(): could not receive data: 9
[ 60091][E][WiFiUdp.cpp:221] parsePacket(): could not receive data: 9
[ 60097][E][WiFiUdp.cpp:221] parsePacket(): could not receive data: 9
[ 60103][E][WiFiUdp.cpp:221] parsePacket(): could not receive data: 9
[ 60109][E][WiFiUdp.cpp:221] parsePacket(): could not receive data: 9
[ 60115][E][WiFiUdp.cpp:221] parsePacket(): could not receive data: 9
[ 60121][E][WiFiUdp.cpp:221] parsePacket(): could not receive data: 9
[ 60127][E][WiFiUdp.cpp:221] parsePacket(): could not receive data: 9
[ 60133][E][WiFiUdp.cpp:221] parsePacket(): could not receive data: 9
[ 60139][E][WiFiUdp.cpp:221] parsePacket(): could not receive data: 9
[ 60145][E][WiFiUdp.cpp:221] parsePacket(): could not receive data: 9
[ 60151][E][WiFiUdp.cpp:221] parsePacket(): could not receive data: 9
[ 60157][E][WiFiUdp.cpp:221] parsePacket(): could not receive data: 9
[ 60165][E][WiFiUdp.cpp:221] parsePacket(): could not receive data: 9
[ 60172][E][WiFiUdp.cpp:221] parsePacket(): could not receive data: 9
[ 60178][E][WiFiUdp.cpp:221] parsePacket(): could not receive data: 9
[ 60184][E][WiFiUdp.cpp:221] parsePacket(): could not receive data: 9
[ 60190][E][WiFiUdp.cpp:221] parsePacket(): could not receive data: 9
[ 60196][E][WiFiUdp.cpp:221] parsePacket(): could not receive data: 9
[ 60202][E][WiFiUdp.cpp:221] parsePacket(): could not receive data: 9
[ 60208][E][WiFiUdp.cpp:221] parsePacket(): could not receive data: 9
[ 60214][E][WiFiUdp.cpp:221] parsePacket(): could not receive data: 9
[ 60220][E][WiFiUdp.cpp:221] parsePacket(): could not receive data: 9
[ 60226][E][WiFiUdp.cpp:221] parsePacket(): could not receive data: 9
[ 60231][E][WiFiUdp.cpp:221] parsePacket(): could not receive data: 9
[ 60236][E][WiFiUdp.cpp:221] parsePacket(): could not receive data: 9
[ 60241][E][WiFiUdp.cpp:221] parsePacket(): could not receive data: 9
[ 60247][E][WiFiUdp.cpp:221] parsePacket(): could not receive data: 9
[ 60253][E][WiFiUdp.cpp:221] parsePacket(): could not receive data: 9
[ 60259][E][WiFiUdp.cpp:221] parsePacket(): could not receive data: 9
[ 60265][E][WiFiUdp.cpp:221] parsePacket(): could not receive data: 9
[ 60271][E][WiFiUdp.cpp:221] parsePacket(): could not receive data: 9
[ 60278][E][WiFiUdp.cpp:221] parsePacket(): could not receive data: 9
[ 60286][E][WiFiUdp.cpp:221] parsePacket(): could not receive data: 9
[ 60293][E][WiFiUdp.cpp:221] parsePacket(): could not receive data: 9
[ 60300][E][WiFiUdp.cpp:221] parsePacket(): could not receive data: 9
[ 60306][E][WiFiUdp.cpp:221] parsePacket(): could not receive data: 9
[ 60313][E][WiFiUdp.cpp:221] parsePacket(): could not receive data: 9
[ 60320][E][WiFiUdp.cpp:221] parsePacket(): could not receive data: 9
[ 60327][E][WiFiUdp.cpp:221] parsePacket(): could not receive data: 9
[ 60334][E][WiFiUdp.cpp:221] parsePacket(): could not receive data: 9
[ 60341][E][WiFiUdp.cpp:221] parsePacket(): could not receive data: 9
[ 60347][E][WiFiUdp.cpp:221] parsePacket(): could not receive data: 9
[ 60353][E][WiFiUdp.cpp:221] parsePacket(): could not receive data: 9
[ 60359][E][WiFiUdp.cpp:221] parsePacket(): could not receive data: 9
[ 60365][E][WiFiUdp.cpp:221] parsePacket(): could not receive data: 9
[ 60371][E][WiFiUdp.cpp:221] parsePacket(): could not receive data: 9
[ 60377][E][WiFiUdp.cpp:221] parsePacket(): could not receive data: 9
[ 60383][E][WiFiUdp.cpp:221] parsePacket(): could not receive data: 9
[ 60389][E][WiFiUdp.cpp:221] parsePacket(): could not receive data: 9
[ 60395][E][WiFiUdp.cpp:221] parsePacket(): could not receive data: 9
[ 60401][E][WiFiUdp.cpp:221] parsePacket(): could not receive data: 9
[ 60407][E][WiFiUdp.cpp:221] parsePacket(): could not receive data: 9
[ 60413][E][WiFiUdp.cpp:221] parsePacket(): could not receive data: 9
[ 60419][E][WiFiUdp.cpp:221] parsePacket(): could not receive data: 9
[ 60425][E][WiFiUdp.cpp:221] parsePacket(): could not receive data: 9
[ 60431][E][WiFiUdp.cpp:221] parsePacket(): could not receive data: 9
[ 60437][E][WiFiUdp.cpp:221] parsePacket(): could not receive data: 9
[ 60443][E][WiFiUdp.cpp:221] parsePacket(): could not receive data: 9
[ 60449][E][WiFiUdp.cpp:221] parsePacket(): could not receive data: 9
[ 60455][E][WiFiUdp.cpp:221] parsePacket(): could not receive data: 9
[ 60461][E][WiFiUdp.cpp:221] parsePacket(): could not receive data: 9
[ 60467][E][WiFiUdp.cpp:221] parsePacket(): could not receive data: 9
[ 60473][E][WiFiUdp.cpp:221] parsePacket(): could not receive data: 9
[ 60480][E][WiFiUdp.cpp:221] parsePacket(): could not receive data: 9
[ 60487][E][WiFiUdp.cpp:221] parsePacket(): could not receive data: 9
[ 60494][E][WiFiUdp.cpp:221] parsePacket(): could not receive data: 9
[ 60501][E][WiFiUdp.cpp:221] parsePacket(): could not receive data: 9
[ 60508][E][WiFiUdp.cpp:221] parsePacket(): could not receive data: 9
[ 60515][E][WiFiUdp.cpp:221] parsePacket(): could not receive data: 9
[ 60522][E][WiFiUdp.cpp:221] parsePacket(): could not receive data: 9
[ 60529][E][WiFiUdp.cpp:221] parsePacket(): could not receive data: 9
[ 60536][E][WiFiUdp.cpp:221] parsePacket(): could not receive data: 9
[ 60542][E][WiFiUdp.cpp:221] parsePacket(): could not receive data: 9
[ 60549][E][WiFiUdp.cpp:221] parsePacket(): could not receive data: 9
[ 60557][E][WiFiUdp.cpp:221] parsePacket(): could not receive data: 9
[ 60565][E][WiFiUdp.cpp:221] parsePacket(): could not receive data: 9
[ 60571][E][WiFiUdp.cpp:221] parsePacket(): could not receive data: 9
[ 60577][E][WiFiUdp.cpp:221] parsePacket(): could not receive data: 9
[ 60583][E][WiFiUdp.cpp:221] parsePacket(): could not receive data: 9
[ 60589][E][WiFiUdp.cpp:221] parsePacket(): could not receive data: 9
[ 60595][E][WiFiUdp.cpp:221] parsePacket(): could not receive data: 9
[ 60601][E][WiFiUdp.cpp:221] parsePacket(): could not receive data: 9
[ 60607][E][WiFiUdp.cpp:221] parsePacket(): could not receive data: 9
[ 60613][E][WiFiUdp.cpp:221] parsePacket(): could not receive data: 9
[ 60619][E][WiFiUdp.cpp:221] parsePacket(): could not receive data: 9
[ 60625][E][WiFiUdp.cpp:221] parsePacket(): could not receive data: 9
[ 60631][E][WiFiUdp.cpp:221] parsePacket(): could not receive data: 9
[ 60636][E][WiFiUdp.cpp:221] parsePacket(): could not receive data: 9
[ 60642][E][WiFiUdp.cpp:221] parsePacket(): could not receive data: 9
[ 60648][E][WiFiUdp.cpp:221] parsePacket(): could not receive data: 9
[ 60654][E][WiFiUdp.cpp:221] parsePacket(): could not receive data: 9
[ 60660][E][WiFiUdp.cpp:221] parsePacket(): could not receive data: 9
[ 60666][E][WiFiUdp.cpp:221] parsePacket(): could not receive data: 9
[ 60672][E][WiFiUdp.cpp:221] parsePacket(): could not receive data: 9
[ 60679][E][WiFiUdp.cpp:221] parsePacket(): could not receive data: 9
[ 60685][E][WiFiUdp.cpp:221] parsePacket(): could not receive data: 9
[ 60693][E][WiFiUdp.cpp:221] parsePacket(): could not receive data: 9
[ 60700][E][WiFiUdp.cpp:221] parsePacket(): could not receive data: 9
[ 60706][E][WiFiUdp.cpp:221] parsePacket(): could not receive data: 9
[ 60713][E][WiFiUdp.cpp:221] parsePacket(): could not receive data: 9
[ 60720][E][WiFiUdp.cpp:221] parsePacket(): could not receive data: 9
[ 60727][E][WiFiUdp.cpp:221] parsePacket(): could not receive data: 9
[ 60734][E][WiFiUdp.cpp:221] parsePacket(): could not receive data: 9
[ 60740][E][WiFiUdp.cpp:221] parsePacket(): could not receive data: 9
[ 60748][E][WiFiUdp.cpp:221] parsePacket(): could not receive data: 9
[ 60756][E][WiFiUdp.cpp:221] parsePacket(): could not receive data: 9
[ 60765][E][WiFiUdp.cpp:221] parsePacket(): could not receive data: 9
[ 60773][E][WiFiUdp.cpp:221] parsePacket(): could not receive data: 9
[ 60779][E][WiFiUdp.cpp:221] parsePacket(): could not receive data: 9
[ 60785][E][WiFiUdp.cpp:221] parsePacket(): could not receive data: 9
[ 60791][E][WiFiUdp.cpp:221] parsePacket(): could not receive data: 9
[ 60797][E][WiFiUdp.cpp:221] parsePacket(): could not receive data: 9
[ 60803][E][WiFiUdp.cpp:221] parsePacket(): could not receive data: 9
[ 60809][E][WiFiUdp.cpp:221] parsePacket(): could not receive data: 9
[ 60815][E][WiFiUdp.cpp:221] parsePacket(): could not receive data: 9
[ 60821][E][WiFiUdp.cpp:221] parsePacket(): could not receive data: 9
[ 60827][E][WiFiUdp.cpp:221] parsePacket(): could not receive data: 9
[ 60833][E][WiFiUdp.cpp:221] parsePacket(): could not receive data: 9
[ 60839][E][WiFiUdp.cpp:221] parsePacket(): could not receive data: 9
[ 60845][E][WiFiUdp.cpp:221] parsePacket(): could not receive data: 9
[ 60851][E][WiFiUdp.cpp:221] parsePacket(): could not receive data: 9
[ 60857][E][WiFiUdp.cpp:221] parsePacket(): could not receive data: 9
[ 60863][E][WiFiUdp.cpp:221] parsePacket(): could not receive data: 9
[ 60869][E][WiFiUdp.cpp:221] parsePacket(): could not receive data: 9
[ 60875][E][WiFiUdp.cpp:221] parsePacket(): could not receive data: 9
[ 60880][E][WiFiUdp.cpp:221] parsePacket(): could not receive data: 9
[ 60886][E][WiFiUdp.cpp:221] parsePacket(): could not receive data: 9
[ 60892][E][WiFiUdp.cpp:221] parsePacket(): could not receive data: 9
[ 60898][E][WiFiUdp.cpp:221] parsePacket(): could not receive data: 9
[ 60904][E][WiFiUdp.cpp:221] parsePacket(): could not receive data: 9
[ 60910][E][WiFiUdp.cpp:221] parsePacket(): could not receive data: 9
[ 60916][E][WiFiUdp.cpp:221] parsePacket(): could not receive data: 9
[ 60922][E][WiFiUdp.cpp:221] parsePacket(): could not receive data: 9
[ 60928][E][WiFiUdp.cpp:221] parsePacket(): could not receive data: 9
[ 60934][E][WiFiUdp.cpp:221] parsePacket(): could not receive data: 9
[ 60940][E][WiFiUdp.cpp:221] parsePacket(): could not receive data: 9
[ 60946][E][WiFiUdp.cpp:221] parsePacket(): could not receive data: 9
[ 60952][E][WiFiUdp.cpp:221] parsePacket(): could not receive data: 9
[ 60958][E][WiFiUdp.cpp:221] parsePacket(): could not receive data: 9
[ 60964][E][WiFiUdp.cpp:221] parsePacket(): could not receive data: 9
[ 60971][E][WiFiUdp.cpp:221] parsePacket(): could not receive data: 9
[ 60979][E][WiFiUdp.cpp:221] parsePacket(): could not receive data: 9
[ 60986][E][WiFiUdp.cpp:221] parsePacket(): could not receive data: 9
[ 60993][E][WiFiUdp.cpp:221] parsePacket(): could not receive data: 9
[ 61000][E][WiFiUdp.cpp:221] parsePacket(): could not receive data: 9
[ 61007][E][WiFiUdp.cpp:221] parsePacket(): could not receive data: 9
[ 61014][E][WiFiUdp.cpp:221] parsePacket(): could not receive data: 9
[ 61021][E][WiFiUdp.cpp:221] parsePacket(): could not receive data: 9
[ 61028][E][WiFiUdp.cpp:221] parsePacket(): could not receive data: 9
[ 61035][E][WiFiUdp.cpp:221] parsePacket(): could not receive data: 9
[ 61042][E][WiFiUdp.cpp:221] parsePacket(): could not receive data: 9
[ 61049][E][WiFiUdp.cpp:221] parsePacket(): could not receive data: 9
[ 61056][E][WiFiUdp.cpp:221] parsePacket(): could not receive data: 9
[ 61063][E][WiFiUdp.cpp:221] parsePacket(): could not receive data: 9
[ 61070][E][WiFiUdp.cpp:221] parsePacket(): could not receive data: 9
[ 61077][E][WiFiUdp.cpp:221] parsePacket(): could not receive data: 9
[ 61083][E][WiFiUdp.cpp:221] parsePacket(): could not receive data: 9
[ 61089][E][WiFiUdp.cpp:221] parsePacket(): could not receive data: 9
[ 61095][E][WiFiUdp.cpp:221] parsePacket(): could not receive data: 9
[ 61101][E][WiFiUdp.cpp:221] parsePacket(): could not receive data: 9
[ 61107][E][WiFiUdp.cpp:221] parsePacket(): could not receive data: 9
[ 61113][E][WiFiUdp.cpp:221] parsePacket(): could not receive data: 9
[ 61119][E][WiFiUdp.cpp:221] parsePacket(): could not receive data: 9
[ 61125][E][WiFiUdp.cpp:221] parsePacket(): could not receive data: 9
[ 61131][E][WiFiUdp.cpp:221] parsePacket(): could not receive data: 9
[ 61137][E][WiFiUdp.cpp:221] parsePacket(): could not receive data: 9
[ 61143][E][WiFiUdp.cpp:221] parsePacket(): could not receive data: 9
[ 61149][E][WiFiUdp.cpp:221] parsePacket(): could not receive data: 9
[ 61155][E][WiFiUdp.cpp:221] parsePacket(): could not receive data: 9
[ 61161][E][WiFiUdp.cpp:221] parsePacket(): could not receive data: 9
[ 61167][E][WiFiUdp.cpp:221] parsePacket(): could not receive data: 9
[ 61173][E][WiFiUdp.cpp:221] parsePacket(): could not receive data: 9
[ 61179][E][WiFiUdp.cpp:221] parsePacket(): could not receive data: 9
[ 61185][E][WiFiUdp.cpp:221] parsePacket(): could not receive data: 9
[ 61192][E][WiFiUdp.cpp:221] parsePacket(): could not receive data: 9
[ 61199][E][WiFiUdp.cpp:221] parsePacket(): could not receive data: 9
[ 61206][E][WiFiUdp.cpp:221] parsePacket(): could not receive data: 9
[ 61213][E][WiFiUdp.cpp:221] parsePacket(): could not receive data: 9
[ 61220][E][WiFiUdp.cpp:221] parsePacket(): could not receive data: 9
[ 61227][E][WiFiUdp.cpp:221] parsePacket(): could not receive data: 9
[ 61234][E][WiFiUdp.cpp:221] parsePacket(): could not receive data: 9
[ 61241][E][WiFiUdp.cpp:221] parsePacket(): could not receive data: 9
[ 61248][E][WiFiUdp.cpp:221] parsePacket(): could not receive data: 9
[ 61255][E][WiFiUdp.cpp:221] parsePacket(): could not receive data: 9
[ 61262][E][WiFiUdp.cpp:221] parsePacket(): could not receive data: 9
[ 61269][E][WiFiUdp.cpp:221] parsePacket(): could not receive data: 9
[ 61276][E][WiFiUdp.cpp:221] parsePacket(): could not receive data: 9
[ 61283][E][WiFiUdp.cpp:221] parsePacket(): could not receive data: 9
[ 61289][E][WiFiUdp.cpp:221] parsePacket(): could not receive data: 9
[ 61295][E][WiFiUdp.cpp:221] parsePacket(): could not receive data: 9
[ 61301][E][WiFiUdp.cpp:221] parsePacket(): could not receive data: 9
[ 61308][E][WiFiUdp.cpp:221] parsePacket(): could not receive data: 9
[ 61315][E][WiFiUdp.cpp:221] parsePacket(): could not receive data: 9
[ 61322][E][WiFiUdp.cpp:221] parsePacket(): could not receive data: 9
[ 61329][E][WiFiUdp.cpp:221] parsePacket(): could not receive data: 9
[ 61336][E][WiFiUdp.cpp:221] parsePacket(): could not receive data: 9
[ 61343][E][WiFiUdp.cpp:221] parsePacket(): could not receive data: 9
[ 61350][E][WiFiUdp.cpp:221] parsePacket(): could not receive data: 9
[ 61357][E][WiFiUdp.cpp:221] parsePacket(): could not receive data: 9
[ 61364][E][WiFiUdp.cpp:221] parsePacket(): could not receive data: 9
[ 61370][E][WiFiUdp.cpp:221] parsePacket(): could not receive data: 9
[ 61377][E][WiFiUdp.cpp:221] parsePacket(): could not receive data: 9
[ 61384][E][WiFiUdp.cpp:221] parsePacket(): could not receive data: 9
[ 61391][E][WiFiUdp.cpp:221] parsePacket(): could not receive data: 9
[ 61398][E][WiFiUdp.cpp:221] parsePacket(): could not receive data: 9
[ 61404][E][WiFiUdp.cpp:221] parsePacket(): could not receive data: 9
[ 61410][E][WiFiUdp.cpp:221] parsePacket(): could not receive data: 9
[ 61416][E][WiFiUdp.cpp:221] parsePacket(): could not receive data: 9
[ 61422][E][WiFiUdp.cpp:221] parsePacket(): could not receive data: 9
[ 61428][E][WiFiUdp.cpp:221] parsePacket(): could not receive data: 9
[ 61434][E][WiFiUdp.cpp:221] parsePacket(): could not receive data: 9
[ 61440][E][WiFiUdp.cpp:221] parsePacket(): could not receive data: 9
[ 61446][E][WiFiUdp.cpp:221] parsePacket(): could not receive data: 9
[ 61452][E][WiFiUdp.cpp:221] parsePacket(): could not receive data: 9
[ 61458][E][WiFiUdp.cpp:221] parsePacket(): could not receive data: 9
[ 61464][E][WiFiUdp.cpp:221] parsePacket(): could not receive data: 9
[ 61470][E][WiFiUdp.cpp:221] parsePacket(): could not receive data: 9
[ 61476][E][WiFiUdp.cpp:221] parsePacket(): could not receive data: 9
[ 61482][E][WiFiUdp.cpp:221] parsePacket(): could not receive data: 9
[ 61488][E][WiFiUdp.cpp:221] parsePacket(): could not receive data: 9
[ 61494][E][WiFiUdp.cpp:221] parsePacket(): could not receive data: 9
[ 61500][E][WiFiUdp.cpp:221] parsePacket(): could not receive data: 9
[ 61506][E][WiFiUdp.cpp:221] parsePacket(): could not receive data: 9
[ 61512][E][WiFiUdp.cpp:221] parsePacket(): could not receive data: 9
[ 61518][E][WiFiUdp.cpp:221] parsePacket(): could not receive data: 9
[ 61524][E][WiFiUdp.cpp:221] parsePacket(): could not receive data: 9
[ 61530][E][WiFiUdp.cpp:221] parsePacket(): could not receive data: 9
[ 61536][E][WiFiUdp.cpp:221] parsePacket(): could not receive data: 9
[ 61542][E][WiFiUdp.cpp:221] parsePacket(): could not receive data: 9
[ 61548][E][WiFiUdp.cpp:221] parsePacket(): could not receive data: 9
[ 61554][E][WiFiUdp.cpp:221] parsePacket(): could not receive data: 9
[ 61560][E][WiFiUdp.cpp:221] parsePacket(): could not receive data: 9
[ 61566][E][WiFiUdp.cpp:221] parsePacket(): could not receive data: 9
[ 61572][E][WiFiUdp.cpp:221] parsePacket(): could not receive data: 9
[ 61578][E][WiFiUdp.cpp:221] parsePacket(): could not receive data: 9
[ 61584][E][WiFiUdp.cpp:221] parsePacket(): could not receive data: 9
[ 61590][E][WiFiUdp.cpp:221] parsePacket(): could not receive data: 9
[ 61595][E][WiFiUdp.cpp:221] parsePacket(): could not receive data: 9
[ 61601][E][WiFiUdp.cpp:221] parsePacket(): could not receive data: 9
[ 61607][E][WiFiUdp.cpp:221] parsePacket(): could not receive data: 9
[ 61613][E][WiFiUdp.cpp:221] parsePacket(): could not receive data: 9
[ 61619][E][WiFiUdp.cpp:221] parsePacket(): could not receive data: 9
[ 61625][E][WiFiUdp.cpp:221] parsePacket(): could not receive data: 9
[ 61631][E][WiFiUdp.cpp:221] parsePacket(): could not receive data: 9
[ 61637][E][WiFiUdp.cpp:221] parsePacket(): could not receive data: 9
[ 61643][E][WiFiUdp.cpp:221] parsePacket(): could not receive data: 9
[ 61649][E][WiFiUdp.cpp:221] parsePacket(): could not receive data: 9
[ 61655][E][WiFiUdp.cpp:221] parsePacket(): could not receive data: 9
[ 61661][E][WiFiUdp.cpp:221] parsePacket(): could not receive data: 9
[ 61667][E][WiFiUdp.cpp:221] parsePacket(): could not receive data: 9
[ 61673][E][WiFiUdp.cpp:221] parsePacket(): could not receive data: 9
[ 61679][E][WiFiUdp.cpp:221] parsePacket(): could not receive data: 9
[ 61685][E][WiFiUdp.cpp:221] parsePacket(): could not receive data: 9
[ 61691][E][WiFiUdp.cpp:221] parsePacket(): could not receive data: 9
[ 61697][E][WiFiUdp.cpp:221] parsePacket(): could not receive data: 9
[ 61703][E][WiFiUdp.cpp:221] parsePacket(): could not receive data: 9
[ 61709][E][WiFiUdp.cpp:221] parsePacket(): could not receive data: 9
[ 61715][E][WiFiUdp.cpp:221] parsePacket(): could not receive data: 9
[ 61721][E][WiFiUdp.cpp:221] parsePacket(): could not receive data: 9
[ 61727][E][WiFiUdp.cpp:221] parsePacket(): could not receive data: 9
[ 61733][E][WiFiUdp.cpp:221] parsePacket(): could not receive data: 9
[ 61740][E][WiFiUdp.cpp:221] parsePacket(): could not receive data: 9
[ 61747][E][WiFiUdp.cpp:221] parsePacket(): could not receive data: 9
[ 61753][E][WiFiUdp.cpp:221] parsePacket(): could not receive data: 9
[ 61759][E][WiFiUdp.cpp:221] parsePacket(): could not receive data: 9
[ 61765][E][WiFiUdp.cpp:221] parsePacket(): could not receive data: 9
[ 61771][E][WiFiUdp.cpp:221] parsePacket(): could not receive data: 9
[ 61777][E][WiFiUdp.cpp:221] parsePacket(): could not receive data: 9
[ 61783][E][WiFiUdp.cpp:221] parsePacket(): could not receive data: 9
[ 61789][E][WiFiUdp.cpp:221] parsePacket(): could not receive data: 9
[ 61795][E][WiFiUdp.cpp:221] parsePacket(): could not receive data: 9
[ 61801][E][WiFiUdp.cpp:221] parsePacket(): could not receive data: 9
[ 61807][E][WiFiUdp.cpp:221] parsePacket(): could not receive data: 9
[ 61813][E][WiFiUdp.cpp:221] parsePacket(): could not receive data: 9
[ 61819][E][WiFiUdp.cpp:221] parsePacket(): could not receive data: 9
[ 61825][E][WiFiUdp.cpp:221] parsePacket(): could not receive data: 9
[ 61831][E][WiFiUdp.cpp:221] parsePacket(): could not receive data: 9
[ 61837][E][WiFiUdp.cpp:221] parsePacket(): could not receive data: 9
[ 61843][E][WiFiUdp.cpp:221] parsePacket(): could not receive data: 9
[ 61849][E][WiFiUdp.cpp:221] parsePacket(): could not receive data: 9
[ 61855][E][WiFiUdp.cpp:221] parsePacket(): could not receive data: 9
[ 61861][E][WiFiUdp.cpp:221] parsePacket(): could not receive data: 9
[ 61867][E][WiFiUdp.cpp:221] parsePacket(): could not receive data: 9
[ 61873][E][WiFiUdp.cpp:221] parsePacket(): could not receive data: 9
[ 61879][E][WiFiUdp.cpp:221] parsePacket(): could not receive data: 9
[ 61885][E][WiFiUdp.cpp:221] parsePacket(): could not receive data: 9
[ 61891][E][WiFiUdp.cpp:221] parsePacket(): could not receive data: 9
[ 61897][E][WiFiUdp.cpp:221] parsePacket(): could not receive data: 9
[ 61903][E][WiFiUdp.cpp:221] parsePacket(): could not receive data: 9
[ 61909][E][WiFiUdp.cpp:221] parsePacket(): could not receive data: 9
[ 61915][E][WiFiUdp.cpp:221] parsePacket(): could not receive data: 9
[ 61921][E][WiFiUdp.cpp:221] parsePacket(): could not receive data: 9
[ 61927][E][WiFiUdp.cpp:221] parsePacket(): could not receive data: 9
[ 61933][E][WiFiUdp.cpp:221] parsePacket(): could not receive data: 9
[ 61939][E][WiFiUdp.cpp:221] parsePacket(): could not receive data: 9
[ 61945][E][WiFiUdp.cpp:221] parsePacket(): could not receive data: 9
[ 61951][E][WiFiUdp.cpp:221] parsePacket(): could not receive data: 9
[ 61957][E][WiFiUdp.cpp:221] parsePacket(): could not receive data: 9
[ 61963][E][WiFiUdp.cpp:221] parsePacket(): could not receive data: 9
[ 61969][E][WiFiUdp.cpp:221] parsePacket(): could not receive data: 9
[ 61975][E][WiFiUdp.cpp:221] parsePacket(): could not receive data: 9
[ 61981][E][WiFiUdp.cpp:221] parsePacket(): could not receive data: 9
[ 61987][E][WiFiUdp.cpp:221] parsePacket(): could not receive data: 9
[ 61993][E][WiFiUdp.cpp:221] parsePacket(): could not receive data: 9
[ 61999][E][WiFiUdp.cpp:221] parsePacket(): could not receive data: 9
[ 62005][E][WiFiUdp.cpp:221] parsePacket(): could not receive data: 9
[ 62010][E][WiFiUdp.cpp:221] parsePacket(): could not receive data: 9
[ 62016][E][WiFiUdp.cpp:221] parsePacket(): could not receive data: 9
[ 62022][E][WiFiUdp.cpp:221] parsePacket(): could not receive data: 9
[ 62028][E][WiFiUdp.cpp:221] parsePacket(): could not receive data: 9
[ 62034][E][WiFiUdp.cpp:221] parsePacket(): could not receive data: 9
[ 62040][E][WiFiUdp.cpp:221] parsePacket(): could not receive data: 9
[ 62046][E][WiFiUdp.cpp:221] parsePacket(): could not receive data: 9
[ 62053][E][WiFiUdp.cpp:221] parsePacket(): could not receive data: 9
[ 62060][E][WiFiUdp.cpp:221] parsePacket(): could not receive data: 9
[ 62066][E][WiFiUdp.cpp:221] parsePacket(): could not receive data: 9
[ 62072][E][WiFiUdp.cpp:221] parsePacket(): could not receive data: 9
[ 62078][E][WiFiUdp.cpp:221] parsePacket(): could not receive data: 9
[ 62084][E][WiFiUdp.cpp:221] parsePacket(): could not receive data: 9
[ 62090][E][WiFiUdp.cpp:221] parsePacket(): could not receive data: 9
[ 62096][E][WiFiUdp.cpp:221] parsePacket(): could not receive data: 9
[ 62102][E][WiFiUdp.cpp:221] parsePacket(): could not receive data: 9
[ 62108][E][WiFiUdp.cpp:221] parsePacket(): could not receive data: 9
[ 62114][E][WiFiUdp.cpp:221] parsePacket(): could not receive data: 9
[ 62120][E][WiFiUdp.cpp:221] parsePacket(): could not receive data: 9
[ 62126][E][WiFiUdp.cpp:221] parsePacket(): could not receive data: 9
[ 62132][E][WiFiUdp.cpp:221] parsePacket(): could not receive data: 9
[ 62138][E][WiFiUdp.cpp:221] parsePacket(): could not receive data: 9
[ 62144][E][WiFiUdp.cpp:221] parsePacket(): could not receive data: 9
[ 62150][E][WiFiUdp.cpp:221] parsePacket(): could not receive data: 9
[ 62157][E][WiFiUdp.cpp:221] parsePacket(): could not receive data: 9
[ 62165][E][WiFiUdp.cpp:221] parsePacket(): could not receive data: 9
[ 62173][E][WiFiUdp.cpp:221] parsePacket(): could not receive data: 9
[ 62181][E][WiFiUdp.cpp:221] parsePacket(): could not receive data: 9
[ 62188][E][WiFiUdp.cpp:221] parsePacket(): could not receive data: 9
[ 62195][E][WiFiUdp.cpp:221] parsePacket(): could not receive data: 9
[ 62202][E][WiFiUdp.cpp:221] parsePacket(): could not receive data: 9
[ 62209][E][WiFiUdp.cpp:221] parsePacket(): could not receive data: 9
[ 62214][E][WiFiUdp.cpp:221] parsePacket(): could not receive data: 9
[ 62224][E][WiFiUdp.cpp:221] parsePacket(): could not receive data: 9
[ 62232][E][WiFiUdp.cpp:221] parsePacket(): could not receive data: 9
[ 62239][E][WiFiUdp.cpp:221] parsePacket(): could not receive data: 9
[ 62246][E][WiFiUdp.cpp:221] parsePacket(): could not receive data: 9
[ 62254][E][WiFiUdp.cpp:221] parsePacket(): could not receive data: 9
[ 62261][E][WiFiUdp.cpp:221] parsePacket(): could not receive data: 9
[ 62267][E][WiFiUdp.cpp:221] parsePacket(): could not receive data: 9
[ 62273][E][WiFiUdp.cpp:221] parsePacket(): could not receive data: 9
[ 62280][E][WiFiUdp.cpp:221] parsePacket(): could not receive data: 9
[ 62287][E][WiFiUdp.cpp:221] parsePacket(): could not receive data: 9
[ 62294][E][WiFiUdp.cpp:221] parsePacket(): could not receive data: 9
[ 62301][E][WiFiUdp.cpp:221] parsePacket(): could not receive data: 9
[ 62308][E][WiFiUdp.cpp:221] parsePacket(): could not receive data: 9
[ 62315][E][WiFiUdp.cpp:221] parsePacket(): could not receive data: 9
[ 62322][E][WiFiUdp.cpp:221] parsePacket(): could not receive data: 9
[ 62329][E][WiFiUdp.cpp:221] parsePacket(): could not receive data: 9
[ 62337][E][WiFiUdp.cpp:221] parsePacket(): could not receive data: 9
[ 62345][E][WiFiUdp.cpp:221] parsePacket(): could not receive data: 9
[ 62351][E][WiFiUdp.cpp:221] parsePacket(): could not receive data: 9
[ 62357][E][WiFiUdp.cpp:221] parsePacket(): could not receive data: 9
[ 62364][E][WiFiUdp.cpp:221] parsePacket(): could not receive data: 9
[ 62371][E][WiFiUdp.cpp:221] parsePacket(): could not receive data: 9
[ 62378][E][WiFiUdp.cpp:221] parsePacket(): could not receive data: 9
[ 62385][E][WiFiUdp.cpp:221] parsePacket(): could not receive data: 9
[ 62392][E][WiFiUdp.cpp:221] parsePacket(): could not receive data: 9
[ 62399][E][WiFiUdp.cpp:221] parsePacket(): could not receive data: 9
[ 62406][E][WiFiUdp.cpp:221] parsePacket(): could not receive data: 9
[ 62413][E][WiFiUdp.cpp:221] parsePacket(): could not receive data: 9
[ 62420][E][WiFiUdp.cpp:221] parsePacket(): could not receive data: 9
[ 62427][E][WiFiUdp.cpp:221] parsePacket(): could not receive data: 9
[ 62434][E][WiFiUdp.cpp:221] parsePacket(): could not receive data: 9
[ 62441][E][WiFiUdp.cpp:221] parsePacket(): could not receive data: 9
[ 62448][E][WiFiUdp.cpp:221] parsePacket(): could not receive data: 9
[ 62455][E][WiFiUdp.cpp:221] parsePacket(): could not receive data: 9
[ 62462][E][WiFiUdp.cpp:221] parsePacket(): could not receive data: 9
[ 62469][E][WiFiUdp.cpp:221] parsePacket(): could not receive data: 9
[ 62476][E][WiFiUdp.cpp:221] parsePacket(): could not receive data: 9
[ 62483][E][WiFiUdp.cpp:221] parsePacket(): could not receive data: 9
[ 62489][E][WiFiUdp.cpp:221] parsePacket(): could not receive data: 9
[ 62496][E][WiFiUdp.cpp:221] parsePacket(): could not receive data: 9
[ 62503][E][WiFiUdp.cpp:221] parsePacket(): could not receive data: 9
[ 62510][E][WiFiUdp.cpp:221] parsePacket(): could not receive data: 9
[ 62517][E][WiFiUdp.cpp:221] parsePacket(): could not receive data: 9
[ 62524][E][WiFiUdp.cpp:221] parsePacket(): could not receive data: 9
[ 62530][E][WiFiUdp.cpp:221] parsePacket(): could not receive data: 9
[ 62536][E][WiFiUdp.cpp:221] parsePacket(): could not receive data: 9
[ 62542][E][WiFiUdp.cpp:221] parsePacket(): could not receive data: 9
[ 62548][E][WiFiUdp.cpp:221] parsePacket(): could not receive data: 9
[ 62554][E][WiFiUdp.cpp:221] parsePacket(): could not receive data: 9
[ 62560][E][WiFiUdp.cpp:221] parsePacket(): could not receive data: 9
[ 62566][E][WiFiUdp.cpp:221] parsePacket(): could not receive data: 9
[ 62571][E][WiFiUdp.cpp:221] parsePacket(): could not receive data: 9
[ 62577][E][WiFiUdp.cpp:221] parsePacket(): could not receive data: 9
[ 62583][E][WiFiUdp.cpp:221] parsePacket(): could not receive data: 9
[ 62589][E][WiFiUdp.cpp:221] parsePacket(): could not receive data: 9
[ 62595][E][WiFiUdp.cpp:221] parsePacket(): could not receive data: 9
[ 62601][E][WiFiUdp.cpp:221] parsePacket(): could not receive data: 9
[ 62607][E][WiFiUdp.cpp:221] parsePacket(): could not receive data: 9
[ 62613][E][WiFiUdp.cpp:221] parsePacket(): could not receive data: 9
[ 62619][E][WiFiUdp.cpp:221] parsePacket(): could not receive data: 9
[ 62625][E][WiFiUdp.cpp:221] parsePacket(): could not receive data: 9
[ 62631][E][WiFiUdp.cpp:221] parsePacket(): could not receive data: 9
[ 62637][E][WiFiUdp.cpp:221] parsePacket(): could not receive data: 9
[ 62643][E][WiFiUdp.cpp:221] parsePacket(): could not receive data: 9
[ 62649][E][WiFiUdp.cpp:221] parsePacket(): could not receive data: 9
[ 62655][E][WiFiUdp.cpp:221] parsePacket(): could not receive data: 9
[ 62661][E][WiFiUdp.cpp:221] parsePacket(): could not receive data: 9
[ 62667][E][WiFiUdp.cpp:221] parsePacket(): could not receive data: 9
[ 62673][E][WiFiUdp.cpp:221] parsePacket(): could not receive data: 9
[ 62679][E][WiFiUdp.cpp:221] parsePacket(): could not receive data: 9
[ 62685][E][WiFiUdp.cpp:221] parsePacket(): could not receive data: 9
[ 62691][E][WiFiUdp.cpp:221] parsePacket(): could not receive data: 9
[ 62696][E][WiFiUdp.cpp:221] parsePacket(): could not receive data: 9
[ 62702][E][WiFiUdp.cpp:221] parsePacket(): could not receive data: 9
[ 62708][E][WiFiUdp.cpp:221] parsePacket(): could not receive data: 9
[ 62714][E][WiFiUdp.cpp:221] parsePacket(): could not receive data: 9
[ 62720][E][WiFiUdp.cpp:221] parsePacket(): could not receive data: 9
[ 62726][E][WiFiUdp.cpp:221] parsePacket(): could not receive data: 9
[ 62732][E][WiFiUdp.cpp:221] parsePacket(): could not receive data: 9
[ 62738][E][WiFiUdp.cpp:221] parsePacket(): could not receive data: 9
[ 62744][E][WiFiUdp.cpp:221] parsePacket(): could not receive data: 9
[ 62750][E][WiFiUdp.cpp:221] parsePacket(): could not receive data: 9
[ 62756][E][WiFiUdp.cpp:221] parsePacket(): could not receive data: 9
[ 62762][E][WiFiUdp.cpp:221] parsePacket(): could not receive data: 9
[ 62768][E][WiFiUdp.cpp:221] parsePacket(): could not receive data: 9
[ 62774][E][WiFiUdp.cpp:221] parsePacket(): could not receive data: 9
[ 62780][E][WiFiUdp.cpp:221] parsePacket(): could not receive data: 9
[ 62786][E][WiFiUdp.cpp:221] parsePacket(): could not receive data: 9
[ 62791][E][WiFiUdp.cpp:221] parsePacket(): could not receive data: 9
[ 62797][E][WiFiUdp.cpp:221] parsePacket(): could not receive data: 9
[ 62803][E][WiFiUdp.cpp:221] parsePacket(): could not receive data: 9
[ 62809][E][WiFiUdp.cpp:221] parsePacket(): could not receive data: 9
[ 62815][E][WiFiUdp.cpp:221] parsePacket(): could not receive data: 9
[ 62821][E][WiFiUdp.cpp:221] parsePacket(): could not receive data: 9
[ 62827][E][WiFiUdp.cpp:221] parsePacket(): could not receive data: 9
[ 62833][E][WiFiUdp.cpp:221] parsePacket(): could not receive data: 9
[ 62839][E][WiFiUdp.cpp:221] parsePacket(): could not receive data: 9
[ 62845][E][WiFiUdp.cpp:221] parsePacket(): could not receive data: 9
[ 62851][E][WiFiUdp.cpp:221] parsePacket(): could not receive data: 9
[ 62857][E][WiFiUdp.cpp:221] parsePacket(): could not receive data: 9
[ 62863][E][WiFiUdp.cpp:221] parsePacket(): could not receive data: 9
[ 62869][E][WiFiUdp.cpp:221] parsePacket(): could not receive data: 9
[ 62875][E][WiFiUdp.cpp:221] parsePacket(): could not receive data: 9
[ 62881][E][WiFiUdp.cpp:221] parsePacket(): could not receive data: 9
[ 62887][E][WiFiUdp.cpp:221] parsePacket(): could not receive data: 9
[ 62893][E][WiFiUdp.cpp:221] parsePacket(): could not receive data: 9
[ 62899][E][WiFiUdp.cpp:221] parsePacket(): could not receive data: 9
[ 62904][E][WiFiUdp.cpp:221] parsePacket(): could not receive data: 9
[ 62910][E][WiFiUdp.cpp:221] parsePacket(): could not receive data: 9
[ 62916][E][WiFiUdp.cpp:221] parsePacket(): could not receive data: 9
[ 62922][E][WiFiUdp.cpp:221] parsePacket(): could not receive data: 9
[ 62928][E][WiFiUdp.cpp:221] parsePacket(): could not receive data: 9
[ 62934][E][WiFiUdp.cpp:221] parsePacket(): could not receive data: 9
[ 62940][E][WiFiUdp.cpp:221] parsePacket(): could not receive data: 9
[ 62946][E][WiFiUdp.cpp:221] parsePacket(): could not receive data: 9
[ 62952][E][WiFiUdp.cpp:221] parsePacket(): could not receive data: 9
[ 62958][E][WiFiUdp.cpp:221] parsePacket(): could not receive data: 9
[ 62964][E][WiFiUdp.cpp:221] parsePacket(): could not receive data: 9
[ 62970][E][WiFiUdp.cpp:221] parsePacket(): could not receive data: 9
[ 62976][E][WiFiUdp.cpp:221] parsePacket(): could not receive data: 9
[ 62982][E][WiFiUdp.cpp:221] parsePacket(): could not receive data: 9
[ 62988][E][WiFiUdp.cpp:221] parsePacket(): could not receive data: 9
[ 62994][E][WiFiUdp.cpp:221] parsePacket(): could not receive data: 9
[ 63000][E][WiFiUdp.cpp:221] parsePacket(): could not receive data: 9
[ 63006][E][WiFiUdp.cpp:221] parsePacket(): could not receive data: 9
[ 63012][E][WiFiUdp.cpp:221] parsePacket(): could not receive data: 9
[ 63018][E][WiFiUdp.cpp:221] parsePacket(): could not receive data: 9
[ 63024][E][WiFiUdp.cpp:221] parsePacket(): could not receive data: 9
[ 63030][E][WiFiUdp.cpp:221] parsePacket(): could not receive data: 9
[ 63036][E][WiFiUdp.cpp:221] parsePacket(): could not receive data: 9
[ 63042][E][WiFiUdp.cpp:221] parsePacket(): could not receive data: 9
[ 63048][E][WiFiUdp.cpp:221] parsePacket(): could not receive data: 9
[ 63054][E][WiFiUdp.cpp:221] parsePacket(): could not receive data: 9
[ 63060][E][WiFiUdp.cpp:221] parsePacket(): could not receive data: 9
[ 63066][E][WiFiUdp.cpp:221] parsePacket(): could not receive data: 9
[ 63072][E][WiFiUdp.cpp:221] parsePacket(): could not receive data: 9
[ 63078][E][WiFiUdp.cpp:221] parsePacket(): could not receive data: 9
[ 63086][E][WiFiUdp.cpp:221] parsePacket(): could not receive data: 9
[ 63093][E][WiFiUdp.cpp:221] parsePacket(): could not receive data: 9
[ 63100][E][WiFiUdp.cpp:221] parsePacket(): could not receive data: 9
[ 63107][E][WiFiUdp.cpp:221] parsePacket(): could not receive data: 9
[ 63114][E][WiFiUdp.cpp:221] parsePacket(): could not receive data: 9
[ 63120][E][WiFiUdp.cpp:221] parsePacket(): could not receive data: 9
[ 63128][E][WiFiUdp.cpp:221] parsePacket(): could not receive data: 9
[ 63135][E][WiFiUdp.cpp:221] parsePacket(): could not receive data: 9
[ 63142][E][WiFiUdp.cpp:221] parsePacket(): could not receive data: 9
[ 63148][E][WiFiUdp.cpp:221] parsePacket(): could not receive data: 9
[ 63154][E][WiFiUdp.cpp:221] parsePacket(): could not receive data: 9
[ 63160][E][WiFiUdp.cpp:221] parsePacket(): could not receive data: 9
[ 63166][E][WiFiUdp.cpp:221] parsePacket(): could not receive data: 9
[ 63172][E][WiFiUdp.cpp:221] parsePacket(): could not receive data: 9
[ 63178][E][WiFiUdp.cpp:221] parsePacket(): could not receive data: 9
[ 63185][E][WiFiUdp.cpp:221] parsePacket(): could not receive data: 9
[ 63192][E][WiFiUdp.cpp:221] parsePacket(): could not receive data: 9
[ 63200][E][WiFiUdp.cpp:221] parsePacket(): could not receive data: 9
[ 63207][E][WiFiUdp.cpp:221] parsePacket(): could not receive data: 9
[ 63215][E][WiFiUdp.cpp:221] parsePacket(): could not receive data: 9
[ 63223][E][WiFiUdp.cpp:221] parsePacket(): could not receive data: 9
[ 63232][E][WiFiUdp.cpp:221] parsePacket(): could not receive data: 9
[ 63241][E][WiFiUdp.cpp:221] parsePacket(): could not receive data: 9
[ 63249][E][WiFiUdp.cpp:221] parsePacket(): could not receive data: 9
[ 63256][E][WiFiUdp.cpp:221] parsePacket(): could not receive data: 9
[ 63263][E][WiFiUdp.cpp:221] parsePacket(): could not receive data: 9
[ 63269][E][WiFiUdp.cpp:221] parsePacket(): could not receive data: 9
[ 63275][E][WiFiUdp.cpp:221] parsePacket(): could not receive data: 9
[ 63281][E][WiFiUdp.cpp:221] parsePacket(): could not receive data: 9
[ 63287][E][WiFiUdp.cpp:221] parsePacket(): could not receive data: 9
[ 63293][E][WiFiUdp.cpp:221] parsePacket(): could not receive data: 9
[ 63299][E][WiFiUdp.cpp:221] parsePacket(): could not receive data: 9
[ 63305][E][WiFiUdp.cpp:221] parsePacket(): could not receive data: 9
[ 63312][E][WiFiUdp.cpp:221] parsePacket(): could not receive data: 9
[ 63319][E][WiFiUdp.cpp:221] parsePacket(): could not receive data: 9
[ 63326][E][WiFiUdp.cpp:221] parsePacket(): could not receive data: 9
[ 63333][E][WiFiUdp.cpp:221] parsePacket(): could not receive data: 9
[ 63340][E][WiFiUdp.cpp:221] parsePacket(): could not receive data: 9
[ 63346][E][WiFiUdp.cpp:221] parsePacket(): could not receive data: 9
[ 63353][E][WiFiUdp.cpp:221] parsePacket(): could not receive data: 9
[ 63360][E][WiFiUdp.cpp:221] parsePacket(): could not receive data: 9
[ 63369][E][WiFiUdp.cpp:221] parsePacket(): could not receive data: 9
[ 63376][E][WiFiUdp.cpp:221] parsePacket(): could not receive data: 9
[ 63383][E][WiFiUdp.cpp:221] parsePacket(): could not receive data: 9
[ 63390][E][WiFiUdp.cpp:221] parsePacket(): could not receive data: 9
[ 63397][E][WiFiUdp.cpp:221] parsePacket(): could not receive data: 9
[ 63404][E][WiFiUdp.cpp:221] parsePacket(): could not receive data: 9
[ 63411][E][WiFiUdp.cpp:221] parsePacket(): could not receive data: 9
[ 63418][E][WiFiUdp.cpp:221] parsePacket(): could not receive data: 9
[ 63425][E][WiFiUdp.cpp:221] parsePacket(): could not receive data: 9
[ 63432][E][WiFiUdp.cpp:221] parsePacket(): could not receive data: 9
[ 63439][E][WiFiUdp.cpp:221] parsePacket(): could not receive data: 9
[ 63446][E][WiFiUdp.cpp:221] parsePacket(): could not receive data: 9
[ 63453][E][WiFiUdp.cpp:221] parsePacket(): could not receive data: 9
[ 63460][E][WiFiUdp.cpp:221] parsePacket(): could not receive data: 9
[ 63467][E][WiFiUdp.cpp:221] parsePacket(): could not receive data: 9
[ 63476][E][WiFiUdp.cpp:221] parsePacket(): could not receive data: 9
[ 63483][E][WiFiUdp.cpp:221] parsePacket(): could not receive data: 9
[ 63490][E][WiFiUdp.cpp:221] parsePacket(): could not receive data: 9
[ 63497][E][WiFiUdp.cpp:221] parsePacket(): could not receive data: 9
[ 63506][E][WiFiUdp.cpp:221] parsePacket(): could not receive data: 9
[ 63515][E][WiFiUdp.cpp:221] parsePacket(): could not receive data: 9
[ 63524][E][WiFiUdp.cpp:221] parsePacket(): could not receive data: 9
[ 63532][E][WiFiUdp.cpp:221] parsePacket(): could not receive data: 9
[ 63539][E][WiFiUdp.cpp:221] parsePacket(): could not receive data: 9
[ 63546][E][WiFiUdp.cpp:221] parsePacket(): could not receive data: 9
[ 63553][E][WiFiUdp.cpp:221] parsePacket(): could not receive data: 9
[ 63560][E][WiFiUdp.cpp:221] parsePacket(): could not receive data: 9
[ 63567][E][WiFiUdp.cpp:221] parsePacket(): could not receive data: 9
[ 63574][E][WiFiUdp.cpp:221] parsePacket(): could not receive data: 9
[ 63581][E][WiFiUdp.cpp:221] parsePacket(): could not receive data: 9
[ 63588][E][WiFiUdp.cpp:221] parsePacket(): could not receive data: 9
[ 63595][E][WiFiUdp.cpp:221] parsePacket(): could not receive data: 9
[ 63602][E][WiFiUdp.cpp:221] parsePacket(): could not receive data: 9
[ 63609][E][WiFiUdp.cpp:221] parsePacket(): could not receive data: 9
[ 63616][E][WiFiUdp.cpp:221] parsePacket(): could not receive data: 9
[ 63623][E][WiFiUdp.cpp:221] parsePacket(): could not receive data: 9
[ 63629][E][WiFiUdp.cpp:221] parsePacket(): could not receive data: 9
[ 63637][E][WiFiUdp.cpp:221] parsePacket(): could not receive data: 9
[ 63644][E][WiFiUdp.cpp:221] parsePacket(): could not receive data: 9
[ 63651][E][WiFiUdp.cpp:221] parsePacket(): could not receive data: 9
[ 63658][E][WiFiUdp.cpp:221] parsePacket(): could not receive data: 9
[ 63665][E][WiFiUdp.cpp:221] parsePacket(): could not receive data: 9
[ 63672][E][WiFiUdp.cpp:221] parsePacket(): could not receive data: 9
[ 63679][E][WiFiUdp.cpp:221] parsePacket(): could not receive data: 9
[ 63686][E][WiFiUdp.cpp:221] parsePacket(): could not receive data: 9
[ 63693][E][WiFiUdp.cpp:221] parsePacket(): could not receive data: 9
[ 63700][E][WiFiUdp.cpp:221] parsePacket(): could not receive data: 9
[ 63707][E][WiFiUdp.cpp:221] parsePacket(): could not receive data: 9
[ 63714][E][WiFiUdp.cpp:221] parsePacket(): could not receive data: 9
[ 63721][E][WiFiUdp.cpp:221] parsePacket(): could not receive data: 9
[ 63728][E][WiFiUdp.cpp:221] parsePacket(): could not receive data: 9
[ 63735][E][WiFiUdp.cpp:221] parsePacket(): could not receive data: 9
[ 63742][E][WiFiUdp.cpp:221] parsePacket(): could not receive data: 9
[ 63749][E][WiFiUdp.cpp:221] parsePacket(): could not receive data: 9
[ 63756][E][WiFiUdp.cpp:221] parsePacket(): could not receive data: 9
[ 63763][E][WiFiUdp.cpp:221] parsePacket(): could not receive data: 9
[ 63769][E][WiFiUdp.cpp:221] parsePacket(): could not receive data: 9
[ 63775][E][WiFiUdp.cpp:221] parsePacket(): could not receive data: 9
[ 63782][E][WiFiUdp.cpp:221] parsePacket(): could not receive data: 9
[ 63790][E][WiFiUdp.cpp:221] parsePacket(): could not receive data: 9
[ 63796][E][WiFiUdp.cpp:221] parsePacket(): could not receive data: 9
[ 63802][E][WiFiUdp.cpp:221] parsePacket(): could not receive data: 9
[ 63808][E][WiFiUdp.cpp:221] parsePacket(): could not receive data: 9
[ 63814][E][WiFiUdp.cpp:221] parsePacket(): could not receive data: 9
[ 63820][E][WiFiUdp.cpp:221] parsePacket(): could not receive data: 9
[ 63826][E][WiFiUdp.cpp:221] parsePacket(): could not receive data: 9
[ 63832][E][WiFiUdp.cpp:221] parsePacket(): could not receive data: 9
[ 63838][E][WiFiUdp.cpp:221] parsePacket(): could not receive data: 9
[ 63844][E][WiFiUdp.cpp:221] parsePacket(): could not receive data: 9
[ 63850][E][WiFiUdp.cpp:221] parsePacket(): could not receive data: 9
[ 63856][E][WiFiUdp.cpp:221] parsePacket(): could not receive data: 9
[ 63862][E][WiFiUdp.cpp:221] parsePacket(): could not receive data: 9
[ 63868][E][WiFiUdp.cpp:221] parsePacket(): could not receive data: 9
[ 63874][E][WiFiUdp.cpp:221] parsePacket(): could not receive data: 9
[ 63880][E][WiFiUdp.cpp:221] parsePacket(): could not receive data: 9
[ 63886][E][WiFiUdp.cpp:221] parsePacket(): could not receive data: 9
[ 63894][E][WiFiUdp.cpp:221] parsePacket(): could not receive data: 9
[ 63903][E][WiFiUdp.cpp:221] parsePacket(): could not receive data: 9
[ 63912][E][WiFiUdp.cpp:221] parsePacket(): could not receive data: 9
[ 63919][E][WiFiUdp.cpp:221] parsePacket(): could not receive data: 9
[ 63927][E][WiFiUdp.cpp:221] parsePacket(): could not receive data: 9
[ 63935][E][WiFiUdp.cpp:221] parsePacket(): could not receive data: 9
[ 63943][E][WiFiUdp.cpp:221] parsePacket(): could not receive data: 9
[ 63951][E][WiFiUdp.cpp:221] parsePacket(): could not receive data: 9
[ 63958][E][WiFiUdp.cpp:221] parsePacket(): could not receive data: 9
[ 63965][E][WiFiUdp.cpp:221] parsePacket(): could not receive data: 9
[ 63972][E][WiFiUdp.cpp:221] parsePacket(): could not receive data: 9
[ 63978][E][WiFiUdp.cpp:221] parsePacket(): could not receive data: 9
[ 63986][E][WiFiUdp.cpp:221] parsePacket(): could not receive data: 9
[ 63993][E][WiFiUdp.cpp:221] parsePacket(): could not receive data: 9
[ 64000][E][WiFiUdp.cpp:221] parsePacket(): could not receive data: 9
[ 64007][E][WiFiUdp.cpp:221] parsePacket(): could not receive data: 9
[ 64013][E][WiFiUdp.cpp:221] parsePacket(): could not receive data: 9
[ 64020][E][WiFiUdp.cpp:221] parsePacket(): could not receive data: 9
[ 64027][E][WiFiUdp.cpp:221] parsePacket(): could not receive data: 9
[ 64034][E][WiFiUdp.cpp:221] parsePacket(): could not receive data: 9
[ 64041][E][WiFiUdp.cpp:221] parsePacket(): could not receive data: 9
[ 64047][E][WiFiUdp.cpp:221] parsePacket(): could not receive data: 9
[ 64054][E][WiFiUdp.cpp:221] parsePacket(): could not receive data: 9
[ 64061][E][WiFiUdp.cpp:221] parsePacket(): could not receive data: 9
[ 64068][E][WiFiUdp.cpp:221] parsePacket(): could not receive data: 9
[ 64075][E][WiFiUdp.cpp:221] parsePacket(): could not receive data: 9
[ 64082][E][WiFiUdp.cpp:221] parsePacket(): could not receive data: 9
[ 64089][E][WiFiUdp.cpp:221] parsePacket(): could not receive data: 9
[ 64096][E][WiFiUdp.cpp:221] parsePacket(): could not receive data: 9
[ 64103][E][WiFiUdp.cpp:221] parsePacket(): could not receive data: 9
[ 64110][E][WiFiUdp.cpp:221] parsePacket(): could not receive data: 9
[ 64118][E][WiFiUdp.cpp:221] parsePacket(): could not receive data: 9
[ 64125][E][WiFiUdp.cpp:221] parsePacket(): could not receive data: 9
[ 64132][E][WiFiUdp.cpp:221] parsePacket(): could not receive data: 9
[ 64141][E][WiFiUdp.cpp:221] parsePacket(): could not receive data: 9
[ 64148][E][WiFiUdp.cpp:221] parsePacket(): could not receive data: 9
[ 64155][E][WiFiUdp.cpp:221] parsePacket(): could not receive data: 9
[ 64162][E][WiFiUdp.cpp:221] parsePacket(): could not receive data: 9
[ 64169][E][WiFiUdp.cpp:221] parsePacket(): could not receive data: 9
[ 64176][E][WiFiUdp.cpp:221] parsePacket(): could not receive data: 9
[ 64183][E][WiFiUdp.cpp:221] parsePacket(): could not receive data: 9
[ 64191][E][WiFiUdp.cpp:221] parsePacket(): could not receive data: 9
[ 64200][E][WiFiUdp.cpp:221] parsePacket(): could not receive data: 9
[ 64209][E][WiFiUdp.cpp:221] parsePacket(): could not receive data: 9
[ 64218][E][WiFiUdp.cpp:221] parsePacket(): could not receive data: 9
[ 64226][E][WiFiUdp.cpp:221] parsePacket(): could not receive data: 9
[ 64234][E][WiFiUdp.cpp:221] parsePacket(): could not receive data: 9
[ 64241][E][WiFiUdp.cpp:221] parsePacket(): could not receive data: 9
[ 64248][E][WiFiUdp.cpp:221] parsePacket(): could not receive data: 9
[ 64255][E][WiFiUdp.cpp:221] parsePacket(): could not receive data: 9
[ 64262][E][WiFiUdp.cpp:221] parsePacket(): could not receive data: 9
[ 64269][E][WiFiUdp.cpp:221] parsePacket(): could not receive data: 9
[ 64276][E][WiFiUdp.cpp:221] parsePacket(): could not receive data: 9
[ 64283][E][WiFiUdp.cpp:221] parsePacket(): could not receive data: 9
[ 64292][E][WiFiUdp.cpp:221] parsePacket(): could not receive data: 9
[ 64299][E][WiFiUdp.cpp:221] parsePacket(): could not receive data: 9
[ 64306][E][WiFiUdp.cpp:221] parsePacket(): could not receive data: 9
[ 64313][E][WiFiUdp.cpp:221] parsePacket(): could not receive data: 9
[ 64320][E][WiFiUdp.cpp:221] parsePacket(): could not receive data: 9
[ 64327][E][WiFiUdp.cpp:221] parsePacket(): could not receive data: 9
[ 64334][E][WiFiUdp.cpp:221] parsePacket(): could not receive data: 9
[ 64341][E][WiFiUdp.cpp:221] parsePacket(): could not receive data: 9
[ 64348][E][WiFiUdp.cpp:221] parsePacket(): could not receive data: 9
[ 64355][E][WiFiUdp.cpp:221] parsePacket(): could not receive data: 9
[ 64361][E][WiFiUdp.cpp:221] parsePacket(): could not receive data: 9
[ 64367][E][WiFiUdp.cpp:221] parsePacket(): could not receive data: 9
[ 64373][E][WiFiUdp.cpp:221] parsePacket(): could not receive data: 9
[ 64379][E][WiFiUdp.cpp:221] parsePacket(): could not receive data: 9
[ 64385][E][WiFiUdp.cpp:221] parsePacket(): could not receive data: 9
[ 64391][E][WiFiUdp.cpp:221] parsePacket(): could not receive data: 9
[ 64397][E][WiFiUdp.cpp:221] parsePacket(): could not receive data: 9
[ 64403][E][WiFiUdp.cpp:221] parsePacket(): could not receive data: 9
[ 64409][E][WiFiUdp.cpp:221] parsePacket(): could not receive data: 9
[ 64415][E][WiFiUdp.cpp:221] parsePacket(): could not receive data: 9
[ 64421][E][WiFiUdp.cpp:221] parsePacket(): could not receive data: 9
[CON ]...accept() fd=50 free=132488
[CON ]...Client authenticated on port 2323. free heap=127272
-[ 64429][E][WiFiUdp.cpp:221] parsePacket(): could not receive data: 9
-[ 64435][E][WiFiUdp.cpp:221] parsePacket(): could not receive data: 9
m[ 64443][E][WiFiUdp.cpp:221] parsePacket(): could not receive data: 9
a[ 64450][E][WiFiUdp.cpp:221] parsePacket(): could not receive data: 9
x[ 64458][E][WiFiUdp.cpp:221] parsePacket(): could not receive data: 9
h[ 64468][E][WiFiUdp.cpp:221] parsePacket(): could not receive data: 9
o[ 64476][E][WiFiUdp.cpp:221] parsePacket(): could not receive data: 9
p[ 64484][E][WiFiUdp.cpp:221] parsePacket(): could not receive data: 9
[ 64491][E][WiFiUdp.cpp:221] parsePacket(): could not receive data: 9

maxhop 4 (pos 2)
[MAXHOP];text;4;pos;2
[ 64504][E][WiFiUdp.cpp:221] parsePacket(): could not receive data: 9
[ 64510][E][WiFiUdp.cpp:221] parsePacket(): could not receive data: 9
[ 64516][E][WiFiUdp.cpp:221] parsePacket(): could not receive data: 9
[ 64522][E][WiFiUdp.cpp:221] parsePacket(): could not receive data: 9
[ 64528][E][WiFiUdp.cpp:221] parsePacket(): could not receive data: 9
[ 64534][E][WiFiUdp.cpp:221] parsePacket(): could not receive data: 9
[ 64540][E][WiFiUdp.cpp:221] parsePacket(): could not receive data: 9
[ 64546][E][WiFiUdp.cpp:221] parsePacket(): could not receive data: 9
[ 64552][E][WiFiUdp.cpp:221] parsePacket(): could not receive data: 9
[ 64558][E][WiFiUdp.cpp:221] parsePacket(): could not receive data: 9
[ 64564][E][WiFiUdp.cpp:221] parsePacket(): could not receive data: 9
[ 64570][E][WiFiUdp.cpp:221] parsePacket(): could not receive data: 9
[ 64576][E][WiFiUdp.cpp:221] parsePacket(): could not receive data: 9
[ 64582][E][WiFiUdp.cpp:221] parsePacket(): could not receive data: 9
[ 64588][E][WiFiUdp.cpp:221] parsePacket(): could not receive data: 9
[ 64594][E][WiFiUdp.cpp:221] parsePacket(): could not receive data: 9
[ 64600][E][WiFiUdp.cpp:221] parsePacket(): could not receive data: 9
[ 64606][E][WiFiUdp.cpp:221] parsePacket(): could not receive data: 9
[ 64612][E][WiFiUdp.cpp:221] parsePacket(): could not receive data: 9
[ 64618][E][WiFiUdp.cpp:221] parsePacket(): could not receive data: 9
[ 64625][E][WiFiUdp.cpp:221] parsePacket(): could not receive data: 9
[ 64632][E][WiFiUdp.cpp:221] parsePacket(): could not receive data: 9
[ 64639][E][WiFiUdp.cpp:221] parsePacket(): could not receive data: 9
[ 64646][E][WiFiUdp.cpp:221] parsePacket(): could not receive data: 9
[ 64653][E][WiFiUdp.cpp:221] parsePacket(): could not receive data: 9
[ 64660][E][WiFiUdp.cpp:221] parsePacket(): could not receive data: 9
[ 64667][E][WiFiUdp.cpp:221] parsePacket(): could not receive data: 9
[ 64674][E][WiFiUdp.cpp:221] parsePacket(): could not receive data: 9
[ 64681][E][WiFiUdp.cpp:221] parsePacket(): could not receive data: 9
[ 64688][E][WiFiUdp.cpp:221] parsePacket(): could not receive data: 9
[ 64694][E][WiFiUdp.cpp:221] parsePacket(): could not receive data: 9
[ 64700][E][WiFiUdp.cpp:221] parsePacket(): could not receive data: 9
[ 64706][E][WiFiUdp.cpp:221] parsePacket(): could not receive data: 9
[ 64712][E][WiFiUdp.cpp:221] parsePacket(): could not receive data: 9
[ 64718][E][WiFiUdp.cpp:221] parsePacket(): could not receive data: 9
[ 64725][E][WiFiUdp.cpp:221] parsePacket(): could not receive data: 9
[ 64732][E][WiFiUdp.cpp:221] parsePacket(): could not receive data: 9
[ 64740][E][WiFiUdp.cpp:221] parsePacket(): could not receive data: 9
[ 64747][E][WiFiUdp.cpp:221] parsePacket(): could not receive data: 9
[ 64756][E][WiFiUdp.cpp:221] parsePacket(): could not receive data: 9
[ 64763][E][WiFiUdp.cpp:221] parsePacket(): could not receive data: 9
[ 64770][E][WiFiUdp.cpp:221] parsePacket(): could not receive data: 9
[ 64777][E][WiFiUdp.cpp:221] parsePacket(): could not receive data: 9
[ 64784][E][WiFiUdp.cpp:221] parsePacket(): could not receive data: 9
[ 64790][E][WiFiUdp.cpp:221] parsePacket(): could not receive data: 9
[ 64797][E][WiFiUdp.cpp:221] parsePacket(): could not receive data: 9
[ 64804][E][WiFiUdp.cpp:221] parsePacket(): could not receive data: 9
[ 64810][E][WiFiUdp.cpp:221] parsePacket(): could not receive data: 9
[ 64816][E][WiFiUdp.cpp:221] parsePacket(): could not receive data: 9
[ 64822][E][WiFiUdp.cpp:221] parsePacket(): could not receive data: 9
[ 64828][E][WiFiUdp.cpp:221] parsePacket(): could not receive data: 9
[ 64835][E][WiFiUdp.cpp:221] parsePacket(): could not receive data: 9
[ 64842][E][WiFiUdp.cpp:221] parsePacket(): could not receive data: 9
[ 64849][E][WiFiUdp.cpp:221] parsePacket(): could not receive data: 9
[ 64856][E][WiFiUdp.cpp:221] parsePacket(): could not receive data: 9
[ 64862][E][WiFiUdp.cpp:221] parsePacket(): could not receive data: 9
[ 64868][E][WiFiUdp.cpp:221] parsePacket(): could not receive data: 9
[ 64874][E][WiFiUdp.cpp:221] parsePacket(): could not receive data: 9
[ 64880][E][WiFiUdp.cpp:221] parsePacket(): could not receive data: 9
[ 64887][E][WiFiUdp.cpp:221] parsePacket(): could not receive data: 9
[ 64894][E][WiFiUdp.cpp:221] parsePacket(): could not receive data: 9
[ 64901][E][WiFiUdp.cpp:221] parsePacket(): could not receive data: 9
[ 64907][E][WiFiUdp.cpp:221] parsePacket(): could not receive data: 9
[ 64913][E][WiFiUdp.cpp:221] parsePacket(): could not receive data: 9
[ 64919][E][WiFiUdp.cpp:221] parsePacket(): could not receive data: 9
[ 64925][E][WiFiUdp.cpp:221] parsePacket(): could not receive data: 9
[ 64931][E][WiFiUdp.cpp:221] parsePacket(): could not receive data: 9
[ 64937][E][WiFiUdp.cpp:221] parsePacket(): could not receive data: 9
[ 64943][E][WiFiUdp.cpp:221] parsePacket(): could not receive data: 9
[ 64949][E][WiFiUdp.cpp:221] parsePacket(): could not receive data: 9
[ 64955][E][WiFiUdp.cpp:221] parsePacket(): could not receive data: 9
[ 64961][E][WiFiUdp.cpp:221] parsePacket(): could not receive data: 9
[ 64967][E][WiFiUdp.cpp:221] parsePacket(): could not receive data: 9
[ 64973][E][WiFiUdp.cpp:221] parsePacket(): could not receive data: 9
[ 64979][E][WiFiUdp.cpp:221] parsePacket(): could not receive data: 9
[ 64985][E][WiFiUdp.cpp:221] parsePacket(): could not receive data: 9
[ 64991][E][WiFiUdp.cpp:221] parsePacket(): could not receive data: 9
[ 64997][E][WiFiUdp.cpp:221] parsePacket(): could not receive data: 9
[ 65003][E][WiFiUdp.cpp:221] parsePacket(): could not receive data: 9
[ 65009][E][WiFiUdp.cpp:221] parsePacket(): could not receive data: 9
[ 65015][E][WiFiUdp.cpp:221] parsePacket(): could not receive data: 9
[ 65021][E][WiFiUdp.cpp:221] parsePacket(): could not receive data: 9
[ 65027][E][WiFiUdp.cpp:221] parsePacket(): could not receive data: 9
[ 65033][E][WiFiUdp.cpp:221] parsePacket(): could not receive data: 9
[ 65039][E][WiFiUdp.cpp:221] parsePacket(): could not receive data: 9
[ 65045][E][WiFiUdp.cpp:221] parsePacket(): could not receive data: 9
[ 65051][E][WiFiUdp.cpp:221] parsePacket(): could not receive data: 9
[ 65057][E][WiFiUdp.cpp:221] parsePacket(): could not receive data: 9
[ 65063][E][WiFiUdp.cpp:221] parsePacket(): could not receive data: 9
[ 65070][E][WiFiUdp.cpp:221] parsePacket(): could not receive data: 9
[ 65076][E][WiFiUdp.cpp:221] parsePacket(): could not receive data: 9
[ 65082][E][WiFiUdp.cpp:221] parsePacket(): could not receive data: 9
[ 65088][E][WiFiUdp.cpp:221] parsePacket(): could not receive data: 9
[ 65094][E][WiFiUdp.cpp:221] parsePacket(): could not receive data: 9
[ 65100][E][WiFiUdp.cpp:221] parsePacket(): could not receive data: 9
[ 65106][E][WiFiUdp.cpp:221] parsePacket(): could not receive data: 9
[ 65112][E][WiFiUdp.cpp:221] parsePacket(): could not receive data: 9
[ 65117][E][WiFiUdp.cpp:221] parsePacket(): could not receive data: 9
[ 65123][E][WiFiUdp.cpp:221] parsePacket(): could not receive data: 9
[ 65129][E][WiFiUdp.cpp:221] parsePacket(): could not receive data: 9
[ 65135][E][WiFiUdp.cpp:221] parsePacket(): could not receive data: 9
[ 65141][E][WiFiUdp.cpp:221] parsePacket(): could not receive data: 9
[ 65147][E][WiFiUdp.cpp:221] parsePacket(): could not receive data: 9
[ 65153][E][WiFiUdp.cpp:221] parsePacket(): could not receive data: 9
[ 65159][E][WiFiUdp.cpp:221] parsePacket(): could not receive data: 9
[ 65165][E][WiFiUdp.cpp:221] parsePacket(): could not receive data: 9
[ 65171][E][WiFiUdp.cpp:221] parsePacket(): could not receive data: 9
[ 65177][E][WiFiUdp.cpp:221] parsePacket(): could not receive data: 9
[ 65183][E][WiFiUdp.cpp:221] parsePacket(): could not receive data: 9
[ 65190][E][WiFiUdp.cpp:221] parsePacket(): could not receive data: 9
[ 65197][E][WiFiUdp.cpp:221] parsePacket(): could not receive data: 9
[ 65204][E][WiFiUdp.cpp:221] parsePacket(): could not receive data: 9
[ 65211][E][WiFiUdp.cpp:221] parsePacket(): could not receive data: 9
[ 65218][E][WiFiUdp.cpp:221] parsePacket(): could not receive data: 9
[ 65225][E][WiFiUdp.cpp:221] parsePacket(): could not receive data: 9
[ 65232][E][WiFiUdp.cpp:221] parsePacket(): could not receive data: 9
[ 65239][E][WiFiUdp.cpp:221] parsePacket(): could not receive data: 9
[ 65246][E][WiFiUdp.cpp:221] parsePacket(): could not receive data: 9
[ 65253][E][WiFiUdp.cpp:221] parsePacket(): could not receive data: 9
[ 65260][E][WiFiUdp.cpp:221] parsePacket(): could not receive data: 9
[ 65266][E][WiFiUdp.cpp:221] parsePacket(): could not receive data: 9
[ 65273][E][WiFiUdp.cpp:221] parsePacket(): could not receive data: 9
[ 65280][E][WiFiUdp.cpp:221] parsePacket(): could not receive data: 9
[ 65287][E][WiFiUdp.cpp:221] parsePacket(): could not receive data: 9
[ 65294][E][WiFiUdp.cpp:221] parsePacket(): could not receive data: 9
[ 65301][E][WiFiUdp.cpp:221] parsePacket(): could not receive data: 9
[ 65308][E][WiFiUdp.cpp:221] parsePacket(): could not receive data: 9
[ 65315][E][WiFiUdp.cpp:221] parsePacket(): could not receive data: 9
[ 65322][E][WiFiUdp.cpp:221] parsePacket(): could not receive data: 9
[ 65329][E][WiFiUdp.cpp:221] parsePacket(): could not receive data: 9
[ 65337][E][WiFiUdp.cpp:221] parsePacket(): could not receive data: 9
[ 65345][E][WiFiUdp.cpp:221] parsePacket(): could not receive data: 9
[ 65352][E][WiFiUdp.cpp:221] parsePacket(): could not receive data: 9
[ 65359][E][WiFiUdp.cpp:221] parsePacket(): could not receive data: 9
[ 65366][E][WiFiUdp.cpp:221] parsePacket(): could not receive data: 9
[ 65374][E][WiFiUdp.cpp:221] parsePacket(): could not receive data: 9
[ 65382][E][WiFiUdp.cpp:221] parsePacket(): could not receive data: 9
[ 65390][E][WiFiUdp.cpp:221] parsePacket(): could not receive data: 9
[ 65396][E][WiFiUdp.cpp:221] parsePacket(): could not receive data: 9
[ 65402][E][WiFiUdp.cpp:221] parsePacket(): could not receive data: 9
[ 65408][E][WiFiUdp.cpp:221] parsePacket(): could not receive data: 9
[ 65414][E][WiFiUdp.cpp:221] parsePacket(): could not receive data: 9
[ 65420][E][WiFiUdp.cpp:221] parsePacket(): could not receive data: 9
[ 65426][E][WiFiUdp.cpp:221] parsePacket(): could not receive data: 9
[ 65432][E][WiFiUdp.cpp:221] parsePacket(): could not receive data: 9
[ 65438][E][WiFiUdp.cpp:221] parsePacket(): could not receive data: 9
[ 65444][E][WiFiUdp.cpp:221] parsePacket(): could not receive data: 9
[ 65450][E][WiFiUdp.cpp:221] parsePacket(): could not receive data: 9
[ 65456][E][WiFiUdp.cpp:221] parsePacket(): could not receive data: 9
[ 65462][E][WiFiUdp.cpp:221] parsePacket(): could not receive data: 9
[ 65468][E][WiFiUdp.cpp:221] parsePacket(): could not receive data: 9
[ 65474][E][WiFiUdp.cpp:221] parsePacket(): could not receive data: 9
[ 65480][E][WiFiUdp.cpp:221] parsePacket(): could not receive data: 9
[ 65486][E][WiFiUdp.cpp:221] parsePacket(): could not receive data: 9
[ 65492][E][WiFiUdp.cpp:221] parsePacket(): could not receive data: 9
[ 65498][E][WiFiUdp.cpp:221] parsePacket(): could not receive data: 9
[ 65504][E][WiFiUdp.cpp:221] parsePacket(): could not receive data: 9
[ 65510][E][WiFiUdp.cpp:221] parsePacket(): could not receive data: 9
[ 65516][E][WiFiUdp.cpp:221] parsePacket(): could not receive data: 9
[ 65523][E][WiFiUdp.cpp:221] parsePacket(): could not receive data: 9
[ 65530][E][WiFiUdp.cpp:221] parsePacket(): could not receive data: 9
[ 65536][E][WiFiUdp.cpp:221] parsePacket(): could not receive data: 9
[ 65544][E][WiFiUdp.cpp:221] parsePacket(): could not receive data: 9
[ 65551][E][WiFiUdp.cpp:221] parsePacket(): could not receive data: 9
[ 65558][E][WiFiUdp.cpp:221] parsePacket(): could not receive data: 9
[ 65565][E][WiFiUdp.cpp:221] parsePacket(): could not receive data: 9
[ 65572][E][WiFiUdp.cpp:221] parsePacket(): could not receive data: 9
[ 65578][E][WiFiUdp.cpp:221] parsePacket(): could not receive data: 9
[ 65584][E][WiFiUdp.cpp:221] parsePacket(): could not receive data: 9
[ 65590][E][WiFiUdp.cpp:221] parsePacket(): could not receive data: 9
[ 65596][E][WiFiUdp.cpp:221] parsePacket(): could not receive data: 9
[ 65602][E][WiFiUdp.cpp:221] parsePacket(): could not receive data: 9
[ 65608][E][WiFiUdp.cpp:221] parsePacket(): could not receive data: 9
[ 65614][E][WiFiUdp.cpp:221] parsePacket(): could not receive data: 9
[ 65620][E][WiFiUdp.cpp:221] parsePacket(): could not receive data: 9
[ 65625][E][WiFiUdp.cpp:221] parsePacket(): could not receive data: 9
[ 65631][E][WiFiUdp.cpp:221] parsePacket(): could not receive data: 9
[ 65637][E][WiFiUdp.cpp:221] parsePacket(): could not receive data: 9
[ 65643][E][WiFiUdp.cpp:221] parsePacket(): could not receive data: 9
[ 65649][E][WiFiUdp.cpp:221] parsePacket(): could not receive data: 9
[ 65655][E][WiFiUdp.cpp:221] parsePacket(): could not receive data: 9
[ 65661][E][WiFiUdp.cpp:221] parsePacket(): could not receive data: 9
[ 65667][E][WiFiUdp.cpp:221] parsePacket(): could not receive data: 9
[ 65673][E][WiFiUdp.cpp:221] parsePacket(): could not receive data: 9
[ 65679][E][WiFiUdp.cpp:221] parsePacket(): could not receive data: 9
[ 65685][E][WiFiUdp.cpp:221] parsePacket(): could not receive data: 9
[ 65691][E][WiFiUdp.cpp:221] parsePacket(): could not receive data: 9
[ 65697][E][WiFiUdp.cpp:221] parsePacket(): could not receive data: 9
[ 65703][E][WiFiUdp.cpp:221] parsePacket(): could not receive data: 9
[ 65709][E][WiFiUdp.cpp:221] parsePacket(): could not receive data: 9
[ 65715][E][WiFiUdp.cpp:221] parsePacket(): could not receive data: 9
[ 65721][E][WiFiUdp.cpp:221] parsePacket(): could not receive data: 9
[ 65727][E][WiFiUdp.cpp:221] parsePacket(): could not receive data: 9
[ 65733][E][WiFiUdp.cpp:221] parsePacket(): could not receive data: 9
[ 65739][E][WiFiUdp.cpp:221] parsePacket(): could not receive data: 9
[ 65745][E][WiFiUdp.cpp:221] parsePacket(): could not receive data: 9
[ 65751][E][WiFiUdp.cpp:221] parsePacket(): could not receive data: 9
[ 65757][E][WiFiUdp.cpp:221] parsePacket(): could not receive data: 9
[ 65763][E][WiFiUdp.cpp:221] parsePacket(): could not receive data: 9
[ 65769][E][WiFiUdp.cpp:221] parsePacket(): could not receive data: 9
[ 65775][E][WiFiUdp.cpp:221] parsePacket(): could not receive data: 9
[ 65781][E][WiFiUdp.cpp:221] parsePacket(): could not receive data: 9
[ 65787][E][WiFiUdp.cpp:221] parsePacket(): could not receive data: 9
[ 65793][E][WiFiUdp.cpp:221] parsePacket(): could not receive data: 9
[ 65799][E][WiFiUdp.cpp:221] parsePacket(): could not receive data: 9
[ 65805][E][WiFiUdp.cpp:221] parsePacket(): could not receive data: 9
[ 65811][E][WiFiUdp.cpp:221] parsePacket(): could not receive data: 9
[ 65817][E][WiFiUdp.cpp:221] parsePacket(): could not receive data: 9
[ 65823][E][WiFiUdp.cpp:221] parsePacket(): could not receive data: 9
[ 65829][E][WiFiUdp.cpp:221] parsePacket(): could not receive data: 9
[ 65835][E][WiFiUdp.cpp:221] parsePacket(): could not receive data: 9
[ 65841][E][WiFiUdp.cpp:221] parsePacket(): could not receive data: 9
[ 65847][E][WiFiUdp.cpp:221] parsePacket(): could not receive data: 9
[ 65853][E][WiFiUdp.cpp:221] parsePacket(): could not receive data: 9
[ 65859][E][WiFiUdp.cpp:221] parsePacket(): could not receive data: 9
[ 65865][E][WiFiUdp.cpp:221] parsePacket(): could not receive data: 9
[ 65871][E][WiFiUdp.cpp:221] parsePacket(): could not receive data: 9
[ 65877][E][WiFiUdp.cpp:221] parsePacket(): could not receive data: 9
[ 65883][E][WiFiUdp.cpp:221] parsePacket(): could not receive data: 9
[ 65889][E][WiFiUdp.cpp:221] parsePacket(): could not receive data: 9
[ 65896][E][WiFiUdp.cpp:221] parsePacket(): could not receive data: 9
[ 65903][E][WiFiUdp.cpp:221] parsePacket(): could not receive data: 9
[ 65910][E][WiFiUdp.cpp:221] parsePacket(): could not receive data: 9
[ 65917][E][WiFiUdp.cpp:221] parsePacket(): could not receive data: 9
[ 65924][E][WiFiUdp.cpp:221] parsePacket(): could not receive data: 9
[ 65931][E][WiFiUdp.cpp:221] parsePacket(): could not receive data: 9
[ 65938][E][WiFiUdp.cpp:221] parsePacket(): could not receive data: 9
[ 65945][E][WiFiUdp.cpp:221] parsePacket(): could not receive data: 9
[ 65952][E][WiFiUdp.cpp:221] parsePacket(): could not receive data: 9
[ 65959][E][WiFiUdp.cpp:221] parsePacket(): could not receive data: 9
[ 65966][E][WiFiUdp.cpp:221] parsePacket(): could not receive data: 9
[ 65973][E][WiFiUdp.cpp:221] parsePacket(): could not receive data: 9
[ 65980][E][WiFiUdp.cpp:221] parsePacket(): could not receive data: 9
[ 65987][E][WiFiUdp.cpp:221] parsePacket(): could not receive data: 9
[ 65994][E][WiFiUdp.cpp:221] parsePacket(): could not receive data: 9
[ 66000][E][WiFiUdp.cpp:221] parsePacket(): could not receive data: 9
[ 66008][E][WiFiUdp.cpp:221] parsePacket(): could not receive data: 9
[ 66014][E][WiFiUdp.cpp:221] parsePacket(): could not receive data: 9
[ 66020][E][WiFiUdp.cpp:221] parsePacket(): could not receive data: 9
[ 66026][E][WiFiUdp.cpp:221] parsePacket(): could not receive data: 9
[ 66032][E][WiFiUdp.cpp:221] parsePacket(): could not receive data: 9
[ 66037][E][WiFiUdp.cpp:221] parsePacket(): could not receive data: 9
[ 66043][E][WiFiUdp.cpp:221] parsePacket(): could not receive data: 9
[ 66049][E][WiFiUdp.cpp:221] parsePacket(): could not receive data: 9
[ 66055][E][WiFiUdp.cpp:221] parsePacket(): could not receive data: 9
[ 66061][E][WiFiUdp.cpp:221] parsePacket(): could not receive data: 9
[ 66067][E][WiFiUdp.cpp:221] parsePacket(): could not receive data: 9
[ 66073][E][WiFiUdp.cpp:221] parsePacket(): could not receive data: 9
[ 66079][E][WiFiUdp.cpp:221] parsePacket(): could not receive data: 9
[ 66085][E][WiFiUdp.cpp:221] parsePacket(): could not receive data: 9
[ 66091][E][WiFiUdp.cpp:221] parsePacket(): could not receive data: 9
[ 66097][E][WiFiUdp.cpp:221] parsePacket(): could not receive data: 9
[ 66103][E][WiFiUdp.cpp:221] parsePacket(): could not receive data: 9
[ 66109][E][WiFiUdp.cpp:221] parsePacket(): could not receive data: 9
[ 66115][E][WiFiUdp.cpp:221] parsePacket(): could not receive data: 9
[ 66122][E][WiFiUdp.cpp:221] parsePacket(): could not receive data: 9
[ 66128][E][WiFiUdp.cpp:221] parsePacket(): could not receive data: 9
[ 66134][E][WiFiUdp.cpp:221] parsePacket(): could not receive data: 9
[ 66140][E][WiFiUdp.cpp:221] parsePacket(): could not receive data: 9
[ 66146][E][WiFiUdp.cpp:221] parsePacket(): could not receive data: 9
[ 66152][E][WiFiUdp.cpp:221] parsePacket(): could not receive data: 9
[ 66158][E][WiFiUdp.cpp:221] parsePacket(): could not receive data: 9
[ 66164][E][WiFiUdp.cpp:221] parsePacket(): could not receive data: 9
[ 66170][E][WiFiUdp.cpp:221] parsePacket(): could not receive data: 9
[ 66176][E][WiFiUdp.cpp:221] parsePacket(): could not receive data: 9
[ 66182][E][WiFiUdp.cpp:221] parsePacket(): could not receive data: 9
[ 66188][E][WiFiUdp.cpp:221] parsePacket(): could not receive data: 9
[ 66194][E][WiFiUdp.cpp:221] parsePacket(): could not receive data: 9
[ 66200][E][WiFiUdp.cpp:221] parsePacket(): could not receive data: 9
[ 66206][E][WiFiUdp.cpp:221] parsePacket(): could not receive data: 9
[ 66212][E][WiFiUdp.cpp:221] parsePacket(): could not receive data: 9
[ 66218][E][WiFiUdp.cpp:221] parsePacket(): could not receive data: 9
[ 66224][E][WiFiUdp.cpp:221] parsePacket(): could not receive data: 9
[ 66230][E][WiFiUdp.cpp:221] parsePacket(): could not receive data: 9
[ 66236][E][WiFiUdp.cpp:221] parsePacket(): could not receive data: 9
[ 66242][E][WiFiUdp.cpp:221] parsePacket(): could not receive data: 9
[ 66248][E][WiFiUdp.cpp:221] parsePacket(): could not receive data: 9
[ 66254][E][WiFiUdp.cpp:221] parsePacket(): could not receive data: 9
[ 66260][E][WiFiUdp.cpp:221] parsePacket(): could not receive data: 9
[ 66266][E][WiFiUdp.cpp:221] parsePacket(): could not receive data: 9
[ 66272][E][WiFiUdp.cpp:221] parsePacket(): could not receive data: 9
[ 66278][E][WiFiUdp.cpp:221] parsePacket(): could not receive data: 9
[ 66284][E][WiFiUdp.cpp:221] parsePacket(): could not receive data: 9
[ 66290][E][WiFiUdp.cpp:221] parsePacket(): could not receive data: 9
[ 66296][E][WiFiUdp.cpp:221] parsePacket(): could not receive data: 9
[ 66302][E][WiFiUdp.cpp:221] parsePacket(): could not receive data: 9
[ 66308][E][WiFiUdp.cpp:221] parsePacket(): could not receive data: 9
[ 66314][E][WiFiUdp.cpp:221] parsePacket(): could not receive data: 9
[ 66320][E][WiFiUdp.cpp:221] parsePacket(): could not receive data: 9
[ 66326][E][WiFiUdp.cpp:221] parsePacket(): could not receive data: 9
[ 66332][E][WiFiUdp.cpp:221] parsePacket(): could not receive data: 9
[ 66338][E][WiFiUdp.cpp:221] parsePacket(): could not receive data: 9
[ 66344][E][WiFiUdp.cpp:221] parsePacket(): could not receive data: 9
[ 66350][E][WiFiUdp.cpp:221] parsePacket(): could not receive data: 9
[ 66356][E][WiFiUdp.cpp:221] parsePacket(): could not receive data: 9
[ 66362][E][WiFiUdp.cpp:221] parsePacket(): could not receive data: 9
[ 66368][E][WiFiUdp.cpp:221] parsePacket(): could not receive data: 9
[ 66374][E][WiFiUdp.cpp:221] parsePacket(): could not receive data: 9
[ 66380][E][WiFiUdp.cpp:221] parsePacket(): could not receive data: 9
[ 66385][E][WiFiUdp.cpp:221] parsePacket(): could not receive data: 9
[ 66391][E][WiFiUdp.cpp:221] parsePacket(): could not receive data: 9
[ 66397][E][WiFiUdp.cpp:221] parsePacket(): could not receive data: 9
[ 66403][E][WiFiUdp.cpp:221] parsePacket(): could not receive data: 9
[ 66409][E][WiFiUdp.cpp:221] parsePacket(): could not receive data: 9
[ 66415][E][WiFiUdp.cpp:221] parsePacket(): could not receive data: 9
[ 66421][E][WiFiUdp.cpp:221] parsePacket(): could not receive data: 9
[ 66427][E][WiFiUdp.cpp:221] parsePacket(): could not receive data: 9
[ 66433][E][WiFiUdp.cpp:221] parsePacket(): could not receive data: 9
[ 66439][E][WiFiUdp.cpp:221] parsePacket(): could not receive data: 9
[ 66445][E][WiFiUdp.cpp:221] parsePacket(): could not receive data: 9
[ 66451][E][WiFiUdp.cpp:221] parsePacket(): could not receive data: 9
[ 66457][E][WiFiUdp.cpp:221] parsePacket(): could not receive data: 9
[ 66463][E][WiFiUdp.cpp:221] parsePacket(): could not receive data: 9
[ 66469][E][WiFiUdp.cpp:221] parsePacket(): could not receive data: 9
[ 66475][E][WiFiUdp.cpp:221] parsePacket(): could not receive data: 9
[ 66480][E][WiFiUdp.cpp:221] parsePacket(): could not receive data: 9
[ 66487][E][WiFiUdp.cpp:221] parsePacket(): could not receive data: 9
[ 66493][E][WiFiUdp.cpp:221] parsePacket(): could not receive data: 9
[ 66499][E][WiFiUdp.cpp:221] parsePacket(): could not receive data: 9
[ 66505][E][WiFiUdp.cpp:221] parsePacket(): could not receive data: 9
[ 66511][E][WiFiUdp.cpp:221] parsePacket(): could not receive data: 9
[ 66517][E][WiFiUdp.cpp:221] parsePacket(): could not receive data: 9
[ 66523][E][WiFiUdp.cpp:221] parsePacket(): could not receive data: 9
[ 66529][E][WiFiUdp.cpp:221] parsePacket(): could not receive data: 9
[ 66535][E][WiFiUdp.cpp:221] parsePacket(): could not receive data: 9
[ 66541][E][WiFiUdp.cpp:221] parsePacket(): could not receive data: 9
[ 66547][E][WiFiUdp.cpp:221] parsePacket(): could not receive data: 9
[ 66553][E][WiFiUdp.cpp:221] parsePacket(): could not receive data: 9
[ 66559][E][WiFiUdp.cpp:221] parsePacket(): could not receive data: 9
[ 66565][E][WiFiUdp.cpp:221] parsePacket(): could not receive data: 9
[ 66571][E][WiFiUdp.cpp:221] parsePacket(): could not receive data: 9
[ 66577][E][WiFiUdp.cpp:221] parsePacket(): could not receive data: 9
[ 66583][E][WiFiUdp.cpp:221] parsePacket(): could not receive data: 9
[ 66589][E][WiFiUdp.cpp:221] parsePacket(): could not receive data: 9
[ 66595][E][WiFiUdp.cpp:221] parsePacket(): could not receive data: 9
[ 66601][E][WiFiUdp.cpp:221] parsePacket(): could not receive data: 9
[ 66607][E][WiFiUdp.cpp:221] parsePacket(): could not receive data: 9
[ 66613][E][WiFiUdp.cpp:221] parsePacket(): could not receive data: 9
[ 66619][E][WiFiUdp.cpp:221] parsePacket(): could not receive data: 9
[ 66625][E][WiFiUdp.cpp:221] parsePacket(): could not receive data: 9
[ 66631][E][WiFiUdp.cpp:221] parsePacket(): could not receive data: 9
[ 66637][E][WiFiUdp.cpp:221] parsePacket(): could not receive data: 9
[ 66643][E][WiFiUdp.cpp:221] parsePacket(): could not receive data: 9
[ 66649][E][WiFiUdp.cpp:221] parsePacket(): could not receive data: 9
[ 66655][E][WiFiUdp.cpp:221] parsePacket(): could not receive data: 9
[ 66661][E][WiFiUdp.cpp:221] parsePacket(): could not receive data: 9
[ 66667][E][WiFiUdp.cpp:221] parsePacket(): could not receive data: 9
[ 66673][E][WiFiUdp.cpp:221] parsePacket(): could not receive data: 9
[ 66679][E][WiFiUdp.cpp:221] parsePacket(): could not receive data: 9
[ 66685][E][WiFiUdp.cpp:221] parsePacket(): could not receive data: 9
[ 66691][E][WiFiUdp.cpp:221] parsePacket(): could not receive data: 9
[ 66697][E][WiFiUdp.cpp:221] parsePacket(): could not receive data: 9
[ 66703][E][WiFiUdp.cpp:221] parsePacket(): could not receive data: 9
[ 66709][E][WiFiUdp.cpp:221] parsePacket(): could not receive data: 9
[ 66715][E][WiFiUdp.cpp:221] parsePacket(): could not receive data: 9
[ 66721][E][WiFiUdp.cpp:221] parsePacket(): could not receive data: 9
[ 66727][E][WiFiUdp.cpp:221] parsePacket(): could not receive data: 9
[ 66733][E][WiFiUdp.cpp:221] parsePacket(): could not receive data: 9
[ 66739][E][WiFiUdp.cpp:221] parsePacket(): could not receive data: 9
[ 66745][E][WiFiUdp.cpp:221] parsePacket(): could not receive data: 9
[ 66751][E][WiFiUdp.cpp:221] parsePacket(): could not receive data: 9
[ 66757][E][WiFiUdp.cpp:221] parsePacket(): could not receive data: 9
[ 66763][E][WiFiUdp.cpp:221] parsePacket(): could not receive data: 9
[ 66769][E][WiFiUdp.cpp:221] parsePacket(): could not receive data: 9
[ 66775][E][WiFiUdp.cpp:221] parsePacket(): could not receive data: 9
[ 66781][E][WiFiUdp.cpp:221] parsePacket(): could not receive data: 9
[ 66787][E][WiFiUdp.cpp:221] parsePacket(): could not receive data: 9
[ 66793][E][WiFiUdp.cpp:221] parsePacket(): could not receive data: 9
[ 66799][E][WiFiUdp.cpp:221] parsePacket(): could not receive data: 9
[ 66805][E][WiFiUdp.cpp:221] parsePacket(): could not receive data: 9
[ 66811][E][WiFiUdp.cpp:221] parsePacket(): could not receive data: 9
[ 66817][E][WiFiUdp.cpp:221] parsePacket(): could not receive data: 9
[ 66823][E][WiFiUdp.cpp:221] parsePacket(): could not receive data: 9
[ 66829][E][WiFiUdp.cpp:221] parsePacket(): could not receive data: 9
[ 66835][E][WiFiUdp.cpp:221] parsePacket(): could not receive data: 9
[ 66841][E][WiFiUdp.cpp:221] parsePacket(): could not receive data: 9
[ 66847][E][WiFiUdp.cpp:221] parsePacket(): could not receive data: 9
[ 66853][E][WiFiUdp.cpp:221] parsePacket(): could not receive data: 9
[ 66859][E][WiFiUdp.cpp:221] parsePacket(): could not receive data: 9
[ 66865][E][WiFiUdp.cpp:221] parsePacket(): could not receive data: 9
[ 66871][E][WiFiUdp.cpp:221] parsePacket(): could not receive data: 9
[ 66876][E][WiFiUdp.cpp:221] parsePacket(): could not receive data: 9
[ 66881][E][WiFiUdp.cpp:221] parsePacket(): could not receive data: 9
[ 66886][E][WiFiUdp.cpp:221] parsePacket(): could not receive data: 9
[ 66892][E][WiFiUdp.cpp:221] parsePacket(): could not receive data: 9
[ 66898][E][WiFiUdp.cpp:221] parsePacket(): could not receive data: 9
[ 66904][E][WiFiUdp.cpp:221] parsePacket(): could not receive data: 9
[ 66910][E][WiFiUdp.cpp:221] parsePacket(): could not receive data: 9
[ 66916][E][WiFiUdp.cpp:221] parsePacket(): could not receive data: 9
[ 66922][E][WiFiUdp.cpp:221] parsePacket(): could not receive data: 9
[ 66928][E][WiFiUdp.cpp:221] parsePacket(): could not receive data: 9
[ 66934][E][WiFiUdp.cpp:221] parsePacket(): could not receive data: 9
[ 66940][E][WiFiUdp.cpp:221] parsePacket(): could not receive data: 9
[ 66946][E][WiFiUdp.cpp:221] parsePacket(): could not receive data: 9
[ 66952][E][WiFiUdp.cpp:221] parsePacket(): could not receive data: 9
[ 66958][E][WiFiUdp.cpp:221] parsePacket(): could not receive data: 9
[ 66964][E][WiFiUdp.cpp:221] parsePacket(): could not receive data: 9
[ 66970][E][WiFiUdp.cpp:221] parsePacket(): could not receive data: 9
[ 66976][E][WiFiUdp.cpp:221] parsePacket(): could not receive data: 9
[ 66982][E][WiFiUdp.cpp:221] parsePacket(): could not receive data: 9
[ 66988][E][WiFiUdp.cpp:221] parsePacket(): could not receive data: 9
[ 66994][E][WiFiUdp.cpp:221] parsePacket(): could not receive data: 9
[ 67000][E][WiFiUdp.cpp:221] parsePacket(): could not receive data: 9
[ 67006][E][WiFiUdp.cpp:221] parsePacket(): could not receive data: 9
[ 67012][E][WiFiUdp.cpp:221] parsePacket(): could not receive data: 9
[ 67019][E][WiFiUdp.cpp:221] parsePacket(): could not receive data: 9
[ 67025][E][WiFiUdp.cpp:221] parsePacket(): could not receive data: 9
[ 67031][E][WiFiUdp.cpp:221] parsePacket(): could not receive data: 9
[ 67037][E][WiFiUdp.cpp:221] parsePacket(): could not receive data: 9
[ 67043][E][WiFiUdp.cpp:221] parsePacket(): could not receive data: 9
[ 67049][E][WiFiUdp.cpp:221] parsePacket(): could not receive data: 9
[ 67055][E][WiFiUdp.cpp:221] parsePacket(): could not receive data: 9
[ 67061][E][WiFiUdp.cpp:221] parsePacket(): could not receive data: 9
[ 67067][E][WiFiUdp.cpp:221] parsePacket(): could not receive data: 9
[ 67073][E][WiFiUdp.cpp:221] parsePacket(): could not receive data: 9
[ 67079][E][WiFiUdp.cpp:221] parsePacket(): could not receive data: 9
[ 67085][E][WiFiUdp.cpp:221] parsePacket(): could not receive data: 9
[ 67091][E][WiFiUdp.cpp:221] parsePacket(): could not receive data: 9
[ 67097][E][WiFiUdp.cpp:221] parsePacket(): could not receive data: 9
[ 67103][E][WiFiUdp.cpp:221] parsePacket(): could not receive data: 9
[ 67109][E][WiFiUdp.cpp:221] parsePacket(): could not receive data: 9
[ 67115][E][WiFiUdp.cpp:221] parsePacket(): could not receive data: 9
[ 67121][E][WiFiUdp.cpp:221] parsePacket(): could not receive data: 9
[ 67127][E][WiFiUdp.cpp:221] parsePacket(): could not receive data: 9
[ 67133][E][WiFiUdp.cpp:221] parsePacket(): could not receive data: 9
[ 67139][E][WiFiUdp.cpp:221] parsePacket(): could not receive data: 9
[ 67145][E][WiFiUdp.cpp:221] parsePacket(): could not receive data: 9
[ 67151][E][WiFiUdp.cpp:221] parsePacket(): could not receive data: 9
[ 67157][E][WiFiUdp.cpp:221] parsePacket(): could not receive data: 9
[ 67163][E][WiFiUdp.cpp:221] parsePacket(): could not receive data: 9
[ 67169][E][WiFiUdp.cpp:221] parsePacket(): could not receive data: 9
[ 67175][E][WiFiUdp.cpp:221] parsePacket(): could not receive data: 9
[ 67181][E][WiFiUdp.cpp:221] parsePacket(): could not receive data: 9
[ 67187][E][WiFiUdp.cpp:221] parsePacket(): could not receive data: 9
[ 67193][E][WiFiUdp.cpp:221] parsePacket(): could not receive data: 9
[ 67199][E][WiFiUdp.cpp:221] parsePacket(): could not receive data: 9
[ 67205][E][WiFiUdp.cpp:221] parsePacket(): could not receive data: 9
[ 67211][E][WiFiUdp.cpp:221] parsePacket(): could not receive data: 9
[ 67218][E][WiFiUdp.cpp:221] parsePacket(): could not receive data: 9
[ 67225][E][WiFiUdp.cpp:221] parsePacket(): could not receive data: 9
[ 67232][E][WiFiUdp.cpp:221] parsePacket(): could not receive data: 9
[ 67241][E][WiFiUdp.cpp:221] parsePacket(): could not receive data: 9
[ 67250][E][WiFiUdp.cpp:221] parsePacket(): could not receive data: 9
[ 67259][E][WiFiUdp.cpp:221] parsePacket(): could not receive data: 9
[ 67268][E][WiFiUdp.cpp:221] parsePacket(): could not receive data: 9
[ 67277][E][WiFiUdp.cpp:221] parsePacket(): could not receive data: 9
[ 67285][E][WiFiUdp.cpp:221] parsePacket(): could not receive data: 9
[ 67292][E][WiFiUdp.cpp:221] parsePacket(): could not receive data: 9
[ 67298][E][WiFiUdp.cpp:221] parsePacket(): could not receive data: 9
[ 67305][E][WiFiUdp.cpp:221] parsePacket(): could not receive data: 9
[ 67313][E][WiFiUdp.cpp:221] parsePacket(): could not receive data: 9
[ 67320][E][WiFiUdp.cpp:221] parsePacket(): could not receive data: 9
[ 67327][E][WiFiUdp.cpp:221] parsePacket(): could not receive data: 9
[ 67334][E][WiFiUdp.cpp:221] parsePacket(): could not receive data: 9
[ 67342][E][WiFiUdp.cpp:221] parsePacket(): could not receive data: 9
[ 67349][E][WiFiUdp.cpp:221] parsePacket(): could not receive data: 9
[ 67356][E][WiFiUdp.cpp:221] parsePacket(): could not receive data: 9
[ 67364][E][WiFiUdp.cpp:221] parsePacket(): could not receive data: 9
[ 67372][E][WiFiUdp.cpp:221] parsePacket(): could not receive data: 9
[ 67379][E][WiFiUdp.cpp:221] parsePacket(): could not receive data: 9
[ 67386][E][WiFiUdp.cpp:221] parsePacket(): could not receive data: 9
[ 67393][E][WiFiUdp.cpp:221] parsePacket(): could not receive data: 9
[ 67400][E][WiFiUdp.cpp:221] parsePacket(): could not receive data: 9
[ 67407][E][WiFiUdp.cpp:221] parsePacket(): could not receive data: 9
[ 67414][E][WiFiUdp.cpp:221] parsePacket(): could not receive data: 9
[ 67421][E][WiFiUdp.cpp:221] parsePacket(): could not receive data: 9
[ 67428][E][WiFiUdp.cpp:221] parsePacket(): could not receive data: 9
[ 67434][E][WiFiUdp.cpp:221] parsePacket(): could not receive data: 9
[ 67441][E][WiFiUdp.cpp:221] parsePacket(): could not receive data: 9
[ 67448][E][WiFiUdp.cpp:221] parsePacket(): could not receive data: 9
[ 67455][E][WiFiUdp.cpp:221] parsePacket(): could not receive data: 9
[ 67462][E][WiFiUdp.cpp:221] parsePacket(): could not receive data: 9
[ 67469][E][WiFiUdp.cpp:221] parsePacket(): could not receive data: 9
[ 67476][E][WiFiUdp.cpp:221] parsePacket(): could not receive data: 9
[ 67483][E][WiFiUdp.cpp:221] parsePacket(): could not receive data: 9
[ 67490][E][WiFiUdp.cpp:221] parsePacket(): could not receive data: 9
[ 67496][E][WiFiUdp.cpp:221] parsePacket(): could not receive data: 9
[ 67502][E][WiFiUdp.cpp:221] parsePacket(): could not receive data: 9
[CON ]...Client disconnected. free heap=134520
[ 67509][E][WiFiUdp.cpp:221] parsePacket(): could not receive data: 9
[ 67515][E][WiFiUdp.cpp:221] parsePacket(): could not receive data: 9
[ 67521][E][WiFiUdp.cpp:221] parsePacket(): could not receive data: 9
[ 67527][E][WiFiUdp.cpp:221] parsePacket(): could not receive data: 9
[ 67533][E][WiFiUdp.cpp:221] parsePacket(): could not receive data: 9
[ 67539][E][WiFiUdp.cpp:221] parsePacket(): could not receive data: 9
[ 67545][E][WiFiUdp.cpp:221] parsePacket(): could not receive data: 9
[ 67551][E][WiFiUdp.cpp:221] parsePacket(): could not receive data: 9
[ 67557][E][WiFiUdp.cpp:221] parsePacket(): could not receive data: 9
[ 67563][E][WiFiUdp.cpp:221] parsePacket(): could not receive data: 9
[ 67568][E][WiFiUdp.cpp:221] parsePacket(): could not receive data: 9
[ 67574][E][WiFiUdp.cpp:221] parsePacket(): could not receive data: 9
[ 67580][E][WiFiUdp.cpp:221] parsePacket(): could not receive data: 9
[ 67586][E][WiFiUdp.cpp:221] parsePacket(): could not receive data: 9
[ 67592][E][WiFiUdp.cpp:221] parsePacket(): could not receive data: 9
[ 67598][E][WiFiUdp.cpp:221] parsePacket(): could not receive data: 9
[ 67604][E][WiFiUdp.cpp:221] parsePacket(): could not receive data: 9
[ 67610][E][WiFiUdp.cpp:221] parsePacket(): could not receive data: 9
[ 67616][E][WiFiUdp.cpp:221] parsePacket(): could not receive data: 9
[ 67621][E][WiFiUdp.cpp:221] parsePacket(): could not receive data: 9
[ 67626][E][WiFiUdp.cpp:221] parsePacket(): could not receive data: 9
[ 67632][E][WiFiUdp.cpp:221] parsePacket(): could not receive data: 9
[ 67638][E][WiFiUdp.cpp:221] parsePacket(): could not receive data: 9
[ 67644][E][WiFiUdp.cpp:221] parsePacket(): could not receive data: 9
[ 67650][E][WiFiUdp.cpp:221] parsePacket(): could not receive data: 9
[ 67656][E][WiFiUdp.cpp:221] parsePacket(): could not receive data: 9
[ 67661][E][WiFiUdp.cpp:221] parsePacket(): could not receive data: 9
[ 67667][E][WiFiUdp.cpp:221] parsePacket(): could not receive data: 9
[ 67673][E][WiFiUdp.cpp:221] parsePacket(): could not receive data: 9
[ 67679][E][WiFiUdp.cpp:221] parsePacket(): could not receive data: 9
[ 67685][E][WiFiUdp.cpp:221] parsePacket(): could not receive data: 9
[ 67691][E][WiFiUdp.cpp:221] parsePacket(): could not receive data: 9
[ 67697][E][WiFiUdp.cpp:221] parsePacket(): could not receive data: 9
[ 67704][E][WiFiUdp.cpp:221] parsePacket(): could not receive data: 9
[ 67711][E][WiFiUdp.cpp:221] parsePacket(): could not receive data: 9
[ 67720][E][WiFiUdp.cpp:221] parsePacket(): could not receive data: 9
[ 67729][E][WiFiUdp.cpp:221] parsePacket(): could not receive data: 9
[ 67736][E][WiFiUdp.cpp:221] parsePacket(): could not receive data: 9
[ 67742][E][WiFiUdp.cpp:221] parsePacket(): could not receive data: 9
[ 67748][E][WiFiUdp.cpp:221] parsePacket(): could not receive data: 9
[ 67754][E][WiFiUdp.cpp:221] parsePacket(): could not receive data: 9
[ 67760][E][WiFiUdp.cpp:221] parsePacket(): could not receive data: 9
[ 67766][E][WiFiUdp.cpp:221] parsePacket(): could not receive data: 9
[ 67773][E][WiFiUdp.cpp:221] parsePacket(): could not receive data: 9
[ 67781][E][WiFiUdp.cpp:221] parsePacket(): could not receive data: 9
[ 67790][E][WiFiUdp.cpp:221] parsePacket(): could not receive data: 9
[ 67797][E][WiFiUdp.cpp:221] parsePacket(): could not receive data: 9
[ 67803][E][WiFiUdp.cpp:221] parsePacket(): could not receive data: 9
[ 67809][E][WiFiUdp.cpp:221] parsePacket(): could not receive data: 9
[ 67814][E][WiFiUdp.cpp:221] parsePacket(): could not receive data: 9
[ 67820][E][WiFiUdp.cpp:221] parsePacket(): could not receive data: 9
[ 67826][E][WiFiUdp.cpp:221] parsePacket(): could not receive data: 9
[ 67832][E][WiFiUdp.cpp:221] parsePacket(): could not receive data: 9
[ 67838][E][WiFiUdp.cpp:221] parsePacket(): could not receive data: 9
[ 67844][E][WiFiUdp.cpp:221] parsePacket(): could not receive data: 9
[ 67850][E][WiFiUdp.cpp:221] parsePacket(): could not receive data: 9
[ 67857][E][WiFiUdp.cpp:221] parsePacket(): could not receive data: 9
[ 67864][E][WiFiUdp.cpp:221] parsePacket(): could not receive data: 9
[ 67871][E][WiFiUdp.cpp:221] parsePacket(): could not receive data: 9
[ 67878][E][WiFiUdp.cpp:221] parsePacket(): could not receive data: 9
[ 67885][E][WiFiUdp.cpp:221] parsePacket(): could not receive data: 9
[ 67892][E][WiFiUdp.cpp:221] parsePacket(): could not receive data: 9
[ 67899][E][WiFiUdp.cpp:221] parsePacket(): could not receive data: 9
[ 67906][E][WiFiUdp.cpp:221] parsePacket(): could not receive data: 9
[ 67913][E][WiFiUdp.cpp:221] parsePacket(): could not receive data: 9
[ 67919][E][WiFiUdp.cpp:221] parsePacket(): could not receive data: 9
[ 67925][E][WiFiUdp.cpp:221] parsePacket(): could not receive data: 9
[ 67931][E][WiFiUdp.cpp:221] parsePacket(): could not receive data: 9
[ 67937][E][WiFiUdp.cpp:221] parsePacket(): could not receive data: 9
[ 67943][E][WiFiUdp.cpp:221] parsePacket(): could not receive data: 9
[ 67949][E][WiFiUdp.cpp:221] parsePacket(): could not receive data: 9
[ 67955][E][WiFiUdp.cpp:221] parsePacket(): could not receive data: 9
[ 67961][E][WiFiUdp.cpp:221] parsePacket(): could not receive data: 9
[ 67967][E][WiFiUdp.cpp:221] parsePacket(): could not receive data: 9
[ 67973][E][WiFiUdp.cpp:221] parsePacket(): could not receive data: 9
[ 67979][E][WiFiUdp.cpp:221] parsePacket(): could not receive data: 9
[ 67986][E][WiFiUdp.cpp:221] parsePacket(): could not receive data: 9
[ 67993][E][WiFiUdp.cpp:221] parsePacket(): could not receive data: 9
[ 68000][E][WiFiUdp.cpp:221] parsePacket(): could not receive data: 9
[ 68007][E][WiFiUdp.cpp:221] parsePacket(): could not receive data: 9
[ 68014][E][WiFiUdp.cpp:221] parsePacket(): could not receive data: 9
[ 68021][E][WiFiUdp.cpp:221] parsePacket(): could not receive data: 9
[ 68028][E][WiFiUdp.cpp:221] parsePacket(): could not receive data: 9
[ 68035][E][WiFiUdp.cpp:221] parsePacket(): could not receive data: 9
[ 68042][E][WiFiUdp.cpp:221] parsePacket(): could not receive data: 9
[ 68049][E][WiFiUdp.cpp:221] parsePacket(): could not receive data: 9
[ 68056][E][WiFiUdp.cpp:221] parsePacket(): could not receive data: 9
[ 68063][E][WiFiUdp.cpp:221] parsePacket(): could not receive data: 9
[ 68070][E][WiFiUdp.cpp:221] parsePacket(): could not receive data: 9
[ 68077][E][WiFiUdp.cpp:221] parsePacket(): could not receive data: 9
[ 68084][E][WiFiUdp.cpp:221] parsePacket(): could not receive data: 9
[ 68092][E][WiFiUdp.cpp:221] parsePacket(): could not receive data: 9
[ 68099][E][WiFiUdp.cpp:221] parsePacket(): could not receive data: 9
[ 68107][E][WiFiUdp.cpp:221] parsePacket(): could not receive data: 9
[ 68114][E][WiFiUdp.cpp:221] parsePacket(): could not receive data: 9
[ 68121][E][WiFiUdp.cpp:221] parsePacket(): could not receive data: 9
[ 68128][E][WiFiUdp.cpp:221] parsePacket(): could not receive data: 9
[ 68135][E][WiFiUdp.cpp:221] parsePacket(): could not receive data: 9
[ 68142][E][WiFiUdp.cpp:221] parsePacket(): could not receive data: 9
[ 68150][E][WiFiUdp.cpp:221] parsePacket(): could not receive data: 9
[ 68157][E][WiFiUdp.cpp:221] parsePacket(): could not receive data: 9
[ 68164][E][WiFiUdp.cpp:221] parsePacket(): could not receive data: 9
[ 68173][E][WiFiUdp.cpp:221] parsePacket(): could not receive data: 9
[ 68182][E][WiFiUdp.cpp:221] parsePacket(): could not receive data: 9
[ 68190][E][WiFiUdp.cpp:221] parsePacket(): could not receive data: 9
[ 68197][E][WiFiUdp.cpp:221] parsePacket(): could not receive data: 9
[ 68205][E][WiFiUdp.cpp:221] parsePacket(): could not receive data: 9
[ 68212][E][WiFiUdp.cpp:221] parsePacket(): could not receive data: 9
[ 68219][E][WiFiUdp.cpp:221] parsePacket(): could not receive data: 9
[ 68226][E][WiFiUdp.cpp:221] parsePacket(): could not receive data: 9
[ 68233][E][WiFiUdp.cpp:221] parsePacket(): could not receive data: 9
[ 68240][E][WiFiUdp.cpp:221] parsePacket(): could not receive data: 9
[ 68247][E][WiFiUdp.cpp:221] parsePacket(): could not receive data: 9
[ 68255][E][WiFiUdp.cpp:221] parsePacket(): could not receive data: 9
[ 68262][E][WiFiUdp.cpp:221] parsePacket(): could not receive data: 9
[ 68269][E][WiFiUdp.cpp:221] parsePacket(): could not receive data: 9
[ 68277][E][WiFiUdp.cpp:221] parsePacket(): could not receive data: 9
[ 68285][E][WiFiUdp.cpp:221] parsePacket(): could not receive data: 9
[ 68291][E][WiFiUdp.cpp:221] parsePacket(): could not receive data: 9
[ 68297][E][WiFiUdp.cpp:221] parsePacket(): could not receive data: 9
[ 68303][E][WiFiUdp.cpp:221] parsePacket(): could not receive data: 9
[ 68309][E][WiFiUdp.cpp:221] parsePacket(): could not receive data: 9
[ 68315][E][WiFiUdp.cpp:221] parsePacket(): could not receive data: 9
[ 68321][E][WiFiUdp.cpp:221] parsePacket(): could not receive data: 9
[ 68327][E][WiFiUdp.cpp:221] parsePacket(): could not receive data: 9
[ 68333][E][WiFiUdp.cpp:221] parsePacket(): could not receive data: 9
[ 68339][E][WiFiUdp.cpp:221] parsePacket(): could not receive data: 9
[ 68345][E][WiFiUdp.cpp:221] parsePacket(): could not receive data: 9
[ 68351][E][WiFiUdp.cpp:221] parsePacket(): could not receive data: 9
[ 68357][E][WiFiUdp.cpp:221] parsePacket(): could not receive data: 9
[ 68363][E][WiFiUdp.cpp:221] parsePacket(): could not receive data: 9
[ 68369][E][WiFiUdp.cpp:221] parsePacket(): could not receive data: 9
[ 68375][E][WiFiUdp.cpp:221] parsePacket(): could not receive data: 9
[ 68381][E][WiFiUdp.cpp:221] parsePacket(): could not receive data: 9
[ 68387][E][WiFiUdp.cpp:221] parsePacket(): could not receive data: 9
[ 68393][E][WiFiUdp.cpp:221] parsePacket(): could not receive data: 9
[ 68399][E][WiFiUdp.cpp:221] parsePacket(): could not receive data: 9
[ 68405][E][WiFiUdp.cpp:221] parsePacket(): could not receive data: 9
[ 68411][E][WiFiUdp.cpp:221] parsePacket(): could not receive data: 9
[ 68417][E][WiFiUdp.cpp:221] parsePacket(): could not receive data: 9
[ 68423][E][WiFiUdp.cpp:221] parsePacket(): could not receive data: 9
[ 68429][E][WiFiUdp.cpp:221] parsePacket(): could not receive data: 9
[ 68435][E][WiFiUdp.cpp:221] parsePacket(): could not receive data: 9
[ 68441][E][WiFiUdp.cpp:221] parsePacket(): could not receive data: 9
[ 68447][E][WiFiUdp.cpp:221] parsePacket(): could not receive data: 9
[ 68453][E][WiFiUdp.cpp:221] parsePacket(): could not receive data: 9
[ 68459][E][WiFiUdp.cpp:221] parsePacket(): could not receive data: 9
[ 68465][E][WiFiUdp.cpp:221] parsePacket(): could not receive data: 9
[ 68471][E][WiFiUdp.cpp:221] parsePacket(): could not receive data: 9
[ 68477][E][WiFiUdp.cpp:221] parsePacket(): could not receive data: 9
[ 68483][E][WiFiUdp.cpp:221] parsePacket(): could not receive data: 9
[ 68489][E][WiFiUdp.cpp:221] parsePacket(): could not receive data: 9
[ 68495][E][WiFiUdp.cpp:221] parsePacket(): could not receive data: 9
[ 68501][E][WiFiUdp.cpp:221] parsePacket(): could not receive data: 9
[ 68507][E][WiFiUdp.cpp:221] parsePacket(): could not receive data: 9
[ 68513][E][WiFiUdp.cpp:221] parsePacket(): could not receive data: 9
[CON ]...accept() fd=50 free=132488
[CON ]...Client authenticated on port 2323. free heap=127284
-[ 68521][E][WiFiUdp.cpp:221] parsePacket(): could not receive data: 9
-[ 68529][E][WiFiUdp.cpp:221] parsePacket(): could not receive data: 9
i[ 68538][E][WiFiUdp.cpp:221] parsePacket(): could not receive data: 9
n[ 68547][E][WiFiUdp.cpp:221] parsePacket(): could not receive data: 9
j[ 68556][E][WiFiUdp.cpp:221] parsePacket(): could not receive data: 9
e[ 68564][E][WiFiUdp.cpp:221] parsePacket(): could not receive data: 9
c[ 68574][E][WiFiUdp.cpp:221] parsePacket(): could not receive data: 9
t[ 68584][E][WiFiUdp.cpp:221] parsePacket(): could not receive data: 9
m[ 68593][E][WiFiUdp.cpp:221] parsePacket(): could not receive data: 9
s[ 68601][E][WiFiUdp.cpp:221] parsePacket(): could not receive data: 9
g[ 68608][E][WiFiUdp.cpp:221] parsePacket(): could not receive data: 9
 [ 68616][E][WiFiUdp.cpp:221] parsePacket(): could not receive data: 9
T[ 68623][E][WiFiUdp.cpp:221] parsePacket(): could not receive data: 9
E[ 68630][E][WiFiUdp.cpp:221] parsePacket(): could not receive data: 9
5[ 68637][E][WiFiUdp.cpp:221] parsePacket(): could not receive data: 9
T[ 68645][E][WiFiUdp.cpp:221] parsePacket(): could not receive data: 9
-[ 68654][E][WiFiUdp.cpp:221] parsePacket(): could not receive data: 9
1[ 68663][E][WiFiUdp.cpp:221] parsePacket(): could not receive data: 9
 [ 68673][E][WiFiUdp.cpp:221] parsePacket(): could not receive data: 9
{[ 68684][E][WiFiUdp.cpp:221] parsePacket(): could not receive data: 9
S[ 68694][E][WiFiUdp.cpp:221] parsePacket(): could not receive data: 9
E[ 68704][E][WiFiUdp.cpp:221] parsePacket(): could not receive data: 9
T[ 68713][E][WiFiUdp.cpp:221] parsePacket(): could not receive data: 9
}[ 68723][E][WiFiUdp.cpp:221] parsePacket(): could not receive data: 9
4[ 68731][E][WiFiUdp.cpp:221] parsePacket(): could not receive data: 9
4[ 68741][E][WiFiUdp.cpp:221] parsePacket(): could not receive data: 9
;[ 68750][E][WiFiUdp.cpp:221] parsePacket(): could not receive data: 9
2[ 68758][E][WiFiUdp.cpp:221] parsePacket(): could not receive data: 9
;[ 68767][E][WiFiUdp.cpp:221] parsePacket(): could not receive data: 9
[ 68774][E][WiFiUdp.cpp:221] parsePacket(): could not receive data: 9

[INJECT];ok;id;00C1F35A;dst;TE5T-1;src;DK5EN-93;len;10
[ 68818][E][WiFiUdp.cpp:221] parsePacket(): could not receive data: 9
[ 68825][E][WiFiUdp.cpp:221] parsePacket(): could not receive data: 9
[ 68831][E][WiFiUdp.cpp:221] parsePacket(): could not receive data: 9
[ 68837][E][WiFiUdp.cpp:221] parsePacket(): could not receive data: 9
[ 68844][E][WiFiUdp.cpp:221] parsePacket(): could not receive data: 9
[ 68851][E][WiFiUdp.cpp:221] parsePacket(): could not receive data: 9
[ 68857][E][WiFiUdp.cpp:221] parsePacket(): could not receive data: 9
[ 68863][E][WiFiUdp.cpp:221] parsePacket(): could not receive data: 9
[ 68870][E][WiFiUdp.cpp:221] parsePacket(): could not receive data: 9
[ 68876][E][WiFiUdp.cpp:221] parsePacket(): could not receive data: 9
[ 68882][E][WiFiUdp.cpp:221] parsePacket(): could not receive data: 9
[ 68889][E][WiFiUdp.cpp:221] parsePacket(): could not receive data: 9
[ 68896][E][WiFiUdp.cpp:221] parsePacket(): could not receive data: 9
[ 68902][E][WiFiUdp.cpp:221] parsePacket(): could not receive data: 9
[ 68909][E][WiFiUdp.cpp:221] parsePacket(): could not receive data: 9
[ 68916][E][WiFiUdp.cpp:221] parsePacket(): could not receive data: 9
[ 68923][E][WiFiUdp.cpp:221] parsePacket(): could not receive data: 9
[ 68931][E][WiFiUdp.cpp:221] parsePacket(): could not receive data: 9
[ 68938][E][WiFiUdp.cpp:221] parsePacket(): could not receive data: 9
[ 68945][E][WiFiUdp.cpp:221] parsePacket(): could not receive data: 9
[ 68954][E][WiFiUdp.cpp:221] parsePacket(): could not receive data: 9
[ 68961][E][WiFiUdp.cpp:221] parsePacket(): could not receive data: 9
[ 68968][E][WiFiUdp.cpp:221] parsePacket(): could not receive data: 9
[ 68975][E][WiFiUdp.cpp:221] parsePacket(): could not receive data: 9
[ 68981][E][WiFiUdp.cpp:221] parsePacket(): could not receive data: 9
[ 68987][E][WiFiUdp.cpp:221] parsePacket(): could not receive data: 9
[ 68993][E][WiFiUdp.cpp:221] parsePacket(): could not receive data: 9
[ 68999][E][WiFiUdp.cpp:221] parsePacket(): could not receive data: 9
[ 69005][E][WiFiUdp.cpp:221] parsePacket(): could not receive data: 9
[ 69011][E][WiFiUdp.cpp:221] parsePacket(): could not receive data: 9
[ 69017][E][WiFiUdp.cpp:221] parsePacket(): could not receive data: 9
[ 69023][E][WiFiUdp.cpp:221] parsePacket(): could not receive data: 9
[ 69029][E][WiFiUdp.cpp:221] parsePacket(): could not receive data: 9
[ 69035][E][WiFiUdp.cpp:221] parsePacket(): could not receive data: 9
[ 69041][E][WiFiUdp.cpp:221] parsePacket(): could not receive data: 9
[ 69047][E][WiFiUdp.cpp:221] parsePacket(): could not receive data: 9
[ 69053][E][WiFiUdp.cpp:221] parsePacket(): could not receive data: 9
[ 69059][E][WiFiUdp.cpp:221] parsePacket(): could not receive data: 9
[ 69065][E][WiFiUdp.cpp:221] parsePacket(): could not receive data: 9
[ 69071][E][WiFiUdp.cpp:221] parsePacket(): could not receive data: 9
[ 69077][E][WiFiUdp.cpp:221] parsePacket(): could not receive data: 9
[ 69083][E][WiFiUdp.cpp:221] parsePacket(): could not receive data: 9
[ 69089][E][WiFiUdp.cpp:221] parsePacket(): could not receive data: 9
[ 69095][E][WiFiUdp.cpp:221] parsePacket(): could not receive data: 9
[ 69101][E][WiFiUdp.cpp:221] parsePacket(): could not receive data: 9
[ 69107][E][WiFiUdp.cpp:221] parsePacket(): could not receive data: 9
[ 69112][E][WiFiUdp.cpp:221] parsePacket(): could not receive data: 9
[ 69118][E][WiFiUdp.cpp:221] parsePacket(): could not receive data: 9
[ 69124][E][WiFiUdp.cpp:221] parsePacket(): could not receive data: 9
[ 69130][E][WiFiUdp.cpp:221] parsePacket(): could not receive data: 9
[ 69136][E][WiFiUdp.cpp:221] parsePacket(): could not receive data: 9
[ 69142][E][WiFiUdp.cpp:221] parsePacket(): could not receive data: 9
[ 69147][E][WiFiUdp.cpp:221] parsePacket(): could not receive data: 9
[ 69154][E][WiFiUdp.cpp:221] parsePacket(): could not receive data: 9
[ 69161][E][WiFiUdp.cpp:221] parsePacket(): could not receive data: 9
[ 69168][E][WiFiUdp.cpp:221] parsePacket(): could not receive data: 9
[ 69175][E][WiFiUdp.cpp:221] parsePacket(): could not receive data: 9
[ 69182][E][WiFiUdp.cpp:221] parsePacket(): could not receive data: 9
[ 69189][E][WiFiUdp.cpp:221] parsePacket(): could not receive data: 9
[ 69196][E][WiFiUdp.cpp:221] parsePacket(): could not receive data: 9
[ 69203][E][WiFiUdp.cpp:221] parsePacket(): could not receive data: 9
[ 69210][E][WiFiUdp.cpp:221] parsePacket(): could not receive data: 9
[ 69217][E][WiFiUdp.cpp:221] parsePacket(): could not receive data: 9
[ 69224][E][WiFiUdp.cpp:221] parsePacket(): could not receive data: 9
[ 69231][E][WiFiUdp.cpp:221] parsePacket(): could not receive data: 9
[ 69239][E][WiFiUdp.cpp:221] parsePacket(): could not receive data: 9
[ 69246][E][WiFiUdp.cpp:221] parsePacket(): could not receive data: 9
[ 69253][E][WiFiUdp.cpp:221] parsePacket(): could not receive data: 9
[ 69260][E][WiFiUdp.cpp:221] parsePacket(): could not receive data: 9
[ 69267][E][WiFiUdp.cpp:221] parsePacket(): could not receive data: 9
[ 69274][E][WiFiUdp.cpp:221] parsePacket(): could not receive data: 9
[ 69281][E][WiFiUdp.cpp:221] parsePacket(): could not receive data: 9
[ 69289][E][WiFiUdp.cpp:221] parsePacket(): could not receive data: 9
[ 69297][E][WiFiUdp.cpp:221] parsePacket(): could not receive data: 9
[ 69303][E][WiFiUdp.cpp:221] parsePacket(): could not receive data: 9
[ 69310][E][WiFiUdp.cpp:221] parsePacket(): could not receive data: 9
[ 69317][E][WiFiUdp.cpp:221] parsePacket(): could not receive data: 9
[ 69324][E][WiFiUdp.cpp:221] parsePacket(): could not receive data: 9
[ 69331][E][WiFiUdp.cpp:221] parsePacket(): could not receive data: 9
[ 69338][E][WiFiUdp.cpp:221] parsePacket(): could not receive data: 9
[ 69345][E][WiFiUdp.cpp:221] parsePacket(): could not receive data: 9
[ 69352][E][WiFiUdp.cpp:221] parsePacket(): could not receive data: 9
[ 69359][E][WiFiUdp.cpp:221] parsePacket(): could not receive data: 9
[ 69366][E][WiFiUdp.cpp:221] parsePacket(): could not receive data: 9
[ 69372][E][WiFiUdp.cpp:221] parsePacket(): could not receive data: 9
[ 69378][E][WiFiUdp.cpp:221] parsePacket(): could not receive data: 9
[ 69384][E][WiFiUdp.cpp:221] parsePacket(): could not receive data: 9
[ 69390][E][WiFiUdp.cpp:221] parsePacket(): could not receive data: 9
[ 69397][E][WiFiUdp.cpp:221] parsePacket(): could not receive data: 9
[ 69406][E][WiFiUdp.cpp:221] parsePacket(): could not receive data: 9
[ 69416][E][WiFiUdp.cpp:221] parsePacket(): could not receive data: 9
[ 69423][E][WiFiUdp.cpp:221] parsePacket(): could not receive data: 9
[ 69430][E][WiFiUdp.cpp:221] parsePacket(): could not receive data: 9
[ 69438][E][WiFiUdp.cpp:221] parsePacket(): could not receive data: 9
[ 69445][E][WiFiUdp.cpp:221] parsePacket(): could not receive data: 9
[ 69452][E][WiFiUdp.cpp:221] parsePacket(): could not receive data: 9
[ 69459][E][WiFiUdp.cpp:221] parsePacket(): could not receive data: 9
[ 69466][E][WiFiUdp.cpp:221] parsePacket(): could not receive data: 9
[ 69473][E][WiFiUdp.cpp:221] parsePacket(): could not receive data: 9
[ 69481][E][WiFiUdp.cpp:221] parsePacket(): could not receive data: 9
[ 69488][E][WiFiUdp.cpp:221] parsePacket(): could not receive data: 9
[ 69495][E][WiFiUdp.cpp:221] parsePacket(): could not receive data: 9
[ 69502][E][WiFiUdp.cpp:221] parsePacket(): could not receive data: 9
[ 69509][E][WiFiUdp.cpp:221] parsePacket(): could not receive data: 9
[ 69516][E][WiFiUdp.cpp:221] parsePacket(): could not receive data: 9
[ 69522][E][WiFiUdp.cpp:221] parsePacket(): could not receive data: 9
[ 69528][E][WiFiUdp.cpp:221] parsePacket(): could not receive data: 9
[ 69535][E][WiFiUdp.cpp:221] parsePacket(): could not receive data: 9
[ 69542][E][WiFiUdp.cpp:221] parsePacket(): could not receive data: 9
[ 69551][E][WiFiUdp.cpp:221] parsePacket(): could not receive data: 9
[ 69559][E][WiFiUdp.cpp:221] parsePacket(): could not receive data: 9
[ 69567][E][WiFiUdp.cpp:221] parsePacket(): could not receive data: 9
[ 69573][E][WiFiUdp.cpp:221] parsePacket(): could not receive data: 9
[ 69579][E][WiFiUdp.cpp:221] parsePacket(): could not receive data: 9
[ 69585][E][WiFiUdp.cpp:221] parsePacket(): could not receive data: 9
[ 69591][E][WiFiUdp.cpp:221] parsePacket(): could not receive data: 9
[ 69597][E][WiFiUdp.cpp:221] parsePacket(): could not receive data: 9
[ 69603][E][WiFiUdp.cpp:221] parsePacket(): could not receive data: 9
[ 69609][E][WiFiUdp.cpp:221] parsePacket(): could not receive data: 9
[ 69617][E][WiFiUdp.cpp:221] parsePacket(): could not receive data: 9
[ 69626][E][WiFiUdp.cpp:221] parsePacket(): could not receive data: 9
[ 69634][E][WiFiUdp.cpp:221] parsePacket(): could not receive data: 9
[ 69641][E][WiFiUdp.cpp:221] parsePacket(): could not receive data: 9
[ 69650][E][WiFiUdp.cpp:221] parsePacket(): could not receive data: 9
[ 69657][E][WiFiUdp.cpp:221] parsePacket(): could not receive data: 9
[ 69664][E][WiFiUdp.cpp:221] parsePacket(): could not receive data: 9
[ 69670][E][WiFiUdp.cpp:221] parsePacket(): could not receive data: 9
[ 69677][E][WiFiUdp.cpp:221] parsePacket(): could not receive data: 9
[ 69685][E][WiFiUdp.cpp:221] parsePacket(): could not receive data: 9
[ 69693][E][WiFiUdp.cpp:221] parsePacket(): could not receive data: 9
[ 69700][E][WiFiUdp.cpp:221] parsePacket(): could not receive data: 9
[ 69707][E][WiFiUdp.cpp:221] parsePacket(): could not receive data: 9
[ 69715][E][WiFiUdp.cpp:221] parsePacket(): could not receive data: 9
[ 69722][E][WiFiUdp.cpp:221] parsePacket(): could not receive data: 9
[ 69730][E][WiFiUdp.cpp:221] parsePacket(): could not receive data: 9
[ 69736][E][WiFiUdp.cpp:221] parsePacket(): could not receive data: 9
[ 69742][E][WiFiUdp.cpp:221] parsePacket(): could not receive data: 9
[ 69748][E][WiFiUdp.cpp:221] parsePacket(): could not receive data: 9
[ 69754][E][WiFiUdp.cpp:221] parsePacket(): could not receive data: 9
[ 69760][E][WiFiUdp.cpp:221] parsePacket(): could not receive data: 9
[ 69767][E][WiFiUdp.cpp:221] parsePacket(): could not receive data: 9
[ 69774][E][WiFiUdp.cpp:221] parsePacket(): could not receive data: 9
[ 69781][E][WiFiUdp.cpp:221] parsePacket(): could not receive data: 9
[ 69788][E][WiFiUdp.cpp:221] parsePacket(): could not receive data: 9
[ 69795][E][WiFiUdp.cpp:221] parsePacket(): could not receive data: 9
[ 69802][E][WiFiUdp.cpp:221] parsePacket(): could not receive data: 9
[ 69809][E][WiFiUdp.cpp:221] parsePacket(): could not receive data: 9
[ 69815][E][WiFiUdp.cpp:221] parsePacket(): could not receive data: 9
[ 69821][E][WiFiUdp.cpp:221] parsePacket(): could not receive data: 9
[ 69827][E][WiFiUdp.cpp:221] parsePacket(): could not receive data: 9
[ 69834][E][WiFiUdp.cpp:221] parsePacket(): could not receive data: 9
[ 69841][E][WiFiUdp.cpp:221] parsePacket(): could not receive data: 9
[ 69848][E][WiFiUdp.cpp:221] parsePacket(): could not receive data: 9
[ 69856][E][WiFiUdp.cpp:221] parsePacket(): could not receive data: 9
[ 69864][E][WiFiUdp.cpp:221] parsePacket(): could not receive data: 9
[ 69870][E][WiFiUdp.cpp:221] parsePacket(): could not receive data: 9
[ 69876][E][WiFiUdp.cpp:221] parsePacket(): could not receive data: 9
[ 69882][E][WiFiUdp.cpp:221] parsePacket(): could not receive data: 9
[ 69889][E][WiFiUdp.cpp:221] parsePacket(): could not receive data: 9
[ 69896][E][WiFiUdp.cpp:221] parsePacket(): could not receive data: 9
[ 69903][E][WiFiUdp.cpp:221] parsePacket(): could not receive data: 9
[ 69910][E][WiFiUdp.cpp:221] parsePacket(): could not receive data: 9
[ 69917][E][WiFiUdp.cpp:221] parsePacket(): could not receive data: 9
[ 69923][E][WiFiUdp.cpp:221] parsePacket(): could not receive data: 9
[ 69930][E][WiFiUdp.cpp:221] parsePacket(): could not receive data: 9
[ 69937][E][WiFiUdp.cpp:221] parsePacket(): could not receive data: 9
[ 69944][E][WiFiUdp.cpp:221] parsePacket(): could not receive data: 9
[ 69949][E][WiFiUdp.cpp:221] parsePacket(): could not receive data: 9
[ 69954][E][WiFiUdp.cpp:221] parsePacket(): could not receive data: 9
[ 69959][E][WiFiUdp.cpp:221] parsePacket(): could not receive data: 9
[ 69966][E][WiFiUdp.cpp:221] parsePacket(): could not receive data: 9
[ 69973][E][WiFiUdp.cpp:221] parsePacket(): could not receive data: 9
[ 69980][E][WiFiUdp.cpp:221] parsePacket(): could not receive data: 9
[ 69987][E][WiFiUdp.cpp:221] parsePacket(): could not receive data: 9
[ 69993][E][WiFiUdp.cpp:221] parsePacket(): could not receive data: 9
[ 70001][E][WiFiUdp.cpp:221] parsePacket(): could not receive data: 9
[ 70009][E][WiFiUdp.cpp:221] parsePacket(): could not receive data: 9
[ 70017][E][WiFiUdp.cpp:221] parsePacket(): could not receive data: 9
[ 70025][E][WiFiUdp.cpp:221] parsePacket(): could not receive data: 9
[ 70032][E][WiFiUdp.cpp:221] parsePacket(): could not receive data: 9
[ 70039][E][WiFiUdp.cpp:221] parsePacket(): could not receive data: 9
[ 70045][E][WiFiUdp.cpp:221] parsePacket(): could not receive data: 9
[ 70051][E][WiFiUdp.cpp:221] parsePacket(): could not receive data: 9
[ 70057][E][WiFiUdp.cpp:221] parsePacket(): could not receive data: 9
[ 70063][E][WiFiUdp.cpp:221] parsePacket(): could not receive data: 9
[ 70069][E][WiFiUdp.cpp:221] parsePacket(): could not receive data: 9
[ 70075][E][WiFiUdp.cpp:221] parsePacket(): could not receive data: 9
[ 70081][E][WiFiUdp.cpp:221] parsePacket(): could not receive data: 9
[ 70087][E][WiFiUdp.cpp:221] parsePacket(): could not receive data: 9
[ 70093][E][WiFiUdp.cpp:221] parsePacket(): could not receive data: 9
[ 70099][E][WiFiUdp.cpp:221] parsePacket(): could not receive data: 9
[ 70105][E][WiFiUdp.cpp:221] parsePacket(): could not receive data: 9
[ 70111][E][WiFiUdp.cpp:221] parsePacket(): could not receive data: 9
[ 70117][E][WiFiUdp.cpp:221] parsePacket(): could not receive data: 9
[ 70123][E][WiFiUdp.cpp:221] parsePacket(): could not receive data: 9
[ 70129][E][WiFiUdp.cpp:221] parsePacket(): could not receive data: 9
[ 70135][E][WiFiUdp.cpp:221] parsePacket(): could not receive data: 9
[ 70141][E][WiFiUdp.cpp:221] parsePacket(): could not receive data: 9
[ 70147][E][WiFiUdp.cpp:221] parsePacket(): could not receive data: 9
[ 70153][E][WiFiUdp.cpp:221] parsePacket(): could not receive data: 9
[ 70159][E][WiFiUdp.cpp:221] parsePacket(): could not receive data: 9
[ 70166][E][WiFiUdp.cpp:221] parsePacket(): could not receive data: 9
[ 70172][E][WiFiUdp.cpp:221] parsePacket(): could not receive data: 9
[ 70178][E][WiFiUdp.cpp:221] parsePacket(): could not receive data: 9
[ 70185][E][WiFiUdp.cpp:221] parsePacket(): could not receive data: 9
[ 70191][E][WiFiUdp.cpp:221] parsePacket(): could not receive data: 9
[ 70198][E][WiFiUdp.cpp:221] parsePacket(): could not receive data: 9
[ 70205][E][WiFiUdp.cpp:221] parsePacket(): could not receive data: 9
[ 70212][E][WiFiUdp.cpp:221] parsePacket(): could not receive data: 9
[ 70219][E][WiFiUdp.cpp:221] parsePacket(): could not receive data: 9
[ 70226][E][WiFiUdp.cpp:221] parsePacket(): could not receive data: 9
[ 70233][E][WiFiUdp.cpp:221] parsePacket(): could not receive data: 9
[ 70240][E][WiFiUdp.cpp:221] parsePacket(): could not receive data: 9
[ 70247][E][WiFiUdp.cpp:221] parsePacket(): could not receive data: 9
[ 70254][E][WiFiUdp.cpp:221] parsePacket(): could not receive data: 9
[ 70261][E][WiFiUdp.cpp:221] parsePacket(): could not receive data: 9
[ 70268][E][WiFiUdp.cpp:221] parsePacket(): could not receive data: 9
[ 70275][E][WiFiUdp.cpp:221] parsePacket(): could not receive data: 9
[ 70282][E][WiFiUdp.cpp:221] parsePacket(): could not receive data: 9
[ 70289][E][WiFiUdp.cpp:221] parsePacket(): could not receive data: 9
[ 70296][E][WiFiUdp.cpp:221] parsePacket(): could not receive data: 9
[ 70303][E][WiFiUdp.cpp:221] parsePacket(): could not receive data: 9
[ 70310][E][WiFiUdp.cpp:221] parsePacket(): could not receive data: 9
[ 70317][E][WiFiUdp.cpp:221] parsePacket(): could not receive data: 9
[ 70324][E][WiFiUdp.cpp:221] parsePacket(): could not receive data: 9
[ 70331][E][WiFiUdp.cpp:221] parsePacket(): could not receive data: 9
[ 70338][E][WiFiUdp.cpp:221] parsePacket(): could not receive data: 9
[ 70345][E][WiFiUdp.cpp:221] parsePacket(): could not receive data: 9
[ 70353][E][WiFiUdp.cpp:221] parsePacket(): could not receive data: 9
[ 70360][E][WiFiUdp.cpp:221] parsePacket(): could not receive data: 9
[ 70367][E][WiFiUdp.cpp:221] parsePacket(): could not receive data: 9
[ 70374][E][WiFiUdp.cpp:221] parsePacket(): could not receive data: 9
[ 70381][E][WiFiUdp.cpp:221] parsePacket(): could not receive data: 9
[ 70388][E][WiFiUdp.cpp:221] parsePacket(): could not receive data: 9
[ 70395][E][WiFiUdp.cpp:221] parsePacket(): could not receive data: 9
[ 70402][E][WiFiUdp.cpp:221] parsePacket(): could not receive data: 9
[ 70410][E][WiFiUdp.cpp:221] parsePacket(): could not receive data: 9
[ 70417][E][WiFiUdp.cpp:221] parsePacket(): could not receive data: 9
[ 70424][E][WiFiUdp.cpp:221] parsePacket(): could not receive data: 9
[ 70431][E][WiFiUdp.cpp:221] parsePacket(): could not receive data: 9
[ 70438][E][WiFiUdp.cpp:221] parsePacket(): could not receive data: 9
[ 70445][E][WiFiUdp.cpp:221] parsePacket(): could not receive data: 9
[ 70452][E][WiFiUdp.cpp:221] parsePacket(): could not receive data: 9
[ 70459][E][WiFiUdp.cpp:221] parsePacket(): could not receive data: 9
[ 70466][E][WiFiUdp.cpp:221] parsePacket(): could not receive data: 9
[ 70473][E][WiFiUdp.cpp:221] parsePacket(): could not receive data: 9
[ 70480][E][WiFiUdp.cpp:221] parsePacket(): could not receive data: 9
[ 70487][E][WiFiUdp.cpp:221] parsePacket(): could not receive data: 9
[ 70494][E][WiFiUdp.cpp:221] parsePacket(): could not receive data: 9
[ 70501][E][WiFiUdp.cpp:221] parsePacket(): could not receive data: 9
[ 70508][E][WiFiUdp.cpp:221] parsePacket(): could not receive data: 9
[ 70515][E][WiFiUdp.cpp:221] parsePacket(): could not receive data: 9
[ 70522][E][WiFiUdp.cpp:221] parsePacket(): could not receive data: 9
[ 70529][E][WiFiUdp.cpp:221] parsePacket(): could not receive data: 9
[ 70536][E][WiFiUdp.cpp:221] parsePacket(): could not receive data: 9
[ 70543][E][WiFiUdp.cpp:221] parsePacket(): could not receive data: 9
[ 70550][E][WiFiUdp.cpp:221] parsePacket(): could not receive data: 9
[ 70557][E][WiFiUdp.cpp:221] parsePacket(): could not receive data: 9
[ 70564][E][WiFiUdp.cpp:221] parsePacket(): could not receive data: 9
[ 70571][E][WiFiUdp.cpp:221] parsePacket(): could not receive data: 9
[ 70578][E][WiFiUdp.cpp:221] parsePacket(): could not receive data: 9
[ 70585][E][WiFiUdp.cpp:221] parsePacket(): could not receive data: 9
[ 70592][E][WiFiUdp.cpp:221] parsePacket(): could not receive data: 9
[ 70600][E][WiFiUdp.cpp:221] parsePacket(): could not receive data: 9
[ 70607][E][WiFiUdp.cpp:221] parsePacket(): could not receive data: 9
[ 70614][E][WiFiUdp.cpp:221] parsePacket(): could not receive data: 9
[ 70622][E][WiFiUdp.cpp:221] parsePacket(): could not receive data: 9
[ 70629][E][WiFiUdp.cpp:221] parsePacket(): could not receive data: 9
[ 70636][E][WiFiUdp.cpp:221] parsePacket(): could not receive data: 9
[ 70643][E][WiFiUdp.cpp:221] parsePacket(): could not receive data: 9
[ 70650][E][WiFiUdp.cpp:221] parsePacket(): could not receive data: 9
[ 70660][E][WiFiUdp.cpp:221] parsePacket(): could not receive data: 9
[ 70669][E][WiFiUdp.cpp:221] parsePacket(): could not receive data: 9
[ 70677][E][WiFiUdp.cpp:221] parsePacket(): could not receive data: 9
[ 70686][E][WiFiUdp.cpp:221] parsePacket(): could not receive data: 9
[ 70693][E][WiFiUdp.cpp:221] parsePacket(): could not receive data: 9
[ 70699][E][WiFiUdp.cpp:221] parsePacket(): could not receive data: 9
[ 70705][E][WiFiUdp.cpp:221] parsePacket(): could not receive data: 9
[ 70711][E][WiFiUdp.cpp:221] parsePacket(): could not receive data: 9
[ 70717][E][WiFiUdp.cpp:221] parsePacket(): could not receive data: 9
[ 70724][E][WiFiUdp.cpp:221] parsePacket(): could not receive data: 9
[ 70730][E][WiFiUdp.cpp:221] parsePacket(): could not receive data: 9
[ 70736][E][WiFiUdp.cpp:221] parsePacket(): could not receive data: 9
[ 70742][E][WiFiUdp.cpp:221] parsePacket(): could not receive data: 9
[ 70748][E][WiFiUdp.cpp:221] parsePacket(): could not receive data: 9
[ 70753][E][WiFiUdp.cpp:221] parsePacket(): could not receive data: 9
[ 70759][E][WiFiUdp.cpp:221] parsePacket(): could not receive data: 9
[ 70765][E][WiFiUdp.cpp:221] parsePacket(): could not receive data: 9
[ 70771][E][WiFiUdp.cpp:221] parsePacket(): could not receive data: 9
[ 70777][E][WiFiUdp.cpp:221] parsePacket(): could not receive data: 9
[ 70783][E][WiFiUdp.cpp:221] parsePacket(): could not receive data: 9
[ 70789][E][WiFiUdp.cpp:221] parsePacket(): could not receive data: 9
[ 70795][E][WiFiUdp.cpp:221] parsePacket(): could not receive data: 9
[ 70801][E][WiFiUdp.cpp:221] parsePacket(): could not receive data: 9
[ 70807][E][WiFiUdp.cpp:221] parsePacket(): could not receive data: 9
[ 70813][E][WiFiUdp.cpp:221] parsePacket(): could not receive data: 9
[ 70819][E][WiFiUdp.cpp:221] parsePacket(): could not receive data: 9
[ 70828][E][WiFiUdp.cpp:221] parsePacket(): could not receive data: 9
[ 70835][E][WiFiUdp.cpp:221] parsePacket(): could not receive data: 9
[ 70844][E][WiFiUdp.cpp:221] parsePacket(): could not receive data: 9
[ 70852][E][WiFiUdp.cpp:221] parsePacket(): could not receive data: 9
[ 70859][E][WiFiUdp.cpp:221] parsePacket(): could not receive data: 9
[ 70869][E][WiFiUdp.cpp:221] parsePacket(): could not receive data: 9
[ 70876][E][WiFiUdp.cpp:221] parsePacket(): could not receive data: 9
[ 70885][E][WiFiUdp.cpp:221] parsePacket(): could not receive data: 9
[ 70891][E][WiFiUdp.cpp:221] parsePacket(): could not receive data: 9
[ 70899][E][WiFiUdp.cpp:221] parsePacket(): could not receive data: 9
[ 70906][E][WiFiUdp.cpp:221] parsePacket(): could not receive data: 9
[ 70913][E][WiFiUdp.cpp:221] parsePacket(): could not receive data: 9
[ 70920][E][WiFiUdp.cpp:221] parsePacket(): could not receive data: 9
[ 70927][E][WiFiUdp.cpp:221] parsePacket(): could not receive data: 9
[ 70934][E][WiFiUdp.cpp:221] parsePacket(): could not receive data: 9
[ 70941][E][WiFiUdp.cpp:221] parsePacket(): could not receive data: 9
[ 70948][E][WiFiUdp.cpp:221] parsePacket(): could not receive data: 9
[ 70955][E][WiFiUdp.cpp:221] parsePacket(): could not receive data: 9
[ 70962][E][WiFiUdp.cpp:221] parsePacket(): could not receive data: 9
[ 70969][E][WiFiUdp.cpp:221] parsePacket(): could not receive data: 9
[ 70976][E][WiFiUdp.cpp:221] parsePacket(): could not receive data: 9
[ 70983][E][WiFiUdp.cpp:221] parsePacket(): could not receive data: 9
[ 70990][E][WiFiUdp.cpp:221] parsePacket(): could not receive data: 9
[ 70997][E][WiFiUdp.cpp:221] parsePacket(): could not receive data: 9
[ 71005][E][WiFiUdp.cpp:221] parsePacket(): could not receive data: 9
[ 71012][E][WiFiUdp.cpp:221] parsePacket(): could not receive data: 9
[ 71019][E][WiFiUdp.cpp:221] parsePacket(): could not receive data: 9
[ 71026][E][WiFiUdp.cpp:221] parsePacket(): could not receive data: 9
[ 71033][E][WiFiUdp.cpp:221] parsePacket(): could not receive data: 9
[ 71040][E][WiFiUdp.cpp:221] parsePacket(): could not receive data: 9
[ 71047][E][WiFiUdp.cpp:221] parsePacket(): could not receive data: 9
[ 71054][E][WiFiUdp.cpp:221] parsePacket(): could not receive data: 9
[ 71061][E][WiFiUdp.cpp:221] parsePacket(): could not receive data: 9
[ 71067][E][WiFiUdp.cpp:221] parsePacket(): could not receive data: 9
[ 71074][E][WiFiUdp.cpp:221] parsePacket(): could not receive data: 9
[ 71081][E][WiFiUdp.cpp:221] parsePacket(): could not receive data: 9
[ 71087][E][WiFiUdp.cpp:221] parsePacket(): could not receive data: 9
[ 71094][E][WiFiUdp.cpp:221] parsePacket(): could not receive data: 9
[ 71101][E][WiFiUdp.cpp:221] parsePacket(): could not receive data: 9
[ 71108][E][WiFiUdp.cpp:221] parsePacket(): could not receive data: 9
[ 71115][E][WiFiUdp.cpp:221] parsePacket(): could not receive data: 9
[ 71123][E][WiFiUdp.cpp:221] parsePacket(): could not receive data: 9
[ 71129][E][WiFiUdp.cpp:221] parsePacket(): could not receive data: 9
[ 71134][E][WiFiUdp.cpp:221] parsePacket(): could not receive data: 9
[ 71139][E][WiFiUdp.cpp:221] parsePacket(): could not receive data: 9
[ 71145][E][WiFiUdp.cpp:221] parsePacket(): could not receive data: 9
[ 71152][E][WiFiUdp.cpp:221] parsePacket(): could not receive data: 9
[ 71160][E][WiFiUdp.cpp:221] parsePacket(): could not receive data: 9
[ 71168][E][WiFiUdp.cpp:221] parsePacket(): could not receive data: 9
[ 71175][E][WiFiUdp.cpp:221] parsePacket(): could not receive data: 9
[ 71182][E][WiFiUdp.cpp:221] parsePacket(): could not receive data: 9
[ 71189][E][WiFiUdp.cpp:221] parsePacket(): could not receive data: 9
[ 71196][E][WiFiUdp.cpp:221] parsePacket(): could not receive data: 9
[ 71203][E][WiFiUdp.cpp:221] parsePacket(): could not receive data: 9
[ 71210][E][WiFiUdp.cpp:221] parsePacket(): could not receive data: 9
[ 71217][E][WiFiUdp.cpp:221] parsePacket(): could not receive data: 9
[ 71224][E][WiFiUdp.cpp:221] parsePacket(): could not receive data: 9
[ 71231][E][WiFiUdp.cpp:221] parsePacket(): could not receive data: 9
[ 71239][E][WiFiUdp.cpp:221] parsePacket(): could not receive data: 9
[ 71246][E][WiFiUdp.cpp:221] parsePacket(): could not receive data: 9
[ 71253][E][WiFiUdp.cpp:221] parsePacket(): could not receive data: 9
[ 71260][E][WiFiUdp.cpp:221] parsePacket(): could not receive data: 9
[ 71267][E][WiFiUdp.cpp:221] parsePacket(): could not receive data: 9
[ 71274][E][WiFiUdp.cpp:221] parsePacket(): could not receive data: 9
[ 71281][E][WiFiUdp.cpp:221] parsePacket(): could not receive data: 9
[ 71288][E][WiFiUdp.cpp:221] parsePacket(): could not receive data: 9
[ 71295][E][WiFiUdp.cpp:221] parsePacket(): could not receive data: 9
[ 71302][E][WiFiUdp.cpp:221] parsePacket(): could not receive data: 9
[ 71309][E][WiFiUdp.cpp:221] parsePacket(): could not receive data: 9
[ 71316][E][WiFiUdp.cpp:221] parsePacket(): could not receive data: 9
[ 71323][E][WiFiUdp.cpp:221] parsePacket(): could not receive data: 9
[ 71330][E][WiFiUdp.cpp:221] parsePacket(): could not receive data: 9
[ 71337][E][WiFiUdp.cpp:221] parsePacket(): could not receive data: 9
[ 71344][E][WiFiUdp.cpp:221] parsePacket(): could not receive data: 9
[ 71351][E][WiFiUdp.cpp:221] parsePacket(): could not receive data: 9
[ 71358][E][WiFiUdp.cpp:221] parsePacket(): could not receive data: 9
[ 71365][E][WiFiUdp.cpp:221] parsePacket(): could not receive data: 9
[ 71371][E][WiFiUdp.cpp:221] parsePacket(): could not receive data: 9
[ 71377][E][WiFiUdp.cpp:221] parsePacket(): could not receive data: 9
[ 71384][E][WiFiUdp.cpp:221] parsePacket(): could not receive data: 9
[ 71391][E][WiFiUdp.cpp:221] parsePacket(): could not receive data: 9
[ 71398][E][WiFiUdp.cpp:221] parsePacket(): could not receive data: 9
[ 71406][E][WiFiUdp.cpp:221] parsePacket(): could not receive data: 9
[ 71413][E][WiFiUdp.cpp:221] parsePacket(): could not receive data: 9
[ 71420][E][WiFiUdp.cpp:221] parsePacket(): could not receive data: 9
[ 71427][E][WiFiUdp.cpp:221] parsePacket(): could not receive data: 9
[ 71434][E][WiFiUdp.cpp:221] parsePacket(): could not receive data: 9
[ 71441][E][WiFiUdp.cpp:221] parsePacket(): could not receive data: 9
[ 71447][E][WiFiUdp.cpp:221] parsePacket(): could not receive data: 9
[ 71454][E][WiFiUdp.cpp:221] parsePacket(): could not receive data: 9
[ 71461][E][WiFiUdp.cpp:221] parsePacket(): could not receive data: 9
[ 71468][E][WiFiUdp.cpp:221] parsePacket(): could not receive data: 9
[ 71475][E][WiFiUdp.cpp:221] parsePacket(): could not receive data: 9
[ 71483][E][WiFiUdp.cpp:221] parsePacket(): could not receive data: 9
[ 71490][E][WiFiUdp.cpp:221] parsePacket(): could not receive data: 9
[ 71497][E][WiFiUdp.cpp:221] parsePacket(): could not receive data: 9
[ 71504][E][WiFiUdp.cpp:221] parsePacket(): could not receive data: 9
[ 71512][E][WiFiUdp.cpp:221] parsePacket(): could not receive data: 9
[ 71519][E][WiFiUdp.cpp:221] parsePacket(): could not receive data: 9
[ 71526][E][WiFiUdp.cpp:221] parsePacket(): could not receive data: 9
[ 71533][E][WiFiUdp.cpp:221] parsePacket(): could not receive data: 9
[ 71540][E][WiFiUdp.cpp:221] parsePacket(): could not receive data: 9
[ 71548][E][WiFiUdp.cpp:221] parsePacket(): could not receive data: 9
[ 71555][E][WiFiUdp.cpp:221] parsePacket(): could not receive data: 9
[ 71563][E][WiFiUdp.cpp:221] parsePacket(): could not receive data: 9
[ 71571][E][WiFiUdp.cpp:221] parsePacket(): could not receive data: 9
[ 71578][E][WiFiUdp.cpp:221] parsePacket(): could not receive data: 9
[ 71585][E][WiFiUdp.cpp:221] parsePacket(): could not receive data: 9
[ 71592][E][WiFiUdp.cpp:221] parsePacket(): could not receive data: 9
[ 71599][E][WiFiUdp.cpp:221] parsePacket(): could not receive data: 9
[ 71606][E][WiFiUdp.cpp:221] parsePacket(): could not receive data: 9
[ 71613][E][WiFiUdp.cpp:221] parsePacket(): could not receive data: 9
[ 71620][E][WiFiUdp.cpp:221] parsePacket(): could not receive data: 9
[ 71627][E][WiFiUdp.cpp:221] parsePacket(): could not receive data: 9
[ 71634][E][WiFiUdp.cpp:221] parsePacket(): could not receive data: 9
[ 71641][E][WiFiUdp.cpp:221] parsePacket(): could not receive data: 9
[ 71648][E][WiFiUdp.cpp:221] parsePacket(): could not receive data: 9
[ 71655][E][WiFiUdp.cpp:221] parsePacket(): could not receive data: 9
[ 71662][E][WiFiUdp.cpp:221] parsePacket(): could not receive data: 9
[ 71669][E][WiFiUdp.cpp:221] parsePacket(): could not receive data: 9
[ 71676][E][WiFiUdp.cpp:221] parsePacket(): could not receive data: 9
[ 71684][E][WiFiUdp.cpp:221] parsePacket(): could not receive data: 9
[ 71691][E][WiFiUdp.cpp:221] parsePacket(): could not receive data: 9
[ 71698][E][WiFiUdp.cpp:221] parsePacket(): could not receive data: 9
[ 71706][E][WiFiUdp.cpp:221] parsePacket(): could not receive data: 9
[ 71713][E][WiFiUdp.cpp:221] parsePacket(): could not receive data: 9
[ 71720][E][WiFiUdp.cpp:221] parsePacket(): could not receive data: 9
[ 71727][E][WiFiUdp.cpp:221] parsePacket(): could not receive data: 9
[ 71734][E][WiFiUdp.cpp:221] parsePacket(): could not receive data: 9
[ 71741][E][WiFiUdp.cpp:221] parsePacket(): could not receive data: 9
[ 71748][E][WiFiUdp.cpp:221] parsePacket(): could not receive data: 9
[ 71755][E][WiFiUdp.cpp:221] parsePacket(): could not receive data: 9
[ 71762][E][WiFiUdp.cpp:221] parsePacket(): could not receive data: 9
[ 71769][E][WiFiUdp.cpp:221] parsePacket(): could not receive data: 9
[ 71776][E][WiFiUdp.cpp:221] parsePacket(): could not receive data: 9
[ 71783][E][WiFiUdp.cpp:221] parsePacket(): could not receive data: 9
[ 71790][E][WiFiUdp.cpp:221] parsePacket(): could not receive data: 9
[ 71797][E][WiFiUdp.cpp:221] parsePacket(): could not receive data: 9
[ 71804][E][WiFiUdp.cpp:221] parsePacket(): could not receive data: 9
[ 71811][E][WiFiUdp.cpp:221] parsePacket(): could not receive data: 9
[ 71818][E][WiFiUdp.cpp:221] parsePacket(): could not receive data: 9
[CON ]...Client disconnected. free heap=134520
[ 71825][E][WiFiUdp.cpp:221] parsePacket(): could not receive data: 9
[ 71832][E][WiFiUdp.cpp:221] parsePacket(): could not receive data: 9
[ 71838][E][WiFiUdp.cpp:221] parsePacket(): could not receive data: 9
[ 71844][E][WiFiUdp.cpp:221] parsePacket(): could not receive data: 9
[ 71850][E][WiFiUdp.cpp:221] parsePacket(): could not receive data: 9
[ 71856][E][WiFiUdp.cpp:221] parsePacket(): could not receive data: 9
[ 71862][E][WiFiUdp.cpp:221] parsePacket(): could not receive data: 9
[ 71868][E][WiFiUdp.cpp:221] parsePacket(): could not receive data: 9
[ 71874][E][WiFiUdp.cpp:221] parsePacket(): could not receive data: 9
[ 71880][E][WiFiUdp.cpp:221] parsePacket(): could not receive data: 9
[ 71886][E][WiFiUdp.cpp:221] parsePacket(): could not receive data: 9
[ 71892][E][WiFiUdp.cpp:221] parsePacket(): could not receive data: 9
[ 71898][E][WiFiUdp.cpp:221] parsePacket(): could not receive data: 9
[ 71904][E][WiFiUdp.cpp:221] parsePacket(): could not receive data: 9
[ 71910][E][WiFiUdp.cpp:221] parsePacket(): could not receive data: 9
[ 71916][E][WiFiUdp.cpp:221] parsePacket(): could not receive data: 9
[ 71921][E][WiFiUdp.cpp:221] parsePacket(): could not receive data: 9
[ 71927][E][WiFiUdp.cpp:221] parsePacket(): could not receive data: 9
[ 71933][E][WiFiUdp.cpp:221] parsePacket(): could not receive data: 9
[ 71939][E][WiFiUdp.cpp:221] parsePacket(): could not receive data: 9
[ 71945][E][WiFiUdp.cpp:221] parsePacket(): could not receive data: 9
[ 71952][E][WiFiUdp.cpp:221] parsePacket(): could not receive data: 9
[ 71958][E][WiFiUdp.cpp:221] parsePacket(): could not receive data: 9
[ 71965][E][WiFiUdp.cpp:221] parsePacket(): could not receive data: 9
[ 71972][E][WiFiUdp.cpp:221] parsePacket(): could not receive data: 9
[ 71979][E][WiFiUdp.cpp:221] parsePacket(): could not receive data: 9
[ 71985][E][WiFiUdp.cpp:221] parsePacket(): could not receive data: 9
[ 71991][E][WiFiUdp.cpp:221] parsePacket(): could not receive data: 9
[ 71997][E][WiFiUdp.cpp:221] parsePacket(): could not receive data: 9
[ 72003][E][WiFiUdp.cpp:221] parsePacket(): could not receive data: 9
[ 72009][E][WiFiUdp.cpp:221] parsePacket(): could not receive data: 9
[ 72015][E][WiFiUdp.cpp:221] parsePacket(): could not receive data: 9
[ 72021][E][WiFiUdp.cpp:221] parsePacket(): could not receive data: 9
[ 72027][E][WiFiUdp.cpp:221] parsePacket(): could not receive data: 9
[ 72033][E][WiFiUdp.cpp:221] parsePacket(): could not receive data: 9
[ 72039][E][WiFiUdp.cpp:221] parsePacket(): could not receive data: 9
[ 72045][E][WiFiUdp.cpp:221] parsePacket(): could not receive data: 9
[ 72051][E][WiFiUdp.cpp:221] parsePacket(): could not receive data: 9
[ 72057][E][WiFiUdp.cpp:221] parsePacket(): could not receive data: 9
[ 72063][E][WiFiUdp.cpp:221] parsePacket(): could not receive data: 9
[ 72069][E][WiFiUdp.cpp:221] parsePacket(): could not receive data: 9
[ 72075][E][WiFiUdp.cpp:221] parsePacket(): could not receive data: 9
[ 72081][E][WiFiUdp.cpp:221] parsePacket(): could not receive data: 9
[ 72088][E][WiFiUdp.cpp:221] parsePacket(): could not receive data: 9
[ 72094][E][WiFiUdp.cpp:221] parsePacket(): could not receive data: 9
[ 72100][E][WiFiUdp.cpp:221] parsePacket(): could not receive data: 9
[ 72107][E][WiFiUdp.cpp:221] parsePacket(): could not receive data: 9
[ 72114][E][WiFiUdp.cpp:221] parsePacket(): could not receive data: 9
[ 72120][E][WiFiUdp.cpp:221] parsePacket(): could not receive data: 9
[ 72126][E][WiFiUdp.cpp:221] parsePacket(): could not receive data: 9
[ 72132][E][WiFiUdp.cpp:221] parsePacket(): could not receive data: 9
[ 72138][E][WiFiUdp.cpp:221] parsePacket(): could not receive data: 9
[ 72144][E][WiFiUdp.cpp:221] parsePacket(): could not receive data: 9
[ 72151][E][WiFiUdp.cpp:221] parsePacket(): could not receive data: 9
[ 72158][E][WiFiUdp.cpp:221] parsePacket(): could not receive data: 9
[ 72165][E][WiFiUdp.cpp:221] parsePacket(): could not receive data: 9
[ 72172][E][WiFiUdp.cpp:221] parsePacket(): could not receive data: 9
[ 72179][E][WiFiUdp.cpp:221] parsePacket(): could not receive data: 9
[ 72186][E][WiFiUdp.cpp:221] parsePacket(): could not receive data: 9
[ 72193][E][WiFiUdp.cpp:221] parsePacket(): could not receive data: 9
[ 72200][E][WiFiUdp.cpp:221] parsePacket(): could not receive data: 9
[ 72207][E][WiFiUdp.cpp:221] parsePacket(): could not receive data: 9
[ 72214][E][WiFiUdp.cpp:221] parsePacket(): could not receive data: 9
[ 72221][E][WiFiUdp.cpp:221] parsePacket(): could not receive data: 9
[ 72228][E][WiFiUdp.cpp:221] parsePacket(): could not receive data: 9
[ 72235][E][WiFiUdp.cpp:221] parsePacket(): could not receive data: 9
[ 72242][E][WiFiUdp.cpp:221] parsePacket(): could not receive data: 9
[ 72249][E][WiFiUdp.cpp:221] parsePacket(): could not receive data: 9
[ 72256][E][WiFiUdp.cpp:221] parsePacket(): could not receive data: 9
[ 72263][E][WiFiUdp.cpp:221] parsePacket(): could not receive data: 9
[ 72270][E][WiFiUdp.cpp:221] parsePacket(): could not receive data: 9
[ 72277][E][WiFiUdp.cpp:221] parsePacket(): could not receive data: 9
[ 72284][E][WiFiUdp.cpp:221] parsePacket(): could not receive data: 9
[ 72291][E][WiFiUdp.cpp:221] parsePacket(): could not receive data: 9
[ 72297][E][WiFiUdp.cpp:221] parsePacket(): could not receive data: 9
[ 72304][E][WiFiUdp.cpp:221] parsePacket(): could not receive data: 9
[ 72311][E][WiFiUdp.cpp:221] parsePacket(): could not receive data: 9
[ 72317][E][WiFiUdp.cpp:221] parsePacket(): could not receive data: 9
[ 72323][E][WiFiUdp.cpp:221] parsePacket(): could not receive data: 9
[ 72329][E][WiFiUdp.cpp:221] parsePacket(): could not receive data: 9
[ 72335][E][WiFiUdp.cpp:221] parsePacket(): could not receive data: 9
[ 72341][E][WiFiUdp.cpp:221] parsePacket(): could not receive data: 9
[ 72347][E][WiFiUdp.cpp:221] parsePacket(): could not receive data: 9
[ 72353][E][WiFiUdp.cpp:221] parsePacket(): could not receive data: 9
[ 72359][E][WiFiUdp.cpp:221] parsePacket(): could not receive data: 9
[ 72365][E][WiFiUdp.cpp:221] parsePacket(): could not receive data: 9
[ 72371][E][WiFiUdp.cpp:221] parsePacket(): could not receive data: 9
[ 72377][E][WiFiUdp.cpp:221] parsePacket(): could not receive data: 9
[ 72383][E][WiFiUdp.cpp:221] parsePacket(): could not receive data: 9
[ 72389][E][WiFiUdp.cpp:221] parsePacket(): could not receive data: 9
[ 72395][E][WiFiUdp.cpp:221] parsePacket(): could not receive data: 9
[ 72401][E][WiFiUdp.cpp:221] parsePacket(): could not receive data: 9
[ 72407][E][WiFiUdp.cpp:221] parsePacket(): could not receive data: 9
[ 72413][E][WiFiUdp.cpp:221] parsePacket(): could not receive data: 9
[ 72419][E][WiFiUdp.cpp:221] parsePacket(): could not receive data: 9
[ 72425][E][WiFiUdp.cpp:221] parsePacket(): could not receive data: 9
[ 72431][E][WiFiUdp.cpp:221] parsePacket(): could not receive data: 9
[ 72438][E][WiFiUdp.cpp:221] parsePacket(): could not receive data: 9
[ 72445][E][WiFiUdp.cpp:221] parsePacket(): could not receive data: 9
[ 72452][E][WiFiUdp.cpp:221] parsePacket(): could not receive data: 9
[ 72459][E][WiFiUdp.cpp:221] parsePacket(): could not receive data: 9
[ 72466][E][WiFiUdp.cpp:221] parsePacket(): could not receive data: 9
[ 72473][E][WiFiUdp.cpp:221] parsePacket(): could not receive data: 9
[ 72480][E][WiFiUdp.cpp:221] parsePacket(): could not receive data: 9
[ 72487][E][WiFiUdp.cpp:221] parsePacket(): could not receive data: 9
[ 72494][E][WiFiUdp.cpp:221] parsePacket(): could not receive data: 9
[ 72501][E][WiFiUdp.cpp:221] parsePacket(): could not receive data: 9
[ 72507][E][WiFiUdp.cpp:221] parsePacket(): could not receive data: 9
[ 72513][E][WiFiUdp.cpp:221] parsePacket(): could not receive data: 9
[ 72519][E][WiFiUdp.cpp:221] parsePacket(): could not receive data: 9
[ 72525][E][WiFiUdp.cpp:221] parsePacket(): could not receive data: 9
[ 72531][E][WiFiUdp.cpp:221] parsePacket(): could not receive data: 9
[ 72537][E][WiFiUdp.cpp:221] parsePacket(): could not receive data: 9
[ 72543][E][WiFiUdp.cpp:221] parsePacket(): could not receive data: 9
[ 72549][E][WiFiUdp.cpp:221] parsePacket(): could not receive data: 9
[ 72555][E][WiFiUdp.cpp:221] parsePacket(): could not receive data: 9
[ 72561][E][WiFiUdp.cpp:221] parsePacket(): could not receive data: 9
[ 72567][E][WiFiUdp.cpp:221] parsePacket(): could not receive data: 9
[ 72573][E][WiFiUdp.cpp:221] parsePacket(): could not receive data: 9
[ 72579][E][WiFiUdp.cpp:221] parsePacket(): could not receive data: 9
[ 72585][E][WiFiUdp.cpp:221] parsePacket(): could not receive data: 9
[ 72591][E][WiFiUdp.cpp:221] parsePacket(): could not receive data: 9
[ 72597][E][WiFiUdp.cpp:221] parsePacket(): could not receive data: 9
[ 72603][E][WiFiUdp.cpp:221] parsePacket(): could not receive data: 9
[ 72609][E][WiFiUdp.cpp:221] parsePacket(): could not receive data: 9
[ 72615][E][WiFiUdp.cpp:221] parsePacket(): could not receive data: 9
[ 72621][E][WiFiUdp.cpp:221] parsePacket(): could not receive data: 9
[ 72627][E][WiFiUdp.cpp:221] parsePacket(): could not receive data: 9
[ 72633][E][WiFiUdp.cpp:221] parsePacket(): could not receive data: 9
[ 72639][E][WiFiUdp.cpp:221] parsePacket(): could not receive data: 9
[ 72645][E][WiFiUdp.cpp:221] parsePacket(): could not receive data: 9
[ 72651][E][WiFiUdp.cpp:221] parsePacket(): could not receive data: 9
[ 72657][E][WiFiUdp.cpp:221] parsePacket(): could not receive data: 9
[ 72663][E][WiFiUdp.cpp:221] parsePacket(): could not receive data: 9
[ 72669][E][WiFiUdp.cpp:221] parsePacket(): could not receive data: 9
[ 72675][E][WiFiUdp.cpp:221] parsePacket(): could not receive data: 9
[ 72681][E][WiFiUdp.cpp:221] parsePacket(): could not receive data: 9
[ 72687][E][WiFiUdp.cpp:221] parsePacket(): could not receive data: 9
[ 72693][E][WiFiUdp.cpp:221] parsePacket(): could not receive data: 9
[ 72699][E][WiFiUdp.cpp:221] parsePacket(): could not receive data: 9
[ 72705][E][WiFiUdp.cpp:221] parsePacket(): could not receive data: 9
[ 72711][E][WiFiUdp.cpp:221] parsePacket(): could not receive data: 9
[ 72717][E][WiFiUdp.cpp:221] parsePacket(): could not receive data: 9
[ 72723][E][WiFiUdp.cpp:221] parsePacket(): could not receive data: 9
[ 72729][E][WiFiUdp.cpp:221] parsePacket(): could not receive data: 9
[ 72735][E][WiFiUdp.cpp:221] parsePacket(): could not receive data: 9
[ 72741][E][WiFiUdp.cpp:221] parsePacket(): could not receive data: 9
[ 72747][E][WiFiUdp.cpp:221] parsePacket(): could not receive data: 9
[ 72753][E][WiFiUdp.cpp:221] parsePacket(): could not receive data: 9
[ 72759][E][WiFiUdp.cpp:221] parsePacket(): could not receive data: 9
[ 72765][E][WiFiUdp.cpp:221] parsePacket(): could not receive data: 9
[ 72771][E][WiFiUdp.cpp:221] parsePacket(): could not receive data: 9
[ 72777][E][WiFiUdp.cpp:221] parsePacket(): could not receive data: 9
[ 72783][E][WiFiUdp.cpp:221] parsePacket(): could not receive data: 9
[ 72789][E][WiFiUdp.cpp:221] parsePacket(): could not receive data: 9
[ 72795][E][WiFiUdp.cpp:221] parsePacket(): could not receive data: 9
[ 72801][E][WiFiUdp.cpp:221] parsePacket(): could not receive data: 9
[ 72807][E][WiFiUdp.cpp:221] parsePacket(): could not receive data: 9
[ 72813][E][WiFiUdp.cpp:221] parsePacket(): could not receive data: 9
[ 72819][E][WiFiUdp.cpp:221] parsePacket(): could not receive data: 9
[ 72825][E][WiFiUdp.cpp:221] parsePacket(): could not receive data: 9
[ 72831][E][WiFiUdp.cpp:221] parsePacket(): could not receive data: 9
[ 72837][E][WiFiUdp.cpp:221] parsePacket(): could not receive data: 9
[ 72843][E][WiFiUdp.cpp:221] parsePacket(): could not receive data: 9
[ 72849][E][WiFiUdp.cpp:221] parsePacket(): could not receive data: 9
[ 72855][E][WiFiUdp.cpp:221] parsePacket(): could not receive data: 9
[ 72861][E][WiFiUdp.cpp:221] parsePacket(): could not receive data: 9
[ 72867][E][WiFiUdp.cpp:221] parsePacket(): could not receive data: 9
[ 72873][E][WiFiUdp.cpp:221] parsePacket(): could not receive data: 9
[ 72879][E][WiFiUdp.cpp:221] parsePacket(): could not receive data: 9
[ 72885][E][WiFiUdp.cpp:221] parsePacket(): could not receive data: 9
[ 72891][E][WiFiUdp.cpp:221] parsePacket(): could not receive data: 9
[ 72897][E][WiFiUdp.cpp:221] parsePacket(): could not receive data: 9
[ 72903][E][WiFiUdp.cpp:221] parsePacket(): could not receive data: 9
[ 72909][E][WiFiUdp.cpp:221] parsePacket(): could not receive data: 9
[ 72915][E][WiFiUdp.cpp:221] parsePacket(): could not receive data: 9
[ 72921][E][WiFiUdp.cpp:221] parsePacket(): could not receive data: 9
[ 72927][E][WiFiUdp.cpp:221] parsePacket(): could not receive data: 9
[ 72933][E][WiFiUdp.cpp:221] parsePacket(): could not receive data: 9
[ 72939][E][WiFiUdp.cpp:221] parsePacket(): could not receive data: 9
[ 72945][E][WiFiUdp.cpp:221] parsePacket(): could not receive data: 9
[ 72951][E][WiFiUdp.cpp:221] parsePacket(): could not receive data: 9
[ 72957][E][WiFiUdp.cpp:221] parsePacket(): could not receive data: 9
[ 72963][E][WiFiUdp.cpp:221] parsePacket(): could not receive data: 9
[ 72969][E][WiFiUdp.cpp:221] parsePacket(): could not receive data: 9
[ 72975][E][WiFiUdp.cpp:221] parsePacket(): could not receive data: 9
[ 72981][E][WiFiUdp.cpp:221] parsePacket(): could not receive data: 9
[ 72987][E][WiFiUdp.cpp:221] parsePacket(): could not receive data: 9
[ 72993][E][WiFiUdp.cpp:221] parsePacket(): could not receive data: 9
[ 72999][E][WiFiUdp.cpp:221] parsePacket(): could not receive data: 9
[ 73005][E][WiFiUdp.cpp:221] parsePacket(): could not receive data: 9
[ 73011][E][WiFiUdp.cpp:221] parsePacket(): could not receive data: 9
[ 73018][E][WiFiUdp.cpp:221] parsePacket(): could not receive data: 9
[ 73025][E][WiFiUdp.cpp:221] parsePacket(): could not receive data: 9
[ 73031][E][WiFiUdp.cpp:221] parsePacket(): could not receive data: 9
[ 73038][E][WiFiUdp.cpp:221] parsePacket(): could not receive data: 9
[ 73045][E][WiFiUdp.cpp:221] parsePacket(): could not receive data: 9
[ 73051][E][WiFiUdp.cpp:221] parsePacket(): could not receive data: 9
[ 73057][E][WiFiUdp.cpp:221] parsePacket(): could not receive data: 9
[ 73063][E][WiFiUdp.cpp:221] parsePacket(): could not receive data: 9
[ 73068][E][WiFiUdp.cpp:221] parsePacket(): could not receive data: 9
[ 73073][E][WiFiUdp.cpp:221] parsePacket(): could not receive data: 9
[ 73079][E][WiFiUdp.cpp:221] parsePacket(): could not receive data: 9
[ 73085][E][WiFiUdp.cpp:221] parsePacket(): could not receive data: 9
[ 73091][E][WiFiUdp.cpp:221] parsePacket(): could not receive data: 9
[ 73097][E][WiFiUdp.cpp:221] parsePacket(): could not receive data: 9
[ 73103][E][WiFiUdp.cpp:221] parsePacket(): could not receive data: 9
[ 73109][E][WiFiUdp.cpp:221] parsePacket(): could not receive data: 9
[ 73115][E][WiFiUdp.cpp:221] parsePacket(): could not receive data: 9
[ 73122][E][WiFiUdp.cpp:221] parsePacket(): could not receive data: 9
[ 73128][E][WiFiUdp.cpp:221] parsePacket(): could not receive data: 9
[ 73134][E][WiFiUdp.cpp:221] parsePacket(): could not receive data: 9
[ 73140][E][WiFiUdp.cpp:221] parsePacket(): could not receive data: 9
[ 73146][E][WiFiUdp.cpp:221] parsePacket(): could not receive data: 9
[ 73152][E][WiFiUdp.cpp:221] parsePacket(): could not receive data: 9
[ 73158][E][WiFiUdp.cpp:221] parsePacket(): could not receive data: 9
[ 73164][E][WiFiUdp.cpp:221] parsePacket(): could not receive data: 9
[ 73170][E][WiFiUdp.cpp:221] parsePacket(): could not receive data: 9
[ 73176][E][WiFiUdp.cpp:221] parsePacket(): could not receive data: 9
[ 73182][E][WiFiUdp.cpp:221] parsePacket(): could not receive data: 9
[ 73189][E][WiFiUdp.cpp:221] parsePacket(): could not receive data: 9
[ 73196][E][WiFiUdp.cpp:221] parsePacket(): could not receive data: 9
[ 73203][E][WiFiUdp.cpp:221] parsePacket(): could not receive data: 9
[ 73210][E][WiFiUdp.cpp:221] parsePacket(): could not receive data: 9
[ 73217][E][WiFiUdp.cpp:221] parsePacket(): could not receive data: 9
[ 73224][E][WiFiUdp.cpp:221] parsePacket(): could not receive data: 9
[ 73233][E][WiFiUdp.cpp:221] parsePacket(): could not receive data: 9
[ 73242][E][WiFiUdp.cpp:221] parsePacket(): could not receive data: 9
[ 73250][E][WiFiUdp.cpp:221] parsePacket(): could not receive data: 9
[ 73257][E][WiFiUdp.cpp:221] parsePacket(): could not receive data: 9
[ 73264][E][WiFiUdp.cpp:221] parsePacket(): could not receive data: 9
[ 73270][E][WiFiUdp.cpp:221] parsePacket(): could not receive data: 9
[ 73277][E][WiFiUdp.cpp:221] parsePacket(): could not receive data: 9
[ 73283][E][WiFiUdp.cpp:221] parsePacket(): could not receive data: 9
[ 73289][E][WiFiUdp.cpp:221] parsePacket(): could not receive data: 9
[ 73295][E][WiFiUdp.cpp:221] parsePacket(): could not receive data: 9
[ 73301][E][WiFiUdp.cpp:221] parsePacket(): could not receive data: 9
[ 73307][E][WiFiUdp.cpp:221] parsePacket(): could not receive data: 9
[ 73314][E][WiFiUdp.cpp:221] parsePacket(): could not receive data: 9
[ 73320][E][WiFiUdp.cpp:221] parsePacket(): could not receive data: 9
[ 73329][E][WiFiUdp.cpp:221] parsePacket(): could not receive data: 9
[ 73336][E][WiFiUdp.cpp:221] parsePacket(): could not receive data: 9
[ 73343][E][WiFiUdp.cpp:221] parsePacket(): could not receive data: 9
[ 73350][E][WiFiUdp.cpp:221] parsePacket(): could not receive data: 9
[ 73357][E][WiFiUdp.cpp:221] parsePacket(): could not receive data: 9
[ 73364][E][WiFiUdp.cpp:221] parsePacket(): could not receive data: 9
[ 73371][E][WiFiUdp.cpp:221] parsePacket(): could not receive data: 9
[ 73378][E][WiFiUdp.cpp:221] parsePacket(): could not receive data: 9
[ 73385][E][WiFiUdp.cpp:221] parsePacket(): could not receive data: 9
[ 73392][E][WiFiUdp.cpp:221] parsePacket(): could not receive data: 9
[ 73399][E][WiFiUdp.cpp:221] parsePacket(): could not receive data: 9
[ 73406][E][WiFiUdp.cpp:221] parsePacket(): could not receive data: 9
[ 73413][E][WiFiUdp.cpp:221] parsePacket(): could not receive data: 9
[ 73420][E][WiFiUdp.cpp:221] parsePacket(): could not receive data: 9
[ 73427][E][WiFiUdp.cpp:221] parsePacket(): could not receive data: 9
[ 73434][E][WiFiUdp.cpp:221] parsePacket(): could not receive data: 9
[ 73440][E][WiFiUdp.cpp:221] parsePacket(): could not receive data: 9
[ 73446][E][WiFiUdp.cpp:221] parsePacket(): could not receive data: 9
[ 73452][E][WiFiUdp.cpp:221] parsePacket(): could not receive data: 9
[ 73458][E][WiFiUdp.cpp:221] parsePacket(): could not receive data: 9
[ 73464][E][WiFiUdp.cpp:221] parsePacket(): could not receive data: 9
[ 73470][E][WiFiUdp.cpp:221] parsePacket(): could not receive data: 9
[ 73476][E][WiFiUdp.cpp:221] parsePacket(): could not receive data: 9
[ 73482][E][WiFiUdp.cpp:221] parsePacket(): could not receive data: 9
[ 73488][E][WiFiUdp.cpp:221] parsePacket(): could not receive data: 9
[ 73494][E][WiFiUdp.cpp:221] parsePacket(): could not receive data: 9
[ 73500][E][WiFiUdp.cpp:221] parsePacket(): could not receive data: 9
[ 73506][E][WiFiUdp.cpp:221] parsePacket(): could not receive data: 9
[ 73512][E][WiFiUdp.cpp:221] parsePacket(): could not receive data: 9
[ 73518][E][WiFiUdp.cpp:221] parsePacket(): could not receive data: 9
[ 73524][E][WiFiUdp.cpp:221] parsePacket(): could not receive data: 9
[ 73530][E][WiFiUdp.cpp:221] parsePacket(): could not receive data: 9
[ 73536][E][WiFiUdp.cpp:221] parsePacket(): could not receive data: 9
[ 73542][E][WiFiUdp.cpp:221] parsePacket(): could not receive data: 9
[ 73548][E][WiFiUdp.cpp:221] parsePacket(): could not receive data: 9
[ 73554][E][WiFiUdp.cpp:221] parsePacket(): could not receive data: 9
[ 73560][E][WiFiUdp.cpp:221] parsePacket(): could not receive data: 9
[ 73566][E][WiFiUdp.cpp:221] parsePacket(): could not receive data: 9
[ 73572][E][WiFiUdp.cpp:221] parsePacket(): could not receive data: 9
[ 73578][E][WiFiUdp.cpp:221] parsePacket(): could not receive data: 9
[ 73584][E][WiFiUdp.cpp:221] parsePacket(): could not receive data: 9
[ 73590][E][WiFiUdp.cpp:221] parsePacket(): could not receive data: 9
[ 73596][E][WiFiUdp.cpp:221] parsePacket(): could not receive data: 9
[ 73602][E][WiFiUdp.cpp:221] parsePacket(): could not receive data: 9
[ 73608][E][WiFiUdp.cpp:221] parsePacket(): could not receive data: 9
[ 73614][E][WiFiUdp.cpp:221] parsePacket(): could not receive data: 9
[ 73620][E][WiFiUdp.cpp:221] parsePacket(): could not receive data: 9
[ 73626][E][WiFiUdp.cpp:221] parsePacket(): could not receive data: 9
[ 73632][E][WiFiUdp.cpp:221] parsePacket(): could not receive data: 9
[ 73638][E][WiFiUdp.cpp:221] parsePacket(): could not receive data: 9
[ 73644][E][WiFiUdp.cpp:221] parsePacket(): could not receive data: 9
[ 73650][E][WiFiUdp.cpp:221] parsePacket(): could not receive data: 9
[ 73656][E][WiFiUdp.cpp:221] parsePacket(): could not receive data: 9
[ 73662][E][WiFiUdp.cpp:221] parsePacket(): could not receive data: 9
[ 73668][E][WiFiUdp.cpp:221] parsePacket(): could not receive data: 9
[ 73674][E][WiFiUdp.cpp:221] parsePacket(): could not receive data: 9
[ 73680][E][WiFiUdp.cpp:221] parsePacket(): could not receive data: 9
[ 73686][E][WiFiUdp.cpp:221] parsePacket(): could not receive data: 9
[ 73692][E][WiFiUdp.cpp:221] parsePacket(): could not receive data: 9
[ 73698][E][WiFiUdp.cpp:221] parsePacket(): could not receive data: 9
[ 73704][E][WiFiUdp.cpp:221] parsePacket(): could not receive data: 9
[ 73710][E][WiFiUdp.cpp:221] parsePacket(): could not receive data: 9
[ 73716][E][WiFiUdp.cpp:221] parsePacket(): could not receive data: 9
[ 73721][E][WiFiUdp.cpp:221] parsePacket(): could not receive data: 9
[ 73727][E][WiFiUdp.cpp:221] parsePacket(): could not receive data: 9
[ 73734][E][WiFiUdp.cpp:221] parsePacket(): could not receive data: 9
[ 73740][E][WiFiUdp.cpp:221] parsePacket(): could not receive data: 9
[ 73746][E][WiFiUdp.cpp:221] parsePacket(): could not receive data: 9
[ 73752][E][WiFiUdp.cpp:221] parsePacket(): could not receive data: 9
[ 73758][E][WiFiUdp.cpp:221] parsePacket(): could not receive data: 9
[ 73764][E][WiFiUdp.cpp:221] parsePacket(): could not receive data: 9
[ 73769][E][WiFiUdp.cpp:221] parsePacket(): could not receive data: 9
[ 73777][E][WiFiUdp.cpp:221] parsePacket(): could not receive data: 9
[ 73786][E][WiFiUdp.cpp:221] parsePacket(): could not receive data: 9
[ 73793][E][WiFiUdp.cpp:221] parsePacket(): could not receive data: 9
[ 73800][E][WiFiUdp.cpp:221] parsePacket(): could not receive data: 9
[ 73807][E][WiFiUdp.cpp:221] parsePacket(): could not receive data: 9
[ 73814][E][WiFiUdp.cpp:221] parsePacket(): could not receive data: 9
[ 73820][E][WiFiUdp.cpp:221] parsePacket(): could not receive data: 9
[ 73826][E][WiFiUdp.cpp:221] parsePacket(): could not receive data: 9
[ 73832][E][WiFiUdp.cpp:221] parsePacket(): could not receive data: 9
[ 73839][E][WiFiUdp.cpp:221] parsePacket(): could not receive data: 9
[ 73846][E][WiFiUdp.cpp:221] parsePacket(): could not receive data: 9
[ 73852][E][WiFiUdp.cpp:221] parsePacket(): could not receive data: 9
[ 73858][E][WiFiUdp.cpp:221] parsePacket(): could not receive data: 9
[ 73864][E][WiFiUdp.cpp:221] parsePacket(): could not receive data: 9
[ 73870][E][WiFiUdp.cpp:221] parsePacket(): could not receive data: 9
[ 73876][E][WiFiUdp.cpp:221] parsePacket(): could not receive data: 9
[ 73882][E][WiFiUdp.cpp:221] parsePacket(): could not receive data: 9
[ 73888][E][WiFiUdp.cpp:221] parsePacket(): could not receive data: 9
[ 73894][E][WiFiUdp.cpp:221] parsePacket(): could not receive data: 9
[ 73900][E][WiFiUdp.cpp:221] parsePacket(): could not receive data: 9
[ 73906][E][WiFiUdp.cpp:221] parsePacket(): could not receive data: 9
[ 73912][E][WiFiUdp.cpp:221] parsePacket(): could not receive data: 9
[ 73918][E][WiFiUdp.cpp:221] parsePacket(): could not receive data: 9
[ 73924][E][WiFiUdp.cpp:221] parsePacket(): could not receive data: 9
[ 73930][E][WiFiUdp.cpp:221] parsePacket(): could not receive data: 9
[ 73936][E][WiFiUdp.cpp:221] parsePacket(): could not receive data: 9
[ 73942][E][WiFiUdp.cpp:221] parsePacket(): could not receive data: 9
[ 73948][E][WiFiUdp.cpp:221] parsePacket(): could not receive data: 9
[ 73954][E][WiFiUdp.cpp:221] parsePacket(): could not receive data: 9
[ 73960][E][WiFiUdp.cpp:221] parsePacket(): could not receive data: 9
[ 73966][E][WiFiUdp.cpp:221] parsePacket(): could not receive data: 9
[ 73972][E][WiFiUdp.cpp:221] parsePacket(): could not receive data: 9
[ 73978][E][WiFiUdp.cpp:221] parsePacket(): could not receive data: 9
[ 73984][E][WiFiUdp.cpp:221] parsePacket(): could not receive data: 9
[ 73990][E][WiFiUdp.cpp:221] parsePacket(): could not receive data: 9
[ 73996][E][WiFiUdp.cpp:221] parsePacket(): could not receive data: 9
[ 74002][E][WiFiUdp.cpp:221] parsePacket(): could not receive data: 9
[ 74008][E][WiFiUdp.cpp:221] parsePacket(): could not receive data: 9
[ 74014][E][WiFiUdp.cpp:221] parsePacket(): could not receive data: 9
[ 74020][E][WiFiUdp.cpp:221] parsePacket(): could not receive data: 9
[ 74026][E][WiFiUdp.cpp:221] parsePacket(): could not receive data: 9
[ 74032][E][WiFiUdp.cpp:221] parsePacket(): could not receive data: 9
[ 74038][E][WiFiUdp.cpp:221] parsePacket(): could not receive data: 9
[ 74044][E][WiFiUdp.cpp:221] parsePacket(): could not receive data: 9
[ 74050][E][WiFiUdp.cpp:221] parsePacket(): could not receive data: 9
[ 74056][E][WiFiUdp.cpp:221] parsePacket(): could not receive data: 9
[ 74062][E][WiFiUdp.cpp:221] parsePacket(): could not receive data: 9
[ 74068][E][WiFiUdp.cpp:221] parsePacket(): could not receive data: 9
[ 74074][E][WiFiUdp.cpp:221] parsePacket(): could not receive data: 9
[ 74080][E][WiFiUdp.cpp:221] parsePacket(): could not receive data: 9
[ 74085][E][WiFiUdp.cpp:221] parsePacket(): could not receive data: 9
[ 74091][E][WiFiUdp.cpp:221] parsePacket(): could not receive data: 9
[ 74097][E][WiFiUdp.cpp:221] parsePacket(): could not receive data: 9
[ 74103][E][WiFiUdp.cpp:221] parsePacket(): could not receive data: 9
[ 74109][E][WiFiUdp.cpp:221] parsePacket(): could not receive data: 9
[ 74115][E][WiFiUdp.cpp:221] parsePacket(): could not receive data: 9
[ 74121][E][WiFiUdp.cpp:221] parsePacket(): could not receive data: 9
[ 74127][E][WiFiUdp.cpp:221] parsePacket(): could not receive data: 9
[ 74133][E][WiFiUdp.cpp:221] parsePacket(): could not receive data: 9
[ 74139][E][WiFiUdp.cpp:221] parsePacket(): could not receive data: 9
[ 74145][E][WiFiUdp.cpp:221] parsePacket(): could not receive data: 9
[ 74151][E][WiFiUdp.cpp:221] parsePacket(): could not receive data: 9
[ 74157][E][WiFiUdp.cpp:221] parsePacket(): could not receive data: 9
[ 74163][E][WiFiUdp.cpp:221] parsePacket(): could not receive data: 9
[ 74169][E][WiFiUdp.cpp:221] parsePacket(): could not receive data: 9
[ 74175][E][WiFiUdp.cpp:221] parsePacket(): could not receive data: 9
[ 74181][E][WiFiUdp.cpp:221] parsePacket(): could not receive data: 9
[ 74187][E][WiFiUdp.cpp:221] parsePacket(): could not receive data: 9
[ 74193][E][WiFiUdp.cpp:221] parsePacket(): could not receive data: 9
[ 74199][E][WiFiUdp.cpp:221] parsePacket(): could not receive data: 9
[ 74205][E][WiFiUdp.cpp:221] parsePacket(): could not receive data: 9
[ 74211][E][WiFiUdp.cpp:221] parsePacket(): could not receive data: 9
[ 74217][E][WiFiUdp.cpp:221] parsePacket(): could not receive data: 9
[ 74223][E][WiFiUdp.cpp:221] parsePacket(): could not receive data: 9
[ 74229][E][WiFiUdp.cpp:221] parsePacket(): could not receive data: 9
[ 74235][E][WiFiUdp.cpp:221] parsePacket(): could not receive data: 9
[ 74241][E][WiFiUdp.cpp:221] parsePacket(): could not receive data: 9
[ 74247][E][WiFiUdp.cpp:221] parsePacket(): could not receive data: 9
[ 74253][E][WiFiUdp.cpp:221] parsePacket(): could not receive data: 9
[ 74259][E][WiFiUdp.cpp:221] parsePacket(): could not receive data: 9
[ 74265][E][WiFiUdp.cpp:221] parsePacket(): could not receive data: 9
[ 74271][E][WiFiUdp.cpp:221] parsePacket(): could not receive data: 9
[ 74277][E][WiFiUdp.cpp:221] parsePacket(): could not receive data: 9
[ 74283][E][WiFiUdp.cpp:221] parsePacket(): could not receive data: 9
[ 74289][E][WiFiUdp.cpp:221] parsePacket(): could not receive data: 9
[ 74295][E][WiFiUdp.cpp:221] parsePacket(): could not receive data: 9
[ 74301][E][WiFiUdp.cpp:221] parsePacket(): could not receive data: 9
[ 74307][E][WiFiUdp.cpp:221] parsePacket(): could not receive data: 9
[ 74313][E][WiFiUdp.cpp:221] parsePacket(): could not receive data: 9
[ 74319][E][WiFiUdp.cpp:221] parsePacket(): could not receive data: 9
[ 74325][E][WiFiUdp.cpp:221] parsePacket(): could not receive data: 9
[ 74331][E][WiFiUdp.cpp:221] parsePacket(): could not receive data: 9
[ 74337][E][WiFiUdp.cpp:221] parsePacket(): could not receive data: 9
[ 74343][E][WiFiUdp.cpp:221] parsePacket(): could not receive data: 9
[ 74349][E][WiFiUdp.cpp:221] parsePacket(): could not receive data: 9
[ 74355][E][WiFiUdp.cpp:221] parsePacket(): could not receive data: 9
[ 74361][E][WiFiUdp.cpp:221] parsePacket(): could not receive data: 9
[ 74367][E][WiFiUdp.cpp:221] parsePacket(): could not receive data: 9
[ 74373][E][WiFiUdp.cpp:221] parsePacket(): could not receive data: 9
[ 74379][E][WiFiUdp.cpp:221] parsePacket(): could not receive data: 9
[ 74385][E][WiFiUdp.cpp:221] parsePacket(): could not receive data: 9
[ 74391][E][WiFiUdp.cpp:221] parsePacket(): could not receive data: 9
[ 74397][E][WiFiUdp.cpp:221] parsePacket(): could not receive data: 9
[ 74403][E][WiFiUdp.cpp:221] parsePacket(): could not receive data: 9
[ 74409][E][WiFiUdp.cpp:221] parsePacket(): could not receive data: 9
[ 74415][E][WiFiUdp.cpp:221] parsePacket(): could not receive data: 9
[ 74421][E][WiFiUdp.cpp:221] parsePacket(): could not receive data: 9
[ 74427][E][WiFiUdp.cpp:221] parsePacket(): could not receive data: 9
[ 74433][E][WiFiUdp.cpp:221] parsePacket(): could not receive data: 9
[ 74439][E][WiFiUdp.cpp:221] parsePacket(): could not receive data: 9
[ 74445][E][WiFiUdp.cpp:221] parsePacket(): could not receive data: 9
[ 74451][E][WiFiUdp.cpp:221] parsePacket(): could not receive data: 9
[ 74456][E][WiFiUdp.cpp:221] parsePacket(): could not receive data: 9
[ 74462][E][WiFiUdp.cpp:221] parsePacket(): could not receive data: 9
[ 74468][E][WiFiUdp.cpp:221] parsePacket(): could not receive data: 9
[ 74474][E][WiFiUdp.cpp:221] parsePacket(): could not receive data: 9
[ 74480][E][WiFiUdp.cpp:221] parsePacket(): could not receive data: 9
[ 74486][E][WiFiUdp.cpp:221] parsePacket(): could not receive data: 9
[ 74492][E][WiFiUdp.cpp:221] parsePacket(): could not receive data: 9
[ 74498][E][WiFiUdp.cpp:221] parsePacket(): could not receive data: 9
[ 74504][E][WiFiUdp.cpp:221] parsePacket(): could not receive data: 9
[ 74510][E][WiFiUdp.cpp:221] parsePacket(): could not receive data: 9
[ 74516][E][WiFiUdp.cpp:221] parsePacket(): could not receive data: 9
[ 74522][E][WiFiUdp.cpp:221] parsePacket(): could not receive data: 9
[ 74529][E][WiFiUdp.cpp:221] parsePacket(): could not receive data: 9
[ 74536][E][WiFiUdp.cpp:221] parsePacket(): could not receive data: 9
[ 74545][E][WiFiUdp.cpp:221] parsePacket(): could not receive data: 9
[ 74553][E][WiFiUdp.cpp:221] parsePacket(): could not receive data: 9
[ 74560][E][WiFiUdp.cpp:221] parsePacket(): could not receive data: 9
[ 74567][E][WiFiUdp.cpp:221] parsePacket(): could not receive data: 9
[ 74574][E][WiFiUdp.cpp:221] parsePacket(): could not receive data: 9
[ 74581][E][WiFiUdp.cpp:221] parsePacket(): could not receive data: 9
[ 74588][E][WiFiUdp.cpp:221] parsePacket(): could not receive data: 9
[ 74595][E][WiFiUdp.cpp:221] parsePacket(): could not receive data: 9
[ 74602][E][WiFiUdp.cpp:221] parsePacket(): could not receive data: 9
[ 74609][E][WiFiUdp.cpp:221] parsePacket(): could not receive data: 9
[ 74616][E][WiFiUdp.cpp:221] parsePacket(): could not receive data: 9
[ 74623][E][WiFiUdp.cpp:221] parsePacket(): could not receive data: 9
[ 74630][E][WiFiUdp.cpp:221] parsePacket(): could not receive data: 9
[ 74637][E][WiFiUdp.cpp:221] parsePacket(): could not receive data: 9
[ 74644][E][WiFiUdp.cpp:221] parsePacket(): could not receive data: 9
[ 74651][E][WiFiUdp.cpp:221] parsePacket(): could not receive data: 9
[ 74658][E][WiFiUdp.cpp:221] parsePacket(): could not receive data: 9
[ 74665][E][WiFiUdp.cpp:221] parsePacket(): could not receive data: 9
[ 74671][E][WiFiUdp.cpp:221] parsePacket(): could not receive data: 9
[ 74677][E][WiFiUdp.cpp:221] parsePacket(): could not receive data: 9
[ 74684][E][WiFiUdp.cpp:221] parsePacket(): could not receive data: 9
[ 74692][E][WiFiUdp.cpp:221] parsePacket(): could not receive data: 9
[ 74699][E][WiFiUdp.cpp:221] parsePacket(): could not receive data: 9
[ 74705][E][WiFiUdp.cpp:221] parsePacket(): could not receive data: 9
[ 74712][E][WiFiUdp.cpp:221] parsePacket(): could not receive data: 9
[ 74720][E][WiFiUdp.cpp:221] parsePacket(): could not receive data: 9
[ 74726][E][WiFiUdp.cpp:221] parsePacket(): could not receive data: 9
[ 74732][E][WiFiUdp.cpp:221] parsePacket(): could not receive data: 9
[ 74738][E][WiFiUdp.cpp:221] parsePacket(): could not receive data: 9
[ 74745][E][WiFiUdp.cpp:221] parsePacket(): could not receive data: 9
[ 74752][E][WiFiUdp.cpp:221] parsePacket(): could not receive data: 9
[ 74759][E][WiFiUdp.cpp:221] parsePacket(): could not receive data: 9
[ 74766][E][WiFiUdp.cpp:221] parsePacket(): could not receive data: 9
[ 74773][E][WiFiUdp.cpp:221] parsePacket(): could not receive data: 9
[ 74780][E][WiFiUdp.cpp:221] parsePacket(): could not receive data: 9
[ 74786][E][WiFiUdp.cpp:221] parsePacket(): could not receive data: 9
[ 74793][E][WiFiUdp.cpp:221] parsePacket(): could not receive data: 9
[ 74800][E][WiFiUdp.cpp:221] parsePacket(): could not receive data: 9
[ 74807][E][WiFiUdp.cpp:221] parsePacket(): could not receive data: 9
[ 74814][E][WiFiUdp.cpp:221] parsePacket(): could not receive data: 9
[ 74821][E][WiFiUdp.cpp:221] parsePacket(): could not receive data: 9
[ 74828][E][WiFiUdp.cpp:221] parsePacket(): could not receive data: 9
[ 74836][E][WiFiUdp.cpp:221] parsePacket(): could not receive data: 9
[ 74845][E][WiFiUdp.cpp:221] parsePacket(): could not receive data: 9
[ 74851][E][WiFiUdp.cpp:221] parsePacket(): could not receive data: 9
[ 74857][E][WiFiUdp.cpp:221] parsePacket(): could not receive data: 9
[ 74864][E][WiFiUdp.cpp:221] parsePacket(): could not receive data: 9
[ 74870][E][WiFiUdp.cpp:221] parsePacket(): could not receive data: 9
[ 74877][E][WiFiUdp.cpp:221] parsePacket(): could not receive data: 9
[ 74884][E][WiFiUdp.cpp:221] parsePacket(): could not receive data: 9
[ 74891][E][WiFiUdp.cpp:221] parsePacket(): could not receive data: 9
[ 74898][E][WiFiUdp.cpp:221] parsePacket(): could not receive data: 9
[ 74906][E][WiFiUdp.cpp:221] parsePacket(): could not receive data: 9
[ 74914][E][WiFiUdp.cpp:221] parsePacket(): could not receive data: 9
[ 74920][E][WiFiUdp.cpp:221] parsePacket(): could not receive data: 9
[ 74926][E][WiFiUdp.cpp:221] parsePacket(): could not receive data: 9
[ 74932][E][WiFiUdp.cpp:221] parsePacket(): could not receive data: 9
[ 74939][E][WiFiUdp.cpp:221] parsePacket(): could not receive data: 9
[ 74946][E][WiFiUdp.cpp:221] parsePacket(): could not receive data: 9
[ 74953][E][WiFiUdp.cpp:221] parsePacket(): could not receive data: 9
[ 74960][E][WiFiUdp.cpp:221] parsePacket(): could not receive data: 9
[ 74967][E][WiFiUdp.cpp:221] parsePacket(): could not receive data: 9
[ 74974][E][WiFiUdp.cpp:221] parsePacket(): could not receive data: 9
[ 74981][E][WiFiUdp.cpp:221] parsePacket(): could not receive data: 9
[ 74988][E][WiFiUdp.cpp:221] parsePacket(): could not receive data: 9
[ 74995][E][WiFiUdp.cpp:221] parsePacket(): could not receive data: 9
[ 75002][E][WiFiUdp.cpp:221] parsePacket(): could not receive data: 9
[ 75010][E][WiFiUdp.cpp:221] parsePacket(): could not receive data: 9
[ 75016][E][WiFiUdp.cpp:221] parsePacket(): could not receive data: 9
[ 75022][E][WiFiUdp.cpp:221] parsePacket(): could not receive data: 9
[ 75028][E][WiFiUdp.cpp:221] parsePacket(): could not receive data: 9
[ 75034][E][WiFiUdp.cpp:221] parsePacket(): could not receive data: 9
[ 75040][E][WiFiUdp.cpp:221] parsePacket(): could not receive data: 9
[ 75046][E][WiFiUdp.cpp:221] parsePacket(): could not receive data: 9
[ 75052][E][WiFiUdp.cpp:221] parsePacket(): could not receive data: 9
[ 75058][E][WiFiUdp.cpp:221] parsePacket(): could not receive data: 9
[ 75064][E][WiFiUdp.cpp:221] parsePacket(): could not receive data: 9
[ 75070][E][WiFiUdp.cpp:221] parsePacket(): could not receive data: 9
[ 75076][E][WiFiUdp.cpp:221] parsePacket(): could not receive data: 9
[ 75082][E][WiFiUdp.cpp:221] parsePacket(): could not receive data: 9
[ 75088][E][WiFiUdp.cpp:221] parsePacket(): could not receive data: 9
[ 75094][E][WiFiUdp.cpp:221] parsePacket(): could not receive data: 9
[ 75100][E][WiFiUdp.cpp:221] parsePacket(): could not receive data: 9
[ 75106][E][WiFiUdp.cpp:221] parsePacket(): could not receive data: 9
[ 75113][E][WiFiUdp.cpp:221] parsePacket(): could not receive data: 9
[ 75119][E][WiFiUdp.cpp:221] parsePacket(): could not receive data: 9
[ 75125][E][WiFiUdp.cpp:221] parsePacket(): could not receive data: 9
[ 75131][E][WiFiUdp.cpp:221] parsePacket(): could not receive data: 9
[ 75138][E][WiFiUdp.cpp:221] parsePacket(): could not receive data: 9
[ 75145][E][WiFiUdp.cpp:221] parsePacket(): could not receive data: 9
[ 75152][E][WiFiUdp.cpp:221] parsePacket(): could not receive data: 9
[ 75159][E][WiFiUdp.cpp:221] parsePacket(): could not receive data: 9
[ 75166][E][WiFiUdp.cpp:221] parsePacket(): could not receive data: 9
[ 75173][E][WiFiUdp.cpp:221] parsePacket(): could not receive data: 9
[ 75180][E][WiFiUdp.cpp:221] parsePacket(): could not receive data: 9
[ 75187][E][WiFiUdp.cpp:221] parsePacket(): could not receive data: 9
[ 75194][E][WiFiUdp.cpp:221] parsePacket(): could not receive data: 9
[ 75201][E][WiFiUdp.cpp:221] parsePacket(): could not receive data: 9
[ 75208][E][WiFiUdp.cpp:221] parsePacket(): could not receive data: 9
[ 75215][E][WiFiUdp.cpp:221] parsePacket(): could not receive data: 9
[ 75223][E][WiFiUdp.cpp:221] parsePacket(): could not receive data: 9
[ 75230][E][WiFiUdp.cpp:221] parsePacket(): could not receive data: 9
[ 75237][E][WiFiUdp.cpp:221] parsePacket(): could not receive data: 9
[ 75245][E][WiFiUdp.cpp:221] parsePacket(): could not receive data: 9
[ 75253][E][WiFiUdp.cpp:221] parsePacket(): could not receive data: 9
[ 75260][E][WiFiUdp.cpp:221] parsePacket(): could not receive data: 9
[ 75269][E][WiFiUdp.cpp:221] parsePacket(): could not receive data: 9
[ 75276][E][WiFiUdp.cpp:221] parsePacket(): could not receive data: 9
[ 75283][E][WiFiUdp.cpp:221] parsePacket(): could not receive data: 9
[ 75290][E][WiFiUdp.cpp:221] parsePacket(): could not receive data: 9
[ 75299][E][WiFiUdp.cpp:221] parsePacket(): could not receive data: 9
[ 75308][E][WiFiUdp.cpp:221] parsePacket(): could not receive data: 9
[ 75316][E][WiFiUdp.cpp:221] parsePacket(): could not receive data: 9
[ 75324][E][WiFiUdp.cpp:221] parsePacket(): could not receive data: 9
[ 75330][E][WiFiUdp.cpp:221] parsePacket(): could not receive data: 9
[ 75336][E][WiFiUdp.cpp:221] parsePacket(): could not receive data: 9
[ 75342][E][WiFiUdp.cpp:221] parsePacket(): could not receive data: 9
[ 75348][E][WiFiUdp.cpp:221] parsePacket(): could not receive data: 9
[ 75354][E][WiFiUdp.cpp:221] parsePacket(): could not receive data: 9
[ 75360][E][WiFiUdp.cpp:221] parsePacket(): could not receive data: 9
[ 75366][E][WiFiUdp.cpp:221] parsePacket(): could not receive data: 9
[ 75372][E][WiFiUdp.cpp:221] parsePacket(): could not receive data: 9
[ 75378][E][WiFiUdp.cpp:221] parsePacket(): could not receive data: 9
[ 75384][E][WiFiUdp.cpp:221] parsePacket(): could not receive data: 9
[ 75390][E][WiFiUdp.cpp:221] parsePacket(): could not receive data: 9
[ 75396][E][WiFiUdp.cpp:221] parsePacket(): could not receive data: 9
[ 75402][E][WiFiUdp.cpp:221] parsePacket(): could not receive data: 9
[ 75408][E][WiFiUdp.cpp:221] parsePacket(): could not receive data: 9
[ 75414][E][WiFiUdp.cpp:221] parsePacket(): could not receive data: 9
[ 75420][E][WiFiUdp.cpp:221] parsePacket(): could not receive data: 9
[ 75426][E][WiFiUdp.cpp:221] parsePacket(): could not receive data: 9
[ 75432][E][WiFiUdp.cpp:221] parsePacket(): could not receive data: 9
[ 75438][E][WiFiUdp.cpp:221] parsePacket(): could not receive data: 9
[ 75444][E][WiFiUdp.cpp:221] parsePacket(): could not receive data: 9
[ 75450][E][WiFiUdp.cpp:221] parsePacket(): could not receive data: 9
[ 75456][E][WiFiUdp.cpp:221] parsePacket(): could not receive data: 9
[ 75462][E][WiFiUdp.cpp:221] parsePacket(): could not receive data: 9
[ 75468][E][WiFiUdp.cpp:221] parsePacket(): could not receive data: 9
[ 75474][E][WiFiUdp.cpp:221] parsePacket(): could not receive data: 9
[ 75480][E][WiFiUdp.cpp:221] parsePacket(): could not receive data: 9
[ 75486][E][WiFiUdp.cpp:221] parsePacket(): could not receive data: 9
[ 75492][E][WiFiUdp.cpp:221] parsePacket(): could not receive data: 9
[ 75498][E][WiFiUdp.cpp:221] parsePacket(): could not receive data: 9
[ 75504][E][WiFiUdp.cpp:221] parsePacket(): could not receive data: 9
[ 75510][E][WiFiUdp.cpp:221] parsePacket(): could not receive data: 9
[ 75516][E][WiFiUdp.cpp:221] parsePacket(): could not receive data: 9
[ 75522][E][WiFiUdp.cpp:221] parsePacket(): could not receive data: 9
[ 75528][E][WiFiUdp.cpp:221] parsePacket(): could not receive data: 9
[ 75534][E][WiFiUdp.cpp:221] parsePacket(): could not receive data: 9
[ 75540][E][WiFiUdp.cpp:221] parsePacket(): could not receive data: 9
[ 75546][E][WiFiUdp.cpp:221] parsePacket(): could not receive data: 9
[ 75552][E][WiFiUdp.cpp:221] parsePacket(): could not receive data: 9
[ 75558][E][WiFiUdp.cpp:221] parsePacket(): could not receive data: 9
[ 75564][E][WiFiUdp.cpp:221] parsePacket(): could not receive data: 9
[ 75570][E][WiFiUdp.cpp:221] parsePacket(): could not receive data: 9
[ 75576][E][WiFiUdp.cpp:221] parsePacket(): could not receive data: 9
[ 75582][E][WiFiUdp.cpp:221] parsePacket(): could not receive data: 9
[ 75588][E][WiFiUdp.cpp:221] parsePacket(): could not receive data: 9
[ 75594][E][WiFiUdp.cpp:221] parsePacket(): could not receive data: 9
[ 75600][E][WiFiUdp.cpp:221] parsePacket(): could not receive data: 9
[ 75606][E][WiFiUdp.cpp:221] parsePacket(): could not receive data: 9
[ 75612][E][WiFiUdp.cpp:221] parsePacket(): could not receive data: 9
[ 75618][E][WiFiUdp.cpp:221] parsePacket(): could not receive data: 9
[ 75624][E][WiFiUdp.cpp:221] parsePacket(): could not receive data: 9
[ 75630][E][WiFiUdp.cpp:221] parsePacket(): could not receive data: 9
[ 75636][E][WiFiUdp.cpp:221] parsePacket(): could not receive data: 9
[ 75642][E][WiFiUdp.cpp:221] parsePacket(): could not receive data: 9
[ 75648][E][WiFiUdp.cpp:221] parsePacket(): could not receive data: 9
[ 75654][E][WiFiUdp.cpp:221] parsePacket(): could not receive data: 9
[ 75660][E][WiFiUdp.cpp:221] parsePacket(): could not receive data: 9
[ 75666][E][WiFiUdp.cpp:221] parsePacket(): could not receive data: 9
[ 75672][E][WiFiUdp.cpp:221] parsePacket(): could not receive data: 9
[ 75677][E][WiFiUdp.cpp:221] parsePacket(): could not receive data: 9
[ 75683][E][WiFiUdp.cpp:221] parsePacket(): could not receive data: 9
[ 75689][E][WiFiUdp.cpp:221] parsePacket(): could not receive data: 9
[ 75695][E][WiFiUdp.cpp:221] parsePacket(): could not receive data: 9
[ 75701][E][WiFiUdp.cpp:221] parsePacket(): could not receive data: 9
[ 75707][E][WiFiUdp.cpp:221] parsePacket(): could not receive data: 9
[ 75713][E][WiFiUdp.cpp:221] parsePacket(): could not receive data: 9
[ 75719][E][WiFiUdp.cpp:221] parsePacket(): could not receive data: 9
[ 75725][E][WiFiUdp.cpp:221] parsePacket(): could not receive data: 9
[ 75731][E][WiFiUdp.cpp:221] parsePacket(): could not receive data: 9
[ 75737][E][WiFiUdp.cpp:221] parsePacket(): could not receive data: 9
[ 75744][E][WiFiUdp.cpp:221] parsePacket(): could not receive data: 9
[ 75751][E][WiFiUdp.cpp:221] parsePacket(): could not receive data: 9
[ 75758][E][WiFiUdp.cpp:221] parsePacket(): could not receive data: 9
[ 75765][E][WiFiUdp.cpp:221] parsePacket(): could not receive data: 9
[ 75772][E][WiFiUdp.cpp:221] parsePacket(): could not receive data: 9
[ 75780][E][WiFiUdp.cpp:221] parsePacket(): could not receive data: 9
[ 75787][E][WiFiUdp.cpp:221] parsePacket(): could not receive data: 9
[ 75793][E][WiFiUdp.cpp:221] parsePacket(): could not receive data: 9
[ 75799][E][WiFiUdp.cpp:221] parsePacket(): could not receive data: 9
[ 75806][E][WiFiUdp.cpp:221] parsePacket(): could not receive data: 9
[ 75813][E][WiFiUdp.cpp:221] parsePacket(): could not receive data: 9
[ 75819][E][WiFiUdp.cpp:221] parsePacket(): could not receive data: 9
[ 75824][E][WiFiUdp.cpp:221] parsePacket(): could not receive data: 9
[CON ]...accept() fd=50 free=132476
[CON ]...Client authenticated on port 2323. free heap=127260
-[ 75833][E][WiFiUdp.cpp:221] parsePacket(): could not receive data: 9
-[ 75841][E][WiFiUdp.cpp:221] parsePacket(): could not receive data: 9
m[ 75850][E][WiFiUdp.cpp:221] parsePacket(): could not receive data: 9
a[ 75859][E][WiFiUdp.cpp:221] parsePacket(): could not receive data: 9
x[ 75868][E][WiFiUdp.cpp:221] parsePacket(): could not receive data: 9
h[ 75877][E][WiFiUdp.cpp:221] parsePacket(): could not receive data: 9
o[ 75886][E][WiFiUdp.cpp:221] parsePacket(): could not receive data: 9
p[ 75895][E][WiFiUdp.cpp:221] parsePacket(): could not receive data: 9
[ 75904][E][WiFiUdp.cpp:221] parsePacket(): could not receive data: 9

maxhop 4 (pos 2)
[MAXHOP];text;4;pos;2
[ 75920][E][WiFiUdp.cpp:221] parsePacket(): could not receive data: 9
[ 75928][E][WiFiUdp.cpp:221] parsePacket(): could not receive data: 9
[ 75935][E][WiFiUdp.cpp:221] parsePacket(): could not receive data: 9
[ 75941][E][WiFiUdp.cpp:221] parsePacket(): could not receive data: 9
[ 75947][E][WiFiUdp.cpp:221] parsePacket(): could not receive data: 9
[ 75954][E][WiFiUdp.cpp:221] parsePacket(): could not receive data: 9
[ 75961][E][WiFiUdp.cpp:221] parsePacket(): could not receive data: 9
[ 75968][E][WiFiUdp.cpp:221] parsePacket(): could not receive data: 9
[ 75975][E][WiFiUdp.cpp:221] parsePacket(): could not receive data: 9
[ 75982][E][WiFiUdp.cpp:221] parsePacket(): could not receive data: 9
[ 75990][E][WiFiUdp.cpp:221] parsePacket(): could not receive data: 9
[HEAP] 00:01:07 141416 130496 110580 (mon)
[ 76005][E][WiFiUdp.cpp:221] parsePacket(): could not receive data: 9
[WIFI];link;down;sta;0;status;255;down_s;0;last_reason;0;got_ip_n;0;ip;1;ms;76006
[ 76015][E][WiFiUdp.cpp:221] parsePacket(): could not receive data: 9
[ 76022][E][WiFiUdp.cpp:221] parsePacket(): could not receive data: 9
[ 76029][E][WiFiUdp.cpp:221] parsePacket(): could not receive data: 9
[ 76036][E][WiFiUdp.cpp:221] parsePacket(): could not receive data: 9
[ 76042][E][WiFiUdp.cpp:221] parsePacket(): could not receive data: 9
[ 76048][E][WiFiUdp.cpp:221] parsePacket(): could not receive data: 9
[ 76055][E][WiFiUdp.cpp:221] parsePacket(): could not receive data: 9
[ 76062][E][WiFiUdp.cpp:221] parsePacket(): could not receive data: 9
[ 76069][E][WiFiUdp.cpp:221] parsePacket(): could not receive data: 9
[ 76076][E][WiFiUdp.cpp:221] parsePacket(): could not receive data: 9
[ 76083][E][WiFiUdp.cpp:221] parsePacket(): could not receive data: 9
[ 76090][E][WiFiUdp.cpp:221] parsePacket(): could not receive data: 9
[ 76097][E][WiFiUdp.cpp:221] parsePacket(): could not receive data: 9
[ 76104][E][WiFiUdp.cpp:221] parsePacket(): could not receive data: 9
[ 76111][E][WiFiUdp.cpp:221] parsePacket(): could not receive data: 9
[ 76118][E][WiFiUdp.cpp:221] parsePacket(): could not receive data: 9
[ 76125][E][WiFiUdp.cpp:221] parsePacket(): could not receive data: 9
[ 76131][E][WiFiUdp.cpp:221] parsePacket(): could not receive data: 9
[ 76137][E][WiFiUdp.cpp:221] parsePacket(): could not receive data: 9
[ 76143][E][WiFiUdp.cpp:221] parsePacket(): could not receive data: 9
[ 76150][E][WiFiUdp.cpp:221] parsePacket(): could not receive data: 9
[ 76156][E][WiFiUdp.cpp:221] parsePacket(): could not receive data: 9
[ 76162][E][WiFiUdp.cpp:221] parsePacket(): could not receive data: 9
[ 76168][E][WiFiUdp.cpp:221] parsePacket(): could not receive data: 9
[ 76174][E][WiFiUdp.cpp:221] parsePacket(): could not receive data: 9
[ 76180][E][WiFiUdp.cpp:221] parsePacket(): could not receive data: 9
[ 76186][E][WiFiUdp.cpp:221] parsePacket(): could not receive data: 9
[ 76192][E][WiFiUdp.cpp:221] parsePacket(): could not receive data: 9
[ 76198][E][WiFiUdp.cpp:221] parsePacket(): could not receive data: 9
[ 76204][E][WiFiUdp.cpp:221] parsePacket(): could not receive data: 9
[ 76210][E][WiFiUdp.cpp:221] parsePacket(): could not receive data: 9
[ 76216][E][WiFiUdp.cpp:221] parsePacket(): could not receive data: 9
[ 76222][E][WiFiUdp.cpp:221] parsePacket(): could not receive data: 9
[ 76228][E][WiFiUdp.cpp:221] parsePacket(): could not receive data: 9
[ 76234][E][WiFiUdp.cpp:221] parsePacket(): could not receive data: 9
[ 76240][E][WiFiUdp.cpp:221] parsePacket(): could not receive data: 9
[ 76247][E][WiFiUdp.cpp:221] parsePacket(): could not receive data: 9
[ 76253][E][WiFiUdp.cpp:221] parsePacket(): could not receive data: 9
[ 76260][E][WiFiUdp.cpp:221] parsePacket(): could not receive data: 9
[ 76267][E][WiFiUdp.cpp:221] parsePacket(): could not receive data: 9
[ 76274][E][WiFiUdp.cpp:221] parsePacket(): could not receive data: 9
[ 76281][E][WiFiUdp.cpp:221] parsePacket(): could not receive data: 9
[ 76286][E][WiFiUdp.cpp:221] parsePacket(): could not receive data: 9
[ 76292][E][WiFiUdp.cpp:221] parsePacket(): could not receive data: 9
[ 76298][E][WiFiUdp.cpp:221] parsePacket(): could not receive data: 9
[ 76305][E][WiFiUdp.cpp:221] parsePacket(): could not receive data: 9
[ 76312][E][WiFiUdp.cpp:221] parsePacket(): could not receive data: 9
[ 76319][E][WiFiUdp.cpp:221] parsePacket(): could not receive data: 9
[ 76326][E][WiFiUdp.cpp:221] parsePacket(): could not receive data: 9
[ 76333][E][WiFiUdp.cpp:221] parsePacket(): could not receive data: 9
[ 76339][E][WiFiUdp.cpp:221] parsePacket(): could not receive data: 9
[ 76346][E][WiFiUdp.cpp:221] parsePacket(): could not receive data: 9
[ 76352][E][WiFiUdp.cpp:221] parsePacket(): could not receive data: 9
[ 76359][E][WiFiUdp.cpp:221] parsePacket(): could not receive data: 9
[ 76366][E][WiFiUdp.cpp:221] parsePacket(): could not receive data: 9
[ 76373][E][WiFiUdp.cpp:221] parsePacket(): could not receive data: 9
[ 76379][E][WiFiUdp.cpp:221] parsePacket(): could not receive data: 9
[ 76385][E][WiFiUdp.cpp:221] parsePacket(): could not receive data: 9
[ 76391][E][WiFiUdp.cpp:221] parsePacket(): could not receive data: 9
[ 76398][E][WiFiUdp.cpp:221] parsePacket(): could not receive data: 9
[ 76406][E][WiFiUdp.cpp:221] parsePacket(): could not receive data: 9
[ 76412][E][WiFiUdp.cpp:221] parsePacket(): could not receive data: 9
[ 76418][E][WiFiUdp.cpp:221] parsePacket(): could not receive data: 9
[ 76424][E][WiFiUdp.cpp:221] parsePacket(): could not receive data: 9
[ 76430][E][WiFiUdp.cpp:221] parsePacket(): could not receive data: 9
[ 76436][E][WiFiUdp.cpp:221] parsePacket(): could not receive data: 9
[ 76442][E][WiFiUdp.cpp:221] parsePacket(): could not receive data: 9
[ 76448][E][WiFiUdp.cpp:221] parsePacket(): could not receive data: 9
[ 76454][E][WiFiUdp.cpp:221] parsePacket(): could not receive data: 9
[ 76460][E][WiFiUdp.cpp:221] parsePacket(): could not receive data: 9
[ 76466][E][WiFiUdp.cpp:221] parsePacket(): could not receive data: 9
[ 76472][E][WiFiUdp.cpp:221] parsePacket(): could not receive data: 9
[ 76478][E][WiFiUdp.cpp:221] parsePacket(): could not receive data: 9
[ 76484][E][WiFiUdp.cpp:221] parsePacket(): could not receive data: 9
[ 76490][E][WiFiUdp.cpp:221] parsePacket(): could not receive data: 9
[ 76496][E][WiFiUdp.cpp:221] parsePacket(): could not receive data: 9
[ 76502][E][WiFiUdp.cpp:221] parsePacket(): could not receive data: 9
[ 76508][E][WiFiUdp.cpp:221] parsePacket(): could not receive data: 9
[ 76514][E][WiFiUdp.cpp:221] parsePacket(): could not receive data: 9
[ 76520][E][WiFiUdp.cpp:221] parsePacket(): could not receive data: 9
[ 76526][E][WiFiUdp.cpp:221] parsePacket(): could not receive data: 9
[ 76532][E][WiFiUdp.cpp:221] parsePacket(): could not receive data: 9
[ 76539][E][WiFiUdp.cpp:221] parsePacket(): could not receive data: 9
[ 76546][E][WiFiUdp.cpp:221] parsePacket(): could not receive data: 9
[ 76553][E][WiFiUdp.cpp:221] parsePacket(): could not receive data: 9
[ 76560][E][WiFiUdp.cpp:221] parsePacket(): could not receive data: 9
[ 76567][E][WiFiUdp.cpp:221] parsePacket(): could not receive data: 9
[ 76574][E][WiFiUdp.cpp:221] parsePacket(): could not receive data: 9
[ 76581][E][WiFiUdp.cpp:221] parsePacket(): could not receive data: 9
[ 76588][E][WiFiUdp.cpp:221] parsePacket(): could not receive data: 9
[ 76594][E][WiFiUdp.cpp:221] parsePacket(): could not receive data: 9
[ 76600][E][WiFiUdp.cpp:221] parsePacket(): could not receive data: 9
[ 76606][E][WiFiUdp.cpp:221] parsePacket(): could not receive data: 9
[ 76612][E][WiFiUdp.cpp:221] parsePacket(): could not receive data: 9
[ 76618][E][WiFiUdp.cpp:221] parsePacket(): could not receive data: 9
[ 76624][E][WiFiUdp.cpp:221] parsePacket(): could not receive data: 9
[ 76630][E][WiFiUdp.cpp:221] parsePacket(): could not receive data: 9
[ 76636][E][WiFiUdp.cpp:221] parsePacket(): could not receive data: 9
[ 76642][E][WiFiUdp.cpp:221] parsePacket(): could not receive data: 9
[ 76647][E][WiFiUdp.cpp:221] parsePacket(): could not receive data: 9
[ 76653][E][WiFiUdp.cpp:221] parsePacket(): could not receive data: 9
[ 76659][E][WiFiUdp.cpp:221] parsePacket(): could not receive data: 9
[ 76665][E][WiFiUdp.cpp:221] parsePacket(): could not receive data: 9
[ 76671][E][WiFiUdp.cpp:221] parsePacket(): could not receive data: 9
[ 76677][E][WiFiUdp.cpp:221] parsePacket(): could not receive data: 9
[ 76684][E][WiFiUdp.cpp:221] parsePacket(): could not receive data: 9
[ 76690][E][WiFiUdp.cpp:221] parsePacket(): could not receive data: 9
[ 76696][E][WiFiUdp.cpp:221] parsePacket(): could not receive data: 9
[ 76702][E][WiFiUdp.cpp:221] parsePacket(): could not receive data: 9
[ 76708][E][WiFiUdp.cpp:221] parsePacket(): could not receive data: 9
[ 76715][E][WiFiUdp.cpp:221] parsePacket(): could not receive data: 9
[ 76722][E][WiFiUdp.cpp:221] parsePacket(): could not receive data: 9
[ 76728][E][WiFiUdp.cpp:221] parsePacket(): could not receive data: 9
[ 76735][E][WiFiUdp.cpp:221] parsePacket(): could not receive data: 9
[ 76742][E][WiFiUdp.cpp:221] parsePacket(): could not receive data: 9
[ 76749][E][WiFiUdp.cpp:221] parsePacket(): could not receive data: 9
[ 76756][E][WiFiUdp.cpp:221] parsePacket(): could not receive data: 9
[ 76763][E][WiFiUdp.cpp:221] parsePacket(): could not receive data: 9
[ 76771][E][WiFiUdp.cpp:221] parsePacket(): could not receive data: 9
[ 76778][E][WiFiUdp.cpp:221] parsePacket(): could not receive data: 9
[ 76785][E][WiFiUdp.cpp:221] parsePacket(): could not receive data: 9
[ 76794][E][WiFiUdp.cpp:221] parsePacket(): could not receive data: 9
[ 76803][E][WiFiUdp.cpp:221] parsePacket(): could not receive data: 9
[ 76811][E][WiFiUdp.cpp:221] parsePacket(): could not receive data: 9
[ 76818][E][WiFiUdp.cpp:221] parsePacket(): could not receive data: 9
[ 76825][E][WiFiUdp.cpp:221] parsePacket(): could not receive data: 9
[ 76832][E][WiFiUdp.cpp:221] parsePacket(): could not receive data: 9
[ 76839][E][WiFiUdp.cpp:221] parsePacket(): could not receive data: 9
[ 76846][E][WiFiUdp.cpp:221] parsePacket(): could not receive data: 9
[ 76853][E][WiFiUdp.cpp:221] parsePacket(): could not receive data: 9
[ 76859][E][WiFiUdp.cpp:221] parsePacket(): could not receive data: 9
[ 76865][E][WiFiUdp.cpp:221] parsePacket(): could not receive data: 9
[ 76871][E][WiFiUdp.cpp:221] parsePacket(): could not receive data: 9
[ 76877][E][WiFiUdp.cpp:221] parsePacket(): could not receive data: 9
[ 76883][E][WiFiUdp.cpp:221] parsePacket(): could not receive data: 9
[ 76889][E][WiFiUdp.cpp:221] parsePacket(): could not receive data: 9
[ 76895][E][WiFiUdp.cpp:221] parsePacket(): could not receive data: 9
[ 76901][E][WiFiUdp.cpp:221] parsePacket(): could not receive data: 9
[ 76907][E][WiFiUdp.cpp:221] parsePacket(): could not receive data: 9
[ 76913][E][WiFiUdp.cpp:221] parsePacket(): could not receive data: 9
[ 76919][E][WiFiUdp.cpp:221] parsePacket(): could not receive data: 9
[ 76925][E][WiFiUdp.cpp:221] parsePacket(): could not receive data: 9
[ 76931][E][WiFiUdp.cpp:221] parsePacket(): could not receive data: 9
[ 76937][E][WiFiUdp.cpp:221] parsePacket(): could not receive data: 9
[ 76943][E][WiFiUdp.cpp:221] parsePacket(): could not receive data: 9
[ 76949][E][WiFiUdp.cpp:221] parsePacket(): could not receive data: 9
[ 76955][E][WiFiUdp.cpp:221] parsePacket(): could not receive data: 9
[ 76961][E][WiFiUdp.cpp:221] parsePacket(): could not receive data: 9
[ 76967][E][WiFiUdp.cpp:221] parsePacket(): could not receive data: 9
[ 76973][E][WiFiUdp.cpp:221] parsePacket(): could not receive data: 9
[ 76979][E][WiFiUdp.cpp:221] parsePacket(): could not receive data: 9
[ 76985][E][WiFiUdp.cpp:221] parsePacket(): could not receive data: 9
[ 76991][E][WiFiUdp.cpp:221] parsePacket(): could not receive data: 9
[ 76997][E][WiFiUdp.cpp:221] parsePacket(): could not receive data: 9
[ 77003][E][WiFiUdp.cpp:221] parsePacket(): could not receive data: 9
[ 77009][E][WiFiUdp.cpp:221] parsePacket(): could not receive data: 9
[ 77015][E][WiFiUdp.cpp:221] parsePacket(): could not receive data: 9
[ 77021][E][WiFiUdp.cpp:221] parsePacket(): could not receive data: 9
[ 77027][E][WiFiUdp.cpp:221] parsePacket(): could not receive data: 9
[ 77033][E][WiFiUdp.cpp:221] parsePacket(): could not receive data: 9
[ 77039][E][WiFiUdp.cpp:221] parsePacket(): could not receive data: 9
[ 77045][E][WiFiUdp.cpp:221] parsePacket(): could not receive data: 9
[ 77051][E][WiFiUdp.cpp:221] parsePacket(): could not receive data: 9
[ 77057][E][WiFiUdp.cpp:221] parsePacket(): could not receive data: 9
[ 77063][E][WiFiUdp.cpp:221] parsePacket(): could not receive data: 9
[ 77069][E][WiFiUdp.cpp:221] parsePacket(): could not receive data: 9
[ 77075][E][WiFiUdp.cpp:221] parsePacket(): could not receive data: 9
[ 77081][E][WiFiUdp.cpp:221] parsePacket(): could not receive data: 9
[ 77087][E][WiFiUdp.cpp:221] parsePacket(): could not receive data: 9
[ 77093][E][WiFiUdp.cpp:221] parsePacket(): could not receive data: 9
[ 77099][E][WiFiUdp.cpp:221] parsePacket(): could not receive data: 9
[ 77105][E][WiFiUdp.cpp:221] parsePacket(): could not receive data: 9
[ 77111][E][WiFiUdp.cpp:221] parsePacket(): could not receive data: 9
[ 77117][E][WiFiUdp.cpp:221] parsePacket(): could not receive data: 9
[ 77123][E][WiFiUdp.cpp:221] parsePacket(): could not receive data: 9
[ 77128][E][WiFiUdp.cpp:221] parsePacket(): could not receive data: 9
[ 77137][E][WiFiUdp.cpp:221] parsePacket(): could not receive data: 9
[ 77144][E][WiFiUdp.cpp:221] parsePacket(): could not receive data: 9
[ 77150][E][WiFiUdp.cpp:221] parsePacket(): could not receive data: 9
[ 77156][E][WiFiUdp.cpp:221] parsePacket(): could not receive data: 9
[ 77162][E][WiFiUdp.cpp:221] parsePacket(): could not receive data: 9
[ 77168][E][WiFiUdp.cpp:221] parsePacket(): could not receive data: 9
[ 77174][E][WiFiUdp.cpp:221] parsePacket(): could not receive data: 9
[ 77181][E][WiFiUdp.cpp:221] parsePacket(): could not receive data: 9
[ 77188][E][WiFiUdp.cpp:221] parsePacket(): could not receive data: 9
[ 77195][E][WiFiUdp.cpp:221] parsePacket(): could not receive data: 9
[ 77202][E][WiFiUdp.cpp:221] parsePacket(): could not receive data: 9
[ 77209][E][WiFiUdp.cpp:221] parsePacket(): could not receive data: 9
[ 77216][E][WiFiUdp.cpp:221] parsePacket(): could not receive data: 9
[ 77223][E][WiFiUdp.cpp:221] parsePacket(): could not receive data: 9
[ 77231][E][WiFiUdp.cpp:221] parsePacket(): could not receive data: 9
[ 77238][E][WiFiUdp.cpp:221] parsePacket(): could not receive data: 9
[ 77244][E][WiFiUdp.cpp:221] parsePacket(): could not receive data: 9
[ 77250][E][WiFiUdp.cpp:221] parsePacket(): could not receive data: 9
[ 77256][E][WiFiUdp.cpp:221] parsePacket(): could not receive data: 9
[ 77262][E][WiFiUdp.cpp:221] parsePacket(): could not receive data: 9
[ 77268][E][WiFiUdp.cpp:221] parsePacket(): could not receive data: 9
[ 77274][E][WiFiUdp.cpp:221] parsePacket(): could not receive data: 9
[ 77280][E][WiFiUdp.cpp:221] parsePacket(): could not receive data: 9
[ 77286][E][WiFiUdp.cpp:221] parsePacket(): could not receive data: 9
[ 77292][E][WiFiUdp.cpp:221] parsePacket(): could not receive data: 9
[ 77298][E][WiFiUdp.cpp:221] parsePacket(): could not receive data: 9
[ 77304][E][WiFiUdp.cpp:221] parsePacket(): could not receive data: 9
[ 77310][E][WiFiUdp.cpp:221] parsePacket(): could not receive data: 9
[ 77316][E][WiFiUdp.cpp:221] parsePacket(): could not receive data: 9
[ 77322][E][WiFiUdp.cpp:221] parsePacket(): could not receive data: 9
[ 77328][E][WiFiUdp.cpp:221] parsePacket(): could not receive data: 9
[ 77334][E][WiFiUdp.cpp:221] parsePacket(): could not receive data: 9
[ 77340][E][WiFiUdp.cpp:221] parsePacket(): could not receive data: 9
[ 77346][E][WiFiUdp.cpp:221] parsePacket(): could not receive data: 9
[ 77352][E][WiFiUdp.cpp:221] parsePacket(): could not receive data: 9
[ 77358][E][WiFiUdp.cpp:221] parsePacket(): could not receive data: 9
[ 77364][E][WiFiUdp.cpp:221] parsePacket(): could not receive data: 9
[ 77370][E][WiFiUdp.cpp:221] parsePacket(): could not receive data: 9
[ 77376][E][WiFiUdp.cpp:221] parsePacket(): could not receive data: 9
[ 77382][E][WiFiUdp.cpp:221] parsePacket(): could not receive data: 9
[ 77388][E][WiFiUdp.cpp:221] parsePacket(): could not receive data: 9
[ 77394][E][WiFiUdp.cpp:221] parsePacket(): could not receive data: 9
[ 77400][E][WiFiUdp.cpp:221] parsePacket(): could not receive data: 9
[ 77406][E][WiFiUdp.cpp:221] parsePacket(): could not receive data: 9
[ 77412][E][WiFiUdp.cpp:221] parsePacket(): could not receive data: 9
[ 77418][E][WiFiUdp.cpp:221] parsePacket(): could not receive data: 9
[ 77424][E][WiFiUdp.cpp:221] parsePacket(): could not receive data: 9
[ 77430][E][WiFiUdp.cpp:221] parsePacket(): could not receive data: 9
[ 77436][E][WiFiUdp.cpp:221] parsePacket(): could not receive data: 9
[ 77442][E][WiFiUdp.cpp:221] parsePacket(): could not receive data: 9
[ 77448][E][WiFiUdp.cpp:221] parsePacket(): could not receive data: 9
[ 77454][E][WiFiUdp.cpp:221] parsePacket(): could not receive data: 9
[ 77460][E][WiFiUdp.cpp:221] parsePacket(): could not receive data: 9
[ 77466][E][WiFiUdp.cpp:221] parsePacket(): could not receive data: 9
[ 77472][E][WiFiUdp.cpp:221] parsePacket(): could not receive data: 9
[ 77478][E][WiFiUdp.cpp:221] parsePacket(): could not receive data: 9
[ 77484][E][WiFiUdp.cpp:221] parsePacket(): could not receive data: 9
[ 77490][E][WiFiUdp.cpp:221] parsePacket(): could not receive data: 9
[ 77496][E][WiFiUdp.cpp:221] parsePacket(): could not receive data: 9
[ 77502][E][WiFiUdp.cpp:221] parsePacket(): could not receive data: 9
[ 77508][E][WiFiUdp.cpp:221] parsePacket(): could not receive data: 9
[ 77514][E][WiFiUdp.cpp:221] parsePacket(): could not receive data: 9
[ 77520][E][WiFiUdp.cpp:221] parsePacket(): could not receive data: 9
[ 77526][E][WiFiUdp.cpp:221] parsePacket(): could not receive data: 9
[ 77532][E][WiFiUdp.cpp:221] parsePacket(): could not receive data: 9
[ 77538][E][WiFiUdp.cpp:221] parsePacket(): could not receive data: 9
[ 77544][E][WiFiUdp.cpp:221] parsePacket(): could not receive data: 9
[ 77549][E][WiFiUdp.cpp:221] parsePacket(): could not receive data: 9
[ 77554][E][WiFiUdp.cpp:221] parsePacket(): could not receive data: 9
[ 77560][E][WiFiUdp.cpp:221] parsePacket(): could not receive data: 9
[ 77566][E][WiFiUdp.cpp:221] parsePacket(): could not receive data: 9
[ 77572][E][WiFiUdp.cpp:221] parsePacket(): could not receive data: 9
[ 77578][E][WiFiUdp.cpp:221] parsePacket(): could not receive data: 9
[ 77584][E][WiFiUdp.cpp:221] parsePacket(): could not receive data: 9
[ 77590][E][WiFiUdp.cpp:221] parsePacket(): could not receive data: 9
[ 77596][E][WiFiUdp.cpp:221] parsePacket(): could not receive data: 9
[ 77602][E][WiFiUdp.cpp:221] parsePacket(): could not receive data: 9
[ 77608][E][WiFiUdp.cpp:221] parsePacket(): could not receive data: 9
[ 77614][E][WiFiUdp.cpp:221] parsePacket(): could not receive data: 9
[ 77620][E][WiFiUdp.cpp:221] parsePacket(): could not receive data: 9
[ 77626][E][WiFiUdp.cpp:221] parsePacket(): could not receive data: 9
[ 77632][E][WiFiUdp.cpp:221] parsePacket(): could not receive data: 9
[ 77638][E][WiFiUdp.cpp:221] parsePacket(): could not receive data: 9
[ 77644][E][WiFiUdp.cpp:221] parsePacket(): could not receive data: 9
[ 77650][E][WiFiUdp.cpp:221] parsePacket(): could not receive data: 9
[ 77656][E][WiFiUdp.cpp:221] parsePacket(): could not receive data: 9
[ 77662][E][WiFiUdp.cpp:221] parsePacket(): could not receive data: 9
[ 77668][E][WiFiUdp.cpp:221] parsePacket(): could not receive data: 9
[ 77674][E][WiFiUdp.cpp:221] parsePacket(): could not receive data: 9
[ 77680][E][WiFiUdp.cpp:221] parsePacket(): could not receive data: 9
[ 77686][E][WiFiUdp.cpp:221] parsePacket(): could not receive data: 9
[ 77692][E][WiFiUdp.cpp:221] parsePacket(): could not receive data: 9
[ 77698][E][WiFiUdp.cpp:221] parsePacket(): could not receive data: 9
[ 77704][E][WiFiUdp.cpp:221] parsePacket(): could not receive data: 9
[ 77710][E][WiFiUdp.cpp:221] parsePacket(): could not receive data: 9
[ 77716][E][WiFiUdp.cpp:221] parsePacket(): could not receive data: 9
[ 77722][E][WiFiUdp.cpp:221] parsePacket(): could not receive data: 9
[ 77728][E][WiFiUdp.cpp:221] parsePacket(): could not receive data: 9
[ 77734][E][WiFiUdp.cpp:221] parsePacket(): could not receive data: 9
[ 77740][E][WiFiUdp.cpp:221] parsePacket(): could not receive data: 9
[ 77746][E][WiFiUdp.cpp:221] parsePacket(): could not receive data: 9
[ 77752][E][WiFiUdp.cpp:221] parsePacket(): could not receive data: 9
[ 77758][E][WiFiUdp.cpp:221] parsePacket(): could not receive data: 9
[ 77764][E][WiFiUdp.cpp:221] parsePacket(): could not receive data: 9
[ 77770][E][WiFiUdp.cpp:221] parsePacket(): could not receive data: 9
[ 77776][E][WiFiUdp.cpp:221] parsePacket(): could not receive data: 9
[ 77783][E][WiFiUdp.cpp:221] parsePacket(): could not receive data: 9
[ 77790][E][WiFiUdp.cpp:221] parsePacket(): could not receive data: 9
[ 77796][E][WiFiUdp.cpp:221] parsePacket(): could not receive data: 9
[ 77802][E][WiFiUdp.cpp:221] parsePacket(): could not receive data: 9
[ 77808][E][WiFiUdp.cpp:221] parsePacket(): could not receive data: 9
[ 77814][E][WiFiUdp.cpp:221] parsePacket(): could not receive data: 9
[ 77820][E][WiFiUdp.cpp:221] parsePacket(): could not receive data: 9
[ 77826][E][WiFiUdp.cpp:221] parsePacket(): could not receive data: 9
[ 77832][E][WiFiUdp.cpp:221] parsePacket(): could not receive data: 9
[ 77838][E][WiFiUdp.cpp:221] parsePacket(): could not receive data: 9
[ 77845][E][WiFiUdp.cpp:221] parsePacket(): could not receive data: 9
[ 77853][E][WiFiUdp.cpp:221] parsePacket(): could not receive data: 9
[ 77860][E][WiFiUdp.cpp:221] parsePacket(): could not receive data: 9
[ 77867][E][WiFiUdp.cpp:221] parsePacket(): could not receive data: 9
[ 77874][E][WiFiUdp.cpp:221] parsePacket(): could not receive data: 9
[ 77881][E][WiFiUdp.cpp:221] parsePacket(): could not receive data: 9
[ 77887][E][WiFiUdp.cpp:221] parsePacket(): could not receive data: 9
[ 77893][E][WiFiUdp.cpp:221] parsePacket(): could not receive data: 9
[ 77900][E][WiFiUdp.cpp:221] parsePacket(): could not receive data: 9
[ 77907][E][WiFiUdp.cpp:221] parsePacket(): could not receive data: 9
[ 77914][E][WiFiUdp.cpp:221] parsePacket(): could not receive data: 9
[ 77921][E][WiFiUdp.cpp:221] parsePacket(): could not receive data: 9
[ 77928][E][WiFiUdp.cpp:221] parsePacket(): could not receive data: 9
[ 77935][E][WiFiUdp.cpp:221] parsePacket(): could not receive data: 9
[ 77942][E][WiFiUdp.cpp:221] parsePacket(): could not receive data: 9
[ 77949][E][WiFiUdp.cpp:221] parsePacket(): could not receive data: 9
[ 77957][E][WiFiUdp.cpp:221] parsePacket(): could not receive data: 9
[ 77964][E][WiFiUdp.cpp:221] parsePacket(): could not receive data: 9
[ 77972][E][WiFiUdp.cpp:221] parsePacket(): could not receive data: 9
[ 77979][E][WiFiUdp.cpp:221] parsePacket(): could not receive data: 9
[ 77986][E][WiFiUdp.cpp:221] parsePacket(): could not receive data: 9
[ 77994][E][WiFiUdp.cpp:221] parsePacket(): could not receive data: 9
[ 78002][E][WiFiUdp.cpp:221] parsePacket(): could not receive data: 9
[ 78011][E][WiFiUdp.cpp:221] parsePacket(): could not receive data: 9
[ 78019][E][WiFiUdp.cpp:221] parsePacket(): could not receive data: 9
[ 78026][E][WiFiUdp.cpp:221] parsePacket(): could not receive data: 9
[ 78033][E][WiFiUdp.cpp:221] parsePacket(): could not receive data: 9
[ 78040][E][WiFiUdp.cpp:221] parsePacket(): could not receive data: 9
[ 78046][E][WiFiUdp.cpp:221] parsePacket(): could not receive data: 9
[ 78052][E][WiFiUdp.cpp:221] parsePacket(): could not receive data: 9
[ 78058][E][WiFiUdp.cpp:221] parsePacket(): could not receive data: 9
[ 78064][E][WiFiUdp.cpp:221] parsePacket(): could not receive data: 9
[ 78070][E][WiFiUdp.cpp:221] parsePacket(): could not receive data: 9
[ 78076][E][WiFiUdp.cpp:221] parsePacket(): could not receive data: 9
[ 78082][E][WiFiUdp.cpp:221] parsePacket(): could not receive data: 9
[ 78088][E][WiFiUdp.cpp:221] parsePacket(): could not receive data: 9
[ 78094][E][WiFiUdp.cpp:221] parsePacket(): could not receive data: 9
[ 78099][E][WiFiUdp.cpp:221] parsePacket(): could not receive data: 9
[ 78104][E][WiFiUdp.cpp:221] parsePacket(): could not receive data: 9
[ 78109][E][WiFiUdp.cpp:221] parsePacket(): could not receive data: 9
[ 78115][E][WiFiUdp.cpp:221] parsePacket(): could not receive data: 9
[ 78121][E][WiFiUdp.cpp:221] parsePacket(): could not receive data: 9
[ 78127][E][WiFiUdp.cpp:221] parsePacket(): could not receive data: 9
[ 78133][E][WiFiUdp.cpp:221] parsePacket(): could not receive data: 9
[ 78140][E][WiFiUdp.cpp:221] parsePacket(): could not receive data: 9
[ 78147][E][WiFiUdp.cpp:221] parsePacket(): could not receive data: 9
[ 78154][E][WiFiUdp.cpp:221] parsePacket(): could not receive data: 9
[ 78161][E][WiFiUdp.cpp:221] parsePacket(): could not receive data: 9
[ 78168][E][WiFiUdp.cpp:221] parsePacket(): could not receive data: 9
[ 78176][E][WiFiUdp.cpp:221] parsePacket(): could not receive data: 9
[ 78184][E][WiFiUdp.cpp:221] parsePacket(): could not receive data: 9
[ 78191][E][WiFiUdp.cpp:221] parsePacket(): could not receive data: 9
[ 78198][E][WiFiUdp.cpp:221] parsePacket(): could not receive data: 9
[ 78207][E][WiFiUdp.cpp:221] parsePacket(): could not receive data: 9
[ 78215][E][WiFiUdp.cpp:221] parsePacket(): could not receive data: 9
[ 78222][E][WiFiUdp.cpp:221] parsePacket(): could not receive data: 9
[ 78229][E][WiFiUdp.cpp:221] parsePacket(): could not receive data: 9
[ 78236][E][WiFiUdp.cpp:221] parsePacket(): could not receive data: 9
[ 78243][E][WiFiUdp.cpp:221] parsePacket(): could not receive data: 9
[ 78250][E][WiFiUdp.cpp:221] parsePacket(): could not receive data: 9
[ 78257][E][WiFiUdp.cpp:221] parsePacket(): could not receive data: 9
[ 78264][E][WiFiUdp.cpp:221] parsePacket(): could not receive data: 9
[ 78271][E][WiFiUdp.cpp:221] parsePacket(): could not receive data: 9
[ 78278][E][WiFiUdp.cpp:221] parsePacket(): could not receive data: 9
[ 78285][E][WiFiUdp.cpp:221] parsePacket(): could not receive data: 9
[ 78292][E][WiFiUdp.cpp:221] parsePacket(): could not receive data: 9
[ 78299][E][WiFiUdp.cpp:221] parsePacket(): could not receive data: 9
[ 78305][E][WiFiUdp.cpp:221] parsePacket(): could not receive data: 9
[ 78312][E][WiFiUdp.cpp:221] parsePacket(): could not receive data: 9
[ 78319][E][WiFiUdp.cpp:221] parsePacket(): could not receive data: 9
[ 78326][E][WiFiUdp.cpp:221] parsePacket(): could not receive data: 9
[ 78333][E][WiFiUdp.cpp:221] parsePacket(): could not receive data: 9
[ 78341][E][WiFiUdp.cpp:221] parsePacket(): could not receive data: 9
[ 78348][E][WiFiUdp.cpp:221] parsePacket(): could not receive data: 9
[ 78355][E][WiFiUdp.cpp:221] parsePacket(): could not receive data: 9
[ 78362][E][WiFiUdp.cpp:221] parsePacket(): could not receive data: 9
[ 78369][E][WiFiUdp.cpp:221] parsePacket(): could not receive data: 9
[ 78376][E][WiFiUdp.cpp:221] parsePacket(): could not receive data: 9
[ 78383][E][WiFiUdp.cpp:221] parsePacket(): could not receive data: 9
[ 78390][E][WiFiUdp.cpp:221] parsePacket(): could not receive data: 9
[ 78397][E][WiFiUdp.cpp:221] parsePacket(): could not receive data: 9
[ 78404][E][WiFiUdp.cpp:221] parsePacket(): could not receive data: 9
[ 78411][E][WiFiUdp.cpp:221] parsePacket(): could not receive data: 9
[ 78418][E][WiFiUdp.cpp:221] parsePacket(): could not receive data: 9
[ 78425][E][WiFiUdp.cpp:221] parsePacket(): could not receive data: 9
[ 78433][E][WiFiUdp.cpp:221] parsePacket(): could not receive data: 9
[ 78440][E][WiFiUdp.cpp:221] parsePacket(): could not receive data: 9
[ 78447][E][WiFiUdp.cpp:221] parsePacket(): could not receive data: 9
[ 78454][E][WiFiUdp.cpp:221] parsePacket(): could not receive data: 9
[ 78461][E][WiFiUdp.cpp:221] parsePacket(): could not receive data: 9
[ 78468][E][WiFiUdp.cpp:221] parsePacket(): could not receive data: 9
[ 78475][E][WiFiUdp.cpp:221] parsePacket(): could not receive data: 9
[ 78482][E][WiFiUdp.cpp:221] parsePacket(): could not receive data: 9
[ 78490][E][WiFiUdp.cpp:221] parsePacket(): could not receive data: 9
[ 78497][E][WiFiUdp.cpp:221] parsePacket(): could not receive data: 9
[ 78503][E][WiFiUdp.cpp:221] parsePacket(): could not receive data: 9
[ 78511][E][WiFiUdp.cpp:221] parsePacket(): could not receive data: 9
[ 78517][E][WiFiUdp.cpp:221] parsePacket(): could not receive data: 9
[ 78523][E][WiFiUdp.cpp:221] parsePacket(): could not receive data: 9
[ 78529][E][WiFiUdp.cpp:221] parsePacket(): could not receive data: 9
[ 78535][E][WiFiUdp.cpp:221] parsePacket(): could not receive data: 9
[ 78541][E][WiFiUdp.cpp:221] parsePacket(): could not receive data: 9
[ 78547][E][WiFiUdp.cpp:221] parsePacket(): could not receive data: 9
[ 78553][E][WiFiUdp.cpp:221] parsePacket(): could not receive data: 9
[ 78559][E][WiFiUdp.cpp:221] parsePacket(): could not receive data: 9
[ 78565][E][WiFiUdp.cpp:221] parsePacket(): could not receive data: 9
[ 78571][E][WiFiUdp.cpp:221] parsePacket(): could not receive data: 9
[ 78577][E][WiFiUdp.cpp:221] parsePacket(): could not receive data: 9
[ 78583][E][WiFiUdp.cpp:221] parsePacket(): could not receive data: 9
[ 78589][E][WiFiUdp.cpp:221] parsePacket(): could not receive data: 9
[ 78595][E][WiFiUdp.cpp:221] parsePacket(): could not receive data: 9
[ 78601][E][WiFiUdp.cpp:221] parsePacket(): could not receive data: 9
[ 78607][E][WiFiUdp.cpp:221] parsePacket(): could not receive data: 9
[ 78613][E][WiFiUdp.cpp:221] parsePacket(): could not receive data: 9
[ 78619][E][WiFiUdp.cpp:221] parsePacket(): could not receive data: 9
[ 78625][E][WiFiUdp.cpp:221] parsePacket(): could not receive data: 9
[ 78631][E][WiFiUdp.cpp:221] parsePacket(): could not receive data: 9
[ 78637][E][WiFiUdp.cpp:221] parsePacket(): could not receive data: 9
[ 78643][E][WiFiUdp.cpp:221] parsePacket(): could not receive data: 9
[ 78649][E][WiFiUdp.cpp:221] parsePacket(): could not receive data: 9
[ 78655][E][WiFiUdp.cpp:221] parsePacket(): could not receive data: 9
[ 78661][E][WiFiUdp.cpp:221] parsePacket(): could not receive data: 9
[ 78667][E][WiFiUdp.cpp:221] parsePacket(): could not receive data: 9
[ 78673][E][WiFiUdp.cpp:221] parsePacket(): could not receive data: 9
[ 78679][E][WiFiUdp.cpp:221] parsePacket(): could not receive data: 9
[ 78685][E][WiFiUdp.cpp:221] parsePacket(): could not receive data: 9
[ 78691][E][WiFiUdp.cpp:221] parsePacket(): could not receive data: 9
[ 78697][E][WiFiUdp.cpp:221] parsePacket(): could not receive data: 9
[ 78703][E][WiFiUdp.cpp:221] parsePacket(): could not receive data: 9
[ 78709][E][WiFiUdp.cpp:221] parsePacket(): could not receive data: 9
[ 78715][E][WiFiUdp.cpp:221] parsePacket(): could not receive data: 9
[ 78721][E][WiFiUdp.cpp:221] parsePacket(): could not receive data: 9
[ 78727][E][WiFiUdp.cpp:221] parsePacket(): could not receive data: 9
[ 78733][E][WiFiUdp.cpp:221] parsePacket(): could not receive data: 9
[ 78739][E][WiFiUdp.cpp:221] parsePacket(): could not receive data: 9
[ 78745][E][WiFiUdp.cpp:221] parsePacket(): could not receive data: 9
[ 78751][E][WiFiUdp.cpp:221] parsePacket(): could not receive data: 9
[ 78757][E][WiFiUdp.cpp:221] parsePacket(): could not receive data: 9
[ 78763][E][WiFiUdp.cpp:221] parsePacket(): could not receive data: 9
[ 78769][E][WiFiUdp.cpp:221] parsePacket(): could not receive data: 9
[ 78775][E][WiFiUdp.cpp:221] parsePacket(): could not receive data: 9
[ 78781][E][WiFiUdp.cpp:221] parsePacket(): could not receive data: 9
[ 78787][E][WiFiUdp.cpp:221] parsePacket(): could not receive data: 9
[ 78793][E][WiFiUdp.cpp:221] parsePacket(): could not receive data: 9
[ 78799][E][WiFiUdp.cpp:221] parsePacket(): could not receive data: 9
[ 78805][E][WiFiUdp.cpp:221] parsePacket(): could not receive data: 9
[ 78811][E][WiFiUdp.cpp:221] parsePacket(): could not receive data: 9
[ 78817][E][WiFiUdp.cpp:221] parsePacket(): could not receive data: 9
[ 78823][E][WiFiUdp.cpp:221] parsePacket(): could not receive data: 9
[ 78829][E][WiFiUdp.cpp:221] parsePacket(): could not receive data: 9
[ 78835][E][WiFiUdp.cpp:221] parsePacket(): could not receive data: 9
[ 78841][E][WiFiUdp.cpp:221] parsePacket(): could not receive data: 9
[ 78847][E][WiFiUdp.cpp:221] parsePacket(): could not receive data: 9
[ 78853][E][WiFiUdp.cpp:221] parsePacket(): could not receive data: 9
[ 78859][E][WiFiUdp.cpp:221] parsePacket(): could not receive data: 9
[ 78865][E][WiFiUdp.cpp:221] parsePacket(): could not receive data: 9
[ 78871][E][WiFiUdp.cpp:221] parsePacket(): could not receive data: 9
[ 78877][E][WiFiUdp.cpp:221] parsePacket(): could not receive data: 9
[ 78883][E][WiFiUdp.cpp:221] parsePacket(): could not receive data: 9
[ 78889][E][WiFiUdp.cpp:221] parsePacket(): could not receive data: 9
[ 78895][E][WiFiUdp.cpp:221] parsePacket(): could not receive data: 9
[ 78901][E][WiFiUdp.cpp:221] parsePacket(): could not receive data: 9
[ 78907][E][WiFiUdp.cpp:221] parsePacket(): could not receive data: 9
[ 78913][E][WiFiUdp.cpp:221] parsePacket(): could not receive data: 9
[ 78919][E][WiFiUdp.cpp:221] parsePacket(): could not receive data: 9
[ 78925][E][WiFiUdp.cpp:221] parsePacket(): could not receive data: 9
[ 78931][E][WiFiUdp.cpp:221] parsePacket(): could not receive data: 9
[ 78937][E][WiFiUdp.cpp:221] parsePacket(): could not receive data: 9
[ 78943][E][WiFiUdp.cpp:221] parsePacket(): could not receive data: 9
[ 78949][E][WiFiUdp.cpp:221] parsePacket(): could not receive data: 9
[ 78955][E][WiFiUdp.cpp:221] parsePacket(): could not receive data: 9
[ 78961][E][WiFiUdp.cpp:221] parsePacket(): could not receive data: 9
[ 78967][E][WiFiUdp.cpp:221] parsePacket(): could not receive data: 9
[ 78973][E][WiFiUdp.cpp:221] parsePacket(): could not receive data: 9
[ 78979][E][WiFiUdp.cpp:221] parsePacket(): could not receive data: 9
[ 78985][E][WiFiUdp.cpp:221] parsePacket(): could not receive data: 9
[ 78991][E][WiFiUdp.cpp:221] parsePacket(): could not receive data: 9
[ 78997][E][WiFiUdp.cpp:221] parsePacket(): could not receive data: 9
[ 79003][E][WiFiUdp.cpp:221] parsePacket(): could not receive data: 9
[ 79009][E][WiFiUdp.cpp:221] parsePacket(): could not receive data: 9
[CON ]...Client disconnected. free heap=132900
[ 79015][E][WiFiUdp.cpp:221] parsePacket(): could not receive data: 9
[ 79022][E][WiFiUdp.cpp:221] parsePacket(): could not receive data: 9
[ 79028][E][WiFiUdp.cpp:221] parsePacket(): could not receive data: 9
[ 79034][E][WiFiUdp.cpp:221] parsePacket(): could not receive data: 9
[ 79040][E][WiFiUdp.cpp:221] parsePacket(): could not receive data: 9
[ 79046][E][WiFiUdp.cpp:221] parsePacket(): could not receive data: 9
[ 79052][E][WiFiUdp.cpp:221] parsePacket(): could not receive data: 9
[ 79058][E][WiFiUdp.cpp:221] parsePacket(): could not receive data: 9
[ 79064][E][WiFiUdp.cpp:221] parsePacket(): could not receive data: 9
[ 79070][E][WiFiUdp.cpp:221] parsePacket(): could not receive data: 9
[ 79076][E][WiFiUdp.cpp:221] parsePacket(): could not receive data: 9
[ 79082][E][WiFiUdp.cpp:221] parsePacket(): could not receive data: 9
[ 79088][E][WiFiUdp.cpp:221] parsePacket(): could not receive data: 9
[ 79094][E][WiFiUdp.cpp:221] parsePacket(): could not receive data: 9
[ 79100][E][WiFiUdp.cpp:221] parsePacket(): could not receive data: 9
[ 79106][E][WiFiUdp.cpp:221] parsePacket(): could not receive data: 9
[ 79112][E][WiFiUdp.cpp:221] parsePacket(): could not receive data: 9
[ 79118][E][WiFiUdp.cpp:221] parsePacket(): could not receive data: 9
[ 79123][E][WiFiUdp.cpp:221] parsePacket(): could not receive data: 9
[ 79129][E][WiFiUdp.cpp:221] parsePacket(): could not receive data: 9
[ 79135][E][WiFiUdp.cpp:221] parsePacket(): could not receive data: 9
[ 79141][E][WiFiUdp.cpp:221] parsePacket(): could not receive data: 9
[ 79147][E][WiFiUdp.cpp:221] parsePacket(): could not receive data: 9
[ 79153][E][WiFiUdp.cpp:221] parsePacket(): could not receive data: 9
[ 79159][E][WiFiUdp.cpp:221] parsePacket(): could not receive data: 9
[ 79165][E][WiFiUdp.cpp:221] parsePacket(): could not receive data: 9
[ 79171][E][WiFiUdp.cpp:221] parsePacket(): could not receive data: 9
[ 79177][E][WiFiUdp.cpp:221] parsePacket(): could not receive data: 9
[ 79183][E][WiFiUdp.cpp:221] parsePacket(): could not receive data: 9
[ 79189][E][WiFiUdp.cpp:221] parsePacket(): could not receive data: 9
[ 79195][E][WiFiUdp.cpp:221] parsePacket(): could not receive data: 9
[ 79200][E][WiFiUdp.cpp:221] parsePacket(): could not receive data: 9
[ 79205][E][WiFiUdp.cpp:221] parsePacket(): could not receive data: 9
[ 79211][E][WiFiUdp.cpp:221] parsePacket(): could not receive data: 9
[ 79217][E][WiFiUdp.cpp:221] parsePacket(): could not receive data: 9
[ 79223][E][WiFiUdp.cpp:221] parsePacket(): could not receive data: 9
[ 79229][E][WiFiUdp.cpp:221] parsePacket(): could not receive data: 9
[ 79235][E][WiFiUdp.cpp:221] parsePacket(): could not receive data: 9
[ 79241][E][WiFiUdp.cpp:221] parsePacket(): could not receive data: 9
[ 79247][E][WiFiUdp.cpp:221] parsePacket(): could not receive data: 9
[ 79253][E][WiFiUdp.cpp:221] parsePacket(): could not receive data: 9
[ 79259][E][WiFiUdp.cpp:221] parsePacket(): could not receive data: 9
[ 79265][E][WiFiUdp.cpp:221] parsePacket(): could not receive data: 9
[ 79271][E][WiFiUdp.cpp:221] parsePacket(): could not receive data: 9
[ 79277][E][WiFiUdp.cpp:221] parsePacket(): could not receive data: 9
[ 79282][E][WiFiUdp.cpp:221] parsePacket(): could not receive data: 9
[ 79288][E][WiFiUdp.cpp:221] parsePacket(): could not receive data: 9
[ 79294][E][WiFiUdp.cpp:221] parsePacket(): could not receive data: 9
[ 79300][E][WiFiUdp.cpp:221] parsePacket(): could not receive data: 9
[ 79306][E][WiFiUdp.cpp:221] parsePacket(): could not receive data: 9
[ 79312][E][WiFiUdp.cpp:221] parsePacket(): could not receive data: 9
[ 79318][E][WiFiUdp.cpp:221] parsePacket(): could not receive data: 9
[ 79324][E][WiFiUdp.cpp:221] parsePacket(): could not receive data: 9
[ 79330][E][WiFiUdp.cpp:221] parsePacket(): could not receive data: 9
[ 79336][E][WiFiUdp.cpp:221] parsePacket(): could not receive data: 9
[ 79342][E][WiFiUdp.cpp:221] parsePacket(): could not receive data: 9
[ 79348][E][WiFiUdp.cpp:221] parsePacket(): could not receive data: 9
[ 79354][E][WiFiUdp.cpp:221] parsePacket(): could not receive data: 9
[ 79360][E][WiFiUdp.cpp:221] parsePacket(): could not receive data: 9
[ 79366][E][WiFiUdp.cpp:221] parsePacket(): could not receive data: 9
[ 79372][E][WiFiUdp.cpp:221] parsePacket(): could not receive data: 9
[ 79378][E][WiFiUdp.cpp:221] parsePacket(): could not receive data: 9
[ 79384][E][WiFiUdp.cpp:221] parsePacket(): could not receive data: 9
[ 79390][E][WiFiUdp.cpp:221] parsePacket(): could not receive data: 9
[ 79396][E][WiFiUdp.cpp:221] parsePacket(): could not receive data: 9
[ 79402][E][WiFiUdp.cpp:221] parsePacket(): could not receive data: 9
[ 79408][E][WiFiUdp.cpp:221] parsePacket(): could not receive data: 9
[ 79414][E][WiFiUdp.cpp:221] parsePacket(): could not receive data: 9
[ 79420][E][WiFiUdp.cpp:221] parsePacket(): could not receive data: 9
[ 79426][E][WiFiUdp.cpp:221] parsePacket(): could not receive data: 9
[ 79432][E][WiFiUdp.cpp:221] parsePacket(): could not receive data: 9
[ 79438][E][WiFiUdp.cpp:221] parsePacket(): could not receive data: 9
[ 79444][E][WiFiUdp.cpp:221] parsePacket(): could not receive data: 9
[ 79450][E][WiFiUdp.cpp:221] parsePacket(): could not receive data: 9
[ 79456][E][WiFiUdp.cpp:221] parsePacket(): could not receive data: 9
[ 79462][E][WiFiUdp.cpp:221] parsePacket(): could not receive data: 9
[ 79468][E][WiFiUdp.cpp:221] parsePacket(): could not receive data: 9
[ 79474][E][WiFiUdp.cpp:221] parsePacket(): could not receive data: 9
[ 79480][E][WiFiUdp.cpp:221] parsePacket(): could not receive data: 9
[ 79486][E][WiFiUdp.cpp:221] parsePacket(): could not receive data: 9
[ 79492][E][WiFiUdp.cpp:221] parsePacket(): could not receive data: 9
[ 79498][E][WiFiUdp.cpp:221] parsePacket(): could not receive data: 9
[ 79504][E][WiFiUdp.cpp:221] parsePacket(): could not receive data: 9
[ 79510][E][WiFiUdp.cpp:221] parsePacket(): could not receive data: 9
[ 79516][E][WiFiUdp.cpp:221] parsePacket(): could not receive data: 9
[ 79522][E][WiFiUdp.cpp:221] parsePacket(): could not receive data: 9
[ 79528][E][WiFiUdp.cpp:221] parsePacket(): could not receive data: 9
[ 79534][E][WiFiUdp.cpp:221] parsePacket(): could not receive data: 9
[ 79539][E][WiFiUdp.cpp:221] parsePacket(): could not receive data: 9
[ 79545][E][WiFiUdp.cpp:221] parsePacket(): could not receive data: 9
[ 79551][E][WiFiUdp.cpp:221] parsePacket(): could not receive data: 9
[ 79557][E][WiFiUdp.cpp:221] parsePacket(): could not receive data: 9
[ 79563][E][WiFiUdp.cpp:221] parsePacket(): could not receive data: 9
[ 79569][E][WiFiUdp.cpp:221] parsePacket(): could not receive data: 9
[ 79575][E][WiFiUdp.cpp:221] parsePacket(): could not receive data: 9
[ 79581][E][WiFiUdp.cpp:221] parsePacket(): could not receive data: 9
[ 79586][E][WiFiUdp.cpp:221] parsePacket(): could not receive data: 9
[ 79591][E][WiFiUdp.cpp:221] parsePacket(): could not receive data: 9
[ 79597][E][WiFiUdp.cpp:221] parsePacket(): could not receive data: 9
[ 79603][E][WiFiUdp.cpp:221] parsePacket(): could not receive data: 9
[ 79609][E][WiFiUdp.cpp:221] parsePacket(): could not receive data: 9
[ 79615][E][WiFiUdp.cpp:221] parsePacket(): could not receive data: 9
[ 79621][E][WiFiUdp.cpp:221] parsePacket(): could not receive data: 9
[ 79627][E][WiFiUdp.cpp:221] parsePacket(): could not receive data: 9
[ 79633][E][WiFiUdp.cpp:221] parsePacket(): could not receive data: 9
[ 79639][E][WiFiUdp.cpp:221] parsePacket(): could not receive data: 9
[ 79645][E][WiFiUdp.cpp:221] parsePacket(): could not receive data: 9
[ 79651][E][WiFiUdp.cpp:221] parsePacket(): could not receive data: 9
[ 79657][E][WiFiUdp.cpp:221] parsePacket(): could not receive data: 9
[ 79663][E][WiFiUdp.cpp:221] parsePacket(): could not receive data: 9
[ 79669][E][WiFiUdp.cpp:221] parsePacket(): could not receive data: 9
[ 79675][E][WiFiUdp.cpp:221] parsePacket(): could not receive data: 9
[ 79681][E][WiFiUdp.cpp:221] parsePacket(): could not receive data: 9
[ 79687][E][WiFiUdp.cpp:221] parsePacket(): could not receive data: 9
[ 79693][E][WiFiUdp.cpp:221] parsePacket(): could not receive data: 9
[ 79699][E][WiFiUdp.cpp:221] parsePacket(): could not receive data: 9
[ 79705][E][WiFiUdp.cpp:221] parsePacket(): could not receive data: 9
[ 79711][E][WiFiUdp.cpp:221] parsePacket(): could not receive data: 9
[ 79717][E][WiFiUdp.cpp:221] parsePacket(): could not receive data: 9
[ 79723][E][WiFiUdp.cpp:221] parsePacket(): could not receive data: 9
[ 79729][E][WiFiUdp.cpp:221] parsePacket(): could not receive data: 9
[ 79735][E][WiFiUdp.cpp:221] parsePacket(): could not receive data: 9
[ 79741][E][WiFiUdp.cpp:221] parsePacket(): could not receive data: 9
[ 79747][E][WiFiUdp.cpp:221] parsePacket(): could not receive data: 9
[ 79753][E][WiFiUdp.cpp:221] parsePacket(): could not receive data: 9
[ 79759][E][WiFiUdp.cpp:221] parsePacket(): could not receive data: 9
[ 79765][E][WiFiUdp.cpp:221] parsePacket(): could not receive data: 9
[ 79771][E][WiFiUdp.cpp:221] parsePacket(): could not receive data: 9
[ 79777][E][WiFiUdp.cpp:221] parsePacket(): could not receive data: 9
[ 79783][E][WiFiUdp.cpp:221] parsePacket(): could not receive data: 9
[ 79789][E][WiFiUdp.cpp:221] parsePacket(): could not receive data: 9
[ 79795][E][WiFiUdp.cpp:221] parsePacket(): could not receive data: 9
[ 79801][E][WiFiUdp.cpp:221] parsePacket(): could not receive data: 9
[ 79807][E][WiFiUdp.cpp:221] parsePacket(): could not receive data: 9
[ 79813][E][WiFiUdp.cpp:221] parsePacket(): could not receive data: 9
[ 79819][E][WiFiUdp.cpp:221] parsePacket(): could not receive data: 9
[ 79825][E][WiFiUdp.cpp:221] parsePacket(): could not receive data: 9
[ 79831][E][WiFiUdp.cpp:221] parsePacket(): could not receive data: 9
[ 79837][E][WiFiUdp.cpp:221] parsePacket(): could not receive data: 9
[ 79843][E][WiFiUdp.cpp:221] parsePacket(): could not receive data: 9
[ 79849][E][WiFiUdp.cpp:221] parsePacket(): could not receive data: 9
[ 79855][E][WiFiUdp.cpp:221] parsePacket(): could not receive data: 9
[ 79861][E][WiFiUdp.cpp:221] parsePacket(): could not receive data: 9
[ 79867][E][WiFiUdp.cpp:221] parsePacket(): could not receive data: 9
[ 79873][E][WiFiUdp.cpp:221] parsePacket(): could not receive data: 9
[ 79879][E][WiFiUdp.cpp:221] parsePacket(): could not receive data: 9
[ 79885][E][WiFiUdp.cpp:221] parsePacket(): could not receive data: 9
[ 79891][E][WiFiUdp.cpp:221] parsePacket(): could not receive data: 9
[ 79897][E][WiFiUdp.cpp:221] parsePacket(): could not receive data: 9
[ 79903][E][WiFiUdp.cpp:221] parsePacket(): could not receive data: 9
[ 79909][E][WiFiUdp.cpp:221] parsePacket(): could not receive data: 9
[ 79915][E][WiFiUdp.cpp:221] parsePacket(): could not receive data: 9
[ 79921][E][WiFiUdp.cpp:221] parsePacket(): could not receive data: 9
[ 79927][E][WiFiUdp.cpp:221] parsePacket(): could not receive data: 9
[ 79933][E][WiFiUdp.cpp:221] parsePacket(): could not receive data: 9
[ 79939][E][WiFiUdp.cpp:221] parsePacket(): could not receive data: 9
[ 79945][E][WiFiUdp.cpp:221] parsePacket(): could not receive data: 9
[ 79951][E][WiFiUdp.cpp:221] parsePacket(): could not receive data: 9
[ 79957][E][WiFiUdp.cpp:221] parsePacket(): could not receive data: 9
[ 79963][E][WiFiUdp.cpp:221] parsePacket(): could not receive data: 9
[ 79969][E][WiFiUdp.cpp:221] parsePacket(): could not receive data: 9
[ 79975][E][WiFiUdp.cpp:221] parsePacket(): could not receive data: 9
[ 79981][E][WiFiUdp.cpp:221] parsePacket(): could not receive data: 9
[ 79987][E][WiFiUdp.cpp:221] parsePacket(): could not receive data: 9
[ 79993][E][WiFiUdp.cpp:221] parsePacket(): could not receive data: 9
[ 79999][E][WiFiUdp.cpp:221] parsePacket(): could not receive data: 9
[ 80005][E][WiFiUdp.cpp:221] parsePacket(): could not receive data: 9
[ 80011][E][WiFiUdp.cpp:221] parsePacket(): could not receive data: 9
[ 80017][E][WiFiUdp.cpp:221] parsePacket(): could not receive data: 9
[CON ]...accept() fd=50 free=132488
[CON ]...Client authenticated on port 2323. free heap=127284
-[ 80025][E][WiFiUdp.cpp:221] parsePacket(): could not receive data: 9
-[ 80032][E][WiFiUdp.cpp:221] parsePacket(): could not receive data: 9
i[ 80038][E][WiFiUdp.cpp:221] parsePacket(): could not receive data: 9
n[ 80046][E][WiFiUdp.cpp:221] parsePacket(): could not receive data: 9
j[ 80053][E][WiFiUdp.cpp:221] parsePacket(): could not receive data: 9
e[ 80059][E][WiFiUdp.cpp:221] parsePacket(): could not receive data: 9
c[ 80067][E][WiFiUdp.cpp:221] parsePacket(): could not receive data: 9
t[ 80073][E][WiFiUdp.cpp:221] parsePacket(): could not receive data: 9
m[ 80080][E][WiFiUdp.cpp:221] parsePacket(): could not receive data: 9
s[ 80086][E][WiFiUdp.cpp:221] parsePacket(): could not receive data: 9
g[ 80092][E][WiFiUdp.cpp:221] parsePacket(): could not receive data: 9
 [ 80099][E][WiFiUdp.cpp:221] parsePacket(): could not receive data: 9
T[ 80106][E][WiFiUdp.cpp:221] parsePacket(): could not receive data: 9
E[ 80112][E][WiFiUdp.cpp:221] parsePacket(): could not receive data: 9
5[ 80119][E][WiFiUdp.cpp:221] parsePacket(): could not receive data: 9
T[ 80125][E][WiFiUdp.cpp:221] parsePacket(): could not receive data: 9
-[ 80131][E][WiFiUdp.cpp:221] parsePacket(): could not receive data: 9
1[ 80138][E][WiFiUdp.cpp:221] parsePacket(): could not receive data: 9
 [ 80145][E][WiFiUdp.cpp:221] parsePacket(): could not receive data: 9
{[ 80152][E][WiFiUdp.cpp:221] parsePacket(): could not receive data: 9
S[ 80158][E][WiFiUdp.cpp:221] parsePacket(): could not receive data: 9
E[ 80165][E][WiFiUdp.cpp:221] parsePacket(): could not receive data: 9
T[ 80172][E][WiFiUdp.cpp:221] parsePacket(): could not receive data: 9
}[ 80178][E][WiFiUdp.cpp:221] parsePacket(): could not receive data: 9
4[ 80185][E][WiFiUdp.cpp:221] parsePacket(): could not receive data: 9
;[ 80191][E][WiFiUdp.cpp:221] parsePacket(): could not receive data: 9
2[ 80198][E][WiFiUdp.cpp:221] parsePacket(): could not receive data: 9
;[ 80205][E][WiFiUdp.cpp:221] parsePacket(): could not receive data: 9
[ 80211][E][WiFiUdp.cpp:221] parsePacket(): could not receive data: 9

[INJECT];ok;id;00C1F35B;dst;TE5T-1;src;DK5EN-93;len;9
[ 80219][E][WiFiUdp.cpp:221] parsePacket(): could not receive data: 9
[ 80225][E][WiFiUdp.cpp:221] parsePacket(): could not receive data: 9
[ 80231][E][WiFiUdp.cpp:221] parsePacket(): could not receive data: 9
[ 80237][E][WiFiUdp.cpp:221] parsePacket(): could not receive data: 9
[ 80243][E][WiFiUdp.cpp:221] parsePacket(): could not receive data: 9
[ 80249][E][WiFiUdp.cpp:221] parsePacket(): could not receive data: 9
[ 80255][E][WiFiUdp.cpp:221] parsePacket(): could not receive data: 9
[ 80261][E][WiFiUdp.cpp:221] parsePacket(): could not receive data: 9
[ 80267][E][WiFiUdp.cpp:221] parsePacket(): could not receive data: 9
[ 80273][E][WiFiUdp.cpp:221] parsePacket(): could not receive data: 9
[ 80278][E][WiFiUdp.cpp:221] parsePacket(): could not receive data: 9
[ 80284][E][WiFiUdp.cpp:221] parsePacket(): could not receive data: 9
[ 80290][E][WiFiUdp.cpp:221] parsePacket(): could not receive data: 9
[ 80296][E][WiFiUdp.cpp:221] parsePacket(): could not receive data: 9
[ 80302][E][WiFiUdp.cpp:221] parsePacket(): could not receive data: 9
[ 80308][E][WiFiUdp.cpp:221] parsePacket(): could not receive data: 9
[ 80314][E][WiFiUdp.cpp:221] parsePacket(): could not receive data: 9
[ 80320][E][WiFiUdp.cpp:221] parsePacket(): could not receive data: 9
[ 80326][E][WiFiUdp.cpp:221] parsePacket(): could not receive data: 9
[ 80332][E][WiFiUdp.cpp:221] parsePacket(): could not receive data: 9
[ 80338][E][WiFiUdp.cpp:221] parsePacket(): could not receive data: 9
[ 80344][E][WiFiUdp.cpp:221] parsePacket(): could not receive data: 9
[ 80350][E][WiFiUdp.cpp:221] parsePacket(): could not receive data: 9
[ 80356][E][WiFiUdp.cpp:221] parsePacket(): could not receive data: 9
[ 80362][E][WiFiUdp.cpp:221] parsePacket(): could not receive data: 9
[ 80368][E][WiFiUdp.cpp:221] parsePacket(): could not receive data: 9
[ 80374][E][WiFiUdp.cpp:221] parsePacket(): could not receive data: 9
[ 80380][E][WiFiUdp.cpp:221] parsePacket(): could not receive data: 9
[ 80386][E][WiFiUdp.cpp:221] parsePacket(): could not receive data: 9
[ 80392][E][WiFiUdp.cpp:221] parsePacket(): could not receive data: 9
[ 80398][E][WiFiUdp.cpp:221] parsePacket(): could not receive data: 9
[ 80404][E][WiFiUdp.cpp:221] parsePacket(): could not receive data: 9
[ 80410][E][WiFiUdp.cpp:221] parsePacket(): could not receive data: 9
[ 80416][E][WiFiUdp.cpp:221] parsePacket(): could not receive data: 9
[ 80422][E][WiFiUdp.cpp:221] parsePacket(): could not receive data: 9
[ 80428][E][WiFiUdp.cpp:221] parsePacket(): could not receive data: 9
[ 80434][E][WiFiUdp.cpp:221] parsePacket(): could not receive data: 9
[ 80440][E][WiFiUdp.cpp:221] parsePacket(): could not receive data: 9
[ 80446][E][WiFiUdp.cpp:221] parsePacket(): could not receive data: 9
[ 80452][E][WiFiUdp.cpp:221] parsePacket(): could not receive data: 9
[ 80458][E][WiFiUdp.cpp:221] parsePacket(): could not receive data: 9
[ 80464][E][WiFiUdp.cpp:221] parsePacket(): could not receive data: 9
[ 80470][E][WiFiUdp.cpp:221] parsePacket(): could not receive data: 9
[ 80476][E][WiFiUdp.cpp:221] parsePacket(): could not receive data: 9
[ 80482][E][WiFiUdp.cpp:221] parsePacket(): could not receive data: 9
[ 80488][E][WiFiUdp.cpp:221] parsePacket(): could not receive data: 9
[ 80494][E][WiFiUdp.cpp:221] parsePacket(): could not receive data: 9
[ 80500][E][WiFiUdp.cpp:221] parsePacket(): could not receive data: 9
[ 80506][E][WiFiUdp.cpp:221] parsePacket(): could not receive data: 9
[ 80512][E][WiFiUdp.cpp:221] parsePacket(): could not receive data: 9
[ 80518][E][WiFiUdp.cpp:221] parsePacket(): could not receive data: 9
[ 80524][E][WiFiUdp.cpp:221] parsePacket(): could not receive data: 9
[ 80530][E][WiFiUdp.cpp:221] parsePacket(): could not receive data: 9
[ 80536][E][WiFiUdp.cpp:221] parsePacket(): could not receive data: 9
[ 80542][E][WiFiUdp.cpp:221] parsePacket(): could not receive data: 9
[ 80548][E][WiFiUdp.cpp:221] parsePacket(): could not receive data: 9
[ 80554][E][WiFiUdp.cpp:221] parsePacket(): could not receive data: 9
[ 80560][E][WiFiUdp.cpp:221] parsePacket(): could not receive data: 9
[ 80566][E][WiFiUdp.cpp:221] parsePacket(): could not receive data: 9
[ 80572][E][WiFiUdp.cpp:221] parsePacket(): could not receive data: 9
[ 80578][E][WiFiUdp.cpp:221] parsePacket(): could not receive data: 9
[ 80584][E][WiFiUdp.cpp:221] parsePacket(): could not receive data: 9
[ 80590][E][WiFiUdp.cpp:221] parsePacket(): could not receive data: 9
[ 80596][E][WiFiUdp.cpp:221] parsePacket(): could not receive data: 9
[ 80602][E][WiFiUdp.cpp:221] parsePacket(): could not receive data: 9
[ 80608][E][WiFiUdp.cpp:221] parsePacket(): could not receive data: 9
[ 80613][E][WiFiUdp.cpp:221] parsePacket(): could not receive data: 9
[ 80619][E][WiFiUdp.cpp:221] parsePacket(): could not receive data: 9
[ 80625][E][WiFiUdp.cpp:221] parsePacket(): could not receive data: 9
[ 80631][E][WiFiUdp.cpp:221] parsePacket(): could not receive data: 9
[ 80637][E][WiFiUdp.cpp:221] parsePacket(): could not receive data: 9
[ 80643][E][WiFiUdp.cpp:221] parsePacket(): could not receive data: 9
[ 80649][E][WiFiUdp.cpp:221] parsePacket(): could not receive data: 9
[ 80655][E][WiFiUdp.cpp:221] parsePacket(): could not receive data: 9
[ 80661][E][WiFiUdp.cpp:221] parsePacket(): could not receive data: 9
[ 80667][E][WiFiUdp.cpp:221] parsePacket(): could not receive data: 9
[ 80673][E][WiFiUdp.cpp:221] parsePacket(): could not receive data: 9
[ 80679][E][WiFiUdp.cpp:221] parsePacket(): could not receive data: 9
[ 80685][E][WiFiUdp.cpp:221] parsePacket(): could not receive data: 9
[ 80691][E][WiFiUdp.cpp:221] parsePacket(): could not receive data: 9
[ 80697][E][WiFiUdp.cpp:221] parsePacket(): could not receive data: 9
[ 80703][E][WiFiUdp.cpp:221] parsePacket(): could not receive data: 9
[ 80708][E][WiFiUdp.cpp:221] parsePacket(): could not receive data: 9
[ 80714][E][WiFiUdp.cpp:221] parsePacket(): could not receive data: 9
[ 80720][E][WiFiUdp.cpp:221] parsePacket(): could not receive data: 9
[ 80726][E][WiFiUdp.cpp:221] parsePacket(): could not receive data: 9
[ 80732][E][WiFiUdp.cpp:221] parsePacket(): could not receive data: 9
[ 80738][E][WiFiUdp.cpp:221] parsePacket(): could not receive data: 9
[ 80744][E][WiFiUdp.cpp:221] parsePacket(): could not receive data: 9
[ 80749][E][WiFiUdp.cpp:221] parsePacket(): could not receive data: 9
[ 80755][E][WiFiUdp.cpp:221] parsePacket(): could not receive data: 9
[ 80761][E][WiFiUdp.cpp:221] parsePacket(): could not receive data: 9
[ 80767][E][WiFiUdp.cpp:221] parsePacket(): could not receive data: 9
[ 80773][E][WiFiUdp.cpp:221] parsePacket(): could not receive data: 9
[ 80779][E][WiFiUdp.cpp:221] parsePacket(): could not receive data: 9
[ 80785][E][WiFiUdp.cpp:221] parsePacket(): could not receive data: 9
[ 80791][E][WiFiUdp.cpp:221] parsePacket(): could not receive data: 9
[ 80797][E][WiFiUdp.cpp:221] parsePacket(): could not receive data: 9
[ 80803][E][WiFiUdp.cpp:221] parsePacket(): could not receive data: 9
[ 80809][E][WiFiUdp.cpp:221] parsePacket(): could not receive data: 9
[ 80815][E][WiFiUdp.cpp:221] parsePacket(): could not receive data: 9
[ 80821][E][WiFiUdp.cpp:221] parsePacket(): could not receive data: 9
[ 80827][E][WiFiUdp.cpp:221] parsePacket(): could not receive data: 9
[ 80833][E][WiFiUdp.cpp:221] parsePacket(): could not receive data: 9
[ 80839][E][WiFiUdp.cpp:221] parsePacket(): could not receive data: 9
[ 80845][E][WiFiUdp.cpp:221] parsePacket(): could not receive data: 9
[ 80851][E][WiFiUdp.cpp:221] parsePacket(): could not receive data: 9
[ 80857][E][WiFiUdp.cpp:221] parsePacket(): could not receive data: 9
[ 80863][E][WiFiUdp.cpp:221] parsePacket(): could not receive data: 9
[ 80869][E][WiFiUdp.cpp:221] parsePacket(): could not receive data: 9
[ 80875][E][WiFiUdp.cpp:221] parsePacket(): could not receive data: 9
[ 80881][E][WiFiUdp.cpp:221] parsePacket(): could not receive data: 9
[ 80886][E][WiFiUdp.cpp:221] parsePacket(): could not receive data: 9
[ 80892][E][WiFiUdp.cpp:221] parsePacket(): could not receive data: 9
[ 80898][E][WiFiUdp.cpp:221] parsePacket(): could not receive data: 9
[ 80904][E][WiFiUdp.cpp:221] parsePacket(): could not receive data: 9
[ 80910][E][WiFiUdp.cpp:221] parsePacket(): could not receive data: 9
[ 80916][E][WiFiUdp.cpp:221] parsePacket(): could not receive data: 9
[ 80922][E][WiFiUdp.cpp:221] parsePacket(): could not receive data: 9
[ 80928][E][WiFiUdp.cpp:221] parsePacket(): could not receive data: 9
[ 80934][E][WiFiUdp.cpp:221] parsePacket(): could not receive data: 9
[ 80940][E][WiFiUdp.cpp:221] parsePacket(): could not receive data: 9
[ 80946][E][WiFiUdp.cpp:221] parsePacket(): could not receive data: 9
[ 80952][E][WiFiUdp.cpp:221] parsePacket(): could not receive data: 9
[ 80958][E][WiFiUdp.cpp:221] parsePacket(): could not receive data: 9
[ 80964][E][WiFiUdp.cpp:221] parsePacket(): could not receive data: 9
[ 80970][E][WiFiUdp.cpp:221] parsePacket(): could not receive data: 9
[ 80975][E][WiFiUdp.cpp:221] parsePacket(): could not receive data: 9
[ 80981][E][WiFiUdp.cpp:221] parsePacket(): could not receive data: 9
[ 80986][E][WiFiUdp.cpp:221] parsePacket(): could not receive data: 9
[ 80991][E][WiFiUdp.cpp:221] parsePacket(): could not receive data: 9
[ 80997][E][WiFiUdp.cpp:221] parsePacket(): could not receive data: 9
[ 81003][E][WiFiUdp.cpp:221] parsePacket(): could not receive data: 9
[ 81009][E][WiFiUdp.cpp:221] parsePacket(): could not receive data: 9
[ 81015][E][WiFiUdp.cpp:221] parsePacket(): could not receive data: 9
[ 81021][E][WiFiUdp.cpp:221] parsePacket(): could not receive data: 9
[ 81027][E][WiFiUdp.cpp:221] parsePacket(): could not receive data: 9
[ 81033][E][WiFiUdp.cpp:221] parsePacket(): could not receive data: 9
[ 81039][E][WiFiUdp.cpp:221] parsePacket(): could not receive data: 9
[ 81045][E][WiFiUdp.cpp:221] parsePacket(): could not receive data: 9
[ 81051][E][WiFiUdp.cpp:221] parsePacket(): could not receive data: 9
[ 81057][E][WiFiUdp.cpp:221] parsePacket(): could not receive data: 9
[ 81063][E][WiFiUdp.cpp:221] parsePacket(): could not receive data: 9
[ 81069][E][WiFiUdp.cpp:221] parsePacket(): could not receive data: 9
[ 81075][E][WiFiUdp.cpp:221] parsePacket(): could not receive data: 9
[ 81081][E][WiFiUdp.cpp:221] parsePacket(): could not receive data: 9
[ 81087][E][WiFiUdp.cpp:221] parsePacket(): could not receive data: 9
[ 81093][E][WiFiUdp.cpp:221] parsePacket(): could not receive data: 9
[ 81099][E][WiFiUdp.cpp:221] parsePacket(): could not receive data: 9
[ 81105][E][WiFiUdp.cpp:221] parsePacket(): could not receive data: 9
[ 81111][E][WiFiUdp.cpp:221] parsePacket(): could not receive data: 9
[ 81117][E][WiFiUdp.cpp:221] parsePacket(): could not receive data: 9
[ 81123][E][WiFiUdp.cpp:221] parsePacket(): could not receive data: 9
[ 81129][E][WiFiUdp.cpp:221] parsePacket(): could not receive data: 9
[ 81135][E][WiFiUdp.cpp:221] parsePacket(): could not receive data: 9
[ 81141][E][WiFiUdp.cpp:221] parsePacket(): could not receive data: 9
[ 81147][E][WiFiUdp.cpp:221] parsePacket(): could not receive data: 9
[ 81153][E][WiFiUdp.cpp:221] parsePacket(): could not receive data: 9
[ 81159][E][WiFiUdp.cpp:221] parsePacket(): could not receive data: 9
[ 81165][E][WiFiUdp.cpp:221] parsePacket(): could not receive data: 9
[ 81171][E][WiFiUdp.cpp:221] parsePacket(): could not receive data: 9
[ 81177][E][WiFiUdp.cpp:221] parsePacket(): could not receive data: 9
[ 81183][E][WiFiUdp.cpp:221] parsePacket(): could not receive data: 9
[ 81189][E][WiFiUdp.cpp:221] parsePacket(): could not receive data: 9
[ 81195][E][WiFiUdp.cpp:221] parsePacket(): could not receive data: 9
[ 81201][E][WiFiUdp.cpp:221] parsePacket(): could not receive data: 9
[ 81207][E][WiFiUdp.cpp:221] parsePacket(): could not receive data: 9
[ 81213][E][WiFiUdp.cpp:221] parsePacket(): could not receive data: 9
[ 81219][E][WiFiUdp.cpp:221] parsePacket(): could not receive data: 9
[ 81225][E][WiFiUdp.cpp:221] parsePacket(): could not receive data: 9
[ 81231][E][WiFiUdp.cpp:221] parsePacket(): could not receive data: 9
[ 81237][E][WiFiUdp.cpp:221] parsePacket(): could not receive data: 9
[ 81243][E][WiFiUdp.cpp:221] parsePacket(): could not receive data: 9
[ 81249][E][WiFiUdp.cpp:221] parsePacket(): could not receive data: 9
[ 81255][E][WiFiUdp.cpp:221] parsePacket(): could not receive data: 9
[ 81260][E][WiFiUdp.cpp:221] parsePacket(): could not receive data: 9
[ 81266][E][WiFiUdp.cpp:221] parsePacket(): could not receive data: 9
[ 81272][E][WiFiUdp.cpp:221] parsePacket(): could not receive data: 9
[ 81278][E][WiFiUdp.cpp:221] parsePacket(): could not receive data: 9
[ 81284][E][WiFiUdp.cpp:221] parsePacket(): could not receive data: 9
[ 81290][E][WiFiUdp.cpp:221] parsePacket(): could not receive data: 9
[ 81296][E][WiFiUdp.cpp:221] parsePacket(): could not receive data: 9
[ 81302][E][WiFiUdp.cpp:221] parsePacket(): could not receive data: 9
[ 81308][E][WiFiUdp.cpp:221] parsePacket(): could not receive data: 9
[ 81314][E][WiFiUdp.cpp:221] parsePacket(): could not receive data: 9
[ 81320][E][WiFiUdp.cpp:221] parsePacket(): could not receive data: 9
[ 81326][E][WiFiUdp.cpp:221] parsePacket(): could not receive data: 9
[ 81332][E][WiFiUdp.cpp:221] parsePacket(): could not receive data: 9
[ 81338][E][WiFiUdp.cpp:221] parsePacket(): could not receive data: 9
[ 81344][E][WiFiUdp.cpp:221] parsePacket(): could not receive data: 9
[ 81350][E][WiFiUdp.cpp:221] parsePacket(): could not receive data: 9
[ 81356][E][WiFiUdp.cpp:221] parsePacket(): could not receive data: 9
[ 81362][E][WiFiUdp.cpp:221] parsePacket(): could not receive data: 9
[ 81368][E][WiFiUdp.cpp:221] parsePacket(): could not receive data: 9
[ 81374][E][WiFiUdp.cpp:221] parsePacket(): could not receive data: 9
[ 81380][E][WiFiUdp.cpp:221] parsePacket(): could not receive data: 9
[ 81386][E][WiFiUdp.cpp:221] parsePacket(): could not receive data: 9
[ 81392][E][WiFiUdp.cpp:221] parsePacket(): could not receive data: 9
[ 81398][E][WiFiUdp.cpp:221] parsePacket(): could not receive data: 9
[ 81403][E][WiFiUdp.cpp:221] parsePacket(): could not receive data: 9
[ 81409][E][WiFiUdp.cpp:221] parsePacket(): could not receive data: 9
[ 81415][E][WiFiUdp.cpp:221] parsePacket(): could not receive data: 9
[ 81421][E][WiFiUdp.cpp:221] parsePacket(): could not receive data: 9
[ 81427][E][WiFiUdp.cpp:221] parsePacket(): could not receive data: 9
[ 81433][E][WiFiUdp.cpp:221] parsePacket(): could not receive data: 9
[ 81439][E][WiFiUdp.cpp:221] parsePacket(): could not receive data: 9
[ 81445][E][WiFiUdp.cpp:221] parsePacket(): could not receive data: 9
[ 81451][E][WiFiUdp.cpp:221] parsePacket(): could not receive data: 9
[ 81457][E][WiFiUdp.cpp:221] parsePacket(): could not receive data: 9
[ 81463][E][WiFiUdp.cpp:221] parsePacket(): could not receive data: 9
[ 81469][E][WiFiUdp.cpp:221] parsePacket(): could not receive data: 9
[ 81475][E][WiFiUdp.cpp:221] parsePacket(): could not receive data: 9
[ 81481][E][WiFiUdp.cpp:221] parsePacket(): could not receive data: 9
[ 81487][E][WiFiUdp.cpp:221] parsePacket(): could not receive data: 9
[ 81493][E][WiFiUdp.cpp:221] parsePacket(): could not receive data: 9
[ 81499][E][WiFiUdp.cpp:221] parsePacket(): could not receive data: 9
[ 81505][E][WiFiUdp.cpp:221] parsePacket(): could not receive data: 9
[ 81511][E][WiFiUdp.cpp:221] parsePacket(): could not receive data: 9
[ 81517][E][WiFiUdp.cpp:221] parsePacket(): could not receive data: 9
[ 81523][E][WiFiUdp.cpp:221] parsePacket(): could not receive data: 9
[ 81529][E][WiFiUdp.cpp:221] parsePacket(): could not receive data: 9
[ 81535][E][WiFiUdp.cpp:221] parsePacket(): could not receive data: 9
[ 81541][E][WiFiUdp.cpp:221] parsePacket(): could not receive data: 9
[ 81547][E][WiFiUdp.cpp:221] parsePacket(): could not receive data: 9
[ 81552][E][WiFiUdp.cpp:221] parsePacket(): could not receive data: 9
[ 81558][E][WiFiUdp.cpp:221] parsePacket(): could not receive data: 9
[ 81564][E][WiFiUdp.cpp:221] parsePacket(): could not receive data: 9
[ 81570][E][WiFiUdp.cpp:221] parsePacket(): could not receive data: 9
[ 81576][E][WiFiUdp.cpp:221] parsePacket(): could not receive data: 9
[ 81582][E][WiFiUdp.cpp:221] parsePacket(): could not receive data: 9
[ 81588][E][WiFiUdp.cpp:221] parsePacket(): could not receive data: 9
[ 81594][E][WiFiUdp.cpp:221] parsePacket(): could not receive data: 9
[ 81600][E][WiFiUdp.cpp:221] parsePacket(): could not receive data: 9
[ 81606][E][WiFiUdp.cpp:221] parsePacket(): could not receive data: 9
[ 81612][E][WiFiUdp.cpp:221] parsePacket(): could not receive data: 9
[ 81618][E][WiFiUdp.cpp:221] parsePacket(): could not receive data: 9
[ 81624][E][WiFiUdp.cpp:221] parsePacket(): could not receive data: 9
[ 81630][E][WiFiUdp.cpp:221] parsePacket(): could not receive data: 9
[ 81636][E][WiFiUdp.cpp:221] parsePacket(): could not receive data: 9
[ 81642][E][WiFiUdp.cpp:221] parsePacket(): could not receive data: 9
[ 81648][E][WiFiUdp.cpp:221] parsePacket(): could not receive data: 9
[ 81654][E][WiFiUdp.cpp:221] parsePacket(): could not receive data: 9
[ 81660][E][WiFiUdp.cpp:221] parsePacket(): could not receive data: 9
[ 81666][E][WiFiUdp.cpp:221] parsePacket(): could not receive data: 9
[ 81672][E][WiFiUdp.cpp:221] parsePacket(): could not receive data: 9
[ 81678][E][WiFiUdp.cpp:221] parsePacket(): could not receive data: 9
[ 81684][E][WiFiUdp.cpp:221] parsePacket(): could not receive data: 9
[ 81690][E][WiFiUdp.cpp:221] parsePacket(): could not receive data: 9
[ 81696][E][WiFiUdp.cpp:221] parsePacket(): could not receive data: 9
[ 81702][E][WiFiUdp.cpp:221] parsePacket(): could not receive data: 9
[ 81708][E][WiFiUdp.cpp:221] parsePacket(): could not receive data: 9
[ 81714][E][WiFiUdp.cpp:221] parsePacket(): could not receive data: 9
[ 81720][E][WiFiUdp.cpp:221] parsePacket(): could not receive data: 9
[ 81726][E][WiFiUdp.cpp:221] parsePacket(): could not receive data: 9
[ 81732][E][WiFiUdp.cpp:221] parsePacket(): could not receive data: 9
[ 81738][E][WiFiUdp.cpp:221] parsePacket(): could not receive data: 9
[ 81744][E][WiFiUdp.cpp:221] parsePacket(): could not receive data: 9
[ 81750][E][WiFiUdp.cpp:221] parsePacket(): could not receive data: 9
[ 81756][E][WiFiUdp.cpp:221] parsePacket(): could not receive data: 9
[ 81762][E][WiFiUdp.cpp:221] parsePacket(): could not receive data: 9
[ 81768][E][WiFiUdp.cpp:221] parsePacket(): could not receive data: 9
[ 81774][E][WiFiUdp.cpp:221] parsePacket(): could not receive data: 9
[ 81780][E][WiFiUdp.cpp:221] parsePacket(): could not receive data: 9
[ 81786][E][WiFiUdp.cpp:221] parsePacket(): could not receive data: 9
[ 81792][E][WiFiUdp.cpp:221] parsePacket(): could not receive data: 9
[ 81798][E][WiFiUdp.cpp:221] parsePacket(): could not receive data: 9
[ 81804][E][WiFiUdp.cpp:221] parsePacket(): could not receive data: 9
[ 81810][E][WiFiUdp.cpp:221] parsePacket(): could not receive data: 9
[ 81816][E][WiFiUdp.cpp:221] parsePacket(): could not receive data: 9
[ 81821][E][WiFiUdp.cpp:221] parsePacket(): could not receive data: 9
[ 81827][E][WiFiUdp.cpp:221] parsePacket(): could not receive data: 9
[ 81833][E][WiFiUdp.cpp:221] parsePacket(): could not receive data: 9
[ 81839][E][WiFiUdp.cpp:221] parsePacket(): could not receive data: 9
[ 81845][E][WiFiUdp.cpp:221] parsePacket(): could not receive data: 9
[ 81851][E][WiFiUdp.cpp:221] parsePacket(): could not receive data: 9
[ 81857][E][WiFiUdp.cpp:221] parsePacket(): could not receive data: 9
[ 81863][E][WiFiUdp.cpp:221] parsePacket(): could not receive data: 9
[ 81869][E][WiFiUdp.cpp:221] parsePacket(): could not receive data: 9
[ 81875][E][WiFiUdp.cpp:221] parsePacket(): could not receive data: 9
[ 81881][E][WiFiUdp.cpp:221] parsePacket(): could not receive data: 9
[ 81887][E][WiFiUdp.cpp:221] parsePacket(): could not receive data: 9
[ 81893][E][WiFiUdp.cpp:221] parsePacket(): could not receive data: 9
[ 81899][E][WiFiUdp.cpp:221] parsePacket(): could not receive data: 9
[ 81905][E][WiFiUdp.cpp:221] parsePacket(): could not receive data: 9
[ 81911][E][WiFiUdp.cpp:221] parsePacket(): could not receive data: 9
[ 81917][E][WiFiUdp.cpp:221] parsePacket(): could not receive data: 9
[ 81923][E][WiFiUdp.cpp:221] parsePacket(): could not receive data: 9
[ 81928][E][WiFiUdp.cpp:221] parsePacket(): could not receive data: 9
[ 81935][E][WiFiUdp.cpp:221] parsePacket(): could not receive data: 9
[ 81941][E][WiFiUdp.cpp:221] parsePacket(): could not receive data: 9
[ 81947][E][WiFiUdp.cpp:221] parsePacket(): could not receive data: 9
[ 81953][E][WiFiUdp.cpp:221] parsePacket(): could not receive data: 9
[ 81959][E][WiFiUdp.cpp:221] parsePacket(): could not receive data: 9
[ 81965][E][WiFiUdp.cpp:221] parsePacket(): could not receive data: 9
[ 81971][E][WiFiUdp.cpp:221] parsePacket(): could not receive data: 9
[ 81977][E][WiFiUdp.cpp:221] parsePacket(): could not receive data: 9
[ 81983][E][WiFiUdp.cpp:221] parsePacket(): could not receive data: 9
[ 81989][E][WiFiUdp.cpp:221] parsePacket(): could not receive data: 9
[ 81995][E][WiFiUdp.cpp:221] parsePacket(): could not receive data: 9
[ 82001][E][WiFiUdp.cpp:221] parsePacket(): could not receive data: 9
[ 82007][E][WiFiUdp.cpp:221] parsePacket(): could not receive data: 9
[ 82013][E][WiFiUdp.cpp:221] parsePacket(): could not receive data: 9
[ 82019][E][WiFiUdp.cpp:221] parsePacket(): could not receive data: 9
[ 82025][E][WiFiUdp.cpp:221] parsePacket(): could not receive data: 9
[ 82031][E][WiFiUdp.cpp:221] parsePacket(): could not receive data: 9
[ 82037][E][WiFiUdp.cpp:221] parsePacket(): could not receive data: 9
[ 82043][E][WiFiUdp.cpp:221] parsePacket(): could not receive data: 9
[ 82049][E][WiFiUdp.cpp:221] parsePacket(): could not receive data: 9
[ 82055][E][WiFiUdp.cpp:221] parsePacket(): could not receive data: 9
[ 82061][E][WiFiUdp.cpp:221] parsePacket(): could not receive data: 9
[ 82067][E][WiFiUdp.cpp:221] parsePacket(): could not receive data: 9
[ 82073][E][WiFiUdp.cpp:221] parsePacket(): could not receive data: 9
[ 82079][E][WiFiUdp.cpp:221] parsePacket(): could not receive data: 9
[ 82085][E][WiFiUdp.cpp:221] parsePacket(): could not receive data: 9
[ 82091][E][WiFiUdp.cpp:221] parsePacket(): could not receive data: 9
[ 82097][E][WiFiUdp.cpp:221] parsePacket(): could not receive data: 9
[ 82103][E][WiFiUdp.cpp:221] parsePacket(): could not receive data: 9
[ 82109][E][WiFiUdp.cpp:221] parsePacket(): could not receive data: 9
[ 82115][E][WiFiUdp.cpp:221] parsePacket(): could not receive data: 9
[ 82121][E][WiFiUdp.cpp:221] parsePacket(): could not receive data: 9
[ 82127][E][WiFiUdp.cpp:221] parsePacket(): could not receive data: 9
[ 82133][E][WiFiUdp.cpp:221] parsePacket(): could not receive data: 9
[ 82139][E][WiFiUdp.cpp:221] parsePacket(): could not receive data: 9
[ 82145][E][WiFiUdp.cpp:221] parsePacket(): could not receive data: 9
[ 82151][E][WiFiUdp.cpp:221] parsePacket(): could not receive data: 9
[ 82157][E][WiFiUdp.cpp:221] parsePacket(): could not receive data: 9
[ 82163][E][WiFiUdp.cpp:221] parsePacket(): could not receive data: 9
[ 82169][E][WiFiUdp.cpp:221] parsePacket(): could not receive data: 9
[ 82175][E][WiFiUdp.cpp:221] parsePacket(): could not receive data: 9
[ 82181][E][WiFiUdp.cpp:221] parsePacket(): could not receive data: 9
[ 82187][E][WiFiUdp.cpp:221] parsePacket(): could not receive data: 9
[ 82193][E][WiFiUdp.cpp:221] parsePacket(): could not receive data: 9
[ 82199][E][WiFiUdp.cpp:221] parsePacket(): could not receive data: 9
[ 82205][E][WiFiUdp.cpp:221] parsePacket(): could not receive data: 9
[ 82211][E][WiFiUdp.cpp:221] parsePacket(): could not receive data: 9
[ 82217][E][WiFiUdp.cpp:221] parsePacket(): could not receive data: 9
[ 82223][E][WiFiUdp.cpp:221] parsePacket(): could not receive data: 9
[ 82229][E][WiFiUdp.cpp:221] parsePacket(): could not receive data: 9
[ 82235][E][WiFiUdp.cpp:221] parsePacket(): could not receive data: 9
[ 82241][E][WiFiUdp.cpp:221] parsePacket(): could not receive data: 9
[ 82247][E][WiFiUdp.cpp:221] parsePacket(): could not receive data: 9
[ 82253][E][WiFiUdp.cpp:221] parsePacket(): could not receive data: 9
[ 82259][E][WiFiUdp.cpp:221] parsePacket(): could not receive data: 9
[ 82265][E][WiFiUdp.cpp:221] parsePacket(): could not receive data: 9
[ 82271][E][WiFiUdp.cpp:221] parsePacket(): could not receive data: 9
[ 82277][E][WiFiUdp.cpp:221] parsePacket(): could not receive data: 9
[ 82283][E][WiFiUdp.cpp:221] parsePacket(): could not receive data: 9
[ 82289][E][WiFiUdp.cpp:221] parsePacket(): could not receive data: 9
[ 82295][E][WiFiUdp.cpp:221] parsePacket(): could not receive data: 9
[ 82301][E][WiFiUdp.cpp:221] parsePacket(): could not receive data: 9
[ 82307][E][WiFiUdp.cpp:221] parsePacket(): could not receive data: 9
[ 82313][E][WiFiUdp.cpp:221] parsePacket(): could not receive data: 9
[ 82319][E][WiFiUdp.cpp:221] parsePacket(): could not receive data: 9
[ 82325][E][WiFiUdp.cpp:221] parsePacket(): could not receive data: 9
[ 82331][E][WiFiUdp.cpp:221] parsePacket(): could not receive data: 9
[ 82337][E][WiFiUdp.cpp:221] parsePacket(): could not receive data: 9
[ 82343][E][WiFiUdp.cpp:221] parsePacket(): could not receive data: 9
[ 82349][E][WiFiUdp.cpp:221] parsePacket(): could not receive data: 9
[ 82355][E][WiFiUdp.cpp:221] parsePacket(): could not receive data: 9
[ 82361][E][WiFiUdp.cpp:221] parsePacket(): could not receive data: 9
[ 82367][E][WiFiUdp.cpp:221] parsePacket(): could not receive data: 9
[ 82373][E][WiFiUdp.cpp:221] parsePacket(): could not receive data: 9
[ 82379][E][WiFiUdp.cpp:221] parsePacket(): could not receive data: 9
[ 82385][E][WiFiUdp.cpp:221] parsePacket(): could not receive data: 9
[ 82391][E][WiFiUdp.cpp:221] parsePacket(): could not receive data: 9
[ 82397][E][WiFiUdp.cpp:221] parsePacket(): could not receive data: 9
[ 82402][E][WiFiUdp.cpp:221] parsePacket(): could not receive data: 9
[ 82408][E][WiFiUdp.cpp:221] parsePacket(): could not receive data: 9
[ 82414][E][WiFiUdp.cpp:221] parsePacket(): could not receive data: 9
[ 82420][E][WiFiUdp.cpp:221] parsePacket(): could not receive data: 9
[ 82426][E][WiFiUdp.cpp:221] parsePacket(): could not receive data: 9
[ 82432][E][WiFiUdp.cpp:221] parsePacket(): could not receive data: 9
[ 82438][E][WiFiUdp.cpp:221] parsePacket(): could not receive data: 9
[ 82444][E][WiFiUdp.cpp:221] parsePacket(): could not receive data: 9
[ 82450][E][WiFiUdp.cpp:221] parsePacket(): could not receive data: 9
[ 82456][E][WiFiUdp.cpp:221] parsePacket(): could not receive data: 9
[ 82462][E][WiFiUdp.cpp:221] parsePacket(): could not receive data: 9
[ 82468][E][WiFiUdp.cpp:221] parsePacket(): could not receive data: 9
[ 82474][E][WiFiUdp.cpp:221] parsePacket(): could not receive data: 9
[ 82480][E][WiFiUdp.cpp:221] parsePacket(): could not receive data: 9
[ 82486][E][WiFiUdp.cpp:221] parsePacket(): could not receive data: 9
[ 82492][E][WiFiUdp.cpp:221] parsePacket(): could not receive data: 9
[ 82498][E][WiFiUdp.cpp:221] parsePacket(): could not receive data: 9
[ 82504][E][WiFiUdp.cpp:221] parsePacket(): could not receive data: 9
[ 82510][E][WiFiUdp.cpp:221] parsePacket(): could not receive data: 9
[ 82516][E][WiFiUdp.cpp:221] parsePacket(): could not receive data: 9
[ 82522][E][WiFiUdp.cpp:221] parsePacket(): could not receive data: 9
[ 82528][E][WiFiUdp.cpp:221] parsePacket(): could not receive data: 9
[ 82534][E][WiFiUdp.cpp:221] parsePacket(): could not receive data: 9
[ 82540][E][WiFiUdp.cpp:221] parsePacket(): could not receive data: 9
[ 82546][E][WiFiUdp.cpp:221] parsePacket(): could not receive data: 9
[ 82552][E][WiFiUdp.cpp:221] parsePacket(): could not receive data: 9
[ 82558][E][WiFiUdp.cpp:221] parsePacket(): could not receive data: 9
[ 82564][E][WiFiUdp.cpp:221] parsePacket(): could not receive data: 9
[ 82570][E][WiFiUdp.cpp:221] parsePacket(): could not receive data: 9
[ 82576][E][WiFiUdp.cpp:221] parsePacket(): could not receive data: 9
[ 82582][E][WiFiUdp.cpp:221] parsePacket(): could not receive data: 9
[ 82588][E][WiFiUdp.cpp:221] parsePacket(): could not receive data: 9
[ 82594][E][WiFiUdp.cpp:221] parsePacket(): could not receive data: 9
[ 82600][E][WiFiUdp.cpp:221] parsePacket(): could not receive data: 9
[ 82606][E][WiFiUdp.cpp:221] parsePacket(): could not receive data: 9
[ 82612][E][WiFiUdp.cpp:221] parsePacket(): could not receive data: 9
[ 82618][E][WiFiUdp.cpp:221] parsePacket(): could not receive data: 9
[ 82624][E][WiFiUdp.cpp:221] parsePacket(): could not receive data: 9
[ 82630][E][WiFiUdp.cpp:221] parsePacket(): could not receive data: 9
[ 82636][E][WiFiUdp.cpp:221] parsePacket(): could not receive data: 9
[ 82642][E][WiFiUdp.cpp:221] parsePacket(): could not receive data: 9
[ 82648][E][WiFiUdp.cpp:221] parsePacket(): could not receive data: 9
[ 82653][E][WiFiUdp.cpp:221] parsePacket(): could not receive data: 9
[ 82658][E][WiFiUdp.cpp:221] parsePacket(): could not receive data: 9
[ 82663][E][WiFiUdp.cpp:221] parsePacket(): could not receive data: 9
[ 82669][E][WiFiUdp.cpp:221] parsePacket(): could not receive data: 9
[ 82675][E][WiFiUdp.cpp:221] parsePacket(): could not receive data: 9
[ 82681][E][WiFiUdp.cpp:221] parsePacket(): could not receive data: 9
[ 82687][E][WiFiUdp.cpp:221] parsePacket(): could not receive data: 9
[ 82693][E][WiFiUdp.cpp:221] parsePacket(): could not receive data: 9
[ 82699][E][WiFiUdp.cpp:221] parsePacket(): could not receive data: 9
[ 82705][E][WiFiUdp.cpp:221] parsePacket(): could not receive data: 9
[ 82711][E][WiFiUdp.cpp:221] parsePacket(): could not receive data: 9
[ 82717][E][WiFiUdp.cpp:221] parsePacket(): could not receive data: 9
[ 82723][E][WiFiUdp.cpp:221] parsePacket(): could not receive data: 9
[ 82729][E][WiFiUdp.cpp:221] parsePacket(): could not receive data: 9
[ 82735][E][WiFiUdp.cpp:221] parsePacket(): could not receive data: 9
[ 82741][E][WiFiUdp.cpp:221] parsePacket(): could not receive data: 9
[ 82747][E][WiFiUdp.cpp:221] parsePacket(): could not receive data: 9
[ 82753][E][WiFiUdp.cpp:221] parsePacket(): could not receive data: 9
[ 82759][E][WiFiUdp.cpp:221] parsePacket(): could not receive data: 9
[ 82765][E][WiFiUdp.cpp:221] parsePacket(): could not receive data: 9
[ 82771][E][WiFiUdp.cpp:221] parsePacket(): could not receive data: 9
[ 82777][E][WiFiUdp.cpp:221] parsePacket(): could not receive data: 9
[ 82783][E][WiFiUdp.cpp:221] parsePacket(): could not receive data: 9
[ 82789][E][WiFiUdp.cpp:221] parsePacket(): could not receive data: 9
[ 82795][E][WiFiUdp.cpp:221] parsePacket(): could not receive data: 9
[ 82801][E][WiFiUdp.cpp:221] parsePacket(): could not receive data: 9
[ 82807][E][WiFiUdp.cpp:221] parsePacket(): could not receive data: 9
[ 82813][E][WiFiUdp.cpp:221] parsePacket(): could not receive data: 9
[ 82819][E][WiFiUdp.cpp:221] parsePacket(): could not receive data: 9
[ 82825][E][WiFiUdp.cpp:221] parsePacket(): could not receive data: 9
[ 82831][E][WiFiUdp.cpp:221] parsePacket(): could not receive data: 9
[ 82837][E][WiFiUdp.cpp:221] parsePacket(): could not receive data: 9
[ 82843][E][WiFiUdp.cpp:221] parsePacket(): could not receive data: 9
[ 82849][E][WiFiUdp.cpp:221] parsePacket(): could not receive data: 9
[ 82855][E][WiFiUdp.cpp:221] parsePacket(): could not receive data: 9
[ 82861][E][WiFiUdp.cpp:221] parsePacket(): could not receive data: 9
[ 82867][E][WiFiUdp.cpp:221] parsePacket(): could not receive data: 9
[ 82873][E][WiFiUdp.cpp:221] parsePacket(): could not receive data: 9
[ 82879][E][WiFiUdp.cpp:221] parsePacket(): could not receive data: 9
[ 82885][E][WiFiUdp.cpp:221] parsePacket(): could not receive data: 9
[ 82891][E][WiFiUdp.cpp:221] parsePacket(): could not receive data: 9
[ 82897][E][WiFiUdp.cpp:221] parsePacket(): could not receive data: 9
[ 82903][E][WiFiUdp.cpp:221] parsePacket(): could not receive data: 9
[ 82909][E][WiFiUdp.cpp:221] parsePacket(): could not receive data: 9
[ 82915][E][WiFiUdp.cpp:221] parsePacket(): could not receive data: 9
[ 82921][E][WiFiUdp.cpp:221] parsePacket(): could not receive data: 9
[ 82927][E][WiFiUdp.cpp:221] parsePacket(): could not receive data: 9
[ 82933][E][WiFiUdp.cpp:221] parsePacket(): could not receive data: 9
[ 82939][E][WiFiUdp.cpp:221] parsePacket(): could not receive data: 9
[ 82945][E][WiFiUdp.cpp:221] parsePacket(): could not receive data: 9
[ 82951][E][WiFiUdp.cpp:221] parsePacket(): could not receive data: 9
[ 82957][E][WiFiUdp.cpp:221] parsePacket(): could not receive data: 9
[ 82963][E][WiFiUdp.cpp:221] parsePacket(): could not receive data: 9
[ 82969][E][WiFiUdp.cpp:221] parsePacket(): could not receive data: 9
[ 82975][E][WiFiUdp.cpp:221] parsePacket(): could not receive data: 9
[ 82981][E][WiFiUdp.cpp:221] parsePacket(): could not receive data: 9
[ 82987][E][WiFiUdp.cpp:221] parsePacket(): could not receive data: 9
[ 82993][E][WiFiUdp.cpp:221] parsePacket(): could not receive data: 9
[ 82999][E][WiFiUdp.cpp:221] parsePacket(): could not receive data: 9
[ 83005][E][WiFiUdp.cpp:221] parsePacket(): could not receive data: 9
[ 83011][E][WiFiUdp.cpp:221] parsePacket(): could not receive data: 9
[ 83017][E][WiFiUdp.cpp:221] parsePacket(): could not receive data: 9
[ 83023][E][WiFiUdp.cpp:221] parsePacket(): could not receive data: 9
[ 83029][E][WiFiUdp.cpp:221] parsePacket(): could not receive data: 9
[ 83035][E][WiFiUdp.cpp:221] parsePacket(): could not receive data: 9
[ 83041][E][WiFiUdp.cpp:221] parsePacket(): could not receive data: 9
[ 83047][E][WiFiUdp.cpp:221] parsePacket(): could not receive data: 9
[ 83052][E][WiFiUdp.cpp:221] parsePacket(): could not receive data: 9
[ 83058][E][WiFiUdp.cpp:221] parsePacket(): could not receive data: 9
[ 83064][E][WiFiUdp.cpp:221] parsePacket(): could not receive data: 9
[ 83070][E][WiFiUdp.cpp:221] parsePacket(): could not receive data: 9
[ 83076][E][WiFiUdp.cpp:221] parsePacket(): could not receive data: 9
[ 83082][E][WiFiUdp.cpp:221] parsePacket(): could not receive data: 9
[ 83088][E][WiFiUdp.cpp:221] parsePacket(): could not receive data: 9
[ 83094][E][WiFiUdp.cpp:221] parsePacket(): could not receive data: 9
[ 83100][E][WiFiUdp.cpp:221] parsePacket(): could not receive data: 9
[ 83106][E][WiFiUdp.cpp:221] parsePacket(): could not receive data: 9
[ 83112][E][WiFiUdp.cpp:221] parsePacket(): could not receive data: 9
[ 83118][E][WiFiUdp.cpp:221] parsePacket(): could not receive data: 9
[ 83124][E][WiFiUdp.cpp:221] parsePacket(): could not receive data: 9
[ 83130][E][WiFiUdp.cpp:221] parsePacket(): could not receive data: 9
[ 83136][E][WiFiUdp.cpp:221] parsePacket(): could not receive data: 9
[ 83142][E][WiFiUdp.cpp:221] parsePacket(): could not receive data: 9
[ 83148][E][WiFiUdp.cpp:221] parsePacket(): could not receive data: 9
[ 83154][E][WiFiUdp.cpp:221] parsePacket(): could not receive data: 9
[ 83160][E][WiFiUdp.cpp:221] parsePacket(): could not receive data: 9
[ 83166][E][WiFiUdp.cpp:221] parsePacket(): could not receive data: 9
[ 83172][E][WiFiUdp.cpp:221] parsePacket(): could not receive data: 9
[ 83178][E][WiFiUdp.cpp:221] parsePacket(): could not receive data: 9
[ 83184][E][WiFiUdp.cpp:221] parsePacket(): could not receive data: 9
[ 83190][E][WiFiUdp.cpp:221] parsePacket(): could not receive data: 9
[ 83196][E][WiFiUdp.cpp:221] parsePacket(): could not receive data: 9
[ 83202][E][WiFiUdp.cpp:221] parsePacket(): could not receive data: 9
[ 83208][E][WiFiUdp.cpp:221] parsePacket(): could not receive data: 9
[ 83214][E][WiFiUdp.cpp:221] parsePacket(): could not receive data: 9
[ 83220][E][WiFiUdp.cpp:221] parsePacket(): could not receive data: 9
[CON ]...Client disconnected. free heap=134520
[ 83227][E][WiFiUdp.cpp:221] parsePacket(): could not receive data: 9
[ 83233][E][WiFiUdp.cpp:221] parsePacket(): could not receive data: 9
[ 83239][E][WiFiUdp.cpp:221] parsePacket(): could not receive data: 9
[ 83245][E][WiFiUdp.cpp:221] parsePacket(): could not receive data: 9
[ 83251][E][WiFiUdp.cpp:221] parsePacket(): could not receive data: 9
[ 83257][E][WiFiUdp.cpp:221] parsePacket(): could not receive data: 9
[ 83263][E][WiFiUdp.cpp:221] parsePacket(): could not receive data: 9
[ 83269][E][WiFiUdp.cpp:221] parsePacket(): could not receive data: 9
[ 83275][E][WiFiUdp.cpp:221] parsePacket(): could not receive data: 9
[ 83281][E][WiFiUdp.cpp:221] parsePacket(): could not receive data: 9
[ 83287][E][WiFiUdp.cpp:221] parsePacket(): could not receive data: 9
[ 83293][E][WiFiUdp.cpp:221] parsePacket(): could not receive data: 9
[ 83299][E][WiFiUdp.cpp:221] parsePacket(): could not receive data: 9
[ 83305][E][WiFiUdp.cpp:221] parsePacket(): could not receive data: 9
[ 83311][E][WiFiUdp.cpp:221] parsePacket(): could not receive data: 9
[ 83317][E][WiFiUdp.cpp:221] parsePacket(): could not receive data: 9
[ 83323][E][WiFiUdp.cpp:221] parsePacket(): could not receive data: 9
[ 83329][E][WiFiUdp.cpp:221] parsePacket(): could not receive data: 9
[ 83335][E][WiFiUdp.cpp:221] parsePacket(): could not receive data: 9
[ 83341][E][WiFiUdp.cpp:221] parsePacket(): could not receive data: 9
[ 83347][E][WiFiUdp.cpp:221] parsePacket(): could not receive data: 9
[ 83353][E][WiFiUdp.cpp:221] parsePacket(): could not receive data: 9
[ 83359][E][WiFiUdp.cpp:221] parsePacket(): could not receive data: 9
[ 83365][E][WiFiUdp.cpp:221] parsePacket(): could not receive data: 9
[ 83371][E][WiFiUdp.cpp:221] parsePacket(): could not receive data: 9
[ 83377][E][WiFiUdp.cpp:221] parsePacket(): could not receive data: 9
[ 83383][E][WiFiUdp.cpp:221] parsePacket(): could not receive data: 9
[ 83389][E][WiFiUdp.cpp:221] parsePacket(): could not receive data: 9
[ 83395][E][WiFiUdp.cpp:221] parsePacket(): could not receive data: 9
[ 83401][E][WiFiUdp.cpp:221] parsePacket(): could not receive data: 9
[ 83407][E][WiFiUdp.cpp:221] parsePacket(): could not receive data: 9
[ 83413][E][WiFiUdp.cpp:221] parsePacket(): could not receive data: 9
[ 83419][E][WiFiUdp.cpp:221] parsePacket(): could not receive data: 9
[ 83424][E][WiFiUdp.cpp:221] parsePacket(): could not receive data: 9
[ 83430][E][WiFiUdp.cpp:221] parsePacket(): could not receive data: 9
[ 83436][E][WiFiUdp.cpp:221] parsePacket(): could not receive data: 9
[ 83442][E][WiFiUdp.cpp:221] parsePacket(): could not receive data: 9
[ 83448][E][WiFiUdp.cpp:221] parsePacket(): could not receive data: 9
[ 83454][E][WiFiUdp.cpp:221] parsePacket(): could not receive data: 9
[ 83460][E][WiFiUdp.cpp:221] parsePacket(): could not receive data: 9
[ 83466][E][WiFiUdp.cpp:221] parsePacket(): could not receive data: 9
[ 83472][E][WiFiUdp.cpp:221] parsePacket(): could not receive data: 9
[ 83478][E][WiFiUdp.cpp:221] parsePacket(): could not receive data: 9
[ 83484][E][WiFiUdp.cpp:221] parsePacket(): could not receive data: 9
[ 83490][E][WiFiUdp.cpp:221] parsePacket(): could not receive data: 9
[ 83496][E][WiFiUdp.cpp:221] parsePacket(): could not receive data: 9
[ 83502][E][WiFiUdp.cpp:221] parsePacket(): could not receive data: 9
[ 83508][E][WiFiUdp.cpp:221] parsePacket(): could not receive data: 9
[ 83514][E][WiFiUdp.cpp:221] parsePacket(): could not receive data: 9
[ 83520][E][WiFiUdp.cpp:221] parsePacket(): could not receive data: 9
[ 83526][E][WiFiUdp.cpp:221] parsePacket(): could not receive data: 9
[ 83532][E][WiFiUdp.cpp:221] parsePacket(): could not receive data: 9
[ 83538][E][WiFiUdp.cpp:221] parsePacket(): could not receive data: 9
[ 83544][E][WiFiUdp.cpp:221] parsePacket(): could not receive data: 9
[ 83550][E][WiFiUdp.cpp:221] parsePacket(): could not receive data: 9
[ 83556][E][WiFiUdp.cpp:221] parsePacket(): could not receive data: 9
[ 83562][E][WiFiUdp.cpp:221] parsePacket(): could not receive data: 9
[ 83568][E][WiFiUdp.cpp:221] parsePacket(): could not receive data: 9
[ 83574][E][WiFiUdp.cpp:221] parsePacket(): could not receive data: 9
[ 83580][E][WiFiUdp.cpp:221] parsePacket(): could not receive data: 9
[ 83586][E][WiFiUdp.cpp:221] parsePacket(): could not receive data: 9
[ 83592][E][WiFiUdp.cpp:221] parsePacket(): could not receive data: 9
[ 83598][E][WiFiUdp.cpp:221] parsePacket(): could not receive data: 9
[ 83604][E][WiFiUdp.cpp:221] parsePacket(): could not receive data: 9
[ 83610][E][WiFiUdp.cpp:221] parsePacket(): could not receive data: 9
[ 83616][E][WiFiUdp.cpp:221] parsePacket(): could not receive data: 9
[ 83622][E][WiFiUdp.cpp:221] parsePacket(): could not receive data: 9
[ 83628][E][WiFiUdp.cpp:221] parsePacket(): could not receive data: 9
[ 83634][E][WiFiUdp.cpp:221] parsePacket(): could not receive data: 9
[ 83640][E][WiFiUdp.cpp:221] parsePacket(): could not receive data: 9
[ 83646][E][WiFiUdp.cpp:221] parsePacket(): could not receive data: 9
[ 83652][E][WiFiUdp.cpp:221] parsePacket(): could not receive data: 9
[ 83658][E][WiFiUdp.cpp:221] parsePacket(): could not receive data: 9
[ 83664][E][WiFiUdp.cpp:221] parsePacket(): could not receive data: 9
[ 83670][E][WiFiUdp.cpp:221] parsePacket(): could not receive data: 9
[ 83676][E][WiFiUdp.cpp:221] parsePacket(): could not receive data: 9
[ 83682][E][WiFiUdp.cpp:221] parsePacket(): could not receive data: 9
[ 83688][E][WiFiUdp.cpp:221] parsePacket(): could not receive data: 9
[ 83694][E][WiFiUdp.cpp:221] parsePacket(): could not receive data: 9
[ 83700][E][WiFiUdp.cpp:221] parsePacket(): could not receive data: 9
[ 83706][E][WiFiUdp.cpp:221] parsePacket(): could not receive data: 9
[ 83712][E][WiFiUdp.cpp:221] parsePacket(): could not receive data: 9
[ 83718][E][WiFiUdp.cpp:221] parsePacket(): could not receive data: 9
[ 83724][E][WiFiUdp.cpp:221] parsePacket(): could not receive data: 9
[ 83730][E][WiFiUdp.cpp:221] parsePacket(): could not receive data: 9
[ 83736][E][WiFiUdp.cpp:221] parsePacket(): could not receive data: 9
[ 83742][E][WiFiUdp.cpp:221] parsePacket(): could not receive data: 9
[ 83748][E][WiFiUdp.cpp:221] parsePacket(): could not receive data: 9
[ 83754][E][WiFiUdp.cpp:221] parsePacket(): could not receive data: 9
[ 83760][E][WiFiUdp.cpp:221] parsePacket(): could not receive data: 9
[ 83766][E][WiFiUdp.cpp:221] parsePacket(): could not receive data: 9
[ 83772][E][WiFiUdp.cpp:221] parsePacket(): could not receive data: 9
[ 83778][E][WiFiUdp.cpp:221] parsePacket(): could not receive data: 9
[ 83784][E][WiFiUdp.cpp:221] parsePacket(): could not receive data: 9
[ 83790][E][WiFiUdp.cpp:221] parsePacket(): could not receive data: 9
[ 83796][E][WiFiUdp.cpp:221] parsePacket(): could not receive data: 9
[ 83802][E][WiFiUdp.cpp:221] parsePacket(): could not receive data: 9
[ 83808][E][WiFiUdp.cpp:221] parsePacket(): could not receive data: 9
[ 83813][E][WiFiUdp.cpp:221] parsePacket(): could not receive data: 9
[ 83818][E][WiFiUdp.cpp:221] parsePacket(): could not receive data: 9
[ 83823][E][WiFiUdp.cpp:221] parsePacket(): could not receive data: 9
[ 83829][E][WiFiUdp.cpp:221] parsePacket(): could not receive data: 9
[ 83835][E][WiFiUdp.cpp:221] parsePacket(): could not receive data: 9
[ 83841][E][WiFiUdp.cpp:221] parsePacket(): could not receive data: 9
[ 83847][E][WiFiUdp.cpp:221] parsePacket(): could not receive data: 9
[ 83853][E][WiFiUdp.cpp:221] parsePacket(): could not receive data: 9
[ 83859][E][WiFiUdp.cpp:221] parsePacket(): could not receive data: 9
[ 83865][E][WiFiUdp.cpp:221] parsePacket(): could not receive data: 9
[ 83871][E][WiFiUdp.cpp:221] parsePacket(): could not receive data: 9
[ 83877][E][WiFiUdp.cpp:221] parsePacket(): could not receive data: 9
[ 83883][E][WiFiUdp.cpp:221] parsePacket(): could not receive data: 9
[ 83889][E][WiFiUdp.cpp:221] parsePacket(): could not receive data: 9
[ 83895][E][WiFiUdp.cpp:221] parsePacket(): could not receive data: 9
[ 83901][E][WiFiUdp.cpp:221] parsePacket(): could not receive data: 9
[ 83907][E][WiFiUdp.cpp:221] parsePacket(): could not receive data: 9
[ 83912][E][WiFiUdp.cpp:221] parsePacket(): could not receive data: 9
[ 83917][E][WiFiUdp.cpp:221] parsePacket(): could not receive data: 9
[ 83923][E][WiFiUdp.cpp:221] parsePacket(): could not receive data: 9
[ 83929][E][WiFiUdp.cpp:221] parsePacket(): could not receive data: 9
[ 83935][E][WiFiUdp.cpp:221] parsePacket(): could not receive data: 9
[ 83941][E][WiFiUdp.cpp:221] parsePacket(): could not receive data: 9
[ 83947][E][WiFiUdp.cpp:221] parsePacket(): could not receive data: 9
[ 83953][E][WiFiUdp.cpp:221] parsePacket(): could not receive data: 9
[ 83959][E][WiFiUdp.cpp:221] parsePacket(): could not receive data: 9
[ 83965][E][WiFiUdp.cpp:221] parsePacket(): could not receive data: 9
[ 83971][E][WiFiUdp.cpp:221] parsePacket(): could not receive data: 9
[ 83977][E][WiFiUdp.cpp:221] parsePacket(): could not receive data: 9
[ 83982][E][WiFiUdp.cpp:221] parsePacket(): could not receive data: 9
[ 83987][E][WiFiUdp.cpp:221] parsePacket(): could not receive data: 9
[ 83993][E][WiFiUdp.cpp:221] parsePacket(): could not receive data: 9
[ 83999][E][WiFiUdp.cpp:221] parsePacket(): could not receive data: 9
[ 84005][E][WiFiUdp.cpp:221] parsePacket(): could not receive data: 9
[ 84010][E][WiFiUdp.cpp:221] parsePacket(): could not receive data: 9
[ 84016][E][WiFiUdp.cpp:221] parsePacket(): could not receive data: 9
[ 84022][E][WiFiUdp.cpp:221] parsePacket(): could not receive data: 9
[ 84028][E][WiFiUdp.cpp:221] parsePacket(): could not receive data: 9
[ 84034][E][WiFiUdp.cpp:221] parsePacket(): could not receive data: 9
[ 84040][E][WiFiUdp.cpp:221] parsePacket(): could not receive data: 9
[ 84046][E][WiFiUdp.cpp:221] parsePacket(): could not receive data: 9
[ 84052][E][WiFiUdp.cpp:221] parsePacket(): could not receive data: 9
[ 84058][E][WiFiUdp.cpp:221] parsePacket(): could not receive data: 9
[ 84064][E][WiFiUdp.cpp:221] parsePacket(): could not receive data: 9
[ 84070][E][WiFiUdp.cpp:221] parsePacket(): could not receive data: 9
[ 84076][E][WiFiUdp.cpp:221] parsePacket(): could not receive data: 9
[ 84082][E][WiFiUdp.cpp:221] parsePacket(): could not receive data: 9
[ 84088][E][WiFiUdp.cpp:221] parsePacket(): could not receive data: 9
[ 84094][E][WiFiUdp.cpp:221] parsePacket(): could not receive data: 9
[ 84100][E][WiFiUdp.cpp:221] parsePacket(): could not receive data: 9
[ 84106][E][WiFiUdp.cpp:221] parsePacket(): could not receive data: 9
[ 84112][E][WiFiUdp.cpp:221] parsePacket(): could not receive data: 9
[ 84118][E][WiFiUdp.cpp:221] parsePacket(): could not receive data: 9
[ 84124][E][WiFiUdp.cpp:221] parsePacket(): could not receive data: 9
[ 84130][E][WiFiUdp.cpp:221] parsePacket(): could not receive data: 9
[ 84136][E][WiFiUdp.cpp:221] parsePacket(): could not receive data: 9
[ 84142][E][WiFiUdp.cpp:221] parsePacket(): could not receive data: 9
[ 84148][E][WiFiUdp.cpp:221] parsePacket(): could not receive data: 9
[ 84154][E][WiFiUdp.cpp:221] parsePacket(): could not receive data: 9
[ 84160][E][WiFiUdp.cpp:221] parsePacket(): could not receive data: 9
[ 84166][E][WiFiUdp.cpp:221] parsePacket(): could not receive data: 9
[ 84172][E][WiFiUdp.cpp:221] parsePacket(): could not receive data: 9
[ 84178][E][WiFiUdp.cpp:221] parsePacket(): could not receive data: 9
[ 84184][E][WiFiUdp.cpp:221] parsePacket(): could not receive data: 9
[ 84190][E][WiFiUdp.cpp:221] parsePacket(): could not receive data: 9
[ 84196][E][WiFiUdp.cpp:221] parsePacket(): could not receive data: 9
[ 84202][E][WiFiUdp.cpp:221] parsePacket(): could not receive data: 9
[ 84208][E][WiFiUdp.cpp:221] parsePacket(): could not receive data: 9
[ 84214][E][WiFiUdp.cpp:221] parsePacket(): could not receive data: 9
[ 84220][E][WiFiUdp.cpp:221] parsePacket(): could not receive data: 9
[ 84226][E][WiFiUdp.cpp:221] parsePacket(): could not receive data: 9
[ 84232][E][WiFiUdp.cpp:221] parsePacket(): could not receive data: 9
[ 84238][E][WiFiUdp.cpp:221] parsePacket(): could not receive data: 9
[ 84244][E][WiFiUdp.cpp:221] parsePacket(): could not receive data: 9
[ 84250][E][WiFiUdp.cpp:221] parsePacket(): could not receive data: 9
[ 84256][E][WiFiUdp.cpp:221] parsePacket(): could not receive data: 9
[ 84262][E][WiFiUdp.cpp:221] parsePacket(): could not receive data: 9
[ 84268][E][WiFiUdp.cpp:221] parsePacket(): could not receive data: 9
[ 84274][E][WiFiUdp.cpp:221] parsePacket(): could not receive data: 9
[ 84280][E][WiFiUdp.cpp:221] parsePacket(): could not receive data: 9
[ 84286][E][WiFiUdp.cpp:221] parsePacket(): could not receive data: 9
[ 84292][E][WiFiUdp.cpp:221] parsePacket(): could not receive data: 9
[ 84298][E][WiFiUdp.cpp:221] parsePacket(): could not receive data: 9
[ 84304][E][WiFiUdp.cpp:221] parsePacket(): could not receive data: 9
[ 84310][E][WiFiUdp.cpp:221] parsePacket(): could not receive data: 9
[ 84316][E][WiFiUdp.cpp:221] parsePacket(): could not receive data: 9
[ 84322][E][WiFiUdp.cpp:221] parsePacket(): could not receive data: 9
[ 84328][E][WiFiUdp.cpp:221] parsePacket(): could not receive data: 9
[ 84334][E][WiFiUdp.cpp:221] parsePacket(): could not receive data: 9
[ 84340][E][WiFiUdp.cpp:221] parsePacket(): could not receive data: 9
[ 84346][E][WiFiUdp.cpp:221] parsePacket(): could not receive data: 9
[ 84352][E][WiFiUdp.cpp:221] parsePacket(): could not receive data: 9
[ 84358][E][WiFiUdp.cpp:221] parsePacket(): could not receive data: 9
[ 84364][E][WiFiUdp.cpp:221] parsePacket(): could not receive data: 9
[ 84370][E][WiFiUdp.cpp:221] parsePacket(): could not receive data: 9
[ 84376][E][WiFiUdp.cpp:221] parsePacket(): could not receive data: 9
[ 84382][E][WiFiUdp.cpp:221] parsePacket(): could not receive data: 9
[ 84388][E][WiFiUdp.cpp:221] parsePacket(): could not receive data: 9
[ 84394][E][WiFiUdp.cpp:221] parsePacket(): could not receive data: 9
[ 84400][E][WiFiUdp.cpp:221] parsePacket(): could not receive data: 9
[ 84406][E][WiFiUdp.cpp:221] parsePacket(): could not receive data: 9
[ 84411][E][WiFiUdp.cpp:221] parsePacket(): could not receive data: 9
[ 84416][E][WiFiUdp.cpp:221] parsePacket(): could not receive data: 9
[ 84422][E][WiFiUdp.cpp:221] parsePacket(): could not receive data: 9
[ 84428][E][WiFiUdp.cpp:221] parsePacket(): could not receive data: 9
[ 84434][E][WiFiUdp.cpp:221] parsePacket(): could not receive data: 9
[ 84440][E][WiFiUdp.cpp:221] parsePacket(): could not receive data: 9
[ 84446][E][WiFiUdp.cpp:221] parsePacket(): could not receive data: 9
[ 84452][E][WiFiUdp.cpp:221] parsePacket(): could not receive data: 9
[ 84458][E][WiFiUdp.cpp:221] parsePacket(): could not receive data: 9
[ 84464][E][WiFiUdp.cpp:221] parsePacket(): could not receive data: 9
[ 84470][E][WiFiUdp.cpp:221] parsePacket(): could not receive data: 9
[ 84476][E][WiFiUdp.cpp:221] parsePacket(): could not receive data: 9
[ 84482][E][WiFiUdp.cpp:221] parsePacket(): could not receive data: 9
[ 84488][E][WiFiUdp.cpp:221] parsePacket(): could not receive data: 9
[ 84494][E][WiFiUdp.cpp:221] parsePacket(): could not receive data: 9
[ 84500][E][WiFiUdp.cpp:221] parsePacket(): could not receive data: 9
[ 84506][E][WiFiUdp.cpp:221] parsePacket(): could not receive data: 9
[ 84512][E][WiFiUdp.cpp:221] parsePacket(): could not receive data: 9
[ 84518][E][WiFiUdp.cpp:221] parsePacket(): could not receive data: 9
[ 84524][E][WiFiUdp.cpp:221] parsePacket(): could not receive data: 9
[ 84530][E][WiFiUdp.cpp:221] parsePacket(): could not receive data: 9
[ 84536][E][WiFiUdp.cpp:221] parsePacket(): could not receive data: 9
[ 84542][E][WiFiUdp.cpp:221] parsePacket(): could not receive data: 9
[ 84548][E][WiFiUdp.cpp:221] parsePacket(): could not receive data: 9
[ 84554][E][WiFiUdp.cpp:221] parsePacket(): could not receive data: 9
[ 84560][E][WiFiUdp.cpp:221] parsePacket(): could not receive data: 9
[ 84566][E][WiFiUdp.cpp:221] parsePacket(): could not receive data: 9
[ 84572][E][WiFiUdp.cpp:221] parsePacket(): could not receive data: 9
[ 84578][E][WiFiUdp.cpp:221] parsePacket(): could not receive data: 9
[ 84584][E][WiFiUdp.cpp:221] parsePacket(): could not receive data: 9
[ 84590][E][WiFiUdp.cpp:221] parsePacket(): could not receive data: 9
[ 84596][E][WiFiUdp.cpp:221] parsePacket(): could not receive data: 9
[ 84602][E][WiFiUdp.cpp:221] parsePacket(): could not receive data: 9
[ 84608][E][WiFiUdp.cpp:221] parsePacket(): could not receive data: 9
[ 84614][E][WiFiUdp.cpp:221] parsePacket(): could not receive data: 9
[ 84620][E][WiFiUdp.cpp:221] parsePacket(): could not receive data: 9
[ 84626][E][WiFiUdp.cpp:221] parsePacket(): could not receive data: 9
[ 84632][E][WiFiUdp.cpp:221] parsePacket(): could not receive data: 9
[ 84638][E][WiFiUdp.cpp:221] parsePacket(): could not receive data: 9
[ 84644][E][WiFiUdp.cpp:221] parsePacket(): could not receive data: 9
[ 84650][E][WiFiUdp.cpp:221] parsePacket(): could not receive data: 9
[ 84656][E][WiFiUdp.cpp:221] parsePacket(): could not receive data: 9
[ 84662][E][WiFiUdp.cpp:221] parsePacket(): could not receive data: 9
[ 84668][E][WiFiUdp.cpp:221] parsePacket(): could not receive data: 9
[ 84674][E][WiFiUdp.cpp:221] parsePacket(): could not receive data: 9
[ 84680][E][WiFiUdp.cpp:221] parsePacket(): could not receive data: 9
[ 84686][E][WiFiUdp.cpp:221] parsePacket(): could not receive data: 9
[ 84692][E][WiFiUdp.cpp:221] parsePacket(): could not receive data: 9
[ 84698][E][WiFiUdp.cpp:221] parsePacket(): could not receive data: 9
[ 84704][E][WiFiUdp.cpp:221] parsePacket(): could not receive data: 9
[ 84710][E][WiFiUdp.cpp:221] parsePacket(): could not receive data: 9
[ 84716][E][WiFiUdp.cpp:221] parsePacket(): could not receive data: 9
[ 84722][E][WiFiUdp.cpp:221] parsePacket(): could not receive data: 9
[ 84728][E][WiFiUdp.cpp:221] parsePacket(): could not receive data: 9
[ 84734][E][WiFiUdp.cpp:221] parsePacket(): could not receive data: 9
[ 84740][E][WiFiUdp.cpp:221] parsePacket(): could not receive data: 9
[ 84746][E][WiFiUdp.cpp:221] parsePacket(): could not receive data: 9
[ 84752][E][WiFiUdp.cpp:221] parsePacket(): could not receive data: 9
[ 84758][E][WiFiUdp.cpp:221] parsePacket(): could not receive data: 9
[ 84764][E][WiFiUdp.cpp:221] parsePacket(): could not receive data: 9
[ 84770][E][WiFiUdp.cpp:221] parsePacket(): could not receive data: 9
[ 84776][E][WiFiUdp.cpp:221] parsePacket(): could not receive data: 9
[ 84782][E][WiFiUdp.cpp:221] parsePacket(): could not receive data: 9
[ 84788][E][WiFiUdp.cpp:221] parsePacket(): could not receive data: 9
[ 84794][E][WiFiUdp.cpp:221] parsePacket(): could not receive data: 9
[ 84800][E][WiFiUdp.cpp:221] parsePacket(): could not receive data: 9
[ 84806][E][WiFiUdp.cpp:221] parsePacket(): could not receive data: 9
[ 84812][E][WiFiUdp.cpp:221] parsePacket(): could not receive data: 9
[ 84818][E][WiFiUdp.cpp:221] parsePacket(): could not receive data: 9
[ 84824][E][WiFiUdp.cpp:221] parsePacket(): could not receive data: 9
[ 84830][E][WiFiUdp.cpp:221] parsePacket(): could not receive data: 9
[ 84836][E][WiFiUdp.cpp:221] parsePacket(): could not receive data: 9
[ 84842][E][WiFiUdp.cpp:221] parsePacket(): could not receive data: 9
[ 84848][E][WiFiUdp.cpp:221] parsePacket(): could not receive data: 9
[ 84854][E][WiFiUdp.cpp:221] parsePacket(): could not receive data: 9
[ 84860][E][WiFiUdp.cpp:221] parsePacket(): could not receive data: 9
[ 84866][E][WiFiUdp.cpp:221] parsePacket(): could not receive data: 9
[ 84872][E][WiFiUdp.cpp:221] parsePacket(): could not receive data: 9
[ 84878][E][WiFiUdp.cpp:221] parsePacket(): could not receive data: 9
[ 84884][E][WiFiUdp.cpp:221] parsePacket(): could not receive data: 9
[ 84890][E][WiFiUdp.cpp:221] parsePacket(): could not receive data: 9
[ 84896][E][WiFiUdp.cpp:221] parsePacket(): could not receive data: 9
[ 84902][E][WiFiUdp.cpp:221] parsePacket(): could not receive data: 9
[ 84908][E][WiFiUdp.cpp:221] parsePacket(): could not receive data: 9
[ 84914][E][WiFiUdp.cpp:221] parsePacket(): could not receive data: 9
[ 84920][E][WiFiUdp.cpp:221] parsePacket(): could not receive data: 9
[ 84926][E][WiFiUdp.cpp:221] parsePacket(): could not receive data: 9
[ 84932][E][WiFiUdp.cpp:221] parsePacket(): could not receive data: 9
[ 84938][E][WiFiUdp.cpp:221] parsePacket(): could not receive data: 9
[ 84944][E][WiFiUdp.cpp:221] parsePacket(): could not receive data: 9
[ 84950][E][WiFiUdp.cpp:221] parsePacket(): could not receive data: 9
[ 84956][E][WiFiUdp.cpp:221] parsePacket(): could not receive data: 9
[ 84962][E][WiFiUdp.cpp:221] parsePacket(): could not receive data: 9
[ 84968][E][WiFiUdp.cpp:221] parsePacket(): could not receive data: 9
[ 84974][E][WiFiUdp.cpp:221] parsePacket(): could not receive data: 9
[ 84980][E][WiFiUdp.cpp:221] parsePacket(): could not receive data: 9
[ 84986][E][WiFiUdp.cpp:221] parsePacket(): could not receive data: 9
[ 84992][E][WiFiUdp.cpp:221] parsePacket(): could not receive data: 9
[ 84998][E][WiFiUdp.cpp:221] parsePacket(): could not receive data: 9
[ 85004][E][WiFiUdp.cpp:221] parsePacket(): could not receive data: 9
[ 85010][E][WiFiUdp.cpp:221] parsePacket(): could not receive data: 9
[ 85016][E][WiFiUdp.cpp:221] parsePacket(): could not receive data: 9
[ 85022][E][WiFiUdp.cpp:221] parsePacket(): could not receive data: 9
[ 85028][E][WiFiUdp.cpp:221] parsePacket(): could not receive data: 9
[ 85034][E][WiFiUdp.cpp:221] parsePacket(): could not receive data: 9
[ 85040][E][WiFiUdp.cpp:221] parsePacket(): could not receive data: 9
[ 85046][E][WiFiUdp.cpp:221] parsePacket(): could not receive data: 9
[ 85052][E][WiFiUdp.cpp:221] parsePacket(): could not receive data: 9
[ 85058][E][WiFiUdp.cpp:221] parsePacket(): could not receive data: 9
[ 85064][E][WiFiUdp.cpp:221] parsePacket(): could not receive data: 9
[ 85070][E][WiFiUdp.cpp:221] parsePacket(): could not receive data: 9
[ 85076][E][WiFiUdp.cpp:221] parsePacket(): could not receive data: 9
[ 85082][E][WiFiUdp.cpp:221] parsePacket(): could not receive data: 9
[ 85088][E][WiFiUdp.cpp:221] parsePacket(): could not receive data: 9
[ 85094][E][WiFiUdp.cpp:221] parsePacket(): could not receive data: 9
[ 85100][E][WiFiUdp.cpp:221] parsePacket(): could not receive data: 9
[ 85106][E][WiFiUdp.cpp:221] parsePacket(): could not receive data: 9
[ 85112][E][WiFiUdp.cpp:221] parsePacket(): could not receive data: 9
[ 85118][E][WiFiUdp.cpp:221] parsePacket(): could not receive data: 9
[ 85124][E][WiFiUdp.cpp:221] parsePacket(): could not receive data: 9
[ 85130][E][WiFiUdp.cpp:221] parsePacket(): could not receive data: 9
[ 85135][E][WiFiUdp.cpp:221] parsePacket(): could not receive data: 9
[ 85141][E][WiFiUdp.cpp:221] parsePacket(): could not receive data: 9
[ 85147][E][WiFiUdp.cpp:221] parsePacket(): could not receive data: 9
[ 85153][E][WiFiUdp.cpp:221] parsePacket(): could not receive data: 9
[ 85159][E][WiFiUdp.cpp:221] parsePacket(): could not receive data: 9
[ 85165][E][WiFiUdp.cpp:221] parsePacket(): could not receive data: 9
[ 85171][E][WiFiUdp.cpp:221] parsePacket(): could not receive data: 9
[ 85177][E][WiFiUdp.cpp:221] parsePacket(): could not receive data: 9
[ 85183][E][WiFiUdp.cpp:221] parsePacket(): could not receive data: 9
[ 85189][E][WiFiUdp.cpp:221] parsePacket(): could not receive data: 9
[ 85195][E][WiFiUdp.cpp:221] parsePacket(): could not receive data: 9
[ 85201][E][WiFiUdp.cpp:221] parsePacket(): could not receive data: 9
[ 85207][E][WiFiUdp.cpp:221] parsePacket(): could not receive data: 9
[ 85213][E][WiFiUdp.cpp:221] parsePacket(): could not receive data: 9
[ 85219][E][WiFiUdp.cpp:221] parsePacket(): could not receive data: 9
[ 85225][E][WiFiUdp.cpp:221] parsePacket(): could not receive data: 9
[ 85231][E][WiFiUdp.cpp:221] parsePacket(): could not receive data: 9
[ 85237][E][WiFiUdp.cpp:221] parsePacket(): could not receive data: 9
[ 85243][E][WiFiUdp.cpp:221] parsePacket(): could not receive data: 9
[ 85249][E][WiFiUdp.cpp:221] parsePacket(): could not receive data: 9
[ 85255][E][WiFiUdp.cpp:221] parsePacket(): could not receive data: 9
[ 85261][E][WiFiUdp.cpp:221] parsePacket(): could not receive data: 9
[ 85267][E][WiFiUdp.cpp:221] parsePacket(): could not receive data: 9
[ 85273][E][WiFiUdp.cpp:221] parsePacket(): could not receive data: 9
[ 85279][E][WiFiUdp.cpp:221] parsePacket(): could not receive data: 9
[ 85285][E][WiFiUdp.cpp:221] parsePacket(): could not receive data: 9
[ 85291][E][WiFiUdp.cpp:221] parsePacket(): could not receive data: 9
[ 85297][E][WiFiUdp.cpp:221] parsePacket(): could not receive data: 9
[ 85303][E][WiFiUdp.cpp:221] parsePacket(): could not receive data: 9
[ 85309][E][WiFiUdp.cpp:221] parsePacket(): could not receive data: 9
[ 85315][E][WiFiUdp.cpp:221] parsePacket(): could not receive data: 9
[ 85321][E][WiFiUdp.cpp:221] parsePacket(): could not receive data: 9
[ 85327][E][WiFiUdp.cpp:221] parsePacket(): could not receive data: 9
[ 85333][E][WiFiUdp.cpp:221] parsePacket(): could not receive data: 9
[ 85339][E][WiFiUdp.cpp:221] parsePacket(): could not receive data: 9
[ 85345][E][WiFiUdp.cpp:221] parsePacket(): could not receive data: 9
[ 85351][E][WiFiUdp.cpp:221] parsePacket(): could not receive data: 9
[ 85357][E][WiFiUdp.cpp:221] parsePacket(): could not receive data: 9
[ 85363][E][WiFiUdp.cpp:221] parsePacket(): could not receive data: 9
[ 85369][E][WiFiUdp.cpp:221] parsePacket(): could not receive data: 9
[ 85375][E][WiFiUdp.cpp:221] parsePacket(): could not receive data: 9
[ 85381][E][WiFiUdp.cpp:221] parsePacket(): could not receive data: 9
[ 85387][E][WiFiUdp.cpp:221] parsePacket(): could not receive data: 9
[ 85393][E][WiFiUdp.cpp:221] parsePacket(): could not receive data: 9
[ 85399][E][WiFiUdp.cpp:221] parsePacket(): could not receive data: 9
[ 85405][E][WiFiUdp.cpp:221] parsePacket(): could not receive data: 9
[ 85411][E][WiFiUdp.cpp:221] parsePacket(): could not receive data: 9
[ 85417][E][WiFiUdp.cpp:221] parsePacket(): could not receive data: 9
[ 85423][E][WiFiUdp.cpp:221] parsePacket(): could not receive data: 9
[ 85429][E][WiFiUdp.cpp:221] parsePacket(): could not receive data: 9
[ 85435][E][WiFiUdp.cpp:221] parsePacket(): could not receive data: 9
[ 85441][E][WiFiUdp.cpp:221] parsePacket(): could not receive data: 9
[ 85447][E][WiFiUdp.cpp:221] parsePacket(): could not receive data: 9
[ 85453][E][WiFiUdp.cpp:221] parsePacket(): could not receive data: 9
[ 85459][E][WiFiUdp.cpp:221] parsePacket(): could not receive data: 9
[ 85465][E][WiFiUdp.cpp:221] parsePacket(): could not receive data: 9
[ 85471][E][WiFiUdp.cpp:221] parsePacket(): could not receive data: 9
[ 85477][E][WiFiUdp.cpp:221] parsePacket(): could not receive data: 9
[ 85482][E][WiFiUdp.cpp:221] parsePacket(): could not receive data: 9
[ 85488][E][WiFiUdp.cpp:221] parsePacket(): could not receive data: 9
[ 85494][E][WiFiUdp.cpp:221] parsePacket(): could not receive data: 9
[ 85500][E][WiFiUdp.cpp:221] parsePacket(): could not receive data: 9
[ 85506][E][WiFiUdp.cpp:221] parsePacket(): could not receive data: 9
[ 85512][E][WiFiUdp.cpp:221] parsePacket(): could not receive data: 9
[ 85517][E][WiFiUdp.cpp:221] parsePacket(): could not receive data: 9
[ 85522][E][WiFiUdp.cpp:221] parsePacket(): could not receive data: 9
[ 85528][E][WiFiUdp.cpp:221] parsePacket(): could not receive data: 9
[ 85534][E][WiFiUdp.cpp:221] parsePacket(): could not receive data: 9
[ 85540][E][WiFiUdp.cpp:221] parsePacket(): could not receive data: 9
[ 85546][E][WiFiUdp.cpp:221] parsePacket(): could not receive data: 9
[ 85552][E][WiFiUdp.cpp:221] parsePacket(): could not receive data: 9
[ 85558][E][WiFiUdp.cpp:221] parsePacket(): could not receive data: 9
[ 85564][E][WiFiUdp.cpp:221] parsePacket(): could not receive data: 9
[ 85570][E][WiFiUdp.cpp:221] parsePacket(): could not receive data: 9
[ 85576][E][WiFiUdp.cpp:221] parsePacket(): could not receive data: 9
[ 85582][E][WiFiUdp.cpp:221] parsePacket(): could not receive data: 9
[ 85588][E][WiFiUdp.cpp:221] parsePacket(): could not receive data: 9
[ 85594][E][WiFiUdp.cpp:221] parsePacket(): could not receive data: 9
[ 85600][E][WiFiUdp.cpp:221] parsePacket(): could not receive data: 9
[ 85606][E][WiFiUdp.cpp:221] parsePacket(): could not receive data: 9
[ 85612][E][WiFiUdp.cpp:221] parsePacket(): could not receive data: 9
[ 85618][E][WiFiUdp.cpp:221] parsePacket(): could not receive data: 9
[ 85624][E][WiFiUdp.cpp:221] parsePacket(): could not receive data: 9
[ 85630][E][WiFiUdp.cpp:221] parsePacket(): could not receive data: 9
[ 85636][E][WiFiUdp.cpp:221] parsePacket(): could not receive data: 9
[ 85642][E][WiFiUdp.cpp:221] parsePacket(): could not receive data: 9
[ 85648][E][WiFiUdp.cpp:221] parsePacket(): could not receive data: 9
[ 85654][E][WiFiUdp.cpp:221] parsePacket(): could not receive data: 9
[ 85660][E][WiFiUdp.cpp:221] parsePacket(): could not receive data: 9
[ 85666][E][WiFiUdp.cpp:221] parsePacket(): could not receive data: 9
[ 85672][E][WiFiUdp.cpp:221] parsePacket(): could not receive data: 9
[ 85678][E][WiFiUdp.cpp:221] parsePacket(): could not receive data: 9
[ 85684][E][WiFiUdp.cpp:221] parsePacket(): could not receive data: 9
[ 85690][E][WiFiUdp.cpp:221] parsePacket(): could not receive data: 9
[ 85696][E][WiFiUdp.cpp:221] parsePacket(): could not receive data: 9
[ 85702][E][WiFiUdp.cpp:221] parsePacket(): could not receive data: 9
[ 85708][E][WiFiUdp.cpp:221] parsePacket(): could not receive data: 9
[ 85714][E][WiFiUdp.cpp:221] parsePacket(): could not receive data: 9
[ 85720][E][WiFiUdp.cpp:221] parsePacket(): could not receive data: 9
[ 85726][E][WiFiUdp.cpp:221] parsePacket(): could not receive data: 9
[ 85732][E][WiFiUdp.cpp:221] parsePacket(): could not receive data: 9
[ 85738][E][WiFiUdp.cpp:221] parsePacket(): could not receive data: 9
[ 85744][E][WiFiUdp.cpp:221] parsePacket(): could not receive data: 9
[ 85750][E][WiFiUdp.cpp:221] parsePacket(): could not receive data: 9
[ 85756][E][WiFiUdp.cpp:221] parsePacket(): could not receive data: 9
[ 85762][E][WiFiUdp.cpp:221] parsePacket(): could not receive data: 9
[ 85767][E][WiFiUdp.cpp:221] parsePacket(): could not receive data: 9
[ 85772][E][WiFiUdp.cpp:221] parsePacket(): could not receive data: 9
[ 85778][E][WiFiUdp.cpp:221] parsePacket(): could not receive data: 9
[ 85784][E][WiFiUdp.cpp:221] parsePacket(): could not receive data: 9
[ 85790][E][WiFiUdp.cpp:221] parsePacket(): could not receive data: 9
[ 85796][E][WiFiUdp.cpp:221] parsePacket(): could not receive data: 9
[ 85802][E][WiFiUdp.cpp:221] parsePacket(): could not receive data: 9
[ 85808][E][WiFiUdp.cpp:221] parsePacket(): could not receive data: 9
[ 85814][E][WiFiUdp.cpp:221] parsePacket(): could not receive data: 9
[ 85820][E][WiFiUdp.cpp:221] parsePacket(): could not receive data: 9
[ 85826][E][WiFiUdp.cpp:221] parsePacket(): could not receive data: 9
[ 85832][E][WiFiUdp.cpp:221] parsePacket(): could not receive data: 9
[ 85838][E][WiFiUdp.cpp:221] parsePacket(): could not receive data: 9
[ 85844][E][WiFiUdp.cpp:221] parsePacket(): could not receive data: 9
[ 85850][E][WiFiUdp.cpp:221] parsePacket(): could not receive data: 9
[ 85856][E][WiFiUdp.cpp:221] parsePacket(): could not receive data: 9
[ 85862][E][WiFiUdp.cpp:221] parsePacket(): could not receive data: 9
[ 85868][E][WiFiUdp.cpp:221] parsePacket(): could not receive data: 9
[ 85874][E][WiFiUdp.cpp:221] parsePacket(): could not receive data: 9
[ 85880][E][WiFiUdp.cpp:221] parsePacket(): could not receive data: 9
[ 85886][E][WiFiUdp.cpp:221] parsePacket(): could not receive data: 9
[ 85892][E][WiFiUdp.cpp:221] parsePacket(): could not receive data: 9
[ 85898][E][WiFiUdp.cpp:221] parsePacket(): could not receive data: 9
[ 85904][E][WiFiUdp.cpp:221] parsePacket(): could not receive data: 9
[ 85910][E][WiFiUdp.cpp:221] parsePacket(): could not receive data: 9
[ 85916][E][WiFiUdp.cpp:221] parsePacket(): could not receive data: 9
[ 85922][E][WiFiUdp.cpp:221] parsePacket(): could not receive data: 9
[ 85928][E][WiFiUdp.cpp:221] parsePacket(): could not receive data: 9
[ 85934][E][WiFiUdp.cpp:221] parsePacket(): could not receive data: 9
[ 85940][E][WiFiUdp.cpp:221] parsePacket(): could not receive data: 9
[ 85946][E][WiFiUdp.cpp:221] parsePacket(): could not receive data: 9
[ 85952][E][WiFiUdp.cpp:221] parsePacket(): could not receive data: 9
[ 85958][E][WiFiUdp.cpp:221] parsePacket(): could not receive data: 9
[ 85964][E][WiFiUdp.cpp:221] parsePacket(): could not receive data: 9
[ 85970][E][WiFiUdp.cpp:221] parsePacket(): could not receive data: 9
[ 85976][E][WiFiUdp.cpp:221] parsePacket(): could not receive data: 9
[ 85982][E][WiFiUdp.cpp:221] parsePacket(): could not receive data: 9
[ 85988][E][WiFiUdp.cpp:221] parsePacket(): could not receive data: 9
[ 85993][E][WiFiUdp.cpp:221] parsePacket(): could not receive data: 9
[ 85999][E][WiFiUdp.cpp:221] parsePacket(): could not receive data: 9
[ 86005][E][WiFiUdp.cpp:221] parsePacket(): could not receive data: 9
[ 86011][E][WiFiUdp.cpp:221] parsePacket(): could not receive data: 9
[ 86017][E][WiFiUdp.cpp:221] parsePacket(): could not receive data: 9
[ 86023][E][WiFiUdp.cpp:221] parsePacket(): could not receive data: 9
[ 86029][E][WiFiUdp.cpp:221] parsePacket(): could not receive data: 9
[ 86035][E][WiFiUdp.cpp:221] parsePacket(): could not receive data: 9
[ 86041][E][WiFiUdp.cpp:221] parsePacket(): could not receive data: 9
[ 86047][E][WiFiUdp.cpp:221] parsePacket(): could not receive data: 9
[ 86053][E][WiFiUdp.cpp:221] parsePacket(): could not receive data: 9
[ 86059][E][WiFiUdp.cpp:221] parsePacket(): could not receive data: 9
[ 86065][E][WiFiUdp.cpp:221] parsePacket(): could not receive data: 9
[ 86071][E][WiFiUdp.cpp:221] parsePacket(): could not receive data: 9
[ 86077][E][WiFiUdp.cpp:221] parsePacket(): could not receive data: 9
[ 86083][E][WiFiUdp.cpp:221] parsePacket(): could not receive data: 9
[ 86089][E][WiFiUdp.cpp:221] parsePacket(): could not receive data: 9
[ 86095][E][WiFiUdp.cpp:221] parsePacket(): could not receive data: 9
[ 86101][E][WiFiUdp.cpp:221] parsePacket(): could not receive data: 9
[ 86107][E][WiFiUdp.cpp:221] parsePacket(): could not receive data: 9
[ 86113][E][WiFiUdp.cpp:221] parsePacket(): could not receive data: 9
[ 86118][E][WiFiUdp.cpp:221] parsePacket(): could not receive data: 9
[ 86123][E][WiFiUdp.cpp:221] parsePacket(): could not receive data: 9
[ 86129][E][WiFiUdp.cpp:221] parsePacket(): could not receive data: 9
[ 86135][E][WiFiUdp.cpp:221] parsePacket(): could not receive data: 9
[ 86141][E][WiFiUdp.cpp:221] parsePacket(): could not receive data: 9
[ 86147][E][WiFiUdp.cpp:221] parsePacket(): could not receive data: 9
[ 86153][E][WiFiUdp.cpp:221] parsePacket(): could not receive data: 9
[ 86159][E][WiFiUdp.cpp:221] parsePacket(): could not receive data: 9
[ 86165][E][WiFiUdp.cpp:221] parsePacket(): could not receive data: 9
[ 86171][E][WiFiUdp.cpp:221] parsePacket(): could not receive data: 9
[ 86177][E][WiFiUdp.cpp:221] parsePacket(): could not receive data: 9
[ 86183][E][WiFiUdp.cpp:221] parsePacket(): could not receive data: 9
[ 86189][E][WiFiUdp.cpp:221] parsePacket(): could not receive data: 9
[ 86195][E][WiFiUdp.cpp:221] parsePacket(): could not receive data: 9
[ 86201][E][WiFiUdp.cpp:221] parsePacket(): could not receive data: 9
[ 86207][E][WiFiUdp.cpp:221] parsePacket(): could not receive data: 9
[ 86213][E][WiFiUdp.cpp:221] parsePacket(): could not receive data: 9
[ 86219][E][WiFiUdp.cpp:221] parsePacket(): could not receive data: 9
[ 86225][E][WiFiUdp.cpp:221] parsePacket(): could not receive data: 9
[ 86231][E][WiFiUdp.cpp:221] parsePacket(): could not receive data: 9
[ 86237][E][WiFiUdp.cpp:221] parsePacket(): could not receive data: 9
[ 86243][E][WiFiUdp.cpp:221] parsePacket(): could not receive data: 9
[ 86249][E][WiFiUdp.cpp:221] parsePacket(): could not receive data: 9
[ 86255][E][WiFiUdp.cpp:221] parsePacket(): could not receive data: 9
[ 86261][E][WiFiUdp.cpp:221] parsePacket(): could not receive data: 9
[ 86267][E][WiFiUdp.cpp:221] parsePacket(): could not receive data: 9
[ 86273][E][WiFiUdp.cpp:221] parsePacket(): could not receive data: 9
[ 86279][E][WiFiUdp.cpp:221] parsePacket(): could not receive data: 9
[ 86285][E][WiFiUdp.cpp:221] parsePacket(): could not receive data: 9
[ 86291][E][WiFiUdp.cpp:221] parsePacket(): could not receive data: 9
[ 86297][E][WiFiUdp.cpp:221] parsePacket(): could not receive data: 9
[ 86303][E][WiFiUdp.cpp:221] parsePacket(): could not receive data: 9
[ 86309][E][WiFiUdp.cpp:221] parsePacket(): could not receive data: 9
[ 86315][E][WiFiUdp.cpp:221] parsePacket(): could not receive data: 9
[ 86321][E][WiFiUdp.cpp:221] parsePacket(): could not receive data: 9
[ 86327][E][WiFiUdp.cpp:221] parsePacket(): could not receive data: 9
[ 86333][E][WiFiUdp.cpp:221] parsePacket(): could not receive data: 9
[ 86339][E][WiFiUdp.cpp:221] parsePacket(): could not receive data: 9
[ 86345][E][WiFiUdp.cpp:221] parsePacket(): could not receive data: 9
[ 86351][E][WiFiUdp.cpp:221] parsePacket(): could not receive data: 9
[ 86357][E][WiFiUdp.cpp:221] parsePacket(): could not receive data: 9
[ 86363][E][WiFiUdp.cpp:221] parsePacket(): could not receive data: 9
[ 86369][E][WiFiUdp.cpp:221] parsePacket(): could not receive data: 9
[ 86375][E][WiFiUdp.cpp:221] parsePacket(): could not receive data: 9
[ 86381][E][WiFiUdp.cpp:221] parsePacket(): could not receive data: 9
[ 86387][E][WiFiUdp.cpp:221] parsePacket(): could not receive data: 9
[ 86393][E][WiFiUdp.cpp:221] parsePacket(): could not receive data: 9
[ 86399][E][WiFiUdp.cpp:221] parsePacket(): could not receive data: 9
[ 86405][E][WiFiUdp.cpp:221] parsePacket(): could not receive data: 9
[ 86411][E][WiFiUdp.cpp:221] parsePacket(): could not receive data: 9
[ 86417][E][WiFiUdp.cpp:221] parsePacket(): could not receive data: 9
[ 86423][E][WiFiUdp.cpp:221] parsePacket(): could not receive data: 9
[ 86429][E][WiFiUdp.cpp:221] parsePacket(): could not receive data: 9
[ 86435][E][WiFiUdp.cpp:221] parsePacket(): could not receive data: 9
[ 86441][E][WiFiUdp.cpp:221] parsePacket(): could not receive data: 9
[ 86447][E][WiFiUdp.cpp:221] parsePacket(): could not receive data: 9
[ 86453][E][WiFiUdp.cpp:221] parsePacket(): could not receive data: 9
[ 86459][E][WiFiUdp.cpp:221] parsePacket(): could not receive data: 9
[ 86465][E][WiFiUdp.cpp:221] parsePacket(): could not receive data: 9
[ 86471][E][WiFiUdp.cpp:221] parsePacket(): could not receive data: 9
[ 86477][E][WiFiUdp.cpp:221] parsePacket(): could not receive data: 9
[ 86483][E][WiFiUdp.cpp:221] parsePacket(): could not receive data: 9
[ 86489][E][WiFiUdp.cpp:221] parsePacket(): could not receive data: 9
[ 86495][E][WiFiUdp.cpp:221] parsePacket(): could not receive data: 9
[ 86501][E][WiFiUdp.cpp:221] parsePacket(): could not receive data: 9
[ 86507][E][WiFiUdp.cpp:221] parsePacket(): could not receive data: 9
[ 86513][E][WiFiUdp.cpp:221] parsePacket(): could not receive data: 9
[ 86519][E][WiFiUdp.cpp:221] parsePacket(): could not receive data: 9
[ 86525][E][WiFiUdp.cpp:221] parsePacket(): could not receive data: 9
[ 86531][E][WiFiUdp.cpp:221] parsePacket(): could not receive data: 9
[ 86537][E][WiFiUdp.cpp:221] parsePacket(): could not receive data: 9
[ 86543][E][WiFiUdp.cpp:221] parsePacket(): could not receive data: 9
[ 86549][E][WiFiUdp.cpp:221] parsePacket(): could not receive data: 9
[ 86555][E][WiFiUdp.cpp:221] parsePacket(): could not receive data: 9
[ 86561][E][WiFiUdp.cpp:221] parsePacket(): could not receive data: 9
[ 86567][E][WiFiUdp.cpp:221] parsePacket(): could not receive data: 9
[ 86573][E][WiFiUdp.cpp:221] parsePacket(): could not receive data: 9
[ 86579][E][WiFiUdp.cpp:221] parsePacket(): could not receive data: 9
[ 86585][E][WiFiUdp.cpp:221] parsePacket(): could not receive data: 9
[ 86591][E][WiFiUdp.cpp:221] parsePacket(): could not receive data: 9
[ 86597][E][WiFiUdp.cpp:221] parsePacket(): could not receive data: 9
[ 86603][E][WiFiUdp.cpp:221] parsePacket(): could not receive data: 9
[ 86609][E][WiFiUdp.cpp:221] parsePacket(): could not receive data: 9
[ 86615][E][WiFiUdp.cpp:221] parsePacket(): could not receive data: 9
[ 86621][E][WiFiUdp.cpp:221] parsePacket(): could not receive data: 9
[ 86627][E][WiFiUdp.cpp:221] parsePacket(): could not receive data: 9
[ 86633][E][WiFiUdp.cpp:221] parsePacket(): could not receive data: 9
[ 86639][E][WiFiUdp.cpp:221] parsePacket(): could not receive data: 9
[ 86645][E][WiFiUdp.cpp:221] parsePacket(): could not receive data: 9
[ 86651][E][WiFiUdp.cpp:221] parsePacket(): could not receive data: 9
[ 86657][E][WiFiUdp.cpp:221] parsePacket(): could not receive data: 9
[ 86663][E][WiFiUdp.cpp:221] parsePacket(): could not receive data: 9
[ 86668][E][WiFiUdp.cpp:221] parsePacket(): could not receive data: 9
[ 86674][E][WiFiUdp.cpp:221] parsePacket(): could not receive data: 9
[ 86680][E][WiFiUdp.cpp:221] parsePacket(): could not receive data: 9
[ 86686][E][WiFiUdp.cpp:221] parsePacket(): could not receive data: 9
[ 86692][E][WiFiUdp.cpp:221] parsePacket(): could not receive data: 9
[ 86698][E][WiFiUdp.cpp:221] parsePacket(): could not receive data: 9
[ 86704][E][WiFiUdp.cpp:221] parsePacket(): could not receive data: 9
[ 86710][E][WiFiUdp.cpp:221] parsePacket(): could not receive data: 9
[ 86716][E][WiFiUdp.cpp:221] parsePacket(): could not receive data: 9
[ 86722][E][WiFiUdp.cpp:221] parsePacket(): could not receive data: 9
[ 86728][E][WiFiUdp.cpp:221] parsePacket(): could not receive data: 9
[ 86734][E][WiFiUdp.cpp:221] parsePacket(): could not receive data: 9
[ 86740][E][WiFiUdp.cpp:221] parsePacket(): could not receive data: 9
[ 86746][E][WiFiUdp.cpp:221] parsePacket(): could not receive data: 9
[ 86752][E][WiFiUdp.cpp:221] parsePacket(): could not receive data: 9
[ 86758][E][WiFiUdp.cpp:221] parsePacket(): could not receive data: 9
[ 86764][E][WiFiUdp.cpp:221] parsePacket(): could not receive data: 9
[ 86770][E][WiFiUdp.cpp:221] parsePacket(): could not receive data: 9
[ 86776][E][WiFiUdp.cpp:221] parsePacket(): could not receive data: 9
[ 86782][E][WiFiUdp.cpp:221] parsePacket(): could not receive data: 9
[ 86789][E][WiFiUdp.cpp:221] parsePacket(): could not receive data: 9
[ 86795][E][WiFiUdp.cpp:221] parsePacket(): could not receive data: 9
[ 86801][E][WiFiUdp.cpp:221] parsePacket(): could not receive data: 9
[ 86807][E][WiFiUdp.cpp:221] parsePacket(): could not receive data: 9
[ 86813][E][WiFiUdp.cpp:221] parsePacket(): could not receive data: 9
[ 86819][E][WiFiUdp.cpp:221] parsePacket(): could not receive data: 9
[ 86825][E][WiFiUdp.cpp:221] parsePacket(): could not receive data: 9
[ 86831][E][WiFiUdp.cpp:221] parsePacket(): could not receive data: 9
[ 86837][E][WiFiUdp.cpp:221] parsePacket(): could not receive data: 9
[ 86843][E][WiFiUdp.cpp:221] parsePacket(): could not receive data: 9
[ 86849][E][WiFiUdp.cpp:221] parsePacket(): could not receive data: 9
[ 86855][E][WiFiUdp.cpp:221] parsePacket(): could not receive data: 9
[ 86861][E][WiFiUdp.cpp:221] parsePacket(): could not receive data: 9
[ 86867][E][WiFiUdp.cpp:221] parsePacket(): could not receive data: 9
[ 86873][E][WiFiUdp.cpp:221] parsePacket(): could not receive data: 9
[ 86879][E][WiFiUdp.cpp:221] parsePacket(): could not receive data: 9
[ 86885][E][WiFiUdp.cpp:221] parsePacket(): could not receive data: 9
[ 86891][E][WiFiUdp.cpp:221] parsePacket(): could not receive data: 9
[ 86897][E][WiFiUdp.cpp:221] parsePacket(): could not receive data: 9
[ 86903][E][WiFiUdp.cpp:221] parsePacket(): could not receive data: 9
[ 86909][E][WiFiUdp.cpp:221] parsePacket(): could not receive data: 9
[ 86915][E][WiFiUdp.cpp:221] parsePacket(): could not receive data: 9
[ 86921][E][WiFiUdp.cpp:221] parsePacket(): could not receive data: 9
[ 86927][E][WiFiUdp.cpp:221] parsePacket(): could not receive data: 9
[ 86933][E][WiFiUdp.cpp:221] parsePacket(): could not receive data: 9
[ 86939][E][WiFiUdp.cpp:221] parsePacket(): could not receive data: 9
[ 86945][E][WiFiUdp.cpp:221] parsePacket(): could not receive data: 9
[ 86951][E][WiFiUdp.cpp:221] parsePacket(): could not receive data: 9
[ 86957][E][WiFiUdp.cpp:221] parsePacket(): could not receive data: 9
[ 86963][E][WiFiUdp.cpp:221] parsePacket(): could not receive data: 9
[ 86969][E][WiFiUdp.cpp:221] parsePacket(): could not receive data: 9
[ 86975][E][WiFiUdp.cpp:221] parsePacket(): could not receive data: 9
[ 86981][E][WiFiUdp.cpp:221] parsePacket(): could not receive data: 9
[ 86987][E][WiFiUdp.cpp:221] parsePacket(): could not receive data: 9
[ 86993][E][WiFiUdp.cpp:221] parsePacket(): could not receive data: 9
[ 86999][E][WiFiUdp.cpp:221] parsePacket(): could not receive data: 9
[ 87005][E][WiFiUdp.cpp:221] parsePacket(): could not receive data: 9
[ 87011][E][WiFiUdp.cpp:221] parsePacket(): could not receive data: 9
[ 87017][E][WiFiUdp.cpp:221] parsePacket(): could not receive data: 9
[ 87023][E][WiFiUdp.cpp:221] parsePacket(): could not receive data: 9
[ 87029][E][WiFiUdp.cpp:221] parsePacket(): could not receive data: 9
[ 87035][E][WiFiUdp.cpp:221] parsePacket(): could not receive data: 9
[ 87041][E][WiFiUdp.cpp:221] parsePacket(): could not receive data: 9
[ 87047][E][WiFiUdp.cpp:221] parsePacket(): could not receive data: 9
[ 87053][E][WiFiUdp.cpp:221] parsePacket(): could not receive data: 9
[ 87059][E][WiFiUdp.cpp:221] parsePacket(): could not receive data: 9
[ 87065][E][WiFiUdp.cpp:221] parsePacket(): could not receive data: 9
[ 87071][E][WiFiUdp.cpp:221] parsePacket(): could not receive data: 9
[ 87077][E][WiFiUdp.cpp:221] parsePacket(): could not receive data: 9
[ 87083][E][WiFiUdp.cpp:221] parsePacket(): could not receive data: 9
[ 87089][E][WiFiUdp.cpp:221] parsePacket(): could not receive data: 9
[ 87095][E][WiFiUdp.cpp:221] parsePacket(): could not receive data: 9
[ 87101][E][WiFiUdp.cpp:221] parsePacket(): could not receive data: 9
[ 87107][E][WiFiUdp.cpp:221] parsePacket(): could not receive data: 9
[ 87113][E][WiFiUdp.cpp:221] parsePacket(): could not receive data: 9
[ 87119][E][WiFiUdp.cpp:221] parsePacket(): could not receive data: 9
[ 87125][E][WiFiUdp.cpp:221] parsePacket(): could not receive data: 9
[ 87131][E][WiFiUdp.cpp:221] parsePacket(): could not receive data: 9
[ 87137][E][WiFiUdp.cpp:221] parsePacket(): could not receive data: 9
[ 87143][E][WiFiUdp.cpp:221] parsePacket(): could not receive data: 9
[ 87149][E][WiFiUdp.cpp:221] parsePacket(): could not receive data: 9
[ 87155][E][WiFiUdp.cpp:221] parsePacket(): could not receive data: 9
[ 87161][E][WiFiUdp.cpp:221] parsePacket(): could not receive data: 9
[ 87167][E][WiFiUdp.cpp:221] parsePacket(): could not receive data: 9
[ 87173][E][WiFiUdp.cpp:221] parsePacket(): could not receive data: 9
[ 87179][E][WiFiUdp.cpp:221] parsePacket(): could not receive data: 9
[ 87185][E][WiFiUdp.cpp:221] parsePacket(): could not receive data: 9
[ 87191][E][WiFiUdp.cpp:221] parsePacket(): could not receive data: 9
[ 87197][E][WiFiUdp.cpp:221] parsePacket(): could not receive data: 9
[ 87203][E][WiFiUdp.cpp:221] parsePacket(): could not receive data: 9
[ 87209][E][WiFiUdp.cpp:221] parsePacket(): could not receive data: 9
[ 87214][E][WiFiUdp.cpp:221] parsePacket(): could not receive data: 9
[ 87220][E][WiFiUdp.cpp:221] parsePacket(): could not receive data: 9
[ 87226][E][WiFiUdp.cpp:221] parsePacket(): could not receive data: 9
[CON ]...accept() fd=50 free=132488
[CON ]...Client authenticated on port 2323. free heap=127272
-[ 87232][E][WiFiUdp.cpp:221] parsePacket(): could not receive data: 9
-[ 87239][E][WiFiUdp.cpp:221] parsePacket(): could not receive data: 9
m[ 87245][E][WiFiUdp.cpp:221] parsePacket(): could not receive data: 9
a[ 87251][E][WiFiUdp.cpp:221] parsePacket(): could not receive data: 9
x[ 87257][E][WiFiUdp.cpp:221] parsePacket(): could not receive data: 9
h[ 87263][E][WiFiUdp.cpp:221] parsePacket(): could not receive data: 9
o[ 87269][E][WiFiUdp.cpp:221] parsePacket(): could not receive data: 9
p[ 87275][E][WiFiUdp.cpp:221] parsePacket(): could not receive data: 9
[ 87281][E][WiFiUdp.cpp:221] parsePacket(): could not receive data: 9

maxhop 4 (pos 2)
[MAXHOP];text;4;pos;2
[ 87288][E][WiFiUdp.cpp:221] parsePacket(): could not receive data: 9
[ 87294][E][WiFiUdp.cpp:221] parsePacket(): could not receive data: 9
[ 87300][E][WiFiUdp.cpp:221] parsePacket(): could not receive data: 9
[ 87306][E][WiFiUdp.cpp:221] parsePacket(): could not receive data: 9
[ 87312][E][WiFiUdp.cpp:221] parsePacket(): could not receive data: 9
[ 87318][E][WiFiUdp.cpp:221] parsePacket(): could not receive data: 9
[ 87324][E][WiFiUdp.cpp:221] parsePacket(): could not receive data: 9
[ 87330][E][WiFiUdp.cpp:221] parsePacket(): could not receive data: 9
[ 87336][E][WiFiUdp.cpp:221] parsePacket(): could not receive data: 9
[ 87342][E][WiFiUdp.cpp:221] parsePacket(): could not receive data: 9
[ 87348][E][WiFiUdp.cpp:221] parsePacket(): could not receive data: 9
[ 87354][E][WiFiUdp.cpp:221] parsePacket(): could not receive data: 9
[ 87360][E][WiFiUdp.cpp:221] parsePacket(): could not receive data: 9
[ 87366][E][WiFiUdp.cpp:221] parsePacket(): could not receive data: 9
[ 87372][E][WiFiUdp.cpp:221] parsePacket(): could not receive data: 9
[ 87378][E][WiFiUdp.cpp:221] parsePacket(): could not receive data: 9
[ 87384][E][WiFiUdp.cpp:221] parsePacket(): could not receive data: 9
[ 87390][E][WiFiUdp.cpp:221] parsePacket(): could not receive data: 9
[ 87396][E][WiFiUdp.cpp:221] parsePacket(): could not receive data: 9
[ 87402][E][WiFiUdp.cpp:221] parsePacket(): could not receive data: 9
[ 87408][E][WiFiUdp.cpp:221] parsePacket(): could not receive data: 9
[ 87414][E][WiFiUdp.cpp:221] parsePacket(): could not receive data: 9
[ 87420][E][WiFiUdp.cpp:221] parsePacket(): could not receive data: 9
[ 87426][E][WiFiUdp.cpp:221] parsePacket(): could not receive data: 9
[ 87432][E][WiFiUdp.cpp:221] parsePacket(): could not receive data: 9
[ 87438][E][WiFiUdp.cpp:221] parsePacket(): could not receive data: 9
[ 87444][E][WiFiUdp.cpp:221] parsePacket(): could not receive data: 9
[ 87450][E][WiFiUdp.cpp:221] parsePacket(): could not receive data: 9
[ 87456][E][WiFiUdp.cpp:221] parsePacket(): could not receive data: 9
[ 87462][E][WiFiUdp.cpp:221] parsePacket(): could not receive data: 9
[ 87468][E][WiFiUdp.cpp:221] parsePacket(): could not receive data: 9
[ 87474][E][WiFiUdp.cpp:221] parsePacket(): could not receive data: 9
[ 87480][E][WiFiUdp.cpp:221] parsePacket(): could not receive data: 9
[ 87486][E][WiFiUdp.cpp:221] parsePacket(): could not receive data: 9
[ 87492][E][WiFiUdp.cpp:221] parsePacket(): could not receive data: 9
[ 87498][E][WiFiUdp.cpp:221] parsePacket(): could not receive data: 9
[ 87504][E][WiFiUdp.cpp:221] parsePacket(): could not receive data: 9
[ 87510][E][WiFiUdp.cpp:221] parsePacket(): could not receive data: 9
[ 87516][E][WiFiUdp.cpp:221] parsePacket(): could not receive data: 9
[ 87522][E][WiFiUdp.cpp:221] parsePacket(): could not receive data: 9
[ 87528][E][WiFiUdp.cpp:221] parsePacket(): could not receive data: 9
[ 87534][E][WiFiUdp.cpp:221] parsePacket(): could not receive data: 9
[ 87540][E][WiFiUdp.cpp:221] parsePacket(): could not receive data: 9
[ 87546][E][WiFiUdp.cpp:221] parsePacket(): could not receive data: 9
[ 87552][E][WiFiUdp.cpp:221] parsePacket(): could not receive data: 9
[ 87558][E][WiFiUdp.cpp:221] parsePacket(): could not receive data: 9
[ 87564][E][WiFiUdp.cpp:221] parsePacket(): could not receive data: 9
[ 87570][E][WiFiUdp.cpp:221] parsePacket(): could not receive data: 9
[ 87576][E][WiFiUdp.cpp:221] parsePacket(): could not receive data: 9
[ 87582][E][WiFiUdp.cpp:221] parsePacket(): could not receive data: 9
[ 87588][E][WiFiUdp.cpp:221] parsePacket(): could not receive data: 9
[ 87594][E][WiFiUdp.cpp:221] parsePacket(): could not receive data: 9
[ 87600][E][WiFiUdp.cpp:221] parsePacket(): could not receive data: 9
[ 87606][E][WiFiUdp.cpp:221] parsePacket(): could not receive data: 9
[ 87612][E][WiFiUdp.cpp:221] parsePacket(): could not receive data: 9
[ 87618][E][WiFiUdp.cpp:221] parsePacket(): could not receive data: 9
[ 87624][E][WiFiUdp.cpp:221] parsePacket(): could not receive data: 9
[ 87630][E][WiFiUdp.cpp:221] parsePacket(): could not receive data: 9
[ 87636][E][WiFiUdp.cpp:221] parsePacket(): could not receive data: 9
[ 87642][E][WiFiUdp.cpp:221] parsePacket(): could not receive data: 9
[ 87648][E][WiFiUdp.cpp:221] parsePacket(): could not receive data: 9
[ 87654][E][WiFiUdp.cpp:221] parsePacket(): could not receive data: 9
[ 87660][E][WiFiUdp.cpp:221] parsePacket(): could not receive data: 9
[ 87666][E][WiFiUdp.cpp:221] parsePacket(): could not receive data: 9
[ 87672][E][WiFiUdp.cpp:221] parsePacket(): could not receive data: 9
[ 87678][E][WiFiUdp.cpp:221] parsePacket(): could not receive data: 9
[ 87684][E][WiFiUdp.cpp:221] parsePacket(): could not receive data: 9
[ 87690][E][WiFiUdp.cpp:221] parsePacket(): could not receive data: 9
[ 87696][E][WiFiUdp.cpp:221] parsePacket(): could not receive data: 9
[ 87702][E][WiFiUdp.cpp:221] parsePacket(): could not receive data: 9
[ 87708][E][WiFiUdp.cpp:221] parsePacket(): could not receive data: 9
[ 87714][E][WiFiUdp.cpp:221] parsePacket(): could not receive data: 9
[ 87720][E][WiFiUdp.cpp:221] parsePacket(): could not receive data: 9
[ 87726][E][WiFiUdp.cpp:221] parsePacket(): could not receive data: 9
[ 87732][E][WiFiUdp.cpp:221] parsePacket(): could not receive data: 9
[ 87738][E][WiFiUdp.cpp:221] parsePacket(): could not receive data: 9
[ 87744][E][WiFiUdp.cpp:221] parsePacket(): could not receive data: 9
[ 87750][E][WiFiUdp.cpp:221] parsePacket(): could not receive data: 9
[ 87756][E][WiFiUdp.cpp:221] parsePacket(): could not receive data: 9
[ 87762][E][WiFiUdp.cpp:221] parsePacket(): could not receive data: 9
[ 87768][E][WiFiUdp.cpp:221] parsePacket(): could not receive data: 9
[ 87774][E][WiFiUdp.cpp:221] parsePacket(): could not receive data: 9
[ 87780][E][WiFiUdp.cpp:221] parsePacket(): could not receive data: 9
[ 87786][E][WiFiUdp.cpp:221] parsePacket(): could not receive data: 9
[ 87792][E][WiFiUdp.cpp:221] parsePacket(): could not receive data: 9
[ 87798][E][WiFiUdp.cpp:221] parsePacket(): could not receive data: 9
[ 87804][E][WiFiUdp.cpp:221] parsePacket(): could not receive data: 9
[ 87810][E][WiFiUdp.cpp:221] parsePacket(): could not receive data: 9
[ 87816][E][WiFiUdp.cpp:221] parsePacket(): could not receive data: 9
[ 87822][E][WiFiUdp.cpp:221] parsePacket(): could not receive data: 9
[ 87828][E][WiFiUdp.cpp:221] parsePacket(): could not receive data: 9
[ 87834][E][WiFiUdp.cpp:221] parsePacket(): could not receive data: 9
[ 87840][E][WiFiUdp.cpp:221] parsePacket(): could not receive data: 9
[ 87846][E][WiFiUdp.cpp:221] parsePacket(): could not receive data: 9
[ 87852][E][WiFiUdp.cpp:221] parsePacket(): could not receive data: 9
[ 87858][E][WiFiUdp.cpp:221] parsePacket(): could not receive data: 9
[ 87864][E][WiFiUdp.cpp:221] parsePacket(): could not receive data: 9
[ 87870][E][WiFiUdp.cpp:221] parsePacket(): could not receive data: 9
[ 87876][E][WiFiUdp.cpp:221] parsePacket(): could not receive data: 9
[ 87882][E][WiFiUdp.cpp:221] parsePacket(): could not receive data: 9
[ 87888][E][WiFiUdp.cpp:221] parsePacket(): could not receive data: 9
[ 87894][E][WiFiUdp.cpp:221] parsePacket(): could not receive data: 9
[ 87900][E][WiFiUdp.cpp:221] parsePacket(): could not receive data: 9
[ 87906][E][WiFiUdp.cpp:221] parsePacket(): could not receive data: 9
[ 87912][E][WiFiUdp.cpp:221] parsePacket(): could not receive data: 9
[ 87917][E][WiFiUdp.cpp:221] parsePacket(): could not receive data: 9
[ 87923][E][WiFiUdp.cpp:221] parsePacket(): could not receive data: 9
[ 87929][E][WiFiUdp.cpp:221] parsePacket(): could not receive data: 9
[ 87935][E][WiFiUdp.cpp:221] parsePacket(): could not receive data: 9
[ 87941][E][WiFiUdp.cpp:221] parsePacket(): could not receive data: 9
[ 87947][E][WiFiUdp.cpp:221] parsePacket(): could not receive data: 9
[ 87953][E][WiFiUdp.cpp:221] parsePacket(): could not receive data: 9
[ 87959][E][WiFiUdp.cpp:221] parsePacket(): could not receive data: 9
[ 87965][E][WiFiUdp.cpp:221] parsePacket(): could not receive data: 9
[ 87971][E][WiFiUdp.cpp:221] parsePacket(): could not receive data: 9
[ 87977][E][WiFiUdp.cpp:221] parsePacket(): could not receive data: 9
[ 87983][E][WiFiUdp.cpp:221] parsePacket(): could not receive data: 9
[ 87989][E][WiFiUdp.cpp:221] parsePacket(): could not receive data: 9
[ 87995][E][WiFiUdp.cpp:221] parsePacket(): could not receive data: 9
[ 88001][E][WiFiUdp.cpp:221] parsePacket(): could not receive data: 9
[ 88007][E][WiFiUdp.cpp:221] parsePacket(): could not receive data: 9
[ 88013][E][WiFiUdp.cpp:221] parsePacket(): could not receive data: 9
[ 88019][E][WiFiUdp.cpp:221] parsePacket(): could not receive data: 9
[ 88025][E][WiFiUdp.cpp:221] parsePacket(): could not receive data: 9
[ 88031][E][WiFiUdp.cpp:221] parsePacket(): could not receive data: 9
[ 88037][E][WiFiUdp.cpp:221] parsePacket(): could not receive data: 9
[ 88043][E][WiFiUdp.cpp:221] parsePacket(): could not receive data: 9
[ 88049][E][WiFiUdp.cpp:221] parsePacket(): could not receive data: 9
[ 88055][E][WiFiUdp.cpp:221] parsePacket(): could not receive data: 9
[ 88061][E][WiFiUdp.cpp:221] parsePacket(): could not receive data: 9
[ 88067][E][WiFiUdp.cpp:221] parsePacket(): could not receive data: 9
[ 88073][E][WiFiUdp.cpp:221] parsePacket(): could not receive data: 9
[ 88079][E][WiFiUdp.cpp:221] parsePacket(): could not receive data: 9
[ 88085][E][WiFiUdp.cpp:221] parsePacket(): could not receive data: 9
[ 88091][E][WiFiUdp.cpp:221] parsePacket(): could not receive data: 9
[ 88097][E][WiFiUdp.cpp:221] parsePacket(): could not receive data: 9
[ 88103][E][WiFiUdp.cpp:221] parsePacket(): could not receive data: 9
[ 88109][E][WiFiUdp.cpp:221] parsePacket(): could not receive data: 9
[ 88115][E][WiFiUdp.cpp:221] parsePacket(): could not receive data: 9
[ 88121][E][WiFiUdp.cpp:221] parsePacket(): could not receive data: 9
[ 88127][E][WiFiUdp.cpp:221] parsePacket(): could not receive data: 9
[ 88133][E][WiFiUdp.cpp:221] parsePacket(): could not receive data: 9
[ 88139][E][WiFiUdp.cpp:221] parsePacket(): could not receive data: 9
[ 88145][E][WiFiUdp.cpp:221] parsePacket(): could not receive data: 9
[ 88151][E][WiFiUdp.cpp:221] parsePacket(): could not receive data: 9
[ 88157][E][WiFiUdp.cpp:221] parsePacket(): could not receive data: 9
[ 88163][E][WiFiUdp.cpp:221] parsePacket(): could not receive data: 9
[ 88169][E][WiFiUdp.cpp:221] parsePacket(): could not receive data: 9
[ 88175][E][WiFiUdp.cpp:221] parsePacket(): could not receive data: 9
[ 88181][E][WiFiUdp.cpp:221] parsePacket(): could not receive data: 9
[ 88187][E][WiFiUdp.cpp:221] parsePacket(): could not receive data: 9
[ 88193][E][WiFiUdp.cpp:221] parsePacket(): could not receive data: 9
[ 88199][E][WiFiUdp.cpp:221] parsePacket(): could not receive data: 9
[ 88205][E][WiFiUdp.cpp:221] parsePacket(): could not receive data: 9
[ 88211][E][WiFiUdp.cpp:221] parsePacket(): could not receive data: 9
[ 88217][E][WiFiUdp.cpp:221] parsePacket(): could not receive data: 9
[ 88223][E][WiFiUdp.cpp:221] parsePacket(): could not receive data: 9
[ 88229][E][WiFiUdp.cpp:221] parsePacket(): could not receive data: 9
[ 88235][E][WiFiUdp.cpp:221] parsePacket(): could not receive data: 9
[ 88241][E][WiFiUdp.cpp:221] parsePacket(): could not receive data: 9
[ 88247][E][WiFiUdp.cpp:221] parsePacket(): could not receive data: 9
[ 88253][E][WiFiUdp.cpp:221] parsePacket(): could not receive data: 9
[ 88259][E][WiFiUdp.cpp:221] parsePacket(): could not receive data: 9
[ 88265][E][WiFiUdp.cpp:221] parsePacket(): could not receive data: 9
[ 88271][E][WiFiUdp.cpp:221] parsePacket(): could not receive data: 9
[ 88277][E][WiFiUdp.cpp:221] parsePacket(): could not receive data: 9
[ 88282][E][WiFiUdp.cpp:221] parsePacket(): could not receive data: 9
[ 88288][E][WiFiUdp.cpp:221] parsePacket(): could not receive data: 9
[ 88294][E][WiFiUdp.cpp:221] parsePacket(): could not receive data: 9
[ 88300][E][WiFiUdp.cpp:221] parsePacket(): could not receive data: 9
[ 88306][E][WiFiUdp.cpp:221] parsePacket(): could not receive data: 9
[ 88312][E][WiFiUdp.cpp:221] parsePacket(): could not receive data: 9
[ 88317][E][WiFiUdp.cpp:221] parsePacket(): could not receive data: 9
[ 88323][E][WiFiUdp.cpp:221] parsePacket(): could not receive data: 9
[ 88329][E][WiFiUdp.cpp:221] parsePacket(): could not receive data: 9
[ 88335][E][WiFiUdp.cpp:221] parsePacket(): could not receive data: 9
[ 88341][E][WiFiUdp.cpp:221] parsePacket(): could not receive data: 9
[ 88347][E][WiFiUdp.cpp:221] parsePacket(): could not receive data: 9
[ 88353][E][WiFiUdp.cpp:221] parsePacket(): could not receive data: 9
[ 88359][E][WiFiUdp.cpp:221] parsePacket(): could not receive data: 9
[ 88365][E][WiFiUdp.cpp:221] parsePacket(): could not receive data: 9
[ 88370][E][WiFiUdp.cpp:221] parsePacket(): could not receive data: 9
[ 88376][E][WiFiUdp.cpp:221] parsePacket(): could not receive data: 9
[ 88382][E][WiFiUdp.cpp:221] parsePacket(): could not receive data: 9
[ 88388][E][WiFiUdp.cpp:221] parsePacket(): could not receive data: 9
[ 88394][E][WiFiUdp.cpp:221] parsePacket(): could not receive data: 9
[ 88400][E][WiFiUdp.cpp:221] parsePacket(): could not receive data: 9
[ 88406][E][WiFiUdp.cpp:221] parsePacket(): could not receive data: 9
[ 88412][E][WiFiUdp.cpp:221] parsePacket(): could not receive data: 9
[ 88418][E][WiFiUdp.cpp:221] parsePacket(): could not receive data: 9
[ 88424][E][WiFiUdp.cpp:221] parsePacket(): could not receive data: 9
[ 88430][E][WiFiUdp.cpp:221] parsePacket(): could not receive data: 9
[ 88436][E][WiFiUdp.cpp:221] parsePacket(): could not receive data: 9
[ 88442][E][WiFiUdp.cpp:221] parsePacket(): could not receive data: 9
[ 88448][E][WiFiUdp.cpp:221] parsePacket(): could not receive data: 9
[ 88454][E][WiFiUdp.cpp:221] parsePacket(): could not receive data: 9
[ 88460][E][WiFiUdp.cpp:221] parsePacket(): could not receive data: 9
[ 88466][E][WiFiUdp.cpp:221] parsePacket(): could not receive data: 9
[ 88472][E][WiFiUdp.cpp:221] parsePacket(): could not receive data: 9
[ 88478][E][WiFiUdp.cpp:221] parsePacket(): could not receive data: 9
[ 88484][E][WiFiUdp.cpp:221] parsePacket(): could not receive data: 9
[ 88490][E][WiFiUdp.cpp:221] parsePacket(): could not receive data: 9
[ 88496][E][WiFiUdp.cpp:221] parsePacket(): could not receive data: 9
[ 88502][E][WiFiUdp.cpp:221] parsePacket(): could not receive data: 9
[ 88508][E][WiFiUdp.cpp:221] parsePacket(): could not receive data: 9
[ 88514][E][WiFiUdp.cpp:221] parsePacket(): could not receive data: 9
[ 88520][E][WiFiUdp.cpp:221] parsePacket(): could not receive data: 9
[ 88526][E][WiFiUdp.cpp:221] parsePacket(): could not receive data: 9
[ 88532][E][WiFiUdp.cpp:221] parsePacket(): could not receive data: 9
[ 88538][E][WiFiUdp.cpp:221] parsePacket(): could not receive data: 9
[ 88544][E][WiFiUdp.cpp:221] parsePacket(): could not receive data: 9
[ 88550][E][WiFiUdp.cpp:221] parsePacket(): could not receive data: 9
[ 88556][E][WiFiUdp.cpp:221] parsePacket(): could not receive data: 9
[ 88562][E][WiFiUdp.cpp:221] parsePacket(): could not receive data: 9
[ 88568][E][WiFiUdp.cpp:221] parsePacket(): could not receive data: 9
[ 88574][E][WiFiUdp.cpp:221] parsePacket(): could not receive data: 9
[ 88579][E][WiFiUdp.cpp:221] parsePacket(): could not receive data: 9
[ 88585][E][WiFiUdp.cpp:221] parsePacket(): could not receive data: 9
[ 88591][E][WiFiUdp.cpp:221] parsePacket(): could not receive data: 9
[ 88597][E][WiFiUdp.cpp:221] parsePacket(): could not receive data: 9
[ 88603][E][WiFiUdp.cpp:221] parsePacket(): could not receive data: 9
[ 88609][E][WiFiUdp.cpp:221] parsePacket(): could not receive data: 9
[ 88615][E][WiFiUdp.cpp:221] parsePacket(): could not receive data: 9
[ 88621][E][WiFiUdp.cpp:221] parsePacket(): could not receive data: 9
[ 88627][E][WiFiUdp.cpp:221] parsePacket(): could not receive data: 9
[ 88633][E][WiFiUdp.cpp:221] parsePacket(): could not receive data: 9
[ 88639][E][WiFiUdp.cpp:221] parsePacket(): could not receive data: 9
[ 88645][E][WiFiUdp.cpp:221] parsePacket(): could not receive data: 9
[ 88651][E][WiFiUdp.cpp:221] parsePacket(): could not receive data: 9
[ 88657][E][WiFiUdp.cpp:221] parsePacket(): could not receive data: 9
[ 88663][E][WiFiUdp.cpp:221] parsePacket(): could not receive data: 9
[ 88669][E][WiFiUdp.cpp:221] parsePacket(): could not receive data: 9
[ 88675][E][WiFiUdp.cpp:221] parsePacket(): could not receive data: 9
[ 88681][E][WiFiUdp.cpp:221] parsePacket(): could not receive data: 9
[ 88687][E][WiFiUdp.cpp:221] parsePacket(): could not receive data: 9
[ 88693][E][WiFiUdp.cpp:221] parsePacket(): could not receive data: 9
[ 88699][E][WiFiUdp.cpp:221] parsePacket(): could not receive data: 9
[ 88705][E][WiFiUdp.cpp:221] parsePacket(): could not receive data: 9
[ 88711][E][WiFiUdp.cpp:221] parsePacket(): could not receive data: 9
[ 88717][E][WiFiUdp.cpp:221] parsePacket(): could not receive data: 9
[ 88723][E][WiFiUdp.cpp:221] parsePacket(): could not receive data: 9
[ 88729][E][WiFiUdp.cpp:221] parsePacket(): could not receive data: 9
[ 88735][E][WiFiUdp.cpp:221] parsePacket(): could not receive data: 9
[ 88741][E][WiFiUdp.cpp:221] parsePacket(): could not receive data: 9
[ 88747][E][WiFiUdp.cpp:221] parsePacket(): could not receive data: 9
[ 88753][E][WiFiUdp.cpp:221] parsePacket(): could not receive data: 9
[ 88759][E][WiFiUdp.cpp:221] parsePacket(): could not receive data: 9
[ 88765][E][WiFiUdp.cpp:221] parsePacket(): could not receive data: 9
[ 88771][E][WiFiUdp.cpp:221] parsePacket(): could not receive data: 9
[ 88777][E][WiFiUdp.cpp:221] parsePacket(): could not receive data: 9
[ 88783][E][WiFiUdp.cpp:221] parsePacket(): could not receive data: 9
[ 88789][E][WiFiUdp.cpp:221] parsePacket(): could not receive data: 9
[ 88795][E][WiFiUdp.cpp:221] parsePacket(): could not receive data: 9
[ 88801][E][WiFiUdp.cpp:221] parsePacket(): could not receive data: 9
[ 88807][E][WiFiUdp.cpp:221] parsePacket(): could not receive data: 9
[ 88813][E][WiFiUdp.cpp:221] parsePacket(): could not receive data: 9
[ 88819][E][WiFiUdp.cpp:221] parsePacket(): could not receive data: 9
[ 88825][E][WiFiUdp.cpp:221] parsePacket(): could not receive data: 9
[ 88831][E][WiFiUdp.cpp:221] parsePacket(): could not receive data: 9
[ 88837][E][WiFiUdp.cpp:221] parsePacket(): could not receive data: 9
[ 88843][E][WiFiUdp.cpp:221] parsePacket(): could not receive data: 9
[ 88849][E][WiFiUdp.cpp:221] parsePacket(): could not receive data: 9
[ 88855][E][WiFiUdp.cpp:221] parsePacket(): could not receive data: 9
[ 88861][E][WiFiUdp.cpp:221] parsePacket(): could not receive data: 9
[ 88867][E][WiFiUdp.cpp:221] parsePacket(): could not receive data: 9
[ 88873][E][WiFiUdp.cpp:221] parsePacket(): could not receive data: 9
[ 88878][E][WiFiUdp.cpp:221] parsePacket(): could not receive data: 9
[ 88884][E][WiFiUdp.cpp:221] parsePacket(): could not receive data: 9
[ 88890][E][WiFiUdp.cpp:221] parsePacket(): could not receive data: 9
[ 88896][E][WiFiUdp.cpp:221] parsePacket(): could not receive data: 9
[ 88902][E][WiFiUdp.cpp:221] parsePacket(): could not receive data: 9
[ 88908][E][WiFiUdp.cpp:221] parsePacket(): could not receive data: 9
[ 88914][E][WiFiUdp.cpp:221] parsePacket(): could not receive data: 9
[ 88920][E][WiFiUdp.cpp:221] parsePacket(): could not receive data: 9
[ 88926][E][WiFiUdp.cpp:221] parsePacket(): could not receive data: 9
[ 88932][E][WiFiUdp.cpp:221] parsePacket(): could not receive data: 9
[ 88938][E][WiFiUdp.cpp:221] parsePacket(): could not receive data: 9
[ 88944][E][WiFiUdp.cpp:221] parsePacket(): could not receive data: 9
[ 88950][E][WiFiUdp.cpp:221] parsePacket(): could not receive data: 9
[ 88956][E][WiFiUdp.cpp:221] parsePacket(): could not receive data: 9
[ 88962][E][WiFiUdp.cpp:221] parsePacket(): could not receive data: 9
[ 88968][E][WiFiUdp.cpp:221] parsePacket(): could not receive data: 9
[ 88974][E][WiFiUdp.cpp:221] parsePacket(): could not receive data: 9
[ 88980][E][WiFiUdp.cpp:221] parsePacket(): could not receive data: 9
[ 88986][E][WiFiUdp.cpp:221] parsePacket(): could not receive data: 9
[ 88992][E][WiFiUdp.cpp:221] parsePacket(): could not receive data: 9
[ 88998][E][WiFiUdp.cpp:221] parsePacket(): could not receive data: 9
[ 89004][E][WiFiUdp.cpp:221] parsePacket(): could not receive data: 9
[ 89010][E][WiFiUdp.cpp:221] parsePacket(): could not receive data: 9
[ 89016][E][WiFiUdp.cpp:221] parsePacket(): could not receive data: 9
[ 89022][E][WiFiUdp.cpp:221] parsePacket(): could not receive data: 9
[ 89028][E][WiFiUdp.cpp:221] parsePacket(): could not receive data: 9
[ 89034][E][WiFiUdp.cpp:221] parsePacket(): could not receive data: 9
[ 89040][E][WiFiUdp.cpp:221] parsePacket(): could not receive data: 9
[ 89046][E][WiFiUdp.cpp:221] parsePacket(): could not receive data: 9
[ 89052][E][WiFiUdp.cpp:221] parsePacket(): could not receive data: 9
[ 89058][E][WiFiUdp.cpp:221] parsePacket(): could not receive data: 9
[ 89064][E][WiFiUdp.cpp:221] parsePacket(): could not receive data: 9
[ 89070][E][WiFiUdp.cpp:221] parsePacket(): could not receive data: 9
[ 89076][E][WiFiUdp.cpp:221] parsePacket(): could not receive data: 9
[ 89082][E][WiFiUdp.cpp:221] parsePacket(): could not receive data: 9
[ 89088][E][WiFiUdp.cpp:221] parsePacket(): could not receive data: 9
[ 89094][E][WiFiUdp.cpp:221] parsePacket(): could not receive data: 9
[ 89100][E][WiFiUdp.cpp:221] parsePacket(): could not receive data: 9
[ 89106][E][WiFiUdp.cpp:221] parsePacket(): could not receive data: 9
[ 89112][E][WiFiUdp.cpp:221] parsePacket(): could not receive data: 9
[ 89118][E][WiFiUdp.cpp:221] parsePacket(): could not receive data: 9
[ 89123][E][WiFiUdp.cpp:221] parsePacket(): could not receive data: 9
[ 89128][E][WiFiUdp.cpp:221] parsePacket(): could not receive data: 9
[ 89134][E][WiFiUdp.cpp:221] parsePacket(): could not receive data: 9
[ 89140][E][WiFiUdp.cpp:221] parsePacket(): could not receive data: 9
[ 89146][E][WiFiUdp.cpp:221] parsePacket(): could not receive data: 9
[ 89152][E][WiFiUdp.cpp:221] parsePacket(): could not receive data: 9
[ 89158][E][WiFiUdp.cpp:221] parsePacket(): could not receive data: 9
[ 89164][E][WiFiUdp.cpp:221] parsePacket(): could not receive data: 9
[ 89170][E][WiFiUdp.cpp:221] parsePacket(): could not receive data: 9
[ 89176][E][WiFiUdp.cpp:221] parsePacket(): could not receive data: 9
[ 89182][E][WiFiUdp.cpp:221] parsePacket(): could not receive data: 9
[ 89188][E][WiFiUdp.cpp:221] parsePacket(): could not receive data: 9
[ 89194][E][WiFiUdp.cpp:221] parsePacket(): could not receive data: 9
[ 89200][E][WiFiUdp.cpp:221] parsePacket(): could not receive data: 9
[ 89206][E][WiFiUdp.cpp:221] parsePacket(): could not receive data: 9
[ 89212][E][WiFiUdp.cpp:221] parsePacket(): could not receive data: 9
[ 89218][E][WiFiUdp.cpp:221] parsePacket(): could not receive data: 9
[ 89224][E][WiFiUdp.cpp:221] parsePacket(): could not receive data: 9
[ 89230][E][WiFiUdp.cpp:221] parsePacket(): could not receive data: 9
[ 89236][E][WiFiUdp.cpp:221] parsePacket(): could not receive data: 9
[ 89242][E][WiFiUdp.cpp:221] parsePacket(): could not receive data: 9
[ 89248][E][WiFiUdp.cpp:221] parsePacket(): could not receive data: 9
[ 89254][E][WiFiUdp.cpp:221] parsePacket(): could not receive data: 9
[ 89260][E][WiFiUdp.cpp:221] parsePacket(): could not receive data: 9
[ 89266][E][WiFiUdp.cpp:221] parsePacket(): could not receive data: 9
[ 89272][E][WiFiUdp.cpp:221] parsePacket(): could not receive data: 9
[ 89278][E][WiFiUdp.cpp:221] parsePacket(): could not receive data: 9
[ 89284][E][WiFiUdp.cpp:221] parsePacket(): could not receive data: 9
[ 89290][E][WiFiUdp.cpp:221] parsePacket(): could not receive data: 9
[ 89296][E][WiFiUdp.cpp:221] parsePacket(): could not receive data: 9
[ 89302][E][WiFiUdp.cpp:221] parsePacket(): could not receive data: 9
[ 89308][E][WiFiUdp.cpp:221] parsePacket(): could not receive data: 9
[ 89314][E][WiFiUdp.cpp:221] parsePacket(): could not receive data: 9
[ 89320][E][WiFiUdp.cpp:221] parsePacket(): could not receive data: 9
[ 89326][E][WiFiUdp.cpp:221] parsePacket(): could not receive data: 9
[ 89332][E][WiFiUdp.cpp:221] parsePacket(): could not receive data: 9
[ 89338][E][WiFiUdp.cpp:221] parsePacket(): could not receive data: 9
[ 89344][E][WiFiUdp.cpp:221] parsePacket(): could not receive data: 9
[ 89350][E][WiFiUdp.cpp:221] parsePacket(): could not receive data: 9
[ 89356][E][WiFiUdp.cpp:221] parsePacket(): could not receive data: 9
[ 89362][E][WiFiUdp.cpp:221] parsePacket(): could not receive data: 9
[ 89368][E][WiFiUdp.cpp:221] parsePacket(): could not receive data: 9
[ 89374][E][WiFiUdp.cpp:221] parsePacket(): could not receive data: 9
[ 89380][E][WiFiUdp.cpp:221] parsePacket(): could not receive data: 9
[ 89386][E][WiFiUdp.cpp:221] parsePacket(): could not receive data: 9
[ 89392][E][WiFiUdp.cpp:221] parsePacket(): could not receive data: 9
[ 89398][E][WiFiUdp.cpp:221] parsePacket(): could not receive data: 9
[ 89404][E][WiFiUdp.cpp:221] parsePacket(): could not receive data: 9
[ 89410][E][WiFiUdp.cpp:221] parsePacket(): could not receive data: 9
[ 89416][E][WiFiUdp.cpp:221] parsePacket(): could not receive data: 9
[ 89422][E][WiFiUdp.cpp:221] parsePacket(): could not receive data: 9
[ 89428][E][WiFiUdp.cpp:221] parsePacket(): could not receive data: 9
[ 89434][E][WiFiUdp.cpp:221] parsePacket(): could not receive data: 9
[ 89440][E][WiFiUdp.cpp:221] parsePacket(): could not receive data: 9
[ 89446][E][WiFiUdp.cpp:221] parsePacket(): could not receive data: 9
[ 89452][E][WiFiUdp.cpp:221] parsePacket(): could not receive data: 9
[ 89458][E][WiFiUdp.cpp:221] parsePacket(): could not receive data: 9
[ 89464][E][WiFiUdp.cpp:221] parsePacket(): could not receive data: 9
[ 89470][E][WiFiUdp.cpp:221] parsePacket(): could not receive data: 9
[ 89476][E][WiFiUdp.cpp:221] parsePacket(): could not receive data: 9
[ 89482][E][WiFiUdp.cpp:221] parsePacket(): could not receive data: 9
[ 89487][E][WiFiUdp.cpp:221] parsePacket(): could not receive data: 9
[ 89492][E][WiFiUdp.cpp:221] parsePacket(): could not receive data: 9
[ 89497][E][WiFiUdp.cpp:221] parsePacket(): could not receive data: 9
[ 89502][E][WiFiUdp.cpp:221] parsePacket(): could not receive data: 9
[ 89508][E][WiFiUdp.cpp:221] parsePacket(): could not receive data: 9
[ 89514][E][WiFiUdp.cpp:221] parsePacket(): could not receive data: 9
[ 89520][E][WiFiUdp.cpp:221] parsePacket(): could not receive data: 9
[ 89526][E][WiFiUdp.cpp:221] parsePacket(): could not receive data: 9
[ 89532][E][WiFiUdp.cpp:221] parsePacket(): could not receive data: 9
[ 89538][E][WiFiUdp.cpp:221] parsePacket(): could not receive data: 9
[ 89544][E][WiFiUdp.cpp:221] parsePacket(): could not receive data: 9
[ 89550][E][WiFiUdp.cpp:221] parsePacket(): could not receive data: 9
[ 89556][E][WiFiUdp.cpp:221] parsePacket(): could not receive data: 9
[ 89562][E][WiFiUdp.cpp:221] parsePacket(): could not receive data: 9
[ 89568][E][WiFiUdp.cpp:221] parsePacket(): could not receive data: 9
[ 89574][E][WiFiUdp.cpp:221] parsePacket(): could not receive data: 9
[ 89580][E][WiFiUdp.cpp:221] parsePacket(): could not receive data: 9
[ 89586][E][WiFiUdp.cpp:221] parsePacket(): could not receive data: 9
[ 89592][E][WiFiUdp.cpp:221] parsePacket(): could not receive data: 9
[ 89598][E][WiFiUdp.cpp:221] parsePacket(): could not receive data: 9
[ 89604][E][WiFiUdp.cpp:221] parsePacket(): could not receive data: 9
[ 89610][E][WiFiUdp.cpp:221] parsePacket(): could not receive data: 9
[ 89616][E][WiFiUdp.cpp:221] parsePacket(): could not receive data: 9
[ 89622][E][WiFiUdp.cpp:221] parsePacket(): could not receive data: 9
[ 89628][E][WiFiUdp.cpp:221] parsePacket(): could not receive data: 9
[ 89634][E][WiFiUdp.cpp:221] parsePacket(): could not receive data: 9
[ 89640][E][WiFiUdp.cpp:221] parsePacket(): could not receive data: 9
[ 89646][E][WiFiUdp.cpp:221] parsePacket(): could not receive data: 9
[ 89652][E][WiFiUdp.cpp:221] parsePacket(): could not receive data: 9
[ 89658][E][WiFiUdp.cpp:221] parsePacket(): could not receive data: 9
[ 89664][E][WiFiUdp.cpp:221] parsePacket(): could not receive data: 9
[ 89670][E][WiFiUdp.cpp:221] parsePacket(): could not receive data: 9
[ 89676][E][WiFiUdp.cpp:221] parsePacket(): could not receive data: 9
[ 89682][E][WiFiUdp.cpp:221] parsePacket(): could not receive data: 9
[ 89688][E][WiFiUdp.cpp:221] parsePacket(): could not receive data: 9
[ 89694][E][WiFiUdp.cpp:221] parsePacket(): could not receive data: 9
[ 89700][E][WiFiUdp.cpp:221] parsePacket(): could not receive data: 9
[ 89706][E][WiFiUdp.cpp:221] parsePacket(): could not receive data: 9
[ 89712][E][WiFiUdp.cpp:221] parsePacket(): could not receive data: 9
[ 89718][E][WiFiUdp.cpp:221] parsePacket(): could not receive data: 9
[ 89724][E][WiFiUdp.cpp:221] parsePacket(): could not receive data: 9
[ 89730][E][WiFiUdp.cpp:221] parsePacket(): could not receive data: 9
[ 89736][E][WiFiUdp.cpp:221] parsePacket(): could not receive data: 9
[ 89742][E][WiFiUdp.cpp:221] parsePacket(): could not receive data: 9
[ 89748][E][WiFiUdp.cpp:221] parsePacket(): could not receive data: 9
[ 89754][E][WiFiUdp.cpp:221] parsePacket(): could not receive data: 9
[ 89760][E][WiFiUdp.cpp:221] parsePacket(): could not receive data: 9
[ 89766][E][WiFiUdp.cpp:221] parsePacket(): could not receive data: 9
[ 89772][E][WiFiUdp.cpp:221] parsePacket(): could not receive data: 9
[ 89778][E][WiFiUdp.cpp:221] parsePacket(): could not receive data: 9
[ 89784][E][WiFiUdp.cpp:221] parsePacket(): could not receive data: 9
[ 89790][E][WiFiUdp.cpp:221] parsePacket(): could not receive data: 9
[ 89796][E][WiFiUdp.cpp:221] parsePacket(): could not receive data: 9
[ 89802][E][WiFiUdp.cpp:221] parsePacket(): could not receive data: 9
[ 89808][E][WiFiUdp.cpp:221] parsePacket(): could not receive data: 9
[ 89814][E][WiFiUdp.cpp:221] parsePacket(): could not receive data: 9
[ 89820][E][WiFiUdp.cpp:221] parsePacket(): could not receive data: 9
[ 89826][E][WiFiUdp.cpp:221] parsePacket(): could not receive data: 9
[ 89832][E][WiFiUdp.cpp:221] parsePacket(): could not receive data: 9
[ 89838][E][WiFiUdp.cpp:221] parsePacket(): could not receive data: 9
[ 89844][E][WiFiUdp.cpp:221] parsePacket(): could not receive data: 9
[ 89850][E][WiFiUdp.cpp:221] parsePacket(): could not receive data: 9
[ 89856][E][WiFiUdp.cpp:221] parsePacket(): could not receive data: 9
[ 89862][E][WiFiUdp.cpp:221] parsePacket(): could not receive data: 9
[ 89868][E][WiFiUdp.cpp:221] parsePacket(): could not receive data: 9
[ 89874][E][WiFiUdp.cpp:221] parsePacket(): could not receive data: 9
[ 89880][E][WiFiUdp.cpp:221] parsePacket(): could not receive data: 9
[ 89886][E][WiFiUdp.cpp:221] parsePacket(): could not receive data: 9
[ 89892][E][WiFiUdp.cpp:221] parsePacket(): could not receive data: 9
[ 89898][E][WiFiUdp.cpp:221] parsePacket(): could not receive data: 9
[ 89903][E][WiFiUdp.cpp:221] parsePacket(): could not receive data: 9
[ 89908][E][WiFiUdp.cpp:221] parsePacket(): could not receive data: 9
[ 89914][E][WiFiUdp.cpp:221] parsePacket(): could not receive data: 9
[ 89920][E][WiFiUdp.cpp:221] parsePacket(): could not receive data: 9
[ 89926][E][WiFiUdp.cpp:221] parsePacket(): could not receive data: 9
[ 89932][E][WiFiUdp.cpp:221] parsePacket(): could not receive data: 9
[ 89938][E][WiFiUdp.cpp:221] parsePacket(): could not receive data: 9
[ 89944][E][WiFiUdp.cpp:221] parsePacket(): could not receive data: 9
[ 89950][E][WiFiUdp.cpp:221] parsePacket(): could not receive data: 9
[ 89956][E][WiFiUdp.cpp:221] parsePacket(): could not receive data: 9
[ 89962][E][WiFiUdp.cpp:221] parsePacket(): could not receive data: 9
[ 89968][E][WiFiUdp.cpp:221] parsePacket(): could not receive data: 9
[ 89974][E][WiFiUdp.cpp:221] parsePacket(): could not receive data: 9
[ 89980][E][WiFiUdp.cpp:221] parsePacket(): could not receive data: 9
[ 89986][E][WiFiUdp.cpp:221] parsePacket(): could not receive data: 9
[ 89992][E][WiFiUdp.cpp:221] parsePacket(): could not receive data: 9
[ 89998][E][WiFiUdp.cpp:221] parsePacket(): could not receive data: 9
[ 90004][E][WiFiUdp.cpp:221] parsePacket(): could not receive data: 9
[ 90010][E][WiFiUdp.cpp:221] parsePacket(): could not receive data: 9
[ 90016][E][WiFiUdp.cpp:221] parsePacket(): could not receive data: 9
[ 90022][E][WiFiUdp.cpp:221] parsePacket(): could not receive data: 9
[ 90028][E][WiFiUdp.cpp:221] parsePacket(): could not receive data: 9
[ 90034][E][WiFiUdp.cpp:221] parsePacket(): could not receive data: 9
[ 90040][E][WiFiUdp.cpp:221] parsePacket(): could not receive data: 9
[ 90046][E][WiFiUdp.cpp:221] parsePacket(): could not receive data: 9
[ 90052][E][WiFiUdp.cpp:221] parsePacket(): could not receive data: 9
[ 90058][E][WiFiUdp.cpp:221] parsePacket(): could not receive data: 9
[ 90064][E][WiFiUdp.cpp:221] parsePacket(): could not receive data: 9
[ 90070][E][WiFiUdp.cpp:221] parsePacket(): could not receive data: 9
[ 90076][E][WiFiUdp.cpp:221] parsePacket(): could not receive data: 9
[ 90082][E][WiFiUdp.cpp:221] parsePacket(): could not receive data: 9
[ 90088][E][WiFiUdp.cpp:221] parsePacket(): could not receive data: 9
[ 90183][E][WiFiUdp.cpp:221] parsePacket(): could not receive data: 9
[ 90192][E][WiFiUdp.cpp:221] parsePacket(): could not receive data: 9
[ 90198][E][WiFiUdp.cpp:221] parsePacket(): could not receive data: 9
[ 90204][E][WiFiUdp.cpp:221] parsePacket(): could not receive data: 9
[ 90210][E][WiFiUdp.cpp:221] parsePacket(): could not receive data: 9
[ 90216][E][WiFiUdp.cpp:221] parsePacket(): could not receive data: 9
[ 90222][E][WiFiUdp.cpp:221] parsePacket(): could not receive data: 9
[ 90228][E][WiFiUdp.cpp:221] parsePacket(): could not receive data: 9
[ 90234][E][WiFiUdp.cpp:221] parsePacket(): could not receive data: 9
[ 90240][E][WiFiUdp.cpp:221] parsePacket(): could not receive data: 9
[ 90246][E][WiFiUdp.cpp:221] parsePacket(): could not receive data: 9
[ 90252][E][WiFiUdp.cpp:221] parsePacket(): could not receive data: 9
[ 90258][E][WiFiUdp.cpp:221] parsePacket(): could not receive data: 9
[ 90264][E][WiFiUdp.cpp:221] parsePacket(): could not receive data: 9
[ 90270][E][WiFiUdp.cpp:221] parsePacket(): could not receive data: 9
[ 90276][E][WiFiUdp.cpp:221] parsePacket(): could not receive data: 9
[ 90281][E][WiFiUdp.cpp:221] parsePacket(): could not receive data: 9
[ 90287][E][WiFiUdp.cpp:221] parsePacket(): could not receive data: 9
[ 90293][E][WiFiUdp.cpp:221] parsePacket(): could not receive data: 9
[CON ]...Client disconnected. free heap=132684
[ 90302][E][WiFiUdp.cpp:221] parsePacket(): could not receive data: 9
[ 90308][E][WiFiUdp.cpp:221] parsePacket(): could not receive data: 9
[ 90314][E][WiFiUdp.cpp:221] parsePacket(): could not receive data: 9
[ 90320][E][WiFiUdp.cpp:221] parsePacket(): could not receive data: 9
[ 90326][E][WiFiUdp.cpp:221] parsePacket(): could not receive data: 9
[ 90332][E][WiFiUdp.cpp:221] parsePacket(): could not receive data: 9
[ 90338][E][WiFiUdp.cpp:221] parsePacket(): could not receive data: 9
[ 90344][E][WiFiUdp.cpp:221] parsePacket(): could not receive data: 9
[ 90350][E][WiFiUdp.cpp:221] parsePacket(): could not receive data: 9
[ 90356][E][WiFiUdp.cpp:221] parsePacket(): could not receive data: 9
[ 90362][E][WiFiUdp.cpp:221] parsePacket(): could not receive data: 9
[ 90368][E][WiFiUdp.cpp:221] parsePacket(): could not receive data: 9
[ 90374][E][WiFiUdp.cpp:221] parsePacket(): could not receive data: 9
[ 90380][E][WiFiUdp.cpp:221] parsePacket(): could not receive data: 9
[ 90386][E][WiFiUdp.cpp:221] parsePacket(): could not receive data: 9
[ 90392][E][WiFiUdp.cpp:221] parsePacket(): could not receive data: 9
[ 90398][E][WiFiUdp.cpp:221] parsePacket(): could not receive data: 9
[ 90404][E][WiFiUdp.cpp:221] parsePacket(): could not receive data: 9
[ 90410][E][WiFiUdp.cpp:221] parsePacket(): could not receive data: 9
[ 90416][E][WiFiUdp.cpp:221] parsePacket(): could not receive data: 9
[ 90422][E][WiFiUdp.cpp:221] parsePacket(): could not receive data: 9
[ 90428][E][WiFiUdp.cpp:221] parsePacket(): could not receive data: 9
[ 90434][E][WiFiUdp.cpp:221] parsePacket(): could not receive data: 9
[ 90440][E][WiFiUdp.cpp:221] parsePacket(): could not receive data: 9
[ 90446][E][WiFiUdp.cpp:221] parsePacket(): could not receive data: 9
[ 90452][E][WiFiUdp.cpp:221] parsePacket(): could not receive data: 9
[ 90458][E][WiFiUdp.cpp:221] parsePacket(): could not receive data: 9
[ 90464][E][WiFiUdp.cpp:221] parsePacket(): could not receive data: 9
[ 90470][E][WiFiUdp.cpp:221] parsePacket(): could not receive data: 9
[ 90476][E][WiFiUdp.cpp:221] parsePacket(): could not receive data: 9
[ 90482][E][WiFiUdp.cpp:221] parsePacket(): could not receive data: 9
[ 90488][E][WiFiUdp.cpp:221] parsePacket(): could not receive data: 9
[ 90494][E][WiFiUdp.cpp:221] parsePacket(): could not receive data: 9
[ 90500][E][WiFiUdp.cpp:221] parsePacket(): could not receive data: 9
[ 90506][E][WiFiUdp.cpp:221] parsePacket(): could not receive data: 9
[ 90512][E][WiFiUdp.cpp:221] parsePacket(): could not receive data: 9
[ 90518][E][WiFiUdp.cpp:221] parsePacket(): could not receive data: 9
[ 90524][E][WiFiUdp.cpp:221] parsePacket(): could not receive data: 9
[ 90530][E][WiFiUdp.cpp:221] parsePacket(): could not receive data: 9
[ 90536][E][WiFiUdp.cpp:221] parsePacket(): could not receive data: 9
[ 90542][E][WiFiUdp.cpp:221] parsePacket(): could not receive data: 9
[ 90548][E][WiFiUdp.cpp:221] parsePacket(): could not receive data: 9
[ 90554][E][WiFiUdp.cpp:221] parsePacket(): could not receive data: 9
[ 90559][E][WiFiUdp.cpp:221] parsePacket(): could not receive data: 9
[ 90565][E][WiFiUdp.cpp:221] parsePacket(): could not receive data: 9
[ 90571][E][WiFiUdp.cpp:221] parsePacket(): could not receive data: 9
[ 90577][E][WiFiUdp.cpp:221] parsePacket(): could not receive data: 9
[ 90583][E][WiFiUdp.cpp:221] parsePacket(): could not receive data: 9
[ 90589][E][WiFiUdp.cpp:221] parsePacket(): could not receive data: 9
[ 90595][E][WiFiUdp.cpp:221] parsePacket(): could not receive data: 9
[ 90601][E][WiFiUdp.cpp:221] parsePacket(): could not receive data: 9
[ 90607][E][WiFiUdp.cpp:221] parsePacket(): could not receive data: 9
[ 90613][E][WiFiUdp.cpp:221] parsePacket(): could not receive data: 9
[ 90619][E][WiFiUdp.cpp:221] parsePacket(): could not receive data: 9
[ 90625][E][WiFiUdp.cpp:221] parsePacket(): could not receive data: 9
[ 90631][E][WiFiUdp.cpp:221] parsePacket(): could not receive data: 9
[ 90637][E][WiFiUdp.cpp:221] parsePacket(): could not receive data: 9
[ 90643][E][WiFiUdp.cpp:221] parsePacket(): could not receive data: 9
[ 90649][E][WiFiUdp.cpp:221] parsePacket(): could not receive data: 9
[ 90655][E][WiFiUdp.cpp:221] parsePacket(): could not receive data: 9
[ 90661][E][WiFiUdp.cpp:221] parsePacket(): could not receive data: 9
[ 90667][E][WiFiUdp.cpp:221] parsePacket(): could not receive data: 9
[ 90673][E][WiFiUdp.cpp:221] parsePacket(): could not receive data: 9
[ 90679][E][WiFiUdp.cpp:221] parsePacket(): could not receive data: 9
[ 90685][E][WiFiUdp.cpp:221] parsePacket(): could not receive data: 9
[ 90691][E][WiFiUdp.cpp:221] parsePacket(): could not receive data: 9
[ 90697][E][WiFiUdp.cpp:221] parsePacket(): could not receive data: 9
[ 90703][E][WiFiUdp.cpp:221] parsePacket(): could not receive data: 9
[ 90709][E][WiFiUdp.cpp:221] parsePacket(): could not receive data: 9
[ 90715][E][WiFiUdp.cpp:221] parsePacket(): could not receive data: 9
[ 90721][E][WiFiUdp.cpp:221] parsePacket(): could not receive data: 9
[ 90727][E][WiFiUdp.cpp:221] parsePacket(): could not receive data: 9
[ 90733][E][WiFiUdp.cpp:221] parsePacket(): could not receive data: 9
[ 90739][E][WiFiUdp.cpp:221] parsePacket(): could not receive data: 9
[ 90745][E][WiFiUdp.cpp:221] parsePacket(): could not receive data: 9
[ 90751][E][WiFiUdp.cpp:221] parsePacket(): could not receive data: 9
[ 90757][E][WiFiUdp.cpp:221] parsePacket(): could not receive data: 9
[ 90763][E][WiFiUdp.cpp:221] parsePacket(): could not receive data: 9
[ 90769][E][WiFiUdp.cpp:221] parsePacket(): could not receive data: 9
[ 90775][E][WiFiUdp.cpp:221] parsePacket(): could not receive data: 9
[ 90781][E][WiFiUdp.cpp:221] parsePacket(): could not receive data: 9
[ 90787][E][WiFiUdp.cpp:221] parsePacket(): could not receive data: 9
[ 90793][E][WiFiUdp.cpp:221] parsePacket(): could not receive data: 9
[ 90799][E][WiFiUdp.cpp:221] parsePacket(): could not receive data: 9
[ 90805][E][WiFiUdp.cpp:221] parsePacket(): could not receive data: 9
[ 90811][E][WiFiUdp.cpp:221] parsePacket(): could not receive data: 9
[ 90817][E][WiFiUdp.cpp:221] parsePacket(): could not receive data: 9
[ 90823][E][WiFiUdp.cpp:221] parsePacket(): could not receive data: 9
[ 90829][E][WiFiUdp.cpp:221] parsePacket(): could not receive data: 9
[ 90835][E][WiFiUdp.cpp:221] parsePacket(): could not receive data: 9
[ 90841][E][WiFiUdp.cpp:221] parsePacket(): could not receive data: 9
[ 90847][E][WiFiUdp.cpp:221] parsePacket(): could not receive data: 9
[ 90853][E][WiFiUdp.cpp:221] parsePacket(): could not receive data: 9
[ 90859][E][WiFiUdp.cpp:221] parsePacket(): could not receive data: 9
[ 90865][E][WiFiUdp.cpp:221] parsePacket(): could not receive data: 9
[ 90871][E][WiFiUdp.cpp:221] parsePacket(): could not receive data: 9
[ 90877][E][WiFiUdp.cpp:221] parsePacket(): could not receive data: 9
[ 90883][E][WiFiUdp.cpp:221] parsePacket(): could not receive data: 9
[ 90889][E][WiFiUdp.cpp:221] parsePacket(): could not receive data: 9
[ 90895][E][WiFiUdp.cpp:221] parsePacket(): could not receive data: 9
[ 90901][E][WiFiUdp.cpp:221] parsePacket(): could not receive data: 9
[ 90907][E][WiFiUdp.cpp:221] parsePacket(): could not receive data: 9
[ 90913][E][WiFiUdp.cpp:221] parsePacket(): could not receive data: 9
[ 90919][E][WiFiUdp.cpp:221] parsePacket(): could not receive data: 9
[ 90925][E][WiFiUdp.cpp:221] parsePacket(): could not receive data: 9
[ 90931][E][WiFiUdp.cpp:221] parsePacket(): could not receive data: 9
[ 90937][E][WiFiUdp.cpp:221] parsePacket(): could not receive data: 9
[ 90943][E][WiFiUdp.cpp:221] parsePacket(): could not receive data: 9
[ 90949][E][WiFiUdp.cpp:221] parsePacket(): could not receive data: 9
[ 90955][E][WiFiUdp.cpp:221] parsePacket(): could not receive data: 9
[ 90961][E][WiFiUdp.cpp:221] parsePacket(): could not receive data: 9
[ 90967][E][WiFiUdp.cpp:221] parsePacket(): could not receive data: 9
[ 90973][E][WiFiUdp.cpp:221] parsePacket(): could not receive data: 9
[ 90979][E][WiFiUdp.cpp:221] parsePacket(): could not receive data: 9
[ 90985][E][WiFiUdp.cpp:221] parsePacket(): could not receive data: 9
[ 90991][E][WiFiUdp.cpp:221] parsePacket(): could not receive data: 9
[ 90997][E][WiFiUdp.cpp:221] parsePacket(): could not receive data: 9
[ 91003][E][WiFiUdp.cpp:221] parsePacket(): could not receive data: 9
[ 91009][E][WiFiUdp.cpp:221] parsePacket(): could not receive data: 9
[ 91015][E][WiFiUdp.cpp:221] parsePacket(): could not receive data: 9
[ 91021][E][WiFiUdp.cpp:221] parsePacket(): could not receive data: 9
[ 91027][E][WiFiUdp.cpp:221] parsePacket(): could not receive data: 9
[ 91033][E][WiFiUdp.cpp:221] parsePacket(): could not receive data: 9
[ 91039][E][WiFiUdp.cpp:221] parsePacket(): could not receive data: 9
[ 91045][E][WiFiUdp.cpp:221] parsePacket(): could not receive data: 9
[ 91051][E][WiFiUdp.cpp:221] parsePacket(): could not receive data: 9
[ 91057][E][WiFiUdp.cpp:221] parsePacket(): could not receive data: 9
[ 91063][E][WiFiUdp.cpp:221] parsePacket(): could not receive data: 9
[ 91069][E][WiFiUdp.cpp:221] parsePacket(): could not receive data: 9
[ 91075][E][WiFiUdp.cpp:221] parsePacket(): could not receive data: 9
[ 91081][E][WiFiUdp.cpp:221] parsePacket(): could not receive data: 9
[ 91087][E][WiFiUdp.cpp:221] parsePacket(): could not receive data: 9
[ 91093][E][WiFiUdp.cpp:221] parsePacket(): could not receive data: 9
[ 91099][E][WiFiUdp.cpp:221] parsePacket(): could not receive data: 9
[ 91105][E][WiFiUdp.cpp:221] parsePacket(): could not receive data: 9
[ 91111][E][WiFiUdp.cpp:221] parsePacket(): could not receive data: 9
[ 91117][E][WiFiUdp.cpp:221] parsePacket(): could not receive data: 9
[ 91123][E][WiFiUdp.cpp:221] parsePacket(): could not receive data: 9
[ 91129][E][WiFiUdp.cpp:221] parsePacket(): could not receive data: 9
[ 91135][E][WiFiUdp.cpp:221] parsePacket(): could not receive data: 9
[ 91141][E][WiFiUdp.cpp:221] parsePacket(): could not receive data: 9
[ 91147][E][WiFiUdp.cpp:221] parsePacket(): could not receive data: 9
[ 91153][E][WiFiUdp.cpp:221] parsePacket(): could not receive data: 9
[ 91159][E][WiFiUdp.cpp:221] parsePacket(): could not receive data: 9
[ 91165][E][WiFiUdp.cpp:221] parsePacket(): could not receive data: 9
[ 91171][E][WiFiUdp.cpp:221] parsePacket(): could not receive data: 9
[ 91177][E][WiFiUdp.cpp:221] parsePacket(): could not receive data: 9
[ 91183][E][WiFiUdp.cpp:221] parsePacket(): could not receive data: 9
[ 91189][E][WiFiUdp.cpp:221] parsePacket(): could not receive data: 9
[ 91195][E][WiFiUdp.cpp:221] parsePacket(): could not receive data: 9
[ 91201][E][WiFiUdp.cpp:221] parsePacket(): could not receive data: 9
[ 91207][E][WiFiUdp.cpp:221] parsePacket(): could not receive data: 9
[ 91213][E][WiFiUdp.cpp:221] parsePacket(): could not receive data: 9
[ 91219][E][WiFiUdp.cpp:221] parsePacket(): could not receive data: 9
[ 91225][E][WiFiUdp.cpp:221] parsePacket(): could not receive data: 9
[ 91231][E][WiFiUdp.cpp:221] parsePacket(): could not receive data: 9
[ 91237][E][WiFiUdp.cpp:221] parsePacket(): could not receive data: 9
[ 91243][E][WiFiUdp.cpp:221] parsePacket(): could not receive data: 9
[ 91249][E][WiFiUdp.cpp:221] parsePacket(): could not receive data: 9
[ 91255][E][WiFiUdp.cpp:221] parsePacket(): could not receive data: 9
[ 91261][E][WiFiUdp.cpp:221] parsePacket(): could not receive data: 9
[ 91267][E][WiFiUdp.cpp:221] parsePacket(): could not receive data: 9
[ 91273][E][WiFiUdp.cpp:221] parsePacket(): could not receive data: 9
[ 91279][E][WiFiUdp.cpp:221] parsePacket(): could not receive data: 9
[ 91285][E][WiFiUdp.cpp:221] parsePacket(): could not receive data: 9
[ 91291][E][WiFiUdp.cpp:221] parsePacket(): could not receive data: 9
[ 91297][E][WiFiUdp.cpp:221] parsePacket(): could not receive data: 9
[CON ]...accept() fd=50 free=132488
[CON ]...Client authenticated on port 2323. free heap=127272
-[ 91305][E][WiFiUdp.cpp:221] parsePacket(): could not receive data: 9
-[ 91311][E][WiFiUdp.cpp:221] parsePacket(): could not receive data: 9
i[ 91317][E][WiFiUdp.cpp:221] parsePacket(): could not receive data: 9
n[ 91323][E][WiFiUdp.cpp:221] parsePacket(): could not receive data: 9
j[ 91329][E][WiFiUdp.cpp:221] parsePacket(): could not receive data: 9
e[ 91335][E][WiFiUdp.cpp:221] parsePacket(): could not receive data: 9
c[ 91341][E][WiFiUdp.cpp:221] parsePacket(): could not receive data: 9
t[ 91347][E][WiFiUdp.cpp:221] parsePacket(): could not receive data: 9
m[ 91353][E][WiFiUdp.cpp:221] parsePacket(): could not receive data: 9
s[ 91359][E][WiFiUdp.cpp:221] parsePacket(): could not receive data: 9
g[ 91366][E][WiFiUdp.cpp:221] parsePacket(): could not receive data: 9
 [ 91372][E][WiFiUdp.cpp:221] parsePacket(): could not receive data: 9
T[ 91379][E][WiFiUdp.cpp:221] parsePacket(): could not receive data: 9
E[ 91386][E][WiFiUdp.cpp:221] parsePacket(): could not receive data: 9
5[ 91393][E][WiFiUdp.cpp:221] parsePacket(): could not receive data: 9
T[ 91401][E][WiFiUdp.cpp:221] parsePacket(): could not receive data: 9
-[ 91407][E][WiFiUdp.cpp:221] parsePacket(): could not receive data: 9
1[ 91414][E][WiFiUdp.cpp:221] parsePacket(): could not receive data: 9
 [ 91421][E][WiFiUdp.cpp:221] parsePacket(): could not receive data: 9
{[ 91428][E][WiFiUdp.cpp:221] parsePacket(): could not receive data: 9
S[ 91435][E][WiFiUdp.cpp:221] parsePacket(): could not receive data: 9
E[ 91442][E][WiFiUdp.cpp:221] parsePacket(): could not receive data: 9
T[ 91448][E][WiFiUdp.cpp:221] parsePacket(): could not receive data: 9
}[ 91455][E][WiFiUdp.cpp:221] parsePacket(): could not receive data: 9
2[ 91461][E][WiFiUdp.cpp:221] parsePacket(): could not receive data: 9
;[ 91467][E][WiFiUdp.cpp:221] parsePacket(): could not receive data: 9
2[ 91473][E][WiFiUdp.cpp:221] parsePacket(): could not receive data: 9
;[ 91479][E][WiFiUdp.cpp:221] parsePacket(): could not receive data: 9
[ 91485][E][WiFiUdp.cpp:221] parsePacket(): could not receive data: 9

[INJECT];ok;id;00C1F35C;dst;TE5T-1;src;DK5EN-93;len;9
[ 91497][E][WiFiUdp.cpp:221] parsePacket(): could not receive data: 9
[INSTR-LOOP] gap ms 2795 in display_rx section_ms 2780 sections_ms 2780
[CON ]...Client disconnected. free heap=134520
[ 94316][E][WiFiUdp.cpp:221] parsePacket(): could not receive data: 9
[ 94327][E][WiFiUdp.cpp:221] parsePacket(): could not receive data: 9
[ 94334][E][WiFiUdp.cpp:221] parsePacket(): could not receive data: 9
[ 94340][E][WiFiUdp.cpp:221] parsePacket(): could not receive data: 9
[ 94346][E][WiFiUdp.cpp:221] parsePacket(): could not receive data: 9
[ 94352][E][WiFiUdp.cpp:221] parsePacket(): could not receive data: 9
[ 94358][E][WiFiUdp.cpp:221] parsePacket(): could not receive data: 9
[ 94364][E][WiFiUdp.cpp:221] parsePacket(): could not receive data: 9
[ 94370][E][WiFiUdp.cpp:221] parsePacket(): could not receive data: 9
[ 94376][E][WiFiUdp.cpp:221] parsePacket(): could not receive data: 9
[ 94382][E][WiFiUdp.cpp:221] parsePacket(): could not receive data: 9
[ 94388][E][WiFiUdp.cpp:221] parsePacket(): could not receive data: 9
[ 94394][E][WiFiUdp.cpp:221] parsePacket(): could not receive data: 9
[ 94400][E][WiFiUdp.cpp:221] parsePacket(): could not receive data: 9
[ 94406][E][WiFiUdp.cpp:221] parsePacket(): could not receive data: 9
[ 94412][E][WiFiUdp.cpp:221] parsePacket(): could not receive data: 9
[ 94418][E][WiFiUdp.cpp:221] parsePacket(): could not receive data: 9
[ 94424][E][WiFiUdp.cpp:221] parsePacket(): could not receive data: 9
[ 94430][E][WiFiUdp.cpp:221] parsePacket(): could not receive data: 9
[ 94436][E][WiFiUdp.cpp:221] parsePacket(): could not receive data: 9
[ 94442][E][WiFiUdp.cpp:221] parsePacket(): could not receive data: 9
[ 94448][E][WiFiUdp.cpp:221] parsePacket(): could not receive data: 9
[ 94454][E][WiFiUdp.cpp:221] parsePacket(): could not receive data: 9
[ 94460][E][WiFiUdp.cpp:221] parsePacket(): could not receive data: 9
[ 94466][E][WiFiUdp.cpp:221] parsePacket(): could not receive data: 9
[ 94472][E][WiFiUdp.cpp:221] parsePacket(): could not receive data: 9
[ 94478][E][WiFiUdp.cpp:221] parsePacket(): could not receive data: 9
[ 94484][E][WiFiUdp.cpp:221] parsePacket(): could not receive data: 9
[ 94490][E][WiFiUdp.cpp:221] parsePacket(): could not receive data: 9
[ 94496][E][WiFiUdp.cpp:221] parsePacket(): could not receive data: 9
[ 94502][E][WiFiUdp.cpp:221] parsePacket(): could not receive data: 9
[ 94508][E][WiFiUdp.cpp:221] parsePacket(): could not receive data: 9
[ 94514][E][WiFiUdp.cpp:221] parsePacket(): could not receive data: 9
[ 94520][E][WiFiUdp.cpp:221] parsePacket(): could not receive data: 9
[ 94526][E][WiFiUdp.cpp:221] parsePacket(): could not receive data: 9
[ 94531][E][WiFiUdp.cpp:221] parsePacket(): could not receive data: 9
[ 94537][E][WiFiUdp.cpp:221] parsePacket(): could not receive data: 9
[ 94543][E][WiFiUdp.cpp:221] parsePacket(): could not receive data: 9
[ 94549][E][WiFiUdp.cpp:221] parsePacket(): could not receive data: 9
[ 94555][E][WiFiUdp.cpp:221] parsePacket(): could not receive data: 9
[ 94561][E][WiFiUdp.cpp:221] parsePacket(): could not receive data: 9
[ 94567][E][WiFiUdp.cpp:221] parsePacket(): could not receive data: 9
[ 94573][E][WiFiUdp.cpp:221] parsePacket(): could not receive data: 9
[ 94579][E][WiFiUdp.cpp:221] parsePacket(): could not receive data: 9
[ 94585][E][WiFiUdp.cpp:221] parsePacket(): could not receive data: 9
[ 94591][E][WiFiUdp.cpp:221] parsePacket(): could not receive data: 9
[ 94597][E][WiFiUdp.cpp:221] parsePacket(): could not receive data: 9
[ 94603][E][WiFiUdp.cpp:221] parsePacket(): could not receive data: 9
[ 94609][E][WiFiUdp.cpp:221] parsePacket(): could not receive data: 9
[ 94615][E][WiFiUdp.cpp:221] parsePacket(): could not receive data: 9
[ 94621][E][WiFiUdp.cpp:221] parsePacket(): could not receive data: 9
[ 94627][E][WiFiUdp.cpp:221] parsePacket(): could not receive data: 9
[ 94633][E][WiFiUdp.cpp:221] parsePacket(): could not receive data: 9
[ 94639][E][WiFiUdp.cpp:221] parsePacket(): could not receive data: 9
[ 94645][E][WiFiUdp.cpp:221] parsePacket(): could not receive data: 9
[ 94651][E][WiFiUdp.cpp:221] parsePacket(): could not receive data: 9
[ 94657][E][WiFiUdp.cpp:221] parsePacket(): could not receive data: 9
[ 94663][E][WiFiUdp.cpp:221] parsePacket(): could not receive data: 9
[ 94669][E][WiFiUdp.cpp:221] parsePacket(): could not receive data: 9
[ 94675][E][WiFiUdp.cpp:221] parsePacket(): could not receive data: 9
[ 94681][E][WiFiUdp.cpp:221] parsePacket(): could not receive data: 9
[ 94687][E][WiFiUdp.cpp:221] parsePacket(): could not receive data: 9
[ 94693][E][WiFiUdp.cpp:221] parsePacket(): could not receive data: 9
[ 94699][E][WiFiUdp.cpp:221] parsePacket(): could not receive data: 9
[ 94705][E][WiFiUdp.cpp:221] parsePacket(): could not receive data: 9
[ 94711][E][WiFiUdp.cpp:221] parsePacket(): could not receive data: 9
[ 94717][E][WiFiUdp.cpp:221] parsePacket(): could not receive data: 9
[ 94723][E][WiFiUdp.cpp:221] parsePacket(): could not receive data: 9
[ 94729][E][WiFiUdp.cpp:221] parsePacket(): could not receive data: 9
[ 94735][E][WiFiUdp.cpp:221] parsePacket(): could not receive data: 9
[ 94741][E][WiFiUdp.cpp:221] parsePacket(): could not receive data: 9
[ 94747][E][WiFiUdp.cpp:221] parsePacket(): could not receive data: 9
[ 94753][E][WiFiUdp.cpp:221] parsePacket(): could not receive data: 9
[ 94759][E][WiFiUdp.cpp:221] parsePacket(): could not receive data: 9
[ 94765][E][WiFiUdp.cpp:221] parsePacket(): could not receive data: 9
[ 94771][E][WiFiUdp.cpp:221] parsePacket(): could not receive data: 9
[ 94777][E][WiFiUdp.cpp:221] parsePacket(): could not receive data: 9
[ 94783][E][WiFiUdp.cpp:221] parsePacket(): could not receive data: 9
[ 94789][E][WiFiUdp.cpp:221] parsePacket(): could not receive data: 9
[ 94795][E][WiFiUdp.cpp:221] parsePacket(): could not receive data: 9
[ 94801][E][WiFiUdp.cpp:221] parsePacket(): could not receive data: 9
[ 94807][E][WiFiUdp.cpp:221] parsePacket(): could not receive data: 9
[ 94813][E][WiFiUdp.cpp:221] parsePacket(): could not receive data: 9
[ 94819][E][WiFiUdp.cpp:221] parsePacket(): could not receive data: 9
[ 94825][E][WiFiUdp.cpp:221] parsePacket(): could not receive data: 9
[ 94831][E][WiFiUdp.cpp:221] parsePacket(): could not receive data: 9
[ 94837][E][WiFiUdp.cpp:221] parsePacket(): could not receive data: 9
[ 94843][E][WiFiUdp.cpp:221] parsePacket(): could not receive data: 9
[ 94849][E][WiFiUdp.cpp:221] parsePacket(): could not receive data: 9
[ 94855][E][WiFiUdp.cpp:221] parsePacket(): could not receive data: 9
[ 94861][E][WiFiUdp.cpp:221] parsePacket(): could not receive data: 9
[ 94867][E][WiFiUdp.cpp:221] parsePacket(): could not receive data: 9
[ 94873][E][WiFiUdp.cpp:221] parsePacket(): could not receive data: 9
[ 94879][E][WiFiUdp.cpp:221] parsePacket(): could not receive data: 9
[ 94885][E][WiFiUdp.cpp:221] parsePacket(): could not receive data: 9
[ 94891][E][WiFiUdp.cpp:221] parsePacket(): could not receive data: 9
[ 94896][E][WiFiUdp.cpp:221] parsePacket(): could not receive data: 9
[ 94902][E][WiFiUdp.cpp:221] parsePacket(): could not receive data: 9
[ 94908][E][WiFiUdp.cpp:221] parsePacket(): could not receive data: 9
[ 94914][E][WiFiUdp.cpp:221] parsePacket(): could not receive data: 9
[ 94920][E][WiFiUdp.cpp:221] parsePacket(): could not receive data: 9
[ 94926][E][WiFiUdp.cpp:221] parsePacket(): could not receive data: 9
[ 94932][E][WiFiUdp.cpp:221] parsePacket(): could not receive data: 9
[ 94938][E][WiFiUdp.cpp:221] parsePacket(): could not receive data: 9
[ 94944][E][WiFiUdp.cpp:221] parsePacket(): could not receive data: 9
[ 94950][E][WiFiUdp.cpp:221] parsePacket(): could not receive data: 9
[ 94956][E][WiFiUdp.cpp:221] parsePacket(): could not receive data: 9
[ 94962][E][WiFiUdp.cpp:221] parsePacket(): could not receive data: 9
[ 94968][E][WiFiUdp.cpp:221] parsePacket(): could not receive data: 9
[ 94974][E][WiFiUdp.cpp:221] parsePacket(): could not receive data: 9
[ 94980][E][WiFiUdp.cpp:221] parsePacket(): could not receive data: 9
[ 94986][E][WiFiUdp.cpp:221] parsePacket(): could not receive data: 9
[ 94992][E][WiFiUdp.cpp:221] parsePacket(): could not receive data: 9
[ 94998][E][WiFiUdp.cpp:221] parsePacket(): could not receive data: 9
[ 95004][E][WiFiUdp.cpp:221] parsePacket(): could not receive data: 9
[ 95010][E][WiFiUdp.cpp:221] parsePacket(): could not receive data: 9
[ 95016][E][WiFiUdp.cpp:221] parsePacket(): could not receive data: 9
[ 95022][E][WiFiUdp.cpp:221] parsePacket(): could not receive data: 9
[ 95028][E][WiFiUdp.cpp:221] parsePacket(): could not receive data: 9
[ 95034][E][WiFiUdp.cpp:221] parsePacket(): could not receive data: 9
[ 95040][E][WiFiUdp.cpp:221] parsePacket(): could not receive data: 9
[ 95046][E][WiFiUdp.cpp:221] parsePacket(): could not receive data: 9
[ 95052][E][WiFiUdp.cpp:221] parsePacket(): could not receive data: 9
[ 95058][E][WiFiUdp.cpp:221] parsePacket(): could not receive data: 9
[ 95064][E][WiFiUdp.cpp:221] parsePacket(): could not receive data: 9
[ 95070][E][WiFiUdp.cpp:221] parsePacket(): could not receive data: 9
[ 95076][E][WiFiUdp.cpp:221] parsePacket(): could not receive data: 9
[ 95081][E][WiFiUdp.cpp:221] parsePacket(): could not receive data: 9
[ 95087][E][WiFiUdp.cpp:221] parsePacket(): could not receive data: 9
[ 95093][E][WiFiUdp.cpp:221] parsePacket(): could not receive data: 9
[ 95099][E][WiFiUdp.cpp:221] parsePacket(): could not receive data: 9
[ 95105][E][WiFiUdp.cpp:221] parsePacket(): could not receive data: 9
[ 95111][E][WiFiUdp.cpp:221] parsePacket(): could not receive data: 9
[ 95117][E][WiFiUdp.cpp:221] parsePacket(): could not receive data: 9
[ 95123][E][WiFiUdp.cpp:221] parsePacket(): could not receive data: 9
[ 95129][E][WiFiUdp.cpp:221] parsePacket(): could not receive data: 9
[ 95135][E][WiFiUdp.cpp:221] parsePacket(): could not receive data: 9
[ 95141][E][WiFiUdp.cpp:221] parsePacket(): could not receive data: 9
[ 95147][E][WiFiUdp.cpp:221] parsePacket(): could not receive data: 9
[ 95153][E][WiFiUdp.cpp:221] parsePacket(): could not receive data: 9
[ 95159][E][WiFiUdp.cpp:221] parsePacket(): could not receive data: 9
[ 95165][E][WiFiUdp.cpp:221] parsePacket(): could not receive data: 9
[ 95171][E][WiFiUdp.cpp:221] parsePacket(): could not receive data: 9
[ 95177][E][WiFiUdp.cpp:221] parsePacket(): could not receive data: 9
[ 95183][E][WiFiUdp.cpp:221] parsePacket(): could not receive data: 9
[ 95189][E][WiFiUdp.cpp:221] parsePacket(): could not receive data: 9
[ 95195][E][WiFiUdp.cpp:221] parsePacket(): could not receive data: 9
[ 95201][E][WiFiUdp.cpp:221] parsePacket(): could not receive data: 9
[ 95207][E][WiFiUdp.cpp:221] parsePacket(): could not receive data: 9
[ 95213][E][WiFiUdp.cpp:221] parsePacket(): could not receive data: 9
[ 95219][E][WiFiUdp.cpp:221] parsePacket(): could not receive data: 9
[ 95225][E][WiFiUdp.cpp:221] parsePacket(): could not receive data: 9
[ 95231][E][WiFiUdp.cpp:221] parsePacket(): could not receive data: 9
[ 95237][E][WiFiUdp.cpp:221] parsePacket(): could not receive data: 9
[ 95243][E][WiFiUdp.cpp:221] parsePacket(): could not receive data: 9
[ 95249][E][WiFiUdp.cpp:221] parsePacket(): could not receive data: 9
[ 95255][E][WiFiUdp.cpp:221] parsePacket(): could not receive data: 9
[ 95261][E][WiFiUdp.cpp:221] parsePacket(): could not receive data: 9
[ 95267][E][WiFiUdp.cpp:221] parsePacket(): could not receive data: 9
[ 95273][E][WiFiUdp.cpp:221] parsePacket(): could not receive data: 9
[ 95279][E][WiFiUdp.cpp:221] parsePacket(): could not receive data: 9
[ 95285][E][WiFiUdp.cpp:221] parsePacket(): could not receive data: 9
[ 95291][E][WiFiUdp.cpp:221] parsePacket(): could not receive data: 9
[ 95297][E][WiFiUdp.cpp:221] parsePacket(): could not receive data: 9
[ 95303][E][WiFiUdp.cpp:221] parsePacket(): could not receive data: 9
[ 95309][E][WiFiUdp.cpp:221] parsePacket(): could not receive data: 9
[ 95315][E][WiFiUdp.cpp:221] parsePacket(): could not receive data: 9
[ 95321][E][WiFiUdp.cpp:221] parsePacket(): could not receive data: 9
[ 95327][E][WiFiUdp.cpp:221] parsePacket(): could not receive data: 9
[ 95333][E][WiFiUdp.cpp:221] parsePacket(): could not receive data: 9
[ 95339][E][WiFiUdp.cpp:221] parsePacket(): could not receive data: 9
[ 95345][E][WiFiUdp.cpp:221] parsePacket(): could not receive data: 9
[ 95351][E][WiFiUdp.cpp:221] parsePacket(): could not receive data: 9
[ 95357][E][WiFiUdp.cpp:221] parsePacket(): could not receive data: 9
[ 95363][E][WiFiUdp.cpp:221] parsePacket(): could not receive data: 9
[ 95369][E][WiFiUdp.cpp:221] parsePacket(): could not receive data: 9
[ 95375][E][WiFiUdp.cpp:221] parsePacket(): could not receive data: 9
[ 95381][E][WiFiUdp.cpp:221] parsePacket(): could not receive data: 9
[ 95387][E][WiFiUdp.cpp:221] parsePacket(): could not receive data: 9
[ 95392][E][WiFiUdp.cpp:221] parsePacket(): could not receive data: 9
[ 95398][E][WiFiUdp.cpp:221] parsePacket(): could not receive data: 9
[ 95404][E][WiFiUdp.cpp:221] parsePacket(): could not receive data: 9
[ 95410][E][WiFiUdp.cpp:221] parsePacket(): could not receive data: 9
[ 95416][E][WiFiUdp.cpp:221] parsePacket(): could not receive data: 9
[ 95422][E][WiFiUdp.cpp:221] parsePacket(): could not receive data: 9
[ 95428][E][WiFiUdp.cpp:221] parsePacket(): could not receive data: 9
[ 95434][E][WiFiUdp.cpp:221] parsePacket(): could not receive data: 9
[ 95440][E][WiFiUdp.cpp:221] parsePacket(): could not receive data: 9
[ 95446][E][WiFiUdp.cpp:221] parsePacket(): could not receive data: 9
[ 95452][E][WiFiUdp.cpp:221] parsePacket(): could not receive data: 9
[ 95458][E][WiFiUdp.cpp:221] parsePacket(): could not receive data: 9
[ 95464][E][WiFiUdp.cpp:221] parsePacket(): could not receive data: 9
[ 95470][E][WiFiUdp.cpp:221] parsePacket(): could not receive data: 9
[ 95476][E][WiFiUdp.cpp:221] parsePacket(): could not receive data: 9
[ 95482][E][WiFiUdp.cpp:221] parsePacket(): could not receive data: 9
[ 95488][E][WiFiUdp.cpp:221] parsePacket(): could not receive data: 9
[ 95494][E][WiFiUdp.cpp:221] parsePacket(): could not receive data: 9
[ 95500][E][WiFiUdp.cpp:221] parsePacket(): could not receive data: 9
[ 95506][E][WiFiUdp.cpp:221] parsePacket(): could not receive data: 9
[ 95512][E][WiFiUdp.cpp:221] parsePacket(): could not receive data: 9
[ 95518][E][WiFiUdp.cpp:221] parsePacket(): could not receive data: 9
[ 95524][E][WiFiUdp.cpp:221] parsePacket(): could not receive data: 9
[ 95530][E][WiFiUdp.cpp:221] parsePacket(): could not receive data: 9
[ 95536][E][WiFiUdp.cpp:221] parsePacket(): could not receive data: 9
[ 95542][E][WiFiUdp.cpp:221] parsePacket(): could not receive data: 9
[ 95548][E][WiFiUdp.cpp:221] parsePacket(): could not receive data: 9
[ 95554][E][WiFiUdp.cpp:221] parsePacket(): could not receive data: 9
[ 95560][E][WiFiUdp.cpp:221] parsePacket(): could not receive data: 9
[ 95566][E][WiFiUdp.cpp:221] parsePacket(): could not receive data: 9
[ 95572][E][WiFiUdp.cpp:221] parsePacket(): could not receive data: 9
[ 95578][E][WiFiUdp.cpp:221] parsePacket(): could not receive data: 9
[ 95584][E][WiFiUdp.cpp:221] parsePacket(): could not receive data: 9
[ 95590][E][WiFiUdp.cpp:221] parsePacket(): could not receive data: 9
[ 95596][E][WiFiUdp.cpp:221] parsePacket(): could not receive data: 9
[ 95602][E][WiFiUdp.cpp:221] parsePacket(): could not receive data: 9
[ 95608][E][WiFiUdp.cpp:221] parsePacket(): could not receive data: 9
[ 95614][E][WiFiUdp.cpp:221] parsePacket(): could not receive data: 9
[ 95620][E][WiFiUdp.cpp:221] parsePacket(): could not receive data: 9
[ 95626][E][WiFiUdp.cpp:221] parsePacket(): could not receive data: 9
[ 95632][E][WiFiUdp.cpp:221] parsePacket(): could not receive data: 9
[ 95638][E][WiFiUdp.cpp:221] parsePacket(): could not receive data: 9
[ 95644][E][WiFiUdp.cpp:221] parsePacket(): could not receive data: 9
[ 95650][E][WiFiUdp.cpp:221] parsePacket(): could not receive data: 9
[ 95656][E][WiFiUdp.cpp:221] parsePacket(): could not receive data: 9
[ 95662][E][WiFiUdp.cpp:221] parsePacket(): could not receive data: 9
[ 95668][E][WiFiUdp.cpp:221] parsePacket(): could not receive data: 9
[ 95674][E][WiFiUdp.cpp:221] parsePacket(): could not receive data: 9
[ 95680][E][WiFiUdp.cpp:221] parsePacket(): could not receive data: 9
[ 95686][E][WiFiUdp.cpp:221] parsePacket(): could not receive data: 9
[ 95692][E][WiFiUdp.cpp:221] parsePacket(): could not receive data: 9
[ 95698][E][WiFiUdp.cpp:221] parsePacket(): could not receive data: 9
[ 95704][E][WiFiUdp.cpp:221] parsePacket(): could not receive data: 9
[ 95710][E][WiFiUdp.cpp:221] parsePacket(): could not receive data: 9
[ 95716][E][WiFiUdp.cpp:221] parsePacket(): could not receive data: 9
[ 95722][E][WiFiUdp.cpp:221] parsePacket(): could not receive data: 9
[ 95728][E][WiFiUdp.cpp:221] parsePacket(): could not receive data: 9
[ 95734][E][WiFiUdp.cpp:221] parsePacket(): could not receive data: 9
[ 95740][E][WiFiUdp.cpp:221] parsePacket(): could not receive data: 9
[ 95746][E][WiFiUdp.cpp:221] parsePacket(): could not receive data: 9
[ 95752][E][WiFiUdp.cpp:221] parsePacket(): could not receive data: 9
[ 95758][E][WiFiUdp.cpp:221] parsePacket(): could not receive data: 9
[ 95764][E][WiFiUdp.cpp:221] parsePacket(): could not receive data: 9
[ 95770][E][WiFiUdp.cpp:221] parsePacket(): could not receive data: 9
[ 95776][E][WiFiUdp.cpp:221] parsePacket(): could not receive data: 9
[ 95782][E][WiFiUdp.cpp:221] parsePacket(): could not receive data: 9
[ 95788][E][WiFiUdp.cpp:221] parsePacket(): could not receive data: 9
[ 95794][E][WiFiUdp.cpp:221] parsePacket(): could not receive data: 9
[ 95800][E][WiFiUdp.cpp:221] parsePacket(): could not receive data: 9
[ 95806][E][WiFiUdp.cpp:221] parsePacket(): could not receive data: 9
[ 95812][E][WiFiUdp.cpp:221] parsePacket(): could not receive data: 9
[ 95818][E][WiFiUdp.cpp:221] parsePacket(): could not receive data: 9
[ 95824][E][WiFiUdp.cpp:221] parsePacket(): could not receive data: 9
[ 95830][E][WiFiUdp.cpp:221] parsePacket(): could not receive data: 9
[ 95836][E][WiFiUdp.cpp:221] parsePacket(): could not receive data: 9
[ 95842][E][WiFiUdp.cpp:221] parsePacket(): could not receive data: 9
[ 95848][E][WiFiUdp.cpp:221] parsePacket(): could not receive data: 9
[ 95854][E][WiFiUdp.cpp:221] parsePacket(): could not receive data: 9
[ 95859][E][WiFiUdp.cpp:221] parsePacket(): could not receive data: 9
[ 95864][E][WiFiUdp.cpp:221] parsePacket(): could not receive data: 9
[ 95870][E][WiFiUdp.cpp:221] parsePacket(): could not receive data: 9
[ 95876][E][WiFiUdp.cpp:221] parsePacket(): could not receive data: 9
[ 95882][E][WiFiUdp.cpp:221] parsePacket(): could not receive data: 9
[ 95888][E][WiFiUdp.cpp:221] parsePacket(): could not receive data: 9
[ 95894][E][WiFiUdp.cpp:221] parsePacket(): could not receive data: 9
[ 95900][E][WiFiUdp.cpp:221] parsePacket(): could not receive data: 9
[ 95906][E][WiFiUdp.cpp:221] parsePacket(): could not receive data: 9
[ 95912][E][WiFiUdp.cpp:221] parsePacket(): could not receive data: 9
[ 95918][E][WiFiUdp.cpp:221] parsePacket(): could not receive data: 9
[ 95924][E][WiFiUdp.cpp:221] parsePacket(): could not receive data: 9
[ 95930][E][WiFiUdp.cpp:221] parsePacket(): could not receive data: 9
[ 95936][E][WiFiUdp.cpp:221] parsePacket(): could not receive data: 9
[ 95942][E][WiFiUdp.cpp:221] parsePacket(): could not receive data: 9
[ 95948][E][WiFiUdp.cpp:221] parsePacket(): could not receive data: 9
[ 95954][E][WiFiUdp.cpp:221] parsePacket(): could not receive data: 9
[ 95960][E][WiFiUdp.cpp:221] parsePacket(): could not receive data: 9
[ 95966][E][WiFiUdp.cpp:221] parsePacket(): could not receive data: 9
[ 95972][E][WiFiUdp.cpp:221] parsePacket(): could not receive data: 9
[ 95978][E][WiFiUdp.cpp:221] parsePacket(): could not receive data: 9
[ 95983][E][WiFiUdp.cpp:221] parsePacket(): could not receive data: 9
[ 95988][E][WiFiUdp.cpp:221] parsePacket(): could not receive data: 9
[ 95994][E][WiFiUdp.cpp:221] parsePacket(): could not receive data: 9
[ 96000][E][WiFiUdp.cpp:221] parsePacket(): could not receive data: 9
[ 96006][E][WiFiUdp.cpp:221] parsePacket(): could not receive data: 9
[ 96012][E][WiFiUdp.cpp:221] parsePacket(): could not receive data: 9
[ 96018][E][WiFiUdp.cpp:221] parsePacket(): could not receive data: 9
[ 96024][E][WiFiUdp.cpp:221] parsePacket(): could not receive data: 9
[ 96030][E][WiFiUdp.cpp:221] parsePacket(): could not receive data: 9
[ 96036][E][WiFiUdp.cpp:221] parsePacket(): could not receive data: 9
[ 96042][E][WiFiUdp.cpp:221] parsePacket(): could not receive data: 9
[ 96048][E][WiFiUdp.cpp:221] parsePacket(): could not receive data: 9
[ 96054][E][WiFiUdp.cpp:221] parsePacket(): could not receive data: 9
[ 96060][E][WiFiUdp.cpp:221] parsePacket(): could not receive data: 9
[ 96065][E][WiFiUdp.cpp:221] parsePacket(): could not receive data: 9
[ 96072][E][WiFiUdp.cpp:221] parsePacket(): could not receive data: 9
[ 96078][E][WiFiUdp.cpp:221] parsePacket(): could not receive data: 9
[ 96084][E][WiFiUdp.cpp:221] parsePacket(): could not receive data: 9
[ 96090][E][WiFiUdp.cpp:221] parsePacket(): could not receive data: 9
[ 96096][E][WiFiUdp.cpp:221] parsePacket(): could not receive data: 9
[ 96102][E][WiFiUdp.cpp:221] parsePacket(): could not receive data: 9
[ 96108][E][WiFiUdp.cpp:221] parsePacket(): could not receive data: 9
[ 96114][E][WiFiUdp.cpp:221] parsePacket(): could not receive data: 9
[ 96120][E][WiFiUdp.cpp:221] parsePacket(): could not receive data: 9
[ 96126][E][WiFiUdp.cpp:221] parsePacket(): could not receive data: 9
[ 96132][E][WiFiUdp.cpp:221] parsePacket(): could not receive data: 9
[ 96138][E][WiFiUdp.cpp:221] parsePacket(): could not receive data: 9
[ 96144][E][WiFiUdp.cpp:221] parsePacket(): could not receive data: 9
[ 96150][E][WiFiUdp.cpp:221] parsePacket(): could not receive data: 9
[ 96156][E][WiFiUdp.cpp:221] parsePacket(): could not receive data: 9
[ 96162][E][WiFiUdp.cpp:221] parsePacket(): could not receive data: 9
[ 96168][E][WiFiUdp.cpp:221] parsePacket(): could not receive data: 9
[ 96174][E][WiFiUdp.cpp:221] parsePacket(): could not receive data: 9
[ 96180][E][WiFiUdp.cpp:221] parsePacket(): could not receive data: 9
[ 96186][E][WiFiUdp.cpp:221] parsePacket(): could not receive data: 9
[ 96192][E][WiFiUdp.cpp:221] parsePacket(): could not receive data: 9
[ 96198][E][WiFiUdp.cpp:221] parsePacket(): could not receive data: 9
[ 96204][E][WiFiUdp.cpp:221] parsePacket(): could not receive data: 9
[ 96210][E][WiFiUdp.cpp:221] parsePacket(): could not receive data: 9
[ 96216][E][WiFiUdp.cpp:221] parsePacket(): could not receive data: 9
[ 96222][E][WiFiUdp.cpp:221] parsePacket(): could not receive data: 9
[ 96228][E][WiFiUdp.cpp:221] parsePacket(): could not receive data: 9
[ 96234][E][WiFiUdp.cpp:221] parsePacket(): could not receive data: 9
[ 96240][E][WiFiUdp.cpp:221] parsePacket(): could not receive data: 9
[ 96246][E][WiFiUdp.cpp:221] parsePacket(): could not receive data: 9
[ 96252][E][WiFiUdp.cpp:221] parsePacket(): could not receive data: 9
[ 96258][E][WiFiUdp.cpp:221] parsePacket(): could not receive data: 9
[ 96264][E][WiFiUdp.cpp:221] parsePacket(): could not receive data: 9
[ 96270][E][WiFiUdp.cpp:221] parsePacket(): could not receive data: 9
[ 96276][E][WiFiUdp.cpp:221] parsePacket(): could not receive data: 9
[ 96282][E][WiFiUdp.cpp:221] parsePacket(): could not receive data: 9
[ 96288][E][WiFiUdp.cpp:221] parsePacket(): could not receive data: 9
[ 96294][E][WiFiUdp.cpp:221] parsePacket(): could not receive data: 9
[ 96300][E][WiFiUdp.cpp:221] parsePacket(): could not receive data: 9
[ 96306][E][WiFiUdp.cpp:221] parsePacket(): could not receive data: 9
[ 96312][E][WiFiUdp.cpp:221] parsePacket(): could not receive data: 9
[ 96318][E][WiFiUdp.cpp:221] parsePacket(): could not receive data: 9
[ 96324][E][WiFiUdp.cpp:221] parsePacket(): could not receive data: 9
[ 96330][E][WiFiUdp.cpp:221] parsePacket(): could not receive data: 9
[ 96336][E][WiFiUdp.cpp:221] parsePacket(): could not receive data: 9
[ 96342][E][WiFiUdp.cpp:221] parsePacket(): could not receive data: 9
[ 96348][E][WiFiUdp.cpp:221] parsePacket(): could not receive data: 9
[ 96354][E][WiFiUdp.cpp:221] parsePacket(): could not receive data: 9
[ 96360][E][WiFiUdp.cpp:221] parsePacket(): could not receive data: 9
[ 96366][E][WiFiUdp.cpp:221] parsePacket(): could not receive data: 9
[ 96372][E][WiFiUdp.cpp:221] parsePacket(): could not receive data: 9
[ 96378][E][WiFiUdp.cpp:221] parsePacket(): could not receive data: 9
[ 96384][E][WiFiUdp.cpp:221] parsePacket(): could not receive data: 9
[ 96390][E][WiFiUdp.cpp:221] parsePacket(): could not receive data: 9
[ 96396][E][WiFiUdp.cpp:221] parsePacket(): could not receive data: 9
[ 96402][E][WiFiUdp.cpp:221] parsePacket(): could not receive data: 9
[ 96408][E][WiFiUdp.cpp:221] parsePacket(): could not receive data: 9
[ 96414][E][WiFiUdp.cpp:221] parsePacket(): could not receive data: 9
[ 96420][E][WiFiUdp.cpp:221] parsePacket(): could not receive data: 9
[ 96426][E][WiFiUdp.cpp:221] parsePacket(): could not receive data: 9
[ 96432][E][WiFiUdp.cpp:221] parsePacket(): could not receive data: 9
[ 96438][E][WiFiUdp.cpp:221] parsePacket(): could not receive data: 9
[ 96444][E][WiFiUdp.cpp:221] parsePacket(): could not receive data: 9
[ 96450][E][WiFiUdp.cpp:221] parsePacket(): could not receive data: 9
[ 96456][E][WiFiUdp.cpp:221] parsePacket(): could not receive data: 9
[ 96462][E][WiFiUdp.cpp:221] parsePacket(): could not receive data: 9
[ 96468][E][WiFiUdp.cpp:221] parsePacket(): could not receive data: 9
[ 96474][E][WiFiUdp.cpp:221] parsePacket(): could not receive data: 9
[ 96480][E][WiFiUdp.cpp:221] parsePacket(): could not receive data: 9
[ 96486][E][WiFiUdp.cpp:221] parsePacket(): could not receive data: 9
[ 96492][E][WiFiUdp.cpp:221] parsePacket(): could not receive data: 9
[ 96498][E][WiFiUdp.cpp:221] parsePacket(): could not receive data: 9
[ 96504][E][WiFiUdp.cpp:221] parsePacket(): could not receive data: 9
[ 96510][E][WiFiUdp.cpp:221] parsePacket(): could not receive data: 9
[ 96516][E][WiFiUdp.cpp:221] parsePacket(): could not receive data: 9
[ 96522][E][WiFiUdp.cpp:221] parsePacket(): could not receive data: 9
[ 96528][E][WiFiUdp.cpp:221] parsePacket(): could not receive data: 9
[ 96534][E][WiFiUdp.cpp:221] parsePacket(): could not receive data: 9
[ 96540][E][WiFiUdp.cpp:221] parsePacket(): could not receive data: 9
[ 96546][E][WiFiUdp.cpp:221] parsePacket(): could not receive data: 9
[ 96552][E][WiFiUdp.cpp:221] parsePacket(): could not receive data: 9
[ 96558][E][WiFiUdp.cpp:221] parsePacket(): could not receive data: 9
[ 96564][E][WiFiUdp.cpp:221] parsePacket(): could not receive data: 9
[ 96570][E][WiFiUdp.cpp:221] parsePacket(): could not receive data: 9
[ 96576][E][WiFiUdp.cpp:221] parsePacket(): could not receive data: 9
[ 96582][E][WiFiUdp.cpp:221] parsePacket(): could not receive data: 9
[ 96588][E][WiFiUdp.cpp:221] parsePacket(): could not receive data: 9
[ 96594][E][WiFiUdp.cpp:221] parsePacket(): could not receive data: 9
[ 96600][E][WiFiUdp.cpp:221] parsePacket(): could not receive data: 9
[ 96606][E][WiFiUdp.cpp:221] parsePacket(): could not receive data: 9
[ 96612][E][WiFiUdp.cpp:221] parsePacket(): could not receive data: 9
[ 96618][E][WiFiUdp.cpp:221] parsePacket(): could not receive data: 9
[ 96624][E][WiFiUdp.cpp:221] parsePacket(): could not receive data: 9
[ 96630][E][WiFiUdp.cpp:221] parsePacket(): could not receive data: 9
[ 96635][E][WiFiUdp.cpp:221] parsePacket(): could not receive data: 9
[ 96641][E][WiFiUdp.cpp:221] parsePacket(): could not receive data: 9
[ 96647][E][WiFiUdp.cpp:221] parsePacket(): could not receive data: 9
[ 96652][E][WiFiUdp.cpp:221] parsePacket(): could not receive data: 9
[ 96658][E][WiFiUdp.cpp:221] parsePacket(): could not receive data: 9
[ 96664][E][WiFiUdp.cpp:221] parsePacket(): could not receive data: 9
[ 96670][E][WiFiUdp.cpp:221] parsePacket(): could not receive data: 9
[ 96676][E][WiFiUdp.cpp:221] parsePacket(): could not receive data: 9
[ 96682][E][WiFiUdp.cpp:221] parsePacket(): could not receive data: 9
[ 96688][E][WiFiUdp.cpp:221] parsePacket(): could not receive data: 9
[ 96694][E][WiFiUdp.cpp:221] parsePacket(): could not receive data: 9
[ 96699][E][WiFiUdp.cpp:221] parsePacket(): could not receive data: 9
[ 96705][E][WiFiUdp.cpp:221] parsePacket(): could not receive data: 9
[ 96711][E][WiFiUdp.cpp:221] parsePacket(): could not receive data: 9
[ 96717][E][WiFiUdp.cpp:221] parsePacket(): could not receive data: 9
[ 96723][E][WiFiUdp.cpp:221] parsePacket(): could not receive data: 9
[ 96729][E][WiFiUdp.cpp:221] parsePacket(): could not receive data: 9
[ 96735][E][WiFiUdp.cpp:221] parsePacket(): could not receive data: 9
[ 96741][E][WiFiUdp.cpp:221] parsePacket(): could not receive data: 9
[ 96747][E][WiFiUdp.cpp:221] parsePacket(): could not receive data: 9
[ 96753][E][WiFiUdp.cpp:221] parsePacket(): could not receive data: 9
[ 96759][E][WiFiUdp.cpp:221] parsePacket(): could not receive data: 9
[ 96765][E][WiFiUdp.cpp:221] parsePacket(): could not receive data: 9
[ 96771][E][WiFiUdp.cpp:221] parsePacket(): could not receive data: 9
[ 96777][E][WiFiUdp.cpp:221] parsePacket(): could not receive data: 9
[ 96782][E][WiFiUdp.cpp:221] parsePacket(): could not receive data: 9
[ 96788][E][WiFiUdp.cpp:221] parsePacket(): could not receive data: 9
[ 96794][E][WiFiUdp.cpp:221] parsePacket(): could not receive data: 9
[ 96800][E][WiFiUdp.cpp:221] parsePacket(): could not receive data: 9
[ 96806][E][WiFiUdp.cpp:221] parsePacket(): could not receive data: 9
[ 96812][E][WiFiUdp.cpp:221] parsePacket(): could not receive data: 9
[ 96818][E][WiFiUdp.cpp:221] parsePacket(): could not receive data: 9
[ 96824][E][WiFiUdp.cpp:221] parsePacket(): could not receive data: 9
[ 96830][E][WiFiUdp.cpp:221] parsePacket(): could not receive data: 9
[ 96836][E][WiFiUdp.cpp:221] parsePacket(): could not receive data: 9
[ 96842][E][WiFiUdp.cpp:221] parsePacket(): could not receive data: 9
[ 96849][E][WiFiUdp.cpp:221] parsePacket(): could not receive data: 9
[ 96855][E][WiFiUdp.cpp:221] parsePacket(): could not receive data: 9
[ 96861][E][WiFiUdp.cpp:221] parsePacket(): could not receive data: 9
[ 96867][E][WiFiUdp.cpp:221] parsePacket(): could not receive data: 9
[ 96873][E][WiFiUdp.cpp:221] parsePacket(): could not receive data: 9
[ 96879][E][WiFiUdp.cpp:221] parsePacket(): could not receive data: 9
[ 96885][E][WiFiUdp.cpp:221] parsePacket(): could not receive data: 9
[ 96891][E][WiFiUdp.cpp:221] parsePacket(): could not receive data: 9
[ 96897][E][WiFiUdp.cpp:221] parsePacket(): could not receive data: 9
[ 96903][E][WiFiUdp.cpp:221] parsePacket(): could not receive data: 9
[ 96909][E][WiFiUdp.cpp:221] parsePacket(): could not receive data: 9
[ 96915][E][WiFiUdp.cpp:221] parsePacket(): could not receive data: 9
[ 96921][E][WiFiUdp.cpp:221] parsePacket(): could not receive data: 9
[ 96927][E][WiFiUdp.cpp:221] parsePacket(): could not receive data: 9
[ 96933][E][WiFiUdp.cpp:221] parsePacket(): could not receive data: 9
[ 96939][E][WiFiUdp.cpp:221] parsePacket(): could not receive data: 9
[ 96945][E][WiFiUdp.cpp:221] parsePacket(): could not receive data: 9
[ 96951][E][WiFiUdp.cpp:221] parsePacket(): could not receive data: 9
[ 96957][E][WiFiUdp.cpp:221] parsePacket(): could not receive data: 9
[ 96963][E][WiFiUdp.cpp:221] parsePacket(): could not receive data: 9
[ 96969][E][WiFiUdp.cpp:221] parsePacket(): could not receive data: 9
[ 96975][E][WiFiUdp.cpp:221] parsePacket(): could not receive data: 9
[ 96981][E][WiFiUdp.cpp:221] parsePacket(): could not receive data: 9
[ 96987][E][WiFiUdp.cpp:221] parsePacket(): could not receive data: 9
[ 96993][E][WiFiUdp.cpp:221] parsePacket(): could not receive data: 9
[ 96999][E][WiFiUdp.cpp:221] parsePacket(): could not receive data: 9
[ 97005][E][WiFiUdp.cpp:221] parsePacket(): could not receive data: 9
[ 97011][E][WiFiUdp.cpp:221] parsePacket(): could not receive data: 9
[ 97016][E][WiFiUdp.cpp:221] parsePacket(): could not receive data: 9
[ 97022][E][WiFiUdp.cpp:221] parsePacket(): could not receive data: 9
[ 97028][E][WiFiUdp.cpp:221] parsePacket(): could not receive data: 9
[ 97034][E][WiFiUdp.cpp:221] parsePacket(): could not receive data: 9
[ 97040][E][WiFiUdp.cpp:221] parsePacket(): could not receive data: 9
[ 97046][E][WiFiUdp.cpp:221] parsePacket(): could not receive data: 9
[ 97052][E][WiFiUdp.cpp:221] parsePacket(): could not receive data: 9
[ 97058][E][WiFiUdp.cpp:221] parsePacket(): could not receive data: 9
[ 97064][E][WiFiUdp.cpp:221] parsePacket(): could not receive data: 9
[ 97070][E][WiFiUdp.cpp:221] parsePacket(): could not receive data: 9
[ 97076][E][WiFiUdp.cpp:221] parsePacket(): could not receive data: 9
[ 97082][E][WiFiUdp.cpp:221] parsePacket(): could not receive data: 9
[ 97088][E][WiFiUdp.cpp:221] parsePacket(): could not receive data: 9
[ 97094][E][WiFiUdp.cpp:221] parsePacket(): could not receive data: 9
[ 97100][E][WiFiUdp.cpp:221] parsePacket(): could not receive data: 9
[ 97106][E][WiFiUdp.cpp:221] parsePacket(): could not receive data: 9
[ 97112][E][WiFiUdp.cpp:221] parsePacket(): could not receive data: 9
[ 97118][E][WiFiUdp.cpp:221] parsePacket(): could not receive data: 9
[ 97124][E][WiFiUdp.cpp:221] parsePacket(): could not receive data: 9
[ 97130][E][WiFiUdp.cpp:221] parsePacket(): could not receive data: 9
[ 97136][E][WiFiUdp.cpp:221] parsePacket(): could not receive data: 9
[ 97142][E][WiFiUdp.cpp:221] parsePacket(): could not receive data: 9
[ 97148][E][WiFiUdp.cpp:221] parsePacket(): could not receive data: 9
[ 97154][E][WiFiUdp.cpp:221] parsePacket(): could not receive data: 9
[ 97160][E][WiFiUdp.cpp:221] parsePacket(): could not receive data: 9
[ 97166][E][WiFiUdp.cpp:221] parsePacket(): could not receive data: 9
[ 97172][E][WiFiUdp.cpp:221] parsePacket(): could not receive data: 9
[ 97178][E][WiFiUdp.cpp:221] parsePacket(): could not receive data: 9
[ 97184][E][WiFiUdp.cpp:221] parsePacket(): could not receive data: 9
[ 97190][E][WiFiUdp.cpp:221] parsePacket(): could not receive data: 9
[ 97196][E][WiFiUdp.cpp:221] parsePacket(): could not receive data: 9
[ 97202][E][WiFiUdp.cpp:221] parsePacket(): could not receive data: 9
[ 97208][E][WiFiUdp.cpp:221] parsePacket(): could not receive data: 9
[ 97214][E][WiFiUdp.cpp:221] parsePacket(): could not receive data: 9
[ 97220][E][WiFiUdp.cpp:221] parsePacket(): could not receive data: 9
[ 97226][E][WiFiUdp.cpp:221] parsePacket(): could not receive data: 9
[ 97232][E][WiFiUdp.cpp:221] parsePacket(): could not receive data: 9
[ 97238][E][WiFiUdp.cpp:221] parsePacket(): could not receive data: 9
[ 97244][E][WiFiUdp.cpp:221] parsePacket(): could not receive data: 9
[ 97250][E][WiFiUdp.cpp:221] parsePacket(): could not receive data: 9
[ 97256][E][WiFiUdp.cpp:221] parsePacket(): could not receive data: 9
[ 97262][E][WiFiUdp.cpp:221] parsePacket(): could not receive data: 9
[ 97268][E][WiFiUdp.cpp:221] parsePacket(): could not receive data: 9
[ 97274][E][WiFiUdp.cpp:221] parsePacket(): could not receive data: 9
[ 97280][E][WiFiUdp.cpp:221] parsePacket(): could not receive data: 9
[ 97286][E][WiFiUdp.cpp:221] parsePacket(): could not receive data: 9
[ 97292][E][WiFiUdp.cpp:221] parsePacket(): could not receive data: 9
[ 97298][E][WiFiUdp.cpp:221] parsePacket(): could not receive data: 9
[ 97304][E][WiFiUdp.cpp:221] parsePacket(): could not receive data: 9
[ 97310][E][WiFiUdp.cpp:221] parsePacket(): could not receive data: 9
[ 97316][E][WiFiUdp.cpp:221] parsePacket(): could not receive data: 9
[ 97322][E][WiFiUdp.cpp:221] parsePacket(): could not receive data: 9
[ 97328][E][WiFiUdp.cpp:221] parsePacket(): could not receive data: 9
[ 97334][E][WiFiUdp.cpp:221] parsePacket(): could not receive data: 9
[ 97340][E][WiFiUdp.cpp:221] parsePacket(): could not receive data: 9
[ 97346][E][WiFiUdp.cpp:221] parsePacket(): could not receive data: 9
[ 97352][E][WiFiUdp.cpp:221] parsePacket(): could not receive data: 9
[ 97358][E][WiFiUdp.cpp:221] parsePacket(): could not receive data: 9
[ 97364][E][WiFiUdp.cpp:221] parsePacket(): could not receive data: 9
[ 97369][E][WiFiUdp.cpp:221] parsePacket(): could not receive data: 9
[ 97375][E][WiFiUdp.cpp:221] parsePacket(): could not receive data: 9
[ 97380][E][WiFiUdp.cpp:221] parsePacket(): could not receive data: 9
[ 97386][E][WiFiUdp.cpp:221] parsePacket(): could not receive data: 9
[ 97392][E][WiFiUdp.cpp:221] parsePacket(): could not receive data: 9
[ 97398][E][WiFiUdp.cpp:221] parsePacket(): could not receive data: 9
[ 97404][E][WiFiUdp.cpp:221] parsePacket(): could not receive data: 9
[ 97410][E][WiFiUdp.cpp:221] parsePacket(): could not receive data: 9
[ 97416][E][WiFiUdp.cpp:221] parsePacket(): could not receive data: 9
[ 97422][E][WiFiUdp.cpp:221] parsePacket(): could not receive data: 9
[ 97428][E][WiFiUdp.cpp:221] parsePacket(): could not receive data: 9
[ 97434][E][WiFiUdp.cpp:221] parsePacket(): could not receive data: 9
[ 97440][E][WiFiUdp.cpp:221] parsePacket(): could not receive data: 9
[ 97445][E][WiFiUdp.cpp:221] parsePacket(): could not receive data: 9
[ 97451][E][WiFiUdp.cpp:221] parsePacket(): could not receive data: 9
[ 97457][E][WiFiUdp.cpp:221] parsePacket(): could not receive data: 9
[ 97463][E][WiFiUdp.cpp:221] parsePacket(): could not receive data: 9
[ 97469][E][WiFiUdp.cpp:221] parsePacket(): could not receive data: 9
[ 97475][E][WiFiUdp.cpp:221] parsePacket(): could not receive data: 9
[ 97481][E][WiFiUdp.cpp:221] parsePacket(): could not receive data: 9
[ 97487][E][WiFiUdp.cpp:221] parsePacket(): could not receive data: 9
[ 97493][E][WiFiUdp.cpp:221] parsePacket(): could not receive data: 9
[ 97499][E][WiFiUdp.cpp:221] parsePacket(): could not receive data: 9
[ 97505][E][WiFiUdp.cpp:221] parsePacket(): could not receive data: 9
[ 97511][E][WiFiUdp.cpp:221] parsePacket(): could not receive data: 9
[ 97517][E][WiFiUdp.cpp:221] parsePacket(): could not receive data: 9
[ 97523][E][WiFiUdp.cpp:221] parsePacket(): could not receive data: 9
[ 97529][E][WiFiUdp.cpp:221] parsePacket(): could not receive data: 9
[ 97535][E][WiFiUdp.cpp:221] parsePacket(): could not receive data: 9
[ 97541][E][WiFiUdp.cpp:221] parsePacket(): could not receive data: 9
[ 97547][E][WiFiUdp.cpp:221] parsePacket(): could not receive data: 9
[ 97553][E][WiFiUdp.cpp:221] parsePacket(): could not receive data: 9
[ 97559][E][WiFiUdp.cpp:221] parsePacket(): could not receive data: 9
[ 97565][E][WiFiUdp.cpp:221] parsePacket(): could not receive data: 9
[ 97571][E][WiFiUdp.cpp:221] parsePacket(): could not receive data: 9
[ 97577][E][WiFiUdp.cpp:221] parsePacket(): could not receive data: 9
[ 97583][E][WiFiUdp.cpp:221] parsePacket(): could not receive data: 9
[ 97589][E][WiFiUdp.cpp:221] parsePacket(): could not receive data: 9
[ 97595][E][WiFiUdp.cpp:221] parsePacket(): could not receive data: 9
[ 97601][E][WiFiUdp.cpp:221] parsePacket(): could not receive data: 9
[ 97607][E][WiFiUdp.cpp:221] parsePacket(): could not receive data: 9
[ 97613][E][WiFiUdp.cpp:221] parsePacket(): could not receive data: 9
[ 97619][E][WiFiUdp.cpp:221] parsePacket(): could not receive data: 9
[ 97625][E][WiFiUdp.cpp:221] parsePacket(): could not receive data: 9
[ 97631][E][WiFiUdp.cpp:221] parsePacket(): could not receive data: 9
[ 97636][E][WiFiUdp.cpp:221] parsePacket(): could not receive data: 9
[ 97642][E][WiFiUdp.cpp:221] parsePacket(): could not receive data: 9
[ 97648][E][WiFiUdp.cpp:221] parsePacket(): could not receive data: 9
[ 97654][E][WiFiUdp.cpp:221] parsePacket(): could not receive data: 9
[ 97660][E][WiFiUdp.cpp:221] parsePacket(): could not receive data: 9
[ 97666][E][WiFiUdp.cpp:221] parsePacket(): could not receive data: 9
[ 97672][E][WiFiUdp.cpp:221] parsePacket(): could not receive data: 9
[ 97678][E][WiFiUdp.cpp:221] parsePacket(): could not receive data: 9
[ 97684][E][WiFiUdp.cpp:221] parsePacket(): could not receive data: 9
[ 97690][E][WiFiUdp.cpp:221] parsePacket(): could not receive data: 9
[ 97696][E][WiFiUdp.cpp:221] parsePacket(): could not receive data: 9
[ 97702][E][WiFiUdp.cpp:221] parsePacket(): could not receive data: 9
[ 97708][E][WiFiUdp.cpp:221] parsePacket(): could not receive data: 9
[ 97714][E][WiFiUdp.cpp:221] parsePacket(): could not receive data: 9
[ 97720][E][WiFiUdp.cpp:221] parsePacket(): could not receive data: 9
[ 97726][E][WiFiUdp.cpp:221] parsePacket(): could not receive data: 9
[ 97732][E][WiFiUdp.cpp:221] parsePacket(): could not receive data: 9
[ 97738][E][WiFiUdp.cpp:221] parsePacket(): could not receive data: 9
[ 97744][E][WiFiUdp.cpp:221] parsePacket(): could not receive data: 9
[ 97750][E][WiFiUdp.cpp:221] parsePacket(): could not receive data: 9
[ 97756][E][WiFiUdp.cpp:221] parsePacket(): could not receive data: 9
[ 97762][E][WiFiUdp.cpp:221] parsePacket(): could not receive data: 9
[ 97768][E][WiFiUdp.cpp:221] parsePacket(): could not receive data: 9
[ 97774][E][WiFiUdp.cpp:221] parsePacket(): could not receive data: 9
[ 97780][E][WiFiUdp.cpp:221] parsePacket(): could not receive data: 9
[ 97785][E][WiFiUdp.cpp:221] parsePacket(): could not receive data: 9
[ 97791][E][WiFiUdp.cpp:221] parsePacket(): could not receive data: 9
[ 97797][E][WiFiUdp.cpp:221] parsePacket(): could not receive data: 9
[ 97803][E][WiFiUdp.cpp:221] parsePacket(): could not receive data: 9
[ 97809][E][WiFiUdp.cpp:221] parsePacket(): could not receive data: 9
[ 97815][E][WiFiUdp.cpp:221] parsePacket(): could not receive data: 9
[ 97821][E][WiFiUdp.cpp:221] parsePacket(): could not receive data: 9
[ 97827][E][WiFiUdp.cpp:221] parsePacket(): could not receive data: 9
[ 97833][E][WiFiUdp.cpp:221] parsePacket(): could not receive data: 9
[ 97839][E][WiFiUdp.cpp:221] parsePacket(): could not receive data: 9
[ 97845][E][WiFiUdp.cpp:221] parsePacket(): could not receive data: 9
[ 97850][E][WiFiUdp.cpp:221] parsePacket(): could not receive data: 9
[ 97855][E][WiFiUdp.cpp:221] parsePacket(): could not receive data: 9
[ 97861][E][WiFiUdp.cpp:221] parsePacket(): could not receive data: 9
[ 97867][E][WiFiUdp.cpp:221] parsePacket(): could not receive data: 9
[ 97873][E][WiFiUdp.cpp:221] parsePacket(): could not receive data: 9
[ 97879][E][WiFiUdp.cpp:221] parsePacket(): could not receive data: 9
[ 97885][E][WiFiUdp.cpp:221] parsePacket(): could not receive data: 9
[ 97891][E][WiFiUdp.cpp:221] parsePacket(): could not receive data: 9
[ 97897][E][WiFiUdp.cpp:221] parsePacket(): could not receive data: 9
[ 97903][E][WiFiUdp.cpp:221] parsePacket(): could not receive data: 9
[ 97909][E][WiFiUdp.cpp:221] parsePacket(): could not receive data: 9
[ 97915][E][WiFiUdp.cpp:221] parsePacket(): could not receive data: 9
[ 97921][E][WiFiUdp.cpp:221] parsePacket(): could not receive data: 9
[ 97927][E][WiFiUdp.cpp:221] parsePacket(): could not receive data: 9
[ 97933][E][WiFiUdp.cpp:221] parsePacket(): could not receive data: 9
[ 97939][E][WiFiUdp.cpp:221] parsePacket(): could not receive data: 9
[ 97945][E][WiFiUdp.cpp:221] parsePacket(): could not receive data: 9
[ 97951][E][WiFiUdp.cpp:221] parsePacket(): could not receive data: 9
[ 97957][E][WiFiUdp.cpp:221] parsePacket(): could not receive data: 9
[ 97963][E][WiFiUdp.cpp:221] parsePacket(): could not receive data: 9
[ 97969][E][WiFiUdp.cpp:221] parsePacket(): could not receive data: 9
[ 97975][E][WiFiUdp.cpp:221] parsePacket(): could not receive data: 9
[ 97981][E][WiFiUdp.cpp:221] parsePacket(): could not receive data: 9
[ 97987][E][WiFiUdp.cpp:221] parsePacket(): could not receive data: 9
[ 97993][E][WiFiUdp.cpp:221] parsePacket(): could not receive data: 9
[ 97999][E][WiFiUdp.cpp:221] parsePacket(): could not receive data: 9
[ 98005][E][WiFiUdp.cpp:221] parsePacket(): could not receive data: 9
[ 98011][E][WiFiUdp.cpp:221] parsePacket(): could not receive data: 9
[ 98017][E][WiFiUdp.cpp:221] parsePacket(): could not receive data: 9
[ 98023][E][WiFiUdp.cpp:221] parsePacket(): could not receive data: 9
[ 98029][E][WiFiUdp.cpp:221] parsePacket(): could not receive data: 9
[ 98035][E][WiFiUdp.cpp:221] parsePacket(): could not receive data: 9
[ 98041][E][WiFiUdp.cpp:221] parsePacket(): could not receive data: 9
[ 98047][E][WiFiUdp.cpp:221] parsePacket(): could not receive data: 9
[ 98052][E][WiFiUdp.cpp:221] parsePacket(): could not receive data: 9
[ 98058][E][WiFiUdp.cpp:221] parsePacket(): could not receive data: 9
[ 98064][E][WiFiUdp.cpp:221] parsePacket(): could not receive data: 9
[ 98070][E][WiFiUdp.cpp:221] parsePacket(): could not receive data: 9
[ 98076][E][WiFiUdp.cpp:221] parsePacket(): could not receive data: 9
[ 98081][E][WiFiUdp.cpp:221] parsePacket(): could not receive data: 9
[ 98088][E][WiFiUdp.cpp:221] parsePacket(): could not receive data: 9
[ 98093][E][WiFiUdp.cpp:221] parsePacket(): could not receive data: 9
[ 98099][E][WiFiUdp.cpp:221] parsePacket(): could not receive data: 9
[ 98105][E][WiFiUdp.cpp:221] parsePacket(): could not receive data: 9
[ 98111][E][WiFiUdp.cpp:221] parsePacket(): could not receive data: 9
[ 98117][E][WiFiUdp.cpp:221] parsePacket(): could not receive data: 9
[ 98123][E][WiFiUdp.cpp:221] parsePacket(): could not receive data: 9
[ 98129][E][WiFiUdp.cpp:221] parsePacket(): could not receive data: 9
[ 98135][E][WiFiUdp.cpp:221] parsePacket(): could not receive data: 9
[ 98141][E][WiFiUdp.cpp:221] parsePacket(): could not receive data: 9
[ 98147][E][WiFiUdp.cpp:221] parsePacket(): could not receive data: 9
[ 98153][E][WiFiUdp.cpp:221] parsePacket(): could not receive data: 9
[ 98159][E][WiFiUdp.cpp:221] parsePacket(): could not receive data: 9
[ 98165][E][WiFiUdp.cpp:221] parsePacket(): could not receive data: 9
[ 98171][E][WiFiUdp.cpp:221] parsePacket(): could not receive data: 9
[ 98177][E][WiFiUdp.cpp:221] parsePacket(): could not receive data: 9
[ 98183][E][WiFiUdp.cpp:221] parsePacket(): could not receive data: 9
[ 98189][E][WiFiUdp.cpp:221] parsePacket(): could not receive data: 9
[ 98195][E][WiFiUdp.cpp:221] parsePacket(): could not receive data: 9
[ 98201][E][WiFiUdp.cpp:221] parsePacket(): could not receive data: 9
[ 98207][E][WiFiUdp.cpp:221] parsePacket(): could not receive data: 9
[ 98213][E][WiFiUdp.cpp:221] parsePacket(): could not receive data: 9
[ 98219][E][WiFiUdp.cpp:221] parsePacket(): could not receive data: 9
[ 98225][E][WiFiUdp.cpp:221] parsePacket(): could not receive data: 9
[ 98231][E][WiFiUdp.cpp:221] parsePacket(): could not receive data: 9
[ 98237][E][WiFiUdp.cpp:221] parsePacket(): could not receive data: 9
[ 98243][E][WiFiUdp.cpp:221] parsePacket(): could not receive data: 9
[ 98249][E][WiFiUdp.cpp:221] parsePacket(): could not receive data: 9
[ 98255][E][WiFiUdp.cpp:221] parsePacket(): could not receive data: 9
[ 98261][E][WiFiUdp.cpp:221] parsePacket(): could not receive data: 9
[ 98267][E][WiFiUdp.cpp:221] parsePacket(): could not receive data: 9
[ 98273][E][WiFiUdp.cpp:221] parsePacket(): could not receive data: 9
[ 98279][E][WiFiUdp.cpp:221] parsePacket(): could not receive data: 9
[ 98285][E][WiFiUdp.cpp:221] parsePacket(): could not receive data: 9
[ 98291][E][WiFiUdp.cpp:221] parsePacket(): could not receive data: 9
[ 98297][E][WiFiUdp.cpp:221] parsePacket(): could not receive data: 9
[ 98303][E][WiFiUdp.cpp:221] parsePacket(): could not receive data: 9
[ 98309][E][WiFiUdp.cpp:221] parsePacket(): could not receive data: 9
[CON ]...accept() fd=50 free=132488
[CON ]...Client authenticated on port 2323. free heap=127272
-[ 98318][E][WiFiUdp.cpp:221] parsePacket(): could not receive data: 9
-[ 98325][E][WiFiUdp.cpp:221] parsePacket(): could not receive data: 9
m[ 98331][E][WiFiUdp.cpp:221] parsePacket(): could not receive data: 9
a[ 98337][E][WiFiUdp.cpp:221] parsePacket(): could not receive data: 9
x[ 98343][E][WiFiUdp.cpp:221] parsePacket(): could not receive data: 9
h[ 98351][E][WiFiUdp.cpp:221] parsePacket(): could not receive data: 9
o[ 98357][E][WiFiUdp.cpp:221] parsePacket(): could not receive data: 9
p[ 98363][E][WiFiUdp.cpp:221] parsePacket(): could not receive data: 9
[ 98370][E][WiFiUdp.cpp:221] parsePacket(): could not receive data: 9

maxhop 2 (pos 2)
[MAXHOP];text;2;pos;2
[ 98381][E][WiFiUdp.cpp:221] parsePacket(): could not receive data: 9
[ 98387][E][WiFiUdp.cpp:221] parsePacket(): could not receive data: 9
[ 98393][E][WiFiUdp.cpp:221] parsePacket(): could not receive data: 9
[ 98399][E][WiFiUdp.cpp:221] parsePacket(): could not receive data: 9
[ 98405][E][WiFiUdp.cpp:221] parsePacket(): could not receive data: 9
[ 98411][E][WiFiUdp.cpp:221] parsePacket(): could not receive data: 9
[ 98417][E][WiFiUdp.cpp:221] parsePacket(): could not receive data: 9
[ 98423][E][WiFiUdp.cpp:221] parsePacket(): could not receive data: 9
[ 98429][E][WiFiUdp.cpp:221] parsePacket(): could not receive data: 9
[ 98435][E][WiFiUdp.cpp:221] parsePacket(): could not receive data: 9
[ 98441][E][WiFiUdp.cpp:221] parsePacket(): could not receive data: 9
[ 98447][E][WiFiUdp.cpp:221] parsePacket(): could not receive data: 9
[ 98453][E][WiFiUdp.cpp:221] parsePacket(): could not receive data: 9
[ 98459][E][WiFiUdp.cpp:221] parsePacket(): could not receive data: 9
[ 98465][E][WiFiUdp.cpp:221] parsePacket(): could not receive data: 9
[ 98471][E][WiFiUdp.cpp:221] parsePacket(): could not receive data: 9
[ 98477][E][WiFiUdp.cpp:221] parsePacket(): could not receive data: 9
[ 98483][E][WiFiUdp.cpp:221] parsePacket(): could not receive data: 9
[ 98489][E][WiFiUdp.cpp:221] parsePacket(): could not receive data: 9
[ 98495][E][WiFiUdp.cpp:221] parsePacket(): could not receive data: 9
[ 98501][E][WiFiUdp.cpp:221] parsePacket(): could not receive data: 9
[ 98506][E][WiFiUdp.cpp:221] parsePacket(): could not receive data: 9
[ 98511][E][WiFiUdp.cpp:221] parsePacket(): could not receive data: 9
[ 98517][E][WiFiUdp.cpp:221] parsePacket(): could not receive data: 9
[ 98523][E][WiFiUdp.cpp:221] parsePacket(): could not receive data: 9
[ 98529][E][WiFiUdp.cpp:221] parsePacket(): could not receive data: 9
[ 98535][E][WiFiUdp.cpp:221] parsePacket(): could not receive data: 9
[ 98541][E][WiFiUdp.cpp:221] parsePacket(): could not receive data: 9
[ 98546][E][WiFiUdp.cpp:221] parsePacket(): could not receive data: 9
[ 98552][E][WiFiUdp.cpp:221] parsePacket(): could not receive data: 9
[ 98558][E][WiFiUdp.cpp:221] parsePacket(): could not receive data: 9
[ 98564][E][WiFiUdp.cpp:221] parsePacket(): could not receive data: 9
[ 98570][E][WiFiUdp.cpp:221] parsePacket(): could not receive data: 9
[ 98576][E][WiFiUdp.cpp:221] parsePacket(): could not receive data: 9
[ 98582][E][WiFiUdp.cpp:221] parsePacket(): could not receive data: 9
[ 98588][E][WiFiUdp.cpp:221] parsePacket(): could not receive data: 9
[ 98594][E][WiFiUdp.cpp:221] parsePacket(): could not receive data: 9
[ 98600][E][WiFiUdp.cpp:221] parsePacket(): could not receive data: 9
[ 98606][E][WiFiUdp.cpp:221] parsePacket(): could not receive data: 9
[ 98612][E][WiFiUdp.cpp:221] parsePacket(): could not receive data: 9
[ 98618][E][WiFiUdp.cpp:221] parsePacket(): could not receive data: 9
[ 98624][E][WiFiUdp.cpp:221] parsePacket(): could not receive data: 9
[ 98630][E][WiFiUdp.cpp:221] parsePacket(): could not receive data: 9
[ 98636][E][WiFiUdp.cpp:221] parsePacket(): could not receive data: 9
[ 98643][E][WiFiUdp.cpp:221] parsePacket(): could not receive data: 9
[ 98649][E][WiFiUdp.cpp:221] parsePacket(): could not receive data: 9
[ 98655][E][WiFiUdp.cpp:221] parsePacket(): could not receive data: 9
[ 98661][E][WiFiUdp.cpp:221] parsePacket(): could not receive data: 9
[ 98667][E][WiFiUdp.cpp:221] parsePacket(): could not receive data: 9
[ 98673][E][WiFiUdp.cpp:221] parsePacket(): could not receive data: 9
[ 98679][E][WiFiUdp.cpp:221] parsePacket(): could not receive data: 9
[ 98685][E][WiFiUdp.cpp:221] parsePacket(): could not receive data: 9
[ 98691][E][WiFiUdp.cpp:221] parsePacket(): could not receive data: 9
[ 98697][E][WiFiUdp.cpp:221] parsePacket(): could not receive data: 9
[ 98703][E][WiFiUdp.cpp:221] parsePacket(): could not receive data: 9
[ 98709][E][WiFiUdp.cpp:221] parsePacket(): could not receive data: 9
[ 98715][E][WiFiUdp.cpp:221] parsePacket(): could not receive data: 9
[ 98721][E][WiFiUdp.cpp:221] parsePacket(): could not receive data: 9
[ 98727][E][WiFiUdp.cpp:221] parsePacket(): could not receive data: 9
[ 98733][E][WiFiUdp.cpp:221] parsePacket(): could not receive data: 9
[ 98739][E][WiFiUdp.cpp:221] parsePacket(): could not receive data: 9
[ 98745][E][WiFiUdp.cpp:221] parsePacket(): could not receive data: 9
[ 98751][E][WiFiUdp.cpp:221] parsePacket(): could not receive data: 9
[ 98757][E][WiFiUdp.cpp:221] parsePacket(): could not receive data: 9
[ 98762][E][WiFiUdp.cpp:221] parsePacket(): could not receive data: 9
[ 98768][E][WiFiUdp.cpp:221] parsePacket(): could not receive data: 9
[ 98774][E][WiFiUdp.cpp:221] parsePacket(): could not receive data: 9
[ 98780][E][WiFiUdp.cpp:221] parsePacket(): could not receive data: 9
[ 98786][E][WiFiUdp.cpp:221] parsePacket(): could not receive data: 9
[ 98792][E][WiFiUdp.cpp:221] parsePacket(): could not receive data: 9
[ 98798][E][WiFiUdp.cpp:221] parsePacket(): could not receive data: 9
[ 98804][E][WiFiUdp.cpp:221] parsePacket(): could not receive data: 9
[ 98810][E][WiFiUdp.cpp:221] parsePacket(): could not receive data: 9
[ 98816][E][WiFiUdp.cpp:221] parsePacket(): could not receive data: 9
[ 98822][E][WiFiUdp.cpp:221] parsePacket(): could not receive data: 9
[ 98828][E][WiFiUdp.cpp:221] parsePacket(): could not receive data: 9
[ 98834][E][WiFiUdp.cpp:221] parsePacket(): could not receive data: 9
[ 98840][E][WiFiUdp.cpp:221] parsePacket(): could not receive data: 9
[ 98846][E][WiFiUdp.cpp:221] parsePacket(): could not receive data: 9
[ 98852][E][WiFiUdp.cpp:221] parsePacket(): could not receive data: 9
[ 98858][E][WiFiUdp.cpp:221] parsePacket(): could not receive data: 9
[ 98864][E][WiFiUdp.cpp:221] parsePacket(): could not receive data: 9
[ 98870][E][WiFiUdp.cpp:221] parsePacket(): could not receive data: 9
[ 98875][E][WiFiUdp.cpp:221] parsePacket(): could not receive data: 9
[ 98880][E][WiFiUdp.cpp:221] parsePacket(): could not receive data: 9
[ 98886][E][WiFiUdp.cpp:221] parsePacket(): could not receive data: 9
[ 98892][E][WiFiUdp.cpp:221] parsePacket(): could not receive data: 9
[ 98898][E][WiFiUdp.cpp:221] parsePacket(): could not receive data: 9
[ 98904][E][WiFiUdp.cpp:221] parsePacket(): could not receive data: 9
[ 98910][E][WiFiUdp.cpp:221] parsePacket(): could not receive data: 9
[ 98916][E][WiFiUdp.cpp:221] parsePacket(): could not receive data: 9
[ 98921][E][WiFiUdp.cpp:221] parsePacket(): could not receive data: 9
[ 98927][E][WiFiUdp.cpp:221] parsePacket(): could not receive data: 9
[ 98933][E][WiFiUdp.cpp:221] parsePacket(): could not receive data: 9
[ 98939][E][WiFiUdp.cpp:221] parsePacket(): could not receive data: 9
[ 98945][E][WiFiUdp.cpp:221] parsePacket(): could not receive data: 9
[ 98951][E][WiFiUdp.cpp:221] parsePacket(): could not receive data: 9
[ 98957][E][WiFiUdp.cpp:221] parsePacket(): could not receive data: 9
[ 98963][E][WiFiUdp.cpp:221] parsePacket(): could not receive data: 9
[ 98969][E][WiFiUdp.cpp:221] parsePacket(): could not receive data: 9
[ 98975][E][WiFiUdp.cpp:221] parsePacket(): could not receive data: 9
[ 98981][E][WiFiUdp.cpp:221] parsePacket(): could not receive data: 9
[ 98987][E][WiFiUdp.cpp:221] parsePacket(): could not receive data: 9
[ 98993][E][WiFiUdp.cpp:221] parsePacket(): could not receive data: 9
[ 98999][E][WiFiUdp.cpp:221] parsePacket(): could not receive data: 9
[ 99005][E][WiFiUdp.cpp:221] parsePacket(): could not receive data: 9
[ 99011][E][WiFiUdp.cpp:221] parsePacket(): could not receive data: 9
[ 99017][E][WiFiUdp.cpp:221] parsePacket(): could not receive data: 9
[ 99023][E][WiFiUdp.cpp:221] parsePacket(): could not receive data: 9
[ 99029][E][WiFiUdp.cpp:221] parsePacket(): could not receive data: 9
[ 99035][E][WiFiUdp.cpp:221] parsePacket(): could not receive data: 9
[ 99041][E][WiFiUdp.cpp:221] parsePacket(): could not receive data: 9
[ 99047][E][WiFiUdp.cpp:221] parsePacket(): could not receive data: 9
[ 99053][E][WiFiUdp.cpp:221] parsePacket(): could not receive data: 9
[ 99059][E][WiFiUdp.cpp:221] parsePacket(): could not receive data: 9
[ 99065][E][WiFiUdp.cpp:221] parsePacket(): could not receive data: 9
[ 99071][E][WiFiUdp.cpp:221] parsePacket(): could not receive data: 9
[ 99077][E][WiFiUdp.cpp:221] parsePacket(): could not receive data: 9
[ 99083][E][WiFiUdp.cpp:221] parsePacket(): could not receive data: 9
[ 99089][E][WiFiUdp.cpp:221] parsePacket(): could not receive data: 9
[ 99095][E][WiFiUdp.cpp:221] parsePacket(): could not receive data: 9
[ 99101][E][WiFiUdp.cpp:221] parsePacket(): could not receive data: 9
[ 99107][E][WiFiUdp.cpp:221] parsePacket(): could not receive data: 9
[ 99113][E][WiFiUdp.cpp:221] parsePacket(): could not receive data: 9
[ 99119][E][WiFiUdp.cpp:221] parsePacket(): could not receive data: 9
[ 99125][E][WiFiUdp.cpp:221] parsePacket(): could not receive data: 9
[ 99131][E][WiFiUdp.cpp:221] parsePacket(): could not receive data: 9
[ 99137][E][WiFiUdp.cpp:221] parsePacket(): could not receive data: 9
[ 99143][E][WiFiUdp.cpp:221] parsePacket(): could not receive data: 9
[ 99149][E][WiFiUdp.cpp:221] parsePacket(): could not receive data: 9
[ 99155][E][WiFiUdp.cpp:221] parsePacket(): could not receive data: 9
[ 99161][E][WiFiUdp.cpp:221] parsePacket(): could not receive data: 9
[ 99167][E][WiFiUdp.cpp:221] parsePacket(): could not receive data: 9
[ 99173][E][WiFiUdp.cpp:221] parsePacket(): could not receive data: 9
[ 99179][E][WiFiUdp.cpp:221] parsePacket(): could not receive data: 9
[ 99185][E][WiFiUdp.cpp:221] parsePacket(): could not receive data: 9
[ 99191][E][WiFiUdp.cpp:221] parsePacket(): could not receive data: 9
[ 99197][E][WiFiUdp.cpp:221] parsePacket(): could not receive data: 9
[ 99203][E][WiFiUdp.cpp:221] parsePacket(): could not receive data: 9
[ 99209][E][WiFiUdp.cpp:221] parsePacket(): could not receive data: 9
[ 99215][E][WiFiUdp.cpp:221] parsePacket(): could not receive data: 9
[ 99221][E][WiFiUdp.cpp:221] parsePacket(): could not receive data: 9
[ 99227][E][WiFiUdp.cpp:221] parsePacket(): could not receive data: 9
[ 99233][E][WiFiUdp.cpp:221] parsePacket(): could not receive data: 9
[ 99238][E][WiFiUdp.cpp:221] parsePacket(): could not receive data: 9
[ 99244][E][WiFiUdp.cpp:221] parsePacket(): could not receive data: 9
[ 99249][E][WiFiUdp.cpp:221] parsePacket(): could not receive data: 9
[ 99255][E][WiFiUdp.cpp:221] parsePacket(): could not receive data: 9
[ 99261][E][WiFiUdp.cpp:221] parsePacket(): could not receive data: 9
[ 99267][E][WiFiUdp.cpp:221] parsePacket(): could not receive data: 9
[ 99273][E][WiFiUdp.cpp:221] parsePacket(): could not receive data: 9
[ 99279][E][WiFiUdp.cpp:221] parsePacket(): could not receive data: 9
[ 99285][E][WiFiUdp.cpp:221] parsePacket(): could not receive data: 9
[ 99291][E][WiFiUdp.cpp:221] parsePacket(): could not receive data: 9
[ 99297][E][WiFiUdp.cpp:221] parsePacket(): could not receive data: 9
[ 99303][E][WiFiUdp.cpp:221] parsePacket(): could not receive data: 9
[ 99309][E][WiFiUdp.cpp:221] parsePacket(): could not receive data: 9
[ 99315][E][WiFiUdp.cpp:221] parsePacket(): could not receive data: 9
[ 99321][E][WiFiUdp.cpp:221] parsePacket(): could not receive data: 9
[ 99327][E][WiFiUdp.cpp:221] parsePacket(): could not receive data: 9
[ 99333][E][WiFiUdp.cpp:221] parsePacket(): could not receive data: 9
[ 99339][E][WiFiUdp.cpp:221] parsePacket(): could not receive data: 9
[ 99345][E][WiFiUdp.cpp:221] parsePacket(): could not receive data: 9
[ 99351][E][WiFiUdp.cpp:221] parsePacket(): could not receive data: 9
[ 99357][E][WiFiUdp.cpp:221] parsePacket(): could not receive data: 9
[ 99363][E][WiFiUdp.cpp:221] parsePacket(): could not receive data: 9
[ 99369][E][WiFiUdp.cpp:221] parsePacket(): could not receive data: 9
[ 99375][E][WiFiUdp.cpp:221] parsePacket(): could not receive data: 9
[ 99381][E][WiFiUdp.cpp:221] parsePacket(): could not receive data: 9
[ 99388][E][WiFiUdp.cpp:221] parsePacket(): could not receive data: 9
[ 99394][E][WiFiUdp.cpp:221] parsePacket(): could not receive data: 9
[ 99400][E][WiFiUdp.cpp:221] parsePacket(): could not receive data: 9
[ 99406][E][WiFiUdp.cpp:221] parsePacket(): could not receive data: 9
[ 99412][E][WiFiUdp.cpp:221] parsePacket(): could not receive data: 9
[ 99418][E][WiFiUdp.cpp:221] parsePacket(): could not receive data: 9
[ 99424][E][WiFiUdp.cpp:221] parsePacket(): could not receive data: 9
[ 99430][E][WiFiUdp.cpp:221] parsePacket(): could not receive data: 9
[ 99436][E][WiFiUdp.cpp:221] parsePacket(): could not receive data: 9
[ 99442][E][WiFiUdp.cpp:221] parsePacket(): could not receive data: 9
[ 99448][E][WiFiUdp.cpp:221] parsePacket(): could not receive data: 9
[ 99454][E][WiFiUdp.cpp:221] parsePacket(): could not receive data: 9
[ 99460][E][WiFiUdp.cpp:221] parsePacket(): could not receive data: 9
[ 99466][E][WiFiUdp.cpp:221] parsePacket(): could not receive data: 9
[ 99472][E][WiFiUdp.cpp:221] parsePacket(): could not receive data: 9
[ 99478][E][WiFiUdp.cpp:221] parsePacket(): could not receive data: 9
[ 99484][E][WiFiUdp.cpp:221] parsePacket(): could not receive data: 9
[ 99490][E][WiFiUdp.cpp:221] parsePacket(): could not receive data: 9
[ 99496][E][WiFiUdp.cpp:221] parsePacket(): could not receive data: 9
[ 99502][E][WiFiUdp.cpp:221] parsePacket(): could not receive data: 9
[ 99508][E][WiFiUdp.cpp:221] parsePacket(): could not receive data: 9
[ 99514][E][WiFiUdp.cpp:221] parsePacket(): could not receive data: 9
[ 99520][E][WiFiUdp.cpp:221] parsePacket(): could not receive data: 9
[ 99526][E][WiFiUdp.cpp:221] parsePacket(): could not receive data: 9
[ 99532][E][WiFiUdp.cpp:221] parsePacket(): could not receive data: 9
[ 99538][E][WiFiUdp.cpp:221] parsePacket(): could not receive data: 9
[ 99544][E][WiFiUdp.cpp:221] parsePacket(): could not receive data: 9
[ 99550][E][WiFiUdp.cpp:221] parsePacket(): could not receive data: 9
[ 99556][E][WiFiUdp.cpp:221] parsePacket(): could not receive data: 9
[ 99562][E][WiFiUdp.cpp:221] parsePacket(): could not receive data: 9
[ 99568][E][WiFiUdp.cpp:221] parsePacket(): could not receive data: 9
[ 99574][E][WiFiUdp.cpp:221] parsePacket(): could not receive data: 9
[ 99580][E][WiFiUdp.cpp:221] parsePacket(): could not receive data: 9
[ 99586][E][WiFiUdp.cpp:221] parsePacket(): could not receive data: 9
[ 99593][E][WiFiUdp.cpp:221] parsePacket(): could not receive data: 9
[ 99600][E][WiFiUdp.cpp:221] parsePacket(): could not receive data: 9
[ 99606][E][WiFiUdp.cpp:221] parsePacket(): could not receive data: 9
[ 99612][E][WiFiUdp.cpp:221] parsePacket(): could not receive data: 9
[ 99618][E][WiFiUdp.cpp:221] parsePacket(): could not receive data: 9
[ 99624][E][WiFiUdp.cpp:221] parsePacket(): could not receive data: 9
[ 99630][E][WiFiUdp.cpp:221] parsePacket(): could not receive data: 9
[ 99636][E][WiFiUdp.cpp:221] parsePacket(): could not receive data: 9
[ 99642][E][WiFiUdp.cpp:221] parsePacket(): could not receive data: 9
[ 99648][E][WiFiUdp.cpp:221] parsePacket(): could not receive data: 9
[ 99654][E][WiFiUdp.cpp:221] parsePacket(): could not receive data: 9
[ 99660][E][WiFiUdp.cpp:221] parsePacket(): could not receive data: 9
[ 99666][E][WiFiUdp.cpp:221] parsePacket(): could not receive data: 9
[ 99672][E][WiFiUdp.cpp:221] parsePacket(): could not receive data: 9
[ 99678][E][WiFiUdp.cpp:221] parsePacket(): could not receive data: 9
[ 99684][E][WiFiUdp.cpp:221] parsePacket(): could not receive data: 9
[ 99690][E][WiFiUdp.cpp:221] parsePacket(): could not receive data: 9
[ 99696][E][WiFiUdp.cpp:221] parsePacket(): could not receive data: 9
[ 99702][E][WiFiUdp.cpp:221] parsePacket(): could not receive data: 9
[ 99708][E][WiFiUdp.cpp:221] parsePacket(): could not receive data: 9
[ 99714][E][WiFiUdp.cpp:221] parsePacket(): could not receive data: 9
[ 99720][E][WiFiUdp.cpp:221] parsePacket(): could not receive data: 9
[ 99726][E][WiFiUdp.cpp:221] parsePacket(): could not receive data: 9
[ 99732][E][WiFiUdp.cpp:221] parsePacket(): could not receive data: 9
[ 99738][E][WiFiUdp.cpp:221] parsePacket(): could not receive data: 9
[ 99744][E][WiFiUdp.cpp:221] parsePacket(): could not receive data: 9
[ 99750][E][WiFiUdp.cpp:221] parsePacket(): could not receive data: 9
[ 99756][E][WiFiUdp.cpp:221] parsePacket(): could not receive data: 9
[ 99762][E][WiFiUdp.cpp:221] parsePacket(): could not receive data: 9
[ 99768][E][WiFiUdp.cpp:221] parsePacket(): could not receive data: 9
[ 99774][E][WiFiUdp.cpp:221] parsePacket(): could not receive data: 9
[ 99780][E][WiFiUdp.cpp:221] parsePacket(): could not receive data: 9
[ 99786][E][WiFiUdp.cpp:221] parsePacket(): could not receive data: 9
[ 99792][E][WiFiUdp.cpp:221] parsePacket(): could not receive data: 9
[ 99798][E][WiFiUdp.cpp:221] parsePacket(): could not receive data: 9
[ 99804][E][WiFiUdp.cpp:221] parsePacket(): could not receive data: 9
[ 99810][E][WiFiUdp.cpp:221] parsePacket(): could not receive data: 9
[ 99816][E][WiFiUdp.cpp:221] parsePacket(): could not receive data: 9
[ 99822][E][WiFiUdp.cpp:221] parsePacket(): could not receive data: 9
[ 99828][E][WiFiUdp.cpp:221] parsePacket(): could not receive data: 9
[ 99834][E][WiFiUdp.cpp:221] parsePacket(): could not receive data: 9
[ 99840][E][WiFiUdp.cpp:221] parsePacket(): could not receive data: 9
[ 99846][E][WiFiUdp.cpp:221] parsePacket(): could not receive data: 9
[ 99852][E][WiFiUdp.cpp:221] parsePacket(): could not receive data: 9
[ 99858][E][WiFiUdp.cpp:221] parsePacket(): could not receive data: 9
[ 99864][E][WiFiUdp.cpp:221] parsePacket(): could not receive data: 9
[ 99870][E][WiFiUdp.cpp:221] parsePacket(): could not receive data: 9
[ 99876][E][WiFiUdp.cpp:221] parsePacket(): could not receive data: 9
[ 99882][E][WiFiUdp.cpp:221] parsePacket(): could not receive data: 9
[ 99887][E][WiFiUdp.cpp:221] parsePacket(): could not receive data: 9
[ 99893][E][WiFiUdp.cpp:221] parsePacket(): could not receive data: 9
[ 99899][E][WiFiUdp.cpp:221] parsePacket(): could not receive data: 9
[ 99905][E][WiFiUdp.cpp:221] parsePacket(): could not receive data: 9
[ 99911][E][WiFiUdp.cpp:221] parsePacket(): could not receive data: 9
[ 99917][E][WiFiUdp.cpp:221] parsePacket(): could not receive data: 9
[ 99923][E][WiFiUdp.cpp:221] parsePacket(): could not receive data: 9
[ 99929][E][WiFiUdp.cpp:221] parsePacket(): could not receive data: 9
[ 99935][E][WiFiUdp.cpp:221] parsePacket(): could not receive data: 9
[ 99941][E][WiFiUdp.cpp:221] parsePacket(): could not receive data: 9
[ 99947][E][WiFiUdp.cpp:221] parsePacket(): could not receive data: 9
[ 99953][E][WiFiUdp.cpp:221] parsePacket(): could not receive data: 9
[ 99959][E][WiFiUdp.cpp:221] parsePacket(): could not receive data: 9
[ 99965][E][WiFiUdp.cpp:221] parsePacket(): could not receive data: 9
[ 99971][E][WiFiUdp.cpp:221] parsePacket(): could not receive data: 9
[ 99977][E][WiFiUdp.cpp:221] parsePacket(): could not receive data: 9
[ 99983][E][WiFiUdp.cpp:221] parsePacket(): could not receive data: 9
[ 99989][E][WiFiUdp.cpp:221] parsePacket(): could not receive data: 9
[ 99995][E][WiFiUdp.cpp:221] parsePacket(): could not receive data: 9
[100001][E][WiFiUdp.cpp:221] parsePacket(): could not receive data: 9
[100007][E][WiFiUdp.cpp:221] parsePacket(): could not receive data: 9
[100013][E][WiFiUdp.cpp:221] parsePacket(): could not receive data: 9
[100019][E][WiFiUdp.cpp:221] parsePacket(): could not receive data: 9
[100025][E][WiFiUdp.cpp:221] parsePacket(): could not receive data: 9
[100031][E][WiFiUdp.cpp:221] parsePacket(): could not receive data: 9
[100037][E][WiFiUdp.cpp:221] parsePacket(): could not receive data: 9
[100043][E][WiFiUdp.cpp:221] parsePacket(): could not receive data: 9
[100049][E][WiFiUdp.cpp:221] parsePacket(): could not receive data: 9
[100055][E][WiFiUdp.cpp:221] parsePacket(): could not receive data: 9
[100060][E][WiFiUdp.cpp:221] parsePacket(): could not receive data: 9
[100066][E][WiFiUdp.cpp:221] parsePacket(): could not receive data: 9
[100072][E][WiFiUdp.cpp:221] parsePacket(): could not receive data: 9
[100078][E][WiFiUdp.cpp:221] parsePacket(): could not receive data: 9
[100084][E][WiFiUdp.cpp:221] parsePacket(): could not receive data: 9
[100090][E][WiFiUdp.cpp:221] parsePacket(): could not receive data: 9
[100096][E][WiFiUdp.cpp:221] parsePacket(): could not receive data: 9
[100102][E][WiFiUdp.cpp:221] parsePacket(): could not receive data: 9
[100108][E][WiFiUdp.cpp:221] parsePacket(): could not receive data: 9
[100114][E][WiFiUdp.cpp:221] parsePacket(): could not receive data: 9
[100120][E][WiFiUdp.cpp:221] parsePacket(): could not receive data: 9
[100126][E][WiFiUdp.cpp:221] parsePacket(): could not receive data: 9
[100132][E][WiFiUdp.cpp:221] parsePacket(): could not receive data: 9
[100138][E][WiFiUdp.cpp:221] parsePacket(): could not receive data: 9
[100144][E][WiFiUdp.cpp:221] parsePacket(): could not receive data: 9
[100150][E][WiFiUdp.cpp:221] parsePacket(): could not receive data: 9
[100156][E][WiFiUdp.cpp:221] parsePacket(): could not receive data: 9
[100162][E][WiFiUdp.cpp:221] parsePacket(): could not receive data: 9
[100168][E][WiFiUdp.cpp:221] parsePacket(): could not receive data: 9
[100174][E][WiFiUdp.cpp:221] parsePacket(): could not receive data: 9
[100180][E][WiFiUdp.cpp:221] parsePacket(): could not receive data: 9
[100186][E][WiFiUdp.cpp:221] parsePacket(): could not receive data: 9
[100192][E][WiFiUdp.cpp:221] parsePacket(): could not receive data: 9
[100198][E][WiFiUdp.cpp:221] parsePacket(): could not receive data: 9
[100204][E][WiFiUdp.cpp:221] parsePacket(): could not receive data: 9
[100210][E][WiFiUdp.cpp:221] parsePacket(): could not receive data: 9
[100216][E][WiFiUdp.cpp:221] parsePacket(): could not receive data: 9
[100222][E][WiFiUdp.cpp:221] parsePacket(): could not receive data: 9
[100228][E][WiFiUdp.cpp:221] parsePacket(): could not receive data: 9
[100234][E][WiFiUdp.cpp:221] parsePacket(): could not receive data: 9
[100240][E][WiFiUdp.cpp:221] parsePacket(): could not receive data: 9
[100245][E][WiFiUdp.cpp:221] parsePacket(): could not receive data: 9
[100251][E][WiFiUdp.cpp:221] parsePacket(): could not receive data: 9
[100257][E][WiFiUdp.cpp:221] parsePacket(): could not receive data: 9
[100263][E][WiFiUdp.cpp:221] parsePacket(): could not receive data: 9
[100269][E][WiFiUdp.cpp:221] parsePacket(): could not receive data: 9
[100275][E][WiFiUdp.cpp:221] parsePacket(): could not receive data: 9
[100281][E][WiFiUdp.cpp:221] parsePacket(): could not receive data: 9
[100287][E][WiFiUdp.cpp:221] parsePacket(): could not receive data: 9
[100293][E][WiFiUdp.cpp:221] parsePacket(): could not receive data: 9
[100299][E][WiFiUdp.cpp:221] parsePacket(): could not receive data: 9
[100305][E][WiFiUdp.cpp:221] parsePacket(): could not receive data: 9
[100311][E][WiFiUdp.cpp:221] parsePacket(): could not receive data: 9
[100316][E][WiFiUdp.cpp:221] parsePacket(): could not receive data: 9
[100322][E][WiFiUdp.cpp:221] parsePacket(): could not receive data: 9
[100328][E][WiFiUdp.cpp:221] parsePacket(): could not receive data: 9
[100333][E][WiFiUdp.cpp:221] parsePacket(): could not receive data: 9
[100338][E][WiFiUdp.cpp:221] parsePacket(): could not receive data: 9
[100344][E][WiFiUdp.cpp:221] parsePacket(): could not receive data: 9
[100350][E][WiFiUdp.cpp:221] parsePacket(): could not receive data: 9
[100356][E][WiFiUdp.cpp:221] parsePacket(): could not receive data: 9
[100362][E][WiFiUdp.cpp:221] parsePacket(): could not receive data: 9
[100368][E][WiFiUdp.cpp:221] parsePacket(): could not receive data: 9
[100374][E][WiFiUdp.cpp:221] parsePacket(): could not receive data: 9
[100380][E][WiFiUdp.cpp:221] parsePacket(): could not receive data: 9
[100386][E][WiFiUdp.cpp:221] parsePacket(): could not receive data: 9
[100392][E][WiFiUdp.cpp:221] parsePacket(): could not receive data: 9
[100398][E][WiFiUdp.cpp:221] parsePacket(): could not receive data: 9
[100404][E][WiFiUdp.cpp:221] parsePacket(): could not receive data: 9
[100410][E][WiFiUdp.cpp:221] parsePacket(): could not receive data: 9
[100416][E][WiFiUdp.cpp:221] parsePacket(): could not receive data: 9
[100422][E][WiFiUdp.cpp:221] parsePacket(): could not receive data: 9
[100428][E][WiFiUdp.cpp:221] parsePacket(): could not receive data: 9
[100433][E][WiFiUdp.cpp:221] parsePacket(): could not receive data: 9
[100439][E][WiFiUdp.cpp:221] parsePacket(): could not receive data: 9
[100445][E][WiFiUdp.cpp:221] parsePacket(): could not receive data: 9
[100451][E][WiFiUdp.cpp:221] parsePacket(): could not receive data: 9
[100457][E][WiFiUdp.cpp:221] parsePacket(): could not receive data: 9
[100463][E][WiFiUdp.cpp:221] parsePacket(): could not receive data: 9
[100469][E][WiFiUdp.cpp:221] parsePacket(): could not receive data: 9
[100475][E][WiFiUdp.cpp:221] parsePacket(): could not receive data: 9
[100481][E][WiFiUdp.cpp:221] parsePacket(): could not receive data: 9
[100486][E][WiFiUdp.cpp:221] parsePacket(): could not receive data: 9
[100492][E][WiFiUdp.cpp:221] parsePacket(): could not receive data: 9
[100498][E][WiFiUdp.cpp:221] parsePacket(): could not receive data: 9
[100504][E][WiFiUdp.cpp:221] parsePacket(): could not receive data: 9
[100510][E][WiFiUdp.cpp:221] parsePacket(): could not receive data: 9
[100516][E][WiFiUdp.cpp:221] parsePacket(): could not receive data: 9
[100522][E][WiFiUdp.cpp:221] parsePacket(): could not receive data: 9
[100528][E][WiFiUdp.cpp:221] parsePacket(): could not receive data: 9
[100533][E][WiFiUdp.cpp:221] parsePacket(): could not receive data: 9
[100538][E][WiFiUdp.cpp:221] parsePacket(): could not receive data: 9
[100544][E][WiFiUdp.cpp:221] parsePacket(): could not receive data: 9
[100550][E][WiFiUdp.cpp:221] parsePacket(): could not receive data: 9
[100556][E][WiFiUdp.cpp:221] parsePacket(): could not receive data: 9
[100561][E][WiFiUdp.cpp:221] parsePacket(): could not receive data: 9
[100566][E][WiFiUdp.cpp:221] parsePacket(): could not receive data: 9
[100571][E][WiFiUdp.cpp:221] parsePacket(): could not receive data: 9
[100577][E][WiFiUdp.cpp:221] parsePacket(): could not receive data: 9
[100583][E][WiFiUdp.cpp:221] parsePacket(): could not receive data: 9
[100589][E][WiFiUdp.cpp:221] parsePacket(): could not receive data: 9
[100595][E][WiFiUdp.cpp:221] parsePacket(): could not receive data: 9
[100601][E][WiFiUdp.cpp:221] parsePacket(): could not receive data: 9
[100607][E][WiFiUdp.cpp:221] parsePacket(): could not receive data: 9
[100613][E][WiFiUdp.cpp:221] parsePacket(): could not receive data: 9
[100619][E][WiFiUdp.cpp:221] parsePacket(): could not receive data: 9
[100625][E][WiFiUdp.cpp:221] parsePacket(): could not receive data: 9
[100631][E][WiFiUdp.cpp:221] parsePacket(): could not receive data: 9
[100637][E][WiFiUdp.cpp:221] parsePacket(): could not receive data: 9
[100643][E][WiFiUdp.cpp:221] parsePacket(): could not receive data: 9
[100649][E][WiFiUdp.cpp:221] parsePacket(): could not receive data: 9
[100655][E][WiFiUdp.cpp:221] parsePacket(): could not receive data: 9
[100661][E][WiFiUdp.cpp:221] parsePacket(): could not receive data: 9
[100667][E][WiFiUdp.cpp:221] parsePacket(): could not receive data: 9
[100673][E][WiFiUdp.cpp:221] parsePacket(): could not receive data: 9
[100679][E][WiFiUdp.cpp:221] parsePacket(): could not receive data: 9
[100685][E][WiFiUdp.cpp:221] parsePacket(): could not receive data: 9
[100691][E][WiFiUdp.cpp:221] parsePacket(): could not receive data: 9
[100697][E][WiFiUdp.cpp:221] parsePacket(): could not receive data: 9
[100703][E][WiFiUdp.cpp:221] parsePacket(): could not receive data: 9
[100709][E][WiFiUdp.cpp:221] parsePacket(): could not receive data: 9
[100715][E][WiFiUdp.cpp:221] parsePacket(): could not receive data: 9
[100721][E][WiFiUdp.cpp:221] parsePacket(): could not receive data: 9
[100727][E][WiFiUdp.cpp:221] parsePacket(): could not receive data: 9
[100733][E][WiFiUdp.cpp:221] parsePacket(): could not receive data: 9
[100739][E][WiFiUdp.cpp:221] parsePacket(): could not receive data: 9
[100745][E][WiFiUdp.cpp:221] parsePacket(): could not receive data: 9
[100751][E][WiFiUdp.cpp:221] parsePacket(): could not receive data: 9
[100757][E][WiFiUdp.cpp:221] parsePacket(): could not receive data: 9
[100763][E][WiFiUdp.cpp:221] parsePacket(): could not receive data: 9
[100769][E][WiFiUdp.cpp:221] parsePacket(): could not receive data: 9
[100775][E][WiFiUdp.cpp:221] parsePacket(): could not receive data: 9
[100781][E][WiFiUdp.cpp:221] parsePacket(): could not receive data: 9
[100787][E][WiFiUdp.cpp:221] parsePacket(): could not receive data: 9
[100793][E][WiFiUdp.cpp:221] parsePacket(): could not receive data: 9
[100799][E][WiFiUdp.cpp:221] parsePacket(): could not receive data: 9
[100805][E][WiFiUdp.cpp:221] parsePacket(): could not receive data: 9
[100811][E][WiFiUdp.cpp:221] parsePacket(): could not receive data: 9
[100817][E][WiFiUdp.cpp:221] parsePacket(): could not receive data: 9
[100823][E][WiFiUdp.cpp:221] parsePacket(): could not receive data: 9
[100829][E][WiFiUdp.cpp:221] parsePacket(): could not receive data: 9
[100835][E][WiFiUdp.cpp:221] parsePacket(): could not receive data: 9
[100841][E][WiFiUdp.cpp:221] parsePacket(): could not receive data: 9
[100847][E][WiFiUdp.cpp:221] parsePacket(): could not receive data: 9
[100853][E][WiFiUdp.cpp:221] parsePacket(): could not receive data: 9
[100859][E][WiFiUdp.cpp:221] parsePacket(): could not receive data: 9
[100865][E][WiFiUdp.cpp:221] parsePacket(): could not receive data: 9
[100871][E][WiFiUdp.cpp:221] parsePacket(): could not receive data: 9
[100877][E][WiFiUdp.cpp:221] parsePacket(): could not receive data: 9
[100883][E][WiFiUdp.cpp:221] parsePacket(): could not receive data: 9
[100889][E][WiFiUdp.cpp:221] parsePacket(): could not receive data: 9
[100896][E][WiFiUdp.cpp:221] parsePacket(): could not receive data: 9
[100904][E][WiFiUdp.cpp:221] parsePacket(): could not receive data: 9
[100911][E][WiFiUdp.cpp:221] parsePacket(): could not receive data: 9
[100918][E][WiFiUdp.cpp:221] parsePacket(): could not receive data: 9
[100925][E][WiFiUdp.cpp:221] parsePacket(): could not receive data: 9
[100932][E][WiFiUdp.cpp:221] parsePacket(): could not receive data: 9
[100939][E][WiFiUdp.cpp:221] parsePacket(): could not receive data: 9
[100946][E][WiFiUdp.cpp:221] parsePacket(): could not receive data: 9
[100953][E][WiFiUdp.cpp:221] parsePacket(): could not receive data: 9
[100960][E][WiFiUdp.cpp:221] parsePacket(): could not receive data: 9
[100967][E][WiFiUdp.cpp:221] parsePacket(): could not receive data: 9
[100974][E][WiFiUdp.cpp:221] parsePacket(): could not receive data: 9
[100981][E][WiFiUdp.cpp:221] parsePacket(): could not receive data: 9
[100988][E][WiFiUdp.cpp:221] parsePacket(): could not receive data: 9
[100995][E][WiFiUdp.cpp:221] parsePacket(): could not receive data: 9
[101001][E][WiFiUdp.cpp:221] parsePacket(): could not receive data: 9
[101007][E][WiFiUdp.cpp:221] parsePacket(): could not receive data: 9
[101013][E][WiFiUdp.cpp:221] parsePacket(): could not receive data: 9
[101019][E][WiFiUdp.cpp:221] parsePacket(): could not receive data: 9
[101025][E][WiFiUdp.cpp:221] parsePacket(): could not receive data: 9
[101031][E][WiFiUdp.cpp:221] parsePacket(): could not receive data: 9
[101037][E][WiFiUdp.cpp:221] parsePacket(): could not receive data: 9
[101043][E][WiFiUdp.cpp:221] parsePacket(): could not receive data: 9
[101050][E][WiFiUdp.cpp:221] parsePacket(): could not receive data: 9
[101057][E][WiFiUdp.cpp:221] parsePacket(): could not receive data: 9
[101064][E][WiFiUdp.cpp:221] parsePacket(): could not receive data: 9
[101071][E][WiFiUdp.cpp:221] parsePacket(): could not receive data: 9
[101078][E][WiFiUdp.cpp:221] parsePacket(): could not receive data: 9
[101085][E][WiFiUdp.cpp:221] parsePacket(): could not receive data: 9
[101092][E][WiFiUdp.cpp:221] parsePacket(): could not receive data: 9
[101099][E][WiFiUdp.cpp:221] parsePacket(): could not receive data: 9
[101106][E][WiFiUdp.cpp:221] parsePacket(): could not receive data: 9
[101113][E][WiFiUdp.cpp:221] parsePacket(): could not receive data: 9
[101119][E][WiFiUdp.cpp:221] parsePacket(): could not receive data: 9
[101126][E][WiFiUdp.cpp:221] parsePacket(): could not receive data: 9
[101134][E][WiFiUdp.cpp:221] parsePacket(): could not receive data: 9
[101142][E][WiFiUdp.cpp:221] parsePacket(): could not receive data: 9
[101151][E][WiFiUdp.cpp:221] parsePacket(): could not receive data: 9
[101158][E][WiFiUdp.cpp:221] parsePacket(): could not receive data: 9
[101165][E][WiFiUdp.cpp:221] parsePacket(): could not receive data: 9
[101172][E][WiFiUdp.cpp:221] parsePacket(): could not receive data: 9
[101179][E][WiFiUdp.cpp:221] parsePacket(): could not receive data: 9
[101186][E][WiFiUdp.cpp:221] parsePacket(): could not receive data: 9
[101193][E][WiFiUdp.cpp:221] parsePacket(): could not receive data: 9
[101200][E][WiFiUdp.cpp:221] parsePacket(): could not receive data: 9
[101207][E][WiFiUdp.cpp:221] parsePacket(): could not receive data: 9
[101214][E][WiFiUdp.cpp:221] parsePacket(): could not receive data: 9
[101221][E][WiFiUdp.cpp:221] parsePacket(): could not receive data: 9
[101228][E][WiFiUdp.cpp:221] parsePacket(): could not receive data: 9
[101235][E][WiFiUdp.cpp:221] parsePacket(): could not receive data: 9
[101242][E][WiFiUdp.cpp:221] parsePacket(): could not receive data: 9
[101249][E][WiFiUdp.cpp:221] parsePacket(): could not receive data: 9
[101256][E][WiFiUdp.cpp:221] parsePacket(): could not receive data: 9
[101263][E][WiFiUdp.cpp:221] parsePacket(): could not receive data: 9
[101270][E][WiFiUdp.cpp:221] parsePacket(): could not receive data: 9
[101278][E][WiFiUdp.cpp:221] parsePacket(): could not receive data: 9
[101285][E][WiFiUdp.cpp:221] parsePacket(): could not receive data: 9
[101292][E][WiFiUdp.cpp:221] parsePacket(): could not receive data: 9
[101299][E][WiFiUdp.cpp:221] parsePacket(): could not receive data: 9
[101306][E][WiFiUdp.cpp:221] parsePacket(): could not receive data: 9
[101312][E][WiFiUdp.cpp:221] parsePacket(): could not receive data: 9
[101318][E][WiFiUdp.cpp:221] parsePacket(): could not receive data: 9
[101323][E][WiFiUdp.cpp:221] parsePacket(): could not receive data: 9
[101328][E][WiFiUdp.cpp:221] parsePacket(): could not receive data: 9
[101334][E][WiFiUdp.cpp:221] parsePacket(): could not receive data: 9
[101340][E][WiFiUdp.cpp:221] parsePacket(): could not receive data: 9
[101346][E][WiFiUdp.cpp:221] parsePacket(): could not receive data: 9
[101352][E][WiFiUdp.cpp:221] parsePacket(): could not receive data: 9
[101358][E][WiFiUdp.cpp:221] parsePacket(): could not receive data: 9
[101364][E][WiFiUdp.cpp:221] parsePacket(): could not receive data: 9
[101370][E][WiFiUdp.cpp:221] parsePacket(): could not receive data: 9
[101376][E][WiFiUdp.cpp:221] parsePacket(): could not receive data: 9
[101382][E][WiFiUdp.cpp:221] parsePacket(): could not receive data: 9
[CON ]...Client disconnected. free heap=134448
[101388][E][WiFiUdp.cpp:221] parsePacket(): could not receive data: 9
[101395][E][WiFiUdp.cpp:221] parsePacket(): could not receive data: 9
[101401][E][WiFiUdp.cpp:221] parsePacket(): could not receive data: 9
[101407][E][WiFiUdp.cpp:221] parsePacket(): could not receive data: 9
[101413][E][WiFiUdp.cpp:221] parsePacket(): could not receive data: 9
[101420][E][WiFiUdp.cpp:221] parsePacket(): could not receive data: 9
[101427][E][WiFiUdp.cpp:221] parsePacket(): could not receive data: 9
[101433][E][WiFiUdp.cpp:221] parsePacket(): could not receive data: 9
[101439][E][WiFiUdp.cpp:221] parsePacket(): could not receive data: 9
[101445][E][WiFiUdp.cpp:221] parsePacket(): could not receive data: 9
[101451][E][WiFiUdp.cpp:221] parsePacket(): could not receive data: 9
[101457][E][WiFiUdp.cpp:221] parsePacket(): could not receive data: 9
[101463][E][WiFiUdp.cpp:221] parsePacket(): could not receive data: 9
[101469][E][WiFiUdp.cpp:221] parsePacket(): could not receive data: 9
[101476][E][WiFiUdp.cpp:221] parsePacket(): could not receive data: 9
[101483][E][WiFiUdp.cpp:221] parsePacket(): could not receive data: 9
[101490][E][WiFiUdp.cpp:221] parsePacket(): could not receive data: 9
[101497][E][WiFiUdp.cpp:221] parsePacket(): could not receive data: 9
[101504][E][WiFiUdp.cpp:221] parsePacket(): could not receive data: 9
[101511][E][WiFiUdp.cpp:221] parsePacket(): could not receive data: 9
[101518][E][WiFiUdp.cpp:221] parsePacket(): could not receive data: 9
[101525][E][WiFiUdp.cpp:221] parsePacket(): could not receive data: 9
[101532][E][WiFiUdp.cpp:221] parsePacket(): could not receive data: 9
[101539][E][WiFiUdp.cpp:221] parsePacket(): could not receive data: 9
[101546][E][WiFiUdp.cpp:221] parsePacket(): could not receive data: 9
[101554][E][WiFiUdp.cpp:221] parsePacket(): could not receive data: 9
[101561][E][WiFiUdp.cpp:221] parsePacket(): could not receive data: 9
[101568][E][WiFiUdp.cpp:221] parsePacket(): could not receive data: 9
[101575][E][WiFiUdp.cpp:221] parsePacket(): could not receive data: 9
[101582][E][WiFiUdp.cpp:221] parsePacket(): could not receive data: 9
[101589][E][WiFiUdp.cpp:221] parsePacket(): could not receive data: 9
[101596][E][WiFiUdp.cpp:221] parsePacket(): could not receive data: 9
[101604][E][WiFiUdp.cpp:221] parsePacket(): could not receive data: 9
[101610][E][WiFiUdp.cpp:221] parsePacket(): could not receive data: 9
[101617][E][WiFiUdp.cpp:221] parsePacket(): could not receive data: 9
[101623][E][WiFiUdp.cpp:221] parsePacket(): could not receive data: 9
[101629][E][WiFiUdp.cpp:221] parsePacket(): could not receive data: 9
[101635][E][WiFiUdp.cpp:221] parsePacket(): could not receive data: 9
[101641][E][WiFiUdp.cpp:221] parsePacket(): could not receive data: 9
[101647][E][WiFiUdp.cpp:221] parsePacket(): could not receive data: 9
[101653][E][WiFiUdp.cpp:221] parsePacket(): could not receive data: 9
[101659][E][WiFiUdp.cpp:221] parsePacket(): could not receive data: 9
[101665][E][WiFiUdp.cpp:221] parsePacket(): could not receive data: 9
[101671][E][WiFiUdp.cpp:221] parsePacket(): could not receive data: 9
[101677][E][WiFiUdp.cpp:221] parsePacket(): could not receive data: 9
[101683][E][WiFiUdp.cpp:221] parsePacket(): could not receive data: 9
[101689][E][WiFiUdp.cpp:221] parsePacket(): could not receive data: 9
[101695][E][WiFiUdp.cpp:221] parsePacket(): could not receive data: 9
[101701][E][WiFiUdp.cpp:221] parsePacket(): could not receive data: 9
[101708][E][WiFiUdp.cpp:221] parsePacket(): could not receive data: 9
[101715][E][WiFiUdp.cpp:221] parsePacket(): could not receive data: 9
[101722][E][WiFiUdp.cpp:221] parsePacket(): could not receive data: 9
[101729][E][WiFiUdp.cpp:221] parsePacket(): could not receive data: 9
[101737][E][WiFiUdp.cpp:221] parsePacket(): could not receive data: 9
[101744][E][WiFiUdp.cpp:221] parsePacket(): could not receive data: 9
[101751][E][WiFiUdp.cpp:221] parsePacket(): could not receive data: 9
[101760][E][WiFiUdp.cpp:221] parsePacket(): could not receive data: 9
[101769][E][WiFiUdp.cpp:221] parsePacket(): could not receive data: 9
[101777][E][WiFiUdp.cpp:221] parsePacket(): could not receive data: 9
[101785][E][WiFiUdp.cpp:221] parsePacket(): could not receive data: 9
[101794][E][WiFiUdp.cpp:221] parsePacket(): could not receive data: 9
[101802][E][WiFiUdp.cpp:221] parsePacket(): could not receive data: 9
[101809][E][WiFiUdp.cpp:221] parsePacket(): could not receive data: 9
[101816][E][WiFiUdp.cpp:221] parsePacket(): could not receive data: 9
[101823][E][WiFiUdp.cpp:221] parsePacket(): could not receive data: 9
[101830][E][WiFiUdp.cpp:221] parsePacket(): could not receive data: 9
[101836][E][WiFiUdp.cpp:221] parsePacket(): could not receive data: 9
[101844][E][WiFiUdp.cpp:221] parsePacket(): could not receive data: 9
[101851][E][WiFiUdp.cpp:221] parsePacket(): could not receive data: 9
[101857][E][WiFiUdp.cpp:221] parsePacket(): could not receive data: 9
[101864][E][WiFiUdp.cpp:221] parsePacket(): could not receive data: 9
[101871][E][WiFiUdp.cpp:221] parsePacket(): could not receive data: 9
[101878][E][WiFiUdp.cpp:221] parsePacket(): could not receive data: 9
[101885][E][WiFiUdp.cpp:221] parsePacket(): could not receive data: 9
[101892][E][WiFiUdp.cpp:221] parsePacket(): could not receive data: 9
[101899][E][WiFiUdp.cpp:221] parsePacket(): could not receive data: 9
[101907][E][WiFiUdp.cpp:221] parsePacket(): could not receive data: 9
[101913][E][WiFiUdp.cpp:221] parsePacket(): could not receive data: 9
[101919][E][WiFiUdp.cpp:221] parsePacket(): could not receive data: 9
[101925][E][WiFiUdp.cpp:221] parsePacket(): could not receive data: 9
[101931][E][WiFiUdp.cpp:221] parsePacket(): could not receive data: 9
[101937][E][WiFiUdp.cpp:221] parsePacket(): could not receive data: 9
[101943][E][WiFiUdp.cpp:221] parsePacket(): could not receive data: 9
[101949][E][WiFiUdp.cpp:221] parsePacket(): could not receive data: 9
[101955][E][WiFiUdp.cpp:221] parsePacket(): could not receive data: 9
[101961][E][WiFiUdp.cpp:221] parsePacket(): could not receive data: 9
[101967][E][WiFiUdp.cpp:221] parsePacket(): could not receive data: 9
[101973][E][WiFiUdp.cpp:221] parsePacket(): could not receive data: 9
[101979][E][WiFiUdp.cpp:221] parsePacket(): could not receive data: 9
[101985][E][WiFiUdp.cpp:221] parsePacket(): could not receive data: 9
[101991][E][WiFiUdp.cpp:221] parsePacket(): could not receive data: 9
[101997][E][WiFiUdp.cpp:221] parsePacket(): could not receive data: 9
[102002][E][WiFiUdp.cpp:221] parsePacket(): could not receive data: 9
[102008][E][WiFiUdp.cpp:221] parsePacket(): could not receive data: 9
[102014][E][WiFiUdp.cpp:221] parsePacket(): could not receive data: 9
[102020][E][WiFiUdp.cpp:221] parsePacket(): could not receive data: 9
[102026][E][WiFiUdp.cpp:221] parsePacket(): could not receive data: 9
[102032][E][WiFiUdp.cpp:221] parsePacket(): could not receive data: 9
[102038][E][WiFiUdp.cpp:221] parsePacket(): could not receive data: 9
[102044][E][WiFiUdp.cpp:221] parsePacket(): could not receive data: 9
[102050][E][WiFiUdp.cpp:221] parsePacket(): could not receive data: 9
[102057][E][WiFiUdp.cpp:221] parsePacket(): could not receive data: 9
[102064][E][WiFiUdp.cpp:221] parsePacket(): could not receive data: 9
[102071][E][WiFiUdp.cpp:221] parsePacket(): could not receive data: 9
[102078][E][WiFiUdp.cpp:221] parsePacket(): could not receive data: 9
[102085][E][WiFiUdp.cpp:221] parsePacket(): could not receive data: 9
[102092][E][WiFiUdp.cpp:221] parsePacket(): could not receive data: 9
[102099][E][WiFiUdp.cpp:221] parsePacket(): could not receive data: 9
[102106][E][WiFiUdp.cpp:221] parsePacket(): could not receive data: 9
[102113][E][WiFiUdp.cpp:221] parsePacket(): could not receive data: 9
[102120][E][WiFiUdp.cpp:221] parsePacket(): could not receive data: 9
[102127][E][WiFiUdp.cpp:221] parsePacket(): could not receive data: 9
[102134][E][WiFiUdp.cpp:221] parsePacket(): could not receive data: 9
[102140][E][WiFiUdp.cpp:221] parsePacket(): could not receive data: 9
[102146][E][WiFiUdp.cpp:221] parsePacket(): could not receive data: 9
[102153][E][WiFiUdp.cpp:221] parsePacket(): could not receive data: 9
[102160][E][WiFiUdp.cpp:221] parsePacket(): could not receive data: 9
[102166][E][WiFiUdp.cpp:221] parsePacket(): could not receive data: 9
[102173][E][WiFiUdp.cpp:221] parsePacket(): could not receive data: 9
[102180][E][WiFiUdp.cpp:221] parsePacket(): could not receive data: 9
[102187][E][WiFiUdp.cpp:221] parsePacket(): could not receive data: 9
[102193][E][WiFiUdp.cpp:221] parsePacket(): could not receive data: 9
[102199][E][WiFiUdp.cpp:221] parsePacket(): could not receive data: 9
[102206][E][WiFiUdp.cpp:221] parsePacket(): could not receive data: 9
[102213][E][WiFiUdp.cpp:221] parsePacket(): could not receive data: 9
[102220][E][WiFiUdp.cpp:221] parsePacket(): could not receive data: 9
[102228][E][WiFiUdp.cpp:221] parsePacket(): could not receive data: 9
[102235][E][WiFiUdp.cpp:221] parsePacket(): could not receive data: 9
[102242][E][WiFiUdp.cpp:221] parsePacket(): could not receive data: 9
[102249][E][WiFiUdp.cpp:221] parsePacket(): could not receive data: 9
[102256][E][WiFiUdp.cpp:221] parsePacket(): could not receive data: 9
[102263][E][WiFiUdp.cpp:221] parsePacket(): could not receive data: 9
[102270][E][WiFiUdp.cpp:221] parsePacket(): could not receive data: 9
[102277][E][WiFiUdp.cpp:221] parsePacket(): could not receive data: 9
[102284][E][WiFiUdp.cpp:221] parsePacket(): could not receive data: 9
[102291][E][WiFiUdp.cpp:221] parsePacket(): could not receive data: 9
[102299][E][WiFiUdp.cpp:221] parsePacket(): could not receive data: 9
[102305][E][WiFiUdp.cpp:221] parsePacket(): could not receive data: 9
[102311][E][WiFiUdp.cpp:221] parsePacket(): could not receive data: 9
[102317][E][WiFiUdp.cpp:221] parsePacket(): could not receive data: 9
[102323][E][WiFiUdp.cpp:221] parsePacket(): could not receive data: 9
[102329][E][WiFiUdp.cpp:221] parsePacket(): could not receive data: 9
[102335][E][WiFiUdp.cpp:221] parsePacket(): could not receive data: 9
[102340][E][WiFiUdp.cpp:221] parsePacket(): could not receive data: 9
[102346][E][WiFiUdp.cpp:221] parsePacket(): could not receive data: 9
[102352][E][WiFiUdp.cpp:221] parsePacket(): could not receive data: 9
[102358][E][WiFiUdp.cpp:221] parsePacket(): could not receive data: 9
[102364][E][WiFiUdp.cpp:221] parsePacket(): could not receive data: 9
[102370][E][WiFiUdp.cpp:221] parsePacket(): could not receive data: 9
[102376][E][WiFiUdp.cpp:221] parsePacket(): could not receive data: 9
[102382][E][WiFiUdp.cpp:221] parsePacket(): could not receive data: 9
[102388][E][WiFiUdp.cpp:221] parsePacket(): could not receive data: 9
[102394][E][WiFiUdp.cpp:221] parsePacket(): could not receive data: 9
[102400][E][WiFiUdp.cpp:221] parsePacket(): could not receive data: 9
[102406][E][WiFiUdp.cpp:221] parsePacket(): could not receive data: 9
[102412][E][WiFiUdp.cpp:221] parsePacket(): could not receive data: 9
[102419][E][WiFiUdp.cpp:221] parsePacket(): could not receive data: 9
[102426][E][WiFiUdp.cpp:221] parsePacket(): could not receive data: 9
[102432][E][WiFiUdp.cpp:221] parsePacket(): could not receive data: 9
[102440][E][WiFiUdp.cpp:221] parsePacket(): could not receive data: 9
[102448][E][WiFiUdp.cpp:221] parsePacket(): could not receive data: 9
[102453][E][WiFiUdp.cpp:221] parsePacket(): could not receive data: 9
[102459][E][WiFiUdp.cpp:221] parsePacket(): could not receive data: 9
[102464][E][WiFiUdp.cpp:221] parsePacket(): could not receive data: 9
[102470][E][WiFiUdp.cpp:221] parsePacket(): could not receive data: 9
[102475][E][WiFiUdp.cpp:221] parsePacket(): could not receive data: 9
[102481][E][WiFiUdp.cpp:221] parsePacket(): could not receive data: 9
[102487][E][WiFiUdp.cpp:221] parsePacket(): could not receive data: 9
[102493][E][WiFiUdp.cpp:221] parsePacket(): could not receive data: 9
[102499][E][WiFiUdp.cpp:221] parsePacket(): could not receive data: 9
[102505][E][WiFiUdp.cpp:221] parsePacket(): could not receive data: 9
[102511][E][WiFiUdp.cpp:221] parsePacket(): could not receive data: 9
[102517][E][WiFiUdp.cpp:221] parsePacket(): could not receive data: 9
[102523][E][WiFiUdp.cpp:221] parsePacket(): could not receive data: 9
[102529][E][WiFiUdp.cpp:221] parsePacket(): could not receive data: 9
[102535][E][WiFiUdp.cpp:221] parsePacket(): could not receive data: 9
[102541][E][WiFiUdp.cpp:221] parsePacket(): could not receive data: 9
[102547][E][WiFiUdp.cpp:221] parsePacket(): could not receive data: 9
[102553][E][WiFiUdp.cpp:221] parsePacket(): could not receive data: 9
[102559][E][WiFiUdp.cpp:221] parsePacket(): could not receive data: 9
[102565][E][WiFiUdp.cpp:221] parsePacket(): could not receive data: 9
[102571][E][WiFiUdp.cpp:221] parsePacket(): could not receive data: 9
[102577][E][WiFiUdp.cpp:221] parsePacket(): could not receive data: 9
[102583][E][WiFiUdp.cpp:221] parsePacket(): could not receive data: 9
[102589][E][WiFiUdp.cpp:221] parsePacket(): could not receive data: 9
[102595][E][WiFiUdp.cpp:221] parsePacket(): could not receive data: 9
[102601][E][WiFiUdp.cpp:221] parsePacket(): could not receive data: 9
[102607][E][WiFiUdp.cpp:221] parsePacket(): could not receive data: 9
[102613][E][WiFiUdp.cpp:221] parsePacket(): could not receive data: 9
[102619][E][WiFiUdp.cpp:221] parsePacket(): could not receive data: 9
[102625][E][WiFiUdp.cpp:221] parsePacket(): could not receive data: 9
[102631][E][WiFiUdp.cpp:221] parsePacket(): could not receive data: 9
[102637][E][WiFiUdp.cpp:221] parsePacket(): could not receive data: 9
[102643][E][WiFiUdp.cpp:221] parsePacket(): could not receive data: 9
[102649][E][WiFiUdp.cpp:221] parsePacket(): could not receive data: 9
[102655][E][WiFiUdp.cpp:221] parsePacket(): could not receive data: 9
[102661][E][WiFiUdp.cpp:221] parsePacket(): could not receive data: 9
[102667][E][WiFiUdp.cpp:221] parsePacket(): could not receive data: 9
[102673][E][WiFiUdp.cpp:221] parsePacket(): could not receive data: 9
[102679][E][WiFiUdp.cpp:221] parsePacket(): could not receive data: 9
[102685][E][WiFiUdp.cpp:221] parsePacket(): could not receive data: 9
[102691][E][WiFiUdp.cpp:221] parsePacket(): could not receive data: 9
[102697][E][WiFiUdp.cpp:221] parsePacket(): could not receive data: 9
[102703][E][WiFiUdp.cpp:221] parsePacket(): could not receive data: 9
[102709][E][WiFiUdp.cpp:221] parsePacket(): could not receive data: 9
[102715][E][WiFiUdp.cpp:221] parsePacket(): could not receive data: 9
[102721][E][WiFiUdp.cpp:221] parsePacket(): could not receive data: 9
[102727][E][WiFiUdp.cpp:221] parsePacket(): could not receive data: 9
[102733][E][WiFiUdp.cpp:221] parsePacket(): could not receive data: 9
[102739][E][WiFiUdp.cpp:221] parsePacket(): could not receive data: 9
[102745][E][WiFiUdp.cpp:221] parsePacket(): could not receive data: 9
[102752][E][WiFiUdp.cpp:221] parsePacket(): could not receive data: 9
[102759][E][WiFiUdp.cpp:221] parsePacket(): could not receive data: 9
[102765][E][WiFiUdp.cpp:221] parsePacket(): could not receive data: 9
[102771][E][WiFiUdp.cpp:221] parsePacket(): could not receive data: 9
[102777][E][WiFiUdp.cpp:221] parsePacket(): could not receive data: 9
[102783][E][WiFiUdp.cpp:221] parsePacket(): could not receive data: 9
[102789][E][WiFiUdp.cpp:221] parsePacket(): could not receive data: 9
[102795][E][WiFiUdp.cpp:221] parsePacket(): could not receive data: 9
[102801][E][WiFiUdp.cpp:221] parsePacket(): could not receive data: 9
[102807][E][WiFiUdp.cpp:221] parsePacket(): could not receive data: 9
[102813][E][WiFiUdp.cpp:221] parsePacket(): could not receive data: 9
[102819][E][WiFiUdp.cpp:221] parsePacket(): could not receive data: 9
[102825][E][WiFiUdp.cpp:221] parsePacket(): could not receive data: 9
[102831][E][WiFiUdp.cpp:221] parsePacket(): could not receive data: 9
[102837][E][WiFiUdp.cpp:221] parsePacket(): could not receive data: 9
[102843][E][WiFiUdp.cpp:221] parsePacket(): could not receive data: 9
[102849][E][WiFiUdp.cpp:221] parsePacket(): could not receive data: 9
[102856][E][WiFiUdp.cpp:221] parsePacket(): could not receive data: 9
[102863][E][WiFiUdp.cpp:221] parsePacket(): could not receive data: 9
[102870][E][WiFiUdp.cpp:221] parsePacket(): could not receive data: 9
[102877][E][WiFiUdp.cpp:221] parsePacket(): could not receive data: 9
[102883][E][WiFiUdp.cpp:221] parsePacket(): could not receive data: 9
[102889][E][WiFiUdp.cpp:221] parsePacket(): could not receive data: 9
[102895][E][WiFiUdp.cpp:221] parsePacket(): could not receive data: 9
[102901][E][WiFiUdp.cpp:221] parsePacket(): could not receive data: 9
[102907][E][WiFiUdp.cpp:221] parsePacket(): could not receive data: 9
[102912][E][WiFiUdp.cpp:221] parsePacket(): could not receive data: 9
[102918][E][WiFiUdp.cpp:221] parsePacket(): could not receive data: 9
[102924][E][WiFiUdp.cpp:221] parsePacket(): could not receive data: 9
[102930][E][WiFiUdp.cpp:221] parsePacket(): could not receive data: 9
[102936][E][WiFiUdp.cpp:221] parsePacket(): could not receive data: 9
[102942][E][WiFiUdp.cpp:221] parsePacket(): could not receive data: 9
[102947][E][WiFiUdp.cpp:221] parsePacket(): could not receive data: 9
[102952][E][WiFiUdp.cpp:221] parsePacket(): could not receive data: 9
[102958][E][WiFiUdp.cpp:221] parsePacket(): could not receive data: 9
[102964][E][WiFiUdp.cpp:221] parsePacket(): could not receive data: 9
[102970][E][WiFiUdp.cpp:221] parsePacket(): could not receive data: 9
[102976][E][WiFiUdp.cpp:221] parsePacket(): could not receive data: 9
[102982][E][WiFiUdp.cpp:221] parsePacket(): could not receive data: 9
[102988][E][WiFiUdp.cpp:221] parsePacket(): could not receive data: 9
[102994][E][WiFiUdp.cpp:221] parsePacket(): could not receive data: 9
[102999][E][WiFiUdp.cpp:221] parsePacket(): could not receive data: 9
[103005][E][WiFiUdp.cpp:221] parsePacket(): could not receive data: 9
[103011][E][WiFiUdp.cpp:221] parsePacket(): could not receive data: 9
[103017][E][WiFiUdp.cpp:221] parsePacket(): could not receive data: 9
[103023][E][WiFiUdp.cpp:221] parsePacket(): could not receive data: 9
[103029][E][WiFiUdp.cpp:221] parsePacket(): could not receive data: 9
[103035][E][WiFiUdp.cpp:221] parsePacket(): could not receive data: 9
[103041][E][WiFiUdp.cpp:221] parsePacket(): could not receive data: 9
[103047][E][WiFiUdp.cpp:221] parsePacket(): could not receive data: 9
[103053][E][WiFiUdp.cpp:221] parsePacket(): could not receive data: 9
[103059][E][WiFiUdp.cpp:221] parsePacket(): could not receive data: 9
[103065][E][WiFiUdp.cpp:221] parsePacket(): could not receive data: 9
[103071][E][WiFiUdp.cpp:221] parsePacket(): could not receive data: 9
[103077][E][WiFiUdp.cpp:221] parsePacket(): could not receive data: 9
[103084][E][WiFiUdp.cpp:221] parsePacket(): could not receive data: 9
[103092][E][WiFiUdp.cpp:221] parsePacket(): could not receive data: 9
[103100][E][WiFiUdp.cpp:221] parsePacket(): could not receive data: 9
[103108][E][WiFiUdp.cpp:221] parsePacket(): could not receive data: 9
[103116][E][WiFiUdp.cpp:221] parsePacket(): could not receive data: 9
[103122][E][WiFiUdp.cpp:221] parsePacket(): could not receive data: 9
[103128][E][WiFiUdp.cpp:221] parsePacket(): could not receive data: 9
[103134][E][WiFiUdp.cpp:221] parsePacket(): could not receive data: 9
[103140][E][WiFiUdp.cpp:221] parsePacket(): could not receive data: 9
[103146][E][WiFiUdp.cpp:221] parsePacket(): could not receive data: 9
[103152][E][WiFiUdp.cpp:221] parsePacket(): could not receive data: 9
[103158][E][WiFiUdp.cpp:221] parsePacket(): could not receive data: 9
[103164][E][WiFiUdp.cpp:221] parsePacket(): could not receive data: 9
[103170][E][WiFiUdp.cpp:221] parsePacket(): could not receive data: 9
[103176][E][WiFiUdp.cpp:221] parsePacket(): could not receive data: 9
[103182][E][WiFiUdp.cpp:221] parsePacket(): could not receive data: 9
[103188][E][WiFiUdp.cpp:221] parsePacket(): could not receive data: 9
[103194][E][WiFiUdp.cpp:221] parsePacket(): could not receive data: 9
[103200][E][WiFiUdp.cpp:221] parsePacket(): could not receive data: 9
[103206][E][WiFiUdp.cpp:221] parsePacket(): could not receive data: 9
[103212][E][WiFiUdp.cpp:221] parsePacket(): could not receive data: 9
[103218][E][WiFiUdp.cpp:221] parsePacket(): could not receive data: 9
[103224][E][WiFiUdp.cpp:221] parsePacket(): could not receive data: 9
[103230][E][WiFiUdp.cpp:221] parsePacket(): could not receive data: 9
[103236][E][WiFiUdp.cpp:221] parsePacket(): could not receive data: 9
[103242][E][WiFiUdp.cpp:221] parsePacket(): could not receive data: 9
[103248][E][WiFiUdp.cpp:221] parsePacket(): could not receive data: 9
[103254][E][WiFiUdp.cpp:221] parsePacket(): could not receive data: 9
[103260][E][WiFiUdp.cpp:221] parsePacket(): could not receive data: 9
[103266][E][WiFiUdp.cpp:221] parsePacket(): could not receive data: 9
[103272][E][WiFiUdp.cpp:221] parsePacket(): could not receive data: 9
[103278][E][WiFiUdp.cpp:221] parsePacket(): could not receive data: 9
[103284][E][WiFiUdp.cpp:221] parsePacket(): could not receive data: 9
[103290][E][WiFiUdp.cpp:221] parsePacket(): could not receive data: 9
[103296][E][WiFiUdp.cpp:221] parsePacket(): could not receive data: 9
[103302][E][WiFiUdp.cpp:221] parsePacket(): could not receive data: 9
[103309][E][WiFiUdp.cpp:221] parsePacket(): could not receive data: 9
[103316][E][WiFiUdp.cpp:221] parsePacket(): could not receive data: 9
[103323][E][WiFiUdp.cpp:221] parsePacket(): could not receive data: 9
[103329][E][WiFiUdp.cpp:221] parsePacket(): could not receive data: 9
[103336][E][WiFiUdp.cpp:221] parsePacket(): could not receive data: 9
[103343][E][WiFiUdp.cpp:221] parsePacket(): could not receive data: 9
[103348][E][WiFiUdp.cpp:221] parsePacket(): could not receive data: 9
[103357][E][WiFiUdp.cpp:221] parsePacket(): could not receive data: 9
[103366][E][WiFiUdp.cpp:221] parsePacket(): could not receive data: 9
[103373][E][WiFiUdp.cpp:221] parsePacket(): could not receive data: 9
[103379][E][WiFiUdp.cpp:221] parsePacket(): could not receive data: 9
[103385][E][WiFiUdp.cpp:221] parsePacket(): could not receive data: 9
[103391][E][WiFiUdp.cpp:221] parsePacket(): could not receive data: 9
[103397][E][WiFiUdp.cpp:221] parsePacket(): could not receive data: 9
[103403][E][WiFiUdp.cpp:221] parsePacket(): could not receive data: 9
[103409][E][WiFiUdp.cpp:221] parsePacket(): could not receive data: 9
[103415][E][WiFiUdp.cpp:221] parsePacket(): could not receive data: 9
[103421][E][WiFiUdp.cpp:221] parsePacket(): could not receive data: 9
[103427][E][WiFiUdp.cpp:221] parsePacket(): could not receive data: 9
[103433][E][WiFiUdp.cpp:221] parsePacket(): could not receive data: 9
[103439][E][WiFiUdp.cpp:221] parsePacket(): could not receive data: 9
[103445][E][WiFiUdp.cpp:221] parsePacket(): could not receive data: 9
[103451][E][WiFiUdp.cpp:221] parsePacket(): could not receive data: 9
[103457][E][WiFiUdp.cpp:221] parsePacket(): could not receive data: 9
[103464][E][WiFiUdp.cpp:221] parsePacket(): could not receive data: 9
[103472][E][WiFiUdp.cpp:221] parsePacket(): could not receive data: 9
[103479][E][WiFiUdp.cpp:221] parsePacket(): could not receive data: 9
[103486][E][WiFiUdp.cpp:221] parsePacket(): could not receive data: 9
[103493][E][WiFiUdp.cpp:221] parsePacket(): could not receive data: 9
[103500][E][WiFiUdp.cpp:221] parsePacket(): could not receive data: 9
[103507][E][WiFiUdp.cpp:221] parsePacket(): could not receive data: 9
[103514][E][WiFiUdp.cpp:221] parsePacket(): could not receive data: 9
[103521][E][WiFiUdp.cpp:221] parsePacket(): could not receive data: 9
[103528][E][WiFiUdp.cpp:221] parsePacket(): could not receive data: 9
[103535][E][WiFiUdp.cpp:221] parsePacket(): could not receive data: 9
[103542][E][WiFiUdp.cpp:221] parsePacket(): could not receive data: 9
[103549][E][WiFiUdp.cpp:221] parsePacket(): could not receive data: 9
[103556][E][WiFiUdp.cpp:221] parsePacket(): could not receive data: 9
[103563][E][WiFiUdp.cpp:221] parsePacket(): could not receive data: 9
[103570][E][WiFiUdp.cpp:221] parsePacket(): could not receive data: 9
[103577][E][WiFiUdp.cpp:221] parsePacket(): could not receive data: 9
[103584][E][WiFiUdp.cpp:221] parsePacket(): could not receive data: 9
[103591][E][WiFiUdp.cpp:221] parsePacket(): could not receive data: 9
[103598][E][WiFiUdp.cpp:221] parsePacket(): could not receive data: 9
[103605][E][WiFiUdp.cpp:221] parsePacket(): could not receive data: 9
[103612][E][WiFiUdp.cpp:221] parsePacket(): could not receive data: 9
[103619][E][WiFiUdp.cpp:221] parsePacket(): could not receive data: 9
[103626][E][WiFiUdp.cpp:221] parsePacket(): could not receive data: 9
[103633][E][WiFiUdp.cpp:221] parsePacket(): could not receive data: 9
[103639][E][WiFiUdp.cpp:221] parsePacket(): could not receive data: 9
[103646][E][WiFiUdp.cpp:221] parsePacket(): could not receive data: 9
[103652][E][WiFiUdp.cpp:221] parsePacket(): could not receive data: 9
[103658][E][WiFiUdp.cpp:221] parsePacket(): could not receive data: 9
[103664][E][WiFiUdp.cpp:221] parsePacket(): could not receive data: 9
[103670][E][WiFiUdp.cpp:221] parsePacket(): could not receive data: 9
[103676][E][WiFiUdp.cpp:221] parsePacket(): could not receive data: 9
[103682][E][WiFiUdp.cpp:221] parsePacket(): could not receive data: 9
[103688][E][WiFiUdp.cpp:221] parsePacket(): could not receive data: 9
[103694][E][WiFiUdp.cpp:221] parsePacket(): could not receive data: 9
[103700][E][WiFiUdp.cpp:221] parsePacket(): could not receive data: 9
[103706][E][WiFiUdp.cpp:221] parsePacket(): could not receive data: 9
[103712][E][WiFiUdp.cpp:221] parsePacket(): could not receive data: 9
[103718][E][WiFiUdp.cpp:221] parsePacket(): could not receive data: 9
[103724][E][WiFiUdp.cpp:221] parsePacket(): could not receive data: 9
[103730][E][WiFiUdp.cpp:221] parsePacket(): could not receive data: 9
[103736][E][WiFiUdp.cpp:221] parsePacket(): could not receive data: 9
[103742][E][WiFiUdp.cpp:221] parsePacket(): could not receive data: 9
[103748][E][WiFiUdp.cpp:221] parsePacket(): could not receive data: 9
[103754][E][WiFiUdp.cpp:221] parsePacket(): could not receive data: 9
[103760][E][WiFiUdp.cpp:221] parsePacket(): could not receive data: 9
[103766][E][WiFiUdp.cpp:221] parsePacket(): could not receive data: 9
[103772][E][WiFiUdp.cpp:221] parsePacket(): could not receive data: 9
[103778][E][WiFiUdp.cpp:221] parsePacket(): could not receive data: 9
[103784][E][WiFiUdp.cpp:221] parsePacket(): could not receive data: 9
[103790][E][WiFiUdp.cpp:221] parsePacket(): could not receive data: 9
[103796][E][WiFiUdp.cpp:221] parsePacket(): could not receive data: 9
[103802][E][WiFiUdp.cpp:221] parsePacket(): could not receive data: 9
[103808][E][WiFiUdp.cpp:221] parsePacket(): could not receive data: 9
[103814][E][WiFiUdp.cpp:221] parsePacket(): could not receive data: 9
[103820][E][WiFiUdp.cpp:221] parsePacket(): could not receive data: 9
[103826][E][WiFiUdp.cpp:221] parsePacket(): could not receive data: 9
[103832][E][WiFiUdp.cpp:221] parsePacket(): could not receive data: 9
[103838][E][WiFiUdp.cpp:221] parsePacket(): could not receive data: 9
[103845][E][WiFiUdp.cpp:221] parsePacket(): could not receive data: 9
[103853][E][WiFiUdp.cpp:221] parsePacket(): could not receive data: 9
[103860][E][WiFiUdp.cpp:221] parsePacket(): could not receive data: 9
[103869][E][WiFiUdp.cpp:221] parsePacket(): could not receive data: 9
[103877][E][WiFiUdp.cpp:221] parsePacket(): could not receive data: 9
[103886][E][WiFiUdp.cpp:221] parsePacket(): could not receive data: 9
[103893][E][WiFiUdp.cpp:221] parsePacket(): could not receive data: 9
[103901][E][WiFiUdp.cpp:221] parsePacket(): could not receive data: 9
[103910][E][WiFiUdp.cpp:221] parsePacket(): could not receive data: 9
[103919][E][WiFiUdp.cpp:221] parsePacket(): could not receive data: 9
[103927][E][WiFiUdp.cpp:221] parsePacket(): could not receive data: 9
[103935][E][WiFiUdp.cpp:221] parsePacket(): could not receive data: 9
[103944][E][WiFiUdp.cpp:221] parsePacket(): could not receive data: 9
[103952][E][WiFiUdp.cpp:221] parsePacket(): could not receive data: 9
[103959][E][WiFiUdp.cpp:221] parsePacket(): could not receive data: 9
[103966][E][WiFiUdp.cpp:221] parsePacket(): could not receive data: 9
[103972][E][WiFiUdp.cpp:221] parsePacket(): could not receive data: 9
[103978][E][WiFiUdp.cpp:221] parsePacket(): could not receive data: 9
[103985][E][WiFiUdp.cpp:221] parsePacket(): could not receive data: 9
[103992][E][WiFiUdp.cpp:221] parsePacket(): could not receive data: 9
[103999][E][WiFiUdp.cpp:221] parsePacket(): could not receive data: 9
[104005][E][WiFiUdp.cpp:221] parsePacket(): could not receive data: 9
[104012][E][WiFiUdp.cpp:221] parsePacket(): could not receive data: 9
[104019][E][WiFiUdp.cpp:221] parsePacket(): could not receive data: 9
[104026][E][WiFiUdp.cpp:221] parsePacket(): could not receive data: 9
[104033][E][WiFiUdp.cpp:221] parsePacket(): could not receive data: 9
[104040][E][WiFiUdp.cpp:221] parsePacket(): could not receive data: 9
[104047][E][WiFiUdp.cpp:221] parsePacket(): could not receive data: 9
[104054][E][WiFiUdp.cpp:221] parsePacket(): could not receive data: 9
[104061][E][WiFiUdp.cpp:221] parsePacket(): could not receive data: 9
[104068][E][WiFiUdp.cpp:221] parsePacket(): could not receive data: 9
[104075][E][WiFiUdp.cpp:221] parsePacket(): could not receive data: 9
[104082][E][WiFiUdp.cpp:221] parsePacket(): could not receive data: 9
[104089][E][WiFiUdp.cpp:221] parsePacket(): could not receive data: 9
[104096][E][WiFiUdp.cpp:221] parsePacket(): could not receive data: 9
[104103][E][WiFiUdp.cpp:221] parsePacket(): could not receive data: 9
[104110][E][WiFiUdp.cpp:221] parsePacket(): could not receive data: 9
[104117][E][WiFiUdp.cpp:221] parsePacket(): could not receive data: 9
[104124][E][WiFiUdp.cpp:221] parsePacket(): could not receive data: 9
[104131][E][WiFiUdp.cpp:221] parsePacket(): could not receive data: 9
[104138][E][WiFiUdp.cpp:221] parsePacket(): could not receive data: 9
[104145][E][WiFiUdp.cpp:221] parsePacket(): could not receive data: 9
[104152][E][WiFiUdp.cpp:221] parsePacket(): could not receive data: 9
[104159][E][WiFiUdp.cpp:221] parsePacket(): could not receive data: 9
[104166][E][WiFiUdp.cpp:221] parsePacket(): could not receive data: 9
[104172][E][WiFiUdp.cpp:221] parsePacket(): could not receive data: 9
[104178][E][WiFiUdp.cpp:221] parsePacket(): could not receive data: 9
[104185][E][WiFiUdp.cpp:221] parsePacket(): could not receive data: 9
[104192][E][WiFiUdp.cpp:221] parsePacket(): could not receive data: 9
[104199][E][WiFiUdp.cpp:221] parsePacket(): could not receive data: 9
[104206][E][WiFiUdp.cpp:221] parsePacket(): could not receive data: 9
[104213][E][WiFiUdp.cpp:221] parsePacket(): could not receive data: 9
[104220][E][WiFiUdp.cpp:221] parsePacket(): could not receive data: 9
[104227][E][WiFiUdp.cpp:221] parsePacket(): could not receive data: 9
[104234][E][WiFiUdp.cpp:221] parsePacket(): could not receive data: 9
[104241][E][WiFiUdp.cpp:221] parsePacket(): could not receive data: 9
[104248][E][WiFiUdp.cpp:221] parsePacket(): could not receive data: 9
[104255][E][WiFiUdp.cpp:221] parsePacket(): could not receive data: 9
[104262][E][WiFiUdp.cpp:221] parsePacket(): could not receive data: 9
[104269][E][WiFiUdp.cpp:221] parsePacket(): could not receive data: 9
[104276][E][WiFiUdp.cpp:221] parsePacket(): could not receive data: 9
[104283][E][WiFiUdp.cpp:221] parsePacket(): could not receive data: 9
[104290][E][WiFiUdp.cpp:221] parsePacket(): could not receive data: 9
[104297][E][WiFiUdp.cpp:221] parsePacket(): could not receive data: 9
[104304][E][WiFiUdp.cpp:221] parsePacket(): could not receive data: 9
[104311][E][WiFiUdp.cpp:221] parsePacket(): could not receive data: 9
[104318][E][WiFiUdp.cpp:221] parsePacket(): could not receive data: 9
[104325][E][WiFiUdp.cpp:221] parsePacket(): could not receive data: 9
[104332][E][WiFiUdp.cpp:221] parsePacket(): could not receive data: 9
[104339][E][WiFiUdp.cpp:221] parsePacket(): could not receive data: 9
[104345][E][WiFiUdp.cpp:221] parsePacket(): could not receive data: 9
[104352][E][WiFiUdp.cpp:221] parsePacket(): could not receive data: 9
[104359][E][WiFiUdp.cpp:221] parsePacket(): could not receive data: 9
[104366][E][WiFiUdp.cpp:221] parsePacket(): could not receive data: 9
[104373][E][WiFiUdp.cpp:221] parsePacket(): could not receive data: 9
[104379][E][WiFiUdp.cpp:221] parsePacket(): could not receive data: 9
[104386][E][WiFiUdp.cpp:221] parsePacket(): could not receive data: 9
[104393][E][WiFiUdp.cpp:221] parsePacket(): could not receive data: 9
[104399][E][WiFiUdp.cpp:221] parsePacket(): could not receive data: 9
[104408][E][WiFiUdp.cpp:221] parsePacket(): could not receive data: 9
[104416][E][WiFiUdp.cpp:221] parsePacket(): could not receive data: 9
[104423][E][WiFiUdp.cpp:221] parsePacket(): could not receive data: 9
[104430][E][WiFiUdp.cpp:221] parsePacket(): could not receive data: 9
[104437][E][WiFiUdp.cpp:221] parsePacket(): could not receive data: 9
[104444][E][WiFiUdp.cpp:221] parsePacket(): could not receive data: 9
[104451][E][WiFiUdp.cpp:221] parsePacket(): could not receive data: 9
[104458][E][WiFiUdp.cpp:221] parsePacket(): could not receive data: 9
[104465][E][WiFiUdp.cpp:221] parsePacket(): could not receive data: 9
[104472][E][WiFiUdp.cpp:221] parsePacket(): could not receive data: 9
[104479][E][WiFiUdp.cpp:221] parsePacket(): could not receive data: 9
[104486][E][WiFiUdp.cpp:221] parsePacket(): could not receive data: 9
[104493][E][WiFiUdp.cpp:221] parsePacket(): could not receive data: 9
[104500][E][WiFiUdp.cpp:221] parsePacket(): could not receive data: 9
[104507][E][WiFiUdp.cpp:221] parsePacket(): could not receive data: 9
[104513][E][WiFiUdp.cpp:221] parsePacket(): could not receive data: 9
[104519][E][WiFiUdp.cpp:221] parsePacket(): could not receive data: 9
[104525][E][WiFiUdp.cpp:221] parsePacket(): could not receive data: 9
[104532][E][WiFiUdp.cpp:221] parsePacket(): could not receive data: 9
[104539][E][WiFiUdp.cpp:221] parsePacket(): could not receive data: 9
[104546][E][WiFiUdp.cpp:221] parsePacket(): could not receive data: 9
[104554][E][WiFiUdp.cpp:221] parsePacket(): could not receive data: 9
[104561][E][WiFiUdp.cpp:221] parsePacket(): could not receive data: 9
[104568][E][WiFiUdp.cpp:221] parsePacket(): could not receive data: 9
[104575][E][WiFiUdp.cpp:221] parsePacket(): could not receive data: 9
[104582][E][WiFiUdp.cpp:221] parsePacket(): could not receive data: 9
[104589][E][WiFiUdp.cpp:221] parsePacket(): could not receive data: 9
[104596][E][WiFiUdp.cpp:221] parsePacket(): could not receive data: 9
[104603][E][WiFiUdp.cpp:221] parsePacket(): could not receive data: 9
[104610][E][WiFiUdp.cpp:221] parsePacket(): could not receive data: 9
[104617][E][WiFiUdp.cpp:221] parsePacket(): could not receive data: 9
[104625][E][WiFiUdp.cpp:221] parsePacket(): could not receive data: 9
[104632][E][WiFiUdp.cpp:221] parsePacket(): could not receive data: 9
[104641][E][WiFiUdp.cpp:221] parsePacket(): could not receive data: 9
[104648][E][WiFiUdp.cpp:221] parsePacket(): could not receive data: 9
[104655][E][WiFiUdp.cpp:221] parsePacket(): could not receive data: 9
[104662][E][WiFiUdp.cpp:221] parsePacket(): could not receive data: 9
[104669][E][WiFiUdp.cpp:221] parsePacket(): could not receive data: 9
[104676][E][WiFiUdp.cpp:221] parsePacket(): could not receive data: 9
[104683][E][WiFiUdp.cpp:221] parsePacket(): could not receive data: 9
[104690][E][WiFiUdp.cpp:221] parsePacket(): could not receive data: 9
[104696][E][WiFiUdp.cpp:221] parsePacket(): could not receive data: 9
[104702][E][WiFiUdp.cpp:221] parsePacket(): could not receive data: 9
[104708][E][WiFiUdp.cpp:221] parsePacket(): could not receive data: 9
[104715][E][WiFiUdp.cpp:221] parsePacket(): could not receive data: 9
[104722][E][WiFiUdp.cpp:221] parsePacket(): could not receive data: 9
[104729][E][WiFiUdp.cpp:221] parsePacket(): could not receive data: 9
[104736][E][WiFiUdp.cpp:221] parsePacket(): could not receive data: 9
[104743][E][WiFiUdp.cpp:221] parsePacket(): could not receive data: 9
[104750][E][WiFiUdp.cpp:221] parsePacket(): could not receive data: 9
[104757][E][WiFiUdp.cpp:221] parsePacket(): could not receive data: 9
[104763][E][WiFiUdp.cpp:221] parsePacket(): could not receive data: 9
[104770][E][WiFiUdp.cpp:221] parsePacket(): could not receive data: 9
[104777][E][WiFiUdp.cpp:221] parsePacket(): could not receive data: 9
[104784][E][WiFiUdp.cpp:221] parsePacket(): could not receive data: 9
[104792][E][WiFiUdp.cpp:221] parsePacket(): could not receive data: 9
[104799][E][WiFiUdp.cpp:221] parsePacket(): could not receive data: 9
[104806][E][WiFiUdp.cpp:221] parsePacket(): could not receive data: 9
[104812][E][WiFiUdp.cpp:221] parsePacket(): could not receive data: 9
[104818][E][WiFiUdp.cpp:221] parsePacket(): could not receive data: 9
[104825][E][WiFiUdp.cpp:221] parsePacket(): could not receive data: 9
[104832][E][WiFiUdp.cpp:221] parsePacket(): could not receive data: 9
[104839][E][WiFiUdp.cpp:221] parsePacket(): could not receive data: 9
[104846][E][WiFiUdp.cpp:221] parsePacket(): could not receive data: 9
[104853][E][WiFiUdp.cpp:221] parsePacket(): could not receive data: 9
[104860][E][WiFiUdp.cpp:221] parsePacket(): could not receive data: 9
[104867][E][WiFiUdp.cpp:221] parsePacket(): could not receive data: 9
[104874][E][WiFiUdp.cpp:221] parsePacket(): could not receive data: 9
[104881][E][WiFiUdp.cpp:221] parsePacket(): could not receive data: 9
[104888][E][WiFiUdp.cpp:221] parsePacket(): could not receive data: 9
[104897][E][WiFiUdp.cpp:221] parsePacket(): could not receive data: 9
[104905][E][WiFiUdp.cpp:221] parsePacket(): could not receive data: 9
[104912][E][WiFiUdp.cpp:221] parsePacket(): could not receive data: 9
[104919][E][WiFiUdp.cpp:221] parsePacket(): could not receive data: 9
[104926][E][WiFiUdp.cpp:221] parsePacket(): could not receive data: 9
[104933][E][WiFiUdp.cpp:221] parsePacket(): could not receive data: 9
[104940][E][WiFiUdp.cpp:221] parsePacket(): could not receive data: 9
[104947][E][WiFiUdp.cpp:221] parsePacket(): could not receive data: 9
[104953][E][WiFiUdp.cpp:221] parsePacket(): could not receive data: 9
[104960][E][WiFiUdp.cpp:221] parsePacket(): could not receive data: 9
[104968][E][WiFiUdp.cpp:221] parsePacket(): could not receive data: 9
[104975][E][WiFiUdp.cpp:221] parsePacket(): could not receive data: 9
[104982][E][WiFiUdp.cpp:221] parsePacket(): could not receive data: 9
[104989][E][WiFiUdp.cpp:221] parsePacket(): could not receive data: 9
[104996][E][WiFiUdp.cpp:221] parsePacket(): could not receive data: 9
[105003][E][WiFiUdp.cpp:221] parsePacket(): could not receive data: 9
[105010][E][WiFiUdp.cpp:221] parsePacket(): could not receive data: 9
[105017][E][WiFiUdp.cpp:221] parsePacket(): could not receive data: 9
[105024][E][WiFiUdp.cpp:221] parsePacket(): could not receive data: 9
[105031][E][WiFiUdp.cpp:221] parsePacket(): could not receive data: 9
[105038][E][WiFiUdp.cpp:221] parsePacket(): could not receive data: 9
[105045][E][WiFiUdp.cpp:221] parsePacket(): could not receive data: 9
[105052][E][WiFiUdp.cpp:221] parsePacket(): could not receive data: 9
[105060][E][WiFiUdp.cpp:221] parsePacket(): could not receive data: 9
[105067][E][WiFiUdp.cpp:221] parsePacket(): could not receive data: 9
[105073][E][WiFiUdp.cpp:221] parsePacket(): could not receive data: 9
[105079][E][WiFiUdp.cpp:221] parsePacket(): could not receive data: 9
[105085][E][WiFiUdp.cpp:221] parsePacket(): could not receive data: 9
[105091][E][WiFiUdp.cpp:221] parsePacket(): could not receive data: 9
[105098][E][WiFiUdp.cpp:221] parsePacket(): could not receive data: 9
[105104][E][WiFiUdp.cpp:221] parsePacket(): could not receive data: 9
[105110][E][WiFiUdp.cpp:221] parsePacket(): could not receive data: 9
[105115][E][WiFiUdp.cpp:221] parsePacket(): could not receive data: 9
[105122][E][WiFiUdp.cpp:221] parsePacket(): could not receive data: 9
[105129][E][WiFiUdp.cpp:221] parsePacket(): could not receive data: 9
[105135][E][WiFiUdp.cpp:221] parsePacket(): could not receive data: 9
[105141][E][WiFiUdp.cpp:221] parsePacket(): could not receive data: 9
[105146][E][WiFiUdp.cpp:221] parsePacket(): could not receive data: 9
[105152][E][WiFiUdp.cpp:221] parsePacket(): could not receive data: 9
[105158][E][WiFiUdp.cpp:221] parsePacket(): could not receive data: 9
[105164][E][WiFiUdp.cpp:221] parsePacket(): could not receive data: 9
[105170][E][WiFiUdp.cpp:221] parsePacket(): could not receive data: 9
[105176][E][WiFiUdp.cpp:221] parsePacket(): could not receive data: 9
[105182][E][WiFiUdp.cpp:221] parsePacket(): could not receive data: 9
[105188][E][WiFiUdp.cpp:221] parsePacket(): could not receive data: 9
[105194][E][WiFiUdp.cpp:221] parsePacket(): could not receive data: 9
[105200][E][WiFiUdp.cpp:221] parsePacket(): could not receive data: 9
[105206][E][WiFiUdp.cpp:221] parsePacket(): could not receive data: 9
[105212][E][WiFiUdp.cpp:221] parsePacket(): could not receive data: 9
[105218][E][WiFiUdp.cpp:221] parsePacket(): could not receive data: 9
[105224][E][WiFiUdp.cpp:221] parsePacket(): could not receive data: 9
[105230][E][WiFiUdp.cpp:221] parsePacket(): could not receive data: 9
[105235][E][WiFiUdp.cpp:221] parsePacket(): could not receive data: 9
[105242][E][WiFiUdp.cpp:221] parsePacket(): could not receive data: 9
[105250][E][WiFiUdp.cpp:221] parsePacket(): could not receive data: 9
[105259][E][WiFiUdp.cpp:221] parsePacket(): could not receive data: 9
[105268][E][WiFiUdp.cpp:221] parsePacket(): could not receive data: 9
[105277][E][WiFiUdp.cpp:221] parsePacket(): could not receive data: 9
[105286][E][WiFiUdp.cpp:221] parsePacket(): could not receive data: 9
[105294][E][WiFiUdp.cpp:221] parsePacket(): could not receive data: 9
[105301][E][WiFiUdp.cpp:221] parsePacket(): could not receive data: 9
[105308][E][WiFiUdp.cpp:221] parsePacket(): could not receive data: 9
[105314][E][WiFiUdp.cpp:221] parsePacket(): could not receive data: 9
[105322][E][WiFiUdp.cpp:221] parsePacket(): could not receive data: 9
[105330][E][WiFiUdp.cpp:221] parsePacket(): could not receive data: 9
[105337][E][WiFiUdp.cpp:221] parsePacket(): could not receive data: 9
[105344][E][WiFiUdp.cpp:221] parsePacket(): could not receive data: 9
[105351][E][WiFiUdp.cpp:221] parsePacket(): could not receive data: 9
[105357][E][WiFiUdp.cpp:221] parsePacket(): could not receive data: 9
[105364][E][WiFiUdp.cpp:221] parsePacket(): could not receive data: 9
[105370][E][WiFiUdp.cpp:221] parsePacket(): could not receive data: 9
[105376][E][WiFiUdp.cpp:221] parsePacket(): could not receive data: 9
[105383][E][WiFiUdp.cpp:221] parsePacket(): could not receive data: 9
[105390][E][WiFiUdp.cpp:221] parsePacket(): could not receive data: 9
[105397][E][WiFiUdp.cpp:221] parsePacket(): could not receive data: 9
[105404][E][WiFiUdp.cpp:221] parsePacket(): could not receive data: 9
[105410][E][WiFiUdp.cpp:221] parsePacket(): could not receive data: 9
[105416][E][WiFiUdp.cpp:221] parsePacket(): could not receive data: 9
[105422][E][WiFiUdp.cpp:221] parsePacket(): could not receive data: 9
[105429][E][WiFiUdp.cpp:221] parsePacket(): could not receive data: 9
[105436][E][WiFiUdp.cpp:221] parsePacket(): could not receive data: 9
[105443][E][WiFiUdp.cpp:221] parsePacket(): could not receive data: 9
[105450][E][WiFiUdp.cpp:221] parsePacket(): could not receive data: 9
[105457][E][WiFiUdp.cpp:221] parsePacket(): could not receive data: 9
[105464][E][WiFiUdp.cpp:221] parsePacket(): could not receive data: 9
[105471][E][WiFiUdp.cpp:221] parsePacket(): could not receive data: 9
[105478][E][WiFiUdp.cpp:221] parsePacket(): could not receive data: 9
[105485][E][WiFiUdp.cpp:221] parsePacket(): could not receive data: 9
[105492][E][WiFiUdp.cpp:221] parsePacket(): could not receive data: 9
[105499][E][WiFiUdp.cpp:221] parsePacket(): could not receive data: 9
[105506][E][WiFiUdp.cpp:221] parsePacket(): could not receive data: 9
[105513][E][WiFiUdp.cpp:221] parsePacket(): could not receive data: 9
[105521][E][WiFiUdp.cpp:221] parsePacket(): could not receive data: 9
[105528][E][WiFiUdp.cpp:221] parsePacket(): could not receive data: 9
[105535][E][WiFiUdp.cpp:221] parsePacket(): could not receive data: 9
[105542][E][WiFiUdp.cpp:221] parsePacket(): could not receive data: 9
[105550][E][WiFiUdp.cpp:221] parsePacket(): could not receive data: 9
[105557][E][WiFiUdp.cpp:221] parsePacket(): could not receive data: 9
[105564][E][WiFiUdp.cpp:221] parsePacket(): could not receive data: 9
[105571][E][WiFiUdp.cpp:221] parsePacket(): could not receive data: 9
[105578][E][WiFiUdp.cpp:221] parsePacket(): could not receive data: 9
[105584][E][WiFiUdp.cpp:221] parsePacket(): could not receive data: 9
[105591][E][WiFiUdp.cpp:221] parsePacket(): could not receive data: 9
[105598][E][WiFiUdp.cpp:221] parsePacket(): could not receive data: 9
[105605][E][WiFiUdp.cpp:221] parsePacket(): could not receive data: 9
[105614][E][WiFiUdp.cpp:221] parsePacket(): could not receive data: 9
[105621][E][WiFiUdp.cpp:221] parsePacket(): could not receive data: 9
[105628][E][WiFiUdp.cpp:221] parsePacket(): could not receive data: 9
[105635][E][WiFiUdp.cpp:221] parsePacket(): could not receive data: 9
[105642][E][WiFiUdp.cpp:221] parsePacket(): could not receive data: 9
[105649][E][WiFiUdp.cpp:221] parsePacket(): could not receive data: 9
[105657][E][WiFiUdp.cpp:221] parsePacket(): could not receive data: 9
[105664][E][WiFiUdp.cpp:221] parsePacket(): could not receive data: 9
[105671][E][WiFiUdp.cpp:221] parsePacket(): could not receive data: 9
[105678][E][WiFiUdp.cpp:221] parsePacket(): could not receive data: 9
[105685][E][WiFiUdp.cpp:221] parsePacket(): could not receive data: 9
[105692][E][WiFiUdp.cpp:221] parsePacket(): could not receive data: 9
[105699][E][WiFiUdp.cpp:221] parsePacket(): could not receive data: 9
[105706][E][WiFiUdp.cpp:221] parsePacket(): could not receive data: 9
[105712][E][WiFiUdp.cpp:221] parsePacket(): could not receive data: 9
[105719][E][WiFiUdp.cpp:221] parsePacket(): could not receive data: 9
[105726][E][WiFiUdp.cpp:221] parsePacket(): could not receive data: 9
[105733][E][WiFiUdp.cpp:221] parsePacket(): could not receive data: 9
[105740][E][WiFiUdp.cpp:221] parsePacket(): could not receive data: 9
[105746][E][WiFiUdp.cpp:221] parsePacket(): could not receive data: 9
[105751][E][WiFiUdp.cpp:221] parsePacket(): could not receive data: 9
[105757][E][WiFiUdp.cpp:221] parsePacket(): could not receive data: 9
[105765][E][WiFiUdp.cpp:221] parsePacket(): could not receive data: 9
[105772][E][WiFiUdp.cpp:221] parsePacket(): could not receive data: 9
[105779][E][WiFiUdp.cpp:221] parsePacket(): could not receive data: 9
[105786][E][WiFiUdp.cpp:221] parsePacket(): could not receive data: 9
[105794][E][WiFiUdp.cpp:221] parsePacket(): could not receive data: 9
[105801][E][WiFiUdp.cpp:221] parsePacket(): could not receive data: 9
[105808][E][WiFiUdp.cpp:221] parsePacket(): could not receive data: 9
[105815][E][WiFiUdp.cpp:221] parsePacket(): could not receive data: 9
[105821][E][WiFiUdp.cpp:221] parsePacket(): could not receive data: 9
[105828][E][WiFiUdp.cpp:221] parsePacket(): could not receive data: 9
[105835][E][WiFiUdp.cpp:221] parsePacket(): could not receive data: 9
[105842][E][WiFiUdp.cpp:221] parsePacket(): could not receive data: 9
[105849][E][WiFiUdp.cpp:221] parsePacket(): could not receive data: 9
[105857][E][WiFiUdp.cpp:221] parsePacket(): could not receive data: 9
[105864][E][WiFiUdp.cpp:221] parsePacket(): could not receive data: 9
[105871][E][WiFiUdp.cpp:221] parsePacket(): could not receive data: 9
[105878][E][WiFiUdp.cpp:221] parsePacket(): could not receive data: 9
[105885][E][WiFiUdp.cpp:221] parsePacket(): could not receive data: 9
[105892][E][WiFiUdp.cpp:221] parsePacket(): could not receive data: 9
[105899][E][WiFiUdp.cpp:221] parsePacket(): could not receive data: 9
[105906][E][WiFiUdp.cpp:221] parsePacket(): could not receive data: 9
[105915][E][WiFiUdp.cpp:221] parsePacket(): could not receive data: 9
[105923][E][WiFiUdp.cpp:221] parsePacket(): could not receive data: 9
[105930][E][WiFiUdp.cpp:221] parsePacket(): could not receive data: 9
[105937][E][WiFiUdp.cpp:221] parsePacket(): could not receive data: 9
[105943][E][WiFiUdp.cpp:221] parsePacket(): could not receive data: 9
[105950][E][WiFiUdp.cpp:221] parsePacket(): could not receive data: 9
[105959][E][WiFiUdp.cpp:221] parsePacket(): could not receive data: 9
[105968][E][WiFiUdp.cpp:221] parsePacket(): could not receive data: 9
[105977][E][WiFiUdp.cpp:221] parsePacket(): could not receive data: 9
[105985][E][WiFiUdp.cpp:221] parsePacket(): could not receive data: 9
[105992][E][WiFiUdp.cpp:221] parsePacket(): could not receive data: 9
[105998][E][WiFiUdp.cpp:221] parsePacket(): could not receive data: 9
[106005][E][WiFiUdp.cpp:221] parsePacket(): could not receive data: 9
[106012][E][WiFiUdp.cpp:221] parsePacket(): could not receive data: 9
[106020][E][WiFiUdp.cpp:221] parsePacket(): could not receive data: 9
[106027][E][WiFiUdp.cpp:221] parsePacket(): could not receive data: 9
[106034][E][WiFiUdp.cpp:221] parsePacket(): could not receive data: 9
[106041][E][WiFiUdp.cpp:221] parsePacket(): could not receive data: 9
[106048][E][WiFiUdp.cpp:221] parsePacket(): could not receive data: 9
[106055][E][WiFiUdp.cpp:221] parsePacket(): could not receive data: 9
[106062][E][WiFiUdp.cpp:221] parsePacket(): could not receive data: 9
[106069][E][WiFiUdp.cpp:221] parsePacket(): could not receive data: 9
[106077][E][WiFiUdp.cpp:221] parsePacket(): could not receive data: 9
[106084][E][WiFiUdp.cpp:221] parsePacket(): could not receive data: 9
[106091][E][WiFiUdp.cpp:221] parsePacket(): could not receive data: 9
[106098][E][WiFiUdp.cpp:221] parsePacket(): could not receive data: 9
[106105][E][WiFiUdp.cpp:221] parsePacket(): could not receive data: 9
[106112][E][WiFiUdp.cpp:221] parsePacket(): could not receive data: 9
[106119][E][WiFiUdp.cpp:221] parsePacket(): could not receive data: 9
[106126][E][WiFiUdp.cpp:221] parsePacket(): could not receive data: 9
[106133][E][WiFiUdp.cpp:221] parsePacket(): could not receive data: 9
[106140][E][WiFiUdp.cpp:221] parsePacket(): could not receive data: 9
[106148][E][WiFiUdp.cpp:221] parsePacket(): could not receive data: 9
[106156][E][WiFiUdp.cpp:221] parsePacket(): could not receive data: 9
[106163][E][WiFiUdp.cpp:221] parsePacket(): could not receive data: 9
[106171][E][WiFiUdp.cpp:221] parsePacket(): could not receive data: 9
[106178][E][WiFiUdp.cpp:221] parsePacket(): could not receive data: 9
[106185][E][WiFiUdp.cpp:221] parsePacket(): could not receive data: 9
[106192][E][WiFiUdp.cpp:221] parsePacket(): could not receive data: 9
[106198][E][WiFiUdp.cpp:221] parsePacket(): could not receive data: 9
[106206][E][WiFiUdp.cpp:221] parsePacket(): could not receive data: 9
[106213][E][WiFiUdp.cpp:221] parsePacket(): could not receive data: 9
[106220][E][WiFiUdp.cpp:221] parsePacket(): could not receive data: 9
[106227][E][WiFiUdp.cpp:221] parsePacket(): could not receive data: 9
[106235][E][WiFiUdp.cpp:221] parsePacket(): could not receive data: 9
[106243][E][WiFiUdp.cpp:221] parsePacket(): could not receive data: 9
[106250][E][WiFiUdp.cpp:221] parsePacket(): could not receive data: 9
[106257][E][WiFiUdp.cpp:221] parsePacket(): could not receive data: 9
[106264][E][WiFiUdp.cpp:221] parsePacket(): could not receive data: 9
[106271][E][WiFiUdp.cpp:221] parsePacket(): could not receive data: 9
[106278][E][WiFiUdp.cpp:221] parsePacket(): could not receive data: 9
[106285][E][WiFiUdp.cpp:221] parsePacket(): could not receive data: 9
[106292][E][WiFiUdp.cpp:221] parsePacket(): could not receive data: 9
[106299][E][WiFiUdp.cpp:221] parsePacket(): could not receive data: 9
[106306][E][WiFiUdp.cpp:221] parsePacket(): could not receive data: 9
[106313][E][WiFiUdp.cpp:221] parsePacket(): could not receive data: 9
[106320][E][WiFiUdp.cpp:221] parsePacket(): could not receive data: 9
[106327][E][WiFiUdp.cpp:221] parsePacket(): could not receive data: 9
[106334][E][WiFiUdp.cpp:221] parsePacket(): could not receive data: 9
[106341][E][WiFiUdp.cpp:221] parsePacket(): could not receive data: 9
[106347][E][WiFiUdp.cpp:221] parsePacket(): could not receive data: 9
[106354][E][WiFiUdp.cpp:221] parsePacket(): could not receive data: 9
[106362][E][WiFiUdp.cpp:221] parsePacket(): could not receive data: 9
[106371][E][WiFiUdp.cpp:221] parsePacket(): could not receive data: 9
[106378][E][WiFiUdp.cpp:221] parsePacket(): could not receive data: 9
[106385][E][WiFiUdp.cpp:221] parsePacket(): could not receive data: 9
[106392][E][WiFiUdp.cpp:221] parsePacket(): could not receive data: 9
[106399][E][WiFiUdp.cpp:221] parsePacket(): could not receive data: 9
[106406][E][WiFiUdp.cpp:221] parsePacket(): could not receive data: 9
[106413][E][WiFiUdp.cpp:221] parsePacket(): could not receive data: 9
[106421][E][WiFiUdp.cpp:221] parsePacket(): could not receive data: 9
[106428][E][WiFiUdp.cpp:221] parsePacket(): could not receive data: 9
[106435][E][WiFiUdp.cpp:221] parsePacket(): could not receive data: 9
[106442][E][WiFiUdp.cpp:221] parsePacket(): could not receive data: 9
[106448][E][WiFiUdp.cpp:221] parsePacket(): could not receive data: 9
[106454][E][WiFiUdp.cpp:221] parsePacket(): could not receive data: 9
[106461][E][WiFiUdp.cpp:221] parsePacket(): could not receive data: 9
[106468][E][WiFiUdp.cpp:221] parsePacket(): could not receive data: 9
[106475][E][WiFiUdp.cpp:221] parsePacket(): could not receive data: 9
[106482][E][WiFiUdp.cpp:221] parsePacket(): could not receive data: 9
[106489][E][WiFiUdp.cpp:221] parsePacket(): could not receive data: 9
[106496][E][WiFiUdp.cpp:221] parsePacket(): could not receive data: 9
[106503][E][WiFiUdp.cpp:221] parsePacket(): could not receive data: 9
[106510][E][WiFiUdp.cpp:221] parsePacket(): could not receive data: 9
[106517][E][WiFiUdp.cpp:221] parsePacket(): could not receive data: 9
[106524][E][WiFiUdp.cpp:221] parsePacket(): could not receive data: 9
[106531][E][WiFiUdp.cpp:221] parsePacket(): could not receive data: 9
[106538][E][WiFiUdp.cpp:221] parsePacket(): could not receive data: 9
[106545][E][WiFiUdp.cpp:221] parsePacket(): could not receive data: 9
[106552][E][WiFiUdp.cpp:221] parsePacket(): could not receive data: 9
[106559][E][WiFiUdp.cpp:221] parsePacket(): could not receive data: 9
[106566][E][WiFiUdp.cpp:221] parsePacket(): could not receive data: 9
[106573][E][WiFiUdp.cpp:221] parsePacket(): could not receive data: 9
[106580][E][WiFiUdp.cpp:221] parsePacket(): could not receive data: 9
[106587][E][WiFiUdp.cpp:221] parsePacket(): could not receive data: 9
[106594][E][WiFiUdp.cpp:221] parsePacket(): could not receive data: 9
[106601][E][WiFiUdp.cpp:221] parsePacket(): could not receive data: 9
[106608][E][WiFiUdp.cpp:221] parsePacket(): could not receive data: 9
[106615][E][WiFiUdp.cpp:221] parsePacket(): could not receive data: 9
[106622][E][WiFiUdp.cpp:221] parsePacket(): could not receive data: 9
[106629][E][WiFiUdp.cpp:221] parsePacket(): could not receive data: 9
[106636][E][WiFiUdp.cpp:221] parsePacket(): could not receive data: 9
[106643][E][WiFiUdp.cpp:221] parsePacket(): could not receive data: 9
[106650][E][WiFiUdp.cpp:221] parsePacket(): could not receive data: 9
[106659][E][WiFiUdp.cpp:221] parsePacket(): could not receive data: 9
[106666][E][WiFiUdp.cpp:221] parsePacket(): could not receive data: 9
[106672][E][WiFiUdp.cpp:221] parsePacket(): could not receive data: 9
[106679][E][WiFiUdp.cpp:221] parsePacket(): could not receive data: 9
[106686][E][WiFiUdp.cpp:221] parsePacket(): could not receive data: 9
[106693][E][WiFiUdp.cpp:221] parsePacket(): could not receive data: 9
[106700][E][WiFiUdp.cpp:221] parsePacket(): could not receive data: 9
[106707][E][WiFiUdp.cpp:221] parsePacket(): could not receive data: 9
[106714][E][WiFiUdp.cpp:221] parsePacket(): could not receive data: 9
[106721][E][WiFiUdp.cpp:221] parsePacket(): could not receive data: 9
[106727][E][WiFiUdp.cpp:221] parsePacket(): could not receive data: 9
[106733][E][WiFiUdp.cpp:221] parsePacket(): could not receive data: 9
[106739][E][WiFiUdp.cpp:221] parsePacket(): could not receive data: 9
[106745][E][WiFiUdp.cpp:221] parsePacket(): could not receive data: 9
[106751][E][WiFiUdp.cpp:221] parsePacket(): could not receive data: 9
[106757][E][WiFiUdp.cpp:221] parsePacket(): could not receive data: 9
[106763][E][WiFiUdp.cpp:221] parsePacket(): could not receive data: 9
[106770][E][WiFiUdp.cpp:221] parsePacket(): could not receive data: 9
[106777][E][WiFiUdp.cpp:221] parsePacket(): could not receive data: 9
[106784][E][WiFiUdp.cpp:221] parsePacket(): could not receive data: 9
[106791][E][WiFiUdp.cpp:221] parsePacket(): could not receive data: 9
[106798][E][WiFiUdp.cpp:221] parsePacket(): could not receive data: 9
[106805][E][WiFiUdp.cpp:221] parsePacket(): could not receive data: 9
[106812][E][WiFiUdp.cpp:221] parsePacket(): could not receive data: 9
[106819][E][WiFiUdp.cpp:221] parsePacket(): could not receive data: 9
[106826][E][WiFiUdp.cpp:221] parsePacket(): could not receive data: 9
[106833][E][WiFiUdp.cpp:221] parsePacket(): could not receive data: 9
[106840][E][WiFiUdp.cpp:221] parsePacket(): could not receive data: 9
[106847][E][WiFiUdp.cpp:221] parsePacket(): could not receive data: 9
[106853][E][WiFiUdp.cpp:221] parsePacket(): could not receive data: 9
[106860][E][WiFiUdp.cpp:221] parsePacket(): could not receive data: 9
[106867][E][WiFiUdp.cpp:221] parsePacket(): could not receive data: 9
[106874][E][WiFiUdp.cpp:221] parsePacket(): could not receive data: 9
[106881][E][WiFiUdp.cpp:221] parsePacket(): could not receive data: 9
[106888][E][WiFiUdp.cpp:221] parsePacket(): could not receive data: 9
[106895][E][WiFiUdp.cpp:221] parsePacket(): could not receive data: 9
[106902][E][WiFiUdp.cpp:221] parsePacket(): could not receive data: 9
[106909][E][WiFiUdp.cpp:221] parsePacket(): could not receive data: 9
[106916][E][WiFiUdp.cpp:221] parsePacket(): could not receive data: 9
[106924][E][WiFiUdp.cpp:221] parsePacket(): could not receive data: 9
[106931][E][WiFiUdp.cpp:221] parsePacket(): could not receive data: 9
[106938][E][WiFiUdp.cpp:221] parsePacket(): could not receive data: 9
[106946][E][WiFiUdp.cpp:221] parsePacket(): could not receive data: 9
[106955][E][WiFiUdp.cpp:221] parsePacket(): could not receive data: 9
[106963][E][WiFiUdp.cpp:221] parsePacket(): could not receive data: 9
[106971][E][WiFiUdp.cpp:221] parsePacket(): could not receive data: 9
[106978][E][WiFiUdp.cpp:221] parsePacket(): could not receive data: 9
[106984][E][WiFiUdp.cpp:221] parsePacket(): could not receive data: 9
[106991][E][WiFiUdp.cpp:221] parsePacket(): could not receive data: 9
[106998][E][WiFiUdp.cpp:221] parsePacket(): could not receive data: 9
[107004][E][WiFiUdp.cpp:221] parsePacket(): could not receive data: 9
[107012][E][WiFiUdp.cpp:221] parsePacket(): could not receive data: 9
[107018][E][WiFiUdp.cpp:221] parsePacket(): could not receive data: 9
[107027][E][WiFiUdp.cpp:221] parsePacket(): could not receive data: 9
[107035][E][WiFiUdp.cpp:221] parsePacket(): could not receive data: 9
[107042][E][WiFiUdp.cpp:221] parsePacket(): could not receive data: 9
[107049][E][WiFiUdp.cpp:221] parsePacket(): could not receive data: 9
[107056][E][WiFiUdp.cpp:221] parsePacket(): could not receive data: 9
[107063][E][WiFiUdp.cpp:221] parsePacket(): could not receive data: 9
[107070][E][WiFiUdp.cpp:221] parsePacket(): could not receive data: 9
[107077][E][WiFiUdp.cpp:221] parsePacket(): could not receive data: 9
[107084][E][WiFiUdp.cpp:221] parsePacket(): could not receive data: 9
[107091][E][WiFiUdp.cpp:221] parsePacket(): could not receive data: 9
[107098][E][WiFiUdp.cpp:221] parsePacket(): could not receive data: 9
[107105][E][WiFiUdp.cpp:221] parsePacket(): could not receive data: 9
[107112][E][WiFiUdp.cpp:221] parsePacket(): could not receive data: 9
[107119][E][WiFiUdp.cpp:221] parsePacket(): could not receive data: 9
[107126][E][WiFiUdp.cpp:221] parsePacket(): could not receive data: 9
[107133][E][WiFiUdp.cpp:221] parsePacket(): could not receive data: 9
[107140][E][WiFiUdp.cpp:221] parsePacket(): could not receive data: 9
[107148][E][WiFiUdp.cpp:221] parsePacket(): could not receive data: 9
[107171][E][WiFiUdp.cpp:221] parsePacket(): could not receive data: 9
[107183][E][WiFiUdp.cpp:221] parsePacket(): could not receive data: 9
[107192][E][WiFiUdp.cpp:221] parsePacket(): could not receive data: 9
[107199][E][WiFiUdp.cpp:221] parsePacket(): could not receive data: 9
[107205][E][WiFiUdp.cpp:221] parsePacket(): could not receive data: 9
[107211][E][WiFiUdp.cpp:221] parsePacket(): could not receive data: 9
[107217][E][WiFiUdp.cpp:221] parsePacket(): could not receive data: 9
[107224][E][WiFiUdp.cpp:221] parsePacket(): could not receive data: 9
[107231][E][WiFiUdp.cpp:221] parsePacket(): could not receive data: 9
[107238][E][WiFiUdp.cpp:221] parsePacket(): could not receive data: 9
[107245][E][WiFiUdp.cpp:221] parsePacket(): could not receive data: 9
[107252][E][WiFiUdp.cpp:221] parsePacket(): could not receive data: 9
[107259][E][WiFiUdp.cpp:221] parsePacket(): could not receive data: 9
[107266][E][WiFiUdp.cpp:221] parsePacket(): could not receive data: 9
[107273][E][WiFiUdp.cpp:221] parsePacket(): could not receive data: 9
[107280][E][WiFiUdp.cpp:221] parsePacket(): could not receive data: 9
[107287][E][WiFiUdp.cpp:221] parsePacket(): could not receive data: 9
[107294][E][WiFiUdp.cpp:221] parsePacket(): could not receive data: 9
[107301][E][WiFiUdp.cpp:221] parsePacket(): could not receive data: 9
[107308][E][WiFiUdp.cpp:221] parsePacket(): could not receive data: 9
[107315][E][WiFiUdp.cpp:221] parsePacket(): could not receive data: 9
[107322][E][WiFiUdp.cpp:221] parsePacket(): could not receive data: 9
[107329][E][WiFiUdp.cpp:221] parsePacket(): could not receive data: 9
[107336][E][WiFiUdp.cpp:221] parsePacket(): could not receive data: 9
[107343][E][WiFiUdp.cpp:221] parsePacket(): could not receive data: 9
[107350][E][WiFiUdp.cpp:221] parsePacket(): could not receive data: 9
[107357][E][WiFiUdp.cpp:221] parsePacket(): could not receive data: 9
[107364][E][WiFiUdp.cpp:221] parsePacket(): could not receive data: 9
[107370][E][WiFiUdp.cpp:221] parsePacket(): could not receive data: 9
[107376][E][WiFiUdp.cpp:221] parsePacket(): could not receive data: 9
[107382][E][WiFiUdp.cpp:221] parsePacket(): could not receive data: 9
