ets Jul 29 2019 12:21:46

rst:0x1 (POWERON_RESET),boot:0x12 (SPI_FAST_FLASH_BOOT)
configsip: 0, SPIWP:0xee
clk_drv:0x00,q_drv:0x00,d_drv:0x00,cs0_drv:0x00,hd_drv:0x00,wp_drv:0x00
mode:DIO, clock div:2
load:0x3fff0030,len:1184
load:0x40078000,len:13232
load:0x40080400,len:3028
entry 0x400805e4


============
CLIENT SETUP
============
[BOOT] RESET_REASON=1 POWERON
[HEAP] 00:00:00 159576 157416 110580 (init)
[PSRM] 00:00:00 0
[EFUS]...Two Point: NOT supported
[EFUS]...Vref: NOT supported
[INIT]...initMheard
[INIT]...init_flash
[  2590][E][Preferences.cpp:483] getString(): nvs_get_str len fail: node_call NOT_FOUND
[  2596][E][Preferences.cpp:483] getString(): nvs_get_str len fail: node_short NOT_FOUND
[  2599][E][Preferences.cpp:503] getBytesLength(): nvs_get_blob len fail: node_lat NOT_FOUND
[  2600][E][Preferences.cpp:503] getBytesLength(): nvs_get_blob len fail: node_lon NOT_FOUND
[  2602][E][Preferences.cpp:503] getBytesLength(): nvs_get_blob len fail: node_temp NOT_FOUND
[  2602][E][Preferences.cpp:503] getBytesLength(): nvs_get_blob len fail: node_hum NOT_FOUND
[  2603][E][Preferences.cpp:503] getBytesLength(): nvs_get_blob len fail: node_press NOT_FOUND
[  2604][E][Preferences.cpp:483] getString(): nvs_get_str len fail: node_ssid NOT_FOUND
[  2604][E][Preferences.cpp:483] getString(): nvs_get_str len fail: node_pwd NOT_FOUND
[  2605][E][Preferences.cpp:503] getBytesLength(): nvs_get_blob len fail: node_maxv NOT_FOUND
[  2606][E][Preferences.cpp:483] getString(): nvs_get_str len fail: node_extern NOT_FOUND
[  2607][E][Preferences.cpp:503] getBytesLength(): nvs_get_blob len fail: node_freq NOT_FOUND
[  2607][E][Preferences.cpp:503] getBytesLength(): nvs_get_blob len fail: node_bw NOT_FOUND
[  2608][E][Preferences.cpp:483] getString(): nvs_get_str len fail: node_atxt NOT_FOUND
[  2609][E][Preferences.cpp:503] getBytesLength(): nvs_get_blob len fail: node_temp2 NOT_FOUND
[  2610][E][Preferences.cpp:503] getBytesLength(): nvs_get_blob len fail: node_utcof NOT_FOUND
[  2610][E][Preferences.cpp:503] getBytesLength(): nvs_get_blob len fail: node_gas NOT_FOUND
[  2611][E][Preferences.cpp:503] getBytesLength(): nvs_get_blob len fail: node_co2 NOT_FOUND
[  2611][E][Preferences.cpp:483] getString(): nvs_get_str len fail: node_mcp170 NOT_FOUND
[  2611][E][Preferences.cpp:483] getString(): nvs_get_str len fail: node_mcp171 NOT_FOUND
[  2612][E][Preferences.cpp:483] getString(): nvs_get_str len fail: node_mcp172 NOT_FOUND
[  2612][E][Preferences.cpp:483] getString(): nvs_get_str len fail: node_mcp173 NOT_FOUND
[  2613][E][Preferences.cpp:483] getString(): nvs_get_str len fail: node_mcp174 NOT_FOUND
[  2613][E][Preferences.cpp:483] getString(): nvs_get_str len fail: node_mcp175 NOT_FOUND
[  2614][E][Preferences.cpp:483] getString(): nvs_get_str len fail: node_mcp176 NOT_FOUND
[  2614][E][Preferences.cpp:483] getString(): nvs_get_str len fail: node_mcp177 NOT_FOUND
[  2614][E][Preferences.cpp:483] getString(): nvs_get_str len fail: node_mcp178 NOT_FOUND
[  2615][E][Preferences.cpp:483] getString(): nvs_get_str len fail: node_mcp179 NOT_FOUND
[  2615][E][Preferences.cpp:483] getString(): nvs_get_str len fail: node_mcp1710 NOT_FOUND
[  2615][E][Preferences.cpp:483] getString(): nvs_get_str len fail: node_mcp1711 NOT_FOUND
[  2616][E][Preferences.cpp:483] getString(): nvs_get_str len fail: node_mcp1712 NOT_FOUND
[  2616][E][Preferences.cpp:483] getString(): nvs_get_str len fail: node_mcp1713 NOT_FOUND
[  2616][E][Preferences.cpp:483] getString(): nvs_get_str len fail: node_mcp1714 NOT_FOUND
[  2617][E][Preferences.cpp:483] getString(): nvs_get_str len fail: node_mcp1715 NOT_FOUND
[  2620][E][Preferences.cpp:503] getBytesLength(): nvs_get_blob len fail: node_track NOT_FOUND
[  2626][E][Preferences.cpp:483] getString(): nvs_get_str len fail: node_passwd NOT_FOUND
[  2627][E][Preferences.cpp:483] getString(): nvs_get_str len fail: node_ownip NOT_FOUND
[  2628][E][Preferences.cpp:483] getString(): nvs_get_str len fail: node_owngw NOT_FOUND
[  2628][E][Preferences.cpp:483] getString(): nvs_get_str len fail: node_ownms NOT_FOUND
[  2628][E][Preferences.cpp:483] getString(): nvs_get_str len fail: node_name NOT_FOUND
[  2629][E][Preferences.cpp:483] getString(): nvs_get_str len fail: node_webpwd NOT_FOUND
[  2629][E][Preferences.cpp:483] getString(): nvs_get_str len fail: node_lssid NOT_FOUND
[  2629][E][Preferences.cpp:483] getString(): nvs_get_str len fail: node_lpwd NOT_FOUND
[  2630][E][Preferences.cpp:503] getBytesLength(): nvs_get_blob len fail: node_afakt NOT_FOUND
[  2630][E][Preferences.cpp:483] getString(): nvs_get_str len fail: node_parm NOT_FOUND
[  2631][E][Preferences.cpp:483] getString(): nvs_get_str len fail: node_unit NOT_FOUND
[  2631][E][Preferences.cpp:483] getString(): nvs_get_str len fail: node_format NOT_FOUND
[  2631][E][Preferences.cpp:483] getString(): nvs_get_str len fail: node_eqns NOT_FOUND
[  2632][E][Preferences.cpp:483] getString(): nvs_get_str len fail: node_values NOT_FOUND
[  2632][E][Preferences.cpp:503] getBytesLength(): nvs_get_blob len fail: node_spstart NOT_FOUND
[  2632][E][Preferences.cpp:503] getBytesLength(): nvs_get_blob len fail: node_spend NOT_FOUND
[  2633][E][Preferences.cpp:503] getBytesLength(): nvs_get_blob len fail: node_spstep NOT_FOUND
[  2633][E][Preferences.cpp:503] getBytesLength(): nvs_get_blob len fail: node_bfakt NOT_FOUND
[  2633][E][Preferences.cpp:483] getString(): nvs_get_str len fail: node_ucall NOT_FOUND
[  2634][E][Preferences.cpp:503] getBytesLength(): nvs_get_blob len fail: node_aak NOT_FOUND
[  2634][E][Preferences.cpp:503] getBytesLength(): nvs_get_blob len fail: node_aslo NOT_FOUND
[  2634][E][Preferences.cpp:503] getBytesLength(): nvs_get_blob len fail: node_aoff NOT_FOUND
[  2635][E][Preferences.cpp:503] getBytesLength(): nvs_get_blob len fail: node_atten NOT_FOUND
[  2635][E][Preferences.cpp:483] getString(): nvs_get_str len fail: node_gwsrv NOT_FOUND
[  2635][E][Preferences.cpp:503] getBytesLength(): nvs_get_blob len fail: node_tmpiof NOT_FOUND
[  2636][E][Preferences.cpp:503] getBytesLength(): nvs_get_blob len fail: node_tmpoof NOT_FOUND
[  2636][E][Preferences.cpp:503] getBytesLength(): nvs_get_blob len fail: node_shunt NOT_FOUND
[  2636][E][Preferences.cpp:503] getBytesLength(): nvs_get_blob len fail: node_imax NOT_FOUND
[  2637][E][Preferences.cpp:483] getString(): nvs_get_str len fail: node_owndns NOT_FOUND
[  2637][E][Preferences.cpp:483] getString(): nvs_get_str len fail: node_ownntp NOT_FOUND
[  2637][E][Preferences.cpp:483] getString(): nvs_get_str len fail: node_fwversion NOT_FOUND
[  2638][E][Preferences.cpp:483] getString(): nvs_get_str len fail: node_via NOT_FOUND
[  2638][E][Preferences.cpp:483] getString(): nvs_get_str len fail: node_aprsmc NOT_FOUND
[  2639][E][Preferences.cpp:483] getString(): nvs_get_str len fail: node_pingcall NOT_FOUND
[INIT]...build Sep 26 2026 / 22:37:30
[INIT]...FLASH cleared, Settings-Layout 0 -> 20260724
[INIT]...FLASH #entries 628 bevor clear
[INIT]...FLASH #entries 628 after clear
[TIME]...Loaded time persistence: saved_time=0, mheard_time=0, msg_time=0
[INIT]...WIFIAP starting...
[INIT]...WEBServer starting...
[QEMU]...headless defaults: web+console ON, wifiAP/gateway/extudp OFF
[QEMU]...virtual GPS enabled (bGPSON=true); NMEA expected on UART1
[INIT].._GW_ID: 00000000
[INIT]...Initialize clock: ok
[LoRa]...SX1268 chip Initializing ... success
[EXTRADIO] enabled, bridge 10.0.2.2:7000, auth=password
[LoRa]...All settings successfully changed
[BLE ]...Device started with BLE-Name <MC-0000-XX0XXX-00>
[QEMU]...BLE/NimBLE disabled (no backend in QEMU); BLE init skipped
[BLE ]...Waiting a client connection to notify...
==============
CLIENT STARTED
==============
[QEMU]...starting OpenETH (esp_eth_start)
[WIFI]...no connection possible
[QEMU]...OpenETH driver started
[QEMU]...OpenETH link connected
[GPS ]...QEMU virtual GPS on UART1 (synthetic RX=16 TX=17 @ 9600 baud; no hardware)
[QEMU]...dhcpc_start -> 0x5004 (0=started, 0x5004=already-running)
[QEMU]...OpenETH GOT_IP ip=10.0.2.15 mask=255.255.255.0 gw=10.0.2.5
[GPS ]...QEMU NMEA presence: 0 chars -> no data yet
[QEMU]...OpenETH connect OK
[WIFI];link;down;sta;0;status;255;down_s;0;last_reason;0;got_ip_n;0;ip;1;ms;18862
[CON ]...HMAC console init.
[CON ]...Console started on port 2323
[BOOT];ready;ms;18884;ip;1
TimeClient no update possible --> CPU-Mode
[ 18887][E][WiFiUdp.cpp:221] parsePacket(): could not receive data: 9
[ 18897][E][WiFiUdp.cpp:221] parsePacket(): could not receive data: 9
[ 18908][E][WiFiUdp.cpp:221] parsePacket(): could not receive data: 9
[ 18913][E][WiFiUdp.cpp:221] parsePacket(): could not receive data: 9
[ 18918][E][WiFiUdp.cpp:221] parsePacket(): could not receive data: 9
[ 18923][E][WiFiUdp.cpp:221] parsePacket(): could not receive data: 9
[ 18928][E][WiFiUdp.cpp:221] parsePacket(): could not receive data: 9
[ 18933][E][WiFiUdp.cpp:221] parsePacket(): could not receive data: 9
[ 18938][E][WiFiUdp.cpp:221] parsePacket(): could not receive data: 9
[ 18943][E][WiFiUdp.cpp:221] parsePacket(): could not receive data: 9
[ 18948][E][WiFiUdp.cpp:221] parsePacket(): could not receive data: 9
[ 18953][E][WiFiUdp.cpp:221] parsePacket(): could not receive data: 9
[ 18958][E][WiFiUdp.cpp:221] parsePacket(): could not receive data: 9
[ 18963][E][WiFiUdp.cpp:221] parsePacket(): could not receive data: 9
[ 18968][E][WiFiUdp.cpp:221] parsePacket(): could not receive data: 9
[ 18973][E][WiFiUdp.cpp:221] parsePacket(): could not receive data: 9
[ 18978][E][WiFiUdp.cpp:221] parsePacket(): could not receive data: 9
[ 18983][E][WiFiUdp.cpp:221] parsePacket(): could not receive data: 9
[ 18988][E][WiFiUdp.cpp:221] parsePacket(): could not receive data: 9
[ 18993][E][WiFiUdp.cpp:221] parsePacket(): could not receive data: 9
[ 18998][E][WiFiUdp.cpp:221] parsePacket(): could not receive data: 9
[ 19003][E][WiFiUdp.cpp:221] parsePacket(): could not receive data: 9
[ 19008][E][WiFiUdp.cpp:221] parsePacket(): could not receive data: 9
[ 19013][E][WiFiUdp.cpp:221] parsePacket(): could not receive data: 9
[ 19018][E][WiFiUdp.cpp:221] parsePacket(): could not receive data: 9
[ 19023][E][WiFiUdp.cpp:221] parsePacket(): could not receive data: 9
[ 19028][E][WiFiUdp.cpp:221] parsePacket(): could not receive data: 9
[ 19033][E][WiFiUdp.cpp:221] parsePacket(): could not receive data: 9
[ 19038][E][WiFiUdp.cpp:221] parsePacket(): could not receive data: 9
[ 19043][E][WiFiUdp.cpp:221] parsePacket(): could not receive data: 9
[ 19048][E][WiFiUdp.cpp:221] parsePacket(): could not receive data: 9
[ 19053][E][WiFiUdp.cpp:221] parsePacket(): could not receive data: 9
[ 19058][E][WiFiUdp.cpp:221] parsePacket(): could not receive data: 9
[ 19063][E][WiFiUdp.cpp:221] parsePacket(): could not receive data: 9
[ 19068][E][WiFiUdp.cpp:221] parsePacket(): could not receive data: 9
[ 19073][E][WiFiUdp.cpp:221] parsePacket(): could not receive data: 9
[ 19078][E][WiFiUdp.cpp:221] parsePacket(): could not receive data: 9
[ 19083][E][WiFiUdp.cpp:221] parsePacket(): could not receive data: 9
[ 19088][E][WiFiUdp.cpp:221] parsePacket(): could not receive data: 9
[ 19093][E][WiFiUdp.cpp:221] parsePacket(): could not receive data: 9
[ 19098][E][WiFiUdp.cpp:221] parsePacket(): could not receive data: 9
[ 19104][E][WiFiUdp.cpp:221] parsePacket(): could not receive data: 9
[ 19109][E][WiFiUdp.cpp:221] parsePacket(): could not receive data: 9
[ 19114][E][WiFiUdp.cpp:221] parsePacket(): could not receive data: 9
[ 19119][E][WiFiUdp.cpp:221] parsePacket(): could not receive data: 9
[ 19124][E][WiFiUdp.cpp:221] parsePacket(): could not receive data: 9
[ 19129][E][WiFiUdp.cpp:221] parsePacket(): could not receive data: 9
[ 19134][E][WiFiUdp.cpp:221] parsePacket(): could not receive data: 9
[ 19139][E][WiFiUdp.cpp:221] parsePacket(): could not receive data: 9
[ 19145][E][WiFiUdp.cpp:221] parsePacket(): could not receive data: 9
[ 19151][E][WiFiUdp.cpp:221] parsePacket(): could not receive data: 9
[ 19156][E][WiFiUdp.cpp:221] parsePacket(): could not receive data: 9
[ 19161][E][WiFiUdp.cpp:221] parsePacket(): could not receive data: 9
[ 19166][E][WiFiUdp.cpp:221] parsePacket(): could not receive data: 9
[ 19171][E][WiFiUdp.cpp:221] parsePacket(): could not receive data: 9
[ 19176][E][WiFiUdp.cpp:221] parsePacket(): could not receive data: 9
[ 19181][E][WiFiUdp.cpp:221] parsePacket(): could not receive data: 9
[ 19186][E][WiFiUdp.cpp:221] parsePacket(): could not receive data: 9
[ 19191][E][WiFiUdp.cpp:221] parsePacket(): could not receive data: 9
[ 19196][E][WiFiUdp.cpp:221] parsePacket(): could not receive data: 9
[ 19201][E][WiFiUdp.cpp:221] parsePacket(): could not receive data: 9
[ 19206][E][WiFiUdp.cpp:221] parsePacket(): could not receive data: 9
[ 19211][E][WiFiUdp.cpp:221] parsePacket(): could not receive data: 9
[ 19216][E][WiFiUdp.cpp:221] parsePacket(): could not receive data: 9
[ 19221][E][WiFiUdp.cpp:221] parsePacket(): could not receive data: 9
[ 19226][E][WiFiUdp.cpp:221] parsePacket(): could not receive data: 9
[ 19231][E][WiFiUdp.cpp:221] parsePacket(): could not receive data: 9
[ 19236][E][WiFiUdp.cpp:221] parsePacket(): could not receive data: 9
[ 19241][E][WiFiUdp.cpp:221] parsePacket(): could not receive data: 9
[ 19246][E][WiFiUdp.cpp:221] parsePacket(): could not receive data: 9
[ 19251][E][WiFiUdp.cpp:221] parsePacket(): could not receive data: 9
[ 19256][E][WiFiUdp.cpp:221] parsePacket(): could not receive data: 9
[ 19261][E][WiFiUdp.cpp:221] parsePacket(): could not receive data: 9
[ 19266][E][WiFiUdp.cpp:221] parsePacket(): could not receive data: 9
[ 19271][E][WiFiUdp.cpp:221] parsePacket(): could not receive data: 9
[ 19276][E][WiFiUdp.cpp:221] parsePacket(): could not receive data: 9
[ 19281][E][WiFiUdp.cpp:221] parsePacket(): could not receive data: 9
[ 19286][E][WiFiUdp.cpp:221] parsePacket(): could not receive data: 9
[ 19291][E][WiFiUdp.cpp:221] parsePacket(): could not receive data: 9
[ 19296][E][WiFiUdp.cpp:221] parsePacket(): could not receive data: 9
[ 19301][E][WiFiUdp.cpp:221] parsePacket(): could not receive data: 9
[ 19306][E][WiFiUdp.cpp:221] parsePacket(): could not receive data: 9
[ 19311][E][WiFiUdp.cpp:221] parsePacket(): could not receive data: 9
[ 19316][E][WiFiUdp.cpp:221] parsePacket(): could not receive data: 9
[ 19321][E][WiFiUdp.cpp:221] parsePacket(): could not receive data: 9
[ 19326][E][WiFiUdp.cpp:221] parsePacket(): could not receive data: 9
[ 19331][E][WiFiUdp.cpp:221] parsePacket(): could not receive data: 9
[ 19336][E][WiFiUdp.cpp:221] parsePacket(): could not receive data: 9
[ 19341][E][WiFiUdp.cpp:221] parsePacket(): could not receive data: 9
[ 19346][E][WiFiUdp.cpp:221] parsePacket(): could not receive data: 9
[ 19351][E][WiFiUdp.cpp:221] parsePacket(): could not receive data: 9
[ 19356][E][WiFiUdp.cpp:221] parsePacket(): could not receive data: 9
[ 19361][E][WiFiUdp.cpp:221] parsePacket(): could not receive data: 9
[ 19366][E][WiFiUdp.cpp:221] parsePacket(): could not receive data: 9
[ 19371][E][WiFiUdp.cpp:221] parsePacket(): could not receive data: 9
[ 19376][E][WiFiUdp.cpp:221] parsePacket(): could not receive data: 9
[ 19381][E][WiFiUdp.cpp:221] parsePacket(): could not receive data: 9
[ 19386][E][WiFiUdp.cpp:221] parsePacket(): could not receive data: 9
[ 19391][E][WiFiUdp.cpp:221] parsePacket(): could not receive data: 9
[ 19396][E][WiFiUdp.cpp:221] parsePacket(): could not receive data: 9
[ 19401][E][WiFiUdp.cpp:221] parsePacket(): could not receive data: 9
[ 19406][E][WiFiUdp.cpp:221] parsePacket(): could not receive data: 9
[ 19411][E][WiFiUdp.cpp:221] parsePacket(): could not receive data: 9
[ 19416][E][WiFiUdp.cpp:221] parsePacket(): could not receive data: 9
[ 19421][E][WiFiUdp.cpp:221] parsePacket(): could not receive data: 9
[ 19426][E][WiFiUdp.cpp:221] parsePacket(): could not receive data: 9
[ 19431][E][WiFiUdp.cpp:221] parsePacket(): could not receive data: 9
[ 19436][E][WiFiUdp.cpp:221] parsePacket(): could not receive data: 9
[ 19441][E][WiFiUdp.cpp:221] parsePacket(): could not receive data: 9
[ 19446][E][WiFiUdp.cpp:221] parsePacket(): could not receive data: 9
[ 19451][E][WiFiUdp.cpp:221] parsePacket(): could not receive data: 9
[ 19456][E][WiFiUdp.cpp:221] parsePacket(): could not receive data: 9
[ 19461][E][WiFiUdp.cpp:221] parsePacket(): could not receive data: 9
[ 19466][E][WiFiUdp.cpp:221] parsePacket(): could not receive data: 9
[ 19471][E][WiFiUdp.cpp:221] parsePacket(): could not receive data: 9
[ 19476][E][WiFiUdp.cpp:221] parsePacket(): could not receive data: 9
[ 19481][E][WiFiUdp.cpp:221] parsePacket(): could not receive data: 9
[ 19486][E][WiFiUdp.cpp:221] parsePacket(): could not receive data: 9
[ 19491][E][WiFiUdp.cpp:221] parsePacket(): could not receive data: 9
[ 19496][E][WiFiUdp.cpp:221] parsePacket(): could not receive data: 9
[ 19501][E][WiFiUdp.cpp:221] parsePacket(): could not receive data: 9
[ 19506][E][WiFiUdp.cpp:221] parsePacket(): could not receive data: 9
[ 19511][E][WiFiUdp.cpp:221] parsePacket(): could not receive data: 9
[ 19516][E][WiFiUdp.cpp:221] parsePacket(): could not receive data: 9
[ 19521][E][WiFiUdp.cpp:221] parsePacket(): could not receive data: 9
[ 19526][E][WiFiUdp.cpp:221] parsePacket(): could not receive data: 9
[ 19531][E][WiFiUdp.cpp:221] parsePacket(): could not receive data: 9
[ 19536][E][WiFiUdp.cpp:221] parsePacket(): could not receive data: 9
[ 19541][E][WiFiUdp.cpp:221] parsePacket(): could not receive data: 9
[ 19546][E][WiFiUdp.cpp:221] parsePacket(): could not receive data: 9
[ 19551][E][WiFiUdp.cpp:221] parsePacket(): could not receive data: 9
[ 19556][E][WiFiUdp.cpp:221] parsePacket(): could not receive data: 9
[ 19561][E][WiFiUdp.cpp:221] parsePacket(): could not receive data: 9
[ 19566][E][WiFiUdp.cpp:221] parsePacket(): could not receive data: 9
[ 19571][E][WiFiUdp.cpp:221] parsePacket(): could not receive data: 9
[ 19576][E][WiFiUdp.cpp:221] parsePacket(): could not receive data: 9
[ 19581][E][WiFiUdp.cpp:221] parsePacket(): could not receive data: 9
[ 19586][E][WiFiUdp.cpp:221] parsePacket(): could not receive data: 9
[ 19592][E][WiFiUdp.cpp:221] parsePacket(): could not receive data: 9
[ 19597][E][WiFiUdp.cpp:221] parsePacket(): could not receive data: 9
[ 19602][E][WiFiUdp.cpp:221] parsePacket(): could not receive data: 9
[ 19607][E][WiFiUdp.cpp:221] parsePacket(): could not receive data: 9
[ 19612][E][WiFiUdp.cpp:221] parsePacket(): could not receive data: 9
[ 19617][E][WiFiUdp.cpp:221] parsePacket(): could not receive data: 9
[ 19622][E][WiFiUdp.cpp:221] parsePacket(): could not receive data: 9
[ 19627][E][WiFiUdp.cpp:221] parsePacket(): could not receive data: 9
[ 19632][E][WiFiUdp.cpp:221] parsePacket(): could not receive data: 9
[ 19637][E][WiFiUdp.cpp:221] parsePacket(): could not receive data: 9
[ 19642][E][WiFiUdp.cpp:221] parsePacket(): could not receive data: 9
[ 19647][E][WiFiUdp.cpp:221] parsePacket(): could not receive data: 9
[ 19652][E][WiFiUdp.cpp:221] parsePacket(): could not receive data: 9
[ 19657][E][WiFiUdp.cpp:221] parsePacket(): could not receive data: 9
[ 19662][E][WiFiUdp.cpp:221] parsePacket(): could not receive data: 9
[ 19667][E][WiFiUdp.cpp:221] parsePacket(): could not receive data: 9
[ 19672][E][WiFiUdp.cpp:221] parsePacket(): could not receive data: 9
[ 19677][E][WiFiUdp.cpp:221] parsePacket(): could not receive data: 9
[ 19682][E][WiFiUdp.cpp:221] parsePacket(): could not receive data: 9
[ 19687][E][WiFiUdp.cpp:221] parsePacket(): could not receive data: 9
[ 19692][E][WiFiUdp.cpp:221] parsePacket(): could not receive data: 9
[ 19697][E][WiFiUdp.cpp:221] parsePacket(): could not receive data: 9
[ 19702][E][WiFiUdp.cpp:221] parsePacket(): could not receive data: 9
[ 19707][E][WiFiUdp.cpp:221] parsePacket(): could not receive data: 9
[ 19712][E][WiFiUdp.cpp:221] parsePacket(): could not receive data: 9
[ 19717][E][WiFiUdp.cpp:221] parsePacket(): could not receive data: 9
[ 19722][E][WiFiUdp.cpp:221] parsePacket(): could not receive data: 9
[ 19727][E][WiFiUdp.cpp:221] parsePacket(): could not receive data: 9
[ 19732][E][WiFiUdp.cpp:221] parsePacket(): could not receive data: 9
[ 19737][E][WiFiUdp.cpp:221] parsePacket(): could not receive data: 9
[ 19742][E][WiFiUdp.cpp:221] parsePacket(): could not receive data: 9
[ 19747][E][WiFiUdp.cpp:221] parsePacket(): could not receive data: 9
[ 19752][E][WiFiUdp.cpp:221] parsePacket(): could not receive data: 9
[ 19757][E][WiFiUdp.cpp:221] parsePacket(): could not receive data: 9
[ 19762][E][WiFiUdp.cpp:221] parsePacket(): could not receive data: 9
[ 19767][E][WiFiUdp.cpp:221] parsePacket(): could not receive data: 9
[ 19772][E][WiFiUdp.cpp:221] parsePacket(): could not receive data: 9
[ 19777][E][WiFiUdp.cpp:221] parsePacket(): could not receive data: 9
[ 19782][E][WiFiUdp.cpp:221] parsePacket(): could not receive data: 9
[ 19787][E][WiFiUdp.cpp:221] parsePacket(): could not receive data: 9
[ 19792][E][WiFiUdp.cpp:221] parsePacket(): could not receive data: 9
[ 19797][E][WiFiUdp.cpp:221] parsePacket(): could not receive data: 9
[ 19802][E][WiFiUdp.cpp:221] parsePacket(): could not receive data: 9
[ 19807][E][WiFiUdp.cpp:221] parsePacket(): could not receive data: 9
[ 19812][E][WiFiUdp.cpp:221] parsePacket(): could not receive data: 9
[ 19817][E][WiFiUdp.cpp:221] parsePacket(): could not receive data: 9
[ 19822][E][WiFiUdp.cpp:221] parsePacket(): could not receive data: 9
[ 19827][E][WiFiUdp.cpp:221] parsePacket(): could not receive data: 9
[ 19832][E][WiFiUdp.cpp:221] parsePacket(): could not receive data: 9
[ 19837][E][WiFiUdp.cpp:221] parsePacket(): could not receive data: 9
[ 19842][E][WiFiUdp.cpp:221] parsePacket(): could not receive data: 9
[ 19847][E][WiFiUdp.cpp:221] parsePacket(): could not receive data: 9
[ 19852][E][WiFiUdp.cpp:221] parsePacket(): could not receive data: 9
[ 19857][E][WiFiUdp.cpp:221] parsePacket(): could not receive data: 9
[ 19862][E][WiFiUdp.cpp:221] parsePacket(): could not receive data: 9
[ 19867][E][WiFiUdp.cpp:221] parsePacket(): could not receive data: 9
[ 19872][E][WiFiUdp.cpp:221] parsePacket(): could not receive data: 9
[ 19877][E][WiFiUdp.cpp:221] parsePacket(): could not receive data: 9
[ 19882][E][WiFiUdp.cpp:221] parsePacket(): could not receive data: 9
[ 19887][E][WiFiUdp.cpp:221] parsePacket(): could not receive data: 9
[ 19892][E][WiFiUdp.cpp:221] parsePacket(): could not receive data: 9
[ 19897][E][WiFiUdp.cpp:221] parsePacket(): could not receive data: 9
[ 19902][E][WiFiUdp.cpp:221] parsePacket(): could not receive data: 9
[ 19910][E][WiFiUdp.cpp:221] parsePacket(): could not receive data: 9
[ 19917][E][WiFiUdp.cpp:221] parsePacket(): could not receive data: 9
[ 19923][E][WiFiUdp.cpp:221] parsePacket(): could not receive data: 9
[ 19928][E][WiFiUdp.cpp:221] parsePacket(): could not receive data: 9
[ 19933][E][WiFiUdp.cpp:221] parsePacket(): could not receive data: 9
[ 19938][E][WiFiUdp.cpp:221] parsePacket(): could not receive data: 9
[ 19944][E][WiFiUdp.cpp:221] parsePacket(): could not receive data: 9
[ 19949][E][WiFiUdp.cpp:221] parsePacket(): could not receive data: 9
[ 19954][E][WiFiUdp.cpp:221] parsePacket(): could not receive data: 9
[ 19959][E][WiFiUdp.cpp:221] parsePacket(): could not receive data: 9
[ 19964][E][WiFiUdp.cpp:221] parsePacket(): could not receive data: 9
[ 19969][E][WiFiUdp.cpp:221] parsePacket(): could not receive data: 9
[ 19974][E][WiFiUdp.cpp:221] parsePacket(): could not receive data: 9
[ 19979][E][WiFiUdp.cpp:221] parsePacket(): could not receive data: 9
[CON ]...accept() fd=50 free=124132
[CON ]...Client authenticated on port 2323. free heap=120512
-[ 19990][E][WiFiUdp.cpp:221] parsePacket(): could not receive data: 9
-[ 19996][E][WiFiUdp.cpp:221] parsePacket(): could not receive data: 9
i[ 20002][E][WiFiUdp.cpp:221] parsePacket(): could not receive data: 9
n[ 20008][E][WiFiUdp.cpp:221] parsePacket(): could not receive data: 9
f[ 20015][E][WiFiUdp.cpp:221] parsePacket(): could not receive data: 9
o[ 20021][E][WiFiUdp.cpp:221] parsePacket(): could not receive data: 9
[ 20026][E][WiFiUdp.cpp:221] parsePacket(): could not receive data: 9

--MeshCom 4.35t (build: Sep 26 2026 / 22:37:30)
...UPDATE: 
...Call: <XX0XXX-00> ...ID 00000000 ...NODE 39 <EBYTE_E22> ...UTC-OFF 1.000000 [CPU]
...BATT 4.10 V ...BATT 85 % ...MAXV 4.200 V
...TIME 20036 ms
...Flash-Version 20260724
...NOMSGALL off ...MESH off ...BUTTON (12) off ...SOFTSER off ... SOFTSERREAD off
...PASSWD <>
...DEBUG man ...DEBUG en
...DEBUG off ...LORADEBUG off ...GPSDEBUG off/0 ...SOFTSERDEBUG off
...WXDEBUG off ...BLEDEBUG off
...DisplayInfo off ...DisplayCont off ...DisplyLog off ...contrast 255 ...ackinfo off
...EXTUDP off ...EXT IP none ...NOPMOTHER off
...BTCODE 000000
...APRSMC: APRSMC
...ATXT: 
...NAME: 
...BLE : short
...DISPLAY on
...CTRY EU8
...FREQ 433.1750 MHz TXPWR 17 dBm RXBOOST off
...MAXHOP text 4 / pos 2

...Webserver  on / Webpwd <> / Gateway off 
...NETConsole on (port 2323)
...KISS/TCP   off / TX off / RxMeta off / Auth off
...WIFI-AP    off
...SSID <none> / PASSWORD <***>
...NETWORK Mode:WiFi
...hasIpAddress: yes
...IP address   : 10.0.2.15
...SUBNET-MASK  : 255.255.255.0
...GW address   : 10.0.2.5
...DNS address  : 
...UDP-HBeat : 20046
[ 20046][E][WiFiUdp.cpp:221] parsePacket(): could not receive data: 9
[CON ]...Client disconnected. free heap=125900
[ 20052][E][WiFiUdp.cpp:221] parsePacket(): could not receive data: 9
[ 20057][E][WiFiUdp.cpp:221] parsePacket(): could not receive data: 9
[ 20062][E][WiFiUdp.cpp:221] parsePacket(): could not receive data: 9
[ 20067][E][WiFiUdp.cpp:221] parsePacket(): could not receive data: 9
[ 20072][E][WiFiUdp.cpp:221] parsePacket(): could not receive data: 9
[ 20077][E][WiFiUdp.cpp:221] parsePacket(): could not receive data: 9
[ 20082][E][WiFiUdp.cpp:221] parsePacket(): could not receive data: 9
[ 20087][E][WiFiUdp.cpp:221] parsePacket(): could not receive data: 9
[ 20092][E][WiFiUdp.cpp:221] parsePacket(): could not receive data: 9
[ 20097][E][WiFiUdp.cpp:221] parsePacket(): could not receive data: 9
[ 20102][E][WiFiUdp.cpp:221] parsePacket(): could not receive data: 9
[ 20107][E][WiFiUdp.cpp:221] parsePacket(): could not receive data: 9
[ 20112][E][WiFiUdp.cpp:221] parsePacket(): could not receive data: 9
[ 20117][E][WiFiUdp.cpp:221] parsePacket(): could not receive data: 9
[ 20122][E][WiFiUdp.cpp:221] parsePacket(): could not receive data: 9
[ 20127][E][WiFiUdp.cpp:221] parsePacket(): could not receive data: 9
[ 20132][E][WiFiUdp.cpp:221] parsePacket(): could not receive data: 9
[ 20137][E][WiFiUdp.cpp:221] parsePacket(): could not receive data: 9
[ 20142][E][WiFiUdp.cpp:221] parsePacket(): could not receive data: 9
[ 20147][E][WiFiUdp.cpp:221] parsePacket(): could not receive data: 9
[ 20152][E][WiFiUdp.cpp:221] parsePacket(): could not receive data: 9
[ 20157][E][WiFiUdp.cpp:221] parsePacket(): could not receive data: 9
[ 20162][E][WiFiUdp.cpp:221] parsePacket(): could not receive data: 9
[ 20167][E][WiFiUdp.cpp:221] parsePacket(): could not receive data: 9
[ 20172][E][WiFiUdp.cpp:221] parsePacket(): could not receive data: 9
[ 20177][E][WiFiUdp.cpp:221] parsePacket(): could not receive data: 9
[ 20182][E][WiFiUdp.cpp:221] parsePacket(): could not receive data: 9
[ 20187][E][WiFiUdp.cpp:221] parsePacket(): could not receive data: 9
[ 20192][E][WiFiUdp.cpp:221] parsePacket(): could not receive data: 9
[ 20197][E][WiFiUdp.cpp:221] parsePacket(): could not receive data: 9
[ 20202][E][WiFiUdp.cpp:221] parsePacket(): could not receive data: 9
[ 20207][E][WiFiUdp.cpp:221] parsePacket(): could not receive data: 9
[ 20212][E][WiFiUdp.cpp:221] parsePacket(): could not receive data: 9
[ 20217][E][WiFiUdp.cpp:221] parsePacket(): could not receive data: 9
[ 20222][E][WiFiUdp.cpp:221] parsePacket(): could not receive data: 9
[ 20227][E][WiFiUdp.cpp:221] parsePacket(): could not receive data: 9
[ 20232][E][WiFiUdp.cpp:221] parsePacket(): could not receive data: 9
[ 20237][E][WiFiUdp.cpp:221] parsePacket(): could not receive data: 9
[ 20242][E][WiFiUdp.cpp:221] parsePacket(): could not receive data: 9
[ 20247][E][WiFiUdp.cpp:221] parsePacket(): could not receive data: 9
[ 20252][E][WiFiUdp.cpp:221] parsePacket(): could not receive data: 9
[ 20257][E][WiFiUdp.cpp:221] parsePacket(): could not receive data: 9
[CON ]...accept() fd=50 free=123864
[CON ]...Client authenticated on port 2323. free heap=118648
-[ 20264][E][WiFiUdp.cpp:221] parsePacket(): could not receive data: 9
-[ 20269][E][WiFiUdp.cpp:221] parsePacket(): could not receive data: 9
i[ 20275][E][WiFiUdp.cpp:221] parsePacket(): could not receive data: 9
n[ 20280][E][WiFiUdp.cpp:221] parsePacket(): could not receive data: 9
f[ 20285][E][WiFiUdp.cpp:221] parsePacket(): could not receive data: 9
o[ 20290][E][WiFiUdp.cpp:221] parsePacket(): could not receive data: 9
[ 20295][E][WiFiUdp.cpp:221] parsePacket(): could not receive data: 9

--MeshCom 4.35t (build: Sep 26 2026 / 22:37:30)
...UPDATE: 
...Call: <XX0XXX-00> ...ID 00000000 ...NODE 39 <EBYTE_E22> ...UTC-OFF 1.000000 [CPU]
...BATT 4.10 V ...BATT 85 % ...MAXV 4.200 V
...TIME 20301 ms
...Flash-Version 20260724
...NOMSGALL off ...MESH off ...BUTTON (12) off ...SOFTSER off ... SOFTSERREAD off
...PASSWD <>
...DEBUG man ...DEBUG en
...DEBUG off ...LORADEBUG off ...GPSDEBUG off/0 ...SOFTSERDEBUG off
...WXDEBUG off ...BLEDEBUG off
...DisplayInfo off ...DisplayCont off ...DisplyLog off ...contrast 255 ...ackinfo off
...EXTUDP off ...EXT IP none ...NOPMOTHER off
...BTCODE 000000
...APRSMC: APRSMC
...ATXT: 
...NAME: 
...BLE : short
...DISPLAY on
...CTRY EU8
...FREQ 433.1750 MHz TXPWR 17 dBm RXBOOST off
...MAXHOP text 4 / pos 2

...Webserver  on / Webpwd <> / Gateway off 
...NETConsole on (port 2323)
...KISS/TCP   off / TX off / RxMeta off / Auth off
...WIFI-AP    off
...SSID <none> / PASSWORD <***>
...NETWORK Mode:WiFi
...hasIpAddress: yes
...IP address   : 10.0.2.15
...SUBNET-MASK  : 255.255.255.0
...GW address   : 10.0.2.5
...DNS address  : 
...UDP-HBeat : 20310
[ 20310][E][WiFiUdp.cpp:221] parsePacket(): could not receive data: 9
[ 20316][E][WiFiUdp.cpp:221] parsePacket(): could not receive data: 9
[ 20322][E][WiFiUdp.cpp:221] parsePacket(): could not receive data: 9
[ 20327][E][WiFiUdp.cpp:221] parsePacket(): could not receive data: 9
[ 20332][E][WiFiUdp.cpp:221] parsePacket(): could not receive data: 9
[ 20337][E][WiFiUdp.cpp:221] parsePacket(): could not receive data: 9
[ 20342][E][WiFiUdp.cpp:221] parsePacket(): could not receive data: 9
[ 20347][E][WiFiUdp.cpp:221] parsePacket(): could not receive data: 9
[ 20352][E][WiFiUdp.cpp:221] parsePacket(): could not receive data: 9
[ 20357][E][WiFiUdp.cpp:221] parsePacket(): could not receive data: 9
[ 20362][E][WiFiUdp.cpp:221] parsePacket(): could not receive data: 9
[ 20367][E][WiFiUdp.cpp:221] parsePacket(): could not receive data: 9
[ 20372][E][WiFiUdp.cpp:221] parsePacket(): could not receive data: 9
[ 20377][E][WiFiUdp.cpp:221] parsePacket(): could not receive data: 9
[ 20382][E][WiFiUdp.cpp:221] parsePacket(): could not receive data: 9
[ 20387][E][WiFiUdp.cpp:221] parsePacket(): could not receive data: 9
[ 20392][E][WiFiUdp.cpp:221] parsePacket(): could not receive data: 9
[ 20397][E][WiFiUdp.cpp:221] parsePacket(): could not receive data: 9
[ 20402][E][WiFiUdp.cpp:221] parsePacket(): could not receive data: 9
[ 20407][E][WiFiUdp.cpp:221] parsePacket(): could not receive data: 9
[ 20412][E][WiFiUdp.cpp:221] parsePacket(): could not receive data: 9
[ 20417][E][WiFiUdp.cpp:221] parsePacket(): could not receive data: 9
[ 20422][E][WiFiUdp.cpp:221] parsePacket(): could not receive data: 9
[ 20427][E][WiFiUdp.cpp:221] parsePacket(): could not receive data: 9
[ 20432][E][WiFiUdp.cpp:221] parsePacket(): could not receive data: 9
[ 20437][E][WiFiUdp.cpp:221] parsePacket(): could not receive data: 9
[ 20442][E][WiFiUdp.cpp:221] parsePacket(): could not receive data: 9
[ 20447][E][WiFiUdp.cpp:221] parsePacket(): could not receive data: 9
[ 20452][E][WiFiUdp.cpp:221] parsePacket(): could not receive data: 9
[ 20457][E][WiFiUdp.cpp:221] parsePacket(): could not receive data: 9
[ 20462][E][WiFiUdp.cpp:221] parsePacket(): could not receive data: 9
[ 20467][E][WiFiUdp.cpp:221] parsePacket(): could not receive data: 9
[ 20472][E][WiFiUdp.cpp:221] parsePacket(): could not receive data: 9
[ 20477][E][WiFiUdp.cpp:221] parsePacket(): could not receive data: 9
[ 20482][E][WiFiUdp.cpp:221] parsePacket(): could not receive data: 9
[ 20487][E][WiFiUdp.cpp:221] parsePacket(): could not receive data: 9
[ 20492][E][WiFiUdp.cpp:221] parsePacket(): could not receive data: 9
[ 20497][E][WiFiUdp.cpp:221] parsePacket(): could not receive data: 9
[ 20502][E][WiFiUdp.cpp:221] parsePacket(): could not receive data: 9
[ 20507][E][WiFiUdp.cpp:221] parsePacket(): could not receive data: 9
[ 20512][E][WiFiUdp.cpp:221] parsePacket(): could not receive data: 9
[ 20517][E][WiFiUdp.cpp:221] parsePacket(): could not receive data: 9
[ 20522][E][WiFiUdp.cpp:221] parsePacket(): could not receive data: 9
[ 20527][E][WiFiUdp.cpp:221] parsePacket(): could not receive data: 9
[ 20532][E][WiFiUdp.cpp:221] parsePacket(): could not receive data: 9
[ 20537][E][WiFiUdp.cpp:221] parsePacket(): could not receive data: 9
[ 20542][E][WiFiUdp.cpp:221] parsePacket(): could not receive data: 9
[ 20547][E][WiFiUdp.cpp:221] parsePacket(): could not receive data: 9
[ 20552][E][WiFiUdp.cpp:221] parsePacket(): could not receive data: 9
[ 20557][E][WiFiUdp.cpp:221] parsePacket(): could not receive data: 9
[ 20562][E][WiFiUdp.cpp:221] parsePacket(): could not receive data: 9
[ 20567][E][WiFiUdp.cpp:221] parsePacket(): could not receive data: 9
[ 20572][E][WiFiUdp.cpp:221] parsePacket(): could not receive data: 9
[ 20577][E][WiFiUdp.cpp:221] parsePacket(): could not receive data: 9
[ 20582][E][WiFiUdp.cpp:221] parsePacket(): could not receive data: 9
[ 20587][E][WiFiUdp.cpp:221] parsePacket(): could not receive data: 9
[ 20592][E][WiFiUdp.cpp:221] parsePacket(): could not receive data: 9
[ 20597][E][WiFiUdp.cpp:221] parsePacket(): could not receive data: 9
[ 20602][E][WiFiUdp.cpp:221] parsePacket(): could not receive data: 9
[ 20607][E][WiFiUdp.cpp:221] parsePacket(): could not receive data: 9
[ 20612][E][WiFiUdp.cpp:221] parsePacket(): could not receive data: 9
[ 20617][E][WiFiUdp.cpp:221] parsePacket(): could not receive data: 9
[ 20622][E][WiFiUdp.cpp:221] parsePacket(): could not receive data: 9
[ 20627][E][WiFiUdp.cpp:221] parsePacket(): could not receive data: 9
[ 20632][E][WiFiUdp.cpp:221] parsePacket(): could not receive data: 9
[ 20637][E][WiFiUdp.cpp:221] parsePacket(): could not receive data: 9
[ 20642][E][WiFiUdp.cpp:221] parsePacket(): could not receive data: 9
[ 20647][E][WiFiUdp.cpp:221] parsePacket(): could not receive data: 9
[ 20652][E][WiFiUdp.cpp:221] parsePacket(): could not receive data: 9
[ 20657][E][WiFiUdp.cpp:221] parsePacket(): could not receive data: 9
[ 20662][E][WiFiUdp.cpp:221] parsePacket(): could not receive data: 9
[ 20667][E][WiFiUdp.cpp:221] parsePacket(): could not receive data: 9
[ 20672][E][WiFiUdp.cpp:221] parsePacket(): could not receive data: 9
[ 20677][E][WiFiUdp.cpp:221] parsePacket(): could not receive data: 9
[ 20682][E][WiFiUdp.cpp:221] parsePacket(): could not receive data: 9
[ 20687][E][WiFiUdp.cpp:221] parsePacket(): could not receive data: 9
[ 20692][E][WiFiUdp.cpp:221] parsePacket(): could not receive data: 9
[ 20697][E][WiFiUdp.cpp:221] parsePacket(): could not receive data: 9
[ 20702][E][WiFiUdp.cpp:221] parsePacket(): could not receive data: 9
[ 20707][E][WiFiUdp.cpp:221] parsePacket(): could not receive data: 9
[ 20712][E][WiFiUdp.cpp:221] parsePacket(): could not receive data: 9
[ 20717][E][WiFiUdp.cpp:221] parsePacket(): could not receive data: 9
[ 20722][E][WiFiUdp.cpp:221] parsePacket(): could not receive data: 9
[ 20727][E][WiFiUdp.cpp:221] parsePacket(): could not receive data: 9
[ 20732][E][WiFiUdp.cpp:221] parsePacket(): could not receive data: 9
[ 20737][E][WiFiUdp.cpp:221] parsePacket(): could not receive data: 9
[ 20742][E][WiFiUdp.cpp:221] parsePacket(): could not receive data: 9
[ 20747][E][WiFiUdp.cpp:221] parsePacket(): could not receive data: 9
[ 20752][E][WiFiUdp.cpp:221] parsePacket(): could not receive data: 9
[ 20757][E][WiFiUdp.cpp:221] parsePacket(): could not receive data: 9
[ 20762][E][WiFiUdp.cpp:221] parsePacket(): could not receive data: 9
[ 20767][E][WiFiUdp.cpp:221] parsePacket(): could not receive data: 9
[ 20772][E][WiFiUdp.cpp:221] parsePacket(): could not receive data: 9
[ 20777][E][WiFiUdp.cpp:221] parsePacket(): could not receive data: 9
[ 20782][E][WiFiUdp.cpp:221] parsePacket(): could not receive data: 9
[ 20787][E][WiFiUdp.cpp:221] parsePacket(): could not receive data: 9
[ 20792][E][WiFiUdp.cpp:221] parsePacket(): could not receive data: 9
[ 20797][E][WiFiUdp.cpp:221] parsePacket(): could not receive data: 9
[ 20802][E][WiFiUdp.cpp:221] parsePacket(): could not receive data: 9
[ 20807][E][WiFiUdp.cpp:221] parsePacket(): could not receive data: 9
[ 20812][E][WiFiUdp.cpp:221] parsePacket(): could not receive data: 9
[ 20817][E][WiFiUdp.cpp:221] parsePacket(): could not receive data: 9
[ 20822][E][WiFiUdp.cpp:221] parsePacket(): could not receive data: 9
[ 20827][E][WiFiUdp.cpp:221] parsePacket(): could not receive data: 9
[ 20832][E][WiFiUdp.cpp:221] parsePacket(): could not receive data: 9
[ 20837][E][WiFiUdp.cpp:221] parsePacket(): could not receive data: 9
[ 20842][E][WiFiUdp.cpp:221] parsePacket(): could not receive data: 9
[ 20847][E][WiFiUdp.cpp:221] parsePacket(): could not receive data: 9
[ 20852][E][WiFiUdp.cpp:221] parsePacket(): could not receive data: 9
[ 20857][E][WiFiUdp.cpp:221] parsePacket(): could not receive data: 9
[ 20862][E][WiFiUdp.cpp:221] parsePacket(): could not receive data: 9
[ 20867][E][WiFiUdp.cpp:221] parsePacket(): could not receive data: 9
[ 20872][E][WiFiUdp.cpp:221] parsePacket(): could not receive data: 9
[ 20877][E][WiFiUdp.cpp:221] parsePacket(): could not receive data: 9
[ 20882][E][WiFiUdp.cpp:221] parsePacket(): could not receive data: 9
[ 20887][E][WiFiUdp.cpp:221] parsePacket(): could not receive data: 9
[ 20892][E][WiFiUdp.cpp:221] parsePacket(): could not receive data: 9
[ 20897][E][WiFiUdp.cpp:221] parsePacket(): could not receive data: 9
[ 20902][E][WiFiUdp.cpp:221] parsePacket(): could not receive data: 9
[ 20907][E][WiFiUdp.cpp:221] parsePacket(): could not receive data: 9
[ 20913][E][WiFiUdp.cpp:221] parsePacket(): could not receive data: 9
[ 20918][E][WiFiUdp.cpp:221] parsePacket(): could not receive data: 9
[ 20923][E][WiFiUdp.cpp:221] parsePacket(): could not receive data: 9
[ 20928][E][WiFiUdp.cpp:221] parsePacket(): could not receive data: 9
[ 20933][E][WiFiUdp.cpp:221] parsePacket(): could not receive data: 9
[ 20938][E][WiFiUdp.cpp:221] parsePacket(): could not receive data: 9
[ 20943][E][WiFiUdp.cpp:221] parsePacket(): could not receive data: 9
[ 20948][E][WiFiUdp.cpp:221] parsePacket(): could not receive data: 9
[ 20953][E][WiFiUdp.cpp:221] parsePacket(): could not receive data: 9
[ 20958][E][WiFiUdp.cpp:221] parsePacket(): could not receive data: 9
[ 20963][E][WiFiUdp.cpp:221] parsePacket(): could not receive data: 9
[ 20968][E][WiFiUdp.cpp:221] parsePacket(): could not receive data: 9
[ 20973][E][WiFiUdp.cpp:221] parsePacket(): could not receive data: 9
[ 20978][E][WiFiUdp.cpp:221] parsePacket(): could not receive data: 9
[ 20983][E][WiFiUdp.cpp:221] parsePacket(): could not receive data: 9
[ 20988][E][WiFiUdp.cpp:221] parsePacket(): could not receive data: 9
[ 20993][E][WiFiUdp.cpp:221] parsePacket(): could not receive data: 9
[ 20998][E][WiFiUdp.cpp:221] parsePacket(): could not receive data: 9
[ 21003][E][WiFiUdp.cpp:221] parsePacket(): could not receive data: 9
[ 21008][E][WiFiUdp.cpp:221] parsePacket(): could not receive data: 9
[ 21013][E][WiFiUdp.cpp:221] parsePacket(): could not receive data: 9
[ 21018][E][WiFiUdp.cpp:221] parsePacket(): could not receive data: 9
[ 21023][E][WiFiUdp.cpp:221] parsePacket(): could not receive data: 9
[ 21028][E][WiFiUdp.cpp:221] parsePacket(): could not receive data: 9
[ 21033][E][WiFiUdp.cpp:221] parsePacket(): could not receive data: 9
[ 21038][E][WiFiUdp.cpp:221] parsePacket(): could not receive data: 9
[ 21043][E][WiFiUdp.cpp:221] parsePacket(): could not receive data: 9
[ 21048][E][WiFiUdp.cpp:221] parsePacket(): could not receive data: 9
[ 21053][E][WiFiUdp.cpp:221] parsePacket(): could not receive data: 9
[ 21058][E][WiFiUdp.cpp:221] parsePacket(): could not receive data: 9
[ 21063][E][WiFiUdp.cpp:221] parsePacket(): could not receive data: 9
[ 21068][E][WiFiUdp.cpp:221] parsePacket(): could not receive data: 9
[ 21073][E][WiFiUdp.cpp:221] parsePacket(): could not receive data: 9
[ 21078][E][WiFiUdp.cpp:221] parsePacket(): could not receive data: 9
[ 21083][E][WiFiUdp.cpp:221] parsePacket(): could not receive data: 9
[ 21088][E][WiFiUdp.cpp:221] parsePacket(): could not receive data: 9
[ 21093][E][WiFiUdp.cpp:221] parsePacket(): could not receive data: 9
[ 21098][E][WiFiUdp.cpp:221] parsePacket(): could not receive data: 9
[ 21103][E][WiFiUdp.cpp:221] parsePacket(): could not receive data: 9
[ 21108][E][WiFiUdp.cpp:221] parsePacket(): could not receive data: 9
[ 21113][E][WiFiUdp.cpp:221] parsePacket(): could not receive data: 9
[ 21118][E][WiFiUdp.cpp:221] parsePacket(): could not receive data: 9
[ 21124][E][WiFiUdp.cpp:221] parsePacket(): could not receive data: 9
[ 21129][E][WiFiUdp.cpp:221] parsePacket(): could not receive data: 9
[ 21134][E][WiFiUdp.cpp:221] parsePacket(): could not receive data: 9
[ 21139][E][WiFiUdp.cpp:221] parsePacket(): could not receive data: 9
[ 21144][E][WiFiUdp.cpp:221] parsePacket(): could not receive data: 9
[ 21149][E][WiFiUdp.cpp:221] parsePacket(): could not receive data: 9
[ 21154][E][WiFiUdp.cpp:221] parsePacket(): could not receive data: 9
[ 21159][E][WiFiUdp.cpp:221] parsePacket(): could not receive data: 9
[ 21164][E][WiFiUdp.cpp:221] parsePacket(): could not receive data: 9
[ 21169][E][WiFiUdp.cpp:221] parsePacket(): could not receive data: 9
[ 21174][E][WiFiUdp.cpp:221] parsePacket(): could not receive data: 9
[ 21179][E][WiFiUdp.cpp:221] parsePacket(): could not receive data: 9
[ 21184][E][WiFiUdp.cpp:221] parsePacket(): could not receive data: 9
[ 21189][E][WiFiUdp.cpp:221] parsePacket(): could not receive data: 9
[ 21194][E][WiFiUdp.cpp:221] parsePacket(): could not receive data: 9
[ 21199][E][WiFiUdp.cpp:221] parsePacket(): could not receive data: 9
[ 21204][E][WiFiUdp.cpp:221] parsePacket(): could not receive data: 9
[ 21209][E][WiFiUdp.cpp:221] parsePacket(): could not receive data: 9
[ 21214][E][WiFiUdp.cpp:221] parsePacket(): could not receive data: 9
[ 21219][E][WiFiUdp.cpp:221] parsePacket(): could not receive data: 9
[ 21224][E][WiFiUdp.cpp:221] parsePacket(): could not receive data: 9
[ 21229][E][WiFiUdp.cpp:221] parsePacket(): could not receive data: 9
[ 21234][E][WiFiUdp.cpp:221] parsePacket(): could not receive data: 9
[ 21239][E][WiFiUdp.cpp:221] parsePacket(): could not receive data: 9
[ 21244][E][WiFiUdp.cpp:221] parsePacket(): could not receive data: 9
[ 21249][E][WiFiUdp.cpp:221] parsePacket(): could not receive data: 9
[ 21254][E][WiFiUdp.cpp:221] parsePacket(): could not receive data: 9
[ 21259][E][WiFiUdp.cpp:221] parsePacket(): could not receive data: 9
[ 21264][E][WiFiUdp.cpp:221] parsePacket(): could not receive data: 9
[ 21269][E][WiFiUdp.cpp:221] parsePacket(): could not receive data: 9
[ 21275][E][WiFiUdp.cpp:221] parsePacket(): could not receive data: 9
[ 21280][E][WiFiUdp.cpp:221] parsePacket(): could not receive data: 9
[ 21285][E][WiFiUdp.cpp:221] parsePacket(): could not receive data: 9
[ 21290][E][WiFiUdp.cpp:221] parsePacket(): could not receive data: 9
[ 21295][E][WiFiUdp.cpp:221] parsePacket(): could not receive data: 9
[ 21300][E][WiFiUdp.cpp:221] parsePacket(): could not receive data: 9
[ 21305][E][WiFiUdp.cpp:221] parsePacket(): could not receive data: 9
[ 21310][E][WiFiUdp.cpp:221] parsePacket(): could not receive data: 9
[ 21315][E][WiFiUdp.cpp:221] parsePacket(): could not receive data: 9
[ 21320][E][WiFiUdp.cpp:221] parsePacket(): could not receive data: 9
[ 21325][E][WiFiUdp.cpp:221] parsePacket(): could not receive data: 9
[ 21330][E][WiFiUdp.cpp:221] parsePacket(): could not receive data: 9
[ 21335][E][WiFiUdp.cpp:221] parsePacket(): could not receive data: 9
[ 21340][E][WiFiUdp.cpp:221] parsePacket(): could not receive data: 9
[ 21345][E][WiFiUdp.cpp:221] parsePacket(): could not receive data: 9
[ 21350][E][WiFiUdp.cpp:221] parsePacket(): could not receive data: 9
[ 21355][E][WiFiUdp.cpp:221] parsePacket(): could not receive data: 9
[ 21360][E][WiFiUdp.cpp:221] parsePacket(): could not receive data: 9
[ 21365][E][WiFiUdp.cpp:221] parsePacket(): could not receive data: 9
[ 21370][E][WiFiUdp.cpp:221] parsePacket(): could not receive data: 9
[ 21375][E][WiFiUdp.cpp:221] parsePacket(): could not receive data: 9
[ 21380][E][WiFiUdp.cpp:221] parsePacket(): could not receive data: 9
[ 21385][E][WiFiUdp.cpp:221] parsePacket(): could not receive data: 9
[ 21390][E][WiFiUdp.cpp:221] parsePacket(): could not receive data: 9
[ 21395][E][WiFiUdp.cpp:221] parsePacket(): could not receive data: 9
[ 21400][E][WiFiUdp.cpp:221] parsePacket(): could not receive data: 9
[ 21405][E][WiFiUdp.cpp:221] parsePacket(): could not receive data: 9
[ 21410][E][WiFiUdp.cpp:221] parsePacket(): could not receive data: 9
[ 21415][E][WiFiUdp.cpp:221] parsePacket(): could not receive data: 9
[ 21420][E][WiFiUdp.cpp:221] parsePacket(): could not receive data: 9
[ 21425][E][WiFiUdp.cpp:221] parsePacket(): could not receive data: 9
[ 21430][E][WiFiUdp.cpp:221] parsePacket(): could not receive data: 9
[ 21435][E][WiFiUdp.cpp:221] parsePacket(): could not receive data: 9
[ 21440][E][WiFiUdp.cpp:221] parsePacket(): could not receive data: 9
[ 21446][E][WiFiUdp.cpp:221] parsePacket(): could not receive data: 9
[ 21451][E][WiFiUdp.cpp:221] parsePacket(): could not receive data: 9
[ 21456][E][WiFiUdp.cpp:221] parsePacket(): could not receive data: 9
[ 21461][E][WiFiUdp.cpp:221] parsePacket(): could not receive data: 9
[ 21466][E][WiFiUdp.cpp:221] parsePacket(): could not receive data: 9
[ 21471][E][WiFiUdp.cpp:221] parsePacket(): could not receive data: 9
[ 21476][E][WiFiUdp.cpp:221] parsePacket(): could not receive data: 9
[ 21482][E][WiFiUdp.cpp:221] parsePacket(): could not receive data: 9
[ 21487][E][WiFiUdp.cpp:221] parsePacket(): could not receive data: 9
[ 21492][E][WiFiUdp.cpp:221] parsePacket(): could not receive data: 9
[ 21497][E][WiFiUdp.cpp:221] parsePacket(): could not receive data: 9
[ 21502][E][WiFiUdp.cpp:221] parsePacket(): could not receive data: 9
[ 21507][E][WiFiUdp.cpp:221] parsePacket(): could not receive data: 9
[ 21512][E][WiFiUdp.cpp:221] parsePacket(): could not receive data: 9
[ 21517][E][WiFiUdp.cpp:221] parsePacket(): could not receive data: 9
[ 21522][E][WiFiUdp.cpp:221] parsePacket(): could not receive data: 9
[ 21527][E][WiFiUdp.cpp:221] parsePacket(): could not receive data: 9
[ 21532][E][WiFiUdp.cpp:221] parsePacket(): could not receive data: 9
[ 21537][E][WiFiUdp.cpp:221] parsePacket(): could not receive data: 9
[ 21542][E][WiFiUdp.cpp:221] parsePacket(): could not receive data: 9
[ 21547][E][WiFiUdp.cpp:221] parsePacket(): could not receive data: 9
[ 21552][E][WiFiUdp.cpp:221] parsePacket(): could not receive data: 9
[ 21557][E][WiFiUdp.cpp:221] parsePacket(): could not receive data: 9
[ 21563][E][WiFiUdp.cpp:221] parsePacket(): could not receive data: 9
[ 21568][E][WiFiUdp.cpp:221] parsePacket(): could not receive data: 9
[ 21573][E][WiFiUdp.cpp:221] parsePacket(): could not receive data: 9
[ 21578][E][WiFiUdp.cpp:221] parsePacket(): could not receive data: 9
[ 21583][E][WiFiUdp.cpp:221] parsePacket(): could not receive data: 9
[ 21588][E][WiFiUdp.cpp:221] parsePacket(): could not receive data: 9
[ 21593][E][WiFiUdp.cpp:221] parsePacket(): could not receive data: 9
[ 21598][E][WiFiUdp.cpp:221] parsePacket(): could not receive data: 9
[ 21603][E][WiFiUdp.cpp:221] parsePacket(): could not receive data: 9
[ 21608][E][WiFiUdp.cpp:221] parsePacket(): could not receive data: 9
[ 21613][E][WiFiUdp.cpp:221] parsePacket(): could not receive data: 9
[ 21618][E][WiFiUdp.cpp:221] parsePacket(): could not receive data: 9
[ 21623][E][WiFiUdp.cpp:221] parsePacket(): could not receive data: 9
[ 21628][E][WiFiUdp.cpp:221] parsePacket(): could not receive data: 9
[ 21633][E][WiFiUdp.cpp:221] parsePacket(): could not receive data: 9
[ 21638][E][WiFiUdp.cpp:221] parsePacket(): could not receive data: 9
[ 21643][E][WiFiUdp.cpp:221] parsePacket(): could not receive data: 9
[ 21648][E][WiFiUdp.cpp:221] parsePacket(): could not receive data: 9
[ 21653][E][WiFiUdp.cpp:221] parsePacket(): could not receive data: 9
[ 21658][E][WiFiUdp.cpp:221] parsePacket(): could not receive data: 9
[ 21663][E][WiFiUdp.cpp:221] parsePacket(): could not receive data: 9
[ 21668][E][WiFiUdp.cpp:221] parsePacket(): could not receive data: 9
[ 21673][E][WiFiUdp.cpp:221] parsePacket(): could not receive data: 9
[ 21678][E][WiFiUdp.cpp:221] parsePacket(): could not receive data: 9
[ 21683][E][WiFiUdp.cpp:221] parsePacket(): could not receive data: 9
[ 21688][E][WiFiUdp.cpp:221] parsePacket(): could not receive data: 9
[ 21693][E][WiFiUdp.cpp:221] parsePacket(): could not receive data: 9
[ 21698][E][WiFiUdp.cpp:221] parsePacket(): could not receive data: 9
[ 21703][E][WiFiUdp.cpp:221] parsePacket(): could not receive data: 9
[ 21708][E][WiFiUdp.cpp:221] parsePacket(): could not receive data: 9
[ 21713][E][WiFiUdp.cpp:221] parsePacket(): could not receive data: 9
[ 21718][E][WiFiUdp.cpp:221] parsePacket(): could not receive data: 9
[ 21723][E][WiFiUdp.cpp:221] parsePacket(): could not receive data: 9
[ 21728][E][WiFiUdp.cpp:221] parsePacket(): could not receive data: 9
[ 21733][E][WiFiUdp.cpp:221] parsePacket(): could not receive data: 9
[ 21738][E][WiFiUdp.cpp:221] parsePacket(): could not receive data: 9
[ 21743][E][WiFiUdp.cpp:221] parsePacket(): could not receive data: 9
[ 21748][E][WiFiUdp.cpp:221] parsePacket(): could not receive data: 9
[ 21753][E][WiFiUdp.cpp:221] parsePacket(): could not receive data: 9
[ 21758][E][WiFiUdp.cpp:221] parsePacket(): could not receive data: 9
[ 21763][E][WiFiUdp.cpp:221] parsePacket(): could not receive data: 9
[ 21768][E][WiFiUdp.cpp:221] parsePacket(): could not receive data: 9
[ 21773][E][WiFiUdp.cpp:221] parsePacket(): could not receive data: 9
[ 21778][E][WiFiUdp.cpp:221] parsePacket(): could not receive data: 9
[ 21783][E][WiFiUdp.cpp:221] parsePacket(): could not receive data: 9
[ 21788][E][WiFiUdp.cpp:221] parsePacket(): could not receive data: 9
[ 21793][E][WiFiUdp.cpp:221] parsePacket(): could not receive data: 9
[ 21798][E][WiFiUdp.cpp:221] parsePacket(): could not receive data: 9
[ 21803][E][WiFiUdp.cpp:221] parsePacket(): could not receive data: 9
[ 21808][E][WiFiUdp.cpp:221] parsePacket(): could not receive data: 9
[ 21813][E][WiFiUdp.cpp:221] parsePacket(): could not receive data: 9
[ 21818][E][WiFiUdp.cpp:221] parsePacket(): could not receive data: 9
[ 21823][E][WiFiUdp.cpp:221] parsePacket(): could not receive data: 9
[ 21828][E][WiFiUdp.cpp:221] parsePacket(): could not receive data: 9
[ 21833][E][WiFiUdp.cpp:221] parsePacket(): could not receive data: 9
[ 21838][E][WiFiUdp.cpp:221] parsePacket(): could not receive data: 9
[ 21843][E][WiFiUdp.cpp:221] parsePacket(): could not receive data: 9
[ 21848][E][WiFiUdp.cpp:221] parsePacket(): could not receive data: 9
[ 21853][E][WiFiUdp.cpp:221] parsePacket(): could not receive data: 9
[ 21858][E][WiFiUdp.cpp:221] parsePacket(): could not receive data: 9
[ 21863][E][WiFiUdp.cpp:221] parsePacket(): could not receive data: 9
[ 21868][E][WiFiUdp.cpp:221] parsePacket(): could not receive data: 9
[ 21873][E][WiFiUdp.cpp:221] parsePacket(): could not receive data: 9
[ 21878][E][WiFiUdp.cpp:221] parsePacket(): could not receive data: 9
[ 21883][E][WiFiUdp.cpp:221] parsePacket(): could not receive data: 9
[ 21888][E][WiFiUdp.cpp:221] parsePacket(): could not receive data: 9
[ 21893][E][WiFiUdp.cpp:221] parsePacket(): could not receive data: 9
[ 21898][E][WiFiUdp.cpp:221] parsePacket(): could not receive data: 9
[ 21903][E][WiFiUdp.cpp:221] parsePacket(): could not receive data: 9
[ 21908][E][WiFiUdp.cpp:221] parsePacket(): could not receive data: 9
[ 21913][E][WiFiUdp.cpp:221] parsePacket(): could not receive data: 9
[ 21918][E][WiFiUdp.cpp:221] parsePacket(): could not receive data: 9
[ 21926][E][WiFiUdp.cpp:221] parsePacket(): could not receive data: 9
[ 21933][E][WiFiUdp.cpp:221] parsePacket(): could not receive data: 9
[ 21939][E][WiFiUdp.cpp:221] parsePacket(): could not receive data: 9
[ 21944][E][WiFiUdp.cpp:221] parsePacket(): could not receive data: 9
[ 21949][E][WiFiUdp.cpp:221] parsePacket(): could not receive data: 9
[ 21954][E][WiFiUdp.cpp:221] parsePacket(): could not receive data: 9
[ 21959][E][WiFiUdp.cpp:221] parsePacket(): could not receive data: 9
[ 21964][E][WiFiUdp.cpp:221] parsePacket(): could not receive data: 9
[ 21969][E][WiFiUdp.cpp:221] parsePacket(): could not receive data: 9
[ 21974][E][WiFiUdp.cpp:221] parsePacket(): could not receive data: 9
[ 21979][E][WiFiUdp.cpp:221] parsePacket(): could not receive data: 9
[ 21984][E][WiFiUdp.cpp:221] parsePacket(): could not receive data: 9
[ 21989][E][WiFiUdp.cpp:221] parsePacket(): could not receive data: 9
[ 21994][E][WiFiUdp.cpp:221] parsePacket(): could not receive data: 9
[ 21999][E][WiFiUdp.cpp:221] parsePacket(): could not receive data: 9
[ 22004][E][WiFiUdp.cpp:221] parsePacket(): could not receive data: 9
[ 22009][E][WiFiUdp.cpp:221] parsePacket(): could not receive data: 9
[ 22014][E][WiFiUdp.cpp:221] parsePacket(): could not receive data: 9
[ 22019][E][WiFiUdp.cpp:221] parsePacket(): could not receive data: 9
[ 22024][E][WiFiUdp.cpp:221] parsePacket(): could not receive data: 9
[ 22029][E][WiFiUdp.cpp:221] parsePacket(): could not receive data: 9
[ 22034][E][WiFiUdp.cpp:221] parsePacket(): could not receive data: 9
[ 22039][E][WiFiUdp.cpp:221] parsePacket(): could not receive data: 9
[ 22044][E][WiFiUdp.cpp:221] parsePacket(): could not receive data: 9
[ 22049][E][WiFiUdp.cpp:221] parsePacket(): could not receive data: 9
[ 22054][E][WiFiUdp.cpp:221] parsePacket(): could not receive data: 9
[ 22059][E][WiFiUdp.cpp:221] parsePacket(): could not receive data: 9
[ 22064][E][WiFiUdp.cpp:221] parsePacket(): could not receive data: 9
[ 22069][E][WiFiUdp.cpp:221] parsePacket(): could not receive data: 9
[ 22074][E][WiFiUdp.cpp:221] parsePacket(): could not receive data: 9
[ 22079][E][WiFiUdp.cpp:221] parsePacket(): could not receive data: 9
[ 22084][E][WiFiUdp.cpp:221] parsePacket(): could not receive data: 9
[ 22089][E][WiFiUdp.cpp:221] parsePacket(): could not receive data: 9
[ 22094][E][WiFiUdp.cpp:221] parsePacket(): could not receive data: 9
[ 22099][E][WiFiUdp.cpp:221] parsePacket(): could not receive data: 9
[ 22104][E][WiFiUdp.cpp:221] parsePacket(): could not receive data: 9
[ 22109][E][WiFiUdp.cpp:221] parsePacket(): could not receive data: 9
[ 22114][E][WiFiUdp.cpp:221] parsePacket(): could not receive data: 9
[ 22119][E][WiFiUdp.cpp:221] parsePacket(): could not receive data: 9
[ 22124][E][WiFiUdp.cpp:221] parsePacket(): could not receive data: 9
[ 22129][E][WiFiUdp.cpp:221] parsePacket(): could not receive data: 9
[ 22134][E][WiFiUdp.cpp:221] parsePacket(): could not receive data: 9
[ 22139][E][WiFiUdp.cpp:221] parsePacket(): could not receive data: 9
[ 22144][E][WiFiUdp.cpp:221] parsePacket(): could not receive data: 9
[ 22149][E][WiFiUdp.cpp:221] parsePacket(): could not receive data: 9
[ 22154][E][WiFiUdp.cpp:221] parsePacket(): could not receive data: 9
[ 22159][E][WiFiUdp.cpp:221] parsePacket(): could not receive data: 9
[ 22164][E][WiFiUdp.cpp:221] parsePacket(): could not receive data: 9
[ 22169][E][WiFiUdp.cpp:221] parsePacket(): could not receive data: 9
[ 22174][E][WiFiUdp.cpp:221] parsePacket(): could not receive data: 9
[ 22179][E][WiFiUdp.cpp:221] parsePacket(): could not receive data: 9
[ 22184][E][WiFiUdp.cpp:221] parsePacket(): could not receive data: 9
[ 22189][E][WiFiUdp.cpp:221] parsePacket(): could not receive data: 9
[ 22194][E][WiFiUdp.cpp:221] parsePacket(): could not receive data: 9
[ 22199][E][WiFiUdp.cpp:221] parsePacket(): could not receive data: 9
[ 22204][E][WiFiUdp.cpp:221] parsePacket(): could not receive data: 9
[ 22209][E][WiFiUdp.cpp:221] parsePacket(): could not receive data: 9
[ 22214][E][WiFiUdp.cpp:221] parsePacket(): could not receive data: 9
[ 22219][E][WiFiUdp.cpp:221] parsePacket(): could not receive data: 9
[ 22224][E][WiFiUdp.cpp:221] parsePacket(): could not receive data: 9
[ 22229][E][WiFiUdp.cpp:221] parsePacket(): could not receive data: 9
[ 22234][E][WiFiUdp.cpp:221] parsePacket(): could not receive data: 9
[ 22239][E][WiFiUdp.cpp:221] parsePacket(): could not receive data: 9
[ 22244][E][WiFiUdp.cpp:221] parsePacket(): could not receive data: 9
[ 22249][E][WiFiUdp.cpp:221] parsePacket(): could not receive data: 9
[ 22254][E][WiFiUdp.cpp:221] parsePacket(): could not receive data: 9
[ 22259][E][WiFiUdp.cpp:221] parsePacket(): could not receive data: 9
[ 22264][E][WiFiUdp.cpp:221] parsePacket(): could not receive data: 9
[ 22269][E][WiFiUdp.cpp:221] parsePacket(): could not receive data: 9
[ 22274][E][WiFiUdp.cpp:221] parsePacket(): could not receive data: 9
[ 22279][E][WiFiUdp.cpp:221] parsePacket(): could not receive data: 9
[ 22284][E][WiFiUdp.cpp:221] parsePacket(): could not receive data: 9
[ 22289][E][WiFiUdp.cpp:221] parsePacket(): could not receive data: 9
[ 22294][E][WiFiUdp.cpp:221] parsePacket(): could not receive data: 9
[ 22299][E][WiFiUdp.cpp:221] parsePacket(): could not receive data: 9
[ 22304][E][WiFiUdp.cpp:221] parsePacket(): could not receive data: 9
[ 22309][E][WiFiUdp.cpp:221] parsePacket(): could not receive data: 9
[ 22314][E][WiFiUdp.cpp:221] parsePacket(): could not receive data: 9
[ 22319][E][WiFiUdp.cpp:221] parsePacket(): could not receive data: 9
[ 22324][E][WiFiUdp.cpp:221] parsePacket(): could not receive data: 9
[ 22329][E][WiFiUdp.cpp:221] parsePacket(): could not receive data: 9
[ 22334][E][WiFiUdp.cpp:221] parsePacket(): could not receive data: 9
[ 22339][E][WiFiUdp.cpp:221] parsePacket(): could not receive data: 9
[ 22344][E][WiFiUdp.cpp:221] parsePacket(): could not receive data: 9
[ 22349][E][WiFiUdp.cpp:221] parsePacket(): could not receive data: 9
[ 22354][E][WiFiUdp.cpp:221] parsePacket(): could not receive data: 9
[ 22359][E][WiFiUdp.cpp:221] parsePacket(): could not receive data: 9
[ 22364][E][WiFiUdp.cpp:221] parsePacket(): could not receive data: 9
[ 22369][E][WiFiUdp.cpp:221] parsePacket(): could not receive data: 9
[ 22374][E][WiFiUdp.cpp:221] parsePacket(): could not receive data: 9
[ 22379][E][WiFiUdp.cpp:221] parsePacket(): could not receive data: 9
[ 22384][E][WiFiUdp.cpp:221] parsePacket(): could not receive data: 9
[ 22389][E][WiFiUdp.cpp:221] parsePacket(): could not receive data: 9
[ 22394][E][WiFiUdp.cpp:221] parsePacket(): could not receive data: 9
[ 22399][E][WiFiUdp.cpp:221] parsePacket(): could not receive data: 9
[ 22404][E][WiFiUdp.cpp:221] parsePacket(): could not receive data: 9
[ 22409][E][WiFiUdp.cpp:221] parsePacket(): could not receive data: 9
[ 22414][E][WiFiUdp.cpp:221] parsePacket(): could not receive data: 9
[ 22419][E][WiFiUdp.cpp:221] parsePacket(): could not receive data: 9
[ 22424][E][WiFiUdp.cpp:221] parsePacket(): could not receive data: 9
[ 22429][E][WiFiUdp.cpp:221] parsePacket(): could not receive data: 9
[ 22434][E][WiFiUdp.cpp:221] parsePacket(): could not receive data: 9
[ 22439][E][WiFiUdp.cpp:221] parsePacket(): could not receive data: 9
[ 22444][E][WiFiUdp.cpp:221] parsePacket(): could not receive data: 9
[ 22449][E][WiFiUdp.cpp:221] parsePacket(): could not receive data: 9
[ 22455][E][WiFiUdp.cpp:221] parsePacket(): could not receive data: 9
[ 22460][E][WiFiUdp.cpp:221] parsePacket(): could not receive data: 9
[ 22465][E][WiFiUdp.cpp:221] parsePacket(): could not receive data: 9
[ 22470][E][WiFiUdp.cpp:221] parsePacket(): could not receive data: 9
[ 22475][E][WiFiUdp.cpp:221] parsePacket(): could not receive data: 9
[ 22480][E][WiFiUdp.cpp:221] parsePacket(): could not receive data: 9
[ 22485][E][WiFiUdp.cpp:221] parsePacket(): could not receive data: 9
[ 22490][E][WiFiUdp.cpp:221] parsePacket(): could not receive data: 9
[ 22495][E][WiFiUdp.cpp:221] parsePacket(): could not receive data: 9
[ 22500][E][WiFiUdp.cpp:221] parsePacket(): could not receive data: 9
[ 22505][E][WiFiUdp.cpp:221] parsePacket(): could not receive data: 9
[ 22510][E][WiFiUdp.cpp:221] parsePacket(): could not receive data: 9
[ 22515][E][WiFiUdp.cpp:221] parsePacket(): could not receive data: 9
[ 22520][E][WiFiUdp.cpp:221] parsePacket(): could not receive data: 9
[ 22525][E][WiFiUdp.cpp:221] parsePacket(): could not receive data: 9
[ 22530][E][WiFiUdp.cpp:221] parsePacket(): could not receive data: 9
[ 22535][E][WiFiUdp.cpp:221] parsePacket(): could not receive data: 9
[ 22540][E][WiFiUdp.cpp:221] parsePacket(): could not receive data: 9
[ 22545][E][WiFiUdp.cpp:221] parsePacket(): could not receive data: 9
[ 22550][E][WiFiUdp.cpp:221] parsePacket(): could not receive data: 9
[ 22555][E][WiFiUdp.cpp:221] parsePacket(): could not receive data: 9
[ 22560][E][WiFiUdp.cpp:221] parsePacket(): could not receive data: 9
[ 22565][E][WiFiUdp.cpp:221] parsePacket(): could not receive data: 9
[ 22570][E][WiFiUdp.cpp:221] parsePacket(): could not receive data: 9
[ 22575][E][WiFiUdp.cpp:221] parsePacket(): could not receive data: 9
[ 22580][E][WiFiUdp.cpp:221] parsePacket(): could not receive data: 9
[ 22585][E][WiFiUdp.cpp:221] parsePacket(): could not receive data: 9
[ 22590][E][WiFiUdp.cpp:221] parsePacket(): could not receive data: 9
[ 22595][E][WiFiUdp.cpp:221] parsePacket(): could not receive data: 9
[ 22600][E][WiFiUdp.cpp:221] parsePacket(): could not receive data: 9
[ 22605][E][WiFiUdp.cpp:221] parsePacket(): could not receive data: 9
[ 22610][E][WiFiUdp.cpp:221] parsePacket(): could not receive data: 9
[ 22615][E][WiFiUdp.cpp:221] parsePacket(): could not receive data: 9
[ 22620][E][WiFiUdp.cpp:221] parsePacket(): could not receive data: 9
[ 22625][E][WiFiUdp.cpp:221] parsePacket(): could not receive data: 9
[ 22630][E][WiFiUdp.cpp:221] parsePacket(): could not receive data: 9
[ 22635][E][WiFiUdp.cpp:221] parsePacket(): could not receive data: 9
[ 22640][E][WiFiUdp.cpp:221] parsePacket(): could not receive data: 9
[ 22645][E][WiFiUdp.cpp:221] parsePacket(): could not receive data: 9
[ 22650][E][WiFiUdp.cpp:221] parsePacket(): could not receive data: 9
[ 22655][E][WiFiUdp.cpp:221] parsePacket(): could not receive data: 9
[ 22660][E][WiFiUdp.cpp:221] parsePacket(): could not receive data: 9
[ 22665][E][WiFiUdp.cpp:221] parsePacket(): could not receive data: 9
[ 22670][E][WiFiUdp.cpp:221] parsePacket(): could not receive data: 9
[ 22675][E][WiFiUdp.cpp:221] parsePacket(): could not receive data: 9
[ 22680][E][WiFiUdp.cpp:221] parsePacket(): could not receive data: 9
[ 22685][E][WiFiUdp.cpp:221] parsePacket(): could not receive data: 9
[ 22690][E][WiFiUdp.cpp:221] parsePacket(): could not receive data: 9
[ 22695][E][WiFiUdp.cpp:221] parsePacket(): could not receive data: 9
[ 22700][E][WiFiUdp.cpp:221] parsePacket(): could not receive data: 9
[ 22705][E][WiFiUdp.cpp:221] parsePacket(): could not receive data: 9
[ 22710][E][WiFiUdp.cpp:221] parsePacket(): could not receive data: 9
[ 22715][E][WiFiUdp.cpp:221] parsePacket(): could not receive data: 9
[ 22720][E][WiFiUdp.cpp:221] parsePacket(): could not receive data: 9
[ 22726][E][WiFiUdp.cpp:221] parsePacket(): could not receive data: 9
[ 22731][E][WiFiUdp.cpp:221] parsePacket(): could not receive data: 9
[ 22736][E][WiFiUdp.cpp:221] parsePacket(): could not receive data: 9
[ 22741][E][WiFiUdp.cpp:221] parsePacket(): could not receive data: 9
[ 22746][E][WiFiUdp.cpp:221] parsePacket(): could not receive data: 9
[ 22751][E][WiFiUdp.cpp:221] parsePacket(): could not receive data: 9
[ 22756][E][WiFiUdp.cpp:221] parsePacket(): could not receive data: 9
[ 22761][E][WiFiUdp.cpp:221] parsePacket(): could not receive data: 9
[ 22766][E][WiFiUdp.cpp:221] parsePacket(): could not receive data: 9
[ 22771][E][WiFiUdp.cpp:221] parsePacket(): could not receive data: 9
[ 22776][E][WiFiUdp.cpp:221] parsePacket(): could not receive data: 9
[ 22781][E][WiFiUdp.cpp:221] parsePacket(): could not receive data: 9
[ 22786][E][WiFiUdp.cpp:221] parsePacket(): could not receive data: 9
[ 22791][E][WiFiUdp.cpp:221] parsePacket(): could not receive data: 9
[ 22796][E][WiFiUdp.cpp:221] parsePacket(): could not receive data: 9
[ 22801][E][WiFiUdp.cpp:221] parsePacket(): could not receive data: 9
[ 22806][E][WiFiUdp.cpp:221] parsePacket(): could not receive data: 9
[ 22811][E][WiFiUdp.cpp:221] parsePacket(): could not receive data: 9
[ 22816][E][WiFiUdp.cpp:221] parsePacket(): could not receive data: 9
[ 22821][E][WiFiUdp.cpp:221] parsePacket(): could not receive data: 9
[ 22826][E][WiFiUdp.cpp:221] parsePacket(): could not receive data: 9
[ 22831][E][WiFiUdp.cpp:221] parsePacket(): could not receive data: 9
[ 22836][E][WiFiUdp.cpp:221] parsePacket(): could not receive data: 9
[ 22841][E][WiFiUdp.cpp:221] parsePacket(): could not receive data: 9
[ 22846][E][WiFiUdp.cpp:221] parsePacket(): could not receive data: 9
[ 22851][E][WiFiUdp.cpp:221] parsePacket(): could not receive data: 9
[ 22856][E][WiFiUdp.cpp:221] parsePacket(): could not receive data: 9
[ 22861][E][WiFiUdp.cpp:221] parsePacket(): could not receive data: 9
[ 22866][E][WiFiUdp.cpp:221] parsePacket(): could not receive data: 9
[ 22871][E][WiFiUdp.cpp:221] parsePacket(): could not receive data: 9
[ 22876][E][WiFiUdp.cpp:221] parsePacket(): could not receive data: 9
[ 22881][E][WiFiUdp.cpp:221] parsePacket(): could not receive data: 9
[ 22886][E][WiFiUdp.cpp:221] parsePacket(): could not receive data: 9
[ 22891][E][WiFiUdp.cpp:221] parsePacket(): could not receive data: 9
[ 22896][E][WiFiUdp.cpp:221] parsePacket(): could not receive data: 9
[ 22901][E][WiFiUdp.cpp:221] parsePacket(): could not receive data: 9
[ 22906][E][WiFiUdp.cpp:221] parsePacket(): could not receive data: 9
[ 22911][E][WiFiUdp.cpp:221] parsePacket(): could not receive data: 9
[ 22916][E][WiFiUdp.cpp:221] parsePacket(): could not receive data: 9
[ 22921][E][WiFiUdp.cpp:221] parsePacket(): could not receive data: 9
[ 22926][E][WiFiUdp.cpp:221] parsePacket(): could not receive data: 9
[ 22931][E][WiFiUdp.cpp:221] parsePacket(): could not receive data: 9
[ 22936][E][WiFiUdp.cpp:221] parsePacket(): could not receive data: 9
[ 22941][E][WiFiUdp.cpp:221] parsePacket(): could not receive data: 9
[ 22946][E][WiFiUdp.cpp:221] parsePacket(): could not receive data: 9
[ 22951][E][WiFiUdp.cpp:221] parsePacket(): could not receive data: 9
[ 22956][E][WiFiUdp.cpp:221] parsePacket(): could not receive data: 9
[ 22961][E][WiFiUdp.cpp:221] parsePacket(): could not receive data: 9
[ 22966][E][WiFiUdp.cpp:221] parsePacket(): could not receive data: 9
[ 22971][E][WiFiUdp.cpp:221] parsePacket(): could not receive data: 9
[ 22976][E][WiFiUdp.cpp:221] parsePacket(): could not receive data: 9
[ 22981][E][WiFiUdp.cpp:221] parsePacket(): could not receive data: 9
[ 22986][E][WiFiUdp.cpp:221] parsePacket(): could not receive data: 9
[ 22991][E][WiFiUdp.cpp:221] parsePacket(): could not receive data: 9
[ 22996][E][WiFiUdp.cpp:221] parsePacket(): could not receive data: 9
[ 23001][E][WiFiUdp.cpp:221] parsePacket(): could not receive data: 9
[ 23006][E][WiFiUdp.cpp:221] parsePacket(): could not receive data: 9
[ 23011][E][WiFiUdp.cpp:221] parsePacket(): could not receive data: 9
[ 23016][E][WiFiUdp.cpp:221] parsePacket(): could not receive data: 9
[ 23021][E][WiFiUdp.cpp:221] parsePacket(): could not receive data: 9
[ 23026][E][WiFiUdp.cpp:221] parsePacket(): could not receive data: 9
[ 23031][E][WiFiUdp.cpp:221] parsePacket(): could not receive data: 9
[ 23036][E][WiFiUdp.cpp:221] parsePacket(): could not receive data: 9
[ 23041][E][WiFiUdp.cpp:221] parsePacket(): could not receive data: 9
[ 23046][E][WiFiUdp.cpp:221] parsePacket(): could not receive data: 9
[ 23051][E][WiFiUdp.cpp:221] parsePacket(): could not receive data: 9
[ 23056][E][WiFiUdp.cpp:221] parsePacket(): could not receive data: 9
[ 23061][E][WiFiUdp.cpp:221] parsePacket(): could not receive data: 9
[ 23066][E][WiFiUdp.cpp:221] parsePacket(): could not receive data: 9
[ 23071][E][WiFiUdp.cpp:221] parsePacket(): could not receive data: 9
[ 23076][E][WiFiUdp.cpp:221] parsePacket(): could not receive data: 9
[ 23081][E][WiFiUdp.cpp:221] parsePacket(): could not receive data: 9
[ 23086][E][WiFiUdp.cpp:221] parsePacket(): could not receive data: 9
[ 23091][E][WiFiUdp.cpp:221] parsePacket(): could not receive data: 9
[ 23096][E][WiFiUdp.cpp:221] parsePacket(): could not receive data: 9
[ 23101][E][WiFiUdp.cpp:221] parsePacket(): could not receive data: 9
[ 23106][E][WiFiUdp.cpp:221] parsePacket(): could not receive data: 9
[ 23112][E][WiFiUdp.cpp:221] parsePacket(): could not receive data: 9
[ 23118][E][WiFiUdp.cpp:221] parsePacket(): could not receive data: 9
[ 23123][E][WiFiUdp.cpp:221] parsePacket(): could not receive data: 9
[ 23128][E][WiFiUdp.cpp:221] parsePacket(): could not receive data: 9
[ 23133][E][WiFiUdp.cpp:221] parsePacket(): could not receive data: 9
[ 23138][E][WiFiUdp.cpp:221] parsePacket(): could not receive data: 9
[ 23143][E][WiFiUdp.cpp:221] parsePacket(): could not receive data: 9
[ 23148][E][WiFiUdp.cpp:221] parsePacket(): could not receive data: 9
[ 23153][E][WiFiUdp.cpp:221] parsePacket(): could not receive data: 9
[ 23158][E][WiFiUdp.cpp:221] parsePacket(): could not receive data: 9
[ 23163][E][WiFiUdp.cpp:221] parsePacket(): could not receive data: 9
[ 23168][E][WiFiUdp.cpp:221] parsePacket(): could not receive data: 9
[ 23173][E][WiFiUdp.cpp:221] parsePacket(): could not receive data: 9
[ 23178][E][WiFiUdp.cpp:221] parsePacket(): could not receive data: 9
[ 23183][E][WiFiUdp.cpp:221] parsePacket(): could not receive data: 9
[ 23188][E][WiFiUdp.cpp:221] parsePacket(): could not receive data: 9
[ 23193][E][WiFiUdp.cpp:221] parsePacket(): could not receive data: 9
[ 23198][E][WiFiUdp.cpp:221] parsePacket(): could not receive data: 9
[ 23203][E][WiFiUdp.cpp:221] parsePacket(): could not receive data: 9
[ 23208][E][WiFiUdp.cpp:221] parsePacket(): could not receive data: 9
[ 23213][E][WiFiUdp.cpp:221] parsePacket(): could not receive data: 9
[ 23218][E][WiFiUdp.cpp:221] parsePacket(): could not receive data: 9
[ 23223][E][WiFiUdp.cpp:221] parsePacket(): could not receive data: 9
[ 23228][E][WiFiUdp.cpp:221] parsePacket(): could not receive data: 9
[ 23233][E][WiFiUdp.cpp:221] parsePacket(): could not receive data: 9
[ 23238][E][WiFiUdp.cpp:221] parsePacket(): could not receive data: 9
[ 23243][E][WiFiUdp.cpp:221] parsePacket(): could not receive data: 9
[ 23248][E][WiFiUdp.cpp:221] parsePacket(): could not receive data: 9
[ 23253][E][WiFiUdp.cpp:221] parsePacket(): could not receive data: 9
[ 23258][E][WiFiUdp.cpp:221] parsePacket(): could not receive data: 9
[ 23263][E][WiFiUdp.cpp:221] parsePacket(): could not receive data: 9
[ 23268][E][WiFiUdp.cpp:221] parsePacket(): could not receive data: 9
[ 23273][E][WiFiUdp.cpp:221] parsePacket(): could not receive data: 9
[ 23279][E][WiFiUdp.cpp:221] parsePacket(): could not receive data: 9
[ 23284][E][WiFiUdp.cpp:221] parsePacket(): could not receive data: 9
[ 23289][E][WiFiUdp.cpp:221] parsePacket(): could not receive data: 9
[ 23294][E][WiFiUdp.cpp:221] parsePacket(): could not receive data: 9
[ 23299][E][WiFiUdp.cpp:221] parsePacket(): could not receive data: 9
[ 23304][E][WiFiUdp.cpp:221] parsePacket(): could not receive data: 9
[ 23309][E][WiFiUdp.cpp:221] parsePacket(): could not receive data: 9
[CON ]...Client disconnected. free heap=121772
[ 23315][E][WiFiUdp.cpp:221] parsePacket(): could not receive data: 9
[CON ]...accept() fd=50 free=123760
[CON ]...Client authenticated on port 2323. free heap=118552
-[ 23320][E][WiFiUdp.cpp:221] parsePacket(): could not receive data: 9
-[ 23327][E][WiFiUdp.cpp:221] parsePacket(): could not receive data: 9
x[ 23332][E][WiFiUdp.cpp:221] parsePacket(): could not receive data: 9
m[ 23338][E][WiFiUdp.cpp:221] parsePacket(): could not receive data: 9
l[ 23344][E][WiFiUdp.cpp:221] parsePacket(): could not receive data: 9
t[ 23350][E][WiFiUdp.cpp:221] parsePacket(): could not receive data: 9
z[ 23355][E][WiFiUdp.cpp:221] parsePacket(): could not receive data: 9
 [ 23361][E][WiFiUdp.cpp:221] parsePacket(): could not receive data: 9
+[ 23366][E][WiFiUdp.cpp:221] parsePacket(): could not receive data: 9
0[ 23371][E][WiFiUdp.cpp:221] parsePacket(): could not receive data: 9
3[ 23376][E][WiFiUdp.cpp:221] parsePacket(): could not receive data: 9
:[ 23381][E][WiFiUdp.cpp:221] parsePacket(): could not receive data: 9
3[ 23386][E][WiFiUdp.cpp:221] parsePacket(): could not receive data: 9
0[ 23391][E][WiFiUdp.cpp:221] parsePacket(): could not receive data: 9
[ 23396][E][WiFiUdp.cpp:221] parsePacket(): could not receive data: 9

[TEST] xml timezone +03:30 -> node_utcoff 3.50
[ 23411][E][WiFiUdp.cpp:221] parsePacket(): could not receive data: 9
[ 23416][E][WiFiUdp.cpp:221] parsePacket(): could not receive data: 9
[ 23421][E][WiFiUdp.cpp:221] parsePacket(): could not receive data: 9
[ 23426][E][WiFiUdp.cpp:221] parsePacket(): could not receive data: 9
[ 23431][E][WiFiUdp.cpp:221] parsePacket(): could not receive data: 9
[ 23436][E][WiFiUdp.cpp:221] parsePacket(): could not receive data: 9
[ 23441][E][WiFiUdp.cpp:221] parsePacket(): could not receive data: 9
[ 23446][E][WiFiUdp.cpp:221] parsePacket(): could not receive data: 9
[ 23451][E][WiFiUdp.cpp:221] parsePacket(): could not receive data: 9
[ 23456][E][WiFiUdp.cpp:221] parsePacket(): could not receive data: 9
[ 23461][E][WiFiUdp.cpp:221] parsePacket(): could not receive data: 9
[ 23466][E][WiFiUdp.cpp:221] parsePacket(): could not receive data: 9
[ 23471][E][WiFiUdp.cpp:221] parsePacket(): could not receive data: 9
[ 23476][E][WiFiUdp.cpp:221] parsePacket(): could not receive data: 9
[ 23481][E][WiFiUdp.cpp:221] parsePacket(): could not receive data: 9
[ 23486][E][WiFiUdp.cpp:221] parsePacket(): could not receive data: 9
[ 23491][E][WiFiUdp.cpp:221] parsePacket(): could not receive data: 9
[ 23496][E][WiFiUdp.cpp:221] parsePacket(): could not receive data: 9
[ 23501][E][WiFiUdp.cpp:221] parsePacket(): could not receive data: 9
[ 23506][E][WiFiUdp.cpp:221] parsePacket(): could not receive data: 9
[ 23511][E][WiFiUdp.cpp:221] parsePacket(): could not receive data: 9
[ 23516][E][WiFiUdp.cpp:221] parsePacket(): could not receive data: 9
[ 23521][E][WiFiUdp.cpp:221] parsePacket(): could not receive data: 9
[ 23526][E][WiFiUdp.cpp:221] parsePacket(): could not receive data: 9
[ 23531][E][WiFiUdp.cpp:221] parsePacket(): could not receive data: 9
[ 23536][E][WiFiUdp.cpp:221] parsePacket(): could not receive data: 9
[ 23541][E][WiFiUdp.cpp:221] parsePacket(): could not receive data: 9
[ 23546][E][WiFiUdp.cpp:221] parsePacket(): could not receive data: 9
[ 23551][E][WiFiUdp.cpp:221] parsePacket(): could not receive data: 9
[ 23556][E][WiFiUdp.cpp:221] parsePacket(): could not receive data: 9
[ 23561][E][WiFiUdp.cpp:221] parsePacket(): could not receive data: 9
[ 23566][E][WiFiUdp.cpp:221] parsePacket(): could not receive data: 9
[ 23571][E][WiFiUdp.cpp:221] parsePacket(): could not receive data: 9
[ 23576][E][WiFiUdp.cpp:221] parsePacket(): could not receive data: 9
[ 23581][E][WiFiUdp.cpp:221] parsePacket(): could not receive data: 9
[ 23586][E][WiFiUdp.cpp:221] parsePacket(): could not receive data: 9
[ 23591][E][WiFiUdp.cpp:221] parsePacket(): could not receive data: 9
[ 23596][E][WiFiUdp.cpp:221] parsePacket(): could not receive data: 9
[ 23601][E][WiFiUdp.cpp:221] parsePacket(): could not receive data: 9
[ 23606][E][WiFiUdp.cpp:221] parsePacket(): could not receive data: 9
[ 23611][E][WiFiUdp.cpp:221] parsePacket(): could not receive data: 9
[ 23616][E][WiFiUdp.cpp:221] parsePacket(): could not receive data: 9
[ 23621][E][WiFiUdp.cpp:221] parsePacket(): could not receive data: 9
[ 23626][E][WiFiUdp.cpp:221] parsePacket(): could not receive data: 9
[ 23631][E][WiFiUdp.cpp:221] parsePacket(): could not receive data: 9
[ 23636][E][WiFiUdp.cpp:221] parsePacket(): could not receive data: 9
[ 23641][E][WiFiUdp.cpp:221] parsePacket(): could not receive data: 9
[ 23646][E][WiFiUdp.cpp:221] parsePacket(): could not receive data: 9
[ 23651][E][WiFiUdp.cpp:221] parsePacket(): could not receive data: 9
[ 23656][E][WiFiUdp.cpp:221] parsePacket(): could not receive data: 9
[ 23661][E][WiFiUdp.cpp:221] parsePacket(): could not receive data: 9
[ 23666][E][WiFiUdp.cpp:221] parsePacket(): could not receive data: 9
[ 23671][E][WiFiUdp.cpp:221] parsePacket(): could not receive data: 9
[ 23676][E][WiFiUdp.cpp:221] parsePacket(): could not receive data: 9
[ 23681][E][WiFiUdp.cpp:221] parsePacket(): could not receive data: 9
[ 23686][E][WiFiUdp.cpp:221] parsePacket(): could not receive data: 9
[ 23691][E][WiFiUdp.cpp:221] parsePacket(): could not receive data: 9
[ 23696][E][WiFiUdp.cpp:221] parsePacket(): could not receive data: 9
[ 23701][E][WiFiUdp.cpp:221] parsePacket(): could not receive data: 9
[ 23706][E][WiFiUdp.cpp:221] parsePacket(): could not receive data: 9
[ 23711][E][WiFiUdp.cpp:221] parsePacket(): could not receive data: 9
[ 23716][E][WiFiUdp.cpp:221] parsePacket(): could not receive data: 9
[ 23721][E][WiFiUdp.cpp:221] parsePacket(): could not receive data: 9
[ 23726][E][WiFiUdp.cpp:221] parsePacket(): could not receive data: 9
[ 23731][E][WiFiUdp.cpp:221] parsePacket(): could not receive data: 9
[ 23736][E][WiFiUdp.cpp:221] parsePacket(): could not receive data: 9
[ 23741][E][WiFiUdp.cpp:221] parsePacket(): could not receive data: 9
[ 23746][E][WiFiUdp.cpp:221] parsePacket(): could not receive data: 9
[ 23751][E][WiFiUdp.cpp:221] parsePacket(): could not receive data: 9
[ 23756][E][WiFiUdp.cpp:221] parsePacket(): could not receive data: 9
[ 23761][E][WiFiUdp.cpp:221] parsePacket(): could not receive data: 9
[ 23766][E][WiFiUdp.cpp:221] parsePacket(): could not receive data: 9
[ 23771][E][WiFiUdp.cpp:221] parsePacket(): could not receive data: 9
[ 23776][E][WiFiUdp.cpp:221] parsePacket(): could not receive data: 9
[ 23782][E][WiFiUdp.cpp:221] parsePacket(): could not receive data: 9
[ 23787][E][WiFiUdp.cpp:221] parsePacket(): could not receive data: 9
[ 23792][E][WiFiUdp.cpp:221] parsePacket(): could not receive data: 9
[ 23797][E][WiFiUdp.cpp:221] parsePacket(): could not receive data: 9
[ 23802][E][WiFiUdp.cpp:221] parsePacket(): could not receive data: 9
[ 23807][E][WiFiUdp.cpp:221] parsePacket(): could not receive data: 9
[ 23812][E][WiFiUdp.cpp:221] parsePacket(): could not receive data: 9
[ 23818][E][WiFiUdp.cpp:221] parsePacket(): could not receive data: 9
[ 23823][E][WiFiUdp.cpp:221] parsePacket(): could not receive data: 9
[ 23828][E][WiFiUdp.cpp:221] parsePacket(): could not receive data: 9
[ 23833][E][WiFiUdp.cpp:221] parsePacket(): could not receive data: 9
[ 23838][E][WiFiUdp.cpp:221] parsePacket(): could not receive data: 9
[ 23843][E][WiFiUdp.cpp:221] parsePacket(): could not receive data: 9
[ 23848][E][WiFiUdp.cpp:221] parsePacket(): could not receive data: 9
[ 23853][E][WiFiUdp.cpp:221] parsePacket(): could not receive data: 9
[ 23858][E][WiFiUdp.cpp:221] parsePacket(): could not receive data: 9
[ 23863][E][WiFiUdp.cpp:221] parsePacket(): could not receive data: 9
[ 23868][E][WiFiUdp.cpp:221] parsePacket(): could not receive data: 9
[ 23873][E][WiFiUdp.cpp:221] parsePacket(): could not receive data: 9
[ 23878][E][WiFiUdp.cpp:221] parsePacket(): could not receive data: 9
[ 23883][E][WiFiUdp.cpp:221] parsePacket(): could not receive data: 9
[ 23888][E][WiFiUdp.cpp:221] parsePacket(): could not receive data: 9
[ 23893][E][WiFiUdp.cpp:221] parsePacket(): could not receive data: 9
[ 23899][E][WiFiUdp.cpp:221] parsePacket(): could not receive data: 9
[ 23904][E][WiFiUdp.cpp:221] parsePacket(): could not receive data: 9
[ 23909][E][WiFiUdp.cpp:221] parsePacket(): could not receive data: 9
[ 23914][E][WiFiUdp.cpp:221] parsePacket(): could not receive data: 9
[ 23919][E][WiFiUdp.cpp:221] parsePacket(): could not receive data: 9
[ 23924][E][WiFiUdp.cpp:221] parsePacket(): could not receive data: 9
[ 23929][E][WiFiUdp.cpp:221] parsePacket(): could not receive data: 9
[ 23934][E][WiFiUdp.cpp:221] parsePacket(): could not receive data: 9
[ 23939][E][WiFiUdp.cpp:221] parsePacket(): could not receive data: 9
[ 23944][E][WiFiUdp.cpp:221] parsePacket(): could not receive data: 9
[ 23949][E][WiFiUdp.cpp:221] parsePacket(): could not receive data: 9
[ 23954][E][WiFiUdp.cpp:221] parsePacket(): could not receive data: 9
[ 23959][E][WiFiUdp.cpp:221] parsePacket(): could not receive data: 9
[ 23964][E][WiFiUdp.cpp:221] parsePacket(): could not receive data: 9
[ 23969][E][WiFiUdp.cpp:221] parsePacket(): could not receive data: 9
[ 23974][E][WiFiUdp.cpp:221] parsePacket(): could not receive data: 9
[ 23979][E][WiFiUdp.cpp:221] parsePacket(): could not receive data: 9
[ 23984][E][WiFiUdp.cpp:221] parsePacket(): could not receive data: 9
[ 23989][E][WiFiUdp.cpp:221] parsePacket(): could not receive data: 9
[ 23994][E][WiFiUdp.cpp:221] parsePacket(): could not receive data: 9
[ 23999][E][WiFiUdp.cpp:221] parsePacket(): could not receive data: 9
[ 24004][E][WiFiUdp.cpp:221] parsePacket(): could not receive data: 9
[ 24009][E][WiFiUdp.cpp:221] parsePacket(): could not receive data: 9
[ 24014][E][WiFiUdp.cpp:221] parsePacket(): could not receive data: 9
[ 24019][E][WiFiUdp.cpp:221] parsePacket(): could not receive data: 9
[ 24024][E][WiFiUdp.cpp:221] parsePacket(): could not receive data: 9
[ 24029][E][WiFiUdp.cpp:221] parsePacket(): could not receive data: 9
[ 24034][E][WiFiUdp.cpp:221] parsePacket(): could not receive data: 9
[ 24039][E][WiFiUdp.cpp:221] parsePacket(): could not receive data: 9
[ 24044][E][WiFiUdp.cpp:221] parsePacket(): could not receive data: 9
[ 24049][E][WiFiUdp.cpp:221] parsePacket(): could not receive data: 9
[ 24054][E][WiFiUdp.cpp:221] parsePacket(): could not receive data: 9
[ 24059][E][WiFiUdp.cpp:221] parsePacket(): could not receive data: 9
[ 24064][E][WiFiUdp.cpp:221] parsePacket(): could not receive data: 9
[ 24069][E][WiFiUdp.cpp:221] parsePacket(): could not receive data: 9
[ 24074][E][WiFiUdp.cpp:221] parsePacket(): could not receive data: 9
[ 24079][E][WiFiUdp.cpp:221] parsePacket(): could not receive data: 9
[ 24084][E][WiFiUdp.cpp:221] parsePacket(): could not receive data: 9
[ 24089][E][WiFiUdp.cpp:221] parsePacket(): could not receive data: 9
[ 24094][E][WiFiUdp.cpp:221] parsePacket(): could not receive data: 9
[ 24099][E][WiFiUdp.cpp:221] parsePacket(): could not receive data: 9
[ 24104][E][WiFiUdp.cpp:221] parsePacket(): could not receive data: 9
[ 24109][E][WiFiUdp.cpp:221] parsePacket(): could not receive data: 9
[ 24114][E][WiFiUdp.cpp:221] parsePacket(): could not receive data: 9
[ 24119][E][WiFiUdp.cpp:221] parsePacket(): could not receive data: 9
[ 24124][E][WiFiUdp.cpp:221] parsePacket(): could not receive data: 9
[ 24129][E][WiFiUdp.cpp:221] parsePacket(): could not receive data: 9
[ 24134][E][WiFiUdp.cpp:221] parsePacket(): could not receive data: 9
[ 24139][E][WiFiUdp.cpp:221] parsePacket(): could not receive data: 9
[ 24144][E][WiFiUdp.cpp:221] parsePacket(): could not receive data: 9
[ 24149][E][WiFiUdp.cpp:221] parsePacket(): could not receive data: 9
[ 24154][E][WiFiUdp.cpp:221] parsePacket(): could not receive data: 9
[ 24159][E][WiFiUdp.cpp:221] parsePacket(): could not receive data: 9
[ 24165][E][WiFiUdp.cpp:221] parsePacket(): could not receive data: 9
[ 24171][E][WiFiUdp.cpp:221] parsePacket(): could not receive data: 9
[ 24177][E][WiFiUdp.cpp:221] parsePacket(): could not receive data: 9
[ 24183][E][WiFiUdp.cpp:221] parsePacket(): could not receive data: 9
[ 24189][E][WiFiUdp.cpp:221] parsePacket(): could not receive data: 9
[ 24195][E][WiFiUdp.cpp:221] parsePacket(): could not receive data: 9
[ 24200][E][WiFiUdp.cpp:221] parsePacket(): could not receive data: 9
[ 24205][E][WiFiUdp.cpp:221] parsePacket(): could not receive data: 9
[ 24211][E][WiFiUdp.cpp:221] parsePacket(): could not receive data: 9
[ 24216][E][WiFiUdp.cpp:221] parsePacket(): could not receive data: 9
[ 24221][E][WiFiUdp.cpp:221] parsePacket(): could not receive data: 9
[ 24226][E][WiFiUdp.cpp:221] parsePacket(): could not receive data: 9
[ 24231][E][WiFiUdp.cpp:221] parsePacket(): could not receive data: 9
[ 24236][E][WiFiUdp.cpp:221] parsePacket(): could not receive data: 9
[ 24241][E][WiFiUdp.cpp:221] parsePacket(): could not receive data: 9
[ 24246][E][WiFiUdp.cpp:221] parsePacket(): could not receive data: 9
[ 24251][E][WiFiUdp.cpp:221] parsePacket(): could not receive data: 9
[ 24257][E][WiFiUdp.cpp:221] parsePacket(): could not receive data: 9
[ 24264][E][WiFiUdp.cpp:221] parsePacket(): could not receive data: 9
[ 24270][E][WiFiUdp.cpp:221] parsePacket(): could not receive data: 9
[ 24276][E][WiFiUdp.cpp:221] parsePacket(): could not receive data: 9
[ 24282][E][WiFiUdp.cpp:221] parsePacket(): could not receive data: 9
[ 24288][E][WiFiUdp.cpp:221] parsePacket(): could not receive data: 9
[ 24294][E][WiFiUdp.cpp:221] parsePacket(): could not receive data: 9
[ 24300][E][WiFiUdp.cpp:221] parsePacket(): could not receive data: 9
[ 24306][E][WiFiUdp.cpp:221] parsePacket(): could not receive data: 9
[ 24312][E][WiFiUdp.cpp:221] parsePacket(): could not receive data: 9
[ 24318][E][WiFiUdp.cpp:221] parsePacket(): could not receive data: 9
[ 24325][E][WiFiUdp.cpp:221] parsePacket(): could not receive data: 9
[ 24331][E][WiFiUdp.cpp:221] parsePacket(): could not receive data: 9
[ 24337][E][WiFiUdp.cpp:221] parsePacket(): could not receive data: 9
[ 24343][E][WiFiUdp.cpp:221] parsePacket(): could not receive data: 9
[ 24349][E][WiFiUdp.cpp:221] parsePacket(): could not receive data: 9
[ 24354][E][WiFiUdp.cpp:221] parsePacket(): could not receive data: 9
[ 24360][E][WiFiUdp.cpp:221] parsePacket(): could not receive data: 9
[ 24366][E][WiFiUdp.cpp:221] parsePacket(): could not receive data: 9
[ 24373][E][WiFiUdp.cpp:221] parsePacket(): could not receive data: 9
[ 24380][E][WiFiUdp.cpp:221] parsePacket(): could not receive data: 9
[ 24386][E][WiFiUdp.cpp:221] parsePacket(): could not receive data: 9
[ 24393][E][WiFiUdp.cpp:221] parsePacket(): could not receive data: 9
[ 24399][E][WiFiUdp.cpp:221] parsePacket(): could not receive data: 9
[ 24404][E][WiFiUdp.cpp:221] parsePacket(): could not receive data: 9
[ 24409][E][WiFiUdp.cpp:221] parsePacket(): could not receive data: 9
[ 24414][E][WiFiUdp.cpp:221] parsePacket(): could not receive data: 9
[ 24420][E][WiFiUdp.cpp:221] parsePacket(): could not receive data: 9
[ 24426][E][WiFiUdp.cpp:221] parsePacket(): could not receive data: 9
[ 24432][E][WiFiUdp.cpp:221] parsePacket(): could not receive data: 9
[ 24438][E][WiFiUdp.cpp:221] parsePacket(): could not receive data: 9
[ 24444][E][WiFiUdp.cpp:221] parsePacket(): could not receive data: 9
[ 24450][E][WiFiUdp.cpp:221] parsePacket(): could not receive data: 9
[ 24456][E][WiFiUdp.cpp:221] parsePacket(): could not receive data: 9
[ 24462][E][WiFiUdp.cpp:221] parsePacket(): could not receive data: 9
[ 24467][E][WiFiUdp.cpp:221] parsePacket(): could not receive data: 9
[ 24472][E][WiFiUdp.cpp:221] parsePacket(): could not receive data: 9
[ 24477][E][WiFiUdp.cpp:221] parsePacket(): could not receive data: 9
[ 24482][E][WiFiUdp.cpp:221] parsePacket(): could not receive data: 9
[ 24487][E][WiFiUdp.cpp:221] parsePacket(): could not receive data: 9
[ 24492][E][WiFiUdp.cpp:221] parsePacket(): could not receive data: 9
[ 24497][E][WiFiUdp.cpp:221] parsePacket(): could not receive data: 9
[ 24502][E][WiFiUdp.cpp:221] parsePacket(): could not receive data: 9
[ 24507][E][WiFiUdp.cpp:221] parsePacket(): could not receive data: 9
[ 24512][E][WiFiUdp.cpp:221] parsePacket(): could not receive data: 9
[ 24517][E][WiFiUdp.cpp:221] parsePacket(): could not receive data: 9
[ 24522][E][WiFiUdp.cpp:221] parsePacket(): could not receive data: 9
[ 24527][E][WiFiUdp.cpp:221] parsePacket(): could not receive data: 9
[ 24532][E][WiFiUdp.cpp:221] parsePacket(): could not receive data: 9
[ 24537][E][WiFiUdp.cpp:221] parsePacket(): could not receive data: 9
[ 24542][E][WiFiUdp.cpp:221] parsePacket(): could not receive data: 9
[ 24547][E][WiFiUdp.cpp:221] parsePacket(): could not receive data: 9
[ 24552][E][WiFiUdp.cpp:221] parsePacket(): could not receive data: 9
[ 24557][E][WiFiUdp.cpp:221] parsePacket(): could not receive data: 9
[ 24562][E][WiFiUdp.cpp:221] parsePacket(): could not receive data: 9
[ 24567][E][WiFiUdp.cpp:221] parsePacket(): could not receive data: 9
[ 24572][E][WiFiUdp.cpp:221] parsePacket(): could not receive data: 9
[ 24577][E][WiFiUdp.cpp:221] parsePacket(): could not receive data: 9
[ 24582][E][WiFiUdp.cpp:221] parsePacket(): could not receive data: 9
[ 24587][E][WiFiUdp.cpp:221] parsePacket(): could not receive data: 9
[ 24592][E][WiFiUdp.cpp:221] parsePacket(): could not receive data: 9
[ 24597][E][WiFiUdp.cpp:221] parsePacket(): could not receive data: 9
[ 24602][E][WiFiUdp.cpp:221] parsePacket(): could not receive data: 9
[ 24607][E][WiFiUdp.cpp:221] parsePacket(): could not receive data: 9
[ 24612][E][WiFiUdp.cpp:221] parsePacket(): could not receive data: 9
[ 24617][E][WiFiUdp.cpp:221] parsePacket(): could not receive data: 9
[ 24622][E][WiFiUdp.cpp:221] parsePacket(): could not receive data: 9
[ 24627][E][WiFiUdp.cpp:221] parsePacket(): could not receive data: 9
[ 24632][E][WiFiUdp.cpp:221] parsePacket(): could not receive data: 9
[ 24637][E][WiFiUdp.cpp:221] parsePacket(): could not receive data: 9
[ 24642][E][WiFiUdp.cpp:221] parsePacket(): could not receive data: 9
[ 24647][E][WiFiUdp.cpp:221] parsePacket(): could not receive data: 9
[ 24652][E][WiFiUdp.cpp:221] parsePacket(): could not receive data: 9
[ 24657][E][WiFiUdp.cpp:221] parsePacket(): could not receive data: 9
[ 24662][E][WiFiUdp.cpp:221] parsePacket(): could not receive data: 9
[ 24667][E][WiFiUdp.cpp:221] parsePacket(): could not receive data: 9
[ 24672][E][WiFiUdp.cpp:221] parsePacket(): could not receive data: 9
[ 24677][E][WiFiUdp.cpp:221] parsePacket(): could not receive data: 9
[ 24682][E][WiFiUdp.cpp:221] parsePacket(): could not receive data: 9
[ 24687][E][WiFiUdp.cpp:221] parsePacket(): could not receive data: 9
[ 24692][E][WiFiUdp.cpp:221] parsePacket(): could not receive data: 9
[ 24697][E][WiFiUdp.cpp:221] parsePacket(): could not receive data: 9
[ 24702][E][WiFiUdp.cpp:221] parsePacket(): could not receive data: 9
[ 24707][E][WiFiUdp.cpp:221] parsePacket(): could not receive data: 9
[ 24712][E][WiFiUdp.cpp:221] parsePacket(): could not receive data: 9
[ 24717][E][WiFiUdp.cpp:221] parsePacket(): could not receive data: 9
[ 24722][E][WiFiUdp.cpp:221] parsePacket(): could not receive data: 9
[ 24727][E][WiFiUdp.cpp:221] parsePacket(): could not receive data: 9
[ 24732][E][WiFiUdp.cpp:221] parsePacket(): could not receive data: 9
[ 24737][E][WiFiUdp.cpp:221] parsePacket(): could not receive data: 9
[ 24742][E][WiFiUdp.cpp:221] parsePacket(): could not receive data: 9
[ 24747][E][WiFiUdp.cpp:221] parsePacket(): could not receive data: 9
[ 24752][E][WiFiUdp.cpp:221] parsePacket(): could not receive data: 9
[ 24757][E][WiFiUdp.cpp:221] parsePacket(): could not receive data: 9
[ 24762][E][WiFiUdp.cpp:221] parsePacket(): could not receive data: 9
[ 24767][E][WiFiUdp.cpp:221] parsePacket(): could not receive data: 9
[ 24772][E][WiFiUdp.cpp:221] parsePacket(): could not receive data: 9
[ 24777][E][WiFiUdp.cpp:221] parsePacket(): could not receive data: 9
[ 24782][E][WiFiUdp.cpp:221] parsePacket(): could not receive data: 9
[ 24787][E][WiFiUdp.cpp:221] parsePacket(): could not receive data: 9
[ 24792][E][WiFiUdp.cpp:221] parsePacket(): could not receive data: 9
[ 24797][E][WiFiUdp.cpp:221] parsePacket(): could not receive data: 9
[ 24802][E][WiFiUdp.cpp:221] parsePacket(): could not receive data: 9
[ 24807][E][WiFiUdp.cpp:221] parsePacket(): could not receive data: 9
[ 24812][E][WiFiUdp.cpp:221] parsePacket(): could not receive data: 9
[ 24817][E][WiFiUdp.cpp:221] parsePacket(): could not receive data: 9
[ 24822][E][WiFiUdp.cpp:221] parsePacket(): could not receive data: 9
[ 24827][E][WiFiUdp.cpp:221] parsePacket(): could not receive data: 9
[ 24832][E][WiFiUdp.cpp:221] parsePacket(): could not receive data: 9
[ 24837][E][WiFiUdp.cpp:221] parsePacket(): could not receive data: 9
[ 24842][E][WiFiUdp.cpp:221] parsePacket(): could not receive data: 9
[ 24847][E][WiFiUdp.cpp:221] parsePacket(): could not receive data: 9
[ 24852][E][WiFiUdp.cpp:221] parsePacket(): could not receive data: 9
[ 24857][E][WiFiUdp.cpp:221] parsePacket(): could not receive data: 9
[ 24862][E][WiFiUdp.cpp:221] parsePacket(): could not receive data: 9
[ 24867][E][WiFiUdp.cpp:221] parsePacket(): could not receive data: 9
[ 24873][E][WiFiUdp.cpp:221] parsePacket(): could not receive data: 9
[ 24878][E][WiFiUdp.cpp:221] parsePacket(): could not receive data: 9
[ 24883][E][WiFiUdp.cpp:221] parsePacket(): could not receive data: 9
[ 24889][E][WiFiUdp.cpp:221] parsePacket(): could not receive data: 9
[ 24894][E][WiFiUdp.cpp:221] parsePacket(): could not receive data: 9
[ 24899][E][WiFiUdp.cpp:221] parsePacket(): could not receive data: 9
[ 24904][E][WiFiUdp.cpp:221] parsePacket(): could not receive data: 9
[ 24909][E][WiFiUdp.cpp:221] parsePacket(): could not receive data: 9
[ 24914][E][WiFiUdp.cpp:221] parsePacket(): could not receive data: 9
[ 24919][E][WiFiUdp.cpp:221] parsePacket(): could not receive data: 9
[ 24924][E][WiFiUdp.cpp:221] parsePacket(): could not receive data: 9
[ 24929][E][WiFiUdp.cpp:221] parsePacket(): could not receive data: 9
[ 24934][E][WiFiUdp.cpp:221] parsePacket(): could not receive data: 9
[ 24939][E][WiFiUdp.cpp:221] parsePacket(): could not receive data: 9
[ 24944][E][WiFiUdp.cpp:221] parsePacket(): could not receive data: 9
[ 24949][E][WiFiUdp.cpp:221] parsePacket(): could not receive data: 9
[ 24954][E][WiFiUdp.cpp:221] parsePacket(): could not receive data: 9
[ 24959][E][WiFiUdp.cpp:221] parsePacket(): could not receive data: 9
[ 24964][E][WiFiUdp.cpp:221] parsePacket(): could not receive data: 9
[ 24969][E][WiFiUdp.cpp:221] parsePacket(): could not receive data: 9
[ 24974][E][WiFiUdp.cpp:221] parsePacket(): could not receive data: 9
[ 24979][E][WiFiUdp.cpp:221] parsePacket(): could not receive data: 9
[ 24984][E][WiFiUdp.cpp:221] parsePacket(): could not receive data: 9
[ 24989][E][WiFiUdp.cpp:221] parsePacket(): could not receive data: 9
[ 24994][E][WiFiUdp.cpp:221] parsePacket(): could not receive data: 9
[ 24999][E][WiFiUdp.cpp:221] parsePacket(): could not receive data: 9
[ 25004][E][WiFiUdp.cpp:221] parsePacket(): could not receive data: 9
[ 25009][E][WiFiUdp.cpp:221] parsePacket(): could not receive data: 9
[ 25014][E][WiFiUdp.cpp:221] parsePacket(): could not receive data: 9
[ 25019][E][WiFiUdp.cpp:221] parsePacket(): could not receive data: 9
[ 25024][E][WiFiUdp.cpp:221] parsePacket(): could not receive data: 9
[ 25029][E][WiFiUdp.cpp:221] parsePacket(): could not receive data: 9
[ 25034][E][WiFiUdp.cpp:221] parsePacket(): could not receive data: 9
[ 25039][E][WiFiUdp.cpp:221] parsePacket(): could not receive data: 9
[ 25044][E][WiFiUdp.cpp:221] parsePacket(): could not receive data: 9
[ 25049][E][WiFiUdp.cpp:221] parsePacket(): could not receive data: 9
[ 25054][E][WiFiUdp.cpp:221] parsePacket(): could not receive data: 9
[ 25059][E][WiFiUdp.cpp:221] parsePacket(): could not receive data: 9
[ 25064][E][WiFiUdp.cpp:221] parsePacket(): could not receive data: 9
[ 25069][E][WiFiUdp.cpp:221] parsePacket(): could not receive data: 9
[ 25074][E][WiFiUdp.cpp:221] parsePacket(): could not receive data: 9
[ 25079][E][WiFiUdp.cpp:221] parsePacket(): could not receive data: 9
[ 25084][E][WiFiUdp.cpp:221] parsePacket(): could not receive data: 9
[ 25089][E][WiFiUdp.cpp:221] parsePacket(): could not receive data: 9
[ 25094][E][WiFiUdp.cpp:221] parsePacket(): could not receive data: 9
[ 25099][E][WiFiUdp.cpp:221] parsePacket(): could not receive data: 9
[ 25104][E][WiFiUdp.cpp:221] parsePacket(): could not receive data: 9
[ 25109][E][WiFiUdp.cpp:221] parsePacket(): could not receive data: 9
[ 25114][E][WiFiUdp.cpp:221] parsePacket(): could not receive data: 9
[ 25119][E][WiFiUdp.cpp:221] parsePacket(): could not receive data: 9
[ 25124][E][WiFiUdp.cpp:221] parsePacket(): could not receive data: 9
[ 25129][E][WiFiUdp.cpp:221] parsePacket(): could not receive data: 9
[ 25134][E][WiFiUdp.cpp:221] parsePacket(): could not receive data: 9
[ 25139][E][WiFiUdp.cpp:221] parsePacket(): could not receive data: 9
[ 25144][E][WiFiUdp.cpp:221] parsePacket(): could not receive data: 9
[ 25149][E][WiFiUdp.cpp:221] parsePacket(): could not receive data: 9
[ 25154][E][WiFiUdp.cpp:221] parsePacket(): could not receive data: 9
[ 25159][E][WiFiUdp.cpp:221] parsePacket(): could not receive data: 9
[ 25164][E][WiFiUdp.cpp:221] parsePacket(): could not receive data: 9
[ 25169][E][WiFiUdp.cpp:221] parsePacket(): could not receive data: 9
[ 25174][E][WiFiUdp.cpp:221] parsePacket(): could not receive data: 9
[ 25179][E][WiFiUdp.cpp:221] parsePacket(): could not receive data: 9
[ 25184][E][WiFiUdp.cpp:221] parsePacket(): could not receive data: 9
[ 25189][E][WiFiUdp.cpp:221] parsePacket(): could not receive data: 9
[ 25194][E][WiFiUdp.cpp:221] parsePacket(): could not receive data: 9
[ 25199][E][WiFiUdp.cpp:221] parsePacket(): could not receive data: 9
[ 25204][E][WiFiUdp.cpp:221] parsePacket(): could not receive data: 9
[ 25209][E][WiFiUdp.cpp:221] parsePacket(): could not receive data: 9
[ 25214][E][WiFiUdp.cpp:221] parsePacket(): could not receive data: 9
[ 25219][E][WiFiUdp.cpp:221] parsePacket(): could not receive data: 9
[ 25224][E][WiFiUdp.cpp:221] parsePacket(): could not receive data: 9
[ 25229][E][WiFiUdp.cpp:221] parsePacket(): could not receive data: 9
[ 25234][E][WiFiUdp.cpp:221] parsePacket(): could not receive data: 9
[ 25239][E][WiFiUdp.cpp:221] parsePacket(): could not receive data: 9
[ 25244][E][WiFiUdp.cpp:221] parsePacket(): could not receive data: 9
[ 25249][E][WiFiUdp.cpp:221] parsePacket(): could not receive data: 9
[ 25254][E][WiFiUdp.cpp:221] parsePacket(): could not receive data: 9
[ 25259][E][WiFiUdp.cpp:221] parsePacket(): could not receive data: 9
[ 25264][E][WiFiUdp.cpp:221] parsePacket(): could not receive data: 9
[ 25269][E][WiFiUdp.cpp:221] parsePacket(): could not receive data: 9
[ 25274][E][WiFiUdp.cpp:221] parsePacket(): could not receive data: 9
[ 25279][E][WiFiUdp.cpp:221] parsePacket(): could not receive data: 9
[ 25284][E][WiFiUdp.cpp:221] parsePacket(): could not receive data: 9
[ 25289][E][WiFiUdp.cpp:221] parsePacket(): could not receive data: 9
[ 25294][E][WiFiUdp.cpp:221] parsePacket(): could not receive data: 9
[ 25299][E][WiFiUdp.cpp:221] parsePacket(): could not receive data: 9
[ 25304][E][WiFiUdp.cpp:221] parsePacket(): could not receive data: 9
[ 25309][E][WiFiUdp.cpp:221] parsePacket(): could not receive data: 9
[ 25314][E][WiFiUdp.cpp:221] parsePacket(): could not receive data: 9
[ 25319][E][WiFiUdp.cpp:221] parsePacket(): could not receive data: 9
[ 25324][E][WiFiUdp.cpp:221] parsePacket(): could not receive data: 9
[ 25329][E][WiFiUdp.cpp:221] parsePacket(): could not receive data: 9
[ 25334][E][WiFiUdp.cpp:221] parsePacket(): could not receive data: 9
[ 25339][E][WiFiUdp.cpp:221] parsePacket(): could not receive data: 9
[ 25344][E][WiFiUdp.cpp:221] parsePacket(): could not receive data: 9
[ 25349][E][WiFiUdp.cpp:221] parsePacket(): could not receive data: 9
[ 25354][E][WiFiUdp.cpp:221] parsePacket(): could not receive data: 9
[ 25359][E][WiFiUdp.cpp:221] parsePacket(): could not receive data: 9
[ 25364][E][WiFiUdp.cpp:221] parsePacket(): could not receive data: 9
[ 25369][E][WiFiUdp.cpp:221] parsePacket(): could not receive data: 9
[ 25374][E][WiFiUdp.cpp:221] parsePacket(): could not receive data: 9
[ 25379][E][WiFiUdp.cpp:221] parsePacket(): could not receive data: 9
[ 25384][E][WiFiUdp.cpp:221] parsePacket(): could not receive data: 9
[ 25389][E][WiFiUdp.cpp:221] parsePacket(): could not receive data: 9
[ 25394][E][WiFiUdp.cpp:221] parsePacket(): could not receive data: 9
[ 25399][E][WiFiUdp.cpp:221] parsePacket(): could not receive data: 9
[ 25404][E][WiFiUdp.cpp:221] parsePacket(): could not receive data: 9
[ 25409][E][WiFiUdp.cpp:221] parsePacket(): could not receive data: 9
[ 25414][E][WiFiUdp.cpp:221] parsePacket(): could not receive data: 9
[ 25419][E][WiFiUdp.cpp:221] parsePacket(): could not receive data: 9
[ 25424][E][WiFiUdp.cpp:221] parsePacket(): could not receive data: 9
[ 25429][E][WiFiUdp.cpp:221] parsePacket(): could not receive data: 9
[ 25434][E][WiFiUdp.cpp:221] parsePacket(): could not receive data: 9
[ 25439][E][WiFiUdp.cpp:221] parsePacket(): could not receive data: 9
[ 25444][E][WiFiUdp.cpp:221] parsePacket(): could not receive data: 9
[ 25449][E][WiFiUdp.cpp:221] parsePacket(): could not receive data: 9
[ 25454][E][WiFiUdp.cpp:221] parsePacket(): could not receive data: 9
[ 25460][E][WiFiUdp.cpp:221] parsePacket(): could not receive data: 9
[ 25466][E][WiFiUdp.cpp:221] parsePacket(): could not receive data: 9
[ 25472][E][WiFiUdp.cpp:221] parsePacket(): could not receive data: 9
[ 25478][E][WiFiUdp.cpp:221] parsePacket(): could not receive data: 9
[ 25484][E][WiFiUdp.cpp:221] parsePacket(): could not receive data: 9
[ 25490][E][WiFiUdp.cpp:221] parsePacket(): could not receive data: 9
[ 25496][E][WiFiUdp.cpp:221] parsePacket(): could not receive data: 9
[ 25502][E][WiFiUdp.cpp:221] parsePacket(): could not receive data: 9
[ 25508][E][WiFiUdp.cpp:221] parsePacket(): could not receive data: 9
[ 25514][E][WiFiUdp.cpp:221] parsePacket(): could not receive data: 9
[ 25519][E][WiFiUdp.cpp:221] parsePacket(): could not receive data: 9
[ 25524][E][WiFiUdp.cpp:221] parsePacket(): could not receive data: 9
[ 25529][E][WiFiUdp.cpp:221] parsePacket(): could not receive data: 9
[ 25534][E][WiFiUdp.cpp:221] parsePacket(): could not receive data: 9
[ 25539][E][WiFiUdp.cpp:221] parsePacket(): could not receive data: 9
[ 25544][E][WiFiUdp.cpp:221] parsePacket(): could not receive data: 9
[ 25549][E][WiFiUdp.cpp:221] parsePacket(): could not receive data: 9
[ 25554][E][WiFiUdp.cpp:221] parsePacket(): could not receive data: 9
[ 25559][E][WiFiUdp.cpp:221] parsePacket(): could not receive data: 9
[ 25564][E][WiFiUdp.cpp:221] parsePacket(): could not receive data: 9
[ 25569][E][WiFiUdp.cpp:221] parsePacket(): could not receive data: 9
[ 25574][E][WiFiUdp.cpp:221] parsePacket(): could not receive data: 9
[ 25579][E][WiFiUdp.cpp:221] parsePacket(): could not receive data: 9
[ 25584][E][WiFiUdp.cpp:221] parsePacket(): could not receive data: 9
[ 25590][E][WiFiUdp.cpp:221] parsePacket(): could not receive data: 9
[ 25596][E][WiFiUdp.cpp:221] parsePacket(): could not receive data: 9
[ 25601][E][WiFiUdp.cpp:221] parsePacket(): could not receive data: 9
[ 25606][E][WiFiUdp.cpp:221] parsePacket(): could not receive data: 9
[ 25611][E][WiFiUdp.cpp:221] parsePacket(): could not receive data: 9
[ 25616][E][WiFiUdp.cpp:221] parsePacket(): could not receive data: 9
[ 25621][E][WiFiUdp.cpp:221] parsePacket(): could not receive data: 9
[ 25626][E][WiFiUdp.cpp:221] parsePacket(): could not receive data: 9
[ 25631][E][WiFiUdp.cpp:221] parsePacket(): could not receive data: 9
[ 25636][E][WiFiUdp.cpp:221] parsePacket(): could not receive data: 9
[ 25641][E][WiFiUdp.cpp:221] parsePacket(): could not receive data: 9
[ 25646][E][WiFiUdp.cpp:221] parsePacket(): could not receive data: 9
[ 25651][E][WiFiUdp.cpp:221] parsePacket(): could not receive data: 9
[ 25656][E][WiFiUdp.cpp:221] parsePacket(): could not receive data: 9
[ 25661][E][WiFiUdp.cpp:221] parsePacket(): could not receive data: 9
[ 25666][E][WiFiUdp.cpp:221] parsePacket(): could not receive data: 9
[ 25671][E][WiFiUdp.cpp:221] parsePacket(): could not receive data: 9
[ 25676][E][WiFiUdp.cpp:221] parsePacket(): could not receive data: 9
[ 25681][E][WiFiUdp.cpp:221] parsePacket(): could not receive data: 9
[ 25686][E][WiFiUdp.cpp:221] parsePacket(): could not receive data: 9
[ 25691][E][WiFiUdp.cpp:221] parsePacket(): could not receive data: 9
[ 25696][E][WiFiUdp.cpp:221] parsePacket(): could not receive data: 9
[ 25701][E][WiFiUdp.cpp:221] parsePacket(): could not receive data: 9
[ 25706][E][WiFiUdp.cpp:221] parsePacket(): could not receive data: 9
[ 25711][E][WiFiUdp.cpp:221] parsePacket(): could not receive data: 9
[ 25716][E][WiFiUdp.cpp:221] parsePacket(): could not receive data: 9
[ 25721][E][WiFiUdp.cpp:221] parsePacket(): could not receive data: 9
[ 25726][E][WiFiUdp.cpp:221] parsePacket(): could not receive data: 9
[ 25731][E][WiFiUdp.cpp:221] parsePacket(): could not receive data: 9
[ 25736][E][WiFiUdp.cpp:221] parsePacket(): could not receive data: 9
[ 25741][E][WiFiUdp.cpp:221] parsePacket(): could not receive data: 9
[ 25746][E][WiFiUdp.cpp:221] parsePacket(): could not receive data: 9
[ 25751][E][WiFiUdp.cpp:221] parsePacket(): could not receive data: 9
[ 25756][E][WiFiUdp.cpp:221] parsePacket(): could not receive data: 9
[ 25761][E][WiFiUdp.cpp:221] parsePacket(): could not receive data: 9
[ 25766][E][WiFiUdp.cpp:221] parsePacket(): could not receive data: 9
[ 25772][E][WiFiUdp.cpp:221] parsePacket(): could not receive data: 9
[ 25777][E][WiFiUdp.cpp:221] parsePacket(): could not receive data: 9
[ 25782][E][WiFiUdp.cpp:221] parsePacket(): could not receive data: 9
[ 25787][E][WiFiUdp.cpp:221] parsePacket(): could not receive data: 9
[ 25792][E][WiFiUdp.cpp:221] parsePacket(): could not receive data: 9
[ 25797][E][WiFiUdp.cpp:221] parsePacket(): could not receive data: 9
[ 25802][E][WiFiUdp.cpp:221] parsePacket(): could not receive data: 9
[ 25807][E][WiFiUdp.cpp:221] parsePacket(): could not receive data: 9
[ 25812][E][WiFiUdp.cpp:221] parsePacket(): could not receive data: 9
[ 25817][E][WiFiUdp.cpp:221] parsePacket(): could not receive data: 9
[ 25822][E][WiFiUdp.cpp:221] parsePacket(): could not receive data: 9
[ 25827][E][WiFiUdp.cpp:221] parsePacket(): could not receive data: 9
[ 25832][E][WiFiUdp.cpp:221] parsePacket(): could not receive data: 9
[ 25837][E][WiFiUdp.cpp:221] parsePacket(): could not receive data: 9
[ 25842][E][WiFiUdp.cpp:221] parsePacket(): could not receive data: 9
[ 25847][E][WiFiUdp.cpp:221] parsePacket(): could not receive data: 9
[ 25852][E][WiFiUdp.cpp:221] parsePacket(): could not receive data: 9
[ 25857][E][WiFiUdp.cpp:221] parsePacket(): could not receive data: 9
[ 25862][E][WiFiUdp.cpp:221] parsePacket(): could not receive data: 9
[ 25867][E][WiFiUdp.cpp:221] parsePacket(): could not receive data: 9
[ 25872][E][WiFiUdp.cpp:221] parsePacket(): could not receive data: 9
[ 25877][E][WiFiUdp.cpp:221] parsePacket(): could not receive data: 9
[ 25882][E][WiFiUdp.cpp:221] parsePacket(): could not receive data: 9
[ 25887][E][WiFiUdp.cpp:221] parsePacket(): could not receive data: 9
[ 25892][E][WiFiUdp.cpp:221] parsePacket(): could not receive data: 9
[ 25897][E][WiFiUdp.cpp:221] parsePacket(): could not receive data: 9
[ 25902][E][WiFiUdp.cpp:221] parsePacket(): could not receive data: 9
[ 25907][E][WiFiUdp.cpp:221] parsePacket(): could not receive data: 9
[ 25912][E][WiFiUdp.cpp:221] parsePacket(): could not receive data: 9
[ 25917][E][WiFiUdp.cpp:221] parsePacket(): could not receive data: 9
[ 25922][E][WiFiUdp.cpp:221] parsePacket(): could not receive data: 9
[ 25927][E][WiFiUdp.cpp:221] parsePacket(): could not receive data: 9
[ 25932][E][WiFiUdp.cpp:221] parsePacket(): could not receive data: 9
[ 25937][E][WiFiUdp.cpp:221] parsePacket(): could not receive data: 9
[ 25943][E][WiFiUdp.cpp:221] parsePacket(): could not receive data: 9
[ 25949][E][WiFiUdp.cpp:221] parsePacket(): could not receive data: 9
[ 25954][E][WiFiUdp.cpp:221] parsePacket(): could not receive data: 9
[ 25959][E][WiFiUdp.cpp:221] parsePacket(): could not receive data: 9
[ 25964][E][WiFiUdp.cpp:221] parsePacket(): could not receive data: 9
[ 25969][E][WiFiUdp.cpp:221] parsePacket(): could not receive data: 9
[ 25974][E][WiFiUdp.cpp:221] parsePacket(): could not receive data: 9
[ 25979][E][WiFiUdp.cpp:221] parsePacket(): could not receive data: 9
[ 25984][E][WiFiUdp.cpp:221] parsePacket(): could not receive data: 9
[ 25989][E][WiFiUdp.cpp:221] parsePacket(): could not receive data: 9
[ 25994][E][WiFiUdp.cpp:221] parsePacket(): could not receive data: 9
[ 25999][E][WiFiUdp.cpp:221] parsePacket(): could not receive data: 9
[ 26004][E][WiFiUdp.cpp:221] parsePacket(): could not receive data: 9
[ 26009][E][WiFiUdp.cpp:221] parsePacket(): could not receive data: 9
[ 26014][E][WiFiUdp.cpp:221] parsePacket(): could not receive data: 9
[ 26019][E][WiFiUdp.cpp:221] parsePacket(): could not receive data: 9
[ 26024][E][WiFiUdp.cpp:221] parsePacket(): could not receive data: 9
[ 26029][E][WiFiUdp.cpp:221] parsePacket(): could not receive data: 9
[ 26034][E][WiFiUdp.cpp:221] parsePacket(): could not receive data: 9
[ 26039][E][WiFiUdp.cpp:221] parsePacket(): could not receive data: 9
[ 26044][E][WiFiUdp.cpp:221] parsePacket(): could not receive data: 9
[ 26049][E][WiFiUdp.cpp:221] parsePacket(): could not receive data: 9
[ 26054][E][WiFiUdp.cpp:221] parsePacket(): could not receive data: 9
[ 26059][E][WiFiUdp.cpp:221] parsePacket(): could not receive data: 9
[ 26064][E][WiFiUdp.cpp:221] parsePacket(): could not receive data: 9
[ 26069][E][WiFiUdp.cpp:221] parsePacket(): could not receive data: 9
[ 26074][E][WiFiUdp.cpp:221] parsePacket(): could not receive data: 9
[ 26079][E][WiFiUdp.cpp:221] parsePacket(): could not receive data: 9
[ 26084][E][WiFiUdp.cpp:221] parsePacket(): could not receive data: 9
[ 26089][E][WiFiUdp.cpp:221] parsePacket(): could not receive data: 9
[ 26094][E][WiFiUdp.cpp:221] parsePacket(): could not receive data: 9
[ 26099][E][WiFiUdp.cpp:221] parsePacket(): could not receive data: 9
[ 26104][E][WiFiUdp.cpp:221] parsePacket(): could not receive data: 9
[ 26109][E][WiFiUdp.cpp:221] parsePacket(): could not receive data: 9
[ 26114][E][WiFiUdp.cpp:221] parsePacket(): could not receive data: 9
[ 26119][E][WiFiUdp.cpp:221] parsePacket(): could not receive data: 9
[ 26124][E][WiFiUdp.cpp:221] parsePacket(): could not receive data: 9
[ 26129][E][WiFiUdp.cpp:221] parsePacket(): could not receive data: 9
[ 26134][E][WiFiUdp.cpp:221] parsePacket(): could not receive data: 9
[ 26139][E][WiFiUdp.cpp:221] parsePacket(): could not receive data: 9
[ 26144][E][WiFiUdp.cpp:221] parsePacket(): could not receive data: 9
[ 26149][E][WiFiUdp.cpp:221] parsePacket(): could not receive data: 9
[ 26154][E][WiFiUdp.cpp:221] parsePacket(): could not receive data: 9
[ 26159][E][WiFiUdp.cpp:221] parsePacket(): could not receive data: 9
[ 26164][E][WiFiUdp.cpp:221] parsePacket(): could not receive data: 9
[ 26169][E][WiFiUdp.cpp:221] parsePacket(): could not receive data: 9
[ 26174][E][WiFiUdp.cpp:221] parsePacket(): could not receive data: 9
[ 26179][E][WiFiUdp.cpp:221] parsePacket(): could not receive data: 9
[ 26184][E][WiFiUdp.cpp:221] parsePacket(): could not receive data: 9
[ 26189][E][WiFiUdp.cpp:221] parsePacket(): could not receive data: 9
[ 26194][E][WiFiUdp.cpp:221] parsePacket(): could not receive data: 9
[ 26199][E][WiFiUdp.cpp:221] parsePacket(): could not receive data: 9
[ 26204][E][WiFiUdp.cpp:221] parsePacket(): could not receive data: 9
[ 26209][E][WiFiUdp.cpp:221] parsePacket(): could not receive data: 9
[ 26214][E][WiFiUdp.cpp:221] parsePacket(): could not receive data: 9
[ 26219][E][WiFiUdp.cpp:221] parsePacket(): could not receive data: 9
[ 26224][E][WiFiUdp.cpp:221] parsePacket(): could not receive data: 9
[ 26229][E][WiFiUdp.cpp:221] parsePacket(): could not receive data: 9
[ 26234][E][WiFiUdp.cpp:221] parsePacket(): could not receive data: 9
[ 26239][E][WiFiUdp.cpp:221] parsePacket(): could not receive data: 9
[ 26244][E][WiFiUdp.cpp:221] parsePacket(): could not receive data: 9
[ 26249][E][WiFiUdp.cpp:221] parsePacket(): could not receive data: 9
[ 26254][E][WiFiUdp.cpp:221] parsePacket(): could not receive data: 9
[ 26259][E][WiFiUdp.cpp:221] parsePacket(): could not receive data: 9
[ 26264][E][WiFiUdp.cpp:221] parsePacket(): could not receive data: 9
[ 26269][E][WiFiUdp.cpp:221] parsePacket(): could not receive data: 9
[ 26274][E][WiFiUdp.cpp:221] parsePacket(): could not receive data: 9
[ 26279][E][WiFiUdp.cpp:221] parsePacket(): could not receive data: 9
[ 26284][E][WiFiUdp.cpp:221] parsePacket(): could not receive data: 9
[ 26289][E][WiFiUdp.cpp:221] parsePacket(): could not receive data: 9
[ 26295][E][WiFiUdp.cpp:221] parsePacket(): could not receive data: 9
[ 26301][E][WiFiUdp.cpp:221] parsePacket(): could not receive data: 9
[ 26307][E][WiFiUdp.cpp:221] parsePacket(): could not receive data: 9
[ 26313][E][WiFiUdp.cpp:221] parsePacket(): could not receive data: 9
[ 26319][E][WiFiUdp.cpp:221] parsePacket(): could not receive data: 9
[ 26325][E][WiFiUdp.cpp:221] parsePacket(): could not receive data: 9
[ 26331][E][WiFiUdp.cpp:221] parsePacket(): could not receive data: 9
[ 26337][E][WiFiUdp.cpp:221] parsePacket(): could not receive data: 9
[ 26342][E][WiFiUdp.cpp:221] parsePacket(): could not receive data: 9
[ 26347][E][WiFiUdp.cpp:221] parsePacket(): could not receive data: 9
[ 26353][E][WiFiUdp.cpp:221] parsePacket(): could not receive data: 9
[ 26359][E][WiFiUdp.cpp:221] parsePacket(): could not receive data: 9
[ 26364][E][WiFiUdp.cpp:221] parsePacket(): could not receive data: 9
[ 26369][E][WiFiUdp.cpp:221] parsePacket(): could not receive data: 9
[ 26374][E][WiFiUdp.cpp:221] parsePacket(): could not receive data: 9
[ 26379][E][WiFiUdp.cpp:221] parsePacket(): could not receive data: 9
[ 26384][E][WiFiUdp.cpp:221] parsePacket(): could not receive data: 9
[ 26389][E][WiFiUdp.cpp:221] parsePacket(): could not receive data: 9
[ 26394][E][WiFiUdp.cpp:221] parsePacket(): could not receive data: 9
[ 26399][E][WiFiUdp.cpp:221] parsePacket(): could not receive data: 9
[ 26404][E][WiFiUdp.cpp:221] parsePacket(): could not receive data: 9
[ 26409][E][WiFiUdp.cpp:221] parsePacket(): could not receive data: 9
[ 26414][E][WiFiUdp.cpp:221] parsePacket(): could not receive data: 9
[ 26419][E][WiFiUdp.cpp:221] parsePacket(): could not receive data: 9
[ 26424][E][WiFiUdp.cpp:221] parsePacket(): could not receive data: 9
[ 26429][E][WiFiUdp.cpp:221] parsePacket(): could not receive data: 9
[ 26434][E][WiFiUdp.cpp:221] parsePacket(): could not receive data: 9
[ 26439][E][WiFiUdp.cpp:221] parsePacket(): could not receive data: 9
[ 26444][E][WiFiUdp.cpp:221] parsePacket(): could not receive data: 9
[ 26449][E][WiFiUdp.cpp:221] parsePacket(): could not receive data: 9
[ 26454][E][WiFiUdp.cpp:221] parsePacket(): could not receive data: 9
[ 26459][E][WiFiUdp.cpp:221] parsePacket(): could not receive data: 9
[ 26464][E][WiFiUdp.cpp:221] parsePacket(): could not receive data: 9
[ 26470][E][WiFiUdp.cpp:221] parsePacket(): could not receive data: 9
[ 26476][E][WiFiUdp.cpp:221] parsePacket(): could not receive data: 9
[ 26482][E][WiFiUdp.cpp:221] parsePacket(): could not receive data: 9
[ 26488][E][WiFiUdp.cpp:221] parsePacket(): could not receive data: 9
[ 26495][E][WiFiUdp.cpp:221] parsePacket(): could not receive data: 9
[ 26502][E][WiFiUdp.cpp:221] parsePacket(): could not receive data: 9
[ 26509][E][WiFiUdp.cpp:221] parsePacket(): could not receive data: 9
[ 26515][E][WiFiUdp.cpp:221] parsePacket(): could not receive data: 9
[ 26521][E][WiFiUdp.cpp:221] parsePacket(): could not receive data: 9
[ 26526][E][WiFiUdp.cpp:221] parsePacket(): could not receive data: 9
[ 26531][E][WiFiUdp.cpp:221] parsePacket(): could not receive data: 9
[ 26536][E][WiFiUdp.cpp:221] parsePacket(): could not receive data: 9
[ 26541][E][WiFiUdp.cpp:221] parsePacket(): could not receive data: 9
[ 26546][E][WiFiUdp.cpp:221] parsePacket(): could not receive data: 9
[ 26551][E][WiFiUdp.cpp:221] parsePacket(): could not receive data: 9
[ 26556][E][WiFiUdp.cpp:221] parsePacket(): could not receive data: 9
[ 26561][E][WiFiUdp.cpp:221] parsePacket(): could not receive data: 9
[ 26566][E][WiFiUdp.cpp:221] parsePacket(): could not receive data: 9
[ 26571][E][WiFiUdp.cpp:221] parsePacket(): could not receive data: 9
[ 26576][E][WiFiUdp.cpp:221] parsePacket(): could not receive data: 9
[ 26581][E][WiFiUdp.cpp:221] parsePacket(): could not receive data: 9
[ 26586][E][WiFiUdp.cpp:221] parsePacket(): could not receive data: 9
[ 26591][E][WiFiUdp.cpp:221] parsePacket(): could not receive data: 9
[ 26596][E][WiFiUdp.cpp:221] parsePacket(): could not receive data: 9
[ 26601][E][WiFiUdp.cpp:221] parsePacket(): could not receive data: 9
[ 26606][E][WiFiUdp.cpp:221] parsePacket(): could not receive data: 9
[ 26611][E][WiFiUdp.cpp:221] parsePacket(): could not receive data: 9
[ 26616][E][WiFiUdp.cpp:221] parsePacket(): could not receive data: 9
[ 26621][E][WiFiUdp.cpp:221] parsePacket(): could not receive data: 9
[ 26626][E][WiFiUdp.cpp:221] parsePacket(): could not receive data: 9
[ 26631][E][WiFiUdp.cpp:221] parsePacket(): could not receive data: 9
[ 26637][E][WiFiUdp.cpp:221] parsePacket(): could not receive data: 9
[ 26643][E][WiFiUdp.cpp:221] parsePacket(): could not receive data: 9
[ 26650][E][WiFiUdp.cpp:221] parsePacket(): could not receive data: 9
[ 26657][E][WiFiUdp.cpp:221] parsePacket(): could not receive data: 9
[ 26663][E][WiFiUdp.cpp:221] parsePacket(): could not receive data: 9
[ 26668][E][WiFiUdp.cpp:221] parsePacket(): could not receive data: 9
[ 26674][E][WiFiUdp.cpp:221] parsePacket(): could not receive data: 9
[ 26679][E][WiFiUdp.cpp:221] parsePacket(): could not receive data: 9
[ 26685][E][WiFiUdp.cpp:221] parsePacket(): could not receive data: 9
[ 26691][E][WiFiUdp.cpp:221] parsePacket(): could not receive data: 9
[ 26696][E][WiFiUdp.cpp:221] parsePacket(): could not receive data: 9
[ 26701][E][WiFiUdp.cpp:221] parsePacket(): could not receive data: 9
[ 26706][E][WiFiUdp.cpp:221] parsePacket(): could not receive data: 9
[ 26711][E][WiFiUdp.cpp:221] parsePacket(): could not receive data: 9
[ 26716][E][WiFiUdp.cpp:221] parsePacket(): could not receive data: 9
[ 26722][E][WiFiUdp.cpp:221] parsePacket(): could not receive data: 9
[ 26728][E][WiFiUdp.cpp:221] parsePacket(): could not receive data: 9
[ 26733][E][WiFiUdp.cpp:221] parsePacket(): could not receive data: 9
[ 26739][E][WiFiUdp.cpp:221] parsePacket(): could not receive data: 9
[ 26745][E][WiFiUdp.cpp:221] parsePacket(): could not receive data: 9
[ 26751][E][WiFiUdp.cpp:221] parsePacket(): could not receive data: 9
[ 26757][E][WiFiUdp.cpp:221] parsePacket(): could not receive data: 9
[ 26763][E][WiFiUdp.cpp:221] parsePacket(): could not receive data: 9
[ 26769][E][WiFiUdp.cpp:221] parsePacket(): could not receive data: 9
[ 26775][E][WiFiUdp.cpp:221] parsePacket(): could not receive data: 9
[ 26781][E][WiFiUdp.cpp:221] parsePacket(): could not receive data: 9
[ 26787][E][WiFiUdp.cpp:221] parsePacket(): could not receive data: 9
[ 26792][E][WiFiUdp.cpp:221] parsePacket(): could not receive data: 9
[ 26798][E][WiFiUdp.cpp:221] parsePacket(): could not receive data: 9
[ 26803][E][WiFiUdp.cpp:221] parsePacket(): could not receive data: 9
[ 26808][E][WiFiUdp.cpp:221] parsePacket(): could not receive data: 9
[ 26813][E][WiFiUdp.cpp:221] parsePacket(): could not receive data: 9
[ 26818][E][WiFiUdp.cpp:221] parsePacket(): could not receive data: 9
[ 26823][E][WiFiUdp.cpp:221] parsePacket(): could not receive data: 9
[ 26828][E][WiFiUdp.cpp:221] parsePacket(): could not receive data: 9
[ 26833][E][WiFiUdp.cpp:221] parsePacket(): could not receive data: 9
[ 26838][E][WiFiUdp.cpp:221] parsePacket(): could not receive data: 9
[ 26843][E][WiFiUdp.cpp:221] parsePacket(): could not receive data: 9
[ 26849][E][WiFiUdp.cpp:221] parsePacket(): could not receive data: 9
[ 26855][E][WiFiUdp.cpp:221] parsePacket(): could not receive data: 9
[ 26860][E][WiFiUdp.cpp:221] parsePacket(): could not receive data: 9
[ 26866][E][WiFiUdp.cpp:221] parsePacket(): could not receive data: 9
[ 26871][E][WiFiUdp.cpp:221] parsePacket(): could not receive data: 9
[ 26876][E][WiFiUdp.cpp:221] parsePacket(): could not receive data: 9
[ 26881][E][WiFiUdp.cpp:221] parsePacket(): could not receive data: 9
[ 26886][E][WiFiUdp.cpp:221] parsePacket(): could not receive data: 9
[ 26891][E][WiFiUdp.cpp:221] parsePacket(): could not receive data: 9
[ 26896][E][WiFiUdp.cpp:221] parsePacket(): could not receive data: 9
[ 26901][E][WiFiUdp.cpp:221] parsePacket(): could not receive data: 9
[ 26906][E][WiFiUdp.cpp:221] parsePacket(): could not receive data: 9
[ 26911][E][WiFiUdp.cpp:221] parsePacket(): could not receive data: 9
[ 26916][E][WiFiUdp.cpp:221] parsePacket(): could not receive data: 9
[ 26921][E][WiFiUdp.cpp:221] parsePacket(): could not receive data: 9
[ 26926][E][WiFiUdp.cpp:221] parsePacket(): could not receive data: 9
[ 26931][E][WiFiUdp.cpp:221] parsePacket(): could not receive data: 9
[ 26936][E][WiFiUdp.cpp:221] parsePacket(): could not receive data: 9
[ 26942][E][WiFiUdp.cpp:221] parsePacket(): could not receive data: 9
[ 26947][E][WiFiUdp.cpp:221] parsePacket(): could not receive data: 9
[ 26952][E][WiFiUdp.cpp:221] parsePacket(): could not receive data: 9
[ 26958][E][WiFiUdp.cpp:221] parsePacket(): could not receive data: 9
[ 26964][E][WiFiUdp.cpp:221] parsePacket(): could not receive data: 9
[ 26970][E][WiFiUdp.cpp:221] parsePacket(): could not receive data: 9
[ 26976][E][WiFiUdp.cpp:221] parsePacket(): could not receive data: 9
[ 26981][E][WiFiUdp.cpp:221] parsePacket(): could not receive data: 9
[ 26986][E][WiFiUdp.cpp:221] parsePacket(): could not receive data: 9
[ 26991][E][WiFiUdp.cpp:221] parsePacket(): could not receive data: 9
[ 26998][E][WiFiUdp.cpp:221] parsePacket(): could not receive data: 9
[ 27003][E][WiFiUdp.cpp:221] parsePacket(): could not receive data: 9
[ 27009][E][WiFiUdp.cpp:221] parsePacket(): could not receive data: 9
[ 27014][E][WiFiUdp.cpp:221] parsePacket(): could not receive data: 9
[ 27020][E][WiFiUdp.cpp:221] parsePacket(): could not receive data: 9
[ 27026][E][WiFiUdp.cpp:221] parsePacket(): could not receive data: 9
[ 27033][E][WiFiUdp.cpp:221] parsePacket(): could not receive data: 9
[ 27039][E][WiFiUdp.cpp:221] parsePacket(): could not receive data: 9
[ 27044][E][WiFiUdp.cpp:221] parsePacket(): could not receive data: 9
[ 27049][E][WiFiUdp.cpp:221] parsePacket(): could not receive data: 9
[ 27054][E][WiFiUdp.cpp:221] parsePacket(): could not receive data: 9
[ 27059][E][WiFiUdp.cpp:221] parsePacket(): could not receive data: 9
[ 27064][E][WiFiUdp.cpp:221] parsePacket(): could not receive data: 9
[ 27069][E][WiFiUdp.cpp:221] parsePacket(): could not receive data: 9
[ 27074][E][WiFiUdp.cpp:221] parsePacket(): could not receive data: 9
[ 27079][E][WiFiUdp.cpp:221] parsePacket(): could not receive data: 9
[ 27084][E][WiFiUdp.cpp:221] parsePacket(): could not receive data: 9
[ 27089][E][WiFiUdp.cpp:221] parsePacket(): could not receive data: 9
[ 27094][E][WiFiUdp.cpp:221] parsePacket(): could not receive data: 9
[ 27100][E][WiFiUdp.cpp:221] parsePacket(): could not receive data: 9
[ 27106][E][WiFiUdp.cpp:221] parsePacket(): could not receive data: 9
[ 27112][E][WiFiUdp.cpp:221] parsePacket(): could not receive data: 9
[ 27118][E][WiFiUdp.cpp:221] parsePacket(): could not receive data: 9
[ 27124][E][WiFiUdp.cpp:221] parsePacket(): could not receive data: 9
[ 27130][E][WiFiUdp.cpp:221] parsePacket(): could not receive data: 9
[ 27136][E][WiFiUdp.cpp:221] parsePacket(): could not receive data: 9
[ 27142][E][WiFiUdp.cpp:221] parsePacket(): could not receive data: 9
[ 27148][E][WiFiUdp.cpp:221] parsePacket(): could not receive data: 9
[ 27154][E][WiFiUdp.cpp:221] parsePacket(): could not receive data: 9
[ 27160][E][WiFiUdp.cpp:221] parsePacket(): could not receive data: 9
[ 27166][E][WiFiUdp.cpp:221] parsePacket(): could not receive data: 9
[ 27173][E][WiFiUdp.cpp:221] parsePacket(): could not receive data: 9
[ 27179][E][WiFiUdp.cpp:221] parsePacket(): could not receive data: 9
[ 27185][E][WiFiUdp.cpp:221] parsePacket(): could not receive data: 9
[ 27191][E][WiFiUdp.cpp:221] parsePacket(): could not receive data: 9
[ 27197][E][WiFiUdp.cpp:221] parsePacket(): could not receive data: 9
[ 27203][E][WiFiUdp.cpp:221] parsePacket(): could not receive data: 9
[ 27209][E][WiFiUdp.cpp:221] parsePacket(): could not receive data: 9
[ 27215][E][WiFiUdp.cpp:221] parsePacket(): could not receive data: 9
[ 27221][E][WiFiUdp.cpp:221] parsePacket(): could not receive data: 9
[ 27227][E][WiFiUdp.cpp:221] parsePacket(): could not receive data: 9
[ 27234][E][WiFiUdp.cpp:221] parsePacket(): could not receive data: 9
[ 27241][E][WiFiUdp.cpp:221] parsePacket(): could not receive data: 9
[ 27248][E][WiFiUdp.cpp:221] parsePacket(): could not receive data: 9
[ 27256][E][WiFiUdp.cpp:221] parsePacket(): could not receive data: 9
[ 27263][E][WiFiUdp.cpp:221] parsePacket(): could not receive data: 9
[ 27269][E][WiFiUdp.cpp:221] parsePacket(): could not receive data: 9
[ 27275][E][WiFiUdp.cpp:221] parsePacket(): could not receive data: 9
[ 27281][E][WiFiUdp.cpp:221] parsePacket(): could not receive data: 9
[ 27287][E][WiFiUdp.cpp:221] parsePacket(): could not receive data: 9
[ 27293][E][WiFiUdp.cpp:221] parsePacket(): could not receive data: 9
[ 27300][E][WiFiUdp.cpp:221] parsePacket(): could not receive data: 9
[ 27306][E][WiFiUdp.cpp:221] parsePacket(): could not receive data: 9
[ 27312][E][WiFiUdp.cpp:221] parsePacket(): could not receive data: 9
[ 27317][E][WiFiUdp.cpp:221] parsePacket(): could not receive data: 9
[ 27322][E][WiFiUdp.cpp:221] parsePacket(): could not receive data: 9
[ 27328][E][WiFiUdp.cpp:221] parsePacket(): could not receive data: 9
[ 27335][E][WiFiUdp.cpp:221] parsePacket(): could not receive data: 9
[ 27341][E][WiFiUdp.cpp:221] parsePacket(): could not receive data: 9
[ 27347][E][WiFiUdp.cpp:221] parsePacket(): could not receive data: 9
[ 27353][E][WiFiUdp.cpp:221] parsePacket(): could not receive data: 9
[ 27359][E][WiFiUdp.cpp:221] parsePacket(): could not receive data: 9
[ 27365][E][WiFiUdp.cpp:221] parsePacket(): could not receive data: 9
[ 27371][E][WiFiUdp.cpp:221] parsePacket(): could not receive data: 9
[ 27377][E][WiFiUdp.cpp:221] parsePacket(): could not receive data: 9
[ 27383][E][WiFiUdp.cpp:221] parsePacket(): could not receive data: 9
[ 27389][E][WiFiUdp.cpp:221] parsePacket(): could not receive data: 9
[ 27395][E][WiFiUdp.cpp:221] parsePacket(): could not receive data: 9
[ 27401][E][WiFiUdp.cpp:221] parsePacket(): could not receive data: 9
[ 27407][E][WiFiUdp.cpp:221] parsePacket(): could not receive data: 9
[ 27414][E][WiFiUdp.cpp:221] parsePacket(): could not receive data: 9
[ 27422][E][WiFiUdp.cpp:221] parsePacket(): could not receive data: 9
[ 27429][E][WiFiUdp.cpp:221] parsePacket(): could not receive data: 9
[ 27435][E][WiFiUdp.cpp:221] parsePacket(): could not receive data: 9
[ 27441][E][WiFiUdp.cpp:221] parsePacket(): could not receive data: 9
[ 27447][E][WiFiUdp.cpp:221] parsePacket(): could not receive data: 9
[ 27454][E][WiFiUdp.cpp:221] parsePacket(): could not receive data: 9
[ 27461][E][WiFiUdp.cpp:221] parsePacket(): could not receive data: 9
[ 27467][E][WiFiUdp.cpp:221] parsePacket(): could not receive data: 9
[ 27473][E][WiFiUdp.cpp:221] parsePacket(): could not receive data: 9
[ 27479][E][WiFiUdp.cpp:221] parsePacket(): could not receive data: 9
[ 27485][E][WiFiUdp.cpp:221] parsePacket(): could not receive data: 9
[ 27492][E][WiFiUdp.cpp:221] parsePacket(): could not receive data: 9
[ 27499][E][WiFiUdp.cpp:221] parsePacket(): could not receive data: 9
[ 27506][E][WiFiUdp.cpp:221] parsePacket(): could not receive data: 9
[ 27512][E][WiFiUdp.cpp:221] parsePacket(): could not receive data: 9
[ 27518][E][WiFiUdp.cpp:221] parsePacket(): could not receive data: 9
[ 27524][E][WiFiUdp.cpp:221] parsePacket(): could not receive data: 9
[ 27530][E][WiFiUdp.cpp:221] parsePacket(): could not receive data: 9
[ 27537][E][WiFiUdp.cpp:221] parsePacket(): could not receive data: 9
[ 27542][E][WiFiUdp.cpp:221] parsePacket(): could not receive data: 9
[ 27549][E][WiFiUdp.cpp:221] parsePacket(): could not receive data: 9
[ 27555][E][WiFiUdp.cpp:221] parsePacket(): could not receive data: 9
[ 27561][E][WiFiUdp.cpp:221] parsePacket(): could not receive data: 9
[ 27567][E][WiFiUdp.cpp:221] parsePacket(): could not receive data: 9
[ 27573][E][WiFiUdp.cpp:221] parsePacket(): could not receive data: 9
[ 27578][E][WiFiUdp.cpp:221] parsePacket(): could not receive data: 9
[ 27583][E][WiFiUdp.cpp:221] parsePacket(): could not receive data: 9
[ 27588][E][WiFiUdp.cpp:221] parsePacket(): could not receive data: 9
[ 27593][E][WiFiUdp.cpp:221] parsePacket(): could not receive data: 9
[ 27598][E][WiFiUdp.cpp:221] parsePacket(): could not receive data: 9
[ 27603][E][WiFiUdp.cpp:221] parsePacket(): could not receive data: 9
[ 27608][E][WiFiUdp.cpp:221] parsePacket(): could not receive data: 9
[ 27613][E][WiFiUdp.cpp:221] parsePacket(): could not receive data: 9
[ 27618][E][WiFiUdp.cpp:221] parsePacket(): could not receive data: 9
[ 27623][E][WiFiUdp.cpp:221] parsePacket(): could not receive data: 9
[ 27629][E][WiFiUdp.cpp:221] parsePacket(): could not receive data: 9
[ 27634][E][WiFiUdp.cpp:221] parsePacket(): could not receive data: 9
[ 27639][E][WiFiUdp.cpp:221] parsePacket(): could not receive data: 9
[ 27644][E][WiFiUdp.cpp:221] parsePacket(): could not receive data: 9
[ 27649][E][WiFiUdp.cpp:221] parsePacket(): could not receive data: 9
[ 27654][E][WiFiUdp.cpp:221] parsePacket(): could not receive data: 9
[ 27659][E][WiFiUdp.cpp:221] parsePacket(): could not receive data: 9
[ 27664][E][WiFiUdp.cpp:221] parsePacket(): could not receive data: 9
[ 27669][E][WiFiUdp.cpp:221] parsePacket(): could not receive data: 9
[ 27674][E][WiFiUdp.cpp:221] parsePacket(): could not receive data: 9
[ 27679][E][WiFiUdp.cpp:221] parsePacket(): could not receive data: 9
[ 27684][E][WiFiUdp.cpp:221] parsePacket(): could not receive data: 9
[ 27689][E][WiFiUdp.cpp:221] parsePacket(): could not receive data: 9
[ 27694][E][WiFiUdp.cpp:221] parsePacket(): could not receive data: 9
[ 27699][E][WiFiUdp.cpp:221] parsePacket(): could not receive data: 9
[ 27704][E][WiFiUdp.cpp:221] parsePacket(): could not receive data: 9
[ 27709][E][WiFiUdp.cpp:221] parsePacket(): could not receive data: 9
[ 27714][E][WiFiUdp.cpp:221] parsePacket(): could not receive data: 9
[ 27719][E][WiFiUdp.cpp:221] parsePacket(): could not receive data: 9
[ 27724][E][WiFiUdp.cpp:221] parsePacket(): could not receive data: 9
[ 27729][E][WiFiUdp.cpp:221] parsePacket(): could not receive data: 9
[ 27734][E][WiFiUdp.cpp:221] parsePacket(): could not receive data: 9
[ 27739][E][WiFiUdp.cpp:221] parsePacket(): could not receive data: 9
[ 27744][E][WiFiUdp.cpp:221] parsePacket(): could not receive data: 9
[ 27749][E][WiFiUdp.cpp:221] parsePacket(): could not receive data: 9
[ 27754][E][WiFiUdp.cpp:221] parsePacket(): could not receive data: 9
[ 27759][E][WiFiUdp.cpp:221] parsePacket(): could not receive data: 9
[ 27764][E][WiFiUdp.cpp:221] parsePacket(): could not receive data: 9
[ 27769][E][WiFiUdp.cpp:221] parsePacket(): could not receive data: 9
[ 27774][E][WiFiUdp.cpp:221] parsePacket(): could not receive data: 9
[ 27779][E][WiFiUdp.cpp:221] parsePacket(): could not receive data: 9
[ 27784][E][WiFiUdp.cpp:221] parsePacket(): could not receive data: 9
[ 27789][E][WiFiUdp.cpp:221] parsePacket(): could not receive data: 9
[ 27794][E][WiFiUdp.cpp:221] parsePacket(): could not receive data: 9
[ 27799][E][WiFiUdp.cpp:221] parsePacket(): could not receive data: 9
[ 27804][E][WiFiUdp.cpp:221] parsePacket(): could not receive data: 9
[ 27809][E][WiFiUdp.cpp:221] parsePacket(): could not receive data: 9
[ 27814][E][WiFiUdp.cpp:221] parsePacket(): could not receive data: 9
[ 27819][E][WiFiUdp.cpp:221] parsePacket(): could not receive data: 9
[ 27824][E][WiFiUdp.cpp:221] parsePacket(): could not receive data: 9
[ 27829][E][WiFiUdp.cpp:221] parsePacket(): could not receive data: 9
[ 27834][E][WiFiUdp.cpp:221] parsePacket(): could not receive data: 9
[ 27839][E][WiFiUdp.cpp:221] parsePacket(): could not receive data: 9
[ 27844][E][WiFiUdp.cpp:221] parsePacket(): could not receive data: 9
[ 27849][E][WiFiUdp.cpp:221] parsePacket(): could not receive data: 9
[ 27855][E][WiFiUdp.cpp:221] parsePacket(): could not receive data: 9
[ 27860][E][WiFiUdp.cpp:221] parsePacket(): could not receive data: 9
[ 27865][E][WiFiUdp.cpp:221] parsePacket(): could not receive data: 9
[ 27870][E][WiFiUdp.cpp:221] parsePacket(): could not receive data: 9
[ 27875][E][WiFiUdp.cpp:221] parsePacket(): could not receive data: 9
[ 27880][E][WiFiUdp.cpp:221] parsePacket(): could not receive data: 9
[ 27885][E][WiFiUdp.cpp:221] parsePacket(): could not receive data: 9
[ 27890][E][WiFiUdp.cpp:221] parsePacket(): could not receive data: 9
[ 27895][E][WiFiUdp.cpp:221] parsePacket(): could not receive data: 9
[ 27900][E][WiFiUdp.cpp:221] parsePacket(): could not receive data: 9
[ 27905][E][WiFiUdp.cpp:221] parsePacket(): could not receive data: 9
[ 27910][E][WiFiUdp.cpp:221] parsePacket(): could not receive data: 9
[ 27915][E][WiFiUdp.cpp:221] parsePacket(): could not receive data: 9
[ 27920][E][WiFiUdp.cpp:221] parsePacket(): could not receive data: 9
[ 27925][E][WiFiUdp.cpp:221] parsePacket(): could not receive data: 9
[ 27930][E][WiFiUdp.cpp:221] parsePacket(): could not receive data: 9
[ 27935][E][WiFiUdp.cpp:221] parsePacket(): could not receive data: 9
[ 27940][E][WiFiUdp.cpp:221] parsePacket(): could not receive data: 9
[ 27945][E][WiFiUdp.cpp:221] parsePacket(): could not receive data: 9
[ 27950][E][WiFiUdp.cpp:221] parsePacket(): could not receive data: 9
[ 27955][E][WiFiUdp.cpp:221] parsePacket(): could not receive data: 9
[ 27960][E][WiFiUdp.cpp:221] parsePacket(): could not receive data: 9
[ 27965][E][WiFiUdp.cpp:221] parsePacket(): could not receive data: 9
[ 27970][E][WiFiUdp.cpp:221] parsePacket(): could not receive data: 9
[ 27975][E][WiFiUdp.cpp:221] parsePacket(): could not receive data: 9
[ 27980][E][WiFiUdp.cpp:221] parsePacket(): could not receive data: 9
[ 27985][E][WiFiUdp.cpp:221] parsePacket(): could not receive data: 9
[ 27990][E][WiFiUdp.cpp:221] parsePacket(): could not receive data: 9
[ 27995][E][WiFiUdp.cpp:221] parsePacket(): could not receive data: 9
[ 28000][E][WiFiUdp.cpp:221] parsePacket(): could not receive data: 9
[ 28005][E][WiFiUdp.cpp:221] parsePacket(): could not receive data: 9
[ 28010][E][WiFiUdp.cpp:221] parsePacket(): could not receive data: 9
[ 28016][E][WiFiUdp.cpp:221] parsePacket(): could not receive data: 9
[ 28021][E][WiFiUdp.cpp:221] parsePacket(): could not receive data: 9
[ 28026][E][WiFiUdp.cpp:221] parsePacket(): could not receive data: 9
[ 28031][E][WiFiUdp.cpp:221] parsePacket(): could not receive data: 9
[ 28036][E][WiFiUdp.cpp:221] parsePacket(): could not receive data: 9
[ 28041][E][WiFiUdp.cpp:221] parsePacket(): could not receive data: 9
[ 28046][E][WiFiUdp.cpp:221] parsePacket(): could not receive data: 9
[ 28051][E][WiFiUdp.cpp:221] parsePacket(): could not receive data: 9
[ 28056][E][WiFiUdp.cpp:221] parsePacket(): could not receive data: 9
[ 28061][E][WiFiUdp.cpp:221] parsePacket(): could not receive data: 9
[ 28066][E][WiFiUdp.cpp:221] parsePacket(): could not receive data: 9
[ 28071][E][WiFiUdp.cpp:221] parsePacket(): could not receive data: 9
[ 28076][E][WiFiUdp.cpp:221] parsePacket(): could not receive data: 9
[ 28081][E][WiFiUdp.cpp:221] parsePacket(): could not receive data: 9
[ 28086][E][WiFiUdp.cpp:221] parsePacket(): could not receive data: 9
[ 28091][E][WiFiUdp.cpp:221] parsePacket(): could not receive data: 9
[ 28096][E][WiFiUdp.cpp:221] parsePacket(): could not receive data: 9
[ 28101][E][WiFiUdp.cpp:221] parsePacket(): could not receive data: 9
[ 28106][E][WiFiUdp.cpp:221] parsePacket(): could not receive data: 9
[ 28111][E][WiFiUdp.cpp:221] parsePacket(): could not receive data: 9
[ 28116][E][WiFiUdp.cpp:221] parsePacket(): could not receive data: 9
[ 28121][E][WiFiUdp.cpp:221] parsePacket(): could not receive data: 9
[ 28126][E][WiFiUdp.cpp:221] parsePacket(): could not receive data: 9
[ 28131][E][WiFiUdp.cpp:221] parsePacket(): could not receive data: 9
[ 28136][E][WiFiUdp.cpp:221] parsePacket(): could not receive data: 9
[ 28141][E][WiFiUdp.cpp:221] parsePacket(): could not receive data: 9
[ 28146][E][WiFiUdp.cpp:221] parsePacket(): could not receive data: 9
[ 28151][E][WiFiUdp.cpp:221] parsePacket(): could not receive data: 9
[ 28156][E][WiFiUdp.cpp:221] parsePacket(): could not receive data: 9
[ 28161][E][WiFiUdp.cpp:221] parsePacket(): could not receive data: 9
[ 28166][E][WiFiUdp.cpp:221] parsePacket(): could not receive data: 9
[ 28171][E][WiFiUdp.cpp:221] parsePacket(): could not receive data: 9
[ 28176][E][WiFiUdp.cpp:221] parsePacket(): could not receive data: 9
[ 28181][E][WiFiUdp.cpp:221] parsePacket(): could not receive data: 9
[ 28186][E][WiFiUdp.cpp:221] parsePacket(): could not receive data: 9
[ 28191][E][WiFiUdp.cpp:221] parsePacket(): could not receive data: 9
[ 28196][E][WiFiUdp.cpp:221] parsePacket(): could not receive data: 9
[ 28201][E][WiFiUdp.cpp:221] parsePacket(): could not receive data: 9
[ 28206][E][WiFiUdp.cpp:221] parsePacket(): could not receive data: 9
[ 28211][E][WiFiUdp.cpp:221] parsePacket(): could not receive data: 9
[ 28216][E][WiFiUdp.cpp:221] parsePacket(): could not receive data: 9
[ 28221][E][WiFiUdp.cpp:221] parsePacket(): could not receive data: 9
[ 28226][E][WiFiUdp.cpp:221] parsePacket(): could not receive data: 9
[ 28231][E][WiFiUdp.cpp:221] parsePacket(): could not receive data: 9
[ 28236][E][WiFiUdp.cpp:221] parsePacket(): could not receive data: 9
[ 28241][E][WiFiUdp.cpp:221] parsePacket(): could not receive data: 9
[ 28246][E][WiFiUdp.cpp:221] parsePacket(): could not receive data: 9
[ 28251][E][WiFiUdp.cpp:221] parsePacket(): could not receive data: 9
[ 28256][E][WiFiUdp.cpp:221] parsePacket(): could not receive data: 9
[ 28261][E][WiFiUdp.cpp:221] parsePacket(): could not receive data: 9
[ 28266][E][WiFiUdp.cpp:221] parsePacket(): could not receive data: 9
[ 28271][E][WiFiUdp.cpp:221] parsePacket(): could not receive data: 9
[ 28276][E][WiFiUdp.cpp:221] parsePacket(): could not receive data: 9
[ 28281][E][WiFiUdp.cpp:221] parsePacket(): could not receive data: 9
[ 28286][E][WiFiUdp.cpp:221] parsePacket(): could not receive data: 9
[ 28291][E][WiFiUdp.cpp:221] parsePacket(): could not receive data: 9
[ 28296][E][WiFiUdp.cpp:221] parsePacket(): could not receive data: 9
[ 28301][E][WiFiUdp.cpp:221] parsePacket(): could not receive data: 9
[ 28306][E][WiFiUdp.cpp:221] parsePacket(): could not receive data: 9
[ 28311][E][WiFiUdp.cpp:221] parsePacket(): could not receive data: 9
[ 28316][E][WiFiUdp.cpp:221] parsePacket(): could not receive data: 9
[ 28321][E][WiFiUdp.cpp:221] parsePacket(): could not receive data: 9
[ 28326][E][WiFiUdp.cpp:221] parsePacket(): could not receive data: 9
[ 28331][E][WiFiUdp.cpp:221] parsePacket(): could not receive data: 9
[ 28336][E][WiFiUdp.cpp:221] parsePacket(): could not receive data: 9
[ 28341][E][WiFiUdp.cpp:221] parsePacket(): could not receive data: 9
[ 28346][E][WiFiUdp.cpp:221] parsePacket(): could not receive data: 9
[ 28351][E][WiFiUdp.cpp:221] parsePacket(): could not receive data: 9
[ 28356][E][WiFiUdp.cpp:221] parsePacket(): could not receive data: 9
[ 28361][E][WiFiUdp.cpp:221] parsePacket(): could not receive data: 9
[ 28366][E][WiFiUdp.cpp:221] parsePacket(): could not receive data: 9
[ 28371][E][WiFiUdp.cpp:221] parsePacket(): could not receive data: 9
[ 28376][E][WiFiUdp.cpp:221] parsePacket(): could not receive data: 9
[ 28381][E][WiFiUdp.cpp:221] parsePacket(): could not receive data: 9
[ 28386][E][WiFiUdp.cpp:221] parsePacket(): could not receive data: 9
[ 28391][E][WiFiUdp.cpp:221] parsePacket(): could not receive data: 9
[ 28396][E][WiFiUdp.cpp:221] parsePacket(): could not receive data: 9
[ 28401][E][WiFiUdp.cpp:221] parsePacket(): could not receive data: 9
[ 28406][E][WiFiUdp.cpp:221] parsePacket(): could not receive data: 9
[ 28411][E][WiFiUdp.cpp:221] parsePacket(): could not receive data: 9
[ 28416][E][WiFiUdp.cpp:221] parsePacket(): could not receive data: 9
[ 28421][E][WiFiUdp.cpp:221] parsePacket(): could not receive data: 9
[ 28426][E][WiFiUdp.cpp:221] parsePacket(): could not receive data: 9
[ 28431][E][WiFiUdp.cpp:221] parsePacket(): could not receive data: 9
[ 28436][E][WiFiUdp.cpp:221] parsePacket(): could not receive data: 9
[ 28441][E][WiFiUdp.cpp:221] parsePacket(): could not receive data: 9
[ 28446][E][WiFiUdp.cpp:221] parsePacket(): could not receive data: 9
[ 28451][E][WiFiUdp.cpp:221] parsePacket(): could not receive data: 9
[ 28456][E][WiFiUdp.cpp:221] parsePacket(): could not receive data: 9
[ 28461][E][WiFiUdp.cpp:221] parsePacket(): could not receive data: 9
[ 28466][E][WiFiUdp.cpp:221] parsePacket(): could not receive data: 9
[ 28471][E][WiFiUdp.cpp:221] parsePacket(): could not receive data: 9
[ 28476][E][WiFiUdp.cpp:221] parsePacket(): could not receive data: 9
[ 28481][E][WiFiUdp.cpp:221] parsePacket(): could not receive data: 9
[ 28486][E][WiFiUdp.cpp:221] parsePacket(): could not receive data: 9
[ 28491][E][WiFiUdp.cpp:221] parsePacket(): could not receive data: 9
[ 28496][E][WiFiUdp.cpp:221] parsePacket(): could not receive data: 9
[ 28501][E][WiFiUdp.cpp:221] parsePacket(): could not receive data: 9
[ 28506][E][WiFiUdp.cpp:221] parsePacket(): could not receive data: 9
[ 28511][E][WiFiUdp.cpp:221] parsePacket(): could not receive data: 9
[ 28516][E][WiFiUdp.cpp:221] parsePacket(): could not receive data: 9
[ 28521][E][WiFiUdp.cpp:221] parsePacket(): could not receive data: 9
[ 28526][E][WiFiUdp.cpp:221] parsePacket(): could not receive data: 9
[ 28531][E][WiFiUdp.cpp:221] parsePacket(): could not receive data: 9
[ 28536][E][WiFiUdp.cpp:221] parsePacket(): could not receive data: 9
[ 28541][E][WiFiUdp.cpp:221] parsePacket(): could not receive data: 9
[ 28546][E][WiFiUdp.cpp:221] parsePacket(): could not receive data: 9
[ 28551][E][WiFiUdp.cpp:221] parsePacket(): could not receive data: 9
[ 28556][E][WiFiUdp.cpp:221] parsePacket(): could not receive data: 9
[ 28561][E][WiFiUdp.cpp:221] parsePacket(): could not receive data: 9
[ 28566][E][WiFiUdp.cpp:221] parsePacket(): could not receive data: 9
[ 28571][E][WiFiUdp.cpp:221] parsePacket(): could not receive data: 9
[ 28576][E][WiFiUdp.cpp:221] parsePacket(): could not receive data: 9
[ 28581][E][WiFiUdp.cpp:221] parsePacket(): could not receive data: 9
[ 28586][E][WiFiUdp.cpp:221] parsePacket(): could not receive data: 9
[ 28591][E][WiFiUdp.cpp:221] parsePacket(): could not receive data: 9
[ 28596][E][WiFiUdp.cpp:221] parsePacket(): could not receive data: 9
[ 28601][E][WiFiUdp.cpp:221] parsePacket(): could not receive data: 9
[ 28606][E][WiFiUdp.cpp:221] parsePacket(): could not receive data: 9
[ 28611][E][WiFiUdp.cpp:221] parsePacket(): could not receive data: 9
[ 28616][E][WiFiUdp.cpp:221] parsePacket(): could not receive data: 9
[ 28621][E][WiFiUdp.cpp:221] parsePacket(): could not receive data: 9
[ 28626][E][WiFiUdp.cpp:221] parsePacket(): could not receive data: 9
[ 28631][E][WiFiUdp.cpp:221] parsePacket(): could not receive data: 9
[ 28636][E][WiFiUdp.cpp:221] parsePacket(): could not receive data: 9
[ 28641][E][WiFiUdp.cpp:221] parsePacket(): could not receive data: 9
[ 28646][E][WiFiUdp.cpp:221] parsePacket(): could not receive data: 9
[ 28651][E][WiFiUdp.cpp:221] parsePacket(): could not receive data: 9
[ 28656][E][WiFiUdp.cpp:221] parsePacket(): could not receive data: 9
[ 28661][E][WiFiUdp.cpp:221] parsePacket(): could not receive data: 9
[ 28666][E][WiFiUdp.cpp:221] parsePacket(): could not receive data: 9
[ 28671][E][WiFiUdp.cpp:221] parsePacket(): could not receive data: 9
[ 28676][E][WiFiUdp.cpp:221] parsePacket(): could not receive data: 9
[ 28681][E][WiFiUdp.cpp:221] parsePacket(): could not receive data: 9
[ 28686][E][WiFiUdp.cpp:221] parsePacket(): could not receive data: 9
[ 28691][E][WiFiUdp.cpp:221] parsePacket(): could not receive data: 9
[ 28696][E][WiFiUdp.cpp:221] parsePacket(): could not receive data: 9
[ 28701][E][WiFiUdp.cpp:221] parsePacket(): could not receive data: 9
[ 28706][E][WiFiUdp.cpp:221] parsePacket(): could not receive data: 9
[ 28711][E][WiFiUdp.cpp:221] parsePacket(): could not receive data: 9
[ 28716][E][WiFiUdp.cpp:221] parsePacket(): could not receive data: 9
[ 28721][E][WiFiUdp.cpp:221] parsePacket(): could not receive data: 9
[ 28726][E][WiFiUdp.cpp:221] parsePacket(): could not receive data: 9
[ 28731][E][WiFiUdp.cpp:221] parsePacket(): could not receive data: 9
[ 28736][E][WiFiUdp.cpp:221] parsePacket(): could not receive data: 9
[ 28741][E][WiFiUdp.cpp:221] parsePacket(): could not receive data: 9
[ 28746][E][WiFiUdp.cpp:221] parsePacket(): could not receive data: 9
[ 28751][E][WiFiUdp.cpp:221] parsePacket(): could not receive data: 9
[ 28756][E][WiFiUdp.cpp:221] parsePacket(): could not receive data: 9
[ 28761][E][WiFiUdp.cpp:221] parsePacket(): could not receive data: 9
[ 28766][E][WiFiUdp.cpp:221] parsePacket(): could not receive data: 9
[ 28771][E][WiFiUdp.cpp:221] parsePacket(): could not receive data: 9
[ 28776][E][WiFiUdp.cpp:221] parsePacket(): could not receive data: 9
[ 28781][E][WiFiUdp.cpp:221] parsePacket(): could not receive data: 9
[ 28786][E][WiFiUdp.cpp:221] parsePacket(): could not receive data: 9
[ 28791][E][WiFiUdp.cpp:221] parsePacket(): could not receive data: 9
[ 28796][E][WiFiUdp.cpp:221] parsePacket(): could not receive data: 9
[ 28801][E][WiFiUdp.cpp:221] parsePacket(): could not receive data: 9
[ 28806][E][WiFiUdp.cpp:221] parsePacket(): could not receive data: 9
[ 28811][E][WiFiUdp.cpp:221] parsePacket(): could not receive data: 9
[ 28816][E][WiFiUdp.cpp:221] parsePacket(): could not receive data: 9
[ 28821][E][WiFiUdp.cpp:221] parsePacket(): could not receive data: 9
[ 28826][E][WiFiUdp.cpp:221] parsePacket(): could not receive data: 9
[ 28831][E][WiFiUdp.cpp:221] parsePacket(): could not receive data: 9
[ 28836][E][WiFiUdp.cpp:221] parsePacket(): could not receive data: 9
[ 28841][E][WiFiUdp.cpp:221] parsePacket(): could not receive data: 9
[ 28846][E][WiFiUdp.cpp:221] parsePacket(): could not receive data: 9
[ 28851][E][WiFiUdp.cpp:221] parsePacket(): could not receive data: 9
[ 28856][E][WiFiUdp.cpp:221] parsePacket(): could not receive data: 9
[ 28861][E][WiFiUdp.cpp:221] parsePacket(): could not receive data: 9
[ 28866][E][WiFiUdp.cpp:221] parsePacket(): could not receive data: 9
[ 28871][E][WiFiUdp.cpp:221] parsePacket(): could not receive data: 9
[ 28876][E][WiFiUdp.cpp:221] parsePacket(): could not receive data: 9
[ 28881][E][WiFiUdp.cpp:221] parsePacket(): could not receive data: 9
[ 28886][E][WiFiUdp.cpp:221] parsePacket(): could not receive data: 9
[ 28891][E][WiFiUdp.cpp:221] parsePacket(): could not receive data: 9
[ 28896][E][WiFiUdp.cpp:221] parsePacket(): could not receive data: 9
[ 28901][E][WiFiUdp.cpp:221] parsePacket(): could not receive data: 9
[ 28906][E][WiFiUdp.cpp:221] parsePacket(): could not receive data: 9
[ 28911][E][WiFiUdp.cpp:221] parsePacket(): could not receive data: 9
[ 28916][E][WiFiUdp.cpp:221] parsePacket(): could not receive data: 9
[ 28921][E][WiFiUdp.cpp:221] parsePacket(): could not receive data: 9
[ 28926][E][WiFiUdp.cpp:221] parsePacket(): could not receive data: 9
[ 28931][E][WiFiUdp.cpp:221] parsePacket(): could not receive data: 9
[ 28937][E][WiFiUdp.cpp:221] parsePacket(): could not receive data: 9
[ 28942][E][WiFiUdp.cpp:221] parsePacket(): could not receive data: 9
[ 28947][E][WiFiUdp.cpp:221] parsePacket(): could not receive data: 9
[ 28952][E][WiFiUdp.cpp:221] parsePacket(): could not receive data: 9
[ 28957][E][WiFiUdp.cpp:221] parsePacket(): could not receive data: 9
[ 28962][E][WiFiUdp.cpp:221] parsePacket(): could not receive data: 9
[ 28967][E][WiFiUdp.cpp:221] parsePacket(): could not receive data: 9
[ 28972][E][WiFiUdp.cpp:221] parsePacket(): could not receive data: 9
[ 28978][E][WiFiUdp.cpp:221] parsePacket(): could not receive data: 9
[ 28983][E][WiFiUdp.cpp:221] parsePacket(): could not receive data: 9
[ 28988][E][WiFiUdp.cpp:221] parsePacket(): could not receive data: 9
[ 28993][E][WiFiUdp.cpp:221] parsePacket(): could not receive data: 9
[ 28998][E][WiFiUdp.cpp:221] parsePacket(): could not receive data: 9
[ 29003][E][WiFiUdp.cpp:221] parsePacket(): could not receive data: 9
[ 29008][E][WiFiUdp.cpp:221] parsePacket(): could not receive data: 9
[ 29013][E][WiFiUdp.cpp:221] parsePacket(): could not receive data: 9
[ 29018][E][WiFiUdp.cpp:221] parsePacket(): could not receive data: 9
[ 29023][E][WiFiUdp.cpp:221] parsePacket(): could not receive data: 9
[ 29028][E][WiFiUdp.cpp:221] parsePacket(): could not receive data: 9
[ 29033][E][WiFiUdp.cpp:221] parsePacket(): could not receive data: 9
[ 29038][E][WiFiUdp.cpp:221] parsePacket(): could not receive data: 9
[ 29043][E][WiFiUdp.cpp:221] parsePacket(): could not receive data: 9
[ 29049][E][WiFiUdp.cpp:221] parsePacket(): could not receive data: 9
[ 29055][E][WiFiUdp.cpp:221] parsePacket(): could not receive data: 9
[ 29061][E][WiFiUdp.cpp:221] parsePacket(): could not receive data: 9
[ 29067][E][WiFiUdp.cpp:221] parsePacket(): could not receive data: 9
[ 29073][E][WiFiUdp.cpp:221] parsePacket(): could not receive data: 9
[ 29079][E][WiFiUdp.cpp:221] parsePacket(): could not receive data: 9
[ 29085][E][WiFiUdp.cpp:221] parsePacket(): could not receive data: 9
[ 29091][E][WiFiUdp.cpp:221] parsePacket(): could not receive data: 9
[ 29097][E][WiFiUdp.cpp:221] parsePacket(): could not receive data: 9
[ 29103][E][WiFiUdp.cpp:221] parsePacket(): could not receive data: 9
[ 29109][E][WiFiUdp.cpp:221] parsePacket(): could not receive data: 9
[ 29115][E][WiFiUdp.cpp:221] parsePacket(): could not receive data: 9
[ 29123][E][WiFiUdp.cpp:221] parsePacket(): could not receive data: 9
[ 29128][E][WiFiUdp.cpp:221] parsePacket(): could not receive data: 9
[ 29133][E][WiFiUdp.cpp:221] parsePacket(): could not receive data: 9
[ 29138][E][WiFiUdp.cpp:221] parsePacket(): could not receive data: 9
[ 29143][E][WiFiUdp.cpp:221] parsePacket(): could not receive data: 9
[ 29148][E][WiFiUdp.cpp:221] parsePacket(): could not receive data: 9
[ 29153][E][WiFiUdp.cpp:221] parsePacket(): could not receive data: 9
[ 29158][E][WiFiUdp.cpp:221] parsePacket(): could not receive data: 9
[ 29163][E][WiFiUdp.cpp:221] parsePacket(): could not receive data: 9
[ 29168][E][WiFiUdp.cpp:221] parsePacket(): could not receive data: 9
[ 29173][E][WiFiUdp.cpp:221] parsePacket(): could not receive data: 9
[ 29178][E][WiFiUdp.cpp:221] parsePacket(): could not receive data: 9
[ 29183][E][WiFiUdp.cpp:221] parsePacket(): could not receive data: 9
[ 29188][E][WiFiUdp.cpp:221] parsePacket(): could not receive data: 9
[ 29193][E][WiFiUdp.cpp:221] parsePacket(): could not receive data: 9
[ 29198][E][WiFiUdp.cpp:221] parsePacket(): could not receive data: 9
[ 29203][E][WiFiUdp.cpp:221] parsePacket(): could not receive data: 9
[ 29208][E][WiFiUdp.cpp:221] parsePacket(): could not receive data: 9
[ 29213][E][WiFiUdp.cpp:221] parsePacket(): could not receive data: 9
[ 29218][E][WiFiUdp.cpp:221] parsePacket(): could not receive data: 9
[ 29224][E][WiFiUdp.cpp:221] parsePacket(): could not receive data: 9
[ 29229][E][WiFiUdp.cpp:221] parsePacket(): could not receive data: 9
[ 29234][E][WiFiUdp.cpp:221] parsePacket(): could not receive data: 9
[ 29239][E][WiFiUdp.cpp:221] parsePacket(): could not receive data: 9
[ 29244][E][WiFiUdp.cpp:221] parsePacket(): could not receive data: 9
[ 29249][E][WiFiUdp.cpp:221] parsePacket(): could not receive data: 9
[ 29254][E][WiFiUdp.cpp:221] parsePacket(): could not receive data: 9
[ 29259][E][WiFiUdp.cpp:221] parsePacket(): could not receive data: 9
[ 29264][E][WiFiUdp.cpp:221] parsePacket(): could not receive data: 9
[ 29269][E][WiFiUdp.cpp:221] parsePacket(): could not receive data: 9
[ 29274][E][WiFiUdp.cpp:221] parsePacket(): could not receive data: 9
[ 29279][E][WiFiUdp.cpp:221] parsePacket(): could not receive data: 9
[ 29284][E][WiFiUdp.cpp:221] parsePacket(): could not receive data: 9
[ 29289][E][WiFiUdp.cpp:221] parsePacket(): could not receive data: 9
[ 29294][E][WiFiUdp.cpp:221] parsePacket(): could not receive data: 9
[ 29299][E][WiFiUdp.cpp:221] parsePacket(): could not receive data: 9
[ 29304][E][WiFiUdp.cpp:221] parsePacket(): could not receive data: 9
[ 29309][E][WiFiUdp.cpp:221] parsePacket(): could not receive data: 9
[ 29314][E][WiFiUdp.cpp:221] parsePacket(): could not receive data: 9
[ 29319][E][WiFiUdp.cpp:221] parsePacket(): could not receive data: 9
[ 29324][E][WiFiUdp.cpp:221] parsePacket(): could not receive data: 9
[ 29329][E][WiFiUdp.cpp:221] parsePacket(): could not receive data: 9
[ 29334][E][WiFiUdp.cpp:221] parsePacket(): could not receive data: 9
[ 29339][E][WiFiUdp.cpp:221] parsePacket(): could not receive data: 9
[ 29344][E][WiFiUdp.cpp:221] parsePacket(): could not receive data: 9
[ 29349][E][WiFiUdp.cpp:221] parsePacket(): could not receive data: 9
[ 29354][E][WiFiUdp.cpp:221] parsePacket(): could not receive data: 9
[ 29359][E][WiFiUdp.cpp:221] parsePacket(): could not receive data: 9
[ 29364][E][WiFiUdp.cpp:221] parsePacket(): could not receive data: 9
[ 29369][E][WiFiUdp.cpp:221] parsePacket(): could not receive data: 9
[ 29374][E][WiFiUdp.cpp:221] parsePacket(): could not receive data: 9
[ 29379][E][WiFiUdp.cpp:221] parsePacket(): could not receive data: 9
[ 29384][E][WiFiUdp.cpp:221] parsePacket(): could not receive data: 9
[ 29389][E][WiFiUdp.cpp:221] parsePacket(): could not receive data: 9
[ 29394][E][WiFiUdp.cpp:221] parsePacket(): could not receive data: 9
[ 29399][E][WiFiUdp.cpp:221] parsePacket(): could not receive data: 9
[ 29404][E][WiFiUdp.cpp:221] parsePacket(): could not receive data: 9
[ 29409][E][WiFiUdp.cpp:221] parsePacket(): could not receive data: 9
[ 29414][E][WiFiUdp.cpp:221] parsePacket(): could not receive data: 9
[CON ]...Client disconnected. free heap=108656
[ 29420][E][WiFiUdp.cpp:221] parsePacket(): could not receive data: 9
[CON ]...accept() fd=50 free=108692
[CON ]...Client authenticated on port 2323. free heap=105060
-[ 29425][E][WiFiUdp.cpp:221] parsePacket(): could not receive data: 9
-[ 29430][E][WiFiUdp.cpp:221] parsePacket(): could not receive data: 9
i[ 29435][E][WiFiUdp.cpp:221] parsePacket(): could not receive data: 9
n[ 29440][E][WiFiUdp.cpp:221] parsePacket(): could not receive data: 9
f[ 29445][E][WiFiUdp.cpp:221] parsePacket(): could not receive data: 9
o[ 29450][E][WiFiUdp.cpp:221] parsePacket(): could not receive data: 9
[ 29455][E][WiFiUdp.cpp:221] parsePacket(): could not receive data: 9

--MeshCom 4.35t (build: Sep 26 2026 / 22:37:30)
...UPDATE: 
...Call: <XX0XXX-00> ...ID 00000000 ...NODE 39 <EBYTE_E22> ...UTC-OFF 3.500000 [CPU]
...BATT 4.10 V ...BATT 85 % ...MAXV 4.200 V
...TIME 29460 ms
...Flash-Version 20260724
...NOMSGALL off ...MESH off ...BUTTON (12) off ...SOFTSER off ... SOFTSERREAD off
...PASSWD <>
...DEBUG man ...DEBUG en
...DEBUG off ...LORADEBUG off ...GPSDEBUG off/0 ...SOFTSERDEBUG off
...WXDEBUG off ...BLEDEBUG off
...DisplayInfo off ...DisplayCont off ...DisplyLog off ...contrast 255 ...ackinfo off
...EXTUDP off ...EXT IP none ...NOPMOTHER off
...BTCODE 000000
...APRSMC: APRSMC
...ATXT: 
...NAME: 
...BLE : short
...DISPLAY on
...CTRY EU8
...FREQ 433.1750 MHz TXPWR 17 dBm RXBOOST off
...MAXHOP text 4 / pos 2

...Webserver  on / Webpwd <> / Gateway off 
...NETConsole on (port 2323)
...KISS/TCP   off / TX off / RxMeta off / Auth off
...WIFI-AP    off
...SSID <none> / PASSWORD <***>
...NETWORK Mode:WiFi
...hasIpAddress: yes
...IP address   : 10.0.2.15
...SUBNET-MASK  : 255.255.255.0
...GW address   : 10.0.2.5
...DNS address  : 
...UDP-HBeat : 29464
[ 29464][E][WiFiUdp.cpp:221] parsePacket(): could not receive data: 9
[CON ]...Client disconnected. free heap=110732
[ 29469][E][WiFiUdp.cpp:221] parsePacket(): could not receive data: 9
[ 29474][E][WiFiUdp.cpp:221] parsePacket(): could not receive data: 9
[ 29479][E][WiFiUdp.cpp:221] parsePacket(): could not receive data: 9
[ 29484][E][WiFiUdp.cpp:221] parsePacket(): could not receive data: 9
[ 29489][E][WiFiUdp.cpp:221] parsePacket(): could not receive data: 9
[ 29494][E][WiFiUdp.cpp:221] parsePacket(): could not receive data: 9
[ 29499][E][WiFiUdp.cpp:221] parsePacket(): could not receive data: 9
[ 29504][E][WiFiUdp.cpp:221] parsePacket(): could not receive data: 9
[ 29509][E][WiFiUdp.cpp:221] parsePacket(): could not receive data: 9
[ 29514][E][WiFiUdp.cpp:221] parsePacket(): could not receive data: 9
[ 29519][E][WiFiUdp.cpp:221] parsePacket(): could not receive data: 9
[ 29524][E][WiFiUdp.cpp:221] parsePacket(): could not receive data: 9
[ 29529][E][WiFiUdp.cpp:221] parsePacket(): could not receive data: 9
[ 29534][E][WiFiUdp.cpp:221] parsePacket(): could not receive data: 9
[ 29539][E][WiFiUdp.cpp:221] parsePacket(): could not receive data: 9
[ 29544][E][WiFiUdp.cpp:221] parsePacket(): could not receive data: 9
[ 29549][E][WiFiUdp.cpp:221] parsePacket(): could not receive data: 9
[ 29554][E][WiFiUdp.cpp:221] parsePacket(): could not receive data: 9
[ 29559][E][WiFiUdp.cpp:221] parsePacket(): could not receive data: 9
[ 29564][E][WiFiUdp.cpp:221] parsePacket(): could not receive data: 9
[ 29569][E][WiFiUdp.cpp:221] parsePacket(): could not receive data: 9
[ 29574][E][WiFiUdp.cpp:221] parsePacket(): could not receive data: 9
[ 29579][E][WiFiUdp.cpp:221] parsePacket(): could not receive data: 9
[ 29584][E][WiFiUdp.cpp:221] parsePacket(): could not receive data: 9
[ 29589][E][WiFiUdp.cpp:221] parsePacket(): could not receive data: 9
[ 29594][E][WiFiUdp.cpp:221] parsePacket(): could not receive data: 9
[ 29599][E][WiFiUdp.cpp:221] parsePacket(): could not receive data: 9
[ 29605][E][WiFiUdp.cpp:221] parsePacket(): could not receive data: 9
[ 29610][E][WiFiUdp.cpp:221] parsePacket(): could not receive data: 9
[ 29615][E][WiFiUdp.cpp:221] parsePacket(): could not receive data: 9
[ 29620][E][WiFiUdp.cpp:221] parsePacket(): could not receive data: 9
[ 29625][E][WiFiUdp.cpp:221] parsePacket(): could not receive data: 9
[ 29630][E][WiFiUdp.cpp:221] parsePacket(): could not receive data: 9
[ 29635][E][WiFiUdp.cpp:221] parsePacket(): could not receive data: 9
[ 29640][E][WiFiUdp.cpp:221] parsePacket(): could not receive data: 9
[ 29645][E][WiFiUdp.cpp:221] parsePacket(): could not receive data: 9
[ 29650][E][WiFiUdp.cpp:221] parsePacket(): could not receive data: 9
[ 29655][E][WiFiUdp.cpp:221] parsePacket(): could not receive data: 9
[ 29660][E][WiFiUdp.cpp:221] parsePacket(): could not receive data: 9
[ 29665][E][WiFiUdp.cpp:221] parsePacket(): could not receive data: 9
[ 29670][E][WiFiUdp.cpp:221] parsePacket(): could not receive data: 9
[ 29675][E][WiFiUdp.cpp:221] parsePacket(): could not receive data: 9
[ 29680][E][WiFiUdp.cpp:221] parsePacket(): could not receive data: 9
[ 29685][E][WiFiUdp.cpp:221] parsePacket(): could not receive data: 9
[ 29690][E][WiFiUdp.cpp:221] parsePacket(): could not receive data: 9
[ 29695][E][WiFiUdp.cpp:221] parsePacket(): could not receive data: 9
[ 29700][E][WiFiUdp.cpp:221] parsePacket(): could not receive data: 9
[ 29705][E][WiFiUdp.cpp:221] parsePacket(): could not receive data: 9
[ 29710][E][WiFiUdp.cpp:221] parsePacket(): could not receive data: 9
[ 29715][E][WiFiUdp.cpp:221] parsePacket(): could not receive data: 9
[ 29720][E][WiFiUdp.cpp:221] parsePacket(): could not receive data: 9
[ 29725][E][WiFiUdp.cpp:221] parsePacket(): could not receive data: 9
[ 29730][E][WiFiUdp.cpp:221] parsePacket(): could not receive data: 9
[ 29735][E][WiFiUdp.cpp:221] parsePacket(): could not receive data: 9
[ 29740][E][WiFiUdp.cpp:221] parsePacket(): could not receive data: 9
[ 29745][E][WiFiUdp.cpp:221] parsePacket(): could not receive data: 9
[ 29750][E][WiFiUdp.cpp:221] parsePacket(): could not receive data: 9
[ 29755][E][WiFiUdp.cpp:221] parsePacket(): could not receive data: 9
[ 29760][E][WiFiUdp.cpp:221] parsePacket(): could not receive data: 9
[ 29765][E][WiFiUdp.cpp:221] parsePacket(): could not receive data: 9
[ 29770][E][WiFiUdp.cpp:221] parsePacket(): could not receive data: 9
[ 29775][E][WiFiUdp.cpp:221] parsePacket(): could not receive data: 9
[ 29780][E][WiFiUdp.cpp:221] parsePacket(): could not receive data: 9
[ 29785][E][WiFiUdp.cpp:221] parsePacket(): could not receive data: 9
[ 29790][E][WiFiUdp.cpp:221] parsePacket(): could not receive data: 9
[ 29795][E][WiFiUdp.cpp:221] parsePacket(): could not receive data: 9
[ 29800][E][WiFiUdp.cpp:221] parsePacket(): could not receive data: 9
[ 29805][E][WiFiUdp.cpp:221] parsePacket(): could not receive data: 9
[ 29810][E][WiFiUdp.cpp:221] parsePacket(): could not receive data: 9
[ 29815][E][WiFiUdp.cpp:221] parsePacket(): could not receive data: 9
[ 29820][E][WiFiUdp.cpp:221] parsePacket(): could not receive data: 9
[ 29825][E][WiFiUdp.cpp:221] parsePacket(): could not receive data: 9
[ 29830][E][WiFiUdp.cpp:221] parsePacket(): could not receive data: 9
[ 29835][E][WiFiUdp.cpp:221] parsePacket(): could not receive data: 9
[ 29840][E][WiFiUdp.cpp:221] parsePacket(): could not receive data: 9
[ 29845][E][WiFiUdp.cpp:221] parsePacket(): could not receive data: 9
[ 29850][E][WiFiUdp.cpp:221] parsePacket(): could not receive data: 9
[ 29855][E][WiFiUdp.cpp:221] parsePacket(): could not receive data: 9
[ 29860][E][WiFiUdp.cpp:221] parsePacket(): could not receive data: 9
[ 29865][E][WiFiUdp.cpp:221] parsePacket(): could not receive data: 9
[ 29870][E][WiFiUdp.cpp:221] parsePacket(): could not receive data: 9
[ 29875][E][WiFiUdp.cpp:221] parsePacket(): could not receive data: 9
[ 29880][E][WiFiUdp.cpp:221] parsePacket(): could not receive data: 9
[ 29885][E][WiFiUdp.cpp:221] parsePacket(): could not receive data: 9
[ 29890][E][WiFiUdp.cpp:221] parsePacket(): could not receive data: 9
[ 29895][E][WiFiUdp.cpp:221] parsePacket(): could not receive data: 9
[ 29900][E][WiFiUdp.cpp:221] parsePacket(): could not receive data: 9
[ 29905][E][WiFiUdp.cpp:221] parsePacket(): could not receive data: 9
[ 29910][E][WiFiUdp.cpp:221] parsePacket(): could not receive data: 9
[ 29915][E][WiFiUdp.cpp:221] parsePacket(): could not receive data: 9
[ 29920][E][WiFiUdp.cpp:221] parsePacket(): could not receive data: 9
[ 29925][E][WiFiUdp.cpp:221] parsePacket(): could not receive data: 9
[ 29930][E][WiFiUdp.cpp:221] parsePacket(): could not receive data: 9
[ 29935][E][WiFiUdp.cpp:221] parsePacket(): could not receive data: 9
[ 29940][E][WiFiUdp.cpp:221] parsePacket(): could not receive data: 9
[ 29945][E][WiFiUdp.cpp:221] parsePacket(): could not receive data: 9
[ 29950][E][WiFiUdp.cpp:221] parsePacket(): could not receive data: 9
[ 29955][E][WiFiUdp.cpp:221] parsePacket(): could not receive data: 9
[ 29960][E][WiFiUdp.cpp:221] parsePacket(): could not receive data: 9
[ 29965][E][WiFiUdp.cpp:221] parsePacket(): could not receive data: 9
[ 29970][E][WiFiUdp.cpp:221] parsePacket(): could not receive data: 9
[ 29975][E][WiFiUdp.cpp:221] parsePacket(): could not receive data: 9
[ 29980][E][WiFiUdp.cpp:221] parsePacket(): could not receive data: 9
[ 29985][E][WiFiUdp.cpp:221] parsePacket(): could not receive data: 9
[ 29990][E][WiFiUdp.cpp:221] parsePacket(): could not receive data: 9
[ 29995][E][WiFiUdp.cpp:221] parsePacket(): could not receive data: 9
